Company,Ticker,Estado,Ticker_datos,Nombre_hoy,Similitud_nombre,Anios,Peso_max,En_top100
Covidien PLC,MDT,REVISAR,,,0.12,"2011, 2012, 2013, 2014",0.223,False
"Medco Health Solutions, Inc.",CI,REVISAR,,,0.16,"2010, 2011",0.218,False
"Kraft Foods Group, Inc.",KHC,REVISAR,,,0.55,"2013, 2014",0.208,False
"Avago Technologies, Ltd.",AVGO,REVISAR,,,0.16,"2014, 2015",0.191,False
Pioneer Natural Resources Co.,XOM,REVISAR,,,0.18,"2010, 2011, 2012, 2013, 2014, 2015, 2016, 2017, 2018, 2019, 2020, 2021, 2022, 2023",0.175,False
Discover Financial Services,COF,REVISAR,,,0.55,"2010, 2011, 2012, 2013, 2014, 2015, 2016, 2017, 2018, 2019, 2020, 2021, 2022, 2023, 2024",0.17,False
"Actavis, Inc.",ABBV,REVISAR,,,0.46,2013,0.167,False
Hess Corp.,CVX,REVISAR,,,0.36,"2010, 2011, 2012, 2013, 2014, 2015, 2016, 2017, 2018, 2019, 2020, 2021, 2022, 2023, 2024",0.167,False
"Noble Energy, Inc.",CVX,REVISAR,,,0.11,"2010, 2011, 2012, 2013, 2014, 2015, 2016, 2017, 2018, 2019, 2020",0.16,False
LyondellBasell Industries NVClass A,LYB,REVISAR,,,0.73,2016,0.147,False
"Progress Energy, Inc.",D,REVISAR,,,0.53,"2010, 2011",0.147,False
Goodrich Corp.,RTX,REVISAR,,,0.18,"2010, 2011",0.146,False
"Whole Foods Market, Inc.",AMZN,REVISAR,,,0.18,"2010, 2011, 2012, 2013, 2014, 2015, 2016",0.146,False
"Discovery Communications, Inc. (Class A)",WBD,REVISAR,,,0.43,"2010, 2011, 2012, 2013, 2015",0.13,False
"PPoG Industries, Inc.",EOG,REVISAR,,,0.43,2017,0.129,False
Delphi Automotive PLC,APTV,REVISAR,,,0.38,"2013, 2014, 2015, 2016, 2017",0.128,False
"IHS Markit, Ltd.",SPGI,REVISAR,,,0.3,"2017, 2018, 2019, 2020, 2021",0.127,False
"Concho Resources, Inc.",COP,REVISAR,,,0.41,"2016, 2017, 2018, 2019, 2020",0.124,False
"St. Jude Medical, Inc.",ABT,REVISAR,,,0.18,"2010, 2011, 2012, 2013, 2014, 2015, 2016",0.124,False
"United Continental Holdings, Inc.",UAL,REVISAR,,,0.61,"2015, 2016, 2017, 2018, 2019, 2020",0.119,False
"Boston Properties, Inc. REIT",BXP,REVISAR,,,0.17,"2016, 2017, 2018, 2019, 2020, 2021, 2022, 2023",0.111,False
"C.R. Bard, Inc.",BDX,REVISAR,,,0.2,"2010, 2011, 2012, 2013, 2014, 2015, 2016, 2017",0.108,False
Cerner Corp.,ORCL,REVISAR,,,0.33,"2010, 2011, 2012, 2013, 2014, 2015, 2016, 2017, 2018, 2019, 2020, 2021",0.108,False
Cameron International Corp.,SLB,REVISAR,,,0.09,"2010, 2011, 2012, 2013, 2014, 2015",0.107,False
"Xilinx, Inc.",AMD,REVISAR,,,0.15,"2010, 2011, 2012, 2013, 2014, 2015, 2016, 2017, 2018, 2019, 2020, 2021",0.102,False
"ANSYS, Inc.",SNPS,REVISAR,,,0.62,"2017, 2018, 2019, 2020, 2021, 2022, 2023, 2024",0.1,False
Mylan NV,VTRS,REVISAR,,,0.17,"2015, 2016, 2017, 2018, 2019, 2020",0.098,False
"Red Hat, Inc.",IBM,REVISAR,,,0.21,"2010, 2011, 2012, 2013, 2014, 2015, 2016, 2017, 2018",0.098,False
"Rockwell Collins, Inc.",RTX,REVISAR,,,0.11,"2010, 2011, 2012, 2013, 2014, 2015, 2016, 2017, 2018",0.098,False
"Mylan, Inc.",VTRS,REVISAR,,,0.17,"2010, 2011, 2012, 2013, 2014",0.097,False
"Starwood Hotels & Resorts Worldwide, Inc.",MAR,REVISAR,,,0.24,"2010, 2011, 2012, 2013, 2014, 2015",0.096,False
"Expeditors International of Washington, Inc.",EXPD,REVISAR,,,0.69,"2010, 2011, 2012, 2013, 2014, 2015, 2016, 2017, 2018, 2019, 2020, 2021, 2022, 2023, 2024, 2025",0.095,False
"Motorola Mobility Holdings, Inc.",GOOGL,REVISAR,,,0.08,2011,0.095,False
Northeast Utilities,ES,REVISAR,,,0.12,"2010, 2011, 2012, 2013, 2014",0.093,False
"Roper Industries, Inc.",ROP,REVISAR,,,0.59,"2010, 2011, 2012, 2013, 2014, 2015",0.093,False
Sara Lee Corp.,TSN,REVISAR,,,0.21,"2010, 2011",0.093,False
"Hospira, Inc.",PFE,REVISAR,,,0.46,"2010, 2011, 2012, 2013, 2014",0.091,False
"Keurig Green Mountain, Inc.",KDP,REVISAR,,,0.55,"2014, 2015",0.091,False
"Twenty-First Century Fox, Inc. Class B",DIS,REVISAR,,,0.29,"2016, 2017, 2018",0.091,False
"Dr. Pepper Snapple Group, Inc.",KDP,REVISAR,,,0.55,"2010, 2011, 2012, 2013, 2014, 2015, 2016, 2017",0.09,False
Andeavor,MPC,REVISAR,,,0.32,"2017, 2018",0.087,False
Life Technologies Corp.,TMO,REVISAR,,,0.16,"2010, 2011, 2012, 2013",0.086,False
"Michael Kors Holdings, Ltd.",TPR,REVISAR,,,0.32,"2014, 2015, 2016, 2017, 2018",0.083,False
Tyco International PLC,JCI,REVISAR,,,0.61,2015,0.083,False
"ABIOMED, Inc.",JNJ,REVISAR,,,0.1,"2018, 2019, 2020, 2021, 2022",0.082,False
Harris Corp.,LHX,REVISAR,,,0.46,"2010, 2011, 2012, 2013, 2014, 2015, 2016, 2017, 2018",0.081,False
"Ulta Salon Cosmetics &Fragrance, Inc.",ULTA,REVISAR,,,0.34,2016,0.079,False
Linear Technology Corp.,ADI,REVISAR,,,0.34,"2010, 2011, 2012, 2013, 2014, 2015, 2016",0.075,False
NYSE Euronext,ICE,REVISAR,,,0.37,"2010, 2012, 2013",0.072,False
Noble Corp.,CVX,REVISAR,,,0.17,"2011, 2012, 2013",0.072,False
"Beam, Inc.",STZ,REVISAR,,,0.17,"2012, 2013",0.071,False
"Twenty-First Century Fox, Inc. (Class B)",DIS,REVISAR,,,0.29,2015,0.071,False
Wisconsin Energy Corp.,WEC,REVISAR,,,0.69,"2010, 2011, 2012, 2013, 2014",0.071,False
"Stericycle, Inc.",WM,REVISAR,,,0.32,"2010, 2011, 2012, 2013, 2014, 2015, 2016, 2017, 2018",0.069,False
"Quintiles IMS Holdings, Inc.",IQV,REVISAR,,,0.24,2017,0.067,False
"Total System Services, Inc.",GPN,REVISAR,,,0.28,"2010, 2011, 2012, 2013, 2014, 2015, 2016, 2017, 2018",0.067,False
"Maxim Integrated Products, Inc.",ADI,REVISAR,,,0.22,"2019, 2020",0.066,False
"Ulta Salon Cosmetics & Fragrance, Inc.",ULTA,REVISAR,,,0.34,"2017, 2018, 2019",0.066,False
Westinghouse Air Brake Technologies Corp.,WAB,REVISAR,,,0.32,"2020, 2021, 2022, 2023, 2024, 2025",0.065,False
"WellCare Health Plans, Inc.",CNC,REVISAR,,,0.23,"2018, 2019",0.064,False
"Hudson City Bancorp, Inc.",MTB,REVISAR,,,0.44,"2010, 2011, 2012, 2013, 2014, 2015",0.063,False
"Denbury Resources, Inc.",XOM,REVISAR,,,0.23,"2010, 2011, 2012, 2013, 2014",0.061,False
Duke Realty Corp. REIT,PLD,REVISAR,,,0.27,"2017, 2018, 2019, 2020, 2021, 2022",0.06,False
NYSE Euronext(c),ICE,REVISAR,,,0.37,2011,0.059,False
"Discovery Communications, Inc.(Class C)",WBD,REVISAR,,,0.43,2014,0.058,False
Pall Corp.,DHR,REVISAR,,,0.18,"2010, 2011, 2012, 2013, 2014",0.057,False
Scripps Networks Interactive (Class A),WBD,REVISAR,,,0.22,"2010, 2011, 2012, 2013, 2014, 2015",0.057,False
ETRADE Financial Corp.,MS,REVISAR,,,0.36,"2010, 2011, 2012, 2013, 2014, 2015, 2016, 2017, 2018, 2019, 2020",0.056,False
"Plum Creek Timber Co., Inc.",WY,REVISAR,,,0.22,"2010, 2011, 2012, 2013, 2014, 2015",0.056,False
CareFusion Corp.,BDX,REVISAR,,,0.24,"2010, 2011, 2012, 2013, 2014",0.055,False
SCANA Corp.,D,REVISAR,,,0.11,"2010, 2011, 2012, 2013, 2014, 2015, 2016, 2017, 2018",0.055,False
"QEP Resources, Inc.",FANG,REVISAR,,,0.14,"2010, 2011, 2012, 2013, 2014",0.051,False
"Jacobs Engineering Group, Inc.",J,REVISAR,,,0.47,"2010, 2011, 2012, 2013, 2014, 2015, 2016, 2017, 2018, 2019, 2020, 2021",0.05,False
"People’s United Financial, Inc.",MTB,REVISAR,,,0.24,"2010, 2011, 2012, 2013, 2014, 2015, 2016, 2017, 2018, 2019, 2020",0.047,False
"JB Hunt Transport Services, Inc.",JBHT,REVISAR,,,0.78,"2015, 2016, 2017, 2018, 2019, 2020, 2021, 2022, 2023, 2024, 2025",0.045,False
"Legg Mason, Inc.",BEN,REVISAR,,,0.31,"2010, 2011, 2012, 2013, 2014, 2015, 2016",0.045,False
"NortonLifeLock, Inc.",GEN,REVISAR,,,0.25,"2020, 2021, 2022",0.044,False
"Discovery Communications, Inc. Class C",WBD,REVISAR,,,0.43,"2017, 2018",0.043,False
"AGL Resources, Inc.",SO,REVISAR,,,0.4,"2012, 2013, 2014, 2015",0.042,False
"Pepco Holdings, Inc.",EXC,REVISAR,,,0.36,"2010, 2011, 2012, 2013, 2014, 2015",0.041,False
AO Smith Corp.,AOS,REVISAR,,,0.77,"2017, 2018, 2019, 2020",0.04,False
"Pulte Group, Inc.",PHM,REVISAR,,,0.67,"2010, 2011, 2012, 2013, 2014, 2015",0.04,False
"Discovery Communications, Inc. (Class C)",WBD,REVISAR,,,0.43,2015,0.039,False
"FLIR Systems, Inc.",TDY,REVISAR,,,0.19,"2010, 2011, 2012, 2013, 2014, 2015, 2016, 2017, 2018, 2019, 2020",0.039,False
"Scripps Networks Interactive, Inc. Class A",WBD,REVISAR,,,0.22,"2016, 2017",0.037,False
"Discovery Communications, Inc.Class C",WBD,REVISAR,,,0.43,2016,0.033,False
"Discovery Communications, Inc.(Class A)",WBD,REVISAR,,,0.43,2014,0.032,False
Noble Corp. PLC,CVX,REVISAR,,,0.17,2014,0.032,False
Paramount Global Class B,PSKY,REVISAR,,,0.65,"2022, 2023, 2024",0.032,False
Massey Energy Co.,MET,REVISAR,,,0.32,2010,0.031,False
LSI Corp.,AVGO,REVISAR,,,0.0,"2010, 2011, 2012, 2013",0.03,False
"MetroPCS Communications, Inc.",TMUS,REVISAR,,,0.19,"2010, 2011, 2012",0.029,False
National Semiconductor Corp.,TXN,REVISAR,,,0.22,2010,0.029,False
"WPX Energy, Inc.",DVN,REVISAR,,,0.64,"2012, 2013",0.026,False
"CSRA, Inc.",GD,REVISAR,,,0.21,"2016, 2017",0.025,False
"King Pharmaceuticals, Inc.",PFE,REVISAR,,,0.16,2010,0.024,False
"Nicor, Inc.",SO,REVISAR,,,0.15,"2010, 2011",0.024,False
"Discovery Communications, Inc.Class A",WBD,REVISAR,,,0.43,2016,0.021,False
"People's United Financial, Inc.",MTB,REVISAR,,,0.24,2021,0.021,False
"Capri Holdings, Ltd.",TPR,REVISAR,,,0.46,2019,0.02,False
"Discovery Communications, Inc. Class A",WBD,REVISAR,,,0.43,"2017, 2018",0.02,False
"Dell Technologies, Inc. — VMware, Inc. Class V",AVGO,REVISAR,,,0.26,2016,0.0,False
Allergan PLC,ABBV,SIN_FUENTE,,,,"2015, 2016, 2017, 2018, 2019",0.633,True
Celgene Corp.,BMY,SIN_FUENTE,,,,"2010, 2011, 2012, 2013, 2014, 2015, 2016, 2017, 2018, 2019",0.528,True
"Twenty-First Century Fox, Inc. (Class A)",DIS,SIN_FUENTE,,,,"2013, 2014, 2015",0.446,True
EMC Corp.,DELL,SIN_FUENTE,,,,"2010, 2011, 2012, 2013, 2014, 2015",0.444,True
"Walgreens Boots Alliance, Inc.",WBA,SIN_FUENTE,,,,"2015, 2016, 2017, 2018, 2019, 2020, 2021, 2022, 2023, 2024",0.429,True
"Time Warner, Inc.",WBD,SIN_FUENTE,,,,"2010, 2011, 2012, 2013, 2014, 2015, 2016, 2017",0.405,True
Express Scripts Holding Co.,CI,SIN_FUENTE,,,,"2012, 2013, 2014, 2015, 2016, 2017, 2018",0.394,True
News Corp. (Class A),NWS,SIN_FUENTE,,,,"2010, 2011, 2012, 2013",0.388,True
Monsanto Co.,BAYRY,SIN_FUENTE,,,,"2010, 2011, 2012, 2013, 2014, 2015, 2016, 2017",0.377,True
Actavis PLC,ABBV,SIN_FUENTE,,,,2014,0.364,True
DIRECTV,T,SIN_FUENTE,,,,"2010, 2012, 2013, 2014",0.349,True
The Dow Chemical Co.,DOW,SIN_FUENTE,,,,"2010, 2011, 2012, 2013, 2014",0.336,True
Walgreen Co.,WBA,SIN_FUENTE,,,,"2010, 2011, 2012, 2013, 2014",0.317,True
Anadarko Petroleum Corp.,OXY,SIN_FUENTE,,,,"2010, 2011, 2012, 2013, 2014, 2015, 2016, 2017, 2018",0.311,True
Dow Chemical Co.,DOW,SIN_FUENTE,,,,"2015, 2016",0.309,True
"Allergan, Inc.",ABBV,SIN_FUENTE,,,,"2010, 2011, 2012, 2013, 2014",0.302,True
DIRECTV (Class A),T,SIN_FUENTE,,,,2011,0.302,True
"Time Warner Cable, Inc.",CHTR,SIN_FUENTE,,,,"2010, 2011, 2012, 2013, 2014, 2015",0.299,True
"Aetna, Inc.",CVS,SIN_FUENTE,,,,"2010, 2011, 2012, 2013, 2014, 2015, 2016, 2017, 2018",0.27,True
"Activision Blizzard, Inc.",MSFT,SIN_FUENTE,,,,"2015, 2016, 2017, 2018, 2019, 2020, 2021, 2022, 2023",0.258,True
"Express Scripts, Inc.",CI,SIN_FUENTE,,,,"2010, 2011",0.255,True
Raytheon Co.,RTX,SIN_FUENTE,,,,"2010, 2011, 2012, 2013, 2014, 2015, 2016, 2017, 2018, 2019",0.253,True
"Viacom, Inc. (Class B)",PSKY,SIN_FUENTE,,,,"2010, 2011, 2012, 2013, 2014, 2015",0.243,True
Marathon Oil Corp.,COP,SIN_FUENTE,,,,"2010, 2011, 2012, 2013, 2014, 2015, 2016, 2017, 2018, 2019, 2020, 2021, 2022, 2023, 2024",0.227,False
Precision Castparts Corp.,BRK.B,SIN_FUENTE,,,,"2010, 2011, 2012, 2013, 2014, 2015",0.222,False
"Dell, Inc.",DELL,SIN_FUENTE,,,,"2010, 2011, 2012, 2013",0.213,False
CBS Corp. (Class B),PSKY,SIN_FUENTE,,,,"2010, 2011, 2012, 2013, 2014, 2015",0.207,False
"Johnson Controls, Inc.",JCI,SIN_FUENTE,,,,"2010, 2011, 2012, 2013, 2014, 2015",0.199,False
"Twenty-First Century Fox, Inc. Class A",DIS,SIN_FUENTE,,,,"2016, 2017, 2018",0.198,False
Chubb Corp.,CB,SIN_FUENTE,,,,"2010, 2011, 2012, 2013, 2014, 2015",0.173,False
Broadcom Corp. (Class A),AVGO,SIN_FUENTE,,,,"2010, 2011, 2012, 2013, 2014, 2015",0.17,False
H.J. Heinz Co.,KHC,SIN_FUENTE,,,,"2010, 2011, 2012",0.157,False
"Juniper Networks, Inc.",HPE,SIN_FUENTE,,,,"2010, 2011, 2012, 2013, 2014, 2015, 2016, 2017, 2018, 2019, 2020, 2021, 2022, 2023, 2024",0.154,False
Sprint Nextel Corp.,TMUS,SIN_FUENTE,,,,"2010, 2011, 2012",0.134,False
"SunTrust Banks, Inc.",TFC,SIN_FUENTE,,,,"2010, 2011, 2012, 2013, 2014, 2015, 2016, 2017, 2018, 2019",0.133,False
El Paso Corp.,KMI,SIN_FUENTE,,,,"2010, 2011",0.13,False
SanDisk Corp.,WDC,SIN_FUENTE,,,,"2010, 2011, 2012, 2013, 2014, 2015",0.126,False
CBS Corp. Class B,PSKY,SIN_FUENTE,,,,"2016, 2017, 2018, 2019",0.121,False
"Forest Laboratories, Inc.",ABBV,SIN_FUENTE,,,,"2010, 2011, 2012, 2013",0.085,False
"L-3 CommunicationsHoldings, Inc.",LHX,SIN_FUENTE,,,,2010,0.081,False
"CA, Inc.",AVGO,SIN_FUENTE,,,,"2010, 2011, 2012, 2013, 2014, 2015, 2016, 2017, 2018",0.08,False
"Constellation Energy Group, Inc.",CEG,SIN_FUENTE,,,,"2010, 2011",0.074,False
Tesoro Corp.,MPC,SIN_FUENTE,,,,"2010, 2011, 2012, 2013, 2014, 2015, 2016",0.072,False
"Viacom, Inc. Class B",PSKY,SIN_FUENTE,,,,"2016, 2017, 2018, 2019",0.07,False
"L-3 Communications Holdings, Inc.",LHX,SIN_FUENTE,,,,"2011, 2012, 2013, 2014, 2015, 2016",0.064,False
"Apollo Group, Inc. (Class A)",APO,SIN_FUENTE,,,,"2010, 2011, 2012",0.062,False
"Family Dollar Stores, Inc.",DLTR,SIN_FUENTE,,,,"2010, 2011, 2012, 2013, 2014",0.06,False
"Coventry Health Care, Inc.",CVS,SIN_FUENTE,,,,"2010, 2011, 2012",0.043,False
"Integrys Energy Group, Inc.",WEC,SIN_FUENTE,,,,"2010, 2011, 2012, 2013, 2014",0.039,False
"Novellus Systems, Inc.",LRCX,SIN_FUENTE,,,,"2010, 2011",0.025,False
"Novell, Inc.",MFGP,SIN_FUENTE,,,,2010,0.02,False
QLogic Corp.,MRVL,SIN_FUENTE,,,,2010,0.019,False
"Alphabet, Inc. Class C",GOOG,DUPLICADA,,ALPHABET INC CL A,,"2016, 2017, 2020, 2021, 2022, 2023, 2024, 2025",2.057,False
"Alphabet, Inc. Class A",GOOG,DUPLICADA,,ALPHABET INC CL A,,"2018, 2019",1.481,False
"Alphabet, Inc. (Class C)",GOOG,DUPLICADA,,ALPHABET INC CL A,,2015,1.065,False
"Google, Inc. (Class C)",GOOGL,DUPLICADA,,ALPHABET INC CL A,,2014,0.936,False
Comcast Corp. (Special Class A),CMCSA,DUPLICADA,,COMCAST CORP CLASS A,0.9,2015,0.128,False
"Health Care REIT, Inc.",PEAK,DUPLICADA,,,,"2010, 2011, 2012, 2013",0.118,False
Southwestern Energy Co.,CHK,DUPLICADA,,,,"2010, 2011, 2013",0.112,False
"Qwest Communications International, Inc.",LUMN,DUPLICADA,,,,2010,0.106,False
"HCP, Inc.",PEAK,DUPLICADA,,,,2014,0.104,False
Frontier Communications Corp.,VZ,DUPLICADA,,VERIZON COMMUNICATIONS INC,0.8,"2010, 2011, 2012, 2013, 2014, 2015, 2016",0.078,False
Chesapeake Energy Corp.,CHK,DUPLICADA,,,,"2012, 2014, 2015, 2016",0.076,False
"Level 3 Communications, Inc.",LUMN,DUPLICADA,,,,"2015, 2016",0.076,False
FMC Corp.,FMC,DUPLICADA,,,,"2010, 2011, 2012, 2013, 2014, 2015, 2016",0.066,False
Cabot Oil & Gas Corp.,CTRA,DUPLICADA,,,,"2015, 2016",0.064,False
Cimarex Energy Co.,CTRA,DUPLICADA,,,,"2014, 2017, 2018, 2019",0.062,False
"Cephalon, Inc.",TEVA,DUPLICADA,,,,2011,0.061,False
"CenturyLink, Inc.",LUMN,DUPLICADA,,,,2017,0.048,False
"Watson Pharmaceuticals, Inc.",TEVA,DUPLICADA,,,,2010,0.044,False
"Allegheny Energy, Inc.",ATI,DUPLICADA,,,,2010,0.04,False
"Under Armour, Inc. Class C",UA,DUPLICADA,,,,"2016, 2017, 2018, 2019, 2020, 2021",0.033,False
Rowan Companies PLC (Class A),VAL,DUPLICADA,,,,"2012, 2013",0.032,False
Fox Corp. Class B,FOX,DUPLICADA,,FOX CORP   CLASS B,1.0,"2019, 2020, 2021, 2022, 2023, 2024, 2025",0.02,False
"Discovery, Inc. Class A",WBD,DUPLICADA,,WARNER BROS DISCOVERY INC,0.9,"2019, 2020, 2021",0.017,False
AK Steel Holding Corp.,CLF,DUPLICADA,,,,"2010, 2011",0.015,False
News Corp. (Class B),NWS,DUPLICADA,,NEWS CORP   CLASS B,1.0,2015,0.008,False
News Corp. Class B,NWS,DUPLICADA,,NEWS CORP   CLASS B,1.0,"2016, 2017, 2018, 2019, 2020, 2021, 2022, 2023, 2024, 2025",0.008,False
"Alphabet, Inc. Class A",GOOG,MANUAL,GOOGL,ALPHABET INC CL A,,"2016, 2017, 2020, 2021, 2022, 2023, 2024, 2025",2.48,True
"Facebook, Inc. Class A",META,MANUAL,META,META PLATFORMS INC CLASS A,,"2016, 2017, 2018, 2019, 2020, 2021",2.26,True
"Google, Inc. (Class A)",GOOGL,MANUAL,GOOGL,ALPHABET INC CL A,,"2010, 2011, 2012, 2013, 2014",1.638,True
TheCoca-ColaCo.,KO,MANUAL,KO,COCA COLA CO/THE,,"2010, 2011",1.506,True
"Alphabet, Inc. Class C",GOOG,MANUAL,GOOGL,ALPHABET INC CL A,,"2018, 2019",1.495,True
"Facebook, Inc. (Class A)",META,MANUAL,META,META PLATFORMS INC CLASS A,,"2014, 2015",1.203,True
The Coca-Cola Co.,KO,MANUAL,KO,COCA COLA CO/THE,,"2012, 2013, 2014",1.14,True
"Alphabet, Inc. (Class A)",GOOG,MANUAL,GOOGL,ALPHABET INC CL A,,2015,1.094,True
"Wal-Mart Stores, Inc.",WMT,MANUAL,WMT,WALMART INC,,"2010, 2011, 2012, 2013, 2014, 2015, 2016",1.034,True
Coca-Cola Co.,KO,MANUAL,KO,COCA COLA CO/THE,,"2015, 2016, 2017, 2018, 2019, 2020, 2021, 2022, 2023, 2024, 2025",0.927,True
Hewlett-Packard Co.,HPQ,MANUAL,HPQ,HP INC,,"2010, 2011, 2012, 2013, 2014, 2015",0.922,True
"Schlumberger, Ltd.",SLB,MANUAL,SLB,SLB LTD,,"2010, 2011, 2012, 2013, 2014, 2015, 2016, 2017, 2018, 2019",0.814,True
"DowDuPont, Inc.",DOW,MANUAL,DD,DUPONT DE NEMOURS INC,,"2017, 2018",0.749,True
United Technologies Corp.,UAL,MANUAL,RTX,RTX CORP,,"2010, 2011, 2012, 2013, 2014, 2015, 2016, 2017, 2018, 2019",0.64,True
"Kraft Foods, Inc. (Class A)",KHC,MANUAL,MDLZ,MONDELEZ INTERNATIONAL INC A,,"2010, 2011, 2012",0.576,True
"Wal-MartStores, Inc.",WMT,MANUAL,WMT,WALMART INC,,2017,0.53,True
CVS Caremark Corp.,CVS,MANUAL,CVS,CVS HEALTH CORP,,"2010, 2011, 2012, 2013",0.478,True
"Priceline Group, Inc.",BKNG,MANUAL,BKNG,BOOKING HOLDINGS INC,,"2016, 2017",0.417,True
Raytheon Technologies Corp.,RTX,MANUAL,RTX,RTX CORP,,"2020, 2021, 2022",0.401,True
"priceline.com, Inc.",BKNG,MANUAL,BKNG,BOOKING HOLDINGS INC,,"2010, 2011, 2012, 2013, 2014, 2015",0.371,True
Apache Corp.,APA,MANUAL,APA,APA CORP,,"2010, 2011, 2012, 2013, 2014, 2015, 2016, 2017, 2018, 2019, 2020",0.345,True
The Bank of New YorkMellon Corp.,BK,MANUAL,BNY,BANK OF NEW YORK MELLON CORP,,2010,0.307,True
"Anthem, Inc.",ELV,MANUAL,ELV,ELEVANCE HEALTH INC,,"2015, 2016, 2017, 2018, 2019, 2020, 2021",0.29,True
"Dominion Resources, Inc.",D,MANUAL,D,DOMINION ENERGY INC,,"2010, 2011, 2012, 2013, 2014, 2015, 2016",0.281,True
"Praxair, Inc.",LIN,MANUAL,LIN,LINDE PLC,,"2010, 2011, 2012, 2013, 2014, 2015, 2016, 2017, 2018",0.275,True
Bank of New York Mellon Corp.,BK,MANUAL,BNY,BANK OF NEW YORK MELLON CORP,,"2015, 2016, 2017, 2018, 2019, 2020, 2021, 2022, 2023, 2024, 2025",0.256,True
The Bank of New York Mellon Corp.,BK,MANUAL,BNY,BANK OF NEW YORK MELLON CORP,,"2011, 2012, 2013, 2014",0.25,True
Schlumberger NV,SLB,MANUAL,SLB,SLB LTD,,"2020, 2021, 2022, 2023, 2024, 2025",0.231,True
"WellPoint, Inc.",ELV,MANUAL,ELV,ELEVANCE HEALTH INC,,"2010, 2011, 2012, 2013, 2014",0.229,True
"ACE, Ltd.",CB,MANUAL,CB,CHUBB LTD,,"2010, 2012, 2013, 2014, 2015",0.212,False
"Tyco International, Ltd.",JCI,MANUAL,JCI,JOHNSON CONTROLS INTERNATION,,"2010, 2012, 2013, 2014",0.201,False
ACE Ltd.,CB,MANUAL,CB,CHUBB LTD,,2011,0.198,False
Tyco International Ltd.,JCI,MANUAL,JCI,JOHNSON CONTROLS INTERNATION,,2011,0.185,False
BB&T Corp.,TFC,MANUAL,TFC,TRUIST FINANCIAL CORP,,"2010, 2011, 2012, 2013, 2014, 2015, 2016, 2017, 2018, 2019",0.18,False
BANK OF NEW YORK MELLON CORP,BNY,MANUAL,BNY,BANK OF NEW YORK MELLON CORP,,2026,0.158077,False
"Franklin Resources, Inc.",BEN,MANUAL,BEN,FRANKLIN TEMPLETON INC,,"2010, 2011, 2012, 2013, 2014, 2015, 2016, 2017, 2018, 2019, 2020, 2021, 2022, 2023, 2024, 2025",0.153,False
"Coach, Inc.",TPR,MANUAL,TPR,TAPESTRY INC,,"2010, 2011, 2012, 2013, 2014, 2015, 2016, 2017",0.145,False
"McGraw-Hill Cos., Inc.",SPGI,MANUAL,SPGI,S+P GLOBAL INC,,2015,0.139,False
"The McGraw-Hill Cos., Inc.",SPGI,MANUAL,SPGI,S+P GLOBAL INC,,"2010, 2011, 2012, 2013, 2014",0.131,False
"Boston Properties, Inc.",BXP,MANUAL,BXP,BXP INC,,"2010, 2011, 2012, 2013, 2014, 2015",0.129,False
Symantec Corp.,GEN,MANUAL,GEN,GEN DIGITAL INC,,"2010, 2011, 2012, 2013, 2014, 2015, 2016, 2017, 2018, 2019",0.119,False
AmerisourceBergen Corp.,COR,MANUAL,COR,CENCORA INC,,"2010, 2011, 2012, 2013, 2014, 2015, 2016, 2017, 2018, 2019, 2020, 2021, 2022",0.116,False
"Hartford Financial Services Group, Inc.",HIG,MANUAL,HIG,HARTFORD INSURANCE GROUP INC,,"2010, 2011, 2012, 2013, 2014, 2015, 2016, 2017, 2018, 2019, 2020, 2021, 2022, 2023, 2024",0.113,False
Laboratory Corp. of America Holdings,LH,MANUAL,LH,LABCORP HOLDINGS INC,,"2010, 2011, 2012, 2013, 2014, 2015, 2016, 2017, 2018, 2019, 2020, 2021, 2022, 2023",0.079,False
"PerkinElmer, Inc.",RVTY,MANUAL,RVTY,REVVITY INC,,"2010, 2011, 2012, 2013, 2014, 2015, 2016, 2017, 2018, 2019, 2020, 2021, 2022",0.054,False
"CB Richard Ellis Group, Inc. (Class A)",CBRE,MANUAL,CBRE,CBRE GROUP INC   A,,2010,0.051,False
Torchmark Corp.,GL,MANUAL,GL,GLOBE LIFE INC,,"2010, 2011, 2012, 2013, 2014, 2015, 2016, 2017, 2018",0.045,False
"National-Oilwell Varco, Inc.",NOV,FUERA_HOY,NOV,,,"2010, 2011, 2012, 2013, 2014, 2015",0.265,True
"Reynolds American, Inc.",BTI,FUERA_HOY,BTI,,,"2010, 2011, 2012, 2013, 2014, 2015, 2016",0.217,False
"Yahoo!, Inc.",YHOO,FUERA_HOY,YHOO,,,"2010, 2011, 2012, 2013, 2014, 2015, 2016",0.215,False
"Alexion Pharmaceuticals, Inc.",AZN,FUERA_HOY,AZN,,,"2012, 2013, 2014, 2015, 2016, 2017, 2018, 2019, 2020",0.209,False
"CenturyLink, Inc.",LUMN,FUERA_HOY,LUMN,,,"2010, 2011, 2012, 2013, 2014, 2015, 2016, 2018, 2019, 2020",0.197,False
Genzyme Corp.,SNY,FUERA_HOY,SNY,,,2010,0.174,False
"Electronic Arts, Inc.",EA,FUERA_HOY,EA,,,"2010, 2011, 2012, 2013, 2014, 2015, 2016, 2017, 2018, 2019, 2020, 2021, 2022, 2023, 2024, 2025",0.169,False
Chesapeake Energy Corp.,CHK,FUERA_HOY,CHK,,,"2010, 2011, 2013, 2017",0.163,False
Equity Residential,EQR,FUERA_HOY,EQR,,,"2010, 2011, 2012, 2013, 2014, 2015",0.161,False
Kohl’s Corp.,KSS,FUERA_HOY,KSS,,,"2010, 2011, 2012, 2013, 2014, 2015, 2016, 2017, 2018, 2019",0.157,False
Spectra Energy Corp.,ENB,FUERA_HOY,ENB,,,"2010, 2011, 2012, 2013, 2014, 2015, 2016",0.156,False
"American Airlines Group, Inc.",AAL,FUERA_HOY,AAL,,,"2015, 2016, 2017, 2018, 2019, 2020, 2021, 2022, 2023",0.154,False
"Lorillard, Inc.",BAT,FUERA_HOY,BAT,,,"2010, 2011, 2012, 2013, 2014",0.149,False
"HCP, Inc.",PEAK,FUERA_HOY,PEAK,,,"2010, 2011, 2012, 2013, 2015",0.148,False
"Staples, Inc.",SPLS,FUERA_HOY,SPLS,,,"2010, 2011, 2012, 2013, 2014, 2015, 2016",0.148,False
V.F. Corp.,VFC,FUERA_HOY,VFC,,,"2010, 2011, 2012, 2013, 2014, 2015",0.138,False
Xerox Corp.,XRX,FUERA_HOY,XRX,,,"2010, 2011, 2012, 2013, 2014, 2015, 2016, 2017, 2018",0.138,False
"AvalonBay Communities, Inc.",AVB,FUERA_HOY,AVB,,,"2010, 2011, 2012, 2013, 2014, 2015",0.137,False
"L Brands, Inc.",VSCO,FUERA_HOY,VSCO,,,"2013, 2014, 2015, 2016, 2017, 2018, 2019, 2020",0.137,False
"Bed Bath & Beyond, Inc.",BBBY,FUERA_HOY,BBBY,,,"2010, 2011, 2012, 2013, 2014, 2015, 2016",0.136,False
Mead Johnson Nutrition Co.,RKT,FUERA_HOY,RKT,,,"2010, 2011, 2012, 2013, 2014, 2015, 2016",0.136,False
Perrigo Co. PLC,PRGO,FUERA_HOY,PRGO,,,"2014, 2015, 2016, 2017, 2018, 2019, 2020",0.136,False
"Newell Brands, Inc.",NWL,FUERA_HOY,NWL,,,"2016, 2017, 2018, 2019, 2020, 2021, 2022",0.135,False
Vornado Realty Trust,VNO,FUERA_HOY,VNO,,,"2010, 2011, 2012, 2013, 2014, 2015",0.135,False
"Avon Products, Inc.",NTCO,FUERA_HOY,NTCO,,,"2010, 2011, 2012, 2013, 2014",0.133,False
"Twitter, Inc.",TWTR,FUERA_HOY,TWTR,,,"2018, 2019, 2020, 2021, 2022",0.132,False
"AvalonBay Communities, Inc. REIT",AVB,FUERA_HOY,AVB,,,"2016, 2017, 2018, 2019, 2020, 2021, 2022, 2023, 2024, 2025",0.13,False
Kellogg Co.,KLG,FUERA_HOY,KLG,,,"2010, 2011, 2012, 2013, 2014, 2015, 2016, 2017, 2018, 2019, 2020, 2021, 2022, 2023",0.129,False
Peabody Energy Corp.,BTU,FUERA_HOY,BTU,,,"2010, 2011, 2012, 2013",0.127,False
"Enphase Energy, Inc.",ENPH,FUERA_HOY,ENPH,,,"2021, 2022, 2023, 2024",0.125,False
Equity Residential REIT,EQR,FUERA_HOY,EQR,,,"2016, 2017, 2018, 2019, 2020, 2021, 2022, 2023, 2024, 2025",0.125,False
VF Corp.,VFC,FUERA_HOY,VFC,,,"2016, 2017, 2018, 2019, 2020, 2021, 2022, 2023",0.124,False
"Citrix Systems, Inc.",CTXS,FUERA_HOY,CTXS,,,"2010, 2011, 2012, 2013, 2014, 2015, 2016, 2017, 2018, 2019, 2020, 2021, 2022",0.123,False
"Alcoa, Inc.",AA,FUERA_HOY,AA,,,"2010, 2011, 2012, 2013, 2014, 2015, 2016",0.12,False
"Macy’s, Inc.",M,FUERA_HOY,M,,,"2010, 2011, 2012, 2013, 2014, 2015, 2016, 2017, 2018, 2019",0.119,False
"Match Group, Inc.",MTCH,FUERA_HOY,MTCH,,,"2021, 2022, 2023, 2024, 2025",0.119,False
"Health Care REIT, Inc.",PEAK,FUERA_HOY,PEAK,,,2014,0.115,False
Murphy Oil Corp.,MUR,FUERA_HOY,MUR,,,"2010, 2011, 2012, 2013, 2014, 2015, 2016",0.115,False
The Western Union Co.,WU,FUERA_HOY,WU,,,"2010, 2011, 2012, 2013, 2014",0.115,False
DXC Technology Co.,DXC,FUERA_HOY,DXC,,,"2017, 2018, 2019, 2020, 2021, 2022, 2023",0.113,False
"ConAgra Foods, Inc.",CAG,FUERA_HOY,CAG,,,"2010, 2011, 2012, 2013, 2014, 2015, 2016",0.109,False
Molson Coors Brewing Co.Class B,TAP,FUERA_HOY,TAP,,,2016,0.107,False
Cabot Oil & Gas Corp.,CTRA,FUERA_HOY,CTRA,,,"2010, 2011, 2012, 2013, 2014, 2017, 2018, 2019, 2020, 2021",0.105,False
SVB Financial Group,SIVBQ,FUERA_HOY,SIVBQ,,,"2018, 2019, 2020, 2021, 2022",0.104,False
"Under Armour, Inc. (Class A)",UA,FUERA_HOY,UA,,,"2014, 2015",0.103,False
"Baxalta, Inc.",TAK,FUERA_HOY,TAK,,,2015,0.101,False
"FleetCor Technologies, Inc.",FLT,FUERA_HOY,FLT,,,"2018, 2019, 2020, 2021, 2022, 2023",0.1,False
Altera Corp.,ALTR,FUERA_HOY,ALTR,,,"2010, 2011, 2012, 2013, 2014, 2015",0.098,False
"Coca-ColaEnterprises, Inc.",CCEP,FUERA_HOY,CCEP,,,"2010, 2011",0.098,False
Ensco PLC (Class A),VAL,FUERA_HOY,VAL,,,"2012, 2013, 2014, 2015",0.098,False
Sigma-Aldrich Corp.,MRK.DE,FUERA_HOY,MRK.DE,,,"2010, 2011, 2012, 2013, 2014, 2015",0.098,False
Teradata Corp.,TDC,FUERA_HOY,TDC,,,"2010, 2011, 2012, 2013, 2014, 2015, 2016",0.098,False
"Harley-Davidson, Inc.",HOG,FUERA_HOY,HOG,,,"2010, 2011, 2012, 2013, 2014, 2015, 2016, 2017, 2018, 2019",0.097,False
Nielsen Holdings PLC,NLSN,FUERA_HOY,NLSN,,,"2015, 2016, 2017, 2018, 2019, 2020, 2021, 2022",0.097,False
Alliance Data Systems Corp.,BFH,FUERA_HOY,BFH,,,"2014, 2015, 2016, 2017, 2018, 2019",0.096,False
"Mattel, Inc.",MAT,FUERA_HOY,MAT,,,"2010, 2011, 2012, 2013, 2014, 2015, 2016, 2017, 2018",0.096,False
Vornado Realty Trust REIT,VNO,FUERA_HOY,VNO,,,"2016, 2017, 2018, 2019, 2020, 2021, 2022",0.095,False
"HCP, Inc. REIT",PEAK,FUERA_HOY,PEAK,,,"2016, 2017, 2018, 2019",0.094,False
First Republic Bank,FRCB,FUERA_HOY,FRCB,,,"2019, 2020, 2021, 2022",0.093,False
"Limited Brands, Inc.",BBWI,FUERA_HOY,BBWI,,,"2010, 2011, 2012",0.093,False
Southwestern Energy Co.,CHK,FUERA_HOY,CHK,,,"2012, 2014, 2015, 2016",0.093,False
Range Resources Corp.,RRC,FUERA_HOY,RRC,,,"2010, 2011, 2012, 2013, 2014, 2015, 2016, 2017",0.091,False
"General Growth Properties, Inc.",BP,FUERA_HOY,BP,,,"2014, 2015",0.09,False
"FMC Technologies, Inc.",FMC,FUERA_HOY,FMC,,,"2010, 2011, 2012, 2013, 2014, 2015, 2016",0.088,False
Fluor Corp.,FLR,FUERA_HOY,FLR,,,"2010, 2011, 2012, 2013, 2014, 2015, 2016, 2017, 2018",0.086,False
Endo International PLC,NDOI,FUERA_HOY,NDOI,,,"2015, 2016",0.085,False
"General Growth Properties, Inc. REIT",BP,FUERA_HOY,BP,,,2016,0.085,False
"Cliffs Natural Resources, Inc.",CLF,FUERA_HOY,CLF,,,"2010, 2011, 2012, 2013",0.084,False
"Watson Pharmaceuticals, Inc.",TEVA,FUERA_HOY,TEVA,,,"2011, 2012",0.084,False
ITT Corp.,ITT,FUERA_HOY,ITT,,,"2010, 2011",0.083,False
"The Gap, Inc.",GAP,FUERA_HOY,GAP,,,"2010, 2011, 2012, 2013, 2014",0.083,False
"Advance Auto Parts, Inc.",AAP,FUERA_HOY,AAP,,,"2015, 2016, 2017, 2018, 2019, 2020, 2021, 2022",0.081,False
"CONSOL Energy, Inc.",CEIX,FUERA_HOY,CEIX,,,"2010, 2011, 2012, 2013, 2014, 2015",0.081,False
Eastman Chemical Co.,EMN,FUERA_HOY,EMN,,,"2010, 2011, 2012, 2013, 2014, 2015, 2016, 2017, 2018, 2019, 2020, 2021, 2022, 2023, 2024, 2025",0.081,False
Lincoln National Corp.,LNC,FUERA_HOY,LNC,,,"2010, 2011, 2012, 2013, 2014, 2015, 2016, 2017, 2018, 2019, 2020, 2021, 2022",0.081,False
"Fortune Brands, Inc.",FBIN,FUERA_HOY,FBIN,,,"2010, 2011",0.08,False
Kansas City Southern,CP,FUERA_HOY,CP,,,"2013, 2014, 2015, 2016, 2017, 2018, 2019, 2020, 2021",0.08,False
"Safeway, Inc.",ACI,FUERA_HOY,ACI,,,"2010, 2011, 2012, 2013, 2014",0.08,False
Perrigo Co.,PRGO,FUERA_HOY,PRGO,,,"2012, 2013",0.079,False
WestRock Co.,WRK,FUERA_HOY,WRK,,,"2015, 2016, 2017, 2018, 2019, 2020",0.079,False
"BorgWarner, Inc.",BWA,FUERA_HOY,BWA,,,"2012, 2013, 2014, 2015, 2016, 2017, 2018, 2019, 2020, 2021, 2022, 2023, 2024",0.078,False
Molson Coors Brewing Co. (Class B),TAP,FUERA_HOY,TAP,,,"2010, 2011, 2012, 2014, 2015",0.078,False
Nielsen Holdings NV,NLSN,FUERA_HOY,NLSN,,,"2013, 2014",0.077,False
Whirlpool Corp.,WHR,FUERA_HOY,WHR,,,"2010, 2011, 2012, 2013, 2014, 2015, 2016, 2017, 2018, 2019, 2020, 2021, 2022, 2023",0.077,False
Tiffany & Co.,LVMUY,FUERA_HOY,LVMUY,,,"2010, 2011, 2012, 2013, 2014, 2015, 2016, 2017, 2018, 2019, 2020",0.075,False
"CarMax, Inc.",KMX,FUERA_HOY,KMX,,,"2010, 2011, 2012, 2013, 2014, 2015, 2016, 2017, 2018, 2019, 2020, 2021, 2022, 2023, 2024",0.074,False
"DENTSPLY SIRONA, Inc.",XRAY,FUERA_HOY,XRAY,,,"2016, 2017, 2018, 2019, 2020, 2021, 2022, 2023",0.074,False
"National Oilwell Varco, Inc.",NOV,FUERA_HOY,NOV,,,"2016, 2017, 2018, 2019, 2020",0.073,False
"Nordstrom, Inc.",JWN,FUERA_HOY,JWN,,,"2010, 2011, 2012, 2013, 2014, 2015, 2016, 2017, 2018, 2019",0.073,False
SLM Corp.,SLM,FUERA_HOY,SLM,,,"2010, 2011, 2012, 2013",0.073,False
"Level 3 Communications, Inc.",LUMN,FUERA_HOY,LUMN,,,2017,0.072,False
"Mohawk Industries, Inc.",MHK,FUERA_HOY,MHK,,,"2014, 2015, 2016, 2017, 2018, 2019, 2020, 2021, 2022, 2023, 2024",0.072,False
"Varian Medical Systems, Inc.",SIE,FUERA_HOY,SIE,,,"2010, 2011, 2012, 2013, 2014, 2015, 2016, 2017, 2018, 2019, 2020",0.072,False
XL Group PLC,AXA,FUERA_HOY,AXA,,,"2010, 2011, 2012, 2013, 2014, 2015",0.072,False
"BMC Software, Inc.",BMC,FUERA_HOY,BMC,,,"2010, 2011, 2012",0.071,False
"McAfee, Inc.",MCFE,FUERA_HOY,MCFE,,,2010,0.071,False
Unum Group,UNM,FUERA_HOY,UNM,,,"2010, 2011, 2012, 2013, 2014, 2015, 2016, 2017, 2018, 2019, 2020",0.071,False
"Coterra Energy, Inc.",CTRA,FUERA_HOY,CTRA,,,"2022, 2023, 2024, 2025",0.07,False
Molson Coors Brewing Co. Class B,TAP,FUERA_HOY,TAP,,,"2017, 2018, 2019, 2020",0.07,False
Computer Sciences Corp.,DXC,FUERA_HOY,DXC,,,"2010, 2011, 2012, 2013, 2014, 2015",0.069,False
"EPAM Systems, Inc.",EPAM,FUERA_HOY,EPAM,,,"2022, 2023, 2024",0.069,False
"Etsy, Inc.",ETSY,FUERA_HOY,ETSY,,,"2020, 2021, 2022, 2023",0.069,False
"Hanesbrands, Inc.",GIL,FUERA_HOY,GIL,,,"2015, 2016, 2017, 2018, 2019, 2020, 2021",0.069,False
Cimarex Energy Co.,CTRA,FUERA_HOY,CTRA,,,"2015, 2016",0.067,False
"Coca-Cola Enterprises, Inc.",CCEP,FUERA_HOY,CCEP,,,"2012, 2013, 2014, 2015",0.067,False
"Paycom Software, Inc.",PAYC,FUERA_HOY,PAYC,,,"2020, 2021, 2022, 2023, 2024, 2025",0.066,False
"ViacomCBS, Inc. Class B",PARA,FUERA_HOY,PARA,,,"2020, 2021",0.066,False
"Caesars Entertainment, Inc.",CZR,FUERA_HOY,CZR,,,"2021, 2022, 2023, 2024",0.065,False
Campbell Soup Co.,CPB,FUERA_HOY,CPB,,,"2010, 2011, 2012, 2013, 2014, 2015, 2016, 2017, 2018, 2019, 2020, 2021, 2022, 2023, 2024",0.065,False
"Conagra Brands, Inc.",CAG,FUERA_HOY,CAG,,,"2017, 2018, 2019, 2020, 2021, 2022, 2023, 2024, 2025",0.065,False
"MarketAxess Holdings, Inc.",MKTX,FUERA_HOY,MKTX,,,"2019, 2020, 2021, 2022, 2023, 2024",0.065,False
"Signet Jewelers, Ltd.",SIG,FUERA_HOY,SIG,,,"2015, 2016, 2017",0.065,False
"Comerica, Inc.",CMA,FUERA_HOY,CMA,,,"2010, 2011, 2012, 2013, 2014, 2015, 2016, 2017, 2018, 2019, 2020, 2021, 2022, 2023",0.064,False
"Molina Healthcare, Inc.",MOH,FUERA_HOY,MOH,,,"2022, 2023, 2024",0.064,False
"Newell Rubbermaid, Inc.",NWL,FUERA_HOY,NWL,,,"2010, 2011, 2012, 2013, 2014, 2015",0.064,False
PVH Corp.,PVH,FUERA_HOY,PVH,,,"2013, 2014, 2015, 2016, 2017, 2018, 2019, 2020, 2021",0.064,False
SL Green Realty Corp.,SLG,FUERA_HOY,SLG,,,2015,0.064,False
"Affiliated Managers Group, Inc.",AMG,FUERA_HOY,AMG,,,"2014, 2015, 2016, 2017, 2018, 2019",0.063,False
"Joy Global, Inc.",KMTUY,FUERA_HOY,KMTUY,,,"2011, 2012, 2013, 2014, 2015",0.063,False
Macerich Co.,MAC,FUERA_HOY,MAC,,,2015,0.063,False
"Teleflex, Inc.",TFX,FUERA_HOY,TFX,,,"2019, 2020, 2021, 2022, 2023, 2024",0.063,False
"Catalent, Inc.",CTLT,FUERA_HOY,CTLT,,,"2020, 2021, 2022, 2023, 2024",0.062,False
Celanese Corp.,CE,FUERA_HOY,CE,,,"2019, 2020, 2021, 2022, 2023, 2024",0.062,False
"Hologic, Inc.",HOLX,FUERA_HOY,HOLX,,,"2016, 2017, 2018, 2019, 2020, 2021, 2022, 2023, 2024",0.062,False
"J.C. Penney Co., Inc.",CPPRQ,FUERA_HOY,CPPRQ,,,"2010, 2011, 2012, 2013",0.062,False
"Transocean, Ltd.",RIG,FUERA_HOY,RIG,,,"2014, 2015, 2016",0.062,False
"Acuity Brands, Inc.",AYI,FUERA_HOY,AYI,,,"2016, 2017",0.061,False
United States Steel Corp.,X,FUERA_HOY,X,,,"2010, 2011, 2012, 2013",0.061,False
Flowserve Corp.,FLS,FUERA_HOY,FLS,,,"2010, 2011, 2012, 2013, 2014, 2015, 2016, 2017, 2018, 2019, 2020",0.06,False
"GGP, Inc. REIT",BP,FUERA_HOY,BP,,,2017,0.06,False
"Helmerich & Payne, Inc.",HP,FUERA_HOY,HP,,,"2010, 2011, 2012, 2013, 2014, 2015, 2016, 2017, 2018, 2019",0.06,False
"H&R Block, Inc.",HRB,FUERA_HOY,HRB,,,"2010, 2011, 2012, 2013, 2014, 2015, 2016, 2017, 2018, 2019",0.059,False
Mallinckrodt PLC,MNK,FUERA_HOY,MNK,,,"2014, 2015, 2016",0.059,False
Wyndham Worldwide Corp.,WH,FUERA_HOY,WH,,,"2010, 2011, 2012, 2013, 2014, 2015, 2016, 2017",0.059,False
"Genworth Financial, Inc. (Class A)",GNW,FUERA_HOY,GNW,,,"2010, 2011, 2012, 2013, 2014, 2015",0.058,False
LKQ Corp.,LKQ,FUERA_HOY,LKQ,,,"2016, 2017, 2018, 2019, 2020, 2021, 2022, 2023, 2024, 2025",0.058,False
Sealed Air Corp.,SEE,FUERA_HOY,SEE,,,"2010, 2011, 2012, 2013, 2014, 2015, 2016, 2017, 2018, 2019, 2020, 2021, 2022, 2023",0.058,False
Windstream Corp.,UNIT,FUERA_HOY,UNIT,,,"2010, 2011, 2012",0.058,False
DISH Network Corp. Class A,SATS,FUERA_HOY,SATS,,,"2017, 2018, 2019, 2020, 2021, 2022",0.057,False
Leucadia National Corp.,JEF,FUERA_HOY,JEF,,,"2010, 2011, 2012, 2013, 2014, 2015, 2016, 2017",0.057,False
SL Green Realty Corp. REIT,SLG,FUERA_HOY,SLG,,,"2016, 2017, 2018, 2019, 2020",0.057,False
TechnipFMC PLC,FTI,FUERA_HOY,FTI,,,"2017, 2018, 2019, 2020",0.057,False
"TripAdvisor, Inc.",TRIP,FUERA_HOY,TRIP,,,"2012, 2013, 2014, 2015, 2016, 2017, 2018, 2019",0.057,False
Western Union Co.,WU,FUERA_HOY,WU,,,"2015, 2016, 2017, 2018, 2019, 2020, 2021",0.056,False
FMC Corp.,FMC,FUERA_HOY,FMC,,,"2017, 2018, 2019, 2020, 2021, 2022, 2023, 2024",0.055,False
"PetSmart, Inc.",PETM,FUERA_HOY,PETM,,,"2013, 2014",0.055,False
Macerich Co. REIT,MAC,FUERA_HOY,MAC,,,"2016, 2017, 2018, 2019",0.054,False
"Qorvo, Inc.",QRVO,FUERA_HOY,QRVO,,,"2015, 2016, 2017, 2018, 2019, 2020, 2021, 2022, 2023, 2024",0.054,False
The ADT Corp.,ADT,FUERA_HOY,ADT,,,"2013, 2014",0.054,False
Molson Coors Brewing Co.(Class B),TAP,FUERA_HOY,TAP,,,2013,0.053,False
Abercrombie & Fitch Co. (Class A),ANF,FUERA_HOY,ANF,,,"2010, 2011, 2012, 2013",0.052,False
The Macerich Co.,MAC,FUERA_HOY,MAC,,,"2013, 2014",0.052,False
Newfield Exploration Co.,OVV,FUERA_HOY,OVV,,,"2011, 2012, 2013, 2014, 2015, 2016, 2017, 2018",0.051,False
"XL Group, Ltd.",AXA,FUERA_HOY,AXA,,,"2016, 2017",0.051,False
"Nabors Industries, Ltd.",NBR,FUERA_HOY,NBR,,,"2010, 2011, 2012, 2013, 2014",0.05,False
"Airgas, Inc.",AIQUY,FUERA_HOY,AIQUY,,,"2010, 2011, 2012, 2013, 2014, 2015",0.049,False
"Foot Locker, Inc.",FL,FUERA_HOY,FL,,,"2016, 2017, 2018",0.049,False
"The Interpublic Group of Cos., Inc.",IPG,FUERA_HOY,IPG,,,"2011, 2012, 2013, 2014",0.049,False
"Interpublic Group of Cos., Inc.",IPG,FUERA_HOY,IPG,,,"2015, 2016, 2017, 2018, 2019, 2020, 2021, 2022, 2023, 2024, 2025",0.048,False
Pool Corp.,POOL,FUERA_HOY,POOL,,,"2021, 2022, 2023, 2024, 2025",0.048,False
"Fortune Brands Home & Security, Inc.",FBIN,FUERA_HOY,FBIN,,,"2016, 2017, 2018, 2019, 2020, 2021, 2022",0.047,False
Goodyear Tire & Rubber Co.,GT,FUERA_HOY,GT,,,"2015, 2016, 2017, 2018",0.047,False
"The Interpublic Group ofCos., Inc.",IPG,FUERA_HOY,IPG,,,2010,0.047,False
"Bath & Body Works, Inc.",BBWI,FUERA_HOY,BBWI,,,"2021, 2022, 2023",0.046,False
"Builders FirstSource, Inc.",BLDR,FUERA_HOY,BLDR,,,2024,0.046,False
"Diamond Offshore Drilling, Inc.",NE,FUERA_HOY,NE,,,"2010, 2011, 2012, 2013, 2014, 2015",0.046,False
HollyFrontier Corp.,DINO,FUERA_HOY,DINO,,,"2018, 2019, 2020",0.046,False
"Arconic, Inc.",ARNC,FUERA_HOY,ARNC,,,"2017, 2018, 2019",0.045,False
"Cephalon, Inc.",TEVA,FUERA_HOY,TEVA,,,2010,0.045,False
"DENTSPLY International, Inc.",XRAY,FUERA_HOY,XRAY,,,"2010, 2011, 2012, 2013, 2014, 2015",0.045,False
MeadWestvaco Corp.,SKG,FUERA_HOY,SKG,,,"2010, 2011, 2012, 2013, 2014",0.045,False
"Owens-Illinois, Inc.",OI,FUERA_HOY,OI,,,"2010, 2011, 2012, 2013, 2014, 2015, 2016",0.045,False
"SAIC, Inc.",SAIC,FUERA_HOY,SAIC,,,"2010, 2011, 2012",0.045,False
"Allegheny Technologies, Inc.",ATI,FUERA_HOY,ATI,,,"2010, 2011, 2012, 2013, 2014",0.044,False
"Bio-Rad Laboratories, Inc. Class A",BIO,FUERA_HOY,BIO,,,"2021, 2022, 2023",0.044,False
Kellanova,K,FUERA_HOY,K,,,"2024, 2025",0.044,False
Navient Corp.,NAVI,FUERA_HOY,NAVI,,,"2014, 2015, 2016, 2017",0.044,False
Zions Bancorp,ZION,FUERA_HOY,ZION,,,"2016, 2017, 2018, 2019, 2020",0.044,False
"Alaska Air Group, Inc.",ALK,FUERA_HOY,ALK,,,"2016, 2017, 2018, 2019, 2020, 2021, 2022, 2023",0.043,False
"Lamb Weston Holdings, Inc.",LW,FUERA_HOY,LW,,,"2019, 2020, 2021, 2022, 2023, 2024, 2025",0.043,False
Nektar Therapeutics,NKTR,FUERA_HOY,NKTR,,,"2018, 2019",0.043,False
"Pitney Bowes, Inc.",PBI,FUERA_HOY,PBI,,,"2010, 2011, 2012, 2013, 2014, 2015, 2016",0.043,False
"Sunoco, Inc.",SUN,FUERA_HOY,SUN,,,"2010, 2011, 2012",0.043,False
Cablevision Systems Corp. (Class A),OPTU,FUERA_HOY,OPTU,,,"2012, 2013, 2014, 2015",0.042,False
"Ceridian HCM Holding, Inc.",DAY,FUERA_HOY,DAY,,,"2021, 2022, 2023",0.042,False
International Game Technology,IGT,FUERA_HOY,IGT,,,"2010, 2011, 2012, 2013",0.042,False
Pactiv Corp.,PTVE,FUERA_HOY,PTVE,,,2010,0.042,False
"SolarEdge Technologies, Inc.",SEDG,FUERA_HOY,SEDG,,,"2022, 2023",0.042,False
"Gannett Co., Inc.",GCI,FUERA_HOY,GCI,,,"2010, 2011, 2012, 2013, 2014",0.041,False
"Robert Half International, Inc.",RHI,FUERA_HOY,RHI,,,"2010, 2011, 2012, 2013, 2014, 2015, 2016, 2017, 2018, 2019, 2020, 2021, 2022",0.041,False
"Bio-RadLaboratories, Inc. Class A",BIO,FUERA_HOY,BIO,,,2020,0.04,False
GameStop Corp. (Class A),GME,FUERA_HOY,GME,,,"2010, 2011, 2012, 2013, 2014, 2015",0.04,False
"Gap, Inc.",GAP,FUERA_HOY,GAP,,,"2015, 2016, 2017, 2018, 2019, 2020, 2021",0.04,False
"Harman International Industries, Inc.",SMSN,FUERA_HOY,SMSN,,,"2010, 2011, 2012, 2013, 2014, 2015, 2016",0.04,False
"Urban Outfitters, Inc.",URBN,FUERA_HOY,URBN,,,"2010, 2011, 2012, 2013, 2014, 2015, 2016",0.04,False
"Alpha Natural Resources, Inc.",AMR,FUERA_HOY,AMR,,,"2011, 2012",0.039,False
"Fossil Group, Inc.",FOSL,FUERA_HOY,FOSL,,,"2013, 2014, 2015",0.039,False
"Trade Desk, Inc. Class A ",TTD,FUERA_HOY,TTD,,,2025,0.039,False
Apartment Investment & Management Co. Class A REIT,AIV,FUERA_HOY,AIV,,,"2016, 2017, 2018, 2019, 2020",0.038,False
"Rowan Co., Inc.",VAL,FUERA_HOY,VAL,,,2011,0.037,False
The Goodyear Tire & Rubber Co.,GT,FUERA_HOY,GT,,,"2010, 2011, 2012, 2013, 2014",0.037,False
"Under Armour, Inc. Class A",UA,FUERA_HOY,UA,,,"2016, 2017, 2018, 2019, 2020, 2021",0.037,False
"Coty, Inc. Class A",COTY,FUERA_HOY,COTY,,,"2016, 2017, 2018, 2019",0.036,False
Dun & Bradstreet Corp.,DNB,FUERA_HOY,DNB,,,"2010, 2011, 2012, 2013, 2014, 2015, 2016",0.036,False
"Fossil, Inc.",FOSL,FUERA_HOY,FOSL,,,2012,0.036,False
Marshall & Ilsley Corp.,BMO,FUERA_HOY,BMO,,,2010,0.036,False
"Molex, Inc.",KOCH,FUERA_HOY,KOCH,,,"2010, 2011, 2012, 2013",0.036,False
"TECO Energy, Inc.",EMA,FUERA_HOY,EMA,,,"2010, 2011, 2012, 2013, 2014, 2015",0.036,False
Westrock Co.,WRK,FUERA_HOY,WRK,,,"2021, 2022, 2023",0.036,False
"Windstream Holdings, Inc.",UNIT,FUERA_HOY,UNIT,,,"2013, 2014",0.036,False
Zions Bancorporation,ZION,FUERA_HOY,ZION,,,"2010, 2011, 2012, 2013, 2014, 2015",0.036,False
Cablevision Systems Corp.,OPTU,FUERA_HOY,OPTU,,,2011,0.035,False
Apartment Investment & Management Co. (Class A),AIV,FUERA_HOY,AIV,,,"2010, 2011, 2012, 2013, 2014, 2015",0.034,False
"Bemis Co., Inc.",AMBP,FUERA_HOY,AMBP,,,"2010, 2011, 2012, 2013, 2014",0.034,False
"Columbia Pipeline Group, Inc.",TRP,FUERA_HOY,TRP,,,2015,0.034,False
"Lexmark International, Inc. (Class A)",LXK,FUERA_HOY,LXK,,,"2010, 2011",0.034,False
"Lumen Technologies, Inc.",LUMN,FUERA_HOY,LUMN,,,"2021, 2022",0.034,False
R.R. Donnelley & Sons Co.,RRD,FUERA_HOY,RRD,,,"2010, 2011, 2012",0.034,False
"Rowan Cos., Inc.",VAL,FUERA_HOY,VAL,,,2010,0.034,False
Tenet Healthcare Corp.,THC,FUERA_HOY,THC,,,"2010, 2011, 2012, 2013, 2014, 2015",0.034,False
"Leggett & Platt, Inc.",LEG,FUERA_HOY,LEG,,,"2010, 2011, 2012, 2013, 2014, 2015, 2016, 2017, 2018, 2019, 2020, 2021",0.033,False
Molson Coors Beverage Co. Class B,TAP,FUERA_HOY,TAP,,,"2021, 2022, 2023, 2024, 2025",0.033,False
Sears Holdings Corp.,SRSQ,FUERA_HOY,SRSQ,,,"2010, 2011",0.031,False
Signature Bank,SBNY,FUERA_HOY,SBNY,,,2022,0.031,False
ADT Corp.,ADT,FUERA_HOY,ADT,,,2015,0.03,False
"Penn National Gaming, Inc.",PENN,FUERA_HOY,PENN,,,2021,0.03,False
"TEGNA, Inc.",TGNA,FUERA_HOY,TGNA,,,"2015, 2016",0.03,False
"DeVry, Inc.",ATGE,FUERA_HOY,ATGE,,,"2010, 2011",0.029,False
"Brighthouse Financial, Inc.",BHF,FUERA_HOY,BHF,,,"2017, 2018",0.028,False
"Tellabs, Inc.",TLAB,FUERA_HOY,TLAB,,,"2010, 2011",0.028,False
"AutoNation, Inc.",AN,FUERA_HOY,AN,,,"2010, 2011, 2012, 2013, 2014, 2015, 2016",0.027,False
"Hologic, Inc. ",HOLX,FUERA_HOY,HOLX,,,2025,0.027,False
JDS Uniphase Corp.,VIAV,FUERA_HOY,VIAV,,,"2010, 2011, 2012, 2013",0.027,False
"Jefferies Financial Group, Inc.",JEF,FUERA_HOY,JEF,,,2018,0.027,False
"Patterson Cos., Inc.",PDCO,FUERA_HOY,PDCO,,,"2010, 2011, 2012, 2013, 2014, 2015, 2016, 2017",0.027,False
"Ryder System, Inc.",R,FUERA_HOY,R,,,"2010, 2011, 2012, 2013, 2014, 2015, 2016",0.027,False
Zions Bancorp NA,ZION,FUERA_HOY,ZION,,,"2021, 2022, 2023",0.027,False
"Big Lots, Inc.",BIG,FUERA_HOY,BIG,,,"2010, 2011, 2012",0.026,False
First Horizon National Corp.,FHN,FUERA_HOY,FHN,,,"2010, 2011, 2012",0.026,False
"MEMC Electronic Materials, Inc.",WFR,FUERA_HOY,WFR,,,"2010, 2011",0.026,False
RadioShack Corp.,RSHCQ,FUERA_HOY,RSHCQ,,,2010,0.026,False
"Builders FirstSource, Inc. ",BLDR,FUERA_HOY,BLDR,,,2025,0.024,False
Envision Healthcare Corp.,EVHCQ,FUERA_HOY,EVHCQ,,,"2017, 2018",0.024,False
IPG Photonics Corp.,IPGP,FUERA_HOY,IPGP,,,"2018, 2019, 2020, 2021",0.024,False
"SUPERVALU, Inc.",UNFI,FUERA_HOY,UNFI,,,"2010, 2011",0.024,False
Xerox Holdings Corp.,XRX,FUERA_HOY,XRX,,,"2019, 2020",0.024,False
Dean Foods Co.,DFODQ,FUERA_HOY,DFODQ,,,"2010, 2011, 2012",0.023,False
Organon & Co.,OGN,FUERA_HOY,OGN,,,"2021, 2022, 2023",0.023,False
The Washington Post Co. (Class B),GHC,FUERA_HOY,GHC,,,"2010, 2011, 2012",0.023,False
"Robert Half, Inc.",RHI,FUERA_HOY,RHI,,,2023,0.022,False
"Dayforce, Inc.",DAY,FUERA_HOY,DAY,,,2024,0.02,False
"Federated Investors, Inc. (Class B)",FHI,FUERA_HOY,FHI,,,"2010, 2011, 2012",0.02,False
Compuware Corp.,CPWR,FUERA_HOY,CPWR,,,"2010, 2011",0.019,False
"Dayforce, Inc. ",DAY,FUERA_HOY,DAY,,,2025,0.019,False
"Janus Capital Group, Inc.",JHG,FUERA_HOY,JHG,,,"2010, 2011",0.019,False
The Washington Post Co.(Class B),GHC,FUERA_HOY,GHC,,,2013,0.019,False
"Molina Healthcare, Inc. ",MOH,FUERA_HOY,MOH,,,2025,0.018,False
"Monster Worldwide, Inc.",RAND,FUERA_HOY,RAND,,,"2010, 2011",0.016,False
Titanium Metals Corp.,PCP,FUERA_HOY,PCP,,,"2010, 2011, 2012",0.016,False
"EPAM Systems, Inc. ",EPAM,FUERA_HOY,EPAM,,,2025,0.015,False
"CarMax, Inc. ",KMX,FUERA_HOY,KMX,,,2025,0.012,False
Meredith Corp.,IAC,FUERA_HOY,IAC,,,2010,0.012,False
"Mohawk Industries, Inc. ",MHK,FUERA_HOY,MHK,,,2025,0.012,False
"Office Depot, Inc.",ODP,FUERA_HOY,ODP,,,2010,0.012,False
Campbell's Co.,CPB,FUERA_HOY,CPB,,,2025,0.011,False
Eastman Kodak Co.,KODK,FUERA_HOY,KODK,,,2010,0.011,False
The New York Times Co. (Class A),NYT,FUERA_HOY,NYT,,,2010,0.009,False
"Amentum Holdings, Inc.",AMTM,FUERA_HOY,AMTM,,,2024,0.008,False
CDK Global Inc.,CDK,FUERA_HOY,CDK,,,2014,0.001,False
NVIDIA CORP,NVDA,OK,NVDA,NVIDIA CORP,1.0,2026,8.158692,True
NVIDIA Corp.,NVDA,OK,NVDA,NVIDIA CORP,1.0,"2010, 2011, 2012, 2013, 2014, 2015, 2016, 2017, 2018, 2019, 2020, 2021, 2022, 2023, 2024, 2025",7.984,True
APPLE INC,AAPL,OK,AAPL,APPLE INC,1.0,2026,7.440639,True
"Apple, Inc.",AAPL,OK,AAPL,APPLE INC,1.0,"2010, 2011, 2012, 2013, 2014, 2015, 2016, 2017, 2018, 2019, 2020, 2021, 2022, 2023, 2024, 2025",7.279,True
Microsoft Corp.,MSFT,OK,MSFT,MICROSOFT CORP,1.0,"2010, 2011, 2012, 2013, 2014, 2015, 2016, 2017, 2018, 2019, 2020, 2021, 2022, 2023, 2024, 2025",6.752,True
MICROSOFT CORP,MSFT,OK,MSFT,MICROSOFT CORP,1.0,2026,5.56136,True
"Amazon.com, Inc.",AMZN,OK,AMZN,AMAZON.COM INC,1.0,"2010, 2011, 2012, 2013, 2014, 2015, 2016, 2017, 2018, 2019, 2020, 2021, 2022, 2023, 2024",4.811,True
AMAZON.COM INC,AMZN,OK,AMZN,AMAZON.COM INC,1.0,2026,3.777349,True
"Amazon.com, Inc. ",AMZN,OK,AMZN,AMAZON.COM INC,1.0,2025,3.737,True
Exxon Mobil Corp.,XOM,OK,XOM,EXXONMOBIL HOLDINGS CORP,1.0,"2010, 2011, 2012, 2013, 2014, 2015, 2016, 2017, 2018, 2019, 2020, 2021, 2022, 2023, 2024, 2025",3.429,True
ALPHABET INC CL A,GOOGL,OK,GOOGL,ALPHABET INC CL A,1.0,2026,3.110956,True
"Meta Platforms, Inc. Class A",META,OK,META,META PLATFORMS INC CLASS A,1.0,"2022, 2023, 2024, 2025",2.793,True
"Broadcom, Inc.",AVGO,OK,AVGO,BROADCOM INC,1.0,"2018, 2019, 2020, 2021, 2022, 2023, 2024, 2025",2.721,True
BROADCOM INC,AVGO,OK,AVGO,BROADCOM INC,1.0,2026,2.575973,True
"Tesla, Inc.",TSLA,OK,TSLA,TESLA INC,1.0,"2021, 2022, 2023, 2024",2.345,True
META PLATFORMS INC CLASS A,META,OK,META,META PLATFORMS INC CLASS A,1.0,2026,2.225033,True
"Tesla, Inc. ",TSLA,OK,TSLA,TESLA INC,1.0,2025,2.188,True
International Business Machines Corp.,IBM,OK,IBM,INTL BUSINESS MACHINES CORP,0.83,"2011, 2012, 2013, 2014, 2015, 2016, 2017, 2018, 2019, 2020, 2021, 2022, 2023, 2024, 2025",2.03,True
General Electric Co.,GE,OK,GE,GENERAL ELECTRIC,1.0,"2010, 2011, 2012, 2013, 2014, 2015, 2016, 2017, 2018, 2019, 2020, 2021, 2022, 2023, 2024, 2025",1.862,True
Chevron Corp.,CVX,OK,CVX,CHEVRON CORP,1.0,"2010, 2011, 2012, 2013, 2014, 2015, 2016, 2017, 2018, 2019, 2020, 2021, 2022, 2023, 2024, 2025",1.801,True
"Berkshire Hathaway, Inc. Class B",BRK.B,OK,BRK.B,BERKSHIRE HATHAWAY INC CL B,1.0,"2017, 2018, 2019, 2020, 2021, 2022, 2023, 2024",1.779,True
MICRON TECHNOLOGY INC,MU,OK,MU,MICRON TECHNOLOGY INC,1.0,2026,1.740161,True
Johnson & Johnson,JNJ,OK,JNJ,JOHNSON + JOHNSON,1.0,"2010, 2011, 2012, 2013, 2014, 2015, 2016, 2017, 2018, 2019, 2020, 2021, 2022, 2023, 2024, 2025",1.728,True
"AT&T, Inc.",T,OK,T,AT+T INC,1.0,"2010, 2011, 2012, 2013, 2014, 2015, 2016, 2017, 2018, 2019, 2020, 2021, 2022, 2023, 2024, 2025",1.689,True
The Procter & Gamble Co.,PG,OK,PG,PROCTER + GAMBLE CO/THE,1.0,"2010, 2011, 2012, 2013, 2014",1.685,True
International BusinessMachines Corp.,IBM,OK,IBM,INTL BUSINESS MACHINES CORP,0.82,2010,1.636,True
"Berkshire Hathaway, Inc. Class B ",BRK.B,OK,BRK.B,BERKSHIRE HATHAWAY INC CL B,1.0,2025,1.617,True
"UnitedHealth Group, Inc.",UNH,OK,UNH,UNITEDHEALTH GROUP INC,1.0,"2010, 2011, 2012, 2013, 2014, 2015, 2016, 2017, 2018, 2019, 2020, 2021, 2022, 2023, 2024, 2025",1.568,True
JPMorgan Chase & Co.,JPM,OK,JPM,JPMORGAN CHASE + CO,1.0,"2010, 2011, 2012, 2013, 2014, 2015, 2016, 2017, 2018, 2019, 2020, 2021, 2022, 2023, 2024, 2025",1.557,True
TESLA INC,TSLA,OK,TSLA,TESLA INC,1.0,2026,1.556985,True
"Berkshire Hathaway, Inc.Class B",BRK.B,OK,BRK.B,BERKSHIRE HATHAWAY INC CL B,1.0,2016,1.466,True
"Berkshire Hathaway, Inc. (Class B)",BRK.B,OK,BRK.B,BERKSHIRE HATHAWAY INC CL B,1.0,"2010, 2011, 2012, 2014, 2015",1.445,True
"Pfizer, Inc.",PFE,OK,PFE,PFIZER INC,1.0,"2010, 2011, 2012, 2013, 2014, 2015, 2016, 2017, 2018, 2019, 2020, 2021, 2022, 2023, 2024, 2025",1.441,True
BERKSHIRE HATHAWAY INC CL B,BRK.B,OK,BRK.B,BERKSHIRE HATHAWAY INC CL B,1.0,2026,1.440074,True
Eli Lilly & Co.,LLY,OK,LLY,ELI LILLY + CO,1.0,"2010, 2011, 2012, 2013, 2014, 2015, 2016, 2017, 2018, 2019, 2020, 2021, 2022, 2023, 2024, 2025",1.436,True
Wells Fargo & Co.,WFC,OK,WFC,WELLS FARGO + CO,1.0,"2010, 2011, 2012, 2013, 2014, 2015, 2016, 2017, 2018, 2019, 2020, 2021, 2022, 2023, 2024, 2025",1.419,True
JPMORGAN CHASE + CO,JPM,OK,JPM,JPMORGAN CHASE + CO,1.0,2026,1.409668,True
ELI LILLY + CO,LLY,OK,LLY,ELI LILLY + CO,1.0,2026,1.399288,True
ADVANCED MICRO DEVICES,AMD,OK,AMD,ADVANCED MICRO DEVICES,1.0,2026,1.386003,True
"Berkshire Hathaway, Inc.(Class B)",BRK.B,OK,BRK.B,BERKSHIRE HATHAWAY INC CL B,1.0,2013,1.366,True
Procter & Gamble Co.,PG,OK,PG,PROCTER + GAMBLE CO/THE,1.0,"2015, 2016, 2017, 2018, 2019, 2020, 2021, 2022, 2023, 2024, 2025",1.28,True
Bank of America Corp.,BAC,OK,BAC,BANK OF AMERICA CORP,1.0,"2010, 2011, 2012, 2013, 2014, 2015, 2016, 2017, 2018, 2019, 2020, 2021, 2022, 2023, 2024, 2025",1.272,True
"Cisco Systems, Inc.",CSCO,OK,CSCO,CISCO SYSTEMS INC,1.0,"2010, 2011, 2012, 2013, 2014, 2015, 2016, 2017, 2018, 2019, 2020, 2021, 2022, 2023, 2024, 2025",1.21,True
"Visa, Inc. Class A",V,OK,V,VISA INC CLASS A SHARES,1.0,"2016, 2017, 2018, 2019, 2020, 2021, 2022, 2023, 2024, 2025",1.21,True
"Verizon Communications, Inc.",VZ,OK,VZ,VERIZON COMMUNICATIONS INC,1.0,"2010, 2011, 2012, 2013, 2014, 2015, 2016, 2017, 2018, 2019, 2020, 2021, 2022, 2023, 2024, 2025",1.183,True
"Philip Morris International, Inc.",PM,OK,PM,PHILIP MORRIS INTERNATIONAL,1.0,"2010, 2011, 2012, 2013, 2014, 2015, 2016, 2017, 2018, 2019, 2020, 2021, 2022, 2023, 2024, 2025",1.177,True
Oracle Corp.,ORCL,OK,ORCL,ORACLE CORP,1.0,"2010, 2011, 2012, 2013, 2014, 2015, 2016, 2017, 2018, 2019, 2020, 2021, 2022, 2023, 2024, 2025",1.103,True
"Merck & Co., Inc.",MRK,OK,MRK,MERCK + CO. INC.,1.0,"2010, 2011, 2012, 2013, 2014, 2015, 2016, 2017, 2018, 2019, 2020, 2021, 2022, 2023, 2024, 2025",1.096,True
Intel Corp.,INTC,OK,INTC,INTEL CORP,1.0,"2010, 2011, 2012, 2013, 2014, 2015, 2016, 2017, 2018, 2019, 2020, 2021, 2022, 2023, 2024",1.088,True
"Home Depot, Inc.",HD,OK,HD,HOME DEPOT INC,1.0,"2010, 2015, 2016, 2017, 2018, 2019, 2020, 2021, 2022, 2023, 2024, 2025",1.073,True
"Mastercard, Inc. Class A",MA,OK,MA,MASTERCARD INC   A,1.0,"2017, 2018, 2019, 2020, 2021, 2022, 2023, 2024, 2025",1.072,True
"PepsiCo, Inc.",PEP,OK,PEP,PEPSICO INC,1.0,"2010, 2011, 2012, 2013, 2014, 2015, 2016, 2017, 2018, 2019, 2020, 2021, 2022, 2023, 2024, 2025",1.022,True
EXXONMOBIL HOLDINGS CORP,XOM,OK,XOM,EXXONMOBIL HOLDINGS CORP,1.0,2026,1.019807,True
JOHNSON + JOHNSON,JNJ,OK,JNJ,JOHNSON + JOHNSON,1.0,2026,0.986724,True
"Citigroup, Inc.",C,OK,C,CITIGROUP INC,1.0,"2010, 2011, 2012, 2013, 2014, 2015, 2016, 2017, 2018, 2019, 2020, 2021, 2022, 2023, 2024, 2025",0.985,True
VISA INC CLASS A SHARES,V,OK,V,VISA INC CLASS A SHARES,1.0,2026,0.951972,True
Walt Disney Co.,DIS,OK,DIS,WALT DISNEY CO/THE,1.0,"2015, 2016, 2017, 2018, 2019, 2020, 2021, 2022, 2023, 2024, 2025",0.95,True
"Gilead Sciences, Inc.",GILD,OK,GILD,GILEAD SCIENCES INC,1.0,"2010, 2011, 2012, 2013, 2014, 2015, 2016, 2017, 2018, 2019, 2020, 2021, 2022, 2023, 2024, 2025",0.919,True
"Netflix, Inc. ",NFLX,OK,NFLX,NETFLIX INC,1.0,2025,0.893,True
McDonald’s Corp.,MCD,OK,MCD,MCDONALD S CORP,1.0,"2010, 2011, 2012, 2013, 2014, 2015, 2016, 2017, 2018, 2019, 2020",0.88,True
Comcast Corp. Class A,CMCSA,OK,CMCSA,COMCAST CORP CLASS A,1.0,"2016, 2017, 2018, 2019, 2020, 2021, 2022, 2023, 2024, 2025",0.853,True
"Adobe, Inc.",ADBE,OK,ADBE,ADOBE INC,1.0,"2020, 2021, 2022, 2023, 2024",0.844,True
ConocoPhillips,COP,OK,COP,CONOCOPHILLIPS,1.0,"2010, 2011, 2012, 2013, 2014, 2015, 2016, 2017, 2018, 2019, 2020, 2021, 2022, 2023, 2024, 2025",0.843,True
"PayPal Holdings, Inc.",PYPL,OK,PYPL,PAYPAL HOLDINGS INC,1.0,"2015, 2016, 2017, 2018, 2019, 2020, 2021, 2022, 2023, 2024",0.837,True
Abbott Laboratories,ABT,OK,ABT,ABBOTT LABORATORIES,1.0,"2010, 2011, 2012, 2013, 2014, 2015, 2016, 2017, 2018, 2019, 2020, 2021, 2022, 2023, 2024, 2025",0.835,True
"QUALCOMM, Inc.",QCOM,OK,QCOM,QUALCOMM INC,1.0,"2010, 2011, 2012, 2013, 2014, 2015, 2016, 2017, 2018, 2019, 2020, 2021, 2022, 2023, 2024, 2025",0.826,True
Boeing Co.,BA,OK,BA,BOEING CO/THE,1.0,"2015, 2016, 2017, 2018, 2019, 2020, 2021, 2022, 2023, 2024",0.823,True
"salesforce.com, Inc.",CRM,OK,CRM,SALESFORCE INC,1.0,"2016, 2017, 2018, 2019, 2020, 2021",0.821,True
INTEL CORP,INTC,OK,INTC,INTEL CORP,1.0,2026,0.818519,True
Costco Wholesale Corp.,COST,OK,COST,COSTCO WHOLESALE CORP,1.0,"2010, 2011, 2012, 2013, 2014, 2015, 2016, 2017, 2018, 2019, 2020, 2021, 2022, 2023, 2024, 2025",0.807,True
"Visa, Inc. (Class A)",V,OK,V,VISA INC CLASS A SHARES,1.0,"2010, 2011, 2012, 2013, 2014, 2015",0.804,True
The Walt Disney Co.,DIS,OK,DIS,WALT DISNEY CO/THE,1.0,"2010, 2011, 2012, 2013, 2014",0.803,True
Comcast Corp. (Class A),CMCSA,OK,CMCSA,COMCAST CORP CLASS A,1.0,"2010, 2011, 2012, 2013, 2014, 2015",0.795,True
"Walmart, Inc.",WMT,OK,WMT,WALMART INC,1.0,"2018, 2019, 2020, 2021, 2022, 2023, 2024, 2025",0.793,True
"Netflix, Inc.",NFLX,OK,NFLX,NETFLIX INC,1.0,"2011, 2012, 2013, 2014, 2015, 2016, 2017, 2018, 2019, 2020, 2021, 2022, 2023, 2024",0.792,True
"AbbVie, Inc.",ABBV,OK,ABBV,ABBVIE INC,1.0,"2013, 2014, 2015, 2016, 2017, 2018, 2019, 2020, 2021, 2022, 2023, 2024, 2025",0.788,True
"Palantir Technologies, Inc. Class A ",PLTR,OK,PLTR,PALANTIR TECHNOLOGIES INC A,1.0,2025,0.727,True
"The Home Depot, Inc.",HD,OK,HD,HOME DEPOT INC,1.0,"2011, 2012, 2013, 2014",0.727,True
WALMART INC,WMT,OK,WMT,WALMART INC,1.0,2026,0.72147,True
"The Goldman Sachs Group, Inc.",GS,OK,GS,GOLDMAN SACHS GROUP INC,1.0,"2010, 2011, 2012, 2013, 2014",0.72,True
ABBVIE INC,ABBV,OK,ABBV,ABBVIE INC,1.0,2026,0.70732,True
MASTERCARD INC   A,MA,OK,MA,MASTERCARD INC   A,1.0,2026,0.693265,True
"Amgen, Inc.",AMGN,OK,AMGN,AMGEN INC,1.0,"2010, 2011, 2012, 2013, 2014, 2015, 2016, 2017, 2018, 2019, 2020, 2021, 2022, 2023, 2024, 2025",0.666,True
"Thermo Fisher Scientific, Inc.",TMO,OK,TMO,THERMO FISHER SCIENTIFIC INC,1.0,"2010, 2011, 2012, 2013, 2014, 2015, 2016, 2017, 2018, 2019, 2020, 2021, 2022, 2023, 2024, 2025",0.66,True
"Altria Group, Inc.",MO,OK,MO,ALTRIA GROUP INC,1.0,"2010, 2011, 2012, 2013, 2014, 2015, 2016, 2017, 2018, 2019, 2020, 2021, 2022, 2023, 2024, 2025",0.658,True
CISCO SYSTEMS INC,CSCO,OK,CSCO,CISCO SYSTEMS INC,1.0,2026,0.654504,True
"United Parcel Service, Inc. (Class B)",UPS,OK,UPS,UNITED PARCEL SERVICE CL B,1.0,"2010, 2011, 2012, 2014, 2015",0.639,True
Medtronic PLC,MDT,OK,MDT,MEDTRONIC PLC,1.0,"2015, 2016, 2017, 2018, 2019, 2020, 2021, 2022, 2023, 2024, 2025",0.637,True
CVS Health Corp.,CVS,OK,CVS,CVS HEALTH CORP,1.0,"2014, 2015, 2016, 2017, 2018, 2019, 2020, 2021, 2022, 2023, 2024, 2025",0.635,True
CHEVRON CORP,CVX,OK,CVX,CHEVRON CORP,1.0,2026,0.62788,True
PALANTIR TECHNOLOGIES INC A,PLTR,OK,PLTR,PALANTIR TECHNOLOGIES INC A,1.0,2026,0.619922,True
Occidental Petroleum Corp.,OXY,OK,OXY,OCCIDENTAL PETROLEUM CORP,1.0,"2010, 2011, 2012, 2013, 2014, 2015, 2016, 2017, 2018, 2019, 2020, 2021, 2022, 2023, 2024, 2025",0.615,True
COSTCO WHOLESALE CORP,COST,OK,COST,COSTCO WHOLESALE CORP,1.0,2026,0.602054,True
3M Co.,MMM,OK,MMM,3M CO,1.0,"2010, 2011, 2012, 2013, 2014, 2015, 2016, 2017, 2018, 2019, 2020, 2021, 2022, 2023, 2024, 2025",0.598,True
Bristol-Myers Squibb Co.,BMY,OK,BMY,BRISTOL MYERS SQUIBB CO,1.0,"2010, 2011, 2012, 2013, 2014, 2015, 2016, 2017, 2018, 2019, 2020, 2021, 2022, 2023, 2024, 2025",0.584,True
BANK OF AMERICA CORP,BAC,OK,BAC,BANK OF AMERICA CORP,1.0,2026,0.569268,True
CATERPILLAR INC,CAT,OK,CAT,CATERPILLAR INC,1.0,2026,0.563871,True
McDonald's Corp.,MCD,OK,MCD,MCDONALD S CORP,1.0,"2021, 2022, 2023, 2024, 2025",0.563,True
Danaher Corp.,DHR,OK,DHR,DANAHER CORP,1.0,"2010, 2011, 2012, 2013, 2014, 2015, 2016, 2017, 2018, 2019, 2020, 2021, 2022, 2023, 2024, 2025",0.561,True
"NIKE, Inc. Class B",NKE,OK,NKE,NIKE INC  CL B,1.0,"2016, 2017, 2018, 2019, 2020, 2021, 2022, 2023, 2024, 2025",0.56,True
Accenture PLC Class A,ACN,OK,ACN,ACCENTURE PLC CL A,1.0,"2016, 2017, 2018, 2019, 2020, 2021, 2022, 2023, 2024, 2025",0.556,True
Union Pacific Corp.,UNP,OK,UNP,UNION PACIFIC CORP,1.0,"2010, 2011, 2012, 2013, 2014, 2015, 2016, 2017, 2018, 2019, 2020, 2021, 2022, 2023, 2024, 2025",0.556,True
"Salesforce, Inc.",CRM,OK,CRM,SALESFORCE INC,1.0,"2022, 2023, 2024, 2025",0.55,True
MERCK + CO. INC.,MRK,OK,MRK,MERCK + CO. INC.,1.0,2026,0.549428,True
LAM RESEARCH CORP,LRCX,OK,LRCX,LAM RESEARCH CORP,1.0,2026,0.546839,True
"Advanced Micro Devices, Inc.",AMD,OK,AMD,ADVANCED MICRO DEVICES,1.0,"2010, 2011, 2012, 2017, 2018, 2019, 2020, 2021, 2022, 2023, 2024",0.546,True
The Boeing Co.,BA,OK,BA,BOEING CO/THE,1.0,"2010, 2011, 2012, 2013, 2014",0.545,True
"Adobe Systems, Inc.",ADBE,OK,ADBE,ADOBE INC,0.9,"2010, 2011, 2012, 2013, 2014, 2015, 2016, 2017, 2018, 2019",0.544,True
APPLIED MATERIALS INC,AMAT,OK,AMAT,APPLIED MATERIALS INC,1.0,2026,0.535183,True
"MasterCard, Inc. (Class A)",MA,OK,MA,MASTERCARD INC   A,1.0,"2010, 2011, 2012, 2013, 2014, 2015",0.532,True
"MasterCard, Inc. Class A",MA,OK,MA,MASTERCARD INC   A,1.0,2016,0.522,True
COCA COLA CO/THE,KO,OK,KO,COCA COLA CO/THE,1.0,2026,0.518145,True
PROCTER + GAMBLE CO/THE,PG,OK,PG,PROCTER + GAMBLE CO/THE,1.0,2026,0.515937,True
UNITEDHEALTH GROUP INC,UNH,OK,UNH,UNITEDHEALTH GROUP INC,1.0,2026,0.512949,True
"NextEra Energy, Inc.",NEE,OK,NEE,NEXTERA ENERGY INC,1.0,"2010, 2011, 2012, 2013, 2014, 2015, 2016, 2017, 2018, 2019, 2020, 2021, 2022, 2023, 2024, 2025",0.511,True
Linde PLC,LIN,OK,LIN,LINDE PLC,1.0,"2019, 2020, 2021, 2022, 2023, 2024, 2025",0.506,True
U.S. Bancorp,USB,OK,USB,US BANCORP,1.0,"2010, 2011, 2012, 2013, 2014, 2015, 2023, 2024, 2025",0.505,True
"Honeywell International, Inc.",HON,OK,HON,HONEYWELL INTERNATIONAL INC,1.0,"2010, 2011, 2012, 2013, 2014, 2015, 2016, 2017, 2018, 2019, 2020, 2021, 2022, 2023, 2024, 2025",0.504,True
Starbucks Corp.,SBUX,OK,SBUX,STARBUCKS CORP,1.0,"2010, 2011, 2012, 2013, 2014, 2015, 2016, 2017, 2018, 2019, 2020, 2021, 2022, 2023, 2024, 2025",0.499,True
GENERAL ELECTRIC,GE,OK,GE,GENERAL ELECTRIC,1.0,2026,0.494402,True
"NIKE, Inc. (Class B)",NKE,OK,NKE,NIKE INC  CL B,1.0,"2010, 2011, 2012, 2013, 2014, 2015",0.492,True
"Texas Instruments, Inc.",TXN,OK,TXN,TEXAS INSTRUMENTS INC,1.0,"2010, 2011, 2012, 2013, 2014, 2015, 2016, 2017, 2018, 2019, 2020, 2021, 2022, 2023, 2024, 2025",0.489,True
"American International Group, Inc.",AIG,OK,AIG,AMERICAN INTERNATIONAL GROUP,1.0,"2010, 2011, 2012, 2013, 2014, 2015, 2016, 2017, 2018, 2019, 2020, 2021, 2022, 2023, 2024, 2025",0.479,True
"Caterpillar, Inc.",CAT,OK,CAT,CATERPILLAR INC,1.0,"2010, 2011, 2012, 2013, 2014, 2015, 2016, 2017, 2018, 2019, 2020, 2021, 2022, 2023, 2024, 2025",0.478,True
American Express Co.,AXP,OK,AXP,AMERICAN EXPRESS CO,1.0,"2010, 2011, 2012, 2013, 2014, 2015, 2016, 2017, 2018, 2019, 2020, 2021, 2022, 2023, 2024, 2025",0.469,True
"Advanced Micro Devices, Inc. ",AMD,OK,AMD,ADVANCED MICRO DEVICES,1.0,2025,0.46,True
"Broadcom, Ltd.",AVGO,OK,AVGO,BROADCOM INC,1.0,"2016, 2017",0.457,True
HOME DEPOT INC,HD,OK,HD,HOME DEPOT INC,1.0,2026,0.453829,True
NETFLIX INC,NFLX,OK,NFLX,NETFLIX INC,1.0,2026,0.453233,True
"Lowe’s Cos., Inc.",LOW,OK,LOW,LOWE S COS INC,1.0,"2010, 2011, 2012, 2013, 2014, 2015, 2016, 2017, 2018, 2019, 2020",0.451,True
PALO ALTO NETWORKS INC,PANW,OK,PANW,PALO ALTO NETWORKS INC,1.0,2026,0.449461,True
"Biogen Idec, Inc.",BIIB,OK,BIIB,BIOGEN INC,0.9,"2010, 2011, 2012, 2013, 2014",0.446,True
PHILIP MORRIS INTERNATIONAL,PM,OK,PM,PHILIP MORRIS INTERNATIONAL,1.0,2026,0.44573,True
Ford Motor Co.,F,OK,F,FORD MOTOR CO,1.0,"2010, 2011, 2012, 2013, 2014, 2015, 2016, 2017, 2018, 2019, 2020, 2021, 2022, 2023, 2024, 2025",0.444,True
"United Parcel Service, Inc.(Class B)",UPS,OK,UPS,UNITED PARCEL SERVICE CL B,1.0,2013,0.441,True
"eBay, Inc.",EBAY,OK,EBAY,EBAY INC,1.0,"2010, 2011, 2012, 2013, 2014, 2015, 2016, 2017, 2018, 2019, 2020, 2021, 2022, 2023, 2024, 2025",0.436,True
"Goldman Sachs Group, Inc.",GS,OK,GS,GOLDMAN SACHS GROUP INC,1.0,"2015, 2016, 2017, 2018, 2019, 2020, 2021, 2022, 2023, 2024, 2025",0.423,True
"United Parcel Service, Inc. Class B",UPS,OK,UPS,UNITED PARCEL SERVICE CL B,1.0,"2017, 2018, 2019, 2020, 2021, 2022, 2023, 2024, 2025",0.422,True
Colgate-Palmolive Co.,CL,OK,CL,COLGATE PALMOLIVE CO,1.0,"2010, 2011, 2012, 2013, 2014, 2015, 2016, 2017, 2018, 2019, 2020, 2021, 2022, 2023, 2024, 2025",0.42,True
GOLDMAN SACHS GROUP INC,GS,OK,GS,GOLDMAN SACHS GROUP INC,1.0,2026,0.416031,True
"Biogen, Inc.",BIIB,OK,BIIB,BIOGEN INC,1.0,"2015, 2016, 2017, 2018, 2019, 2020, 2021, 2022, 2023, 2024",0.405,True
"Intuit, Inc.",INTU,OK,INTU,INTUIT INC,1.0,"2010, 2011, 2012, 2013, 2014, 2015, 2016, 2017, 2018, 2019, 2020, 2021, 2022, 2023, 2024, 2025",0.404,True
"United Parcel Service, Inc.Class B",UPS,OK,UPS,UNITED PARCEL SERVICE CL B,1.0,2016,0.401,True
"Mondelez International, Inc. (Class A)",MDLZ,OK,MDLZ,MONDELEZ INTERNATIONAL INC A,1.0,"2013, 2014, 2015",0.399,True
"Lowe's Cos., Inc.",LOW,OK,LOW,LOWE S COS INC,1.0,"2021, 2022, 2023, 2024, 2025",0.398,True
SANDISK CORP,SNDK,OK,SNDK,SANDISK CORP,1.0,2026,0.396791,True
RTX CORP,RTX,OK,RTX,RTX CORP,1.0,2026,0.396596,True
American Tower Corp. REIT,AMT,OK,AMT,AMERICAN TOWER CORP,0.9,"2016, 2017, 2018, 2019, 2020, 2021, 2022, 2023, 2024, 2025",0.396,True
US Bancorp,USB,OK,USB,US BANCORP,1.0,"2016, 2017, 2018, 2019, 2020, 2021, 2022",0.395,True
WELLS FARGO + CO,WFC,OK,WFC,WELLS FARGO + CO,1.0,2026,0.394826,True
RTX Corp.,RTX,OK,RTX,RTX CORP,1.0,"2023, 2024, 2025",0.393,True
Lockheed Martin Corp.,LMT,OK,LMT,LOCKHEED MARTIN CORP,1.0,"2010, 2011, 2012, 2013, 2014, 2015, 2016, 2017, 2018, 2019, 2020, 2021, 2022, 2023, 2024, 2025",0.392,True
E. I. du Pont de Nemours & Co.,DD,OK,DD,DUPONT DE NEMOURS INC,0.93,"2010, 2011, 2012, 2013, 2014, 2015",0.391,True
"Freeport-McMoRan Copper &Gold, Inc.",FCX,OK,FCX,FREEPORT MCMORAN INC,0.9,2010,0.39,True
Morgan Stanley,MS,OK,MS,MORGAN STANLEY,1.0,"2010, 2011, 2012, 2013, 2014, 2015, 2016, 2017, 2018, 2019, 2020, 2021, 2022, 2023, 2024, 2025",0.389,True
ORACLE CORP,ORCL,OK,ORCL,ORACLE CORP,1.0,2026,0.38696,True
Emerson Electric Co.,EMR,OK,EMR,EMERSON ELECTRIC CO,1.0,"2010, 2011, 2012, 2013, 2014, 2015, 2016, 2017, 2018, 2019, 2020, 2021, 2022, 2023, 2024, 2025",0.384,True
"Booking Holdings, Inc.",BKNG,OK,BKNG,BOOKING HOLDINGS INC,1.0,"2018, 2019, 2020, 2021, 2022, 2023, 2024, 2025",0.383,True
GE VERNOVA INC,GEV,OK,GEV,GE VERNOVA INC,1.0,2026,0.379676,True
"ServiceNow, Inc.",NOW,OK,NOW,SERVICENOW INC,1.0,"2020, 2021, 2022, 2023, 2024",0.378,True
Target Corp.,TGT,OK,TGT,TARGET CORP,1.0,"2010, 2011, 2012, 2013, 2014, 2015, 2016, 2017, 2018, 2019, 2020, 2021, 2022, 2023, 2024, 2025",0.373,True
"Moderna, Inc.",MRNA,OK,MRNA,MODERNA INC,1.0,"2021, 2022, 2023, 2024",0.37,True
TEXAS INSTRUMENTS INC,TXN,OK,TXN,TEXAS INSTRUMENTS INC,1.0,2026,0.369362,True
CROWDSTRIKE HOLDINGS INC   A,CRWD,OK,CRWD,CROWDSTRIKE HOLDINGS INC   A,1.0,2026,0.366889,True
MORGAN STANLEY,MS,OK,MS,MORGAN STANLEY,1.0,2026,0.366581,True
THERMO FISHER SCIENTIFIC INC,TMO,OK,TMO,THERMO FISHER SCIENTIFIC INC,1.0,2026,0.36517,True
Charles Schwab Corp.,SCHW,OK,SCHW,SCHWAB (CHARLES) CORP,0.9,"2015, 2016, 2017, 2018, 2019, 2020, 2021, 2022, 2023, 2024, 2025",0.364,True
"Elevance Health, Inc.",ELV,OK,ELV,ELEVANCE HEALTH INC,1.0,"2022, 2023, 2024, 2025",0.363,True
Accenture PLC (Class A),ACN,OK,ACN,ACCENTURE PLC CL A,1.0,"2011, 2012, 2013, 2014, 2015",0.362,True
"Mondelez International, Inc.Class A",MDLZ,OK,MDLZ,MONDELEZ INTERNATIONAL INC A,1.0,2016,0.362,True
"Intuitive Surgical, Inc.",ISRG,OK,ISRG,INTUITIVE SURGICAL INC,1.0,"2010, 2011, 2012, 2013, 2014, 2015, 2016, 2017, 2018, 2019, 2020, 2021, 2022, 2023, 2024",0.358,True
"Simon Property Group, Inc.",SPG,OK,SPG,SIMON PROPERTY GROUP INC,1.0,"2010, 2011, 2012, 2013, 2014, 2015",0.358,True
"Uber Technologies, Inc. ",UBER,OK,UBER,UBER TECHNOLOGIES INC,1.0,2025,0.358,True
"Medtronic, Inc.",MDT,OK,MDT,MEDTRONIC PLC,1.0,"2010, 2011, 2012, 2013, 2014",0.355,True
Duke Energy Corp.,DUK,OK,DUK,DUKE ENERGY CORP,1.0,"2010, 2011, 2012, 2013, 2014, 2015, 2016, 2017, 2018, 2019, 2020, 2021, 2022, 2023, 2024, 2025",0.354,True
Southern Co.,SO,OK,SO,SOUTHERN CO/THE,1.0,"2010, 2011, 2012, 2013, 2014, 2015, 2016, 2017, 2018, 2019, 2020, 2021, 2022, 2023, 2024, 2025",0.353,True
"MetLife, Inc.",MET,OK,MET,METLIFE INC,1.0,"2010, 2011, 2012, 2013, 2014, 2015, 2016, 2017, 2018, 2019, 2020, 2021, 2022, 2023, 2024, 2025",0.351,True
KLA CORP,KLAC,OK,KLAC,KLA CORP,1.0,2026,0.350758,True
"S&P Global, Inc.",SPGI,OK,SPGI,S+P GLOBAL INC,1.0,"2016, 2017, 2018, 2019, 2020, 2021, 2022, 2023, 2024, 2025",0.345,True
"Applied Materials, Inc.",AMAT,OK,AMAT,APPLIED MATERIALS INC,1.0,"2010, 2011, 2012, 2013, 2014, 2015, 2016, 2017, 2018, 2019, 2020, 2021, 2022, 2023, 2024, 2025",0.344,True
AppLovin Corp. Class A ,APP,OK,APP,APPLOVIN CORP CLASS A,1.0,2025,0.341,True
"Simon Property Group, Inc. REIT",SPG,OK,SPG,SIMON PROPERTY GROUP INC,0.9,"2016, 2017, 2018, 2019, 2020, 2021, 2022, 2023, 2024, 2025",0.341,True
"Charter Communications, Inc. Class A",CHTR,OK,CHTR,CHARTER COMMUNICATIONS INC A,1.0,"2017, 2018, 2019, 2020, 2021, 2022, 2023, 2024",0.338,True
"ServiceNow, Inc. ",NOW,OK,NOW,SERVICENOW INC,1.0,2025,0.336,True
CITIGROUP INC,C,OK,C,CITIGROUP INC,1.0,2026,0.335074,True
"Fidelity National Information Services, Inc.",FIS,OK,FIS,FIDELITY NATIONAL INFO SERV,0.83,"2010, 2011, 2012, 2013, 2014, 2015, 2016, 2017, 2018, 2019, 2020, 2021, 2022, 2023, 2024, 2025",0.33,True
INTL BUSINESS MACHINES CORP,IBM,OK,IBM,INTL BUSINESS MACHINES CORP,1.0,2026,0.328035,True
"BlackRock, Inc.",BLK,OK,BLK,BLACKROCK INC,1.0,"2011, 2012, 2013, 2014, 2015, 2016, 2017, 2018, 2019, 2020, 2021, 2022, 2023, 2024",0.328,True
"Micron Technology, Inc.",MU,OK,MU,MICRON TECHNOLOGY INC,1.0,"2010, 2011, 2012, 2013, 2014, 2015, 2016, 2017, 2018, 2019, 2020, 2021, 2022, 2023, 2024, 2025",0.328,True
MARVELL TECHNOLOGY INC,MRVL,OK,MRVL,MARVELL TECHNOLOGY INC,1.0,2026,0.32475,True
"Uber Technologies, Inc.",UBER,OK,UBER,UBER TECHNOLOGIES INC,1.0,2024,0.324,True
"Mondelez International, Inc. Class A",MDLZ,OK,MDLZ,MONDELEZ INTERNATIONAL INC A,1.0,"2017, 2018, 2019, 2020, 2021, 2022, 2023, 2024, 2025",0.323,True
LINDE PLC,LIN,OK,LIN,LINDE PLC,1.0,2026,0.321721,True
ARISTA NETWORKS INC,ANET,OK,ANET,ARISTA NETWORKS INC,1.0,2026,0.316599,True
AMGEN INC,AMGN,OK,AMGN,AMGEN INC,1.0,2026,0.316302,True
Halliburton Co.,HAL,OK,HAL,HALLIBURTON CO,1.0,"2010, 2011, 2012, 2013, 2014, 2015, 2016, 2017, 2018, 2019, 2020, 2021, 2022, 2023, 2024, 2025",0.313,True
"Automatic Data Processing, Inc.",ADP,OK,ADP,AUTOMATIC DATA PROCESSING,1.0,"2010, 2011, 2012, 2013, 2014, 2015, 2016, 2017, 2018, 2019, 2020, 2021, 2022, 2023, 2024, 2025",0.312,True
"Charter Communications, Inc.Class A",CHTR,OK,CHTR,CHARTER COMMUNICATIONS INC A,1.0,2016,0.312,True
E.I. du Pont de Nemours & Co.,DD,OK,DD,DUPONT DE NEMOURS INC,0.93,2016,0.311,True
"Baxter International, Inc.",BAX,OK,BAX,BAXTER INTERNATIONAL INC,1.0,"2010, 2011, 2012, 2013, 2014, 2015, 2016, 2017, 2018, 2019, 2020, 2021, 2022, 2023, 2024, 2025",0.31,True
"Chubb, Ltd.",CB,OK,CB,CHUBB LTD,1.0,"2016, 2017, 2018, 2019, 2020, 2021, 2022",0.31,True
Deere & Co.,DE,OK,DE,DEERE + CO,1.0,"2010, 2011, 2012, 2013, 2014, 2015, 2016, 2017, 2018, 2019, 2020, 2021, 2022, 2023, 2024, 2025",0.309,True
"EOG Resources, Inc.",EOG,OK,EOG,EOG RESOURCES INC,1.0,"2010, 2011, 2012, 2013, 2014, 2015, 2016, 2017, 2018, 2019, 2020, 2021, 2022, 2023, 2024, 2025",0.309,True
"CME Group, Inc.",CME,OK,CME,CME GROUP INC,1.0,"2010, 2011, 2012, 2013, 2014, 2015, 2016, 2017, 2018, 2019, 2020, 2021, 2022, 2023, 2024, 2025",0.305,True
Progressive Corp.,PGR,OK,PGR,PROGRESSIVE CORP,1.0,"2015, 2016, 2017, 2018, 2019, 2020, 2021, 2022, 2023, 2024, 2025",0.305,True
VERIZON COMMUNICATIONS INC,VZ,OK,VZ,VERIZON COMMUNICATIONS INC,1.0,2026,0.302869,True
Newmont Mining Corp.,NEM,OK,NEM,NEWMONT CORP,0.9,"2010, 2011, 2012, 2013, 2014, 2015, 2016, 2017, 2018",0.301,True
"PNC Financial Services Group, Inc.",PNC,OK,PNC,PNC FINANCIAL SERVICES GROUP,1.0,"2011, 2012, 2013, 2014, 2015, 2016, 2017, 2018, 2019, 2020, 2021, 2022, 2023, 2024, 2025",0.299,True
Lam Research Corp.,LRCX,OK,LRCX,LAM RESEARCH CORP,1.0,"2012, 2013, 2014, 2015, 2016, 2017, 2018, 2019, 2020, 2021, 2022, 2023, 2024, 2025",0.297,True
SALESFORCE INC,CRM,OK,CRM,SALESFORCE INC,1.0,2026,0.295622,True
SEAGATE TECHNOLOGY HOLDINGS,STX,OK,STX,SEAGATE TECHNOLOGY HOLDINGS,1.0,2026,0.295237,True
"Blackrock, Inc.",BLK,OK,BLK,BLACKROCK INC,1.0,2025,0.294,True
"Kinder Morgan, Inc.",KMI,OK,KMI,KINDER MORGAN INC,1.0,"2012, 2013, 2014, 2015, 2016, 2017, 2018, 2019, 2020, 2021, 2022, 2023, 2024, 2025",0.294,True
"GE Vernova, Inc.",GEV,OK,GEV,GE VERNOVA INC,1.0,"2024, 2025",0.293,True
"Freeport-McMoRan Copper & Gold, Inc.",FCX,OK,FCX,FREEPORT MCMORAN INC,0.9,"2011, 2012, 2013",0.292,True
AMPHENOL CORP CL A,APH,OK,APH,AMPHENOL CORP CL A,1.0,2026,0.289879,True
"Prologis, Inc. REIT",PLD,OK,PLD,PROLOGIS INC,0.9,"2016, 2017, 2018, 2019, 2020, 2021, 2022, 2023, 2024, 2025",0.289,True
QUALCOMM INC,QCOM,OK,QCOM,QUALCOMM INC,1.0,2026,0.287916,True
Boeing Co. ,BA,OK,BA,BOEING CO/THE,1.0,2025,0.286,True
"TJX Cos., Inc.",TJX,OK,TJX,TJX COMPANIES INC,1.0,"2010, 2011, 2012, 2013, 2014, 2015, 2016, 2017, 2018, 2019, 2020, 2021, 2022, 2023, 2024, 2025",0.285,True
Becton Dickinson and Co.,BDX,OK,BDX,BECTON DICKINSON AND CO,1.0,"2016, 2017, 2018, 2019, 2020, 2021",0.284,True
Kraft Heinz Co.,KHC,OK,KHC,KRAFT HEINZ CO/THE,1.0,"2015, 2016, 2017, 2018, 2019, 2020, 2021, 2022, 2023, 2024, 2025",0.284,True
GILEAD SCIENCES INC,GILD,OK,GILD,GILEAD SCIENCES INC,1.0,2026,0.282129,True
"Zoetis, Inc.",ZTS,OK,ZTS,ZOETIS INC,1.0,"2013, 2014, 2015, 2016, 2017, 2018, 2019, 2020, 2021, 2022, 2023, 2024, 2025",0.282,True
Cigna Corp.,CI,OK,CI,THE CIGNA GROUP,1.0,"2016, 2017, 2018, 2019, 2020, 2021, 2022",0.281,True
"Intuitive Surgical, Inc. ",ISRG,OK,ISRG,INTUITIVE SURGICAL INC,1.0,2025,0.281,True
Stryker Corp.,SYK,OK,SYK,STRYKER CORP,1.0,"2010, 2011, 2012, 2013, 2014, 2015, 2016, 2017, 2018, 2019, 2020, 2021, 2022, 2023, 2024, 2025",0.281,True
ANALOG DEVICES INC,ADI,OK,ADI,ANALOG DEVICES INC,1.0,2026,0.277382,True
"Corning, Inc.",GLW,OK,GLW,CORNING INC,1.0,"2010, 2011, 2012, 2013, 2014, 2015, 2016, 2017, 2018, 2019, 2020, 2021, 2022, 2023, 2024, 2025",0.276,True
Exelon Corp.,EXC,OK,EXC,EXELON CORP,1.0,"2010, 2011, 2012, 2013, 2014, 2015, 2016, 2017, 2018, 2019, 2020, 2021, 2022, 2023, 2024, 2025",0.273,True
Devon Energy Corp.,DVN,OK,DVN,DEVON ENERGY CORP,1.0,"2010, 2011, 2012, 2013, 2014, 2015, 2016, 2017, 2018, 2019, 2020, 2021, 2022, 2023, 2024, 2025",0.272,True
Eaton Corp. PLC,ETN,OK,ETN,EATON CORP PLC,1.0,"2013, 2014, 2015, 2016, 2017, 2018, 2019, 2020, 2021, 2022, 2023, 2024, 2025",0.271,True
"Dominion Energy, Inc.",D,OK,D,DOMINION ENERGY INC,1.0,"2017, 2018, 2019, 2020, 2021, 2022, 2023, 2024, 2025",0.27,True
Kimberly-Clark Corp.,KMB,OK,KMB,KIMBERLY CLARK CORP,1.0,"2010, 2011, 2012, 2013, 2014, 2015, 2016, 2017, 2018, 2019, 2020, 2021, 2022, 2023, 2024, 2025",0.27,True
ABBOTT LABORATORIES,ABT,OK,ABT,ABBOTT LABORATORIES,1.0,2026,0.269318,True
WALT DISNEY CO/THE,DIS,OK,DIS,WALT DISNEY CO/THE,1.0,2026,0.268708,True
PEPSICO INC,PEP,OK,PEP,PEPSICO INC,1.0,2026,0.26843,True
Capital One Financial Corp.,COF,OK,COF,CAPITAL ONE FINANCIAL CORP,1.0,"2010, 2011, 2012, 2013, 2014, 2015, 2016, 2017, 2018, 2019, 2020, 2021, 2022, 2023, 2024, 2025",0.268,True
"T-Mobile US, Inc.",TMUS,OK,TMUS,T MOBILE US INC,1.0,"2021, 2022",0.268,True
MCDONALD S CORP,MCD,OK,MCD,MCDONALD S CORP,1.0,2026,0.266255,True
Amphenol Corp. Class A,APH,OK,APH,AMPHENOL CORP CL A,1.0,"2016, 2017, 2018, 2019, 2020, 2021, 2022, 2023, 2024, 2025",0.265,True
General Dynamics Corp.,GD,OK,GD,GENERAL DYNAMICS CORP,1.0,"2010, 2011, 2012, 2013, 2014, 2015, 2016, 2017, 2018, 2019, 2020, 2021, 2022, 2023, 2024, 2025",0.265,True
LyondellBasell Industries NV (Class A),LYB,OK,LYB,LYONDELLBASELL INDU CL A,0.86,"2012, 2013, 2014, 2015",0.264,True
"PNC Financial ServicesGroup, Inc.",PNC,OK,PNC,PNC FINANCIAL SERVICES GROUP,0.9,2010,0.264,True
AT+T INC,T,OK,T,AT+T INC,1.0,2026,0.263806,True
"Arista Networks, Inc. ",ANET,OK,ANET,ARISTA NETWORKS INC,1.0,2025,0.263,True
"Adobe, Inc. ",ADBE,OK,ADBE,ADOBE INC,1.0,2025,0.262,True
"Marsh & McLennan Cos., Inc.",MRSH,OK,MRSH,MARSH + MCLENNAN COS,1.0,"2010, 2011, 2012, 2013, 2014, 2015, 2016, 2017, 2018, 2019, 2020, 2021, 2022, 2023, 2024, 2025",0.262,True
DELL TECHNOLOGIES  C,DELL,OK,DELL,DELL TECHNOLOGIES  C,1.0,2026,0.260471,True
DEERE + CO,DE,OK,DE,DEERE + CO,1.0,2026,0.260255,True
Phillips 66,PSX,OK,PSX,PHILLIPS 66,1.0,"2012, 2013, 2014, 2015, 2016, 2017, 2018, 2019, 2020, 2021, 2022, 2023",0.26,True
SCHWAB (CHARLES) CORP,SCHW,OK,SCHW,SCHWAB (CHARLES) CORP,1.0,2026,0.259316,True
FedEx Corp.,FDX,OK,FDX,FEDEX CORP,1.0,"2010, 2011, 2012, 2013, 2014, 2015, 2016, 2017, 2018, 2019, 2020, 2021, 2022, 2023, 2024, 2025",0.259,True
Intel Corp. ,INTC,OK,INTC,INTEL CORP,1.0,2025,0.258,True
McKesson Corp.,MCK,OK,MCK,MCKESSON CORP,1.0,"2010, 2011, 2012, 2013, 2014, 2015, 2016, 2017, 2018, 2019, 2020, 2021, 2022, 2023, 2024, 2025",0.257,True
General Motors Co..,GM,OK,GM,GENERAL MOTORS CO,1.0,2015,0.256,True
"Salesforce.com, Inc.",CRM,OK,CRM,SALESFORCE INC,1.0,"2010, 2011, 2012, 2013, 2014, 2015",0.255,True
NEXTERA ENERGY INC,NEE,OK,NEE,NEXTERA ENERGY INC,1.0,2026,0.254909,True
Boston Scientific Corp.,BSX,OK,BSX,BOSTON SCIENTIFIC CORP,1.0,"2010, 2011, 2012, 2013, 2014, 2015, 2016, 2017, 2018, 2019, 2020, 2021, 2022, 2023, 2024",0.254,True
Boston Scientific Corp. ,BSX,OK,BSX,BOSTON SCIENTIFIC CORP,1.0,2025,0.254,True
"Vertex Pharmaceuticals, Inc.",VRTX,OK,VRTX,VERTEX PHARMACEUTICALS INC,1.0,"2013, 2014, 2015, 2016, 2017, 2018, 2019, 2020, 2021, 2022, 2023, 2024",0.254,True
UNION PACIFIC CORP,UNP,OK,UNP,UNION PACIFIC CORP,1.0,2026,0.251946,True
EATON CORP PLC,ETN,OK,ETN,EATON CORP PLC,1.0,2026,0.250538,True
WELLTOWER INC,WELL,OK,WELL,WELLTOWER INC,1.0,2026,0.250212,True
Crown Castle International Corp. REIT,CCI,OK,CCI,CROWN CASTLE INC,0.9,"2016, 2017, 2018, 2019, 2020, 2021",0.25,True
KLA Corp.,KLAC,OK,KLAC,KLA CORP,1.0,"2019, 2020, 2021, 2022, 2023, 2024, 2025",0.25,True
AMERICAN EXPRESS CO,AXP,OK,AXP,AMERICAN EXPRESS CO,1.0,2026,0.248925,True
"Analog Devices, Inc.",ADI,OK,ADI,ANALOG DEVICES INC,1.0,"2010, 2011, 2012, 2013, 2014, 2015, 2016, 2017, 2018, 2019, 2020, 2021, 2022, 2023, 2024, 2025",0.247,True
CSX Corp.,CSX,OK,CSX,CSX CORP,1.0,"2010, 2011, 2012, 2013, 2014, 2015, 2016, 2017, 2018, 2019, 2020, 2021, 2022, 2023, 2024, 2025",0.246,True
General Motors Co.,GM,OK,GM,GENERAL MOTORS CO,1.0,"2013, 2014, 2016, 2017, 2018, 2019, 2020, 2021, 2022, 2023, 2024, 2025",0.246,True
"Regeneron Pharmaceuticals, Inc.",REGN,OK,REGN,REGENERON PHARMACEUTICALS,1.0,"2013, 2014, 2015, 2016, 2017, 2018, 2019, 2020, 2021, 2022, 2023, 2024, 2025",0.246,True
"Prudential Financial, Inc.",PRU,OK,PRU,PRUDENTIAL FINANCIAL INC,1.0,"2010, 2011, 2012, 2013, 2014, 2015, 2016, 2017, 2018, 2019, 2020, 2021, 2022, 2023, 2024, 2025",0.244,True
"Equinix, Inc. REIT",EQIX,OK,EQIX,EQUINIX INC,0.9,"2016, 2017, 2018, 2019, 2020, 2021, 2022, 2023, 2024, 2025",0.242,True
"General Mills, Inc.",GIS,OK,GIS,GENERAL MILLS INC,1.0,"2010, 2011, 2012, 2013, 2014, 2015, 2016, 2017, 2018, 2019, 2020, 2021, 2022, 2023, 2024, 2025",0.242,True
WESTERN DIGITAL CORP,WDC,OK,WDC,WESTERN DIGITAL CORP,1.0,2026,0.241367,True
CONOCOPHILLIPS,COP,OK,COP,CONOCOPHILLIPS,1.0,2026,0.240222,True
PFIZER INC,PFE,OK,PFE,PFIZER INC,1.0,2026,0.239351,True
Northrop Grumman Corp.,NOC,OK,NOC,NORTHROP GRUMMAN CORP,1.0,"2010, 2011, 2012, 2013, 2014, 2015, 2016, 2017, 2018, 2019, 2020, 2021, 2022, 2023, 2024, 2025",0.239,True
"T-MobileUS, Inc.",TMUS,OK,TMUS,T MOBILE US INC,1.0,"2019, 2020",0.239,True
Chubb Ltd.,CB,OK,CB,CHUBB LTD,1.0,"2023, 2024, 2025",0.238,True
"Fiserv, Inc.",FISV,OK,FISV,FISERV INC,1.0,"2010, 2011, 2012, 2013, 2014, 2015, 2016, 2017, 2018, 2019, 2020, 2021, 2022, 2023, 2024",0.238,True
"Palo Alto Networks, Inc. ",PANW,OK,PANW,PALO ALTO NETWORKS INC,1.0,2025,0.238,True
BOEING CO/THE,BA,OK,BA,BOEING CO/THE,1.0,2026,0.237614,True
"The Travelers Cos., Inc.",TRV,OK,TRV,TRAVELERS COS INC/THE,1.0,"2010, 2011, 2012, 2013, 2014",0.237,True
Cigna Group,CI,OK,CI,THE CIGNA GROUP,1.0,"2023, 2024, 2025",0.236,True
"AFLAC, Inc.",AFL,OK,AFL,AFLAC INC,1.0,"2010, 2011, 2012, 2013, 2014, 2015",0.235,True
"Air Products & Chemicals, Inc.",APD,OK,APD,AIR PRODUCTS + CHEMICALS INC,1.0,"2010, 2011, 2012, 2013, 2014, 2015, 2016, 2017, 2018, 2019, 2020, 2021, 2022, 2023, 2024, 2025",0.235,True
BLACKROCK INC,BLK,OK,BLK,BLACKROCK INC,1.0,2026,0.233703,True
"Illinois Tool Works, Inc.",ITW,OK,ITW,ILLINOIS TOOL WORKS,1.0,"2010, 2011, 2012, 2013, 2014, 2015, 2016, 2017, 2018, 2019, 2020, 2021, 2022, 2023, 2024, 2025",0.231,True
"Blackstone, Inc.",BX,OK,BX,BLACKSTONE INC,1.0,"2023, 2024, 2025",0.227,True
"Palo Alto Networks, Inc.",PANW,OK,PANW,PALO ALTO NETWORKS INC,1.0,"2023, 2024",0.227,True
UBER TECHNOLOGIES INC,UBER,OK,UBER,UBER TECHNOLOGIES INC,1.0,2026,0.218422,True
"Crowdstrike Holdings, Inc. Class A ",CRWD,OK,CRWD,CROWDSTRIKE HOLDINGS INC   A,1.0,2025,0.214,True
Truist Financial Corp.,TFC,OK,TFC,TRUIST FINANCIAL CORP,1.0,"2020, 2021, 2022, 2023, 2024, 2025",0.214,True
TJX COMPANIES INC,TJX,OK,TJX,TJX COMPANIES INC,1.0,2026,0.213207,True
SERVICENOW INC,NOW,OK,NOW,SERVICENOW INC,1.0,2026,0.21244,True
INTUITIVE SURGICAL INC,ISRG,OK,ISRG,INTUITIVE SURGICAL INC,1.0,2026,0.210767,True
"Welltower, Inc. REIT",WELL,OK,WELL,WELLTOWER INC,0.9,"2016, 2017, 2018, 2019, 2020, 2021, 2022, 2023, 2024, 2025",0.209,True
"T-Mobile U.S., Inc.",TMUS,OK,TMUS,T MOBILE US INC,1.0,"2023, 2024, 2025",0.208,True
DANAHER CORP,DHR,OK,DHR,DANAHER CORP,1.0,2026,0.201011,True
NEWMONT CORP,NEM,OK,NEM,NEWMONT CORP,1.0,2026,0.197046,True
BRISTOL MYERS SQUIBB CO,BMY,OK,BMY,BRISTOL MYERS SQUIBB CO,1.0,2026,0.195486,True
VERTEX PHARMACEUTICALS INC,VRTX,OK,VRTX,VERTEX PHARMACEUTICALS INC,1.0,2026,0.195429,True
PROLOGIS INC,PLD,OK,PLD,PROLOGIS INC,1.0,2026,0.194369,True
"Robinhood Markets, Inc. Class A ",HOOD,OK,HOOD,ROBINHOOD MARKETS INC   A,1.0,2025,0.194,True
BOOKING HOLDINGS INC,BKNG,OK,BKNG,BOOKING HOLDINGS INC,1.0,2026,0.191162,True
PROGRESSIVE CORP,PGR,OK,PGR,PROGRESSIVE CORP,1.0,2026,0.188255,True
CAPITAL ONE FINANCIAL CORP,COF,OK,COF,CAPITAL ONE FINANCIAL CORP,1.0,2026,0.188175,True
S+P GLOBAL INC,SPGI,OK,SPGI,S+P GLOBAL INC,1.0,2026,0.185673,True
CHUBB LTD,CB,OK,CB,CHUBB LTD,1.0,2026,0.181202,True
MARATHON PETROLEUM CORP,MPC,OK,MPC,MARATHON PETROLEUM CORP,1.0,2026,0.180787,True
PARKER HANNIFIN CORP,PH,OK,PH,PARKER HANNIFIN CORP,1.0,2026,0.180603,True
VALERO ENERGY CORP,VLO,OK,VLO,VALERO ENERGY CORP,1.0,2026,0.180488,True
CORNING INC,GLW,OK,GLW,CORNING INC,1.0,2026,0.180464,True
MEDTRONIC PLC,MDT,OK,MDT,MEDTRONIC PLC,1.0,2026,0.178684,True
ALTRIA GROUP INC,MO,OK,MO,ALTRIA GROUP INC,1.0,2026,0.176196,True
CVS HEALTH CORP,CVS,OK,CVS,CVS HEALTH CORP,1.0,2026,0.172346,True
ALPHABET INC CL C,GOOG,OK,GOOG,ALPHABET INC CL C,1.0,2026,2.483125,False
Johnson Controls International PLC,JCI,OK,JCI,JOHNSON CONTROLS INTERNATION,0.97,"2016, 2017, 2018, 2019, 2020, 2021, 2022, 2023, 2024, 2025",0.234,False
"Yum! Brands, Inc.",YUM,OK,YUM,YUM  BRANDS INC,1.0,"2010, 2011, 2012, 2013, 2014, 2015, 2016, 2017, 2018, 2019, 2020, 2021, 2022, 2023, 2024, 2025",0.234,False
Cognizant Technology Solutions Corp. (Class A),CTSH,OK,CTSH,COGNIZANT TECH SOLUTIONS A,0.89,"2010, 2011, 2012, 2013, 2014, 2015",0.225,False
American Tower Corp.,AMT,OK,AMT,AMERICAN TOWER CORP,1.0,"2012, 2013, 2014, 2015",0.22,False
"Illumina, Inc.",ILMN,OK,ILMN,ILLUMINA INC,1.0,"2016, 2017, 2018, 2019, 2020, 2021, 2022, 2023",0.218,False
"DuPont de Nemours, Inc.",DD,OK,DD,DUPONT DE NEMOURS INC,1.0,"2019, 2020, 2021, 2022, 2023, 2024, 2025",0.216,False
Norfolk Southern Corp.,NSC,OK,NSC,NORFOLK SOUTHERN CORP,1.0,"2010, 2011, 2012, 2013, 2014, 2015, 2016, 2017, 2018, 2019, 2020, 2021, 2022, 2023, 2024, 2025",0.213,False
"The Williams Cos., Inc.",WMB,OK,WMB,WILLIAMS COS INC,1.0,"2010, 2011, 2012, 2013, 2014",0.213,False
Becton Dickinson & Co.,BDX,OK,BDX,BECTON DICKINSON AND CO,1.0,"2022, 2023, 2024, 2025",0.211,False
"Delta Air Lines, Inc.",DAL,OK,DAL,DELTA AIR LINES INC,1.0,"2013, 2014, 2015, 2016, 2017, 2018, 2019, 2020, 2021, 2022, 2023, 2024, 2025",0.211,False
"Intercontinental Exchange, Inc.",ICE,OK,ICE,INTERCONTINENTAL EXCHANGE IN,0.96,"2015, 2016, 2017, 2018, 2019, 2020, 2021, 2022, 2023, 2024",0.21,False
Kroger Co.,KR,OK,KR,KROGER CO,1.0,"2015, 2016, 2017, 2018, 2019, 2020, 2021, 2022, 2023, 2024, 2025",0.208,False
American Tower Corp.(Class A),AMT,OK,AMT,AMERICAN TOWER CORP,1.0,2011,0.207,False
"Crown Castle, Inc. REIT",CCI,OK,CCI,CROWN CASTLE INC,0.9,"2022, 2023, 2024, 2025",0.207,False
CIGNA Corp.,CI,OK,CI,THE CIGNA GROUP,1.0,"2010, 2011, 2012, 2013, 2014, 2015",0.205,False
Sherwin-Williams Co.,SHW,OK,SHW,SHERWIN WILLIAMS CO/THE,1.0,"2010, 2011, 2012, 2013, 2014, 2015, 2016, 2017, 2018, 2019, 2020, 2021, 2022, 2023, 2024, 2025",0.205,False
"Arista Networks, Inc.",ANET,OK,ANET,ARISTA NETWORKS INC,1.0,"2018, 2019, 2020, 2021, 2022, 2023, 2024",0.203,False
"Humana, Inc.",HUM,OK,HUM,HUMANA INC,1.0,"2010, 2011, 2012, 2013, 2014, 2015, 2016, 2017, 2018, 2019, 2020, 2021, 2022, 2023, 2024, 2025",0.203,False
"Ecolab, Inc.",ECL,OK,ECL,ECOLAB INC,1.0,"2010, 2011, 2012, 2013, 2014, 2015, 2016, 2017, 2018, 2019, 2020, 2021, 2022, 2023, 2024, 2025",0.201,False
Hewlett Packard Enterprise Co.,HPE,OK,HPE,HEWLETT PACKARD ENTERPRISE,1.0,"2016, 2017, 2018, 2019, 2020, 2021, 2022, 2023, 2024, 2025",0.201,False
American Tower Corp. (Class A),AMT,OK,AMT,AMERICAN TOWER CORP,1.0,2010,0.2,False
"Waste Management, Inc.",WM,OK,WM,WASTE MANAGEMENT INC,1.0,"2010, 2011, 2012, 2013, 2014, 2015, 2016, 2017, 2018, 2019, 2020, 2021, 2022, 2023, 2024, 2025",0.2,False
Archer-Daniels-Midland Co.,ADM,OK,ADM,ARCHER DANIELS MIDLAND CO,1.0,"2010, 2011, 2012, 2013, 2014, 2015, 2016, 2017, 2018, 2019, 2020, 2021, 2022, 2023, 2024, 2025",0.199,False
Cognizant Technology Solutions Corp. Class A,CTSH,OK,CTSH,COGNIZANT TECH SOLUTIONS A,0.89,"2016, 2017, 2018, 2019, 2020, 2021, 2022, 2023, 2024, 2025",0.198,False
Valero Energy Corp.,VLO,OK,VLO,VALERO ENERGY CORP,1.0,"2010, 2011, 2012, 2013, 2014, 2015, 2016, 2017, 2018, 2019, 2020, 2021, 2022, 2023, 2024, 2025",0.198,False
State Street Corp.(c),STT,OK,STT,STATE STREET CORP,1.0,"2012, 2013, 2015, 2016, 2017, 2018, 2019, 2020",0.196,False
"Baker Hughes, Inc.",BKR,OK,BKR,BAKER HUGHES CO,1.0,"2010, 2011, 2012, 2013, 2014, 2015, 2016",0.194,False
"Synopsys, Inc.",SNPS,OK,SNPS,SYNOPSYS INC,1.0,"2017, 2018, 2019, 2020, 2021, 2022, 2023, 2024",0.194,False
Edwards Lifesciences Corp.,EW,OK,EW,EDWARDS LIFESCIENCES CORP,1.0,"2011, 2012, 2013, 2014, 2015, 2016, 2017, 2018, 2019, 2020, 2021, 2022, 2023, 2024",0.193,False
"Freeport-McMoRan, Inc.",FCX,OK,FCX,FREEPORT MCMORAN INC,1.0,"2014, 2015, 2016, 2017, 2018, 2019, 2020, 2021, 2022, 2023, 2024, 2025",0.193,False
"Global Payments, Inc.",GPN,OK,GPN,GLOBAL PAYMENTS INC,1.0,"2016, 2017, 2018, 2019, 2020, 2021, 2022, 2023, 2024, 2025",0.193,False
The Charles Schwab Corp.,SCHW,OK,SCHW,SCHWAB (CHARLES) CORP,0.9,"2010, 2011, 2012, 2013, 2014",0.193,False
"Motorola, Inc.",MSI,OK,MSI,MOTOROLA SOLUTIONS INC,0.9,2010,0.192,False
"Estee Lauder Cos., Inc. Class A",EL,OK,EL,ESTEE LAUDER COMPANIES CL A,1.0,"2017, 2018, 2019, 2020, 2021, 2022, 2023, 2024, 2025",0.191,False
"L3Harris Technologies, Inc.",LHX,OK,LHX,L3HARRIS TECHNOLOGIES INC,1.0,"2019, 2020, 2021, 2022, 2023, 2024, 2025",0.189,False
Aon PLC Class A,AON,OK,AON,AON PLC CLASS A,1.0,"2020, 2021, 2022, 2023, 2024, 2025",0.188,False
Dollar General Corp.,DG,OK,DG,DOLLAR GENERAL CORP,1.0,"2013, 2014, 2015, 2016, 2017, 2018, 2019, 2020, 2021, 2022, 2023, 2024, 2025",0.187,False
"American Electric Power Co., Inc.",AEP,OK,AEP,AMERICAN ELECTRIC POWER,1.0,"2010, 2011, 2012, 2013, 2014, 2015, 2016, 2017, 2018, 2019, 2020, 2021, 2022, 2023, 2024, 2025",0.186,False
Aon PLC,AON,OK,AON,AON PLC CLASS A,1.0,"2012, 2013, 2014, 2015, 2016, 2017, 2018, 2019",0.185,False
"Public Storage, Inc.",PSA,OK,PSA,PUBLIC STORAGE,1.0,"2010, 2011, 2012, 2013, 2014, 2015",0.184,False
Newmont Corp.,NEM,OK,NEM,NEWMONT CORP,1.0,"2020, 2021, 2022, 2023, 2024, 2025",0.183,False
State Street Corp.,STT,OK,STT,STATE STREET CORP,1.0,"2010, 2011",0.183,False
"Travelers Cos., Inc.",TRV,OK,TRV,TRAVELERS COS INC/THE,1.0,"2015, 2016, 2017, 2018, 2019, 2020, 2021, 2022, 2023, 2024, 2025",0.183,False
"Autodesk, Inc.",ADSK,OK,ADSK,AUTODESK INC,1.0,"2010, 2011, 2012, 2013, 2014, 2015, 2016, 2017, 2018, 2019, 2020, 2021, 2022, 2023, 2024",0.182,False
FirstEnergy Corp.,FE,OK,FE,FIRSTENERGY CORP,1.0,"2010, 2011, 2012, 2013, 2014, 2015, 2016, 2017, 2018, 2019, 2020, 2021, 2022, 2023, 2024, 2025",0.182,False
"KKR & Co., Inc.",KKR,OK,KKR,KKR + CO INC,1.0,"2024, 2025",0.181,False
Constellation Energy Corp.,CEG,OK,CEG,CONSTELLATION ENERGY,1.0,"2022, 2023, 2024, 2025",0.18,False
Trane Technologies PLC,TT,OK,TT,TRANE TECHNOLOGIES PLC,1.0,"2020, 2021, 2022, 2023, 2024, 2025",0.18,False
State Street Corp.(d),STT,OK,STT,STATE STREET CORP,0.96,2014,0.178,False
"Cadence Design Systems, Inc.",CDNS,OK,CDNS,CADENCE DESIGN SYS INC,0.9,"2017, 2018, 2019, 2020, 2021, 2022, 2023, 2024",0.177,False
"Cummins, Inc.",CMI,OK,CMI,CUMMINS INC,1.0,"2010, 2011, 2012, 2013, 2014, 2015, 2016, 2017, 2018, 2019, 2020, 2021, 2022, 2023, 2024, 2025",0.176,False
"DoorDash, Inc. Class A ",DASH,OK,DASH,DOORDASH INC   A,1.0,2025,0.176,False
"Vertex Pharmaceuticals, Inc. ",VRTX,OK,VRTX,VERTEX PHARMACEUTICALS INC,1.0,2025,0.176,False
Public Storage REIT,PSA,OK,PSA,PUBLIC STORAGE,0.9,"2016, 2017, 2018, 2019, 2020, 2021, 2022, 2023, 2024, 2025",0.175,False
"NetApp, Inc.",NTAP,OK,NTAP,NETAPP INC,1.0,"2010, 2011, 2012, 2013, 2014, 2015, 2016, 2017, 2018, 2019, 2020, 2021, 2022, 2023, 2024, 2025",0.172,False
PG&E Corp.,PCG,OK,PCG,P G + E CORP,1.0,"2010, 2011, 2012, 2013, 2014, 2015, 2016, 2017, 2018, 2022, 2023, 2024, 2025",0.172,False
"PACCAR, Inc.",PCAR,OK,PCAR,PACCAR INC,1.0,"2010, 2011, 2012, 2013, 2014, 2015, 2016, 2017, 2018, 2019, 2020, 2021, 2022, 2023, 2024, 2025",0.17,False
Parker-Hannifin Corp.,PH,OK,PH,PARKER HANNIFIN CORP,1.0,"2010, 2011, 2012, 2013, 2014, 2015, 2016, 2017, 2018, 2019, 2020, 2021, 2022, 2023, 2024, 2025",0.17,False
"Intercontinental Exchange, Inc. ",ICE,OK,ICE,INTERCONTINENTAL EXCHANGE IN,0.96,2025,0.169,False
Marathon Petroleum Corp.,MPC,OK,MPC,MARATHON PETROLEUM CORP,1.0,"2011, 2012, 2013, 2014, 2015, 2016, 2017, 2018, 2019, 2020, 2021, 2022, 2023, 2024, 2025",0.169,False
Moody’s Corp.,MCO,OK,MCO,MOODY S CORP,1.0,"2010, 2011, 2012, 2013, 2014, 2015, 2016, 2017, 2018, 2019, 2020",0.169,False
ACCENTURE PLC CL A,ACN,OK,ACN,ACCENTURE PLC CL A,1.0,2026,0.168087,False
"Cadence Design Systems, Inc. ",CDNS,OK,CDNS,CADENCE DESIGN SYS INC,0.9,2025,0.168,False
"Becton, Dickinson & Co.",BDX,OK,BDX,BECTON DICKINSON AND CO,1.0,"2010, 2011, 2012, 2013, 2014, 2015",0.167,False
"HP, Inc.",HPQ,OK,HPQ,HP INC,1.0,"2016, 2017, 2018, 2019, 2020, 2021, 2022, 2023, 2024, 2025",0.166,False
STARBUCKS CORP,SBUX,OK,SBUX,STARBUCKS CORP,1.0,2026,0.165786,False
PHILLIPS 66,PSX,OK,PSX,PHILLIPS 66,1.0,2026,0.165115,False
Sysco Corp.,SYY,OK,SYY,SYSCO CORP,1.0,"2010, 2011, 2012, 2013, 2014, 2015, 2016, 2017, 2018, 2019, 2020, 2021, 2022, 2023, 2024, 2025",0.165,False
LOCKHEED MARTIN CORP,LMT,OK,LMT,LOCKHEED MARTIN CORP,1.0,2026,0.16439,False
"HCA Healthcare, Inc.",HCA,OK,HCA,HCA HEALTHCARE INC,1.0,"2017, 2018, 2019, 2020, 2021, 2022, 2023, 2024, 2025",0.164,False
"Public Service EnterpriseGroup, Inc.",PEG,OK,PEG,PUBLIC SERVICE ENTERPRISE GP,0.94,"2010, 2011",0.164,False
The Allstate Corp.,ALL,OK,ALL,ALLSTATE CORP,1.0,"2010, 2011, 2012, 2013, 2014",0.164,False
"TransDigm Group, Inc.",TDG,OK,TDG,TRANSDIGM GROUP INC,1.0,"2016, 2017, 2018, 2019, 2020, 2021, 2022, 2023, 2024, 2025",0.164,False
LOWE S COS INC,LOW,OK,LOW,LOWE S COS INC,1.0,2026,0.163649,False
AUTOMATIC DATA PROCESSING,ADP,OK,ADP,AUTOMATIC DATA PROCESSING,1.0,2026,0.163434,False
"Airbnb, Inc. Class A",ABNB,OK,ABNB,AIRBNB INC CLASS A,1.0,"2023, 2024",0.163,False
"Ross Stores, Inc.",ROST,OK,ROST,ROSS STORES INC,1.0,"2011, 2012, 2013, 2014, 2015, 2016, 2017, 2018, 2019, 2020, 2021, 2022, 2023, 2024, 2025",0.163,False
Sempra Energy,SRE,OK,SRE,SEMPRA,0.9,"2010, 2011, 2012, 2013, 2014, 2015, 2016, 2017, 2018, 2019, 2020, 2021, 2022",0.163,False
"Chipotle Mexican Grill, Inc.",CMG,OK,CMG,CHIPOTLE MEXICAN GRILL INC,1.0,"2011, 2012, 2013, 2014, 2015, 2016, 2017, 2018, 2019, 2020, 2021, 2022, 2023, 2024",0.162,False
"Consolidated Edison, Inc.",ED,OK,ED,CONSOLIDATED EDISON INC,1.0,"2010, 2011, 2012, 2013, 2014, 2015, 2016, 2017, 2018, 2019, 2020, 2021, 2022, 2023, 2024, 2025",0.162,False
"Marriott International, Inc. Class A",MAR,OK,MAR,MARRIOTT INTERNATIONAL  CL A,1.0,"2017, 2018, 2019, 2020, 2021, 2022, 2023, 2024, 2025",0.161,False
Carnival Corp.,CCL,OK,CCL,CARNIVAL CORP LTD,1.0,"2010, 2011, 2012, 2013, 2014, 2015, 2016, 2017, 2018, 2019, 2020, 2021, 2022, 2023, 2024",0.16,False
"O'Reilly Automotive, Inc. ",ORLY,OK,ORLY,O REILLY AUTOMOTIVE INC,1.0,2025,0.16,False
"Synopsys, Inc. ",SNPS,OK,SNPS,SYNOPSYS INC,1.0,2025,0.16,False
"Constellation Brands, Inc. Class A",STZ,OK,STZ,CONSTELLATION BRANDS INC A,1.0,"2017, 2018, 2019, 2020, 2021, 2022, 2023, 2024, 2025",0.159,False
"PPG Industries, Inc.",PPG,OK,PPG,PPG INDUSTRIES INC,1.0,"2010, 2011, 2012, 2013, 2014, 2015, 2016, 2018, 2019, 2020, 2021, 2022, 2023, 2024, 2025",0.159,False
PPL Corp.,PPL,OK,PPL,PPL CORP,1.0,"2010, 2011, 2012, 2013, 2014, 2015, 2016, 2017, 2018, 2019, 2020, 2021, 2022, 2023, 2024, 2025",0.159,False
FORTINET INC,FTNT,OK,FTNT,FORTINET INC,1.0,2026,0.158774,False
"Aflac, Inc.",AFL,OK,AFL,AFLAC INC,1.0,"2016, 2017, 2018, 2019, 2020, 2021, 2022, 2023, 2024, 2025",0.158,False
Moody's Corp.,MCO,OK,MCO,MOODY S CORP,1.0,"2021, 2022, 2023, 2024, 2025",0.158,False
Crown Castle International Corp.,CCI,OK,CCI,CROWN CASTLE INC,0.9,"2012, 2013, 2014, 2015",0.157,False
"Constellation Brands, Inc.Class A",STZ,OK,STZ,CONSTELLATION BRANDS INC A,1.0,2016,0.156,False
FREEPORT MCMORAN INC,FCX,OK,FCX,FREEPORT MCMORAN INC,1.0,2026,0.155628,False
Allstate Corp.,ALL,OK,ALL,ALLSTATE CORP,1.0,"2015, 2016, 2017, 2018, 2019, 2020, 2021, 2022, 2023, 2024, 2025",0.155,False
MCKESSON CORP,MCK,OK,MCK,MCKESSON CORP,1.0,2026,0.154475,False
"Motorola Solutions, Inc.",MSI,OK,MSI,MOTOROLA SOLUTIONS INC,1.0,"2011, 2012, 2013, 2014, 2015, 2016, 2017, 2018, 2019, 2020, 2021, 2022, 2023, 2024, 2025",0.154,False
"Palantir Technologies, Inc. Class A",PLTR,OK,PLTR,PALANTIR TECHNOLOGIES INC A,1.0,2024,0.154,False
EQUINIX INC,EQIX,OK,EQIX,EQUINIX INC,1.0,2026,0.153072,False
"O'Reilly Automotive, Inc.",ORLY,OK,ORLY,O REILLY AUTOMOTIVE INC,1.0,"2021, 2022, 2023, 2024",0.153,False
CME GROUP INC,CME,OK,CME,CME GROUP INC,1.0,2026,0.15034,False
"Cardinal Health, Inc.",CAH,OK,CAH,CARDINAL HEALTH INC,1.0,"2010, 2011, 2012, 2013, 2014, 2015, 2016, 2017, 2018, 2019, 2020, 2021, 2022, 2023, 2024, 2025",0.15,False
"Roper Technologies, Inc.",ROP,OK,ROP,ROPER TECHNOLOGIES INC,1.0,"2016, 2017, 2018, 2019, 2020, 2021, 2022, 2023, 2024, 2025",0.15,False
ADOBE INC,ADBE,OK,ADBE,ADOBE INC,1.0,2026,0.14989,False
SOUTHERN CO/THE,SO,OK,SO,SOUTHERN CO/THE,1.0,2026,0.149224,False
LyondellBasell Industries NV Class A,LYB,OK,LYB,LYONDELLBASELL INDU CL A,0.86,"2017, 2018, 2019, 2020, 2021, 2022, 2023, 2024, 2025",0.149,False
"Williams Cos., Inc.",WMB,OK,WMB,WILLIAMS COS INC,1.0,"2015, 2016, 2017, 2018, 2019, 2020, 2021, 2022, 2023, 2024, 2025",0.149,False
Centene Corp.,CNC,OK,CNC,CENTENE CORP,1.0,"2016, 2017, 2018, 2019, 2020, 2021, 2022, 2023, 2024",0.148,False
Southwest Airlines Co.,LUV,OK,LUV,SOUTHWEST AIRLINES CO,1.0,"2010, 2011, 2012, 2013, 2014, 2015, 2016, 2017, 2018, 2019, 2020, 2021, 2022, 2023, 2024, 2025",0.148,False
"HCA Holdings, Inc.",HCA,OK,HCA,HCA HEALTHCARE INC,0.9,"2015, 2016",0.147,False
"O’Reilly Automotive, Inc.",ORLY,OK,ORLY,O REILLY AUTOMOTIVE INC,1.0,"2010, 2011, 2012, 2013, 2014, 2015, 2016, 2017, 2018, 2019, 2020",0.147,False
STRYKER CORP,SYK,OK,SYK,STRYKER CORP,1.0,2026,0.145664,False
VERTIV HOLDINGS CO A,VRT,OK,VRT,VERTIV HOLDINGS CO A,1.0,2026,0.145632,False
Cintas Corp.,CTAS,OK,CTAS,CINTAS CORP,1.0,"2010, 2011, 2012, 2013, 2014, 2015, 2016, 2017, 2018, 2019, 2020, 2021, 2022, 2023, 2024, 2025",0.145,False
"DexCom, Inc.",DXCM,OK,DXCM,DEXCOM INC,1.0,"2020, 2021, 2022",0.145,False
"IDEXX Laboratories, Inc.",IDXX,OK,IDXX,IDEXX LABORATORIES INC,1.0,"2017, 2018, 2019, 2020, 2021, 2022, 2023, 2024",0.145,False
"TE Connectivity, Ltd.",TEL,OK,TEL,TE CONNECTIVITY PLC,1.0,"2012, 2013, 2014, 2015, 2016, 2017, 2018, 2019, 2020, 2021, 2022",0.145,False
The Kroger Co.,KR,OK,KR,KROGER CO,1.0,"2010, 2011, 2012, 2013, 2014",0.145,False
QUANTA SERVICES INC,PWR,OK,PWR,QUANTA SERVICES INC,1.0,2026,0.144999,False
"Dow, Inc.",DOW,OK,DOW,DOW INC,1.0,"2019, 2020, 2021, 2022, 2023, 2024, 2025",0.144,False
ROBINHOOD MARKETS INC   A,HOOD,OK,HOOD,ROBINHOOD MARKETS INC   A,1.0,2026,0.143851,False
TRANE TECHNOLOGIES PLC,TT,OK,TT,TRANE TECHNOLOGIES PLC,1.0,2026,0.143008,False
NXP Semiconductors NV,NXPI,OK,NXPI,NXP SEMICONDUCTORS NV,1.0,"2021, 2022, 2023, 2024, 2025",0.143,False
Royal Caribbean Cruises Ltd.,RCL,OK,RCL,ROYAL CARIBBEAN CRUISES LTD,1.0,"2023, 2024, 2025",0.143,False
"Ventas, Inc.",VTR,OK,VTR,VENTAS INC,1.0,"2010, 2011, 2012, 2013, 2014, 2015",0.143,False
BLACKSTONE INC,BX,OK,BX,BLACKSTONE INC,1.0,2026,0.142276,False
"Digital Realty Trust, Inc. REIT",DLR,OK,DLR,DIGITAL REALTY TRUST INC,0.9,"2016, 2017, 2018, 2019, 2020, 2021, 2022, 2023, 2024, 2025",0.142,False
US BANCORP,USB,OK,USB,US BANCORP,1.0,2026,0.141938,False
PNC FINANCIAL SERVICES GROUP,PNC,OK,PNC,PNC FINANCIAL SERVICES GROUP,1.0,2026,0.1411,False
"Welltower, Inc.",WELL,OK,WELL,WELLTOWER INC,1.0,2015,0.141,False
Entergy Corp.,ETR,OK,ETR,ENTERGY CORP,1.0,"2010, 2011, 2012, 2013, 2014, 2015, 2016, 2017, 2018, 2019, 2020, 2021, 2022, 2023, 2024, 2025",0.14,False
DUKE ENERGY CORP,DUK,OK,DUK,DUKE ENERGY CORP,1.0,2026,0.139038,False
Arthur J Gallagher & Co.,AJG,OK,AJG,ARTHUR J GALLAGHER + CO,1.0,"2016, 2017, 2018, 2019, 2020, 2021, 2022, 2023, 2024, 2025",0.139,False
"AutoZone, Inc.",AZO,OK,AZO,AUTOZONE INC,1.0,"2016, 2017, 2018, 2019, 2020, 2021, 2022, 2023, 2024",0.139,False
Carrier Global Corp.,CARR,OK,CARR,CARRIER GLOBAL CORP,1.0,"2020, 2021, 2022, 2023, 2024, 2025",0.139,False
"Howmet Aerospace, Inc.",HWM,OK,HWM,HOWMET AEROSPACE INC,1.0,"2020, 2021, 2022, 2023, 2024, 2025",0.139,False
HOWMET AEROSPACE INC,HWM,OK,HWM,HOWMET AEROSPACE INC,1.0,2026,0.138727,False
"Xcel Energy, Inc.",XEL,OK,XEL,XCEL ENERGY INC,1.0,"2010, 2011, 2012, 2013, 2014, 2015, 2016, 2017, 2018, 2019, 2020, 2021, 2022, 2023, 2024, 2025",0.138,False
"Zimmer Biomet Holdings, Inc.",ZBH,OK,ZBH,ZIMMER BIOMET HOLDINGS INC,1.0,"2016, 2017, 2018, 2019, 2020, 2021, 2022, 2023, 2024, 2025",0.138,False
"Best Buy Co., Inc.",BBY,OK,BBY,BEST BUY CO INC,1.0,"2010, 2011, 2012, 2013, 2014, 2015, 2016, 2017, 2018, 2019, 2020, 2021, 2022, 2023, 2024, 2025",0.137,False
"Corteva, Inc.",CTVA,OK,CTVA,CORTEVA INC,1.0,"2019, 2020, 2021, 2022, 2023, 2024, 2025",0.137,False
"MSCI, Inc.",MSCI,OK,MSCI,MSCI INC,1.0,"2018, 2019, 2020, 2021, 2022, 2023, 2024, 2025",0.137,False
GENERAL DYNAMICS CORP,GD,OK,GD,GENERAL DYNAMICS CORP,1.0,2026,0.136306,False
The Progressive Corp.,PGR,OK,PGR,PROGRESSIVE CORP,1.0,"2010, 2011, 2012, 2013, 2014",0.135,False
ELEVANCE HEALTH INC,ELV,OK,ELV,ELEVANCE HEALTH INC,1.0,2026,0.134983,False
Aon Corp.,AON,OK,AON,AON PLC CLASS A,1.0,"2010, 2011",0.134,False
"Coinbase Global, Inc. Class A ",COIN,OK,COIN,COINBASE GLOBAL INC  CLASS A,1.0,2025,0.134,False
Eaton Corp.,ETN,OK,ETN,EATON CORP PLC,1.0,"2010, 2011, 2012",0.134,False
WILLIAMS COS INC,WMB,OK,WMB,WILLIAMS COS INC,1.0,2026,0.133803,False
"Crowdstrike Holdings, Inc. Class A",CRWD,OK,CRWD,CROWDSTRIKE HOLDINGS INC   A,1.0,2024,0.133,False
International Paper Co.,IP,OK,IP,INTERNATIONAL PAPER CO,1.0,"2010, 2011, 2012, 2013, 2014, 2015, 2016, 2017, 2018, 2019, 2020, 2021, 2022, 2023, 2024, 2025",0.133,False
INTERCONTINENTAL EXCHANGE IN,ICE,OK,ICE,INTERCONTINENTAL EXCHANGE IN,1.0,2026,0.132386,False
CSX CORP,CSX,OK,CSX,CSX CORP,1.0,2026,0.132151,False
"Align Technology, Inc.",ALGN,OK,ALGN,ALIGN TECHNOLOGY INC,1.0,"2017, 2018, 2019, 2020, 2021, 2022, 2023, 2024",0.132,False
"Ameriprise Financial, Inc.",AMP,OK,AMP,AMERIPRISE FINANCIAL INC,1.0,"2010, 2011, 2012, 2013, 2014, 2015, 2016, 2017, 2018, 2019, 2020, 2021, 2022, 2023, 2024, 2025",0.132,False
"Autozone, Inc.",AZO,OK,AZO,AUTOZONE INC,1.0,"2010, 2011, 2012, 2013, 2014, 2015",0.132,False
JOHNSON CONTROLS INTERNATION,JCI,OK,JCI,JOHNSON CONTROLS INTERNATION,1.0,2026,0.131078,False
"Agilent Technologies, Inc.",A,OK,A,AGILENT TECHNOLOGIES INC,1.0,"2010, 2011, 2012, 2013, 2014, 2015, 2016, 2017, 2018, 2019, 2020, 2021, 2022, 2023, 2024, 2025",0.131,False
The Mosaic Co.,MOS,OK,MOS,MOSAIC CO/THE,1.0,"2011, 2012, 2013, 2014",0.13,False
3M CO,MMM,OK,MMM,3M CO,1.0,2026,0.12957,False
SBA Communications Corp. REIT,SBAC,OK,SBAC,SBA COMMUNICATIONS CORP,0.9,"2017, 2018, 2019, 2020, 2021, 2022, 2023, 2024, 2025",0.128,False
CONSTELLATION ENERGY,CEG,OK,CEG,CONSTELLATION ENERGY,1.0,2026,0.127303,False
"Constellation Brands, Inc. (Class A)",STZ,OK,STZ,CONSTELLATION BRANDS INC A,1.0,"2010, 2011, 2012, 2014, 2015",0.127,False
"Ventas, Inc. REIT",VTR,OK,VTR,VENTAS INC,0.9,"2016, 2017, 2018, 2019, 2020, 2021, 2022, 2023, 2024, 2025",0.127,False
Weyerhaeuser Co. REIT,WY,OK,WY,WEYERHAEUSER CO,0.9,"2016, 2017, 2018, 2019, 2020, 2021, 2022, 2023, 2024, 2025",0.127,False
MARSH + MCLENNAN COS,MRSH,OK,MRSH,MARSH + MCLENNAN COS,1.0,2026,0.126681,False
EMERSON ELECTRIC CO,EMR,OK,EMR,EMERSON ELECTRIC CO,1.0,2026,0.126643,False
APPLOVIN CORP CLASS A,APP,OK,APP,APPLOVIN CORP CLASS A,1.0,2026,0.126612,False
"AutoZone, Inc. ",AZO,OK,AZO,AUTOZONE INC,1.0,2025,0.126,False
"IQVIA Holdings, Inc.",IQV,OK,IQV,IQVIA HOLDINGS INC,1.0,"2018, 2019, 2020, 2021, 2022, 2023, 2024",0.126,False
"Intercontinental Exchange, Inc.(c)",ICE,OK,ICE,INTERCONTINENTAL EXCHANGE IN,0.96,2014,0.126,False
"Public Service Enterprise Group, Inc.",PEG,OK,PEG,PUBLIC SERVICE ENTERPRISE GP,0.96,"2012, 2013, 2014, 2015, 2016, 2017, 2018, 2019, 2020, 2021, 2022, 2023, 2024, 2025",0.126,False
"T. Rowe Price Group, Inc.",TROW,OK,TROW,T ROWE PRICE GROUP INC,1.0,"2010, 2011, 2012, 2013, 2014, 2015, 2024, 2025",0.126,False
INTUIT INC,INTU,OK,INTU,INTUIT INC,1.0,2026,0.125604,False
LUMENTUM HOLDINGS INC,LITE,OK,LITE,LUMENTUM HOLDINGS INC,1.0,2026,0.125102,False
Edison International,EIX,OK,EIX,EDISON INTERNATIONAL,1.0,"2010, 2011, 2012, 2013, 2014, 2015, 2016, 2017, 2018, 2019, 2020, 2021, 2022, 2023, 2024, 2025",0.125,False
Newmont Goldcorp Corp.,NEM,OK,NEM,NEWMONT CORP,0.9,2019,0.125,False
"ProLogis, Inc.",PLD,OK,PLD,PROLOGIS INC,1.0,"2011, 2012, 2013, 2014, 2015",0.125,False
Synchrony Financial,SYF,OK,SYF,SYNCHRONY FINANCIAL,1.0,"2016, 2017, 2018, 2019, 2020, 2021, 2022, 2023, 2024, 2025",0.124,False
AMERICAN TOWER CORP,AMT,OK,AMT,AMERICAN TOWER CORP,1.0,2026,0.123291,False
T MOBILE US INC,TMUS,OK,TMUS,T MOBILE US INC,1.0,2026,0.123137,False
"Fiserv, Inc. ",FISV,OK,FISV,FISERV INC,1.0,2025,0.123,False
"ONEOK, Inc.",OKE,OK,OKE,ONEOK INC,1.0,"2016, 2017, 2018, 2019, 2020, 2021, 2022, 2023, 2024, 2025",0.123,False
Monster Beverage Corp.,MNST,OK,MNST,MONSTER BEVERAGE CORP,1.0,"2012, 2013, 2014, 2015, 2016, 2017, 2018, 2019, 2020, 2021, 2022, 2023, 2024",0.122,False
"T Rowe Price Group, Inc.",TROW,OK,TROW,T ROWE PRICE GROUP INC,1.0,"2016, 2017, 2018, 2019, 2020, 2021, 2022, 2023",0.122,False
Western Digital Corp.,WDC,OK,WDC,WESTERN DIGITAL CORP,1.0,"2010, 2011, 2012, 2013, 2014, 2015, 2016, 2017, 2018, 2019, 2020, 2021, 2022, 2023, 2024, 2025",0.122,False
COMCAST CORP CLASS A,CMCSA,OK,CMCSA,COMCAST CORP CLASS A,1.0,2026,0.121879,False
HEWLETT PACKARD ENTERPRISE,HPE,OK,HPE,HEWLETT PACKARD ENTERPRISE,1.0,2026,0.121844,False
"WEC Energy Group, Inc.",WEC,OK,WEC,WEC ENERGY GROUP INC,1.0,"2015, 2016, 2017, 2018, 2019, 2020, 2021, 2022, 2023, 2024, 2025",0.121,False
Ingersoll-Rand PLC,IR,OK,IR,INGERSOLL RAND INC,1.0,"2011, 2012, 2013, 2014, 2015, 2016, 2017, 2018, 2019",0.12,False
WASTE MANAGEMENT INC,WM,OK,WM,WASTE MANAGEMENT INC,1.0,2026,0.119031,False
"Autodesk, Inc. ",ADSK,OK,ADSK,AUTODESK INC,1.0,2025,0.119,False
Realty Income Corp. REIT,O,OK,O,REALTY INCOME CORP,0.9,"2016, 2017, 2018, 2019, 2020, 2021, 2022, 2023, 2024, 2025",0.119,False
Sempra,SRE,OK,SRE,SEMPRA,1.0,"2023, 2024, 2025",0.119,False
"The Estee Lauder Cos., Inc.(Class A)",EL,OK,EL,ESTEE LAUDER COMPANIES CL A,1.0,2013,0.119,False
"Tyson Foods, Inc. Class A",TSN,OK,TSN,TYSON FOODS INC CL A,1.0,"2016, 2017, 2018, 2019, 2020, 2021, 2022, 2023, 2024, 2025",0.119,False
BLOOM ENERGY CORP  A,BE,OK,BE,BLOOM ENERGY CORP  A,1.0,2026,0.11867,False
TRAVELERS COS INC/THE,TRV,OK,TRV,TRAVELERS COS INC/THE,1.0,2026,0.118328,False
CADENCE DESIGN SYS INC,CDNS,OK,CDNS,CADENCE DESIGN SYS INC,1.0,2026,0.118172,False
"Microchip Technology, Inc.",MCHP,OK,MCHP,MICROCHIP TECHNOLOGY INC,1.0,"2010, 2011, 2012, 2013, 2014, 2015, 2016, 2017, 2018, 2019, 2020, 2021, 2022, 2023, 2024, 2025",0.118,False
"Paychex, Inc.",PAYX,OK,PAYX,PAYCHEX INC,1.0,"2010, 2011, 2012, 2013, 2014, 2015, 2016, 2017, 2018, 2019, 2020, 2021, 2022, 2023, 2024, 2025",0.118,False
MONDELEZ INTERNATIONAL INC A,MDLZ,OK,MDLZ,MONDELEZ INTERNATIONAL INC A,1.0,2026,0.117608,False
"Hilton Worldwide Holdings, Inc.",HLT,OK,HLT,HILTON WORLDWIDE HOLDINGS IN,0.94,"2017, 2018, 2019, 2020, 2021, 2022, 2023, 2024, 2025",0.117,False
"Omnicom Group, Inc.",OMC,OK,OMC,OMNICOM GROUP,1.0,"2010, 2011, 2012, 2013, 2014, 2015, 2016, 2017, 2018, 2019, 2020, 2021, 2022, 2023, 2024, 2025",0.117,False
DATADOG INC   CLASS A,DDOG,OK,DDOG,DATADOG INC   CLASS A,1.0,2026,0.116798,False
REGENERON PHARMACEUTICALS,REGN,OK,REGN,REGENERON PHARMACEUTICALS,1.0,2026,0.116522,False
Loews Corp.,L,OK,L,LOEWS CORP,1.0,"2010, 2011, 2012, 2013, 2014, 2015, 2016, 2017, 2018, 2019, 2020, 2021, 2022, 2023, 2024, 2025",0.116,False
"Marriott International, Inc.Class A",MAR,OK,MAR,MARRIOTT INTERNATIONAL  CL A,1.0,2016,0.116,False
Nucor Corp.,NUE,OK,NUE,NUCOR CORP,1.0,"2010, 2011, 2012, 2013, 2014, 2015, 2016, 2017, 2018, 2019, 2020, 2021, 2022, 2023, 2024, 2025",0.116,False
"DR Horton, Inc.",DHI,OK,DHI,DR HORTON INC,1.0,"2023, 2024, 2025",0.115,False
M&T Bank Corp.,MTB,OK,MTB,M + T BANK CORP,1.0,"2016, 2017, 2018, 2019, 2020, 2021, 2022, 2023, 2024, 2025",0.115,False
"The Estee Lauder Cos., Inc. (Class A)",EL,OK,EL,ESTEE LAUDER COMPANIES CL A,1.0,"2010, 2011, 2012, 2014",0.115,False
MOTOROLA SOLUTIONS INC,MSI,OK,MSI,MOTOROLA SOLUTIONS INC,1.0,2026,0.114944,False
SLB LTD,SLB,OK,SLB,SLB LTD,1.0,2026,0.114886,False
EOG RESOURCES INC,EOG,OK,EOG,EOG RESOURCES INC,1.0,2026,0.114752,False
TE Connectivity PLC,TEL,OK,TEL,TE CONNECTIVITY PLC,1.0,"2024, 2025",0.114,False
Northern Trust Corp.,NTRS,OK,NTRS,NORTHERN TRUST CORP,1.0,"2010, 2011, 2012, 2013, 2014, 2015, 2016, 2017, 2018, 2019, 2020, 2021, 2022, 2023, 2024, 2025",0.113,False
Phillips 66 Co.,PSX,OK,PSX,PHILLIPS 66,1.0,"2024, 2025",0.113,False
UNITED PARCEL SERVICE CL B,UPS,OK,UPS,UNITED PARCEL SERVICE CL B,1.0,2026,0.112504,False
"C.H. Robinson Worldwide, Inc.",CHRW,OK,CHRW,C.H. ROBINSON WORLDWIDE INC,1.0,"2010, 2011, 2012, 2013, 2014, 2015, 2016, 2017, 2018, 2019, 2020, 2021, 2022",0.112,False
ON Semiconductor Corp.,ON,OK,ON,ON SEMICONDUCTOR,1.0,"2022, 2023, 2024",0.112,False
"PayPal Holdings, Inc. ",PYPL,OK,PYPL,PAYPAL HOLDINGS INC,1.0,2025,0.112,False
Weyerhaeuser Co.,WY,OK,WY,WEYERHAEUSER CO,1.0,"2010, 2011, 2012, 2013, 2014, 2015",0.112,False
SYNOPSYS INC,SNPS,OK,SNPS,SYNOPSYS INC,1.0,2026,0.111812,False
Eversource Energy,ES,OK,ES,EVERSOURCE ENERGY,1.0,"2015, 2016, 2017, 2018, 2019, 2020, 2021, 2022, 2023, 2024, 2025",0.111,False
"United Rentals, Inc.",URI,OK,URI,UNITED RENTALS INC,1.0,"2014, 2015, 2016, 2017, 2018, 2019, 2020, 2021, 2022, 2023, 2024, 2025",0.111,False
CUMMINS INC,CMI,OK,CMI,CUMMINS INC,1.0,2026,0.110941,False
SHERWIN WILLIAMS CO/THE,SHW,OK,SHW,SHERWIN WILLIAMS CO/THE,1.0,2026,0.110817,False
THE CIGNA GROUP,CI,OK,CI,THE CIGNA GROUP,1.0,2026,0.110335,False
DOORDASH INC   A,DASH,OK,DASH,DOORDASH INC   A,1.0,2026,0.110117,False
ROSS STORES INC,ROST,OK,ROST,ROSS STORES INC,1.0,2026,0.110064,False
Aptiv PLC,APTV,OK,APTV,APTIV PLC,1.0,"2018, 2019, 2020, 2021, 2022, 2023, 2024",0.11,False
Fifth Third Bancorp,FITB,OK,FITB,FIFTH THIRD BANCORP,1.0,"2010, 2011, 2012, 2013, 2014, 2015, 2016, 2017, 2018, 2019, 2020, 2021, 2022, 2023, 2024, 2025",0.11,False
MARRIOTT INTERNATIONAL  CL A,MAR,OK,MAR,MARRIOTT INTERNATIONAL  CL A,1.0,2026,0.109728,False
GENERAL MOTORS CO,GM,OK,GM,GENERAL MOTORS CO,1.0,2026,0.109215,False
TARGET CORP,TGT,OK,TGT,TARGET CORP,1.0,2026,0.109082,False
"Dollar Tree, Inc.",DLTR,OK,DLTR,DOLLAR TREE INC,1.0,"2012, 2013, 2014, 2015, 2016, 2017, 2018, 2019, 2020, 2021, 2022, 2023, 2024",0.109,False
Vistra Corp.,VST,OK,VST,VISTRA CORP,1.0,"2024, 2025",0.109,False
"CF Industries Holdings, Inc.",CF,OK,CF,CF INDUSTRIES HOLDINGS INC,1.0,"2010, 2011, 2012, 2013, 2014, 2015, 2016, 2017, 2018, 2019, 2020, 2021, 2022, 2023, 2024, 2025",0.108,False
"Fortinet, Inc.",FTNT,OK,FTNT,FORTINET INC,1.0,"2019, 2020, 2021, 2022, 2023, 2024",0.108,False
"Quanta Services, Inc.",PWR,OK,PWR,QUANTA SERVICES INC,1.0,"2010, 2011, 2012, 2013, 2014, 2015, 2016, 2017, 2018, 2019, 2020, 2021, 2022, 2023, 2024, 2025",0.108,False
TE Connectivity Ltd.,TEL,OK,TEL,TE CONNECTIVITY PLC,1.0,2023,0.108,False
"Verisk Analytics, Inc.",VRSK,OK,VRSK,VERISK ANALYTICS INC,1.0,"2016, 2017, 2018, 2019, 2020, 2021, 2022, 2023, 2024, 2025",0.108,False
"W.W. Grainger, Inc.",GWW,OK,GWW,WW GRAINGER INC,1.0,"2010, 2011, 2012, 2013, 2014, 2015, 2016, 2017, 2018, 2019, 2020, 2021, 2022",0.108,False
NORTHROP GRUMMAN CORP,NOC,OK,NOC,NORTHROP GRUMMAN CORP,1.0,2026,0.107094,False
NORFOLK SOUTHERN CORP,NSC,OK,NSC,NORFOLK SOUTHERN CORP,1.0,2026,0.10707,False
"Apollo Global Management, Inc.",APO,OK,APO,APOLLO GLOBAL MANAGEMENT INC,1.0,2025,0.107,False
"Estee Lauder Cos., Inc. (Class A)",EL,OK,EL,ESTEE LAUDER COMPANIES CL A,1.0,2015,0.107,False
Hershey Co.,HSY,OK,HSY,HERSHEY CO/THE,1.0,"2015, 2016, 2017, 2018, 2019, 2020, 2021, 2022, 2023, 2024, 2025",0.107,False
"Rockwell Automation, Inc.",ROK,OK,ROK,ROCKWELL AUTOMATION INC,1.0,"2010, 2011, 2012, 2013, 2014, 2015, 2016, 2017, 2018, 2019, 2020, 2021, 2022, 2023, 2024, 2025",0.107,False
Seagate Technology PLC,STX,OK,STX,SEAGATE TECHNOLOGY HOLDINGS,1.0,"2012, 2013, 2014, 2015, 2016, 2017, 2018, 2019, 2020",0.107,False
"Stanley Black & Decker, Inc.",SWK,OK,SWK,STANLEY BLACK + DECKER INC,1.0,"2010, 2011, 2012, 2013, 2014, 2015, 2016, 2017, 2018, 2019, 2020, 2021, 2022, 2023, 2024, 2025",0.107,False
"Cencora, Inc.",COR,OK,COR,CENCORA INC,1.0,"2023, 2024, 2025",0.106,False
ILLINOIS TOOL WORKS,ITW,OK,ITW,ILLINOIS TOOL WORKS,1.0,2026,0.105914,False
WARNER BROS DISCOVERY INC,WBD,OK,WBD,WARNER BROS DISCOVERY INC,1.0,2026,0.105871,False
MOODY S CORP,MCO,OK,MCO,MOODY S CORP,1.0,2026,0.105858,False
COLGATE PALMOLIVE CO,CL,OK,CL,COLGATE PALMOLIVE CO,1.0,2026,0.105767,False
AIRBNB INC CLASS A,ABNB,OK,ABNB,AIRBNB INC CLASS A,1.0,2026,0.105666,False
"Estee Lauder Cos., Inc.Class A",EL,OK,EL,ESTEE LAUDER COMPANIES CL A,1.0,2016,0.105,False
"ResMed, Inc.",RMD,OK,RMD,RESMED INC,1.0,"2017, 2018, 2019, 2020, 2021, 2022, 2023, 2024, 2025",0.105,False
HILTON WORLDWIDE HOLDINGS IN,HLT,OK,HLT,HILTON WORLDWIDE HOLDINGS IN,1.0,2026,0.104171,False
"Copart, Inc.",CPRT,OK,CPRT,COPART INC,1.0,"2018, 2019, 2020, 2021, 2022, 2023, 2024",0.104,False
Dover Corp.,DOV,OK,DOV,DOVER CORP,1.0,"2010, 2011, 2012, 2013, 2014, 2015, 2016, 2017, 2018, 2019, 2020, 2021, 2022, 2023, 2024, 2025",0.104,False
Fortive Corp.,FTV,OK,FTV,FORTIVE CORP,1.0,"2016, 2017, 2018, 2019, 2020, 2021, 2022, 2023, 2024, 2025",0.104,False
O REILLY AUTOMOTIVE INC,ORLY,OK,ORLY,O REILLY AUTOMOTIVE INC,1.0,2026,0.103944,False
KKR + CO INC,KKR,OK,KKR,KKR + CO INC,1.0,2026,0.103915,False
CINTAS CORP,CTAS,OK,CTAS,CINTAS CORP,1.0,2026,0.103171,False
"Zimmer Holdings, Inc.",ZBH,OK,ZBH,ZIMMER BIOMET HOLDINGS INC,0.9,"2010, 2011, 2012, 2013, 2014, 2015",0.103,False
ECOLAB INC,ECL,OK,ECL,ECOLAB INC,1.0,2026,0.102925,False
Albemarle Corp.,ALB,OK,ALB,ALBEMARLE CORP,1.0,"2016, 2017, 2018, 2019, 2020, 2021, 2022, 2023, 2024, 2025",0.102,False
"Old Dominion Freight Line, Inc.",ODFL,OK,ODFL,OLD DOMINION FREIGHT LINE,1.0,"2020, 2021, 2022, 2023, 2024, 2025",0.102,False
FEDEX CORP,FDX,OK,FDX,FEDEX CORP,1.0,2026,0.101387,False
"Keurig Dr. Pepper, Inc.",KDP,OK,KDP,KEURIG DR PEPPER INC,1.0,"2022, 2024, 2025",0.101,False
SIMON PROPERTY GROUP INC,SPG,OK,SPG,SIMON PROPERTY GROUP INC,1.0,2026,0.100764,False
"Dexcom, Inc.",DXCM,OK,DXCM,DEXCOM INC,1.0,"2023, 2024",0.1,False
"Marriott International, Inc. (Class A)",MAR,OK,MAR,MARRIOTT INTERNATIONAL  CL A,1.0,"2010, 2011, 2012, 2014, 2015",0.1,False
Willis Towers Watson PLC,WTW,OK,WTW,WILLIS TOWERS WATSON PLC,1.0,"2016, 2017, 2018, 2019, 2020, 2021, 2022, 2023, 2024, 2025",0.1,False
HONEYWELL INTERNATIONAL INC,HON,OK,HON,HONEYWELL INTERNATIONAL INC,1.0,2026,0.099505,False
AMERICAN ELECTRIC POWER,AEP,OK,AEP,AMERICAN ELECTRIC POWER,1.0,2026,0.099315,False
"Axon Enterprise, Inc. ",AXON,OK,AXON,AXON ENTERPRISE INC,1.0,2025,0.099,False
Baker Hughes Co.,BKR,OK,BKR,BAKER HUGHES CO,1.0,"2020, 2021, 2022, 2023, 2024, 2025",0.099,False
Ball Corp.,BALL,OK,BALL,BALL CORP,1.0,"2010, 2011, 2012, 2013, 2014, 2015, 2016, 2017, 2018, 2019, 2020, 2021, 2022, 2023, 2024, 2025",0.099,False
Fastenal Co.,FAST,OK,FAST,FASTENAL CO,1.0,"2010, 2011, 2012, 2013, 2014, 2015, 2016, 2017, 2018, 2019, 2020, 2021, 2022, 2023, 2024, 2025",0.099,False
DTE Energy Co.,DTE,OK,DTE,DTE ENERGY COMPANY,1.0,"2010, 2011, 2012, 2013, 2014, 2015, 2016, 2017, 2018, 2019, 2020, 2021, 2022, 2023, 2024, 2025",0.098,False
Fair Isaac Corp.,FICO,OK,FICO,FAIR ISAAC CORP,1.0,"2023, 2024",0.098,False
DIGITAL REALTY TRUST INC,DLR,OK,DLR,DIGITAL REALTY TRUST INC,1.0,2026,0.097109,False
MONSTER BEVERAGE CORP,MNST,OK,MNST,MONSTER BEVERAGE CORP,1.0,2026,0.097057,False
"Invesco, Ltd.",IVZ,OK,IVZ,INVESCO LTD,1.0,"2010, 2011, 2012, 2013, 2014, 2015, 2016, 2017, 2018, 2019, 2020, 2021, 2022",0.097,False
M & T Bank Corp.,MTB,OK,MTB,M + T BANK CORP,1.0,"2010, 2011, 2012, 2013, 2014, 2015",0.097,False
AIR PRODUCTS + CHEMICALS INC,APD,OK,APD,AIR PRODUCTS + CHEMICALS INC,1.0,2026,0.09629,False
"Fortinet, Inc. ",FTNT,OK,FTNT,FORTINET INC,1.0,2025,0.096,False
"Kenvue, Inc.",KVUE,OK,KVUE,KENVUE INC,1.0,"2023, 2024, 2025",0.096,False
KeyCorp,KEY,OK,KEY,KEYCORP,1.0,"2010, 2011, 2012, 2013, 2014, 2015, 2016, 2017, 2018, 2019, 2020, 2023, 2024, 2025",0.096,False
Otis Worldwide Corp.,OTIS,OK,OTIS,OTIS WORLDWIDE CORP,1.0,"2020, 2021, 2022, 2023, 2024, 2025",0.096,False
UNITED RENTALS INC,URI,OK,URI,UNITED RENTALS INC,1.0,2026,0.095723,False
ALLSTATE CORP,ALL,OK,ALL,ALLSTATE CORP,1.0,2026,0.095624,False
HCA HEALTHCARE INC,HCA,OK,HCA,HCA HEALTHCARE INC,1.0,2026,0.09551,False
BOSTON SCIENTIFIC CORP,BSX,OK,BSX,BOSTON SCIENTIFIC CORP,1.0,2026,0.095074,False
TARGA RESOURCES CORP,TRGP,OK,TRGP,TARGA RESOURCES CORP,1.0,2026,0.095034,False
"AMETEK, Inc.",AME,OK,AME,AMETEK INC,1.0,"2013, 2014, 2015, 2016, 2017, 2018, 2019, 2020, 2021, 2022, 2023, 2024, 2025",0.095,False
"Royal Caribbean Cruises, Ltd.",RCL,OK,RCL,ROYAL CARIBBEAN CRUISES LTD,1.0,"2015, 2016, 2017, 2018, 2019, 2020, 2021, 2022",0.095,False
"Skyworks Solutions, Inc.",SWKS,OK,SWKS,SKYWORKS SOLUTIONS INC,1.0,"2015, 2016, 2017, 2018, 2019, 2020, 2021, 2022, 2023, 2024, 2025",0.095,False
"VICI Properties, Inc. REIT",VICI,OK,VICI,VICI PROPERTIES INC,0.9,"2022, 2023, 2024, 2025",0.095,False
"WW Grainger, Inc.",GWW,OK,GWW,WW GRAINGER INC,1.0,"2023, 2024, 2025",0.095,False
AON PLC CLASS A,AON,OK,AON,AON PLC CLASS A,1.0,2026,0.094929,False
KINDER MORGAN INC,KMI,OK,KMI,KINDER MORGAN INC,1.0,2026,0.094822,False
COHERENT CORP,COHR,OK,COHR,COHERENT CORP,1.0,2026,0.094434,False
Clorox Co.,CLX,OK,CLX,CLOROX COMPANY,1.0,"2010, 2011, 2012, 2013, 2014, 2015, 2016, 2017, 2018, 2019, 2020, 2021, 2022, 2023, 2024, 2025",0.094,False
"Keysight Technologies, Inc.",KEYS,OK,KEYS,KEYSIGHT TECHNOLOGIES IN,0.95,"2019, 2020, 2021, 2022, 2023, 2024",0.094,False
"Republic Services, Inc.",RSG,OK,RSG,REPUBLIC SERVICES INC,1.0,"2010, 2011, 2012, 2013, 2014, 2015, 2016, 2017, 2018, 2019, 2020, 2021, 2022, 2023, 2024, 2025",0.094,False
ARTHUR J GALLAGHER + CO,AJG,OK,AJG,ARTHUR J GALLAGHER + CO,1.0,2026,0.093101,False
"American Water Works Co., Inc.",AWK,OK,AWK,AMERICAN WATER WORKS CO INC,1.0,"2016, 2017, 2018, 2019, 2020, 2021, 2022, 2023, 2024, 2025",0.093,False
Amphenol Corp. (Class A),APH,OK,APH,AMPHENOL CORP CL A,1.0,"2010, 2011, 2012, 2013, 2014, 2015",0.093,False
Cooper Industries PLC,COO,OK,COO,COOPER COS INC/THE,0.9,2012,0.093,False
Lennar Corp. Class A,LEN,OK,LEN,LENNAR CORP A,1.0,"2016, 2017, 2018, 2019, 2020, 2021, 2022, 2023, 2024, 2025",0.093,False
"Monolithic Power Systems, Inc.",MPWR,OK,MPWR,MONOLITHIC POWER SYSTEMS INC,1.0,"2021, 2022, 2023, 2024, 2025",0.093,False
The Hershey Co.,HSY,OK,HSY,HERSHEY CO/THE,1.0,"2010, 2011, 2012, 2013, 2014",0.093,False
PACCAR INC,PCAR,OK,PCAR,PACCAR INC,1.0,2026,0.092907,False
ROYAL CARIBBEAN CRUISES LTD,RCL,OK,RCL,ROYAL CARIBBEAN CRUISES LTD,1.0,2026,0.092546,False
"Chipotle Mexican Grill, Inc. ",CMG,OK,CMG,CHIPOTLE MEXICAN GRILL INC,1.0,2025,0.092,False
"CoStar Group, Inc.",CSGP,OK,CSGP,COSTAR GROUP INC,1.0,"2022, 2023, 2024",0.092,False
"Equinix, Inc.",EQIX,OK,EQIX,EQUINIX INC,1.0,2015,0.092,False
"Host Hotels & Resorts, Inc.",HST,OK,HST,HOST HOTELS + RESORTS INC,1.0,"2010, 2011, 2012, 2013, 2014, 2015",0.092,False
"Airbnb, Inc. Class A ",ABNB,OK,ABNB,AIRBNB INC CLASS A,1.0,2025,0.091,False
Incyte Corp.,INCY,OK,INCY,INCYTE CORP,1.0,"2017, 2018, 2019, 2020, 2021, 2022, 2023, 2024",0.091,False
"International Flavors & Fragrances, Inc.",IFF,OK,IFF,INTL FLAVORS + FRAGRANCES,0.84,"2010, 2011, 2012, 2013, 2014, 2015, 2016, 2017, 2018, 2019, 2020, 2021, 2022, 2023, 2024, 2025",0.091,False
"Workday, Inc. Class A ",WDAY,OK,WDAY,WORKDAY INC CLASS A,1.0,2025,0.091,False
MONOLITHIC POWER SYSTEMS INC,MPWR,OK,MPWR,MONOLITHIC POWER SYSTEMS INC,1.0,2026,0.090975,False
TRANSDIGM GROUP INC,TDG,OK,TDG,TRANSDIGM GROUP INC,1.0,2026,0.090862,False
APOLLO GLOBAL MANAGEMENT INC,APO,OK,APO,APOLLO GLOBAL MANAGEMENT INC,1.0,2026,0.090227,False
TE CONNECTIVITY PLC,TEL,OK,TEL,TE CONNECTIVITY PLC,1.0,2026,0.090206,False
"CBRE Group, Inc. Class A",CBRE,OK,CBRE,CBRE GROUP INC   A,1.0,"2017, 2018, 2019, 2020, 2021, 2022, 2023, 2024",0.09,False
"D.R. Horton, Inc.",DHI,OK,DHI,DR HORTON INC,1.0,"2010, 2011, 2012, 2013, 2014, 2015, 2016, 2017, 2018, 2019, 2020, 2021, 2022",0.09,False
"IDEXX Laboratories, Inc. ",IDXX,OK,IDXX,IDEXX LABORATORIES INC,1.0,2025,0.09,False
"Wynn Resorts, Ltd.",WYNN,OK,WYNN,WYNN RESORTS LTD,1.0,"2010, 2011, 2012, 2013, 2014, 2015, 2016, 2017, 2018, 2019, 2020, 2021, 2022",0.09,False
TRUIST FINANCIAL CORP,TFC,OK,TFC,TRUIST FINANCIAL CORP,1.0,2026,0.089783,False
ONEOK INC,OKE,OK,OKE,ONEOK INC,1.0,2026,0.089564,False
CENCORA INC,COR,OK,COR,CENCORA INC,1.0,2026,0.089375,False
"Citizens Financial Group, Inc.",CFG,OK,CFG,CITIZENS FINANCIAL GROUP,1.0,"2016, 2017, 2018, 2019, 2020, 2021, 2022, 2023, 2024, 2025",0.089,False
EQT Corp.,EQT,OK,EQT,EQT CORP,1.0,"2010, 2011, 2012, 2013, 2014, 2015, 2016, 2017, 2018, 2022, 2023, 2024, 2025",0.089,False
TERADYNE INC,TER,OK,TER,TERADYNE INC,1.0,2026,0.088409,False
COMFORT SYSTEMS USA INC,FIX,OK,FIX,COMFORT SYSTEMS USA INC,1.0,2026,0.088244,False
"Akamai Technologies, Inc.",AKAM,OK,AKAM,AKAMAI TECHNOLOGIES INC,1.0,"2010, 2011, 2012, 2013, 2014, 2015, 2016, 2017, 2018, 2019, 2020, 2021, 2022, 2023, 2024",0.088,False
"GE HealthCare Technologies, Inc.",GEHC,OK,GEHC,GE HEALTHCARE TECHNOLOGY,0.92,"2023, 2024, 2025",0.088,False
"IntercontinentalExchange, Inc.",ICE,OK,ICE,INTERCONTINENTAL EXCHANGE IN,0.96,"2010, 2011, 2012, 2013",0.088,False
"Keurig Dr Pepper, Inc.",KDP,OK,KDP,KEURIG DR PEPPER INC,1.0,2023,0.088,False
"Mettler-Toledo International, Inc.",MTD,OK,MTD,METTLER TOLEDO INTERNATIONAL,1.0,"2016, 2017, 2018, 2019, 2020, 2021, 2022, 2023, 2024",0.088,False
Regions Financial Corp.,RF,OK,RF,REGIONS FINANCIAL CORP,1.0,"2010, 2011, 2012, 2013, 2014, 2015, 2016, 2017, 2018, 2019, 2020, 2021, 2022, 2023, 2024, 2025",0.088,False
Seagate Technology Holdings PLC,STX,OK,STX,SEAGATE TECHNOLOGY HOLDINGS,1.0,"2021, 2022, 2023, 2024, 2025",0.088,False
NXP SEMICONDUCTORS NV,NXPI,OK,NXPI,NXP SEMICONDUCTORS NV,1.0,2026,0.087206,False
KEYSIGHT TECHNOLOGIES IN,KEYS,OK,KEYS,KEYSIGHT TECHNOLOGIES IN,1.0,2026,0.087184,False
MODERNA INC,MRNA,OK,MRNA,MODERNA INC,1.0,2026,0.086753,False
CRH PLC,CRH,OK,CRH,CRH PLC,1.0,2026,0.086738,False
BAKER HUGHES CO,BKR,OK,BKR,BAKER HUGHES CO,1.0,2026,0.086409,False
Arch Capital Group Ltd.,ACGL,OK,ACGL,ARCH CAPITAL GROUP LTD,1.0,"2023, 2024, 2025",0.086,False
"Essex Property Trust, Inc.",ESS,OK,ESS,ESSEX PROPERTY TRUST INC,1.0,"2014, 2015",0.086,False
"Essex Property Trust, Inc. REIT",ESS,OK,ESS,ESSEX PROPERTY TRUST INC,0.9,"2016, 2017, 2018, 2019, 2020, 2021, 2022, 2023, 2024, 2025",0.086,False
J.M. Smucker Co.,SJM,OK,SJM,JM SMUCKER CO/THE,1.0,"2016, 2017, 2018, 2019, 2020, 2021, 2024, 2025",0.086,False
"Pentair, Ltd.",PNR,OK,PNR,PENTAIR PLC,1.0,2013,0.086,False
"West Pharmaceutical Services, Inc.",WST,OK,WST,WEST PHARMACEUTICAL SERVICES,1.0,"2020, 2021, 2022, 2023, 2024, 2025",0.086,False
FASTENAL CO,FAST,OK,FAST,FASTENAL CO,1.0,2026,0.085582,False
NUCOR CORP,NUE,OK,NUE,NUCOR CORP,1.0,2026,0.085289,False
DOMINION ENERGY INC,D,OK,D,DOMINION ENERGY INC,1.0,2026,0.085058,False
"Equifax, Inc.",EFX,OK,EFX,EQUIFAX INC,1.0,"2010, 2011, 2012, 2013, 2014, 2015, 2016, 2017, 2018, 2019, 2020, 2021, 2022, 2023, 2024, 2025",0.085,False
"McCormick & Co., Inc.",MKC,OK,MKC,MCCORMICK + CO NON VTG SHRS,0.9,"2010, 2011, 2012, 2013, 2014, 2015, 2016, 2017, 2018, 2019, 2020, 2021, 2022, 2023, 2024, 2025",0.085,False
State Street Corp. (c),STT,OK,STT,STATE STREET CORP,1.0,"2021, 2022, 2023, 2024, 2025",0.085,False
"Warner Bros Discovery, Inc. ",WBD,OK,WBD,WARNER BROS DISCOVERY INC,1.0,2025,0.085,False
Genuine Parts Co.,GPC,OK,GPC,GENUINE PARTS CO,1.0,"2010, 2011, 2012, 2013, 2014, 2015, 2016, 2017, 2018, 2019, 2020, 2021, 2022, 2023, 2024, 2025",0.084,False
Monster Beverage Corp. ,MNST,OK,MNST,MONSTER BEVERAGE CORP,1.0,2025,0.084,False
"Warner Bros Discovery, Inc.",WBD,OK,WBD,WARNER BROS DISCOVERY INC,1.0,"2022, 2023, 2024",0.084,False
WW GRAINGER INC,GWW,OK,GWW,WW GRAINGER INC,1.0,2026,0.083251,False
Brown-Forman Corp. (Class B),BF.B,OK,BF.B,BROWN FORMAN CORP CLASS B,1.0,"2010, 2011, 2012, 2014, 2015",0.083,False
AMETEK INC,AME,OK,AME,AMETEK INC,1.0,2026,0.08285,False
"Church & Dwight Co., Inc.",CHD,OK,CHD,CHURCH + DWIGHT CO INC,1.0,"2016, 2017, 2018, 2019, 2020, 2021, 2022, 2023, 2024, 2025",0.082,False
The JM Smucker Co.,SJM,OK,SJM,JM SMUCKER CO/THE,1.0,"2010, 2011, 2012, 2013, 2014",0.082,False
CORTEVA INC,CTVA,OK,CTVA,CORTEVA INC,1.0,2026,0.081499,False
REALTY INCOME CORP,O,OK,O,REALTY INCOME CORP,1.0,2026,0.081321,False
"CBRE Group, Inc. Class A ",CBRE,OK,CBRE,CBRE GROUP INC   A,1.0,2025,0.081,False
"CenterPoint Energy, Inc.",CNP,OK,CNP,CENTERPOINT ENERGY INC,1.0,"2010, 2011, 2012, 2013, 2014, 2015, 2016, 2017, 2018, 2019, 2020, 2021, 2022, 2023, 2024, 2025",0.081,False
"Datadog, Inc. Class A ",DDOG,OK,DDOG,DATADOG INC   CLASS A,1.0,2025,0.081,False
"Ingersoll Rand, Inc.",IR,OK,IR,INGERSOLL RAND INC,1.0,"2020, 2021, 2022, 2023, 2024, 2025",0.081,False
"Principal Financial Group, Inc.",PFG,OK,PFG,PRINCIPAL FINANCIAL GROUP,1.0,"2010, 2011, 2012, 2013, 2014, 2015, 2016, 2017, 2018, 2019, 2020, 2021, 2022, 2023, 2024, 2025",0.081,False
Ralph Lauren Corp.,RL,OK,RL,RALPH LAUREN CORP,1.0,"2011, 2012, 2013, 2014, 2015, 2016, 2017, 2018, 2019, 2020, 2021, 2022, 2023, 2024, 2025",0.081,False
Vulcan Materials Co.,VMC,OK,VMC,VULCAN MATERIALS CO,1.0,"2010, 2011, 2012, 2013, 2014, 2015, 2016, 2017, 2018, 2019, 2020, 2021, 2022, 2023, 2024, 2025",0.081,False
DEVON ENERGY CORP,DVN,OK,DVN,DEVON ENERGY CORP,1.0,2026,0.080909,False
SEMPRA,SRE,OK,SRE,SEMPRA,1.0,2026,0.080854,False
Edwards Lifesciences Corp. ,EW,OK,EW,EDWARDS LIFESCIENCES CORP,1.0,2025,0.08,False
"Expedia, Inc.",EXPE,OK,EXPE,EXPEDIA GROUP INC,1.0,"2010, 2011, 2012, 2013, 2014, 2015, 2016, 2017",0.08,False
"Gartner, Inc.",IT,OK,IT,GARTNER INC,1.0,"2017, 2018, 2019, 2020, 2021, 2022, 2023, 2024",0.08,False
"VeriSign, Inc.",VRSN,OK,VRSN,VERISIGN INC,1.0,"2010, 2011, 2012, 2013, 2014, 2015, 2016, 2017, 2018, 2019, 2020, 2021, 2022, 2023, 2024, 2025",0.08,False
CARDINAL HEALTH INC,CAH,OK,CAH,CARDINAL HEALTH INC,1.0,2026,0.07931,False
Ameren Corp.,AEE,OK,AEE,AMEREN CORPORATION,1.0,"2010, 2011, 2012, 2013, 2014, 2015, 2016, 2017, 2018, 2019, 2020, 2021, 2022, 2023, 2024, 2025",0.079,False
HONEYWELL AEROSPACE INC,HONA,OK,HONA,HONEYWELL AEROSPACE INC,1.0,2026,0.078848,False
AFLAC INC,AFL,OK,AFL,AFLAC INC,1.0,2026,0.078733,False
FORD MOTOR CO,F,OK,F,FORD MOTOR CO,1.0,2026,0.078644,False
METLIFE INC,MET,OK,MET,METLIFE INC,1.0,2026,0.078374,False
"Extra Space Storage, Inc. REIT",EXR,OK,EXR,EXTRA SPACE STORAGE INC,0.9,"2016, 2017, 2018, 2019, 2020, 2021, 2022, 2023, 2024, 2025",0.078,False
MGM Resorts International,MGM,OK,MGM,MGM RESORTS INTERNATIONAL,1.0,"2017, 2018, 2019, 2020, 2021, 2022, 2023, 2024",0.078,False
"Oneok, Inc.",OKE,OK,OKE,ONEOK INC,1.0,"2010, 2011, 2012, 2013, 2014, 2015",0.078,False
"Quest Diagnostics, Inc.",DGX,OK,DGX,QUEST DIAGNOSTICS INC,1.0,"2010, 2011, 2012, 2013, 2014, 2015, 2016, 2017, 2018, 2019, 2020, 2021, 2022, 2023, 2024, 2025",0.078,False
"Take-Two Interactive Software, Inc. ",TTWO,OK,TTWO,TAKE TWO INTERACTIVE SOFTWRE,0.98,2025,0.078,False
"Tyson Foods, Inc. (Class A)",TSN,OK,TSN,TYSON FOODS INC CL A,1.0,"2010, 2011, 2012, 2013, 2014, 2015",0.078,False
EDWARDS LIFESCIENCES CORP,EW,OK,EW,EDWARDS LIFESCIENCES CORP,1.0,2026,0.077307,False
"Diamondback Energy, Inc.",FANG,OK,FANG,DIAMONDBACK ENERGY INC,1.0,"2019, 2020, 2021, 2022, 2023, 2024, 2025",0.077,False
"First Solar, Inc.",FSLR,OK,FSLR,FIRST SOLAR INC,1.0,"2010, 2011, 2012, 2013, 2014, 2015, 2016, 2023, 2024",0.077,False
KLA-TencorCorp.,KLAC,OK,KLAC,KLA CORP,0.9,"2017, 2018",0.077,False
STATE STREET CORP,STT,OK,STT,STATE STREET CORP,1.0,2026,0.076001,False
PUBLIC STORAGE,PSA,OK,PSA,PUBLIC STORAGE,1.0,2026,0.075594,False
CDW Corp.,CDW,OK,CDW,CDW CORP/DE,1.0,"2019, 2020, 2021, 2022, 2023, 2024, 2025",0.075,False
"Dell Technologies, Inc. Class C",DELL,OK,DELL,DELL TECHNOLOGIES  C,1.0,"2024, 2025",0.075,False
"Expedia Group, Inc.",EXPE,OK,EXPE,EXPEDIA GROUP INC,1.0,"2018, 2019, 2020, 2021, 2022, 2023, 2024, 2025",0.075,False
Zebra Technologies Corp. Class A,ZBRA,OK,ZBRA,ZEBRA TECHNOLOGIES CORP CL A,1.0,"2020, 2021, 2022, 2023, 2024",0.075,False
CIENA CORP,CIEN,OK,CIEN,CIENA CORP,1.0,2026,0.074847,False
BECTON DICKINSON AND CO,BDX,OK,BDX,BECTON DICKINSON AND CO,1.0,2026,0.074559,False
Brown-Forman Corp.(Class B),BF.B,OK,BF.B,BROWN FORMAN CORP CLASS B,1.0,2013,0.074,False
KLA-Tencor Corp.,KLAC,OK,KLAC,KLA CORP,0.9,"2010, 2011, 2012, 2013, 2014, 2015, 2016",0.074,False
CMS Energy Corp.,CMS,OK,CMS,CMS ENERGY CORP,1.0,"2010, 2011, 2012, 2013, 2014, 2015, 2016, 2017, 2018, 2019, 2020, 2021, 2022, 2023, 2024, 2025",0.073,False
"DaVita, Inc.",DVA,OK,DVA,DAVITA INC,1.0,"2010, 2011, 2012, 2013, 2014, 2015, 2016, 2017, 2018, 2019, 2020, 2021, 2022, 2023, 2024",0.073,False
"NiSource, Inc.",NI,OK,NI,NISOURCE INC,1.0,"2010, 2011, 2012, 2013, 2014, 2015, 2016, 2017, 2018, 2019, 2020, 2021, 2022, 2023, 2024, 2025",0.073,False
The AES Corp.,AES,OK,AES,AES CORP,1.0,"2010, 2011, 2012, 2013, 2014",0.073,False
FIFTH THIRD BANCORP,FITB,OK,FITB,FIFTH THIRD BANCORP,1.0,2026,0.072762,False
AMERIPRISE FINANCIAL INC,AMP,OK,AMP,AMERIPRISE FINANCIAL INC,1.0,2026,0.072734,False
ENTERGY CORP,ETR,OK,ETR,ENTERGY CORP,1.0,2026,0.072204,False
"Alexandria Real Estate Equities, Inc. REIT",ARE,OK,ARE,ALEXANDRIA REAL ESTATE EQUIT,0.88,"2017, 2018, 2019, 2020, 2021, 2022, 2023, 2024, 2025",0.072,False
Baker Hughes a GE Co.,BKR,OK,BKR,BAKER HUGHES CO,0.92,"2017, 2018, 2019",0.072,False
Cincinnati Financial Corp.,CINF,OK,CINF,CINCINNATI FINANCIAL CORP,1.0,"2010, 2011, 2012, 2013, 2014, 2015, 2016, 2017, 2018, 2019, 2020, 2021, 2022, 2023, 2024, 2025",0.072,False
"Iron Mountain, Inc. REIT",IRM,OK,IRM,IRON MOUNTAIN INC,0.9,"2016, 2017, 2018, 2019, 2020, 2021, 2022, 2023, 2024, 2025",0.072,False
Pentair PLC,PNR,OK,PNR,PENTAIR PLC,1.0,"2014, 2015, 2016, 2017, 2018, 2019, 2020, 2021, 2022, 2023, 2024, 2025",0.072,False
"Textron, Inc.",TXT,OK,TXT,TEXTRON INC,1.0,"2010, 2011, 2012, 2013, 2014, 2015, 2016, 2017, 2018, 2019, 2020, 2021, 2022, 2023, 2024, 2025",0.072,False
DELTA AIR LINES INC,DAL,OK,DAL,DELTA AIR LINES INC,1.0,2026,0.071684,False
WABTEC CORP,WAB,OK,WAB,WABTEC CORP,1.0,2026,0.071601,False
Garmin Ltd.,GRMN,OK,GRMN,GARMIN LTD,1.0,"2023, 2024, 2025",0.071,False
"Generac Holdings, Inc.",GNRC,OK,GNRC,GENERAC HOLDINGS INC,1.0,"2021, 2022, 2023, 2024",0.071,False
"Henry Schein, Inc.",HSIC,OK,HSIC,HENRY SCHEIN INC,1.0,"2015, 2016, 2017, 2018, 2019, 2020, 2021, 2022, 2023, 2024",0.071,False
"Martin Marietta Materials, Inc.",MLM,OK,MLM,MARTIN MARIETTA MATERIALS,1.0,"2014, 2015, 2016, 2017, 2018, 2019, 2020, 2021, 2022, 2023, 2024, 2025",0.071,False
CARVANA CO,CVNA,OK,CVNA,CARVANA CO,1.0,2026,0.070941,False
AUTOZONE INC,AZO,OK,AZO,AUTOZONE INC,1.0,2026,0.070676,False
HUMANA INC,HUM,OK,HUM,HUMANA INC,1.0,2026,0.070537,False
ROCKWELL AUTOMATION INC,ROK,OK,ROK,ROCKWELL AUTOMATION INC,1.0,2026,0.070335,False
L3HARRIS TECHNOLOGIES INC,LHX,OK,LHX,L3HARRIS TECHNOLOGIES INC,1.0,2026,0.070076,False
"Block, Inc. ",XYZ,OK,XYZ,BLOCK INC,1.0,2025,0.07,False
"Copart, Inc. ",CPRT,OK,CPRT,COPART INC,1.0,2025,0.07,False
JM Smucker Co.,SJM,OK,SJM,JM SMUCKER CO/THE,1.0,"2015, 2022",0.07,False
"Nasdaq, Inc.",NDAQ,OK,NDAQ,NASDAQ INC,1.0,"2015, 2016, 2017, 2018, 2019, 2020, 2021, 2022, 2023, 2024, 2025",0.07,False
AUTODESK INC,ADSK,OK,ADSK,AUTODESK INC,1.0,2026,0.069675,False
"Huntington Bancshares, Inc.",HBAN,OK,HBAN,HUNTINGTON BANCSHARES INC,1.0,"2010, 2011, 2012, 2013, 2014, 2015, 2016, 2017, 2018, 2019, 2020",0.069,False
"Ulta Beauty, Inc.",ULTA,OK,ULTA,ULTA BEAUTY INC,1.0,"2020, 2021, 2022, 2023, 2024",0.069,False
GARMIN LTD,GRMN,OK,GRMN,GARMIN LTD,1.0,2026,0.068947,False
XCEL ENERGY INC,XEL,OK,XEL,XCEL ENERGY INC,1.0,2026,0.068659,False
"L3 Technologies, Inc.",LHX,OK,LHX,L3HARRIS TECHNOLOGIES INC,0.83,"2017, 2018",0.068,False
Tractor Supply Co.,TSCO,OK,TSCO,TRACTOR SUPPLY COMPANY,1.0,"2014, 2015, 2016, 2017, 2018, 2019, 2020, 2021, 2022, 2023, 2024, 2025",0.068,False
Waters Corp.,WAT,OK,WAT,WATERS CORP,1.0,"2010, 2011, 2012, 2013, 2014, 2015, 2016, 2017, 2018, 2019, 2020, 2021, 2022, 2023, 2024",0.068,False
EBAY INC,EBAY,OK,EBAY,EBAY INC,1.0,2026,0.06794,False
PAYPAL HOLDINGS INC,PYPL,OK,PYPL,PAYPAL HOLDINGS INC,1.0,2026,0.06781,False
VENTAS INC,VTR,OK,VTR,VENTAS INC,1.0,2026,0.067448,False
CARRIER GLOBAL CORP,CARR,OK,CARR,CARRIER GLOBAL CORP,1.0,2026,0.067369,False
AGILENT TECHNOLOGIES INC,A,OK,A,AGILENT TECHNOLOGIES INC,1.0,2026,0.067261,False
VISTRA CORP,VST,OK,VST,VISTRA CORP,1.0,2026,0.067207,False
Targa Resources Corp.,TRGP,OK,TRGP,TARGA RESOURCES CORP,1.0,"2023, 2024, 2025",0.067,False
"Universal Health Services, Inc. (Class B)",UHS,OK,UHS,UNIVERSAL HEALTH SERVICES B,1.0,"2014, 2015",0.067,False
"Xylem, Inc.",XYL,OK,XYL,XYLEM INC,1.0,"2012, 2013, 2014, 2015, 2016, 2017, 2018, 2019, 2020, 2021, 2022, 2023, 2024, 2025",0.067,False
VIVMARK RESIDENTIAL,VMRK,OK,VMRK,VIVMARK RESIDENTIAL,1.0,2026,0.066631,False
IQVIA HOLDINGS INC,IQV,OK,IQV,IQVIA HOLDINGS INC,1.0,2026,0.06632,False
"Hartford Insurance Group, Inc.",HIG,OK,HIG,HARTFORD INSURANCE GROUP INC,1.0,2025,0.066,False
"Take-TwoInteractive Software, Inc.",TTWO,OK,TTWO,TAKE TWO INTERACTIVE SOFTWRE,0.98,"2018, 2019, 2020",0.066,False
EXELON CORP,EXC,OK,EXC,EXELON CORP,1.0,2026,0.065871,False
COINBASE GLOBAL INC  CLASS A,COIN,OK,COIN,COINBASE GLOBAL INC  CLASS A,1.0,2026,0.065721,False
"Invitation Homes, Inc. REIT",INVH,OK,INVH,INVITATION HOMES INC,0.9,"2022, 2023, 2024, 2025",0.065,False
Kimco Realty Corp. REIT,KIM,OK,KIM,KIMCO REALTY CORP,0.9,"2016, 2017, 2018, 2019, 2020, 2021, 2022, 2023, 2024, 2025",0.065,False
Realty Income Corp.,O,OK,O,REALTY INCOME CORP,1.0,2015,0.065,False
Ross Stores Inc.,ROST,OK,ROST,ROSS STORES INC,1.0,2010,0.065,False
OCCIDENTAL PETROLEUM CORP,OXY,OK,OXY,OCCIDENTAL PETROLEUM CORP,1.0,2026,0.064992,False
NIKE INC  CL B,NKE,OK,NKE,NIKE INC  CL B,1.0,2026,0.064793,False
REPUBLIC SERVICES INC,RSG,OK,RSG,REPUBLIC SERVICES INC,1.0,2026,0.064627,False
KEURIG DR PEPPER INC,KDP,OK,KDP,KEURIG DR PEPPER INC,1.0,2026,0.064073,False
Amcor PLC,AMCR,OK,AMCR,AMCOR PLC,1.0,"2019, 2020, 2021, 2022, 2023, 2024, 2025",0.064,False
"Constellation Brands, Inc.(Class A)",STZ,OK,STZ,CONSTELLATION BRANDS INC A,1.0,2013,0.064,False
"F5 Networks, Inc.",FFIV,OK,FFIV,F5 INC,0.9,"2011, 2012, 2013, 2014, 2015, 2016, 2017, 2018, 2019, 2020, 2021",0.064,False
"Garmin, Ltd.",GRMN,OK,GRMN,GARMIN LTD,1.0,"2013, 2014, 2015, 2016, 2017, 2018, 2019, 2020, 2021, 2022",0.064,False
Kimco Realty Corp.,KIM,OK,KIM,KIMCO REALTY CORP,1.0,"2010, 2011, 2012, 2013, 2014, 2015",0.064,False
"Lululemon Athletica, Inc.",LULU,OK,LULU,LULULEMON ATHLETICA INC,1.0,2024,0.064,False
"Marriott International, Inc.(Class A)",MAR,OK,MAR,MARRIOTT INTERNATIONAL  CL A,1.0,2013,0.064,False
"Raymond James Financial, Inc.",RJF,OK,RJF,RAYMOND JAMES FINANCIAL INC,1.0,"2017, 2018, 2019, 2020, 2021, 2022, 2023, 2024, 2025",0.064,False
CHIPOTLE MEXICAN GRILL INC,CMG,OK,CMG,CHIPOTLE MEXICAN GRILL INC,1.0,2026,0.063968,False
"CoStar Group, Inc. ",CSGP,OK,CSGP,COSTAR GROUP INC,1.0,2025,0.063,False
"Evergy, Inc.",EVRG,OK,EVRG,EVERGY INC,1.0,"2018, 2019, 2020, 2021, 2022, 2023, 2024, 2025",0.063,False
Fair Isaac Corp. ,FICO,OK,FICO,FAIR ISAAC CORP,1.0,2025,0.063,False
"Host Hotels & Resorts, Inc. REIT",HST,OK,HST,HOST HOTELS + RESORTS INC,0.9,"2016, 2017, 2018, 2019, 2020, 2021, 2022, 2023, 2024, 2025",0.063,False
FERGUSON ENTERPRISES INC,FERG,OK,FERG,FERGUSON ENTERPRISES INC,1.0,2026,0.062919,False
WATERS CORP,WAT,OK,WAT,WATERS CORP,1.0,2026,0.062886,False
NASDAQ INC,NDAQ,OK,NDAQ,NASDAQ INC,1.0,2026,0.062654,False
BLOCK INC,XYZ,OK,XYZ,BLOCK INC,1.0,2026,0.062575,False
ARCHER DANIELS MIDLAND CO,ADM,OK,ADM,ARCHER DANIELS MIDLAND CO,1.0,2026,0.062442,False
INTERACTIVE BROKERS GRO CL A,IBKR,OK,IBKR,INTERACTIVE BROKERS GRO CL A,1.0,2026,0.062326,False
"Broadridge Financial Solutions, Inc.",BR,OK,BR,BROADRIDGE FINANCIAL SOLUTIO,0.97,"2018, 2019, 2020, 2021, 2022, 2023, 2024, 2025",0.062,False
Mosaic Co.,MOS,OK,MOS,MOSAIC CO/THE,1.0,"2015, 2016, 2017, 2018, 2019, 2020, 2021, 2022, 2023, 2024, 2025",0.062,False
"NVR, Inc.",NVR,OK,NVR,NVR INC,1.0,"2019, 2020, 2021, 2022, 2023, 2024",0.062,False
"Take-Two Interactive Software, Inc.",TTWO,OK,TTWO,TAKE TWO INTERACTIVE SOFTWRE,0.98,"2021, 2022, 2023, 2024",0.062,False
PRUDENTIAL FINANCIAL INC,PRU,OK,PRU,PRUDENTIAL FINANCIAL INC,1.0,2026,0.061759,False
IDEXX LABORATORIES INC,IDXX,OK,IDXX,IDEXX LABORATORIES INC,1.0,2026,0.0614,False
MSCI INC,MSCI,OK,MSCI,MSCI INC,1.0,2026,0.061217,False
"Iron Mountain, Inc.",IRM,OK,IRM,IRON MOUNTAIN INC,1.0,"2010, 2011, 2012, 2013, 2014, 2015",0.061,False
Masco Corp.,MAS,OK,MAS,MASCO CORP,1.0,"2010, 2011, 2012, 2013, 2014, 2015, 2016, 2017, 2018, 2019, 2020, 2021, 2022, 2023, 2024, 2025",0.061,False
"PulteGroup, Inc.",PHM,OK,PHM,PULTEGROUP INC,1.0,"2016, 2017, 2018, 2019, 2020, 2021, 2022, 2023, 2024, 2025",0.061,False
FLEX LTD,FLEX,OK,FLEX,FLEX LTD,1.0,2026,0.060685,False
MICROCHIP TECHNOLOGY INC,MCHP,OK,MCHP,MICROCHIP TECHNOLOGY INC,1.0,2026,0.060318,False
CBRE GROUP INC   A,CBRE,OK,CBRE,CBRE GROUP INC   A,1.0,2026,0.060104,False
"Hasbro, Inc.",HAS,OK,HAS,HASBRO INC,1.0,"2010, 2011, 2012, 2013, 2014, 2015, 2016, 2017, 2018, 2019, 2020, 2021, 2022, 2023, 2024, 2025",0.06,False
"Mid-AmericaApartment Communities, Inc. REIT",MAA,OK,MAA,MID AMERICA APARTMENT COMM,0.81,"2017, 2018, 2019, 2020",0.06,False
STERIS PLC,STE,OK,STE,STERIS PLC,1.0,"2020, 2021, 2022, 2023, 2024, 2025, 2026",0.06,False
AMERICAN INTERNATIONAL GROUP,AIG,OK,AIG,AMERICAN INTERNATIONAL GROUP,1.0,2026,0.059746,False
DIAMONDBACK ENERGY INC,FANG,OK,FANG,DIAMONDBACK ENERGY INC,1.0,2026,0.059663,False
CONSOLIDATED EDISON INC,ED,OK,ED,CONSOLIDATED EDISON INC,1.0,2026,0.059113,False
"Axon Enterprise, Inc.",AXON,OK,AXON,AXON ENTERPRISE INC,1.0,"2023, 2024",0.059,False
"Cooper Cos., Inc.",COO,OK,COO,COOPER COS INC/THE,1.0,"2016, 2017, 2018, 2019, 2020, 2021, 2022, 2023, 2024",0.059,False
"Domino’s Pizza, Inc.",DPZ,OK,DPZ,DOMINO S PIZZA INC,1.0,2020,0.059,False
"Mid-America Apartment Communities, Inc. REIT",MAA,OK,MAA,MID AMERICA APARTMENT COMM,0.81,"2021, 2022, 2023, 2024, 2025",0.059,False
"NRG Energy, Inc.",NRG,OK,NRG,NRG ENERGY INC,1.0,"2010, 2011, 2012, 2013, 2014, 2015, 2016, 2017, 2018, 2019, 2020, 2021, 2022, 2023, 2024, 2025",0.059,False
"Tapestry, Inc.",TPR,OK,TPR,TAPESTRY INC,1.0,"2018, 2019, 2020, 2021, 2022, 2023, 2024, 2025",0.059,False
"Universal Health Services, Inc.Class B",UHS,OK,UHS,UNIVERSAL HEALTH SERVICES B,1.0,2016,0.059,False
VEEVA SYSTEMS INC CLASS A,VEEV,OK,VEEV,VEEVA SYSTEMS INC CLASS A,1.0,2026,0.058983,False
WORKDAY INC CLASS A,WDAY,OK,WDAY,WORKDAY INC CLASS A,1.0,2026,0.058915,False
NETAPP INC,NTAP,OK,NTAP,NETAPP INC,1.0,2026,0.058871,False
"Darden Restaurants, Inc.",DRI,OK,DRI,DARDEN RESTAURANTS INC,1.0,"2010, 2011, 2012, 2013, 2014, 2015, 2016, 2017, 2018, 2019, 2020, 2021, 2022, 2023, 2024, 2025",0.058,False
Federal Realty Investment Trust REIT,FRT,OK,FRT,FEDERAL REALTY INVS TRUST,0.82,"2016, 2017, 2018, 2019, 2020, 2021, 2022, 2023, 2024, 2025",0.058,False
SYSCO CORP,SYY,OK,SYY,SYSCO CORP,1.0,2026,0.057497,False
YUM  BRANDS INC,YUM,OK,YUM,YUM  BRANDS INC,1.0,2026,0.05712,False
"Charles River Laboratories International, Inc.",CRL,OK,CRL,CHARLES RIVER LABORATORIES,0.9,"2021, 2022, 2023, 2024",0.057,False
"IQVIA Holdings, Inc. ",IQV,OK,IQV,IQVIA HOLDINGS INC,1.0,2025,0.057,False
KeyCorp.,KEY,OK,KEY,KEYCORP,1.0,"2021, 2022",0.057,False
Polo Ralph Lauren Corp.,RL,OK,RL,RALPH LAUREN CORP,0.9,2010,0.057,False
"Trimble, Inc.",TRMB,OK,TRMB,TRIMBLE INC,1.0,"2021, 2022, 2023, 2024",0.057,False
"UDR, Inc. REIT",UDR,OK,UDR,UDR INC,0.9,"2016, 2017, 2018, 2019, 2020, 2021, 2022, 2023, 2024, 2025",0.057,False
Veralto Corp.,VLTO,OK,VLTO,VERALTO CORP,1.0,"2024, 2025",0.057,False
PAYCHEX INC,PAYX,OK,PAYX,PAYCHEX INC,1.0,2026,0.056196,False
"CBOE Holdings, Inc.",CBOE,OK,CBOE,CBOE GLOBAL MARKETS INC,0.9,2017,0.056,False
ROPER TECHNOLOGIES INC,ROP,OK,ROP,ROPER TECHNOLOGIES INC,1.0,2026,0.055916,False
AXON ENTERPRISE INC,AXON,OK,AXON,AXON ENTERPRISE INC,1.0,2026,0.055175,False
"CBRE Group, Inc. (Class A)",CBRE,OK,CBRE,CBRE GROUP INC   A,1.0,"2012, 2013, 2014, 2015",0.055,False
Carnival Corp. ,CCL,OK,CCL,CARNIVAL CORP LTD,1.0,2025,0.055,False
Las Vegas Sands Corp.,LVS,OK,LVS,LAS VEGAS SANDS CORP,1.0,"2020, 2021, 2022, 2023, 2024, 2025",0.055,False
"Teledyne Technologies, Inc.",TDY,OK,TDY,TELEDYNE TECHNOLOGIES INC,1.0,"2020, 2021, 2022, 2023, 2024",0.055,False
"United Airlines Holdings, Inc. ",UAL,OK,UAL,UNITED AIRLINES HOLDINGS INC,1.0,2025,0.055,False
ILLUMINA INC,ILMN,OK,ILMN,ILLUMINA INC,1.0,2026,0.054883,False
TAKE TWO INTERACTIVE SOFTWRE,TTWO,OK,TTWO,TAKE TWO INTERACTIVE SOFTWRE,1.0,2026,0.054774,False
Atmos Energy Corp.,ATO,OK,ATO,ATMOS ENERGY CORP,1.0,"2019, 2020, 2021, 2022, 2023, 2024, 2025",0.054,False
Hormel Foods Corp.,HRL,OK,HRL,HORMEL FOODS CORP,1.0,"2010, 2011, 2012, 2013, 2014, 2015, 2016, 2017, 2018, 2019, 2020, 2021, 2022, 2023, 2024, 2025",0.054,False
"Interactive Brokers Group, Inc. Class A",IBKR,OK,IBKR,INTERACTIVE BROKERS GRO CL A,0.92,2025,0.054,False
ProLogis,PLD,OK,PLD,PROLOGIS INC,1.0,2010,0.054,False
HARTFORD INSURANCE GROUP INC,HIG,OK,HIG,HARTFORD INSURANCE GROUP INC,1.0,2026,0.053994,False
UNITED AIRLINES HOLDINGS INC,UAL,OK,UAL,UNITED AIRLINES HOLDINGS INC,1.0,2026,0.05367,False
DR HORTON INC,DHI,OK,DHI,DR HORTON INC,1.0,2026,0.053091,False
"Healthpeak Properties, Inc. REIT",DOC,OK,DOC,HEALTHPEAK PROPERTIES INC,0.91,"2020, 2021, 2022, 2023, 2024, 2025",0.053,False
"Keysight Technologies, Inc. ",KEYS,OK,KEYS,KEYSIGHT TECHNOLOGIES IN,0.95,2025,0.053,False
Wabtec Corp.,WAB,OK,WAB,WABTEC CORP,1.0,2019,0.053,False
PUBLIC SERVICE ENTERPRISE GP,PEG,OK,PEG,PUBLIC SERVICE ENTERPRISE GP,1.0,2026,0.052885,False
EVERPURE INC A,P,OK,P,EVERPURE INC A,1.0,2026,0.052508,False
Bio-Techne Corp.,TECH,OK,TECH,BIO TECHNE CORP,1.0,"2021, 2022, 2023, 2024, 2025",0.052,False
"Cboe Global Markets, Inc.",CBOE,OK,CBOE,CBOE GLOBAL MARKETS INC,1.0,"2018, 2019, 2020, 2021, 2022, 2023, 2024, 2025",0.052,False
KROGER CO,KR,OK,KR,KROGER CO,1.0,2026,0.051775,False
IRON MOUNTAIN INC,IRM,OK,IRM,IRON MOUNTAIN INC,1.0,2026,0.051743,False
KENVUE INC,KVUE,OK,KVUE,KENVUE INC,1.0,2026,0.051402,False
WEC ENERGY GROUP INC,WEC,OK,WEC,WEC ENERGY GROUP INC,1.0,2026,0.051116,False
Alliant Energy Corp.,LNT,OK,LNT,ALLIANT ENERGY CORP,1.0,"2016, 2017, 2018, 2019, 2020, 2021, 2022, 2023, 2024, 2025",0.051,False
"EMCOR Group, Inc.",EME,OK,EME,EMCOR GROUP INC,1.0,2025,0.051,False
Lennar Corp. (Class A),LEN,OK,LEN,LENNAR CORP A,1.0,"2010, 2011, 2012, 2013, 2014, 2015",0.051,False
"Snap-on, Inc.",SNA,OK,SNA,SNAP ON INC,1.0,"2010, 2011, 2012, 2013, 2014, 2015, 2016, 2021, 2022, 2023, 2024, 2025",0.051,False
"Tyler Technologies, Inc.",TYL,OK,TYL,TYLER TECHNOLOGIES INC,1.0,"2020, 2021, 2022, 2023, 2024",0.051,False
DEXCOM INC,DXCM,OK,DXCM,DEXCOM INC,1.0,2026,0.050942,False
EMCOR GROUP INC,EME,OK,EME,EMCOR GROUP INC,1.0,2026,0.05018,False
AES Corp.,AES,OK,AES,AES CORP,1.0,"2015, 2016, 2017, 2018, 2019, 2020, 2021, 2022, 2023, 2024, 2025",0.05,False
"Brown & Brown, Inc.",BRO,OK,BRO,BROWN + BROWN INC,1.0,"2021, 2022, 2023, 2024, 2025",0.05,False
Brown-Forman Corp. Class B,BF.B,OK,BF.B,BROWN FORMAN CORP CLASS B,1.0,"2016, 2017, 2018, 2019, 2020, 2021, 2022, 2023, 2024, 2025",0.05,False
Deckers Outdoor Corp.,DECK,OK,DECK,DECKERS OUTDOOR CORP,1.0,2024,0.05,False
"FactSet Research Systems, Inc.",FDS,OK,FDS,FACTSET RESEARCH SYSTEMS INC,1.0,"2022, 2023, 2024, 2025",0.05,False
IDEX Corp.,IEX,OK,IEX,IDEX CORP,1.0,"2019, 2020, 2021, 2022, 2023, 2024, 2025",0.05,False
Packaging Corp. of America,PKG,OK,PKG,PACKAGING CORP OF AMERICA,1.0,"2017, 2018, 2019, 2020, 2021, 2022, 2023, 2024, 2025",0.05,False
Smurfit WestRock PLC,SW,OK,SW,SMURFIT WESTROCK PLC,1.0,"2024, 2025",0.05,False
"Universal Health Services, Inc. Class B",UHS,OK,UHS,UNIVERSAL HEALTH SERVICES B,1.0,"2017, 2018, 2019, 2020, 2021, 2022, 2023, 2024, 2025",0.05,False
ARCH CAPITAL GROUP LTD,ACGL,OK,ACGL,ARCH CAPITAL GROUP LTD,1.0,2026,0.049742,False
M + T BANK CORP,MTB,OK,MTB,M + T BANK CORP,1.0,2026,0.049593,False
KIMBERLY CLARK CORP,KMB,OK,KMB,KIMBERLY CLARK CORP,1.0,2026,0.049408,False
NORTHERN TRUST CORP,NTRS,OK,NTRS,NORTHERN TRUST CORP,1.0,2026,0.049368,False
RESMED INC,RMD,OK,RMD,RESMED INC,1.0,2026,0.049227,False
"Teledyne Technologies, Inc. ",TDY,OK,TDY,TELEDYNE TECHNOLOGIES INC,1.0,2025,0.049,False
OLD DOMINION FREIGHT LINE,ODFL,OK,ODFL,OLD DOMINION FREIGHT LINE,1.0,2026,0.048973,False
HUNTINGTON BANCSHARES INC,HBAN,OK,HBAN,HUNTINGTON BANCSHARES INC,1.0,2026,0.048964,False
CENTENE CORP,CNC,OK,CNC,CENTENE CORP,1.0,2026,0.048787,False
EXPEDIA GROUP INC,EXPE,OK,EXPE,EXPEDIA GROUP INC,1.0,2026,0.048647,False
BIOGEN INC,BIIB,OK,BIIB,BIOGEN INC,1.0,2026,0.048474,False
STEEL DYNAMICS INC,STLD,OK,STLD,STEEL DYNAMICS INC,1.0,2026,0.048077,False
"Domino's Pizza, Inc.",DPZ,OK,DPZ,DOMINO S PIZZA INC,1.0,"2021, 2022, 2023, 2024, 2025",0.048,False
"Jacobs Solutions, Inc.",J,OK,J,JACOBS SOLUTIONS INC,1.0,"2022, 2023, 2024, 2025",0.048,False
"Norwegian Cruise Line Holdings, Ltd.",NCLH,OK,NCLH,NORWEGIAN CRUISE LINE HOLDIN,0.9,"2018, 2019, 2020, 2021, 2022",0.048,False
HP INC,HPQ,OK,HPQ,HP INC,1.0,2026,0.047887,False
JABIL INC,JBL,OK,JBL,JABIL INC,1.0,2026,0.047617,False
EQT CORP,EQT,OK,EQT,EQT CORP,1.0,2026,0.047569,False
VULCAN MATERIALS CO,VMC,OK,VMC,VULCAN MATERIALS CO,1.0,2026,0.04753,False
CROWN CASTLE INC,CCI,OK,CCI,CROWN CASTLE INC,1.0,2026,0.047149,False
Avery Dennison Corp.,AVY,OK,AVY,AVERY DENNISON CORP,1.0,"2010, 2011, 2012, 2013, 2014, 2015, 2016, 2017, 2018, 2019, 2020, 2021, 2022, 2023, 2024, 2025",0.047,False
"Dexcom, Inc. ",DXCM,OK,DXCM,DEXCOM INC,1.0,2025,0.047,False
"Hubbell, Inc.",HUBB,OK,HUBB,HUBBELL INC,1.0,"2024, 2025",0.047,False
"Huntington Ingalls Industries, Inc.",HII,OK,HII,HUNTINGTON INGALLS INDUSTRIE,0.98,"2018, 2019, 2020, 2021, 2022, 2023, 2024, 2025",0.047,False
"Leidos Holdings, Inc.",LDOS,OK,LDOS,LEIDOS HOLDINGS INC,1.0,"2019, 2020, 2021, 2022, 2023, 2024, 2025",0.047,False
"PTC, Inc.",PTC,OK,PTC,PTC INC,1.0,"2021, 2022, 2023, 2024",0.047,False
Regency Centers Corp. REIT,REG,OK,REG,REGENCY CENTERS CORP,0.9,"2017, 2018, 2019, 2020, 2021, 2022, 2023, 2024, 2025",0.047,False
"Teradyne, Inc.",TER,OK,TER,TERADYNE INC,1.0,"2010, 2011, 2012, 2013, 2020, 2021, 2022, 2023, 2024, 2025",0.047,False
News Corp. (Class A),NWS,OK,NWS,NEWS CORP   CLASS B,1.0,"2014, 2015",0.046,False
"Steel Dynamics, Inc.",STLD,OK,STLD,STEEL DYNAMICS INC,1.0,"2023, 2024, 2025",0.046,False
Bunge Ltd.,BG,OK,BG,BUNGE GLOBAL SA,0.9,2023,0.045,False
"Charter Communications, Inc. Class A ",CHTR,OK,CHTR,CHARTER COMMUNICATIONS INC A,1.0,2025,0.045,False
"Corpay, Inc.",CPAY,OK,CPAY,CORPAY INC,1.0,2024,0.045,False
Everest Group Ltd.,EG,OK,EG,EVEREST GROUP LTD,1.0,"2023, 2024, 2025",0.045,False
Fox Corp. Class A,FOX,OK,FOX,FOX CORP   CLASS B,1.0,"2019, 2020, 2021, 2022, 2023, 2024, 2025",0.045,False
"GoDaddy, Inc. Class A",GDDY,OK,GDDY,GODADDY INC   CLASS A,1.0,2024,0.045,False
"Jack Henry & Associates, Inc.",JKHY,OK,JKHY,JACK HENRY + ASSOCIATES INC,1.0,"2019, 2020, 2021, 2022, 2023, 2024, 2025",0.045,False
"Live Nation Entertainment, Inc. ",LYV,OK,LYV,LIVE NATION ENTERTAINMENT IN,0.96,2025,0.045,False
Pinnacle West Capital Corp.,PNW,OK,PNW,PINNACLE WEST CAPITAL,1.0,"2010, 2011, 2012, 2013, 2014, 2015, 2016, 2017, 2018, 2019, 2020, 2021, 2022, 2023, 2024, 2025",0.045,False
"Viatris, Inc.",VTRS,OK,VTRS,VIATRIS INC,1.0,"2021, 2022, 2023, 2024, 2025",0.045,False
W R Berkley Corp.,WRB,OK,WRB,WR BERKLEY CORP,1.0,"2022, 2023",0.045,False
MARTIN MARIETTA MATERIALS,MLM,OK,MLM,MARTIN MARIETTA MATERIALS,1.0,2026,0.044818,False
ZOETIS INC,ZTS,OK,ZTS,ZOETIS INC,1.0,2026,0.044753,False
P G + E CORP,PCG,OK,PCG,P G + E CORP,1.0,2026,0.044217,False
Expand Energy Corp.,EXE,OK,EXE,EXPAND ENERGY CORP,1.0,2025,0.044,False
"Mettler-Toledo International, Inc. ",MTD,OK,MTD,METTLER TOLEDO INTERNATIONAL,1.0,2025,0.044,False
GE HEALTHCARE TECHNOLOGY,GEHC,OK,GEHC,GE HEALTHCARE TECHNOLOGY,1.0,2026,0.043937,False
EXTRA SPACE STORAGE INC,EXR,OK,EXR,EXTRA SPACE STORAGE INC,1.0,2026,0.043929,False
WILLIS TOWERS WATSON PLC,WTW,OK,WTW,WILLIS TOWERS WATSON PLC,1.0,2026,0.043668,False
CBOE GLOBAL MARKETS INC,CBOE,OK,CBOE,CBOE GLOBAL MARKETS INC,1.0,2026,0.043514,False
RAYMOND JAMES FINANCIAL INC,RJF,OK,RJF,RAYMOND JAMES FINANCIAL INC,1.0,2026,0.043477,False
CITIZENS FINANCIAL GROUP,CFG,OK,CFG,CITIZENS FINANCIAL GROUP,1.0,2026,0.04312,False
AMEREN CORPORATION,AEE,OK,AEE,AMEREN CORPORATION,1.0,2026,0.043023,False
"CBRE Group, Inc.",CBRE,OK,CBRE,CBRE GROUP INC   A,1.0,2011,0.043,False
"CBRE Group, Inc. Class AREIT",CBRE,OK,CBRE,CBRE GROUP INC   A,0.9,2016,0.043,False
"Everest Re Group, Ltd.",EG,OK,EG,EVEREST GROUP LTD,0.9,"2017, 2018, 2019, 2020, 2021, 2022",0.043,False
"PTC, Inc. ",PTC,OK,PTC,PTC INC,1.0,2025,0.043,False
"Super Micro Computer, Inc.",SMCI,OK,SMCI,SUPER MICRO COMPUTER INC,1.0,2024,0.043,False
"Ulta Beauty, Inc. ",ULTA,OK,ULTA,ULTA BEAUTY INC,1.0,2025,0.043,False
HALLIBURTON CO,HAL,OK,HAL,HALLIBURTON CO,1.0,2026,0.042731,False
METTLER TOLEDO INTERNATIONAL,MTD,OK,MTD,METTLER TOLEDO INTERNATIONAL,1.0,2026,0.042546,False
TELEDYNE TECHNOLOGIES INC,TDY,OK,TDY,TELEDYNE TECHNOLOGIES INC,1.0,2026,0.042531,False
CARNIVAL CORP LTD,CCL,OK,CCL,CARNIVAL CORP LTD,1.0,2026,0.042197,False
ARES MANAGEMENT CORP   A,ARES,OK,ARES,ARES MANAGEMENT CORP   A,1.0,2026,0.042054,False
"Assurant, Inc.",AIZ,OK,AIZ,ASSURANT INC,1.0,"2010, 2011, 2012, 2013, 2014, 2015, 2016, 2017, 2018, 2019, 2020, 2021, 2022, 2023, 2024, 2025",0.042,False
Camden Property Trust REIT,CPT,OK,CPT,CAMDEN PROPERTY TRUST,0.9,"2022, 2023, 2024, 2025",0.042,False
"First Solar, Inc. ",FSLR,OK,FSLR,FIRST SOLAR INC,1.0,2025,0.042,False
"Labcorp Holdings, Inc.",LH,OK,LH,LABCORP HOLDINGS INC,1.0,"2024, 2025",0.042,False
"Snap-on,Inc.",SNA,OK,SNA,SNAP ON INC,1.0,"2017, 2018, 2019, 2020",0.042,False
"Super Micro Computer, Inc. ",SMCI,OK,SMCI,SUPER MICRO COMPUTER INC,1.0,2025,0.042,False
"United Airlines Holdings, Inc.",UAL,OK,UAL,UNITED AIRLINES HOLDINGS INC,1.0,"2021, 2022, 2023, 2024",0.042,False
"Williams-Sonoma, Inc.",WSM,OK,WSM,WILLIAMS SONOMA INC,1.0,2025,0.042,False
QUEST DIAGNOSTICS INC,DGX,OK,DGX,QUEST DIAGNOSTICS INC,1.0,2026,0.041495,False
ON SEMICONDUCTOR,ON,OK,ON,ON SEMICONDUCTOR,1.0,2026,0.041324,False
ATMOS ENERGY CORP,ATO,OK,ATO,ATMOS ENERGY CORP,1.0,2026,0.041091,False
DOLLAR GENERAL CORP,DG,OK,DG,DOLLAR GENERAL CORP,1.0,2026,0.041052,False
"Jabil, Inc.",JBL,OK,JBL,JABIL INC,1.0,"2024, 2025",0.041,False
"NVR, Inc. ",NVR,OK,NVR,NVR INC,1.0,2025,0.041,False
AMERICAN WATER WORKS CO INC,AWK,OK,AWK,AMERICAN WATER WORKS CO INC,1.0,2026,0.040966,False
COGNIZANT TECH SOLUTIONS A,CTSH,OK,CTSH,COGNIZANT TECH SOLUTIONS A,1.0,2026,0.040905,False
DTE ENERGY COMPANY,DTE,OK,DTE,DTE ENERGY COMPANY,1.0,2026,0.040305,False
LIVE NATION ENTERTAINMENT IN,LYV,OK,LYV,LIVE NATION ENTERTAINMENT IN,1.0,2026,0.040229,False
WILLIAMS SONOMA INC,WSM,OK,WSM,WILLIAMS SONOMA INC,1.0,2026,0.040152,False
"Globe Life, Inc.",GL,OK,GL,GLOBE LIFE INC,1.0,"2019, 2020, 2021, 2022, 2023, 2024, 2025",0.04,False
"Tyler Technologies, Inc. ",TYL,OK,TYL,TYLER TECHNOLOGIES INC,1.0,2025,0.04,False
W.R. Berkley Corp.,WRB,OK,WRB,WR BERKLEY CORP,1.0,"2024, 2025",0.04,False
VICI PROPERTIES INC,VICI,OK,VICI,VICI PROPERTIES INC,1.0,2026,0.039616,False
OTIS WORLDWIDE CORP,OTIS,OK,OTIS,OTIS WORLDWIDE CORP,1.0,2026,0.039564,False
CORPAY INC,CPAY,OK,CPAY,CORPAY INC,1.0,2026,0.039549,False
CINCINNATI FINANCIAL CORP,CINF,OK,CINF,CINCINNATI FINANCIAL CORP,1.0,2026,0.039344,False
LABCORP HOLDINGS INC,LH,OK,LH,LABCORP HOLDINGS INC,1.0,2026,0.039256,False
Allegion PLC,ALLE,OK,ALLE,ALLEGION PLC,1.0,"2014, 2015, 2016, 2017, 2018, 2019, 2020, 2021, 2022, 2023, 2024, 2025",0.039,False
WEST PHARMACEUTICAL SERVICES,WST,OK,WST,WEST PHARMACEUTICAL SERVICES,1.0,2026,0.038934,False
DOVER CORP,DOV,OK,DOV,DOVER CORP,1.0,2026,0.038421,False
FISERV INC,FISV,OK,FISV,FISERV INC,1.0,2026,0.038275,False
EVERSOURCE ENERGY,ES,OK,ES,EVERSOURCE ENERGY,1.0,2026,0.038233,False
QNITY ELECTRONICS INC,Q,OK,Q,QNITY ELECTRONICS INC,1.0,2026,0.038203,False
PPL CORP,PPL,OK,PPL,PPL CORP,1.0,2026,0.038154,False
XYLEM INC,XYL,OK,XYL,XYLEM INC,1.0,2026,0.038093,False
CENTERPOINT ENERGY INC,CNP,OK,CNP,CENTERPOINT ENERGY INC,1.0,2026,0.038018,False
Insulet Corp. ,PODD,OK,PODD,INSULET CORP,1.0,2025,0.038,False
Nordson Corp.,NDSN,OK,NDSN,NORDSON CORP,1.0,"2022, 2023, 2024, 2025",0.038,False
"Revvity, Inc.",RVTY,OK,RVTY,REVVITY INC,1.0,"2023, 2024, 2025",0.038,False
EXPEDITORS INTL WASH INC,EXPD,OK,EXPD,EXPEDITORS INTL WASH INC,1.0,2026,0.037984,False
HERSHEY CO/THE,HSY,OK,HSY,HERSHEY CO/THE,1.0,2026,0.037484,False
INGERSOLL RAND INC,IR,OK,IR,INGERSOLL RAND INC,1.0,2026,0.037429,False
VERISIGN INC,VRSN,OK,VRSN,VERISIGN INC,1.0,2026,0.037365,False
COPART INC,CPRT,OK,CPRT,COPART INC,1.0,2026,0.037222,False
F5 INC,FFIV,OK,FFIV,F5 INC,1.0,2026,0.037027,False
APA Corp.,APA,OK,APA,APA CORP,1.0,"2021, 2022, 2023, 2024, 2025",0.037,False
REGIONS FINANCIAL CORP,RF,OK,RF,REGIONS FINANCIAL CORP,1.0,2026,0.036995,False
SYNCHRONY FINANCIAL,SYF,OK,SYF,SYNCHRONY FINANCIAL,1.0,2026,0.036835,False
DARDEN RESTAURANTS INC,DRI,OK,DRI,DARDEN RESTAURANTS INC,1.0,2026,0.036044,False
"Biogen, Inc. ",BIIB,OK,BIIB,BIOGEN INC,1.0,2025,0.036,False
"Corpay, Inc. ",CPAY,OK,CPAY,CORPAY INC,1.0,2025,0.036,False
"Discovery, Inc. Class C",WBD,OK,WBD,WARNER BROS DISCOVERY INC,0.9,"2019, 2020, 2021",0.036,False
"Live Nation Entertainment, Inc.",LYV,OK,LYV,LIVE NATION ENTERTAINMENT IN,0.96,"2020, 2021, 2022, 2023, 2024",0.036,False
HUBBELL INC,HUBB,OK,HUBB,HUBBELL INC,1.0,2026,0.035933,False
FIRSTENERGY CORP,FE,OK,FE,FIRSTENERGY CORP,1.0,2026,0.035841,False
PPG INDUSTRIES INC,PPG,OK,PPG,PPG INDUSTRIES INC,1.0,2026,0.035434,False
SMURFIT WESTROCK PLC,SW,OK,SW,SMURFIT WESTROCK PLC,1.0,2026,0.035389,False
ULTA BEAUTY INC,ULTA,OK,ULTA,ULTA BEAUTY INC,1.0,2026,0.03508,False
ESTEE LAUDER COMPANIES CL A,EL,OK,EL,ESTEE LAUDER COMPANIES CL A,1.0,2026,0.035033,False
"Gartner, Inc. ",IT,OK,IT,GARTNER INC,1.0,2025,0.035,False
J M Smucker Co.,SJM,OK,SJM,JM SMUCKER CO/THE,1.0,2023,0.035,False
ON Semiconductor Corp. ,ON,OK,ON,ON SEMICONDUCTOR,1.0,2025,0.035,False
"Pentair, Inc.",PNR,OK,PNR,PENTAIR PLC,1.0,2012,0.035,False
VERISK ANALYTICS INC,VRSK,OK,VRSK,VERISK ANALYTICS INC,1.0,2026,0.034956,False
VERALTO CORP,VLTO,OK,VLTO,VERALTO CORP,1.0,2026,0.034942,False
PRINCIPAL FINANCIAL GROUP,PFG,OK,PFG,PRINCIPAL FINANCIAL GROUP,1.0,2026,0.034776,False
TAPESTRY INC,TPR,OK,TPR,TAPESTRY INC,1.0,2026,0.034585,False
CHURCH + DWIGHT CO INC,CHD,OK,CHD,CHURCH + DWIGHT CO INC,1.0,2026,0.034061,False
Insulet Corp.,PODD,OK,PODD,INSULET CORP,1.0,"2023, 2024",0.034,False
"Lululemon Athletica, Inc. ",LULU,OK,LULU,LULULEMON ATHLETICA INC,1.0,2025,0.034,False
"Trimble, Inc. ",TRMB,OK,TRMB,TRIMBLE INC,1.0,2025,0.034,False
T ROWE PRICE GROUP INC,TROW,OK,TROW,T ROWE PRICE GROUP INC,1.0,2026,0.033945,False
CASEY S GENERAL STORES INC,CASY,OK,CASY,CASEY S GENERAL STORES INC,1.0,2026,0.033648,False
SUPER MICRO COMPUTER INC,SMCI,OK,SMCI,SUPER MICRO COMPUTER INC,1.0,2026,0.03346,False
REDDIT INC CL A,RDDT,OK,RDDT,REDDIT INC CL A,1.0,2026,0.033429,False
PULTEGROUP INC,PHM,OK,PHM,PULTEGROUP INC,1.0,2026,0.03334,False
NRG ENERGY INC,NRG,OK,NRG,NRG ENERGY INC,1.0,2026,0.033264,False
Aptiv PLC ,APTV,OK,APTV,APTIV PLC,1.0,2025,0.033,False
"F5, Inc. ",FFIV,OK,FFIV,F5 INC,1.0,2025,0.033,False
"GoDaddy, Inc. Class A ",GDDY,OK,GDDY,GODADDY INC   CLASS A,1.0,2025,0.033,False
DOLLAR TREE INC,DLTR,OK,DLTR,DOLLAR TREE INC,1.0,2026,0.032636,False
EDISON INTERNATIONAL,EIX,OK,EIX,EDISON INTERNATIONAL,1.0,2026,0.032372,False
INCYTE CORP,INCY,OK,INCY,INCYTE CORP,1.0,2026,0.032362,False
INTL FLAVORS + FRAGRANCES,IFF,OK,IFF,INTL FLAVORS + FRAGRANCES,1.0,2026,0.032292,False
KRAFT HEINZ CO/THE,KHC,OK,KHC,KRAFT HEINZ CO/THE,1.0,2026,0.032077,False
FIRST SOLAR INC,FSLR,OK,FSLR,FIRST SOLAR INC,1.0,2026,0.032002,False
"Dollar Tree, Inc. ",DLTR,OK,DLTR,DOLLAR TREE INC,1.0,2025,0.032,False
WR Berkley Corp.,WRB,OK,WRB,WR BERKLEY CORP,1.0,"2020, 2021",0.032,False
OMNICOM GROUP,OMC,OK,OMC,OMNICOM GROUP,1.0,2026,0.031864,False
DOW INC,DOW,OK,DOW,DOW INC,1.0,2026,0.031386,False
TEXAS PACIFIC LAND CORP,TPL,OK,TPL,TEXAS PACIFIC LAND CORP,1.0,2026,0.031364,False
PACKAGING CORP OF AMERICA,PKG,OK,PKG,PACKAGING CORP OF AMERICA,1.0,2026,0.031345,False
FAIR ISAAC CORP,FICO,OK,FICO,FAIR ISAAC CORP,1.0,2026,0.031102,False
CMS ENERGY CORP,CMS,OK,CMS,CMS ENERGY CORP,1.0,2026,0.031078,False
"Gen Digital, Inc.",GEN,OK,GEN,GEN DIGITAL INC,1.0,"2023, 2024, 2025",0.031,False
"Jabil Circuit, Inc.",JBL,OK,JBL,JABIL INC,0.9,"2010, 2011, 2012, 2013, 2014",0.031,False
Texas Pacific Land Corp.,TPL,OK,TPL,TEXAS PACIFIC LAND CORP,1.0,2025,0.031,False
Waters Corp. ,WAT,OK,WAT,WATERS CORP,1.0,2025,0.031,False
EXPAND ENERGY CORP,EXE,OK,EXE,EXPAND ENERGY CORP,1.0,2026,0.030527,False
SOUTHWEST AIRLINES CO,LUV,OK,LUV,SOUTHWEST AIRLINES CO,1.0,2026,0.030458,False
"Lennox International, Inc.",LII,OK,LII,LENNOX INTERNATIONAL INC,1.0,2025,0.03,False
VIATRIS INC,VTRS,OK,VTRS,VIATRIS INC,1.0,2026,0.029531,False
NISOURCE INC,NI,OK,NI,NISOURCE INC,1.0,2026,0.029509,False
GENERAL MILLS INC,GIS,OK,GIS,GENERAL MILLS INC,1.0,2026,0.029483,False
SNAP ON INC,SNA,OK,SNA,SNAP ON INC,1.0,2026,0.029323,False
CF INDUSTRIES HOLDINGS INC,CF,OK,CF,CF INDUSTRIES HOLDINGS INC,1.0,2026,0.029313,False
AMCOR PLC,AMCR,OK,AMCR,AMCOR PLC,1.0,2026,0.029257,False
Centene Corp. ,CNC,OK,CNC,CENTENE CORP,1.0,2025,0.029,False
"F5, Inc.",FFIV,OK,FFIV,F5 INC,1.0,"2022, 2023, 2024",0.029,False
"Rollins, Inc.",ROL,OK,ROL,ROLLINS INC,1.0,"2018, 2019, 2020, 2021, 2022, 2023, 2024, 2025",0.029,False
SBA COMMUNICATIONS CORP,SBAC,OK,SBAC,SBA COMMUNICATIONS CORP,1.0,2026,0.028807,False
GLOBAL PAYMENTS INC,GPN,OK,GPN,GLOBAL PAYMENTS INC,1.0,2026,0.028678,False
KEYCORP,KEY,OK,KEY,KEYCORP,1.0,2026,0.028631,False
BROWN + BROWN INC,BRO,OK,BRO,BROWN + BROWN INC,1.0,2026,0.02838,False
EQUIFAX INC,EFX,OK,EFX,EQUIFAX INC,1.0,2026,0.028311,False
BROADRIDGE FINANCIAL SOLUTIO,BR,OK,BR,BROADRIDGE FINANCIAL SOLUTIO,1.0,2026,0.028214,False
FIDELITY NATIONAL INFO SERV,FIS,OK,FIS,FIDELITY NATIONAL INFO SERV,1.0,2026,0.028007,False
Bunge Global SA,BG,OK,BG,BUNGE GLOBAL SA,1.0,"2024, 2025",0.028,False
"CH Robinson Worldwide, Inc.",CHRW,OK,CHRW,C.H. ROBINSON WORLDWIDE INC,0.98,"2023, 2024, 2025",0.028,False
Erie Indemnity Co. Class A,ERIE,OK,ERIE,ERIE INDEMNITY COMPANY CL A,1.0,"2024, 2025",0.028,False
News Corp. Class A,NWS,OK,NWS,NEWS CORP   CLASS B,1.0,"2016, 2017, 2018, 2019, 2020, 2021, 2022, 2023, 2024, 2025",0.028,False
"The NASDAQ OMX Group, Inc.",NDAQ,OK,NDAQ,NASDAQ INC,0.9,"2010, 2011, 2012, 2013, 2014",0.028,False
EVERGY INC,EVRG,OK,EVRG,EVERGY INC,1.0,2026,0.027981,False
BEST BUY CO INC,BBY,OK,BBY,BEST BUY CO INC,1.0,2026,0.027776,False
INTERNATIONAL PAPER CO,IP,OK,IP,INTERNATIONAL PAPER CO,1.0,2026,0.02775,False
BUNGE GLOBAL SA,BG,OK,BG,BUNGE GLOBAL SA,1.0,2026,0.027619,False
ZIMMER BIOMET HOLDINGS INC,ZBH,OK,ZBH,ZIMMER BIOMET HOLDINGS INC,1.0,2026,0.027589,False
CDW CORP/DE,CDW,OK,CDW,CDW CORP/DE,1.0,2026,0.027528,False
C.H. ROBINSON WORLDWIDE INC,CHRW,OK,CHRW,C.H. ROBINSON WORLDWIDE INC,1.0,2026,0.027428,False
CONSTELLATION BRANDS INC A,STZ,OK,STZ,CONSTELLATION BRANDS INC A,1.0,2026,0.027116,False
Zebra Technologies Corp. Class A ,ZBRA,OK,ZBRA,ZEBRA TECHNOLOGIES CORP CL A,1.0,2025,0.027,False
LOEWS CORP,L,OK,L,LOEWS CORP,1.0,2026,0.026872,False
GENUINE PARTS CO,GPC,OK,GPC,GENUINE PARTS CO,1.0,2026,0.026814,False
DUPONT DE NEMOURS INC,DD,OK,DD,DUPONT DE NEMOURS INC,1.0,2026,0.026613,False
HUNT (JB) TRANSPRT SVCS INC,JBHT,OK,JBHT,HUNT (JB) TRANSPRT SVCS INC,1.0,2026,0.026531,False
ESSEX PROPERTY TRUST INC,ESS,OK,ESS,ESSEX PROPERTY TRUST INC,1.0,2026,0.026389,False
Deckers Outdoor Corp. ,DECK,OK,DECK,DECKERS OUTDOOR CORP,1.0,2025,0.026,False
JACOBS SOLUTIONS INC,J,OK,J,JACOBS SOLUTIONS INC,1.0,2026,0.025753,False
TRACTOR SUPPLY COMPANY,TSCO,OK,TSCO,TRACTOR SUPPLY COMPANY,1.0,2026,0.025693,False
ALLIANT ENERGY CORP,LNT,OK,LNT,ALLIANT ENERGY CORP,1.0,2026,0.025627,False
FORTIVE CORP,FTV,OK,FTV,FORTIVE CORP,1.0,2026,0.025504,False
IDEX CORP,IEX,OK,IEX,IDEX CORP,1.0,2026,0.025187,False
NORDSON CORP,NDSN,OK,NDSN,NORDSON CORP,1.0,2026,0.02512,False
ZEBRA TECHNOLOGIES CORP CL A,ZBRA,OK,ZBRA,ZEBRA TECHNOLOGIES CORP CL A,1.0,2026,0.025115,False
Wynn Resorts Ltd.,WYNN,OK,WYNN,WYNN RESORTS LTD,1.0,"2023, 2024, 2025",0.025,False
LEIDOS HOLDINGS INC,LDOS,OK,LDOS,LEIDOS HOLDINGS INC,1.0,2026,0.024432,False
LYONDELLBASELL INDU CL A,LYB,OK,LYB,LYONDELLBASELL INDU CL A,1.0,2026,0.024413,False
BALL CORP,BALL,OK,BALL,BALL CORP,1.0,2026,0.024357,False
REVVITY INC,RVTY,OK,RVTY,REVVITY INC,1.0,2026,0.024343,False
APA CORP,APA,OK,APA,APA CORP,1.0,2026,0.024122,False
WR BERKLEY CORP,WRB,OK,WRB,WR BERKLEY CORP,1.0,2026,0.024006,False
"BXP, Inc. REIT",BXP,OK,BXP,BXP INC,0.9,"2024, 2025",0.024,False
"Cooper Cos., Inc. ",COO,OK,COO,COOPER COS INC/THE,1.0,2025,0.024,False
Incyte Corp. ,INCY,OK,INCY,INCYTE CORP,1.0,2025,0.024,False
"TKO Group Holdings, Inc.",TKO,OK,TKO,TKO GROUP HOLDINGS INC,1.0,2025,0.024,False
GEN DIGITAL INC,GEN,OK,GEN,GEN DIGITAL INC,1.0,2026,0.023705,False
NVR INC,NVR,OK,NVR,NVR INC,1.0,2026,0.023366,False
KIMCO REALTY CORP,KIM,OK,KIM,KIMCO REALTY CORP,1.0,2026,0.023112,False
AKAMAI TECHNOLOGIES INC,AKAM,OK,AKAM,AKAMAI TECHNOLOGIES INC,1.0,2026,0.023111,False
WEYERHAEUSER CO,WY,OK,WY,WEYERHAEUSER CO,1.0,2026,0.023097,False
A O Smith Corp.,AOS,OK,AOS,SMITH (A.O.) CORP,0.9,2023,0.023,False
HOST HOTELS + RESORTS INC,HST,OK,HST,HOST HOTELS + RESORTS INC,1.0,2026,0.022696,False
TYSON FOODS INC CL A,TSN,OK,TSN,TYSON FOODS INC CL A,1.0,2026,0.022647,False
LENNAR CORP A,LEN,OK,LEN,LENNAR CORP A,1.0,2026,0.022262,False
PTC INC,PTC,OK,PTC,PTC INC,1.0,2026,0.022167,False
A.O. Smith Corp.,AOS,OK,AOS,SMITH (A.O.) CORP,0.9,"2021, 2022, 2024, 2025",0.022,False
INVITATION HOMES INC,INVH,OK,INVH,INVITATION HOMES INC,1.0,2026,0.021938,False
FEDEX FREIGHT HOLDING CO,FDXF,OK,FDXF,FEDEX FREIGHT HOLDING CO,1.0,2026,0.021796,False
CHARTER COMMUNICATIONS INC A,CHTR,OK,CHTR,CHARTER COMMUNICATIONS INC A,1.0,2026,0.021735,False
HEALTHPEAK PROPERTIES INC,DOC,OK,DOC,HEALTHPEAK PROPERTIES INC,1.0,2026,0.021404,False
ASSURANT INC,AIZ,OK,AIZ,ASSURANT INC,1.0,2026,0.021277,False
MID AMERICA APARTMENT COMM,MAA,OK,MAA,MID AMERICA APARTMENT COMM,1.0,2026,0.021051,False
TEXTRON INC,TXT,OK,TXT,TEXTRON INC,1.0,2026,0.021028,False
INVESCO LTD,IVZ,OK,IVZ,INVESCO LTD,1.0,2026,0.02063,False
GLOBE LIFE INC,GL,OK,GL,GLOBE LIFE INC,1.0,2026,0.020479,False
TRIMBLE INC,TRMB,OK,TRMB,TRIMBLE INC,1.0,2026,0.02041,False
CHARLES RIVER LABORATORIES,CRL,OK,CRL,CHARLES RIVER LABORATORIES,1.0,2026,0.020373,False
STANLEY BLACK + DECKER INC,SWK,OK,SWK,STANLEY BLACK + DECKER INC,1.0,2026,0.02032,False
SKYWORKS SOLUTIONS INC,SWKS,OK,SWKS,SKYWORKS SOLUTIONS INC,1.0,2026,0.020305,False
EVEREST GROUP LTD,EG,OK,EG,EVEREST GROUP LTD,1.0,2026,0.020277,False
MASCO CORP,MAS,OK,MAS,MASCO CORP,1.0,2026,0.020159,False
Solventum Corp.,SOLV,OK,SOLV,SOLVENTUM CORP,1.0,2024,0.02,False
JM SMUCKER CO/THE,SJM,OK,SJM,JM SMUCKER CO/THE,1.0,2026,0.019947,False
ALBEMARLE CORP,ALB,OK,ALB,ALBEMARLE CORP,1.0,2026,0.019869,False
ALLEGION PLC,ALLE,OK,ALLE,ALLEGION PLC,1.0,2026,0.019673,False
ECHOSTAR CORP A,ECHO,OK,ECHO,ECHOSTAR CORP A,1.0,2026,0.019627,False
FOX CORP   CLASS A,FOXA,OK,FOXA,FOX CORP   CLASS A,1.0,2026,0.01956,False
AVERY DENNISON CORP,AVY,OK,AVY,AVERY DENNISON CORP,1.0,2026,0.01951,False
SOLVENTUM CORP,SOLV,OK,SOLV,SOLVENTUM CORP,1.0,2026,0.019499,False
TYLER TECHNOLOGIES INC,TYL,OK,TYL,TYLER TECHNOLOGIES INC,1.0,2026,0.019497,False
RALPH LAUREN CORP,RL,OK,RL,RALPH LAUREN CORP,1.0,2026,0.019164,False
"Akamai Technologies, Inc. ",AKAM,OK,AKAM,AKAMAI TECHNOLOGIES INC,1.0,2025,0.019,False
Norwegian Cruise Line Holdings Ltd.,NCLH,OK,NCLH,NORWEGIAN CRUISE LINE HOLDIN,0.9,"2023, 2024",0.019,False
Norwegian Cruise Line Holdings Ltd. ,NCLH,OK,NCLH,NORWEGIAN CRUISE LINE HOLDIN,0.9,2025,0.019,False
Solventum Corp. ,SOLV,OK,SOLV,SOLVENTUM CORP,1.0,2025,0.019,False
MCCORMICK + CO NON VTG SHRS,MKC,OK,MKC,MCCORMICK + CO NON VTG SHRS,1.0,2026,0.018881,False
HASBRO INC,HAS,OK,HAS,HASBRO INC,1.0,2026,0.018736,False
GODADDY INC   CLASS A,GDDY,OK,GDDY,GODADDY INC   CLASS A,1.0,2026,0.018722,False
GENERAC HOLDINGS INC,GNRC,OK,GNRC,GENERAC HOLDINGS INC,1.0,2026,0.018401,False
REGENCY CENTERS CORP,REG,OK,REG,REGENCY CENTERS CORP,1.0,2026,0.018289,False
COSTAR GROUP INC,CSGP,OK,CSGP,COSTAR GROUP INC,1.0,2026,0.01807,False
"Generac Holdings, Inc. ",GNRC,OK,GNRC,GENERAC HOLDINGS INC,1.0,2025,0.018,False
Invesco Ltd.,IVZ,OK,IVZ,INVESCO LTD,1.0,"2023, 2024, 2025",0.018,False
BAXTER INTERNATIONAL INC,BAX,OK,BAX,BAXTER INTERNATIONAL INC,1.0,2026,0.017996,False
GARTNER INC,IT,OK,IT,GARTNER INC,1.0,2026,0.017598,False
PINNACLE WEST CAPITAL,PNW,OK,PNW,PINNACLE WEST CAPITAL,1.0,2026,0.017377,False
LENNOX INTERNATIONAL INC,LII,OK,LII,LENNOX INTERNATIONAL INC,1.0,2026,0.017296,False
BIO TECHNE CORP,TECH,OK,TECH,BIO TECHNE CORP,1.0,2026,0.017263,False
TKO GROUP HOLDINGS INC,TKO,OK,TKO,TKO GROUP HOLDINGS INC,1.0,2026,0.017015,False
JACK HENRY + ASSOCIATES INC,JKHY,OK,JKHY,JACK HENRY + ASSOCIATES INC,1.0,2026,0.016733,False
NEWS CORP   CLASS A,NWSA,OK,NWSA,NEWS CORP   CLASS A,1.0,2026,0.016527,False
COOPER COS INC/THE,COO,OK,COO,COOPER COS INC/THE,1.0,2026,0.016406,False
HUNTINGTON INGALLS INDUSTRIE,HII,OK,HII,HUNTINGTON INGALLS INDUSTRIE,1.0,2026,0.016275,False
AES CORP,AES,OK,AES,AES CORP,1.0,2026,0.016087,False
DECKERS OUTDOOR CORP,DECK,OK,DECK,DECKERS OUTDOOR CORP,1.0,2026,0.016007,False
LULULEMON ATHLETICA INC,LULU,OK,LULU,LULULEMON ATHLETICA INC,1.0,2026,0.015619,False
LAS VEGAS SANDS CORP,LVS,OK,LVS,LAS VEGAS SANDS CORP,1.0,2026,0.015516,False
CLOROX COMPANY,CLX,OK,CLX,CLOROX COMPANY,1.0,2026,0.015368,False
FACTSET RESEARCH SYSTEMS INC,FDS,OK,FDS,FACTSET RESEARCH SYSTEMS INC,1.0,2026,0.015315,False
BXP INC,BXP,OK,BXP,BXP INC,1.0,2026,0.015298,False
UDR INC,UDR,OK,UDR,UDR INC,1.0,2026,0.015244,False
CAMDEN PROPERTY TRUST,CPT,OK,CPT,CAMDEN PROPERTY TRUST,1.0,2026,0.015154,False
"Align Technology, Inc. ",ALGN,OK,ALGN,ALIGN TECHNOLOGY INC,1.0,2025,0.015,False
"Moderna, Inc. ",MRNA,OK,MRNA,MODERNA INC,1.0,2025,0.015,False
INSULET CORP,PODD,OK,PODD,INSULET CORP,1.0,2026,0.014813,False
ALIGN TECHNOLOGY INC,ALGN,OK,ALGN,ALIGN TECHNOLOGY INC,1.0,2026,0.014788,False
DOMINO S PIZZA INC,DPZ,OK,DPZ,DOMINO S PIZZA INC,1.0,2026,0.014762,False
FRANKLIN TEMPLETON INC,BEN,OK,BEN,FRANKLIN TEMPLETON INC,1.0,2026,0.014557,False
ROLLINS INC,ROL,OK,ROL,ROLLINS INC,1.0,2026,0.01449,False
APTIV PLC,APTV,OK,APTV,APTIV PLC,1.0,2026,0.014046,False
"Charles River Laboratories International, Inc. ",CRL,OK,CRL,CHARLES RIVER LABORATORIES,0.9,2025,0.014,False
UNIVERSAL HEALTH SERVICES B,UHS,OK,UHS,UNIVERSAL HEALTH SERVICES B,1.0,2026,0.013854,False
PENTAIR PLC,PNR,OK,PNR,PENTAIR PLC,1.0,2026,0.013745,False
FEDERAL REALTY INVS TRUST,FRT,OK,FRT,FEDERAL REALTY INVS TRUST,1.0,2026,0.013306,False
MGM Resorts International ,MGM,OK,MGM,MGM RESORTS INTERNATIONAL,1.0,2025,0.013,False
ALEXANDRIA REAL ESTATE EQUIT,ARE,OK,ARE,ALEXANDRIA REAL ESTATE EQUIT,1.0,2026,0.012668,False
HENRY SCHEIN INC,HSIC,OK,HSIC,HENRY SCHEIN INC,1.0,2026,0.012493,False
"Henry Schein, Inc. ",HSIC,OK,HSIC,HENRY SCHEIN INC,1.0,2025,0.012,False
MOSAIC CO/THE,MOS,OK,MOS,MOSAIC CO/THE,1.0,2026,0.011922,False
FOX CORP   CLASS B,FOX,OK,FOX,FOX CORP   CLASS B,1.0,2026,0.011767,False
MGM RESORTS INTERNATIONAL,MGM,OK,MGM,MGM RESORTS INTERNATIONAL,1.0,2026,0.0101,False
Paramount Skydance Corp. Class B,PSKY,OK,PSKY,PARAMOUNT SKYDANCE CL B,1.0,2025,0.01,False
NORWEGIAN CRUISE LINE HOLDIN,NCLH,OK,NCLH,NORWEGIAN CRUISE LINE HOLDIN,1.0,2026,0.00993,False
SMITH (A.O.) CORP,AOS,OK,AOS,SMITH (A.O.) CORP,1.0,2026,0.009694,False
DAVITA INC,DVA,OK,DVA,DAVITA INC,1.0,2026,0.009433,False
HORMEL FOODS CORP,HRL,OK,HRL,HORMEL FOODS CORP,1.0,2026,0.009241,False
ERIE INDEMNITY COMPANY CL A,ERIE,OK,ERIE,ERIE INDEMNITY COMPANY CL A,1.0,2026,0.00923,False
WYNN RESORTS LTD,WYNN,OK,WYNN,WYNN RESORTS LTD,1.0,2026,0.008855,False
PARAMOUNT SKYDANCE CL B,PSKY,OK,PSKY,PARAMOUNT SKYDANCE CL B,1.0,2026,0.008444,False
"DaVita, Inc. ",DVA,OK,DVA,DAVITA INC,1.0,2025,0.008,False
BROWN FORMAN CORP CLASS B,BF.B,OK,BF.B,BROWN FORMAN CORP CLASS B,1.0,2026,0.006969,False
NEWS CORP   CLASS B,NWS,OK,NWS,NEWS CORP   CLASS B,1.0,2026,0.006063,False
TPG INC,2602335D,OK,2602335D,TPG INC,1.0,2026,3e-06,False
