Year,Rank,Firma_id,Ticker,Company,Nombre_hoy,Weight,Estado,Similitud_nombre,Fuente
2010,1,XOM,XOM,Exxon Mobil Corp.,EXXONMOBIL HOLDINGS CORP,3.044,OK,1.0,Holdings SPY
2010,2,AAPL,AAPL,"Apple, Inc.",APPLE INC,2.509,OK,1.0,Holdings SPY
2010,3,MSFT,MSFT,Microsoft Corp.,MICROSOFT CORP,1.806,OK,1.0,Holdings SPY
2010,4,GE,GE,General Electric Co.,GENERAL ELECTRIC,1.681,OK,1.0,Holdings SPY
2010,5,JNJ,JNJ,Johnson & Johnson,JOHNSON + JOHNSON,1.653,OK,1.0,Holdings SPY
2010,6,PG,PG,The Procter & Gamble Co.,PROCTER + GAMBLE CO/THE,1.646,OK,1.0,Holdings SPY
2010,7,IBM,IBM,International BusinessMachines Corp.,INTL BUSINESS MACHINES CORP,1.636,OK,0.82,Holdings SPY
2010,8,T,T,"AT&T, Inc.",AT+T INC,1.635,OK,1.0,Holdings SPY
2010,9,CVX,CVX,Chevron Corp.,CHEVRON CORP,1.575,OK,1.0,Holdings SPY
2010,10,JPM,JPM,JPMorgan Chase & Co.,JPMORGAN CHASE + CO,1.46,OK,1.0,Holdings SPY
2010,11,BRK.B,BRK.B,"Berkshire Hathaway, Inc. (Class B)",BERKSHIRE HATHAWAY INC CL B,1.386,OK,1.0,Holdings SPY
2010,12,PFE,PFE,"Pfizer, Inc.",PFIZER INC,1.335,OK,1.0,Holdings SPY
2010,13,KO,KO,TheCoca-ColaCo.,COCA COLA CO/THE,1.306,MANUAL,,Holdings SPY
2010,14,WFC,WFC,Wells Fargo & Co.,WELLS FARGO + CO,1.273,OK,1.0,Holdings SPY
2010,15,BAC,BAC,Bank of America Corp.,BANK OF AMERICA CORP,1.272,OK,1.0,Holdings SPY
2010,16,GOOGL,GOOGL,"Google, Inc. (Class A)",ALPHABET INC CL A,1.266,MANUAL,,Holdings SPY
2010,17,CSCO,CSCO,"Cisco Systems, Inc.",CISCO SYSTEMS INC,1.21,OK,1.0,Holdings SPY
2010,18,MRK,MRK,"Merck & Co., Inc.",MERCK + CO. INC.,1.096,OK,1.0,Holdings SPY
2010,19,INTC,INTC,Intel Corp.,INTEL CORP,1.035,OK,1.0,Holdings SPY
2010,20,WMT,WMT,"Wal-Mart Stores, Inc.",WALMART INC,1.034,MANUAL,,Holdings SPY
2010,21,PEP,PEP,"PepsiCo, Inc.",PEPSICO INC,1.022,OK,1.0,Holdings SPY
2010,22,ORCL,ORCL,Oracle Corp.,ORACLE CORP,1.005,OK,1.0,Holdings SPY
2010,23,PM,PM,"Philip Morris International, Inc.",PHILIP MORRIS INTERNATIONAL,0.993,OK,1.0,Holdings SPY
2010,24,HPQ,HPQ,Hewlett-Packard Co.,HP INC,0.922,MANUAL,,Holdings SPY
2010,25,C,C,"Citigroup, Inc.",CITIGROUP INC,0.898,OK,1.0,Holdings SPY
2010,26,VZ,VZ,"Verizon Communications, Inc.",VERIZON COMMUNICATIONS INC,0.891,OK,1.0,Holdings SPY
2010,27,COP,COP,ConocoPhillips,CONOCOPHILLIPS,0.824,OK,1.0,Holdings SPY
2010,28,SLB,SLB,"Schlumberger, Ltd.",SLB LTD,0.814,MANUAL,,Holdings SPY
2010,29,ABT,ABT,Abbott Laboratories,ABBOTT LABORATORIES,0.78,OK,1.0,Holdings SPY
2010,30,MCD,MCD,McDonald’s Corp.,MCDONALD S CORP,0.767,OK,1.0,Holdings SPY
2010,31,GS,GS,"The Goldman Sachs Group, Inc.",GOLDMAN SACHS GROUP INC,0.72,OK,1.0,Holdings SPY
2010,32,QCOM,QCOM,"QUALCOMM, Inc.",QUALCOMM INC,0.7,OK,1.0,Holdings SPY
2010,33,RTX,RTX,United Technologies Corp.,RTX CORP,0.64,MANUAL,,Holdings SPY
2010,34,UPS,UPS,"United Parcel Service, Inc. (Class B)",UNITED PARCEL SERVICE CL B,0.639,OK,1.0,Holdings SPY
2010,35,OXY,OXY,Occidental Petroleum Corp.,OCCIDENTAL PETROLEUM CORP,0.615,OK,1.0,Holdings SPY
2010,36,DIS,DIS,The Walt Disney Co.,WALT DISNEY CO/THE,0.612,OK,1.0,Holdings SPY
2010,37,MMM,MMM,3M Co.,3M CO,0.598,OK,1.0,Holdings SPY
2010,38,AMZN,AMZN,"Amazon.com, Inc.",AMAZON.COM INC,0.538,OK,1.0,Holdings SPY
2010,39,MDLZ,MDLZ,"Kraft Foods, Inc. (Class A)",MONDELEZ INTERNATIONAL INC A,0.52,MANUAL,,Holdings SPY
2010,40,AMGN,AMGN,"Amgen, Inc.",AMGEN INC,0.511,OK,1.0,Holdings SPY
2010,41,HD,HD,"Home Depot, Inc.",HOME DEPOT INC,0.51,OK,1.0,Holdings SPY
2010,42,CMCSA,CMCSA,Comcast Corp. (Class A),COMCAST CORP CLASS A,0.491,OK,1.0,Holdings SPY
2010,43,MO,MO,"Altria Group, Inc.",ALTRIA GROUP INC,0.484,OK,1.0,Holdings SPY
2010,44,CAT,CAT,"Caterpillar, Inc.",CATERPILLAR INC,0.478,OK,1.0,Holdings SPY
2010,45,BA,BA,The Boeing Co.,BOEING CO/THE,0.47,OK,1.0,Holdings SPY
2010,46,BMY,BMY,Bristol-Myers Squibb Co.,BRISTOL MYERS SQUIBB CO,0.451,OK,1.0,Holdings SPY
2010,47,AXP,AXP,American Express Co.,AMERICAN EXPRESS CO,0.423,OK,1.0,Holdings SPY
2010,48,CVS,CVS,CVS Caremark Corp.,CVS HEALTH CORP,0.414,MANUAL,,Holdings SPY
2010,49,F,F,Ford Motor Co.,FORD MOTOR CO,0.407,OK,1.0,Holdings SPY
2010,50,SIN_EMC,,EMC Corp.,,0.404,SIN_FUENTE,,Holdings SPY
2010,51,USB,USB,U.S. Bancorp,US BANCORP,0.401,OK,1.0,Holdings SPY
2010,52,UNP,UNP,Union Pacific Corp.,UNION PACIFIC CORP,0.394,OK,1.0,Holdings SPY
2010,53,DD,DD,E. I. du Pont de Nemours & Co.,DUPONT DE NEMOURS INC,0.391,OK,0.93,Holdings SPY
2010,54,FCX,FCX,"Freeport-McMoRan Copper &Gold, Inc.",FREEPORT MCMORAN INC,0.39,OK,0.9,Holdings SPY
2010,55,EMR,EMR,Emerson Electric Co.,EMERSON ELECTRIC CO,0.384,OK,1.0,Holdings SPY
2010,56,UNH,UNH,"UnitedHealth Group, Inc.",UNITEDHEALTH GROUP INC,0.382,OK,1.0,Holdings SPY
2010,57,TGT,TGT,Target Corp.,TARGET CORP,0.373,OK,1.0,Holdings SPY
2010,58,CL,CL,Colgate-Palmolive Co.,COLGATE PALMOLIVE CO,0.361,OK,1.0,Holdings SPY
2010,59,LLY,LLY,Eli Lilly & Co.,ELI LILLY + CO,0.359,OK,1.0,Holdings SPY
2010,60,V,V,"Visa, Inc. (Class A)",VISA INC CLASS A SHARES,0.358,OK,1.0,Holdings SPY
2010,61,MDT,MDT,"Medtronic, Inc.",MEDTRONIC PLC,0.351,OK,1.0,Holdings SPY
2010,62,SIN_DIRECTV,,DIRECTV,,0.349,SIN_FUENTE,,Holdings SPY
2010,63,APA,APA,Apache Corp.,APA CORP,0.345,MANUAL,,Holdings SPY
2010,64,MET,MET,"MetLife, Inc.",METLIFE INC,0.337,OK,1.0,Holdings SPY
2010,65,MS,MS,Morgan Stanley,MORGAN STANLEY,0.334,OK,1.0,Holdings SPY
2010,66,SIN_TIME_WARNER,,"Time Warner, Inc.",,0.333,SIN_FUENTE,,Holdings SPY
2010,67,HON,HON,"Honeywell International, Inc.",HONEYWELL INTERNATIONAL INC,0.326,OK,1.0,Holdings SPY
2010,68,SIN_WALGREEN,,Walgreen Co.,,0.317,SIN_FUENTE,,Holdings SPY
2010,69,TXN,TXN,"Texas Instruments, Inc.",TEXAS INSTRUMENTS INC,0.314,OK,1.0,Holdings SPY
2010,70,BNY,BNY,The Bank of New YorkMellon Corp.,BANK OF NEW YORK MELLON CORP,0.307,MANUAL,,Holdings SPY
2010,71,SIN_DOW_CHEMICAL,,The Dow Chemical Co.,,0.307,SIN_FUENTE,,Holdings SPY
2010,72,LOW,LOW,"Lowe’s Cos., Inc.",LOWE S COS INC,0.302,OK,1.0,Holdings SPY
2010,73,NKE,NKE,"NIKE, Inc. (Class B)",NIKE INC  CL B,0.301,OK,1.0,Holdings SPY
2010,74,NEM,NEM,Newmont Mining Corp.,NEWMONT CORP,0.298,OK,0.9,Holdings SPY
2010,75,SO,SO,Southern Co.,SOUTHERN CO/THE,0.297,OK,1.0,Holdings SPY
2010,76,HAL,HAL,Halliburton Co.,HALLIBURTON CO,0.29,OK,1.0,Holdings SPY
2010,77,GILD,GILD,"Gilead Sciences, Inc.",GILEAD SCIENCES INC,0.289,OK,1.0,Holdings SPY
2010,78,SIN_NEWS,,News Corp. (Class A),,0.288,SIN_FUENTE,,Holdings SPY
2010,79,DE,DE,Deere & Co.,DEERE + CO,0.287,OK,1.0,Holdings SPY
2010,80,GLW,GLW,"Corning, Inc.",CORNING INC,0.276,OK,1.0,Holdings SPY
2010,81,COST,COST,Costco Wholesale Corp.,COSTCO WHOLESALE CORP,0.275,OK,1.0,Holdings SPY
2010,82,SIN_ANADARKO_PETROLEUM,,Anadarko Petroleum Corp.,,0.273,SIN_FUENTE,,Holdings SPY
2010,83,EBAY,EBAY,"eBay, Inc.",EBAY INC,0.273,OK,1.0,Holdings SPY
2010,84,DVN,DVN,Devon Energy Corp.,DEVON ENERGY CORP,0.272,OK,1.0,Holdings SPY
2010,85,EXC,EXC,Exelon Corp.,EXELON CORP,0.272,OK,1.0,Holdings SPY
2010,86,BAX,BAX,"Baxter International, Inc.",BAXTER INTERNATIONAL INC,0.27,OK,1.0,Holdings SPY
2010,87,LIN,LIN,"Praxair, Inc.",LINDE PLC,0.267,MANUAL,,Holdings SPY
2010,88,PNC,PNC,"PNC Financial ServicesGroup, Inc.",PNC FINANCIAL SERVICES GROUP,0.264,OK,0.9,Holdings SPY
2010,89,SPG,SPG,"Simon Property Group, Inc.",SIMON PROPERTY GROUP INC,0.262,OK,1.0,Holdings SPY
2010,90,FDX,FDX,FedEx Corp.,FEDEX CORP,0.259,OK,1.0,Holdings SPY
2010,91,KMB,KMB,Kimberly-Clark Corp.,KIMBERLY CLARK CORP,0.258,OK,1.0,Holdings SPY
2010,92,SIN_CELGENE,,Celgene Corp.,,0.257,SIN_FUENTE,,Holdings SPY
2010,93,SIN_EXPRESS_SCRIPTS,,"Express Scripts, Inc.",,0.255,SIN_FUENTE,,Holdings SPY
2010,94,SIN_MONSANTO,,Monsanto Co.,,0.251,SIN_FUENTE,,Holdings SPY
2010,95,D,D,"Dominion Resources, Inc.",DOMINION ENERGY INC,0.249,MANUAL,,Holdings SPY
2010,96,PRU,PRU,"Prudential Financial, Inc.",PRUDENTIAL FINANCIAL INC,0.244,OK,1.0,Holdings SPY
2010,97,TRV,TRV,"The Travelers Cos., Inc.",TRAVELERS COS INC/THE,0.237,OK,1.0,Holdings SPY
2010,98,AFL,AFL,"AFLAC, Inc.",AFLAC INC,0.235,OK,1.0,Holdings SPY
2010,99,ITW,ITW,"Illinois Tool Works, Inc.",ILLINOIS TOOL WORKS,0.231,OK,1.0,Holdings SPY
2010,100,GD,GD,General Dynamics Corp.,GENERAL DYNAMICS CORP,0.231,OK,1.0,Holdings SPY
2011,1,AAPL,AAPL,"Apple, Inc.",APPLE INC,3.431,OK,1.0,Holdings SPY
2011,2,XOM,XOM,Exxon Mobil Corp.,EXXONMOBIL HOLDINGS CORP,3.429,OK,1.0,Holdings SPY
2011,3,IBM,IBM,International Business Machines Corp.,INTL BUSINESS MACHINES CORP,2.03,OK,0.83,Holdings SPY
2011,4,MSFT,MSFT,Microsoft Corp.,MICROSOFT CORP,1.802,OK,1.0,Holdings SPY
2011,5,CVX,CVX,Chevron Corp.,CHEVRON CORP,1.801,OK,1.0,Holdings SPY
2011,6,JNJ,JNJ,Johnson & Johnson,JOHNSON + JOHNSON,1.697,OK,1.0,Holdings SPY
2011,7,PG,PG,The Procter & Gamble Co.,PROCTER + GAMBLE CO/THE,1.685,OK,1.0,Holdings SPY
2011,8,T,T,"AT&T, Inc.",AT+T INC,1.641,OK,1.0,Holdings SPY
2011,9,GE,GE,General Electric Co.,GENERAL ELECTRIC,1.57,OK,1.0,Holdings SPY
2011,10,KO,KO,TheCoca-ColaCo.,COCA COLA CO/THE,1.506,MANUAL,,Holdings SPY
2011,11,PFE,PFE,"Pfizer, Inc.",PFIZER INC,1.339,OK,1.0,Holdings SPY
2011,12,GOOGL,GOOGL,"Google, Inc. (Class A)",ALPHABET INC CL A,1.259,MANUAL,,Holdings SPY
2011,13,WFC,WFC,Wells Fargo & Co.,WELLS FARGO + CO,1.237,OK,1.0,Holdings SPY
2011,14,BRK.B,BRK.B,"Berkshire Hathaway, Inc. (Class B)",BERKSHIRE HATHAWAY INC CL B,1.213,OK,1.0,Holdings SPY
2011,15,JPM,JPM,JPMorgan Chase & Co.,JPMORGAN CHASE + CO,1.14,OK,1.0,Holdings SPY
2011,16,ORCL,ORCL,Oracle Corp.,ORACLE CORP,1.103,OK,1.0,Holdings SPY
2011,17,INTC,INTC,Intel Corp.,INTEL CORP,1.088,OK,1.0,Holdings SPY
2011,18,PM,PM,"Philip Morris International, Inc.",PHILIP MORRIS INTERNATIONAL,1.064,OK,1.0,Holdings SPY
2011,19,VZ,VZ,"Verizon Communications, Inc.",VERIZON COMMUNICATIONS INC,1.012,OK,1.0,Holdings SPY
2011,20,MRK,MRK,"Merck & Co., Inc.",MERCK + CO. INC.,0.977,OK,1.0,Holdings SPY
2011,21,PEP,PEP,"PepsiCo, Inc.",PEPSICO INC,0.952,OK,1.0,Holdings SPY
2011,22,WMT,WMT,"Wal-Mart Stores, Inc.",WALMART INC,0.886,MANUAL,,Holdings SPY
2011,23,MCD,MCD,McDonald’s Corp.,MCDONALD S CORP,0.88,OK,1.0,Holdings SPY
2011,24,COP,COP,ConocoPhillips,CONOCOPHILLIPS,0.843,OK,1.0,Holdings SPY
2011,25,CSCO,CSCO,"Cisco Systems, Inc.",CISCO SYSTEMS INC,0.828,OK,1.0,Holdings SPY
2011,26,QCOM,QCOM,"QUALCOMM, Inc.",QUALCOMM INC,0.794,OK,1.0,Holdings SPY
2011,27,SLB,SLB,"Schlumberger, Ltd.",SLB LTD,0.783,MANUAL,,Holdings SPY
2011,28,ABT,ABT,Abbott Laboratories,ABBOTT LABORATORIES,0.774,OK,1.0,Holdings SPY
2011,29,AMZN,AMZN,"Amazon.com, Inc.",AMAZON.COM INC,0.762,OK,1.0,Holdings SPY
2011,30,C,C,"Citigroup, Inc.",CITIGROUP INC,0.726,OK,1.0,Holdings SPY
2011,31,RTX,RTX,United Technologies Corp.,RTX CORP,0.621,MANUAL,,Holdings SPY
2011,32,BAC,BAC,Bank of America Corp.,BANK OF AMERICA CORP,0.603,OK,1.0,Holdings SPY
2011,33,UPS,UPS,"United Parcel Service, Inc. (Class B)",UNITED PARCEL SERVICE CL B,0.601,OK,1.0,Holdings SPY
2011,34,MDLZ,MDLZ,"Kraft Foods, Inc. (Class A)",MONDELEZ INTERNATIONAL INC A,0.576,MANUAL,,Holdings SPY
2011,35,OXY,OXY,Occidental Petroleum Corp.,OCCIDENTAL PETROLEUM CORP,0.565,OK,1.0,Holdings SPY
2011,36,CMCSA,CMCSA,Comcast Corp. (Class A),COMCAST CORP CLASS A,0.558,OK,1.0,Holdings SPY
2011,37,DIS,DIS,The Walt Disney Co.,WALT DISNEY CO/THE,0.543,OK,1.0,Holdings SPY
2011,38,MO,MO,"Altria Group, Inc.",ALTRIA GROUP INC,0.539,OK,1.0,Holdings SPY
2011,39,BMY,BMY,Bristol-Myers Squibb Co.,BRISTOL MYERS SQUIBB CO,0.518,OK,1.0,Holdings SPY
2011,40,HD,HD,"The Home Depot, Inc.",HOME DEPOT INC,0.499,OK,1.0,Holdings SPY
2011,41,MMM,MMM,3M Co.,3M CO,0.494,OK,1.0,Holdings SPY
2011,42,AMGN,AMGN,"Amgen, Inc.",AMGEN INC,0.493,OK,1.0,Holdings SPY
2011,43,UNH,UNH,"UnitedHealth Group, Inc.",UNITEDHEALTH GROUP INC,0.482,OK,1.0,Holdings SPY
2011,44,CAT,CAT,"Caterpillar, Inc.",CATERPILLAR INC,0.464,OK,1.0,Holdings SPY
2011,45,GS,GS,"The Goldman Sachs Group, Inc.",GOLDMAN SACHS GROUP INC,0.464,OK,1.0,Holdings SPY
2011,46,AXP,AXP,American Express Co.,AMERICAN EXPRESS CO,0.453,OK,1.0,Holdings SPY
2011,47,HPQ,HPQ,Hewlett-Packard Co.,HP INC,0.451,MANUAL,,Holdings SPY
2011,48,USB,USB,U.S. Bancorp,US BANCORP,0.439,OK,1.0,Holdings SPY
2011,49,CVS,CVS,CVS Caremark Corp.,CVS HEALTH CORP,0.438,MANUAL,,Holdings SPY
2011,50,BA,BA,The Boeing Co.,BOEING CO/THE,0.436,OK,1.0,Holdings SPY
2011,51,V,V,"Visa, Inc. (Class A)",VISA INC CLASS A SHARES,0.426,OK,1.0,Holdings SPY
2011,52,SIN_EMC,,EMC Corp.,,0.421,SIN_FUENTE,,Holdings SPY
2011,53,CL,CL,Colgate-Palmolive Co.,COLGATE PALMOLIVE CO,0.42,OK,1.0,Holdings SPY
2011,54,UNP,UNP,Union Pacific Corp.,UNION PACIFIC CORP,0.388,OK,1.0,Holdings SPY
2011,55,LLY,LLY,Eli Lilly & Co.,ELI LILLY + CO,0.365,OK,1.0,Holdings SPY
2011,56,DD,DD,E. I. du Pont de Nemours & Co.,DUPONT DE NEMOURS INC,0.362,OK,0.93,Holdings SPY
2011,57,F,F,Ford Motor Co.,FORD MOTOR CO,0.356,OK,1.0,Holdings SPY
2011,58,SO,SO,Southern Co.,SOUTHERN CO/THE,0.353,OK,1.0,Holdings SPY
2011,59,COST,COST,Costco Wholesale Corp.,COSTCO WHOLESALE CORP,0.347,OK,1.0,Holdings SPY
2011,60,SIN_NEWS,,News Corp. (Class A),,0.342,SIN_FUENTE,,Holdings SPY
2011,61,MDT,MDT,"Medtronic, Inc.",MEDTRONIC PLC,0.341,OK,1.0,Holdings SPY
2011,62,HON,HON,"Honeywell International, Inc.",HONEYWELL INTERNATIONAL INC,0.335,OK,1.0,Holdings SPY
2011,63,ACN,ACN,Accenture PLC (Class A),ACCENTURE PLC CL A,0.331,OK,1.0,Holdings SPY
2011,64,MA,MA,"MasterCard, Inc. (Class A)",MASTERCARD INC   A,0.329,OK,1.0,Holdings SPY
2011,65,EBAY,EBAY,"eBay, Inc.",EBAY INC,0.329,OK,1.0,Holdings SPY
2011,66,TGT,TGT,Target Corp.,TARGET CORP,0.321,OK,1.0,Holdings SPY
2011,67,NKE,NKE,"NIKE, Inc. (Class B)",NIKE INC  CL B,0.314,OK,1.0,Holdings SPY
2011,68,SPG,SPG,"Simon Property Group, Inc.",SIMON PROPERTY GROUP INC,0.312,OK,1.0,Holdings SPY
2011,69,SIN_MONSANTO,,Monsanto Co.,,0.311,SIN_FUENTE,,Holdings SPY
2011,70,BAX,BAX,"Baxter International, Inc.",BAXTER INTERNATIONAL INC,0.31,OK,1.0,Holdings SPY
2011,71,SIN_TIME_WARNER,,"Time Warner, Inc.",,0.304,SIN_FUENTE,,Holdings SPY
2011,72,SIN_ANADARKO_PETROLEUM,,Anadarko Petroleum Corp.,,0.304,SIN_FUENTE,,Holdings SPY
2011,73,SIN_DIRECTV,,DIRECTV (Class A),,0.302,SIN_FUENTE,,Holdings SPY
2011,74,NEM,NEM,Newmont Mining Corp.,NEWMONT CORP,0.301,OK,0.9,Holdings SPY
2011,75,TXN,TXN,"Texas Instruments, Inc.",TEXAS INSTRUMENTS INC,0.3,OK,1.0,Holdings SPY
2011,76,EMR,EMR,Emerson Electric Co.,EMERSON ELECTRIC CO,0.299,OK,1.0,Holdings SPY
2011,77,APA,APA,Apache Corp.,APA CORP,0.298,MANUAL,,Holdings SPY
2011,78,GILD,GILD,"Gilead Sciences, Inc.",GILEAD SCIENCES INC,0.291,OK,1.0,Holdings SPY
2011,79,SIN_WALGREEN,,Walgreen Co.,,0.289,SIN_FUENTE,,Holdings SPY
2011,80,MET,MET,"MetLife, Inc.",METLIFE INC,0.287,OK,1.0,Holdings SPY
2011,81,D,D,"Dominion Resources, Inc.",DOMINION ENERGY INC,0.281,MANUAL,,Holdings SPY
2011,82,FCX,FCX,"Freeport-McMoRan Copper & Gold, Inc.",FREEPORT MCMORAN INC,0.279,OK,0.9,Holdings SPY
2011,83,SIN_CELGENE,,Celgene Corp.,,0.276,SIN_FUENTE,,Holdings SPY
2011,84,LIN,LIN,"Praxair, Inc.",LINDE PLC,0.275,MANUAL,,Holdings SPY
2011,85,HAL,HAL,Halliburton Co.,HALLIBURTON CO,0.273,OK,1.0,Holdings SPY
2011,86,EXC,EXC,Exelon Corp.,EXELON CORP,0.273,OK,1.0,Holdings SPY
2011,87,SBUX,SBUX,Starbucks Corp.,STARBUCKS CORP,0.271,OK,1.0,Holdings SPY
2011,88,KMB,KMB,Kimberly-Clark Corp.,KIMBERLY CLARK CORP,0.27,OK,1.0,Holdings SPY
2011,89,DE,DE,Deere & Co.,DEERE + CO,0.26,OK,1.0,Holdings SPY
2011,90,DUK,DUK,Duke Energy Corp.,DUKE ENERGY CORP,0.258,OK,1.0,Holdings SPY
2011,91,SIN_DOW_CHEMICAL,,The Dow Chemical Co.,,0.258,SIN_FUENTE,,Holdings SPY
2011,92,PNC,PNC,"PNC Financial Services Group, Inc.",PNC FINANCIAL SERVICES GROUP,0.246,OK,1.0,Holdings SPY
2011,93,SIN_ALLERGAN,,"Allergan, Inc.",,0.246,SIN_FUENTE,,Holdings SPY
2011,94,GIS,GIS,"General Mills, Inc.",GENERAL MILLS INC,0.242,OK,1.0,Holdings SPY
2011,95,LOW,LOW,"Lowe’s Cos., Inc.",LOWE S COS INC,0.236,OK,1.0,Holdings SPY
2011,96,DHR,DHR,Danaher Corp.,DANAHER CORP,0.233,OK,1.0,Holdings SPY
2011,97,ELV,ELV,"WellPoint, Inc.",ELEVANCE HEALTH INC,0.229,MANUAL,,Holdings SPY
2011,98,DVN,DVN,Devon Energy Corp.,DEVON ENERGY CORP,0.224,OK,1.0,Holdings SPY
2011,99,ADP,ADP,"Automatic Data Processing, Inc.",AUTOMATIC DATA PROCESSING,0.224,OK,1.0,Holdings SPY
2011,100,BNY,BNY,The Bank of New York Mellon Corp.,BANK OF NEW YORK MELLON CORP,0.224,MANUAL,,Holdings SPY
2012,1,AAPL,AAPL,"Apple, Inc.",APPLE INC,4.856,OK,1.0,Holdings SPY
2012,2,XOM,XOM,Exxon Mobil Corp.,EXXONMOBIL HOLDINGS CORP,3.277,OK,1.0,Holdings SPY
2012,3,GE,GE,General Electric Co.,GENERAL ELECTRIC,1.862,OK,1.0,Holdings SPY
2012,4,CVX,CVX,Chevron Corp.,CHEVRON CORP,1.776,OK,1.0,Holdings SPY
2012,5,MSFT,MSFT,Microsoft Corp.,MICROSOFT CORP,1.744,OK,1.0,Holdings SPY
2012,6,IBM,IBM,International Business Machines Corp.,INTL BUSINESS MACHINES CORP,1.732,OK,0.83,Holdings SPY
2012,7,T,T,"AT&T, Inc.",AT+T INC,1.689,OK,1.0,Holdings SPY
2012,8,GOOGL,GOOGL,"Google, Inc. (Class A)",ALPHABET INC CL A,1.55,MANUAL,,Holdings SPY
2012,9,PG,PG,The Procter & Gamble Co.,PROCTER + GAMBLE CO/THE,1.483,OK,1.0,Holdings SPY
2012,10,JNJ,JNJ,Johnson & Johnson,JOHNSON + JOHNSON,1.475,OK,1.0,Holdings SPY
2012,11,PFE,PFE,"Pfizer, Inc.",PFIZER INC,1.441,OK,1.0,Holdings SPY
2012,12,WFC,WFC,Wells Fargo & Co.,WELLS FARGO + CO,1.319,OK,1.0,Holdings SPY
2012,13,BRK.B,BRK.B,"Berkshire Hathaway, Inc. (Class B)",BERKSHIRE HATHAWAY INC CL B,1.255,OK,1.0,Holdings SPY
2012,14,JPM,JPM,JPMorgan Chase & Co.,JPMORGAN CHASE + CO,1.194,OK,1.0,Holdings SPY
2012,15,PM,PM,"Philip Morris International, Inc.",PHILIP MORRIS INTERNATIONAL,1.177,OK,1.0,Holdings SPY
2012,16,KO,KO,The Coca-Cola Co.,COCA COLA CO/THE,1.14,MANUAL,,Holdings SPY
2012,17,MRK,MRK,"Merck & Co., Inc.",MERCK + CO. INC.,1.066,OK,1.0,Holdings SPY
2012,18,VZ,VZ,"Verizon Communications, Inc.",VERIZON COMMUNICATIONS INC,1.008,OK,1.0,Holdings SPY
2012,19,WMT,WMT,"Wal-Mart Stores, Inc.",WALMART INC,0.963,MANUAL,,Holdings SPY
2012,20,ORCL,ORCL,Oracle Corp.,ORACLE CORP,0.931,OK,1.0,Holdings SPY
2012,21,INTC,INTC,Intel Corp.,INTEL CORP,0.881,OK,1.0,Holdings SPY
2012,22,PEP,PEP,"PepsiCo, Inc.",PEPSICO INC,0.855,OK,1.0,Holdings SPY
2012,23,ABT,ABT,Abbott Laboratories,ABBOTT LABORATORIES,0.835,OK,1.0,Holdings SPY
2012,24,QCOM,QCOM,"QUALCOMM, Inc.",QUALCOMM INC,0.826,OK,1.0,Holdings SPY
2012,25,CSCO,CSCO,"Cisco Systems, Inc.",CISCO SYSTEMS INC,0.784,OK,1.0,Holdings SPY
2012,26,SLB,SLB,"Schlumberger, Ltd.",SLB LTD,0.745,MANUAL,,Holdings SPY
2012,27,C,C,"Citigroup, Inc.",CITIGROUP INC,0.745,OK,1.0,Holdings SPY
2012,28,CMCSA,CMCSA,Comcast Corp. (Class A),COMCAST CORP CLASS A,0.743,OK,1.0,Holdings SPY
2012,29,BAC,BAC,Bank of America Corp.,BANK OF AMERICA CORP,0.739,OK,1.0,Holdings SPY
2012,30,DIS,DIS,The Walt Disney Co.,WALT DISNEY CO/THE,0.728,OK,1.0,Holdings SPY
2012,31,MCD,MCD,McDonald’s Corp.,MCDONALD S CORP,0.718,OK,1.0,Holdings SPY
2012,32,AMZN,AMZN,"Amazon.com, Inc.",AMAZON.COM INC,0.714,OK,1.0,Holdings SPY
2012,33,HD,HD,"The Home Depot, Inc.",HOME DEPOT INC,0.708,OK,1.0,Holdings SPY
2012,34,MDLZ,MDLZ,"Kraft Foods, Inc. (Class A)",MONDELEZ INTERNATIONAL INC A,0.57,MANUAL,,Holdings SPY
2012,35,V,V,"Visa, Inc. (Class A)",VISA INC CLASS A SHARES,0.544,OK,1.0,Holdings SPY
2012,36,OXY,OXY,Occidental Petroleum Corp.,OCCIDENTAL PETROLEUM CORP,0.541,OK,1.0,Holdings SPY
2012,37,COP,COP,ConocoPhillips,CONOCOPHILLIPS,0.54,OK,1.0,Holdings SPY
2012,38,MO,MO,"Altria Group, Inc.",ALTRIA GROUP INC,0.527,OK,1.0,Holdings SPY
2012,39,RTX,RTX,United Technologies Corp.,RTX CORP,0.511,MANUAL,,Holdings SPY
2012,40,AMGN,AMGN,"Amgen, Inc.",AMGEN INC,0.505,OK,1.0,Holdings SPY
2012,41,USB,USB,U.S. Bancorp,US BANCORP,0.505,OK,1.0,Holdings SPY
2012,42,CVS,CVS,CVS Caremark Corp.,CVS HEALTH CORP,0.478,MANUAL,,Holdings SPY
2012,43,MMM,MMM,3M Co.,3M CO,0.457,OK,1.0,Holdings SPY
2012,44,SIN_EMC,,EMC Corp.,,0.444,SIN_FUENTE,,Holdings SPY
2012,45,UNH,UNH,"UnitedHealth Group, Inc.",UNITEDHEALTH GROUP INC,0.444,OK,1.0,Holdings SPY
2012,46,BMY,BMY,Bristol-Myers Squibb Co.,BRISTOL MYERS SQUIBB CO,0.44,OK,1.0,Holdings SPY
2012,47,AXP,AXP,American Express Co.,AMERICAN EXPRESS CO,0.436,OK,1.0,Holdings SPY
2012,48,UNP,UNP,Union Pacific Corp.,UNION PACIFIC CORP,0.436,OK,1.0,Holdings SPY
2012,49,CAT,CAT,"Caterpillar, Inc.",CATERPILLAR INC,0.436,OK,1.0,Holdings SPY
2012,50,EBAY,EBAY,"eBay, Inc.",EBAY INC,0.436,OK,1.0,Holdings SPY
2012,51,UPS,UPS,"United Parcel Service, Inc. (Class B)",UNITED PARCEL SERVICE CL B,0.399,OK,1.0,Holdings SPY
2012,52,GS,GS,"The Goldman Sachs Group, Inc.",GOLDMAN SACHS GROUP INC,0.398,OK,1.0,Holdings SPY
2012,53,SIN_EXPRESS_SCRIPTS,,Express Scripts Holding Co.,,0.394,SIN_FUENTE,,Holdings SPY
2012,54,GILD,GILD,"Gilead Sciences, Inc.",GILEAD SCIENCES INC,0.39,OK,1.0,Holdings SPY
2012,55,SIN_NEWS,,News Corp. (Class A),,0.388,SIN_FUENTE,,Holdings SPY
2012,56,SIN_MONSANTO,,Monsanto Co.,,0.377,SIN_FUENTE,,Holdings SPY
2012,57,LLY,LLY,Eli Lilly & Co.,ELI LILLY + CO,0.376,OK,1.0,Holdings SPY
2012,58,MA,MA,"MasterCard, Inc. (Class A)",MASTERCARD INC   A,0.376,OK,1.0,Holdings SPY
2012,59,CL,CL,Colgate-Palmolive Co.,COLGATE PALMOLIVE CO,0.371,OK,1.0,Holdings SPY
2012,60,BA,BA,The Boeing Co.,BOEING CO/THE,0.366,OK,1.0,Holdings SPY
2012,61,DD,DD,E. I. du Pont de Nemours & Co.,DUPONT DE NEMOURS INC,0.363,OK,0.93,Holdings SPY
2012,62,HON,HON,"Honeywell International, Inc.",HONEYWELL INTERNATIONAL INC,0.362,OK,1.0,Holdings SPY
2012,63,SPG,SPG,"Simon Property Group, Inc.",SIMON PROPERTY GROUP INC,0.358,OK,1.0,Holdings SPY
2012,64,DUK,DUK,Duke Energy Corp.,DUKE ENERGY CORP,0.354,OK,1.0,Holdings SPY
2012,65,ACN,ACN,Accenture PLC (Class A),ACCENTURE PLC CL A,0.346,OK,1.0,Holdings SPY
2012,66,MDT,MDT,"Medtronic, Inc.",MEDTRONIC PLC,0.342,OK,1.0,Holdings SPY
2012,67,COST,COST,Costco Wholesale Corp.,COSTCO WHOLESALE CORP,0.336,OK,1.0,Holdings SPY
2012,68,SIN_TIME_WARNER,,"Time Warner, Inc.",,0.333,SIN_FUENTE,,Holdings SPY
2012,69,TGT,TGT,Target Corp.,TARGET CORP,0.322,OK,1.0,Holdings SPY
2012,70,SO,SO,Southern Co.,SOUTHERN CO/THE,0.313,OK,1.0,Holdings SPY
2012,71,SBUX,SBUX,Starbucks Corp.,STARBUCKS CORP,0.299,OK,1.0,Holdings SPY
2012,72,AIG,AIG,"American International Group, Inc.",AMERICAN INTERNATIONAL GROUP,0.297,OK,1.0,Holdings SPY
2012,73,FCX,FCX,"Freeport-McMoRan Copper & Gold, Inc.",FREEPORT MCMORAN INC,0.292,OK,0.9,Holdings SPY
2012,74,F,F,Ford Motor Co.,FORD MOTOR CO,0.292,OK,1.0,Holdings SPY
2012,75,MET,MET,"MetLife, Inc.",METLIFE INC,0.284,OK,1.0,Holdings SPY
2012,76,BIIB,BIIB,"Biogen Idec, Inc.",BIOGEN INC,0.274,OK,0.9,Holdings SPY
2012,77,EMR,EMR,Emerson Electric Co.,EMERSON ELECTRIC CO,0.273,OK,1.0,Holdings SPY
2012,78,NKE,NKE,"NIKE, Inc. (Class B)",NIKE INC  CL B,0.271,OK,1.0,Holdings SPY
2012,79,SIN_ANADARKO_PETROLEUM,,Anadarko Petroleum Corp.,,0.271,SIN_FUENTE,,Holdings SPY
2012,80,SIN_DOW_CHEMICAL,,The Dow Chemical Co.,,0.269,SIN_FUENTE,,Holdings SPY
2012,81,LOW,LOW,"Lowe’s Cos., Inc.",LOWE S COS INC,0.268,OK,1.0,Holdings SPY
2012,82,NOV,NOV,"National-Oilwell Varco, Inc.",,0.265,FUERA_HOY,,Holdings SPY
2012,83,APA,APA,Apache Corp.,APA CORP,0.263,MANUAL,,Holdings SPY
2012,84,KMB,KMB,Kimberly-Clark Corp.,KIMBERLY CLARK CORP,0.263,OK,1.0,Holdings SPY
2012,85,HPQ,HPQ,Hewlett-Packard Co.,HP INC,0.26,MANUAL,,Holdings SPY
2012,86,PNC,PNC,"PNC Financial Services Group, Inc.",PNC FINANCIAL SERVICES GROUP,0.259,OK,1.0,Holdings SPY
2012,87,SIN_CELGENE,,Celgene Corp.,,0.258,SIN_FUENTE,,Holdings SPY
2012,88,COF,COF,Capital One Financial Corp.,CAPITAL ONE FINANCIAL CORP,0.257,OK,1.0,Holdings SPY
2012,89,BAX,BAX,"Baxter International, Inc.",BAXTER INTERNATIONAL INC,0.256,OK,1.0,Holdings SPY
2012,90,TJX,TJX,"TJX Cos., Inc.",TJX COMPANIES INC,0.256,OK,1.0,Holdings SPY
2012,91,SIN_DIRECTV,,DIRECTV,,0.256,SIN_FUENTE,,Holdings SPY
2012,92,DE,DE,Deere & Co.,DEERE + CO,0.251,OK,1.0,Holdings SPY
2012,93,DHR,DHR,Danaher Corp.,DANAHER CORP,0.25,OK,1.0,Holdings SPY
2012,94,HAL,HAL,Halliburton Co.,HALLIBURTON CO,0.243,OK,1.0,Holdings SPY
2012,95,TXN,TXN,"Texas Instruments, Inc.",TEXAS INSTRUMENTS INC,0.243,OK,1.0,Holdings SPY
2012,96,SIN_WALGREEN,,Walgreen Co.,,0.242,SIN_FUENTE,,Holdings SPY
2012,97,LIN,LIN,"Praxair, Inc.",LINDE PLC,0.24,MANUAL,,Holdings SPY
2012,98,BKNG,BKNG,"priceline.com, Inc.",BOOKING HOLDINGS INC,0.239,MANUAL,,Holdings SPY
2012,99,EXC,EXC,Exelon Corp.,EXELON CORP,0.236,OK,1.0,Holdings SPY
2012,100,D,D,"Dominion Resources, Inc.",DOMINION ENERGY INC,0.236,MANUAL,,Holdings SPY
2013,1,AAPL,AAPL,"Apple, Inc.",APPLE INC,2.897,OK,1.0,Holdings SPY
2013,2,XOM,XOM,Exxon Mobil Corp.,EXXONMOBIL HOLDINGS CORP,2.532,OK,1.0,Holdings SPY
2013,3,MSFT,MSFT,Microsoft Corp.,MICROSOFT CORP,1.688,OK,1.0,Holdings SPY
2013,4,GOOGL,GOOGL,"Google, Inc. (Class A)",ALPHABET INC CL A,1.638,MANUAL,,Holdings SPY
2013,5,JNJ,JNJ,Johnson & Johnson,JOHNSON + JOHNSON,1.633,OK,1.0,Holdings SPY
2013,6,GE,GE,General Electric Co.,GENERAL ELECTRIC,1.627,OK,1.0,Holdings SPY
2013,7,CVX,CVX,Chevron Corp.,CHEVRON CORP,1.57,OK,1.0,Holdings SPY
2013,8,PG,PG,The Procter & Gamble Co.,PROCTER + GAMBLE CO/THE,1.384,OK,1.0,Holdings SPY
2013,9,BRK.B,BRK.B,"Berkshire Hathaway, Inc.(Class B)",BERKSHIRE HATHAWAY INC CL B,1.366,OK,1.0,Holdings SPY
2013,10,WFC,WFC,Wells Fargo & Co.,WELLS FARGO + CO,1.335,OK,1.0,Holdings SPY
2013,11,JPM,JPM,JPMorgan Chase & Co.,JPMORGAN CHASE + CO,1.301,OK,1.0,Holdings SPY
2013,12,IBM,IBM,International Business Machines Corp.,INTL BUSINESS MACHINES CORP,1.275,OK,0.83,Holdings SPY
2013,13,PFE,PFE,"Pfizer, Inc.",PFIZER INC,1.271,OK,1.0,Holdings SPY
2013,14,T,T,"AT&T, Inc.",AT+T INC,1.201,OK,1.0,Holdings SPY
2013,15,BAC,BAC,Bank of America Corp.,BANK OF AMERICA CORP,0.991,OK,1.0,Holdings SPY
2013,16,C,C,"Citigroup, Inc.",CITIGROUP INC,0.985,OK,1.0,Holdings SPY
2013,17,KO,KO,The Coca-Cola Co.,COCA COLA CO/THE,0.966,MANUAL,,Holdings SPY
2013,18,PM,PM,"Philip Morris International, Inc.",PHILIP MORRIS INTERNATIONAL,0.937,OK,1.0,Holdings SPY
2013,19,MRK,MRK,"Merck & Co., Inc.",MERCK + CO. INC.,0.932,OK,1.0,Holdings SPY
2013,20,VZ,VZ,"Verizon Communications, Inc.",VERIZON COMMUNICATIONS INC,0.893,OK,1.0,Holdings SPY
2013,21,CSCO,CSCO,"Cisco Systems, Inc.",CISCO SYSTEMS INC,0.84,OK,1.0,Holdings SPY
2013,22,PEP,PEP,"PepsiCo, Inc.",PEPSICO INC,0.82,OK,1.0,Holdings SPY
2013,23,WMT,WMT,"Wal-Mart Stores, Inc.",WALMART INC,0.805,MANUAL,,Holdings SPY
2013,24,ORCL,ORCL,Oracle Corp.,ORACLE CORP,0.791,OK,1.0,Holdings SPY
2013,25,CMCSA,CMCSA,Comcast Corp. (Class A),COMCAST CORP CLASS A,0.79,OK,1.0,Holdings SPY
2013,26,SLB,SLB,"Schlumberger, Ltd.",SLB LTD,0.782,MANUAL,,Holdings SPY
2013,27,QCOM,QCOM,"QUALCOMM, Inc.",QUALCOMM INC,0.773,OK,1.0,Holdings SPY
2013,28,AMZN,AMZN,"Amazon.com, Inc.",AMAZON.COM INC,0.773,OK,1.0,Holdings SPY
2013,29,INTC,INTC,Intel Corp.,INTEL CORP,0.763,OK,1.0,Holdings SPY
2013,30,HD,HD,"The Home Depot, Inc.",HOME DEPOT INC,0.727,OK,1.0,Holdings SPY
2013,31,DIS,DIS,The Walt Disney Co.,WALT DISNEY CO/THE,0.717,OK,1.0,Holdings SPY
2013,32,V,V,"Visa, Inc. (Class A)",VISA INC CLASS A SHARES,0.659,OK,1.0,Holdings SPY
2013,33,MCD,MCD,McDonald’s Corp.,MCDONALD S CORP,0.644,OK,1.0,Holdings SPY
2013,34,GILD,GILD,"Gilead Sciences, Inc.",GILEAD SCIENCES INC,0.643,OK,1.0,Holdings SPY
2013,35,RTX,RTX,United Technologies Corp.,RTX CORP,0.608,MANUAL,,Holdings SPY
2013,36,COP,COP,ConocoPhillips,CONOCOPHILLIPS,0.567,OK,1.0,Holdings SPY
2013,37,AMGN,AMGN,"Amgen, Inc.",AMGEN INC,0.564,OK,1.0,Holdings SPY
2013,38,BA,BA,The Boeing Co.,BOEING CO/THE,0.545,OK,1.0,Holdings SPY
2013,39,MMM,MMM,3M Co.,3M CO,0.518,OK,1.0,Holdings SPY
2013,40,BMY,BMY,Bristol-Myers Squibb Co.,BRISTOL MYERS SQUIBB CO,0.509,OK,1.0,Holdings SPY
2013,41,OXY,OXY,Occidental Petroleum Corp.,OCCIDENTAL PETROLEUM CORP,0.503,OK,1.0,Holdings SPY
2013,42,UNH,UNH,"UnitedHealth Group, Inc.",UNITEDHEALTH GROUP INC,0.489,OK,1.0,Holdings SPY
2013,43,UNP,UNP,Union Pacific Corp.,UNION PACIFIC CORP,0.482,OK,1.0,Holdings SPY
2013,44,AIG,AIG,"American International Group, Inc.",AMERICAN INTERNATIONAL GROUP,0.479,OK,1.0,Holdings SPY
2013,45,ABBV,ABBV,"AbbVie, Inc.",ABBVIE INC,0.473,OK,1.0,Holdings SPY
2013,46,AXP,AXP,American Express Co.,AMERICAN EXPRESS CO,0.469,OK,1.0,Holdings SPY
2013,47,MA,MA,"MasterCard, Inc. (Class A)",MASTERCARD INC   A,0.469,OK,1.0,Holdings SPY
2013,48,CVS,CVS,CVS Caremark Corp.,CVS HEALTH CORP,0.465,MANUAL,,Holdings SPY
2013,49,MO,MO,"Altria Group, Inc.",ALTRIA GROUP INC,0.46,OK,1.0,Holdings SPY
2013,50,USB,USB,U.S. Bancorp,US BANCORP,0.451,OK,1.0,Holdings SPY
2013,51,SIN_TWENTY_FIRST_CENTURY_FOX,,"Twenty-First Century Fox, Inc. (Class A)",,0.446,SIN_FUENTE,,Holdings SPY
2013,52,F,F,Ford Motor Co.,FORD MOTOR CO,0.444,OK,1.0,Holdings SPY
2013,53,GS,GS,"The Goldman Sachs Group, Inc.",GOLDMAN SACHS GROUP INC,0.442,OK,1.0,Holdings SPY
2013,54,UPS,UPS,"United Parcel Service, Inc.(Class B)",UNITED PARCEL SERVICE CL B,0.441,OK,1.0,Holdings SPY
2013,55,HON,HON,"Honeywell International, Inc.",HONEYWELL INTERNATIONAL INC,0.436,OK,1.0,Holdings SPY
2013,56,EBAY,EBAY,"eBay, Inc.",EBAY INC,0.435,OK,1.0,Holdings SPY
2013,57,SIN_CELGENE,,Celgene Corp.,,0.423,SIN_FUENTE,,Holdings SPY
2013,58,SIN_TIME_WARNER,,"Time Warner, Inc.",,0.405,SIN_FUENTE,,Holdings SPY
2013,59,SBUX,SBUX,Starbucks Corp.,STARBUCKS CORP,0.387,OK,1.0,Holdings SPY
2013,60,BIIB,BIIB,"Biogen Idec, Inc.",BIOGEN INC,0.381,OK,0.9,Holdings SPY
2013,61,MDLZ,MDLZ,"Mondelez International, Inc. (Class A)",MONDELEZ INTERNATIONAL INC A,0.374,OK,1.0,Holdings SPY
2013,62,SIN_MONSANTO,,Monsanto Co.,,0.372,SIN_FUENTE,,Holdings SPY
2013,63,NKE,NKE,"NIKE, Inc. (Class B)",NIKE INC  CL B,0.363,OK,1.0,Holdings SPY
2013,64,DD,DD,E. I. du Pont de Nemours & Co.,DUPONT DE NEMOURS INC,0.362,OK,0.93,Holdings SPY
2013,65,SIN_EMC,,EMC Corp.,,0.356,SIN_FUENTE,,Holdings SPY
2013,66,MDT,MDT,"Medtronic, Inc.",MEDTRONIC PLC,0.355,OK,1.0,Holdings SPY
2013,67,CAT,CAT,"Caterpillar, Inc.",CATERPILLAR INC,0.355,OK,1.0,Holdings SPY
2013,68,MET,MET,"MetLife, Inc.",METLIFE INC,0.351,OK,1.0,Holdings SPY
2013,69,BKNG,BKNG,"priceline.com, Inc.",BOOKING HOLDINGS INC,0.349,MANUAL,,Holdings SPY
2013,70,CL,CL,Colgate-Palmolive Co.,COLGATE PALMOLIVE CO,0.349,OK,1.0,Holdings SPY
2013,71,ABT,ABT,Abbott Laboratories,ABBOTT LABORATORIES,0.345,OK,1.0,Holdings SPY
2013,72,SIN_EXPRESS_SCRIPTS,,Express Scripts Holding Co.,,0.337,SIN_FUENTE,,Holdings SPY
2013,73,LLY,LLY,Eli Lilly & Co.,ELI LILLY + CO,0.335,OK,1.0,Holdings SPY
2013,74,LOW,LOW,"Lowe’s Cos., Inc.",LOWE S COS INC,0.335,OK,1.0,Holdings SPY
2013,75,COST,COST,Costco Wholesale Corp.,COSTCO WHOLESALE CORP,0.335,OK,1.0,Holdings SPY
2013,76,ACN,ACN,Accenture PLC (Class A),ACCENTURE PLC CL A,0.318,OK,1.0,Holdings SPY
2013,77,DUK,DUK,Duke Energy Corp.,DUKE ENERGY CORP,0.314,OK,1.0,Holdings SPY
2013,78,SIN_WALGREEN,,Walgreen Co.,,0.313,SIN_FUENTE,,Holdings SPY
2013,79,SIN_ANADARKO_PETROLEUM,,Anadarko Petroleum Corp.,,0.311,SIN_FUENTE,,Holdings SPY
2013,80,SIN_DOW_CHEMICAL,,The Dow Chemical Co.,,0.31,SIN_FUENTE,,Holdings SPY
2013,81,EMR,EMR,Emerson Electric Co.,EMERSON ELECTRIC CO,0.309,OK,1.0,Holdings SPY
2013,82,SPG,SPG,"Simon Property Group, Inc.",SIMON PROPERTY GROUP INC,0.307,OK,1.0,Holdings SPY
2013,83,EOG,EOG,"EOG Resources, Inc.",EOG RESOURCES INC,0.307,OK,1.0,Holdings SPY
2013,84,TXN,TXN,"Texas Instruments, Inc.",TEXAS INSTRUMENTS INC,0.298,OK,1.0,Holdings SPY
2013,85,DHR,DHR,Danaher Corp.,DANAHER CORP,0.277,OK,1.0,Holdings SPY
2013,86,HAL,HAL,Halliburton Co.,HALLIBURTON CO,0.272,OK,1.0,Holdings SPY
2013,87,TJX,TJX,"TJX Cos., Inc.",TJX COMPANIES INC,0.271,OK,1.0,Holdings SPY
2013,88,HPQ,HPQ,Hewlett-Packard Co.,HP INC,0.27,MANUAL,,Holdings SPY
2013,89,TGT,TGT,Target Corp.,TARGET CORP,0.27,OK,1.0,Holdings SPY
2013,90,COF,COF,Capital One Financial Corp.,CAPITAL ONE FINANCIAL CORP,0.268,OK,1.0,Holdings SPY
2013,91,PNC,PNC,"PNC Financial Services Group, Inc.",PNC FINANCIAL SERVICES GROUP,0.256,OK,1.0,Holdings SPY
2013,92,MS,MS,Morgan Stanley,MORGAN STANLEY,0.251,OK,1.0,Holdings SPY
2013,93,KMB,KMB,Kimberly-Clark Corp.,KIMBERLY CLARK CORP,0.243,OK,1.0,Holdings SPY
2013,94,SIN_VIACOM,,"Viacom, Inc. (Class B)",,0.243,SIN_FUENTE,,Holdings SPY
2013,95,PRU,PRU,"Prudential Financial, Inc.",PRUDENTIAL FINANCIAL INC,0.242,OK,1.0,Holdings SPY
2013,96,D,D,"Dominion Resources, Inc.",DOMINION ENERGY INC,0.241,MANUAL,,Holdings SPY
2013,97,SO,SO,Southern Co.,SOUTHERN CO/THE,0.239,OK,1.0,Holdings SPY
2013,98,BAX,BAX,"Baxter International, Inc.",BAXTER INTERNATIONAL INC,0.239,OK,1.0,Holdings SPY
2013,99,LIN,LIN,"Praxair, Inc.",LINDE PLC,0.237,MANUAL,,Holdings SPY
2013,100,PSX,PSX,Phillips 66,PHILLIPS 66,0.236,OK,1.0,Holdings SPY
2014,1,AAPL,AAPL,"Apple, Inc.",APPLE INC,3.445,OK,1.0,Holdings SPY
2014,2,XOM,XOM,Exxon Mobil Corp.,EXXONMOBIL HOLDINGS CORP,2.29,OK,1.0,Holdings SPY
2014,3,MSFT,MSFT,Microsoft Corp.,MICROSOFT CORP,2.179,OK,1.0,Holdings SPY
2014,4,JNJ,JNJ,Johnson & Johnson,JOHNSON + JOHNSON,1.716,OK,1.0,Holdings SPY
2014,5,GE,GE,General Electric Co.,GENERAL ELECTRIC,1.467,OK,1.0,Holdings SPY
2014,6,BRK.B,BRK.B,"Berkshire Hathaway, Inc. (Class B)",BERKSHIRE HATHAWAY INC CL B,1.438,OK,1.0,Holdings SPY
2014,7,WFC,WFC,Wells Fargo & Co.,WELLS FARGO + CO,1.407,OK,1.0,Holdings SPY
2014,8,CVX,CVX,Chevron Corp.,CHEVRON CORP,1.294,OK,1.0,Holdings SPY
2014,9,JPM,JPM,JPMorgan Chase & Co.,JPMORGAN CHASE + CO,1.294,OK,1.0,Holdings SPY
2014,10,PG,PG,The Procter & Gamble Co.,PROCTER + GAMBLE CO/THE,1.294,OK,1.0,Holdings SPY
2014,11,VZ,VZ,"Verizon Communications, Inc.",VERIZON COMMUNICATIONS INC,1.183,OK,1.0,Holdings SPY
2014,12,PFE,PFE,"Pfizer, Inc.",PFIZER INC,1.071,OK,1.0,Holdings SPY
2014,13,T,T,"AT&T, Inc.",AT+T INC,1.044,OK,1.0,Holdings SPY
2014,14,BAC,BAC,Bank of America Corp.,BANK OF AMERICA CORP,1.025,OK,1.0,Holdings SPY
2014,15,IBM,IBM,International Business Machines Corp.,INTL BUSINESS MACHINES CORP,1.006,OK,0.83,Holdings SPY
2014,16,INTC,INTC,Intel Corp.,INTEL CORP,0.984,OK,1.0,Holdings SPY
2014,17,MRK,MRK,"Merck & Co., Inc.",MERCK + CO. INC.,0.976,OK,1.0,Holdings SPY
2014,18,KO,KO,The Coca-Cola Co.,COCA COLA CO/THE,0.961,MANUAL,,Holdings SPY
2014,19,GOOGL,GOOGL,"Google, Inc. (Class A)",ALPHABET INC CL A,0.954,MANUAL,,Holdings SPY
2014,20,GILD,GILD,"Gilead Sciences, Inc.",GILEAD SCIENCES INC,0.919,OK,1.0,Holdings SPY
2014,21,C,C,"Citigroup, Inc.",CITIGROUP INC,0.897,OK,1.0,Holdings SPY
2014,22,META,META,"Facebook, Inc. (Class A)",META PLATFORMS INC CLASS A,0.879,MANUAL,,Holdings SPY
2014,23,DIS,DIS,The Walt Disney Co.,WALT DISNEY CO/THE,0.803,OK,1.0,Holdings SPY
2014,24,PEP,PEP,"PepsiCo, Inc.",PEPSICO INC,0.801,OK,1.0,Holdings SPY
2014,25,CMCSA,CMCSA,Comcast Corp. (Class A),COMCAST CORP CLASS A,0.795,OK,1.0,Holdings SPY
2014,26,SLB,SLB,"Schlumberger, Ltd.",SLB LTD,0.753,MANUAL,,Holdings SPY
2014,27,PM,PM,"Philip Morris International, Inc.",PHILIP MORRIS INTERNATIONAL,0.744,OK,1.0,Holdings SPY
2014,28,CSCO,CSCO,"Cisco Systems, Inc.",CISCO SYSTEMS INC,0.733,OK,1.0,Holdings SPY
2014,29,QCOM,QCOM,"QUALCOMM, Inc.",QUALCOMM INC,0.716,OK,1.0,Holdings SPY
2014,30,ORCL,ORCL,Oracle Corp.,ORACLE CORP,0.711,OK,1.0,Holdings SPY
2014,31,HD,HD,"The Home Depot, Inc.",HOME DEPOT INC,0.705,OK,1.0,Holdings SPY
2014,32,AMZN,AMZN,"Amazon.com, Inc.",AMAZON.COM INC,0.697,OK,1.0,Holdings SPY
2014,33,WMT,WMT,"Wal-Mart Stores, Inc.",WALMART INC,0.69,MANUAL,,Holdings SPY
2014,34,AMGN,AMGN,"Amgen, Inc.",AMGEN INC,0.609,OK,1.0,Holdings SPY
2014,35,V,V,"Visa, Inc. (Class A)",VISA INC CLASS A SHARES,0.6,OK,1.0,Holdings SPY
2014,36,UNP,UNP,Union Pacific Corp.,UNION PACIFIC CORP,0.556,OK,1.0,Holdings SPY
2014,37,COP,COP,ConocoPhillips,CONOCOPHILLIPS,0.536,OK,1.0,Holdings SPY
2014,38,MCD,MCD,McDonald’s Corp.,MCDONALD S CORP,0.532,OK,1.0,Holdings SPY
2014,39,CVS,CVS,CVS Health Corp.,CVS HEALTH CORP,0.526,OK,1.0,Holdings SPY
2014,40,MMM,MMM,3M Co.,3M CO,0.524,OK,1.0,Holdings SPY
2014,41,ABBV,ABBV,"AbbVie, Inc.",ABBVIE INC,0.524,OK,1.0,Holdings SPY
2014,42,MO,MO,"Altria Group, Inc.",ALTRIA GROUP INC,0.52,OK,1.0,Holdings SPY
2014,43,RTX,RTX,United Technologies Corp.,RTX CORP,0.513,MANUAL,,Holdings SPY
2014,44,BA,BA,The Boeing Co.,BOEING CO/THE,0.488,OK,1.0,Holdings SPY
2014,45,BMY,BMY,Bristol-Myers Squibb Co.,BRISTOL MYERS SQUIBB CO,0.484,OK,1.0,Holdings SPY
2014,46,UNH,UNH,"UnitedHealth Group, Inc.",UNITEDHEALTH GROUP INC,0.479,OK,1.0,Holdings SPY
2014,47,AXP,AXP,American Express Co.,AMERICAN EXPRESS CO,0.45,OK,1.0,Holdings SPY
2014,48,BIIB,BIIB,"Biogen Idec, Inc.",BIOGEN INC,0.446,OK,0.9,Holdings SPY
2014,49,AIG,AIG,"American International Group, Inc.",AMERICAN INTERNATIONAL GROUP,0.44,OK,1.0,Holdings SPY
2014,50,SIN_CELGENE,,Celgene Corp.,,0.433,SIN_FUENTE,,Holdings SPY
2014,51,USB,USB,U.S. Bancorp,US BANCORP,0.43,OK,1.0,Holdings SPY
2014,52,GS,GS,"The Goldman Sachs Group, Inc.",GOLDMAN SACHS GROUP INC,0.43,OK,1.0,Holdings SPY
2014,53,OXY,OXY,Occidental Petroleum Corp.,OCCIDENTAL PETROLEUM CORP,0.428,OK,1.0,Holdings SPY
2014,54,HON,HON,"Honeywell International, Inc.",HONEYWELL INTERNATIONAL INC,0.416,OK,1.0,Holdings SPY
2014,55,MA,MA,"MasterCard, Inc. (Class A)",MASTERCARD INC   A,0.415,OK,1.0,Holdings SPY
2014,56,UPS,UPS,"United Parcel Service, Inc. (Class B)",UNITED PARCEL SERVICE CL B,0.396,OK,1.0,Holdings SPY
2014,57,HPQ,HPQ,Hewlett-Packard Co.,HP INC,0.379,MANUAL,,Holdings SPY
2014,58,DD,DD,E. I. du Pont de Nemours & Co.,DUPONT DE NEMOURS INC,0.376,OK,0.93,Holdings SPY
2014,59,SIN_TWENTY_FIRST_CENTURY_FOX,,"Twenty-First Century Fox, Inc. (Class A)",,0.369,SIN_FUENTE,,Holdings SPY
2014,60,SIN_TIME_WARNER,,"Time Warner, Inc.",,0.367,SIN_FUENTE,,Holdings SPY
2014,61,EBAY,EBAY,"eBay, Inc.",EBAY INC,0.365,OK,1.0,Holdings SPY
2014,62,SIN_ACTAVIS,,Actavis PLC,,0.364,SIN_FUENTE,,Holdings SPY
2014,63,LLY,LLY,Eli Lilly & Co.,ELI LILLY + CO,0.364,OK,1.0,Holdings SPY
2014,64,NKE,NKE,"NIKE, Inc. (Class B)",NIKE INC  CL B,0.358,OK,1.0,Holdings SPY
2014,65,ABT,ABT,Abbott Laboratories,ABBOTT LABORATORIES,0.357,OK,1.0,Holdings SPY
2014,66,CAT,CAT,"Caterpillar, Inc.",CATERPILLAR INC,0.355,OK,1.0,Holdings SPY
2014,67,MDT,MDT,"Medtronic, Inc.",MEDTRONIC PLC,0.347,OK,1.0,Holdings SPY
2014,68,BKNG,BKNG,"priceline.com, Inc.",BOOKING HOLDINGS INC,0.346,MANUAL,,Holdings SPY
2014,69,MET,MET,"MetLife, Inc.",METLIFE INC,0.345,OK,1.0,Holdings SPY
2014,70,SIN_EMC,,EMC Corp.,,0.339,SIN_FUENTE,,Holdings SPY
2014,71,SIN_MONSANTO,,Monsanto Co.,,0.337,SIN_FUENTE,,Holdings SPY
2014,72,SIN_DOW_CHEMICAL,,The Dow Chemical Co.,,0.336,SIN_FUENTE,,Holdings SPY
2014,73,MDLZ,MDLZ,"Mondelez International, Inc. (Class A)",MONDELEZ INTERNATIONAL INC A,0.33,OK,1.0,Holdings SPY
2014,74,F,F,Ford Motor Co.,FORD MOTOR CO,0.328,OK,1.0,Holdings SPY
2014,75,SBUX,SBUX,Starbucks Corp.,STARBUCKS CORP,0.324,OK,1.0,Holdings SPY
2014,76,CL,CL,Colgate-Palmolive Co.,COLGATE PALMOLIVE CO,0.32,OK,1.0,Holdings SPY
2014,77,HAL,HAL,Halliburton Co.,HALLIBURTON CO,0.313,OK,1.0,Holdings SPY
2014,78,COST,COST,Costco Wholesale Corp.,COSTCO WHOLESALE CORP,0.313,OK,1.0,Holdings SPY
2014,79,EOG,EOG,"EOG Resources, Inc.",EOG RESOURCES INC,0.309,OK,1.0,Holdings SPY
2014,80,SIN_ALLERGAN,,"Allergan, Inc.",,0.302,SIN_FUENTE,,Holdings SPY
2014,81,MS,MS,Morgan Stanley,MORGAN STANLEY,0.302,OK,1.0,Holdings SPY
2014,82,DUK,DUK,Duke Energy Corp.,DUKE ENERGY CORP,0.302,OK,1.0,Holdings SPY
2014,83,SIN_EXPRESS_SCRIPTS,,Express Scripts Holding Co.,,0.301,SIN_FUENTE,,Holdings SPY
2014,84,LOW,LOW,"Lowe’s Cos., Inc.",LOWE S COS INC,0.298,OK,1.0,Holdings SPY
2014,85,SIN_WALGREEN,,Walgreen Co.,,0.297,SIN_FUENTE,,Holdings SPY
2014,86,ACN,ACN,Accenture PLC (Class A),ACCENTURE PLC CL A,0.294,OK,1.0,Holdings SPY
2014,87,SIN_ANADARKO_PETROLEUM,,Anadarko Petroleum Corp.,,0.292,SIN_FUENTE,,Holdings SPY
2014,88,SPG,SPG,"Simon Property Group, Inc.",SIMON PROPERTY GROUP INC,0.292,OK,1.0,Holdings SPY
2014,89,TXN,TXN,"Texas Instruments, Inc.",TEXAS INSTRUMENTS INC,0.291,OK,1.0,Holdings SPY
2014,90,LMT,LMT,Lockheed Martin Corp.,LOCKHEED MARTIN CORP,0.282,OK,1.0,Holdings SPY
2014,91,TMO,TMO,"Thermo Fisher Scientific, Inc.",THERMO FISHER SCIENTIFIC INC,0.277,OK,1.0,Holdings SPY
2014,92,PNC,PNC,"PNC Financial Services Group, Inc.",PNC FINANCIAL SERVICES GROUP,0.264,OK,1.0,Holdings SPY
2014,93,DHR,DHR,Danaher Corp.,DANAHER CORP,0.264,OK,1.0,Holdings SPY
2014,94,LYB,LYB,LyondellBasell Industries NV (Class A),LYONDELLBASELL INDU CL A,0.264,OK,0.86,Holdings SPY
2014,95,COF,COF,Capital One Financial Corp.,CAPITAL ONE FINANCIAL CORP,0.262,OK,1.0,Holdings SPY
2014,96,PSX,PSX,Phillips 66,PHILLIPS 66,0.26,OK,1.0,Holdings SPY
2014,97,MCK,MCK,McKesson Corp.,MCKESSON CORP,0.257,OK,1.0,Holdings SPY
2014,98,EMR,EMR,Emerson Electric Co.,EMERSON ELECTRIC CO,0.251,OK,1.0,Holdings SPY
2014,99,BNY,BNY,The Bank of New York Mellon Corp.,BANK OF NEW YORK MELLON CORP,0.25,MANUAL,,Holdings SPY
2014,100,SIN_DIRECTV,,DIRECTV,,0.248,SIN_FUENTE,,Holdings SPY
2015,1,AAPL,AAPL,"Apple, Inc.",APPLE INC,3.717,OK,1.0,Holdings SPY
2015,2,MSFT,MSFT,Microsoft Corp.,MICROSOFT CORP,2.092,OK,1.0,Holdings SPY
2015,3,XOM,XOM,Exxon Mobil Corp.,EXXONMOBIL HOLDINGS CORP,1.833,OK,1.0,Holdings SPY
2015,4,JNJ,JNJ,Johnson & Johnson,JOHNSON + JOHNSON,1.527,OK,1.0,Holdings SPY
2015,5,GE,GE,General Electric Co.,GENERAL ELECTRIC,1.505,OK,1.0,Holdings SPY
2015,6,BRK.B,BRK.B,"Berkshire Hathaway, Inc. (Class B)",BERKSHIRE HATHAWAY INC CL B,1.445,OK,1.0,Holdings SPY
2015,7,WFC,WFC,Wells Fargo & Co.,WELLS FARGO + CO,1.419,OK,1.0,Holdings SPY
2015,8,JPM,JPM,JPMorgan Chase & Co.,JPMORGAN CHASE + CO,1.334,OK,1.0,Holdings SPY
2015,9,META,META,"Facebook, Inc. (Class A)",META PLATFORMS INC CLASS A,1.203,MANUAL,,Holdings SPY
2015,10,T,T,"AT&T, Inc.",AT+T INC,1.185,OK,1.0,Holdings SPY
2015,11,AMZN,AMZN,"Amazon.com, Inc.",AMAZON.COM INC,1.161,OK,1.0,Holdings SPY
2015,12,PG,PG,Procter & Gamble Co.,PROCTER + GAMBLE CO/THE,1.154,OK,1.0,Holdings SPY
2015,13,PFE,PFE,"Pfizer, Inc.",PFIZER INC,1.145,OK,1.0,Holdings SPY
2015,14,GOOGL,GOOGL,"Alphabet, Inc. (Class A)",ALPHABET INC CL A,1.094,MANUAL,,Holdings SPY
2015,15,VZ,VZ,"Verizon Communications, Inc.",VERIZON COMMUNICATIONS INC,1.046,OK,1.0,Holdings SPY
2015,16,BAC,BAC,Bank of America Corp.,BANK OF AMERICA CORP,0.964,OK,1.0,Holdings SPY
2015,17,DIS,DIS,Walt Disney Co.,WALT DISNEY CO/THE,0.938,OK,1.0,Holdings SPY
2015,18,KO,KO,Coca-Cola Co.,COCA COLA CO/THE,0.927,MANUAL,,Holdings SPY
2015,19,C,C,"Citigroup, Inc.",CITIGROUP INC,0.882,OK,1.0,Holdings SPY
2015,20,CVX,CVX,Chevron Corp.,CHEVRON CORP,0.877,OK,1.0,Holdings SPY
2015,21,HD,HD,"Home Depot, Inc.",HOME DEPOT INC,0.876,OK,1.0,Holdings SPY
2015,22,GILD,GILD,"Gilead Sciences, Inc.",GILEAD SCIENCES INC,0.851,OK,1.0,Holdings SPY
2015,23,INTC,INTC,Intel Corp.,INTEL CORP,0.847,OK,1.0,Holdings SPY
2015,24,MRK,MRK,"Merck & Co., Inc.",MERCK + CO. INC.,0.822,OK,1.0,Holdings SPY
2015,25,PEP,PEP,"PepsiCo, Inc.",PEPSICO INC,0.819,OK,1.0,Holdings SPY
2015,26,V,V,"Visa, Inc. (Class A)",VISA INC CLASS A SHARES,0.804,OK,1.0,Holdings SPY
2015,27,CSCO,CSCO,"Cisco Systems, Inc.",CISCO SYSTEMS INC,0.789,OK,1.0,Holdings SPY
2015,28,IBM,IBM,International Business Machines Corp.,INTL BUSINESS MACHINES CORP,0.772,OK,0.83,Holdings SPY
2015,29,PM,PM,"Philip Morris International, Inc.",PHILIP MORRIS INTERNATIONAL,0.726,OK,1.0,Holdings SPY
2015,30,CMCSA,CMCSA,Comcast Corp. (Class A),COMCAST CORP CLASS A,0.707,OK,1.0,Holdings SPY
2015,31,ORCL,ORCL,Oracle Corp.,ORACLE CORP,0.695,OK,1.0,Holdings SPY
2015,32,UNH,UNH,"UnitedHealth Group, Inc.",UNITEDHEALTH GROUP INC,0.654,OK,1.0,Holdings SPY
2015,33,CVS,CVS,CVS Health Corp.,CVS HEALTH CORP,0.635,OK,1.0,Holdings SPY
2015,34,SIN_ALLERGAN,,Allergan PLC,,0.633,SIN_FUENTE,,Holdings SPY
2015,35,MO,MO,"Altria Group, Inc.",ALTRIA GROUP INC,0.631,OK,1.0,Holdings SPY
2015,36,AMGN,AMGN,"Amgen, Inc.",AMGEN INC,0.62,OK,1.0,Holdings SPY
2015,37,WMT,WMT,"Wal-Mart Stores, Inc.",WALMART INC,0.605,MANUAL,,Holdings SPY
2015,38,BMY,BMY,Bristol-Myers Squibb Co.,BRISTOL MYERS SQUIBB CO,0.584,OK,1.0,Holdings SPY
2015,39,MDT,MDT,Medtronic PLC,MEDTRONIC PLC,0.559,OK,1.0,Holdings SPY
2015,40,MCD,MCD,McDonald’s Corp.,MCDONALD S CORP,0.548,OK,1.0,Holdings SPY
2015,41,ABBV,ABBV,"AbbVie, Inc.",ABBVIE INC,0.532,OK,1.0,Holdings SPY
2015,42,MA,MA,"MasterCard, Inc. (Class A)",MASTERCARD INC   A,0.532,OK,1.0,Holdings SPY
2015,43,MMM,MMM,3M Co.,3M CO,0.523,OK,1.0,Holdings SPY
2015,44,SLB,SLB,"Schlumberger, Ltd.",SLB LTD,0.517,MANUAL,,Holdings SPY
2015,45,SIN_CELGENE,,Celgene Corp.,,0.506,SIN_FUENTE,,Holdings SPY
2015,46,SBUX,SBUX,Starbucks Corp.,STARBUCKS CORP,0.499,OK,1.0,Holdings SPY
2015,47,QCOM,QCOM,"QUALCOMM, Inc.",QUALCOMM INC,0.498,OK,1.0,Holdings SPY
2015,48,BA,BA,Boeing Co.,BOEING CO/THE,0.494,OK,1.0,Holdings SPY
2015,49,NKE,NKE,"NIKE, Inc. (Class B)",NIKE INC  CL B,0.492,OK,1.0,Holdings SPY
2015,50,LLY,LLY,Eli Lilly & Co.,ELI LILLY + CO,0.481,OK,1.0,Holdings SPY
2015,51,UNP,UNP,Union Pacific Corp.,UNION PACIFIC CORP,0.453,OK,1.0,Holdings SPY
2015,52,HON,HON,"Honeywell International, Inc.",HONEYWELL INTERNATIONAL INC,0.438,OK,1.0,Holdings SPY
2015,53,RTX,RTX,United Technologies Corp.,RTX CORP,0.434,MANUAL,,Holdings SPY
2015,54,AIG,AIG,"American International Group, Inc.",AMERICAN INTERNATIONAL GROUP,0.434,OK,1.0,Holdings SPY
2015,55,SIN_WALGREENS_BOOTS_ALLIANCE,,"Walgreens Boots Alliance, Inc.",,0.429,SIN_FUENTE,,Holdings SPY
2015,56,GS,GS,"Goldman Sachs Group, Inc.",GOLDMAN SACHS GROUP INC,0.414,OK,1.0,Holdings SPY
2015,57,UPS,UPS,"United Parcel Service, Inc. (Class B)",UNITED PARCEL SERVICE CL B,0.408,OK,1.0,Holdings SPY
2015,58,BIIB,BIIB,"Biogen, Inc.",BIOGEN INC,0.405,OK,1.0,Holdings SPY
2015,59,USB,USB,U.S. Bancorp,US BANCORP,0.4,OK,1.0,Holdings SPY
2015,60,MDLZ,MDLZ,"Mondelez International, Inc. (Class A)",MONDELEZ INTERNATIONAL INC A,0.399,OK,1.0,Holdings SPY
2015,61,LOW,LOW,"Lowe’s Cos., Inc.",LOWE S COS INC,0.377,OK,1.0,Holdings SPY
2015,62,COST,COST,Costco Wholesale Corp.,COSTCO WHOLESALE CORP,0.374,OK,1.0,Holdings SPY
2015,63,AXP,AXP,American Express Co.,AMERICAN EXPRESS CO,0.373,OK,1.0,Holdings SPY
2015,64,BKNG,BKNG,"priceline.com, Inc.",BOOKING HOLDINGS INC,0.371,MANUAL,,Holdings SPY
2015,65,ACN,ACN,Accenture PLC (Class A),ACCENTURE PLC CL A,0.362,OK,1.0,Holdings SPY
2015,66,ABT,ABT,Abbott Laboratories,ABBOTT LABORATORIES,0.353,OK,1.0,Holdings SPY
2015,67,COP,COP,ConocoPhillips,CONOCOPHILLIPS,0.349,OK,1.0,Holdings SPY
2015,68,CL,CL,Colgate-Palmolive Co.,COLGATE PALMOLIVE CO,0.338,OK,1.0,Holdings SPY
2015,69,SPG,SPG,"Simon Property Group, Inc.",SIMON PROPERTY GROUP INC,0.337,OK,1.0,Holdings SPY
2015,70,SIN_TIME_WARNER,,"Time Warner, Inc.",,0.331,SIN_FUENTE,,Holdings SPY
2015,71,LMT,LMT,Lockheed Martin Corp.,LOCKHEED MARTIN CORP,0.327,OK,1.0,Holdings SPY
2015,72,SIN_EXPRESS_SCRIPTS,,Express Scripts Holding Co.,,0.323,SIN_FUENTE,,Holdings SPY
2015,73,F,F,Ford Motor Co.,FORD MOTOR CO,0.312,OK,1.0,Holdings SPY
2015,74,MET,MET,"MetLife, Inc.",METLIFE INC,0.31,OK,1.0,Holdings SPY
2015,75,TXN,TXN,"Texas Instruments, Inc.",TEXAS INSTRUMENTS INC,0.3,OK,1.0,Holdings SPY
2015,76,OXY,OXY,Occidental Petroleum Corp.,OCCIDENTAL PETROLEUM CORP,0.3,OK,1.0,Holdings SPY
2015,77,SIN_TIME_WARNER_CABLE,,"Time Warner Cable, Inc.",,0.299,SIN_FUENTE,,Holdings SPY
2015,78,DHR,DHR,Danaher Corp.,DANAHER CORP,0.299,OK,1.0,Holdings SPY
2015,79,KMI,KMI,"Kinder Morgan, Inc.",KINDER MORGAN INC,0.294,OK,1.0,Holdings SPY
2015,80,DUK,DUK,Duke Energy Corp.,DUKE ENERGY CORP,0.293,OK,1.0,Holdings SPY
2015,81,TGT,TGT,Target Corp.,TARGET CORP,0.292,OK,1.0,Holdings SPY
2015,82,SIN_DOW_CHEMICAL,,Dow Chemical Co.,,0.291,SIN_FUENTE,,Holdings SPY
2015,83,TMO,TMO,"Thermo Fisher Scientific, Inc.",THERMO FISHER SCIENTIFIC INC,0.287,OK,1.0,Holdings SPY
2015,84,TJX,TJX,"TJX Cos., Inc.",TJX COMPANIES INC,0.285,OK,1.0,Holdings SPY
2015,85,MS,MS,Morgan Stanley,MORGAN STANLEY,0.284,OK,1.0,Holdings SPY
2015,86,SIN_EMC,,EMC Corp.,,0.277,SIN_FUENTE,,Holdings SPY
2015,87,HPQ,HPQ,Hewlett-Packard Co.,HP INC,0.274,MANUAL,,Holdings SPY
2015,88,PNC,PNC,"PNC Financial Services Group, Inc.",PNC FINANCIAL SERVICES GROUP,0.271,OK,1.0,Holdings SPY
2015,89,NEE,NEE,"NextEra Energy, Inc.",NEXTERA ENERGY INC,0.266,OK,1.0,Holdings SPY
2015,90,NFLX,NFLX,"Netflix, Inc.",NETFLIX INC,0.26,OK,1.0,Holdings SPY
2015,91,DD,DD,E. I. du Pont de Nemours & Co.,DUPONT DE NEMOURS INC,0.257,OK,0.93,Holdings SPY
2015,92,BNY,BNY,Bank of New York Mellon Corp.,BANK OF NEW YORK MELLON CORP,0.256,MANUAL,,Holdings SPY
2015,93,GM,GM,General Motors Co..,GENERAL MOTORS CO,0.256,OK,1.0,Holdings SPY
2015,94,CRM,CRM,"Salesforce.com, Inc.",SALESFORCE INC,0.255,OK,1.0,Holdings SPY
2015,95,MCK,MCK,McKesson Corp.,MCKESSON CORP,0.253,OK,1.0,Holdings SPY
2015,96,KHC,KHC,Kraft Heinz Co.,KRAFT HEINZ CO/THE,0.248,OK,1.0,Holdings SPY
2015,97,GD,GD,General Dynamics Corp.,GENERAL DYNAMICS CORP,0.247,OK,1.0,Holdings SPY
2015,98,D,D,"Dominion Resources, Inc.",DOMINION ENERGY INC,0.246,MANUAL,,Holdings SPY
2015,99,ADBE,ADBE,"Adobe Systems, Inc.",ADOBE INC,0.242,OK,0.9,Holdings SPY
2015,100,SO,SO,Southern Co.,SOUTHERN CO/THE,0.239,OK,1.0,Holdings SPY
2016,1,AAPL,AAPL,"Apple, Inc.",APPLE INC,3.252,OK,1.0,Holdings SPY
2016,2,MSFT,MSFT,Microsoft Corp.,MICROSOFT CORP,2.397,OK,1.0,Holdings SPY
2016,3,XOM,XOM,Exxon Mobil Corp.,EXXONMOBIL HOLDINGS CORP,1.924,OK,1.0,Holdings SPY
2016,4,AMZN,AMZN,"Amazon.com, Inc.",AMAZON.COM INC,1.761,OK,1.0,Holdings SPY
2016,5,JNJ,JNJ,Johnson & Johnson,JOHNSON + JOHNSON,1.728,OK,1.0,Holdings SPY
2016,6,META,META,"Facebook, Inc. Class A",META PLATFORMS INC CLASS A,1.592,MANUAL,,Holdings SPY
2016,7,BRK.B,BRK.B,"Berkshire Hathaway, Inc.Class B",BERKSHIRE HATHAWAY INC CL B,1.466,OK,1.0,Holdings SPY
2016,8,GE,GE,General Electric Co.,GENERAL ELECTRIC,1.417,OK,1.0,Holdings SPY
2016,9,T,T,"AT&T, Inc.",AT+T INC,1.329,OK,1.0,Holdings SPY
2016,10,JPM,JPM,JPMorgan Chase & Co.,JPMORGAN CHASE + CO,1.285,OK,1.0,Holdings SPY
2016,11,PG,PG,Procter & Gamble Co.,PROCTER + GAMBLE CO/THE,1.28,OK,1.0,Holdings SPY
2016,12,GOOGL,GOOGL,"Alphabet, Inc. Class A",ALPHABET INC CL A,1.267,MANUAL,,Holdings SPY
2016,13,VZ,VZ,"Verizon Communications, Inc.",VERIZON COMMUNICATIONS INC,1.127,OK,1.0,Holdings SPY
2016,14,PFE,PFE,"Pfizer, Inc.",PFIZER INC,1.092,OK,1.0,Holdings SPY
2016,15,WFC,WFC,Wells Fargo & Co.,WELLS FARGO + CO,1.074,OK,1.0,Holdings SPY
2016,16,CVX,CVX,Chevron Corp.,CHEVRON CORP,1.031,OK,1.0,Holdings SPY
2016,17,INTC,INTC,Intel Corp.,INTEL CORP,0.948,OK,1.0,Holdings SPY
2016,18,MRK,MRK,"Merck & Co., Inc.",MERCK + CO. INC.,0.919,OK,1.0,Holdings SPY
2016,19,KO,KO,Coca-Cola Co.,COCA COLA CO/THE,0.876,MANUAL,,Holdings SPY
2016,20,BAC,BAC,Bank of America Corp.,BANK OF AMERICA CORP,0.856,OK,1.0,Holdings SPY
2016,21,CMCSA,CMCSA,Comcast Corp. Class A,COMCAST CORP CLASS A,0.853,OK,1.0,Holdings SPY
2016,22,HD,HD,"Home Depot, Inc.",HOME DEPOT INC,0.851,OK,1.0,Holdings SPY
2016,23,CSCO,CSCO,"Cisco Systems, Inc.",CISCO SYSTEMS INC,0.848,OK,1.0,Holdings SPY
2016,24,V,V,"Visa, Inc. Class A",VISA INC CLASS A SHARES,0.837,OK,1.0,Holdings SPY
2016,25,PEP,PEP,"PepsiCo, Inc.",PEPSICO INC,0.835,OK,1.0,Holdings SPY
2016,26,PM,PM,"Philip Morris International, Inc.",PHILIP MORRIS INTERNATIONAL,0.802,OK,1.0,Holdings SPY
2016,27,IBM,IBM,International Business Machines Corp.,INTL BUSINESS MACHINES CORP,0.738,OK,0.83,Holdings SPY
2016,28,DIS,DIS,Walt Disney Co.,WALT DISNEY CO/THE,0.738,OK,1.0,Holdings SPY
2016,29,C,C,"Citigroup, Inc.",CITIGROUP INC,0.738,OK,1.0,Holdings SPY
2016,30,UNH,UNH,"UnitedHealth Group, Inc.",UNITEDHEALTH GROUP INC,0.708,OK,1.0,Holdings SPY
2016,31,AMGN,AMGN,"Amgen, Inc.",AMGEN INC,0.666,OK,1.0,Holdings SPY
2016,32,MO,MO,"Altria Group, Inc.",ALTRIA GROUP INC,0.658,OK,1.0,Holdings SPY
2016,33,MDT,MDT,Medtronic PLC,MEDTRONIC PLC,0.637,OK,1.0,Holdings SPY
2016,34,ORCL,ORCL,Oracle Corp.,ORACLE CORP,0.632,OK,1.0,Holdings SPY
2016,35,WMT,WMT,"Wal-Mart Stores, Inc.",WALMART INC,0.585,MANUAL,,Holdings SPY
2016,36,SLB,SLB,"Schlumberger, Ltd.",SLB LTD,0.581,MANUAL,,Holdings SPY
2016,37,MMM,MMM,3M Co.,3M CO,0.568,OK,1.0,Holdings SPY
2016,38,GILD,GILD,"Gilead Sciences, Inc.",GILEAD SCIENCES INC,0.56,OK,1.0,Holdings SPY
2016,39,ABBV,ABBV,"AbbVie, Inc.",ABBVIE INC,0.543,OK,1.0,Holdings SPY
2016,40,QCOM,QCOM,"QUALCOMM, Inc.",QUALCOMM INC,0.535,OK,1.0,Holdings SPY
2016,41,MCD,MCD,McDonald’s Corp.,MCDONALD S CORP,0.526,OK,1.0,Holdings SPY
2016,42,MA,MA,"MasterCard, Inc. Class A",MASTERCARD INC   A,0.522,OK,1.0,Holdings SPY
2016,43,CVS,CVS,CVS Health Corp.,CVS HEALTH CORP,0.508,OK,1.0,Holdings SPY
2016,44,SIN_ALLERGAN,,Allergan PLC,,0.485,SIN_FUENTE,,Holdings SPY
2016,45,BMY,BMY,Bristol-Myers Squibb Co.,BRISTOL MYERS SQUIBB CO,0.479,OK,1.0,Holdings SPY
2016,46,HON,HON,"Honeywell International, Inc.",HONEYWELL INTERNATIONAL INC,0.472,OK,1.0,Holdings SPY
2016,47,UNP,UNP,Union Pacific Corp.,UNION PACIFIC CORP,0.437,OK,1.0,Holdings SPY
2016,48,SIN_CELGENE,,Celgene Corp.,,0.431,SIN_FUENTE,,Holdings SPY
2016,49,SBUX,SBUX,Starbucks Corp.,STARBUCKS CORP,0.422,OK,1.0,Holdings SPY
2016,50,RTX,RTX,United Technologies Corp.,RTX CORP,0.42,MANUAL,,Holdings SPY
2016,51,LLY,LLY,Eli Lilly & Co.,ELI LILLY + CO,0.415,OK,1.0,Holdings SPY
2016,52,BA,BA,Boeing Co.,BOEING CO/THE,0.409,OK,1.0,Holdings SPY
2016,53,ACN,ACN,Accenture PLC Class A,ACCENTURE PLC CL A,0.406,OK,1.0,Holdings SPY
2016,54,UPS,UPS,"United Parcel Service, Inc.Class B",UNITED PARCEL SERVICE CL B,0.401,OK,1.0,Holdings SPY
2016,55,BKNG,BKNG,"Priceline Group, Inc.",BOOKING HOLDINGS INC,0.389,MANUAL,,Holdings SPY
2016,56,TXN,TXN,"Texas Instruments, Inc.",TEXAS INSTRUMENTS INC,0.375,OK,1.0,Holdings SPY
2016,57,NKE,NKE,"NIKE, Inc. Class B",NIKE INC  CL B,0.373,OK,1.0,Holdings SPY
2016,58,USB,USB,US Bancorp,US BANCORP,0.371,OK,1.0,Holdings SPY
2016,59,SIN_WALGREENS_BOOTS_ALLIANCE,,"Walgreens Boots Alliance, Inc.",,0.37,SIN_FUENTE,,Holdings SPY
2016,60,AVGO,AVGO,"Broadcom, Ltd.",BROADCOM INC,0.366,OK,1.0,Holdings SPY
2016,61,BIIB,BIIB,"Biogen, Inc.",BIOGEN INC,0.365,OK,1.0,Holdings SPY
2016,62,MDLZ,MDLZ,"Mondelez International, Inc.Class A",MONDELEZ INTERNATIONAL INC A,0.362,OK,1.0,Holdings SPY
2016,63,COST,COST,Costco Wholesale Corp.,COSTCO WHOLESALE CORP,0.355,OK,1.0,Holdings SPY
2016,64,CL,CL,Colgate-Palmolive Co.,COLGATE PALMOLIVE CO,0.352,OK,1.0,Holdings SPY
2016,65,SPG,SPG,"Simon Property Group, Inc. REIT",SIMON PROPERTY GROUP INC,0.341,OK,0.9,Holdings SPY
2016,66,LOW,LOW,"Lowe’s Cos., Inc.",LOWE S COS INC,0.34,OK,1.0,Holdings SPY
2016,67,TMO,TMO,"Thermo Fisher Scientific, Inc.",THERMO FISHER SCIENTIFIC INC,0.334,OK,1.0,Holdings SPY
2016,68,SIN_TIME_WARNER,,"Time Warner, Inc.",,0.333,SIN_FUENTE,,Holdings SPY
2016,69,ABT,ABT,Abbott Laboratories,ABBOTT LABORATORIES,0.33,OK,1.0,Holdings SPY
2016,70,GS,GS,"Goldman Sachs Group, Inc.",GOLDMAN SACHS GROUP INC,0.325,OK,1.0,Holdings SPY
2016,71,LMT,LMT,Lockheed Martin Corp.,LOCKHEED MARTIN CORP,0.324,OK,1.0,Holdings SPY
2016,72,AIG,AIG,"American International Group, Inc.",AMERICAN INTERNATIONAL GROUP,0.322,OK,1.0,Holdings SPY
2016,73,CHTR,CHTR,"Charter Communications, Inc.Class A",CHARTER COMMUNICATIONS INC A,0.312,OK,1.0,Holdings SPY
2016,74,DD,DD,E.I. du Pont de Nemours & Co.,DUPONT DE NEMOURS INC,0.311,OK,0.93,Holdings SPY
2016,75,CB,CB,"Chubb, Ltd.",CHUBB LTD,0.31,OK,1.0,Holdings SPY
2016,76,SIN_DOW_CHEMICAL,,Dow Chemical Co.,,0.309,SIN_FUENTE,,Holdings SPY
2016,77,NEE,NEE,"NextEra Energy, Inc.",NEXTERA ENERGY INC,0.3,OK,1.0,Holdings SPY
2016,78,OXY,OXY,Occidental Petroleum Corp.,OCCIDENTAL PETROLEUM CORP,0.296,OK,1.0,Holdings SPY
2016,79,DUK,DUK,Duke Energy Corp.,DUKE ENERGY CORP,0.293,OK,1.0,Holdings SPY
2016,80,ADBE,ADBE,"Adobe Systems, Inc.",ADOBE INC,0.289,OK,0.9,Holdings SPY
2016,81,COP,COP,ConocoPhillips,CONOCOPHILLIPS,0.286,OK,1.0,Holdings SPY
2016,82,KHC,KHC,Kraft Heinz Co.,KRAFT HEINZ CO/THE,0.284,OK,1.0,Holdings SPY
2016,83,EOG,EOG,"EOG Resources, Inc.",EOG RESOURCES INC,0.283,OK,1.0,Holdings SPY
2016,84,CAT,CAT,"Caterpillar, Inc.",CATERPILLAR INC,0.276,OK,1.0,Holdings SPY
2016,85,SO,SO,Southern Co.,SOUTHERN CO/THE,0.269,OK,1.0,Holdings SPY
2016,86,AXP,AXP,American Express Co.,AMERICAN EXPRESS CO,0.266,OK,1.0,Holdings SPY
2016,87,TJX,TJX,"TJX Cos., Inc.",TJX COMPANIES INC,0.263,OK,1.0,Holdings SPY
2016,88,MET,MET,"MetLife, Inc.",METLIFE INC,0.26,OK,1.0,Holdings SPY
2016,89,MS,MS,Morgan Stanley,MORGAN STANLEY,0.258,OK,1.0,Holdings SPY
2016,90,AMT,AMT,American Tower Corp. REIT,AMERICAN TOWER CORP,0.256,OK,0.9,Holdings SPY
2016,91,F,F,Ford Motor Co.,FORD MOTOR CO,0.25,OK,1.0,Holdings SPY
2016,92,DHR,DHR,Danaher Corp.,DANAHER CORP,0.25,OK,1.0,Holdings SPY
2016,93,D,D,"Dominion Resources, Inc.",DOMINION ENERGY INC,0.244,MANUAL,,Holdings SPY
2016,94,CRM,CRM,"salesforce.com, Inc.",SALESFORCE INC,0.242,OK,1.0,Holdings SPY
2016,95,PYPL,PYPL,"PayPal Holdings, Inc.",PAYPAL HOLDINGS INC,0.242,OK,1.0,Holdings SPY
2016,96,KMB,KMB,Kimberly-Clark Corp.,KIMBERLY CLARK CORP,0.241,OK,1.0,Holdings SPY
2016,97,PNC,PNC,"PNC Financial Services Group, Inc.",PNC FINANCIAL SERVICES GROUP,0.239,OK,1.0,Holdings SPY
2016,98,KMI,KMI,"Kinder Morgan, Inc.",KINDER MORGAN INC,0.238,OK,1.0,Holdings SPY
2016,99,SIN_MONSANTO,,Monsanto Co.,,0.238,SIN_FUENTE,,Holdings SPY
2016,100,GD,GD,General Dynamics Corp.,GENERAL DYNAMICS CORP,0.237,OK,1.0,Holdings SPY
2017,1,AAPL,AAPL,"Apple, Inc.",APPLE INC,3.688,OK,1.0,Holdings SPY
2017,2,MSFT,MSFT,Microsoft Corp.,MICROSOFT CORP,2.658,OK,1.0,Holdings SPY
2017,3,META,META,"Facebook, Inc. Class A",META PLATFORMS INC CLASS A,1.877,MANUAL,,Holdings SPY
2017,4,AMZN,AMZN,"Amazon.com, Inc.",AMAZON.COM INC,1.776,OK,1.0,Holdings SPY
2017,5,BRK.B,BRK.B,"Berkshire Hathaway, Inc. Class B",BERKSHIRE HATHAWAY INC CL B,1.635,OK,1.0,Holdings SPY
2017,6,JNJ,JNJ,Johnson & Johnson,JOHNSON + JOHNSON,1.617,OK,1.0,Holdings SPY
2017,7,XOM,XOM,Exxon Mobil Corp.,EXXONMOBIL HOLDINGS CORP,1.61,OK,1.0,Holdings SPY
2017,8,JPM,JPM,JPMorgan Chase & Co.,JPMORGAN CHASE + CO,1.557,OK,1.0,Holdings SPY
2017,9,GOOGL,GOOGL,"Alphabet, Inc. Class A",ALPHABET INC CL A,1.343,MANUAL,,Holdings SPY
2017,10,BAC,BAC,Bank of America Corp.,BANK OF AMERICA CORP,1.152,OK,1.0,Holdings SPY
2017,11,WFC,WFC,Wells Fargo & Co.,WELLS FARGO + CO,1.141,OK,1.0,Holdings SPY
2017,12,T,T,"AT&T, Inc.",AT+T INC,1.116,OK,1.0,Holdings SPY
2017,13,PG,PG,Procter & Gamble Co.,PROCTER + GAMBLE CO/THE,1.075,OK,1.0,Holdings SPY
2017,14,CVX,CVX,Chevron Corp.,CHEVRON CORP,1.032,OK,1.0,Holdings SPY
2017,15,PFE,PFE,"Pfizer, Inc.",PFIZER INC,0.987,OK,1.0,Holdings SPY
2017,16,GE,GE,General Electric Co.,GENERAL ELECTRIC,0.97,OK,1.0,Holdings SPY
2017,17,VZ,VZ,"Verizon Communications, Inc.",VERIZON COMMUNICATIONS INC,0.936,OK,1.0,Holdings SPY
2017,18,C,C,"Citigroup, Inc.",CITIGROUP INC,0.918,OK,1.0,Holdings SPY
2017,19,HD,HD,"Home Depot, Inc.",HOME DEPOT INC,0.893,OK,1.0,Holdings SPY
2017,20,V,V,"Visa, Inc. Class A",VISA INC CLASS A SHARES,0.892,OK,1.0,Holdings SPY
2017,21,UNH,UNH,"UnitedHealth Group, Inc.",UNITEDHEALTH GROUP INC,0.877,OK,1.0,Holdings SPY
2017,22,CMCSA,CMCSA,Comcast Corp. Class A,COMCAST CORP CLASS A,0.839,OK,1.0,Holdings SPY
2017,23,INTC,INTC,Intel Corp.,INTEL CORP,0.831,OK,1.0,Holdings SPY
2017,24,MRK,MRK,"Merck & Co., Inc.",MERCK + CO. INC.,0.811,OK,1.0,Holdings SPY
2017,25,KO,KO,Coca-Cola Co.,COCA COLA CO/THE,0.802,MANUAL,,Holdings SPY
2017,26,PM,PM,"Philip Morris International, Inc.",PHILIP MORRIS INTERNATIONAL,0.799,OK,1.0,Holdings SPY
2017,27,CSCO,CSCO,"Cisco Systems, Inc.",CISCO SYSTEMS INC,0.78,OK,1.0,Holdings SPY
2017,28,DD,DD,"DowDuPont, Inc.",DUPONT DE NEMOURS INC,0.749,MANUAL,,Holdings SPY
2017,29,PEP,PEP,"PepsiCo, Inc.",PEPSICO INC,0.738,OK,1.0,Holdings SPY
2017,30,DIS,DIS,Walt Disney Co.,WALT DISNEY CO/THE,0.706,OK,1.0,Holdings SPY
2017,31,ORCL,ORCL,Oracle Corp.,ORACLE CORP,0.677,OK,1.0,Holdings SPY
2017,32,ABBV,ABBV,"AbbVie, Inc.",ABBVIE INC,0.656,OK,1.0,Holdings SPY
2017,33,BA,BA,Boeing Co.,BOEING CO/THE,0.654,OK,1.0,Holdings SPY
2017,34,AMGN,AMGN,"Amgen, Inc.",AMGEN INC,0.63,OK,1.0,Holdings SPY
2017,35,MA,MA,"Mastercard, Inc. Class A",MASTERCARD INC   A,0.611,OK,1.0,Holdings SPY
2017,36,MCD,MCD,McDonald’s Corp.,MCDONALD S CORP,0.588,OK,1.0,Holdings SPY
2017,37,IBM,IBM,International Business Machines Corp.,INTL BUSINESS MACHINES CORP,0.583,OK,0.83,Holdings SPY
2017,38,MMM,MMM,3M Co.,3M CO,0.581,OK,1.0,Holdings SPY
2017,39,MO,MO,"Altria Group, Inc.",ALTRIA GROUP INC,0.564,OK,1.0,Holdings SPY
2017,40,WMT,WMT,"Wal-MartStores, Inc.",WALMART INC,0.53,MANUAL,,Holdings SPY
2017,41,SIN_CELGENE,,Celgene Corp.,,0.528,SIN_FUENTE,,Holdings SPY
2017,42,HON,HON,"Honeywell International, Inc.",HONEYWELL INTERNATIONAL INC,0.501,OK,1.0,Holdings SPY
2017,43,NVDA,NVDA,NVIDIA Corp.,NVIDIA CORP,0.497,OK,1.0,Holdings SPY
2017,44,GILD,GILD,"Gilead Sciences, Inc.",GILEAD SCIENCES INC,0.49,OK,1.0,Holdings SPY
2017,45,MDT,MDT,Medtronic PLC,MEDTRONIC PLC,0.488,OK,1.0,Holdings SPY
2017,46,BMY,BMY,Bristol-Myers Squibb Co.,BRISTOL MYERS SQUIBB CO,0.484,OK,1.0,Holdings SPY
2017,47,AVGO,AVGO,"Broadcom, Ltd.",BROADCOM INC,0.457,OK,1.0,Holdings SPY
2017,48,SLB,SLB,"Schlumberger, Ltd.",SLB LTD,0.45,MANUAL,,Holdings SPY
2017,49,UNP,UNP,Union Pacific Corp.,UNION PACIFIC CORP,0.43,OK,1.0,Holdings SPY
2017,50,ABT,ABT,Abbott Laboratories,ABBOTT LABORATORIES,0.429,OK,1.0,Holdings SPY
2017,51,BKNG,BKNG,"Priceline Group, Inc.",BOOKING HOLDINGS INC,0.417,MANUAL,,Holdings SPY
2017,52,TXN,TXN,"Texas Instruments, Inc.",TEXAS INSTRUMENTS INC,0.411,OK,1.0,Holdings SPY
2017,53,RTX,RTX,United Technologies Corp.,RTX CORP,0.4,MANUAL,,Holdings SPY
2017,54,GS,GS,"Goldman Sachs Group, Inc.",GOLDMAN SACHS GROUP INC,0.395,OK,1.0,Holdings SPY
2017,55,USB,USB,US Bancorp,US BANCORP,0.395,OK,1.0,Holdings SPY
2017,56,ACN,ACN,Accenture PLC Class A,ACCENTURE PLC CL A,0.387,OK,1.0,Holdings SPY
2017,57,LLY,LLY,Eli Lilly & Co.,ELI LILLY + CO,0.385,OK,1.0,Holdings SPY
2017,58,CVS,CVS,CVS Health Corp.,CVS HEALTH CORP,0.384,OK,1.0,Holdings SPY
2017,59,UPS,UPS,"United Parcel Service, Inc. Class B",UNITED PARCEL SERVICE CL B,0.382,OK,1.0,Holdings SPY
2017,60,SIN_TIME_WARNER,,"Time Warner, Inc.",,0.367,SIN_FUENTE,,Holdings SPY
2017,61,NFLX,NFLX,"Netflix, Inc.",NETFLIX INC,0.361,OK,1.0,Holdings SPY
2017,62,SBUX,SBUX,Starbucks Corp.,STARBUCKS CORP,0.36,OK,1.0,Holdings SPY
2017,63,LMT,LMT,Lockheed Martin Corp.,LOCKHEED MARTIN CORP,0.359,OK,1.0,Holdings SPY
2017,64,QCOM,QCOM,"QUALCOMM, Inc.",QUALCOMM INC,0.355,OK,1.0,Holdings SPY
2017,65,TMO,TMO,"Thermo Fisher Scientific, Inc.",THERMO FISHER SCIENTIFIC INC,0.351,OK,1.0,Holdings SPY
2017,66,ADBE,ADBE,"Adobe Systems, Inc.",ADOBE INC,0.342,OK,0.9,Holdings SPY
2017,67,CAT,CAT,"Caterpillar, Inc.",CATERPILLAR INC,0.341,OK,1.0,Holdings SPY
2017,68,CHTR,CHTR,"Charter Communications, Inc. Class A",CHARTER COMMUNICATIONS INC A,0.338,OK,1.0,Holdings SPY
2017,69,PYPL,PYPL,"PayPal Holdings, Inc.",PAYPAL HOLDINGS INC,0.335,OK,1.0,Holdings SPY
2017,70,COST,COST,Costco Wholesale Corp.,COSTCO WHOLESALE CORP,0.334,OK,1.0,Holdings SPY
2017,71,SIN_WALGREENS_BOOTS_ALLIANCE,,"Walgreens Boots Alliance, Inc.",,0.33,SIN_FUENTE,,Holdings SPY
2017,72,SIN_ALLERGAN,,Allergan PLC,,0.319,SIN_FUENTE,,Holdings SPY
2017,73,NEE,NEE,"NextEra Energy, Inc.",NEXTERA ENERGY INC,0.318,OK,1.0,Holdings SPY
2017,74,NKE,NKE,"NIKE, Inc. Class B",NIKE INC  CL B,0.316,OK,1.0,Holdings SPY
2017,75,MS,MS,Morgan Stanley,MORGAN STANLEY,0.316,OK,1.0,Holdings SPY
2017,76,LOW,LOW,"Lowe’s Cos., Inc.",LOWE S COS INC,0.313,OK,1.0,Holdings SPY
2017,77,BIIB,BIIB,"Biogen, Inc.",BIOGEN INC,0.307,OK,1.0,Holdings SPY
2017,78,CB,CB,"Chubb, Ltd.",CHUBB LTD,0.307,OK,1.0,Holdings SPY
2017,79,AXP,AXP,American Express Co.,AMERICAN EXPRESS CO,0.307,OK,1.0,Holdings SPY
2017,80,PNC,PNC,"PNC Financial Services Group, Inc.",PNC FINANCIAL SERVICES GROUP,0.299,OK,1.0,Holdings SPY
2017,81,CL,CL,Colgate-Palmolive Co.,COLGATE PALMOLIVE CO,0.298,OK,1.0,Holdings SPY
2017,82,CRM,CRM,"salesforce.com, Inc.",SALESFORCE INC,0.296,OK,1.0,Holdings SPY
2017,83,MDLZ,MDLZ,"Mondelez International, Inc. Class A",MONDELEZ INTERNATIONAL INC A,0.284,OK,1.0,Holdings SPY
2017,84,COP,COP,ConocoPhillips,CONOCOPHILLIPS,0.282,OK,1.0,Holdings SPY
2017,85,DUK,DUK,Duke Energy Corp.,DUKE ENERGY CORP,0.272,OK,1.0,Holdings SPY
2017,86,AMT,AMT,American Tower Corp. REIT,AMERICAN TOWER CORP,0.27,OK,0.9,Holdings SPY
2017,87,GD,GD,General Dynamics Corp.,GENERAL DYNAMICS CORP,0.265,OK,1.0,Holdings SPY
2017,88,EOG,EOG,"EOG Resources, Inc.",EOG RESOURCES INC,0.259,OK,1.0,Holdings SPY
2017,89,AMAT,AMAT,"Applied Materials, Inc.",APPLIED MATERIALS INC,0.257,OK,1.0,Holdings SPY
2017,90,BLK,BLK,"BlackRock, Inc.",BLACKROCK INC,0.257,OK,1.0,Holdings SPY
2017,91,AIG,AIG,"American International Group, Inc.",AMERICAN INTERNATIONAL GROUP,0.257,OK,1.0,Holdings SPY
2017,92,MET,MET,"MetLife, Inc.",METLIFE INC,0.256,OK,1.0,Holdings SPY
2017,93,FDX,FDX,FedEx Corp.,FEDEX CORP,0.256,OK,1.0,Holdings SPY
2017,94,BNY,BNY,Bank of New York Mellon Corp.,BANK OF NEW YORK MELLON CORP,0.255,MANUAL,,Holdings SPY
2017,95,SIN_RAYTHEON,,Raytheon Co.,,0.253,SIN_FUENTE,,Holdings SPY
2017,96,GM,GM,General Motors Co.,GENERAL MOTORS CO,0.245,OK,1.0,Holdings SPY
2017,97,SIN_MONSANTO,,Monsanto Co.,,0.244,SIN_FUENTE,,Holdings SPY
2017,98,SIN_AETNA,,"Aetna, Inc.",,0.244,SIN_FUENTE,,Holdings SPY
2017,99,DHR,DHR,Danaher Corp.,DANAHER CORP,0.242,OK,1.0,Holdings SPY
2017,100,SCHW,SCHW,Charles Schwab Corp.,SCHWAB (CHARLES) CORP,0.241,OK,0.9,Holdings SPY
2018,1,AAPL,AAPL,"Apple, Inc.",APPLE INC,4.211,OK,1.0,Holdings SPY
2018,2,MSFT,MSFT,Microsoft Corp.,MICROSOFT CORP,3.567,OK,1.0,Holdings SPY
2018,3,AMZN,AMZN,"Amazon.com, Inc.",AMAZON.COM INC,3.339,OK,1.0,Holdings SPY
2018,4,BRK.B,BRK.B,"Berkshire Hathaway, Inc. Class B",BERKSHIRE HATHAWAY INC CL B,1.698,OK,1.0,Holdings SPY
2018,5,META,META,"Facebook, Inc. Class A",META PLATFORMS INC CLASS A,1.613,MANUAL,,Holdings SPY
2018,6,JPM,JPM,JPMorgan Chase & Co.,JPMORGAN CHASE + CO,1.542,OK,1.0,Holdings SPY
2018,7,JNJ,JNJ,Johnson & Johnson,JOHNSON + JOHNSON,1.508,OK,1.0,Holdings SPY
2018,8,GOOGL,GOOGL,"Alphabet, Inc. Class C",ALPHABET INC CL A,1.495,MANUAL,,Holdings SPY
2018,9,XOM,XOM,Exxon Mobil Corp.,EXXONMOBIL HOLDINGS CORP,1.464,OK,1.0,Holdings SPY
2018,10,BAC,BAC,Bank of America Corp.,BANK OF AMERICA CORP,1.113,OK,1.0,Holdings SPY
2018,11,V,V,"Visa, Inc. Class A",VISA INC CLASS A SHARES,1.085,OK,1.0,Holdings SPY
2018,12,PFE,PFE,"Pfizer, Inc.",PFIZER INC,1.051,OK,1.0,Holdings SPY
2018,13,UNH,UNH,"UnitedHealth Group, Inc.",UNITEDHEALTH GROUP INC,1.042,OK,1.0,Holdings SPY
2018,14,T,T,"AT&T, Inc.",AT+T INC,0.992,OK,1.0,Holdings SPY
2018,15,HD,HD,"Home Depot, Inc.",HOME DEPOT INC,0.964,OK,1.0,Holdings SPY
2018,16,CVX,CVX,Chevron Corp.,CHEVRON CORP,0.953,OK,1.0,Holdings SPY
2018,17,WFC,WFC,Wells Fargo & Co.,WELLS FARGO + CO,0.927,OK,1.0,Holdings SPY
2018,18,CSCO,CSCO,"Cisco Systems, Inc.",CISCO SYSTEMS INC,0.904,OK,1.0,Holdings SPY
2018,19,VZ,VZ,"Verizon Communications, Inc.",VERIZON COMMUNICATIONS INC,0.897,OK,1.0,Holdings SPY
2018,20,INTC,INTC,Intel Corp.,INTEL CORP,0.887,OK,1.0,Holdings SPY
2018,21,PG,PG,Procter & Gamble Co.,PROCTER + GAMBLE CO/THE,0.843,OK,1.0,Holdings SPY
2018,22,MA,MA,"Mastercard, Inc. Class A",MASTERCARD INC   A,0.826,OK,1.0,Holdings SPY
2018,23,BA,BA,Boeing Co.,BOEING CO/THE,0.808,OK,1.0,Holdings SPY
2018,24,MRK,MRK,"Merck & Co., Inc.",MERCK + CO. INC.,0.767,OK,1.0,Holdings SPY
2018,25,C,C,"Citigroup, Inc.",CITIGROUP INC,0.734,OK,1.0,Holdings SPY
2018,26,KO,KO,Coca-Cola Co.,COCA COLA CO/THE,0.719,MANUAL,,Holdings SPY
2018,27,DIS,DIS,Walt Disney Co.,WALT DISNEY CO/THE,0.707,OK,1.0,Holdings SPY
2018,28,NVDA,NVDA,NVIDIA Corp.,NVIDIA CORP,0.695,OK,1.0,Holdings SPY
2018,29,NFLX,NFLX,"Netflix, Inc.",NETFLIX INC,0.663,OK,1.0,Holdings SPY
2018,30,CMCSA,CMCSA,Comcast Corp. Class A,COMCAST CORP CLASS A,0.658,OK,1.0,Holdings SPY
2018,31,PEP,PEP,"PepsiCo, Inc.",PEPSICO INC,0.643,OK,1.0,Holdings SPY
2018,32,DD,DD,"DowDuPont, Inc.",DUPONT DE NEMOURS INC,0.604,MANUAL,,Holdings SPY
2018,33,ORCL,ORCL,Oracle Corp.,ORACLE CORP,0.593,OK,1.0,Holdings SPY
2018,34,ABBV,ABBV,"AbbVie, Inc.",ABBVIE INC,0.583,OK,1.0,Holdings SPY
2018,35,IBM,IBM,International Business Machines Corp.,INTL BUSINESS MACHINES CORP,0.562,OK,0.83,Holdings SPY
2018,36,WMT,WMT,"Walmart, Inc.",WALMART INC,0.549,OK,1.0,Holdings SPY
2018,37,AMGN,AMGN,"Amgen, Inc.",AMGEN INC,0.546,OK,1.0,Holdings SPY
2018,38,MDT,MDT,Medtronic PLC,MEDTRONIC PLC,0.54,OK,1.0,Holdings SPY
2018,39,ADBE,ADBE,"Adobe Systems, Inc.",ADOBE INC,0.538,OK,0.9,Holdings SPY
2018,40,MCD,MCD,McDonald’s Corp.,MCDONALD S CORP,0.528,OK,1.0,Holdings SPY
2018,41,ABT,ABT,Abbott Laboratories,ABBOTT LABORATORIES,0.524,OK,1.0,Holdings SPY
2018,42,PM,PM,"Philip Morris International, Inc.",PHILIP MORRIS INTERNATIONAL,0.516,OK,1.0,Holdings SPY
2018,43,HON,HON,"Honeywell International, Inc.",HONEYWELL INTERNATIONAL INC,0.504,OK,1.0,Holdings SPY
2018,44,MMM,MMM,3M Co.,3M CO,0.503,OK,1.0,Holdings SPY
2018,45,CRM,CRM,"salesforce.com, Inc.",SALESFORCE INC,0.49,OK,1.0,Holdings SPY
2018,46,UNP,UNP,Union Pacific Corp.,UNION PACIFIC CORP,0.49,OK,1.0,Holdings SPY
2018,47,MO,MO,"Altria Group, Inc.",ALTRIA GROUP INC,0.462,OK,1.0,Holdings SPY
2018,48,ACN,ACN,Accenture PLC Class A,ACCENTURE PLC CL A,0.443,OK,1.0,Holdings SPY
2018,49,NKE,NKE,"NIKE, Inc. Class B",NIKE INC  CL B,0.441,OK,1.0,Holdings SPY
2018,50,AVGO,AVGO,"Broadcom, Inc.",BROADCOM INC,0.434,OK,1.0,Holdings SPY
2018,51,RTX,RTX,United Technologies Corp.,RTX CORP,0.428,MANUAL,,Holdings SPY
2018,52,TXN,TXN,"Texas Instruments, Inc.",TEXAS INSTRUMENTS INC,0.425,OK,1.0,Holdings SPY
2018,53,PYPL,PYPL,"PayPal Holdings, Inc.",PAYPAL HOLDINGS INC,0.423,OK,1.0,Holdings SPY
2018,54,COST,COST,Costco Wholesale Corp.,COSTCO WHOLESALE CORP,0.419,OK,1.0,Holdings SPY
2018,55,LLY,LLY,Eli Lilly & Co.,ELI LILLY + CO,0.417,OK,1.0,Holdings SPY
2018,56,QCOM,QCOM,"QUALCOMM, Inc.",QUALCOMM INC,0.412,OK,1.0,Holdings SPY
2018,57,BMY,BMY,Bristol-Myers Squibb Co.,BRISTOL MYERS SQUIBB CO,0.412,OK,1.0,Holdings SPY
2018,58,GILD,GILD,"Gilead Sciences, Inc.",GILEAD SCIENCES INC,0.407,OK,1.0,Holdings SPY
2018,59,TMO,TMO,"Thermo Fisher Scientific, Inc.",THERMO FISHER SCIENTIFIC INC,0.4,OK,1.0,Holdings SPY
2018,60,GE,GE,General Electric Co.,GENERAL ELECTRIC,0.399,OK,1.0,Holdings SPY
2018,61,BKNG,BKNG,"Booking Holdings, Inc.",BOOKING HOLDINGS INC,0.383,OK,1.0,Holdings SPY
2018,62,LOW,LOW,"Lowe’s Cos., Inc.",LOWE S COS INC,0.379,OK,1.0,Holdings SPY
2018,63,CAT,CAT,"Caterpillar, Inc.",CATERPILLAR INC,0.369,OK,1.0,Holdings SPY
2018,64,COP,COP,ConocoPhillips,CONOCOPHILLIPS,0.366,OK,1.0,Holdings SPY
2018,65,LMT,LMT,Lockheed Martin Corp.,LOCKHEED MARTIN CORP,0.348,OK,1.0,Holdings SPY
2018,66,SLB,SLB,"Schlumberger, Ltd.",SLB LTD,0.343,MANUAL,,Holdings SPY
2018,67,USB,USB,US Bancorp,US BANCORP,0.329,OK,1.0,Holdings SPY
2018,68,UPS,UPS,"United Parcel Service, Inc. Class B",UNITED PARCEL SERVICE CL B,0.329,OK,1.0,Holdings SPY
2018,69,CVS,CVS,CVS Health Corp.,CVS HEALTH CORP,0.326,OK,1.0,Holdings SPY
2018,70,NEE,NEE,"NextEra Energy, Inc.",NEXTERA ENERGY INC,0.322,OK,1.0,Holdings SPY
2018,71,GS,GS,"Goldman Sachs Group, Inc.",GOLDMAN SACHS GROUP INC,0.32,OK,1.0,Holdings SPY
2018,72,SBUX,SBUX,Starbucks Corp.,STARBUCKS CORP,0.312,OK,1.0,Holdings SPY
2018,73,AXP,AXP,American Express Co.,AMERICAN EXPRESS CO,0.306,OK,1.0,Holdings SPY
2018,74,EOG,EOG,"EOG Resources, Inc.",EOG RESOURCES INC,0.301,OK,1.0,Holdings SPY
2018,75,ELV,ELV,"Anthem, Inc.",ELEVANCE HEALTH INC,0.29,MANUAL,,Holdings SPY
2018,76,BIIB,BIIB,"Biogen, Inc.",BIOGEN INC,0.289,OK,1.0,Holdings SPY
2018,77,TJX,TJX,"TJX Cos., Inc.",TJX COMPANIES INC,0.285,OK,1.0,Holdings SPY
2018,78,BDX,BDX,Becton Dickinson and Co.,BECTON DICKINSON AND CO,0.284,OK,1.0,Holdings SPY
2018,79,DHR,DHR,Danaher Corp.,DANAHER CORP,0.272,OK,1.0,Holdings SPY
2018,80,SIN_AETNA,,"Aetna, Inc.",,0.27,SIN_FUENTE,,Holdings SPY
2018,81,ADP,ADP,"Automatic Data Processing, Inc.",AUTOMATIC DATA PROCESSING,0.269,OK,1.0,Holdings SPY
2018,82,ISRG,ISRG,"Intuitive Surgical, Inc.",INTUITIVE SURGICAL INC,0.266,OK,1.0,Holdings SPY
2018,83,AMT,AMT,American Tower Corp. REIT,AMERICAN TOWER CORP,0.26,OK,0.9,Holdings SPY
2018,84,SIN_ACTIVISION_BLIZZARD,,"Activision Blizzard, Inc.",,0.258,SIN_FUENTE,,Holdings SPY
2018,85,PNC,PNC,"PNC Financial Services Group, Inc.",PNC FINANCIAL SERVICES GROUP,0.257,OK,1.0,Holdings SPY
2018,86,SIN_CELGENE,,Celgene Corp.,,0.256,SIN_FUENTE,,Holdings SPY
2018,87,MDLZ,MDLZ,"Mondelez International, Inc. Class A",MONDELEZ INTERNATIONAL INC A,0.256,OK,1.0,Holdings SPY
2018,88,OXY,OXY,Occidental Petroleum Corp.,OCCIDENTAL PETROLEUM CORP,0.255,OK,1.0,Holdings SPY
2018,89,CB,CB,"Chubb, Ltd.",CHUBB LTD,0.252,OK,1.0,Holdings SPY
2018,90,SIN_WALGREENS_BOOTS_ALLIANCE,,"Walgreens Boots Alliance, Inc.",,0.252,SIN_FUENTE,,Holdings SPY
2018,91,MS,MS,Morgan Stanley,MORGAN STANLEY,0.251,OK,1.0,Holdings SPY
2018,92,SIN_ALLERGAN,,Allergan PLC,,0.247,SIN_FUENTE,,Holdings SPY
2018,93,CSX,CSX,CSX Corp.,CSX CORP,0.246,OK,1.0,Holdings SPY
2018,94,SIN_RAYTHEON,,Raytheon Co.,,0.24,SIN_FUENTE,,Holdings SPY
2018,95,SCHW,SCHW,Charles Schwab Corp.,SCHWAB (CHARLES) CORP,0.24,OK,0.9,Holdings SPY
2018,96,FDX,FDX,FedEx Corp.,FEDEX CORP,0.239,OK,1.0,Holdings SPY
2018,97,INTU,INTU,"Intuit, Inc.",INTUIT INC,0.239,OK,1.0,Holdings SPY
2018,98,CHTR,CHTR,"Charter Communications, Inc. Class A",CHARTER COMMUNICATIONS INC A,0.237,OK,1.0,Holdings SPY
2018,99,CL,CL,Colgate-Palmolive Co.,COLGATE PALMOLIVE CO,0.237,OK,1.0,Holdings SPY
2018,100,CME,CME,"CME Group, Inc.",CME GROUP INC,0.236,OK,1.0,Holdings SPY
2019,1,MSFT,MSFT,Microsoft Corp.,MICROSOFT CORP,4.297,OK,1.0,Holdings SPY
2019,2,AAPL,AAPL,"Apple, Inc.",APPLE INC,3.852,OK,1.0,Holdings SPY
2019,3,AMZN,AMZN,"Amazon.com, Inc.",AMAZON.COM INC,2.92,OK,1.0,Holdings SPY
2019,4,META,META,"Facebook, Inc. Class A",META PLATFORMS INC CLASS A,1.734,MANUAL,,Holdings SPY
2019,5,BRK.B,BRK.B,"Berkshire Hathaway, Inc. Class B",BERKSHIRE HATHAWAY INC CL B,1.651,OK,1.0,Holdings SPY
2019,6,JPM,JPM,JPMorgan Chase & Co.,JPMORGAN CHASE + CO,1.523,OK,1.0,Holdings SPY
2019,7,GOOGL,GOOGL,"Alphabet, Inc. Class C",ALPHABET INC CL A,1.491,MANUAL,,Holdings SPY
2019,8,JNJ,JNJ,Johnson & Johnson,JOHNSON + JOHNSON,1.382,OK,1.0,Holdings SPY
2019,9,PG,PG,Procter & Gamble Co.,PROCTER + GAMBLE CO/THE,1.26,OK,1.0,Holdings SPY
2019,10,XOM,XOM,Exxon Mobil Corp.,EXXONMOBIL HOLDINGS CORP,1.209,OK,1.0,Holdings SPY
2019,11,V,V,"Visa, Inc. Class A",VISA INC CLASS A SHARES,1.203,OK,1.0,Holdings SPY
2019,12,T,T,"AT&T, Inc.",AT+T INC,1.119,OK,1.0,Holdings SPY
2019,13,HD,HD,"Home Depot, Inc.",HOME DEPOT INC,1.03,OK,1.0,Holdings SPY
2019,14,VZ,VZ,"Verizon Communications, Inc.",VERIZON COMMUNICATIONS INC,1.011,OK,1.0,Holdings SPY
2019,15,BAC,BAC,Bank of America Corp.,BANK OF AMERICA CORP,0.989,OK,1.0,Holdings SPY
2019,16,MA,MA,"Mastercard, Inc. Class A",MASTERCARD INC   A,0.982,OK,1.0,Holdings SPY
2019,17,DIS,DIS,Walt Disney Co.,WALT DISNEY CO/THE,0.95,OK,1.0,Holdings SPY
2019,18,INTC,INTC,Intel Corp.,INTEL CORP,0.924,OK,1.0,Holdings SPY
2019,19,CVX,CVX,Chevron Corp.,CHEVRON CORP,0.911,OK,1.0,Holdings SPY
2019,20,MRK,MRK,"Merck & Co., Inc.",MERCK + CO. INC.,0.873,OK,1.0,Holdings SPY
2019,21,CSCO,CSCO,"Cisco Systems, Inc.",CISCO SYSTEMS INC,0.849,OK,1.0,Holdings SPY
2019,22,KO,KO,Coca-Cola Co.,COCA COLA CO/THE,0.848,MANUAL,,Holdings SPY
2019,23,UNH,UNH,"UnitedHealth Group, Inc.",UNITEDHEALTH GROUP INC,0.833,OK,1.0,Holdings SPY
2019,24,CMCSA,CMCSA,Comcast Corp. Class A,COMCAST CORP CLASS A,0.828,OK,1.0,Holdings SPY
2019,25,BA,BA,Boeing Co.,BOEING CO/THE,0.823,OK,1.0,Holdings SPY
2019,26,WFC,WFC,Wells Fargo & Co.,WELLS FARGO + CO,0.819,OK,1.0,Holdings SPY
2019,27,PFE,PFE,"Pfizer, Inc.",PFIZER INC,0.805,OK,1.0,Holdings SPY
2019,28,PEP,PEP,"PepsiCo, Inc.",PEPSICO INC,0.776,OK,1.0,Holdings SPY
2019,29,WMT,WMT,"Walmart, Inc.",WALMART INC,0.683,OK,1.0,Holdings SPY
2019,30,MCD,MCD,McDonald’s Corp.,MCDONALD S CORP,0.66,OK,1.0,Holdings SPY
2019,31,C,C,"Citigroup, Inc.",CITIGROUP INC,0.632,OK,1.0,Holdings SPY
2019,32,ABT,ABT,Abbott Laboratories,ABBOTT LABORATORIES,0.599,OK,1.0,Holdings SPY
2019,33,MDT,MDT,Medtronic PLC,MEDTRONIC PLC,0.59,OK,1.0,Holdings SPY
2019,34,ADBE,ADBE,"Adobe Systems, Inc.",ADOBE INC,0.544,OK,0.9,Holdings SPY
2019,35,CRM,CRM,"salesforce.com, Inc.",SALESFORCE INC,0.527,OK,1.0,Holdings SPY
2019,36,IBM,IBM,International Business Machines Corp.,INTL BUSINESS MACHINES CORP,0.522,OK,0.83,Holdings SPY
2019,37,COST,COST,Costco Wholesale Corp.,COSTCO WHOLESALE CORP,0.513,OK,1.0,Holdings SPY
2019,38,ACN,ACN,Accenture PLC Class A,ACCENTURE PLC CL A,0.495,OK,1.0,Holdings SPY
2019,39,PYPL,PYPL,"PayPal Holdings, Inc.",PAYPAL HOLDINGS INC,0.493,OK,1.0,Holdings SPY
2019,40,HON,HON,"Honeywell International, Inc.",HONEYWELL INTERNATIONAL INC,0.493,OK,1.0,Holdings SPY
2019,41,ORCL,ORCL,Oracle Corp.,ORACLE CORP,0.49,OK,1.0,Holdings SPY
2019,42,TXN,TXN,"Texas Instruments, Inc.",TEXAS INSTRUMENTS INC,0.489,OK,1.0,Holdings SPY
2019,43,PM,PM,"Philip Morris International, Inc.",PHILIP MORRIS INTERNATIONAL,0.478,OK,1.0,Holdings SPY
2019,44,NKE,NKE,"NIKE, Inc. Class B",NIKE INC  CL B,0.476,OK,1.0,Holdings SPY
2019,45,NFLX,NFLX,"Netflix, Inc.",NETFLIX INC,0.474,OK,1.0,Holdings SPY
2019,46,TMO,TMO,"Thermo Fisher Scientific, Inc.",THERMO FISHER SCIENTIFIC INC,0.472,OK,1.0,Holdings SPY
2019,47,AMGN,AMGN,"Amgen, Inc.",AMGEN INC,0.47,OK,1.0,Holdings SPY
2019,48,UNP,UNP,Union Pacific Corp.,UNION PACIFIC CORP,0.463,OK,1.0,Holdings SPY
2019,49,NEE,NEE,"NextEra Energy, Inc.",NEXTERA ENERGY INC,0.461,OK,1.0,Holdings SPY
2019,50,ABBV,ABBV,"AbbVie, Inc.",ABBVIE INC,0.452,OK,1.0,Holdings SPY
2019,51,RTX,RTX,United Technologies Corp.,RTX CORP,0.447,MANUAL,,Holdings SPY
2019,52,AVGO,AVGO,"Broadcom, Inc.",BROADCOM INC,0.445,OK,1.0,Holdings SPY
2019,53,NVDA,NVDA,NVIDIA Corp.,NVIDIA CORP,0.428,OK,1.0,Holdings SPY
2019,54,SBUX,SBUX,Starbucks Corp.,STARBUCKS CORP,0.428,OK,1.0,Holdings SPY
2019,55,LIN,LIN,Linde PLC,LINDE PLC,0.424,OK,1.0,Holdings SPY
2019,56,AMT,AMT,American Tower Corp. REIT,AMERICAN TOWER CORP,0.396,OK,0.9,Holdings SPY
2019,57,LMT,LMT,Lockheed Martin Corp.,LOCKHEED MARTIN CORP,0.392,OK,1.0,Holdings SPY
2019,58,LLY,LLY,Eli Lilly & Co.,ELI LILLY + CO,0.385,OK,1.0,Holdings SPY
2019,59,MMM,MMM,3M Co.,3M CO,0.383,OK,1.0,Holdings SPY
2019,60,QCOM,QCOM,"QUALCOMM, Inc.",QUALCOMM INC,0.374,OK,1.0,Holdings SPY
2019,61,DHR,DHR,Danaher Corp.,DANAHER CORP,0.373,OK,1.0,Holdings SPY
2019,62,LOW,LOW,"Lowe’s Cos., Inc.",LOWE S COS INC,0.344,OK,1.0,Holdings SPY
2019,63,UPS,UPS,"United Parcel Service, Inc. Class B",UNITED PARCEL SERVICE CL B,0.339,OK,1.0,Holdings SPY
2019,64,BKNG,BKNG,"Booking Holdings, Inc.",BOOKING HOLDINGS INC,0.338,OK,1.0,Holdings SPY
2019,65,BMY,BMY,Bristol-Myers Squibb Co.,BRISTOL MYERS SQUIBB CO,0.335,OK,1.0,Holdings SPY
2019,66,CVS,CVS,CVS Health Corp.,CVS HEALTH CORP,0.332,OK,1.0,Holdings SPY
2019,67,FIS,FIS,"Fidelity National Information Services, Inc.",FIDELITY NATIONAL INFO SERV,0.33,OK,0.83,Holdings SPY
2019,68,AXP,AXP,American Express Co.,AMERICAN EXPRESS CO,0.327,OK,1.0,Holdings SPY
2019,69,GILD,GILD,"Gilead Sciences, Inc.",GILEAD SCIENCES INC,0.325,OK,1.0,Holdings SPY
2019,70,MDLZ,MDLZ,"Mondelez International, Inc. Class A",MONDELEZ INTERNATIONAL INC A,0.323,OK,1.0,Holdings SPY
2019,71,USB,USB,US Bancorp,US BANCORP,0.321,OK,1.0,Holdings SPY
2019,72,GE,GE,General Electric Co.,GENERAL ELECTRIC,0.315,OK,1.0,Holdings SPY
2019,73,MO,MO,"Altria Group, Inc.",ALTRIA GROUP INC,0.309,OK,1.0,Holdings SPY
2019,74,CME,CME,"CME Group, Inc.",CME GROUP INC,0.305,OK,1.0,Holdings SPY
2019,75,CB,CB,"Chubb, Ltd.",CHUBB LTD,0.298,OK,1.0,Holdings SPY
2019,76,CAT,CAT,"Caterpillar, Inc.",CATERPILLAR INC,0.288,OK,1.0,Holdings SPY
2019,77,SIN_CELGENE,,Celgene Corp.,,0.285,SIN_FUENTE,,Holdings SPY
2019,78,ADP,ADP,"Automatic Data Processing, Inc.",AUTOMATIC DATA PROCESSING,0.284,OK,1.0,Holdings SPY
2019,79,DUK,DUK,Duke Energy Corp.,DUKE ENERGY CORP,0.282,OK,1.0,Holdings SPY
2019,80,SYK,SYK,Stryker Corp.,STRYKER CORP,0.281,OK,1.0,Holdings SPY
2019,81,INTU,INTU,"Intuit, Inc.",INTUIT INC,0.28,OK,1.0,Holdings SPY
2019,82,BDX,BDX,Becton Dickinson and Co.,BECTON DICKINSON AND CO,0.275,OK,1.0,Holdings SPY
2019,83,TJX,TJX,"TJX Cos., Inc.",TJX COMPANIES INC,0.273,OK,1.0,Holdings SPY
2019,84,GS,GS,"Goldman Sachs Group, Inc.",GOLDMAN SACHS GROUP INC,0.271,OK,1.0,Holdings SPY
2019,85,CHTR,CHTR,"Charter Communications, Inc. Class A",CHARTER COMMUNICATIONS INC A,0.27,OK,1.0,Holdings SPY
2019,86,D,D,"Dominion Energy, Inc.",DOMINION ENERGY INC,0.27,OK,1.0,Holdings SPY
2019,87,SO,SO,Southern Co.,SOUTHERN CO/THE,0.261,OK,1.0,Holdings SPY
2019,88,COP,COP,ConocoPhillips,CONOCOPHILLIPS,0.256,OK,1.0,Holdings SPY
2019,89,CL,CL,Colgate-Palmolive Co.,COLGATE PALMOLIVE CO,0.255,OK,1.0,Holdings SPY
2019,90,PNC,PNC,"PNC Financial Services Group, Inc.",PNC FINANCIAL SERVICES GROUP,0.253,OK,1.0,Holdings SPY
2019,91,ISRG,ISRG,"Intuitive Surgical, Inc.",INTUITIVE SURGICAL INC,0.251,OK,1.0,Holdings SPY
2019,92,ELV,ELV,"Anthem, Inc.",ELEVANCE HEALTH INC,0.249,MANUAL,,Holdings SPY
2019,93,SPGI,SPGI,"S&P Global, Inc.",S+P GLOBAL INC,0.243,OK,1.0,Holdings SPY
2019,94,ZTS,ZTS,"Zoetis, Inc.",ZOETIS INC,0.24,OK,1.0,Holdings SPY
2019,95,NOC,NOC,Northrop Grumman Corp.,NORTHROP GRUMMAN CORP,0.239,OK,1.0,Holdings SPY
2019,96,FISV,FISV,"Fiserv, Inc.",FISERV INC,0.238,OK,1.0,Holdings SPY
2019,97,CCI,CCI,Crown Castle International Corp. REIT,CROWN CASTLE INC,0.233,OK,0.9,Holdings SPY
2019,98,CI,CI,Cigna Corp.,THE CIGNA GROUP,0.232,OK,1.0,Holdings SPY
2019,99,BSX,BSX,Boston Scientific Corp.,BOSTON SCIENTIFIC CORP,0.228,OK,1.0,Holdings SPY
2019,100,CSX,CSX,CSX Corp.,CSX CORP,0.224,OK,1.0,Holdings SPY
2020,1,AAPL,AAPL,"Apple, Inc.",APPLE INC,6.681,OK,1.0,Holdings SPY
2020,2,MSFT,MSFT,Microsoft Corp.,MICROSOFT CORP,5.712,OK,1.0,Holdings SPY
2020,3,AMZN,AMZN,"Amazon.com, Inc.",AMAZON.COM INC,4.811,OK,1.0,Holdings SPY
2020,4,META,META,"Facebook, Inc. Class A",META PLATFORMS INC CLASS A,2.26,MANUAL,,Holdings SPY
2020,5,GOOGL,GOOGL,"Alphabet, Inc. Class A",ALPHABET INC CL A,1.58,MANUAL,,Holdings SPY
2020,6,BRK.B,BRK.B,"Berkshire Hathaway, Inc. Class B",BERKSHIRE HATHAWAY INC CL B,1.515,OK,1.0,Holdings SPY
2020,7,JNJ,JNJ,Johnson & Johnson,JOHNSON + JOHNSON,1.407,OK,1.0,Holdings SPY
2020,8,PG,PG,Procter & Gamble Co.,PROCTER + GAMBLE CO/THE,1.242,OK,1.0,Holdings SPY
2020,9,V,V,"Visa, Inc. Class A",VISA INC CLASS A SHARES,1.21,OK,1.0,Holdings SPY
2020,10,NVDA,NVDA,NVIDIA Corp.,NVIDIA CORP,1.198,OK,1.0,Holdings SPY
2020,11,HD,HD,"Home Depot, Inc.",HOME DEPOT INC,1.073,OK,1.0,Holdings SPY
2020,12,MA,MA,"Mastercard, Inc. Class A",MASTERCARD INC   A,1.072,OK,1.0,Holdings SPY
2020,13,UNH,UNH,"UnitedHealth Group, Inc.",UNITEDHEALTH GROUP INC,1.064,OK,1.0,Holdings SPY
2020,14,JPM,JPM,JPMorgan Chase & Co.,JPMORGAN CHASE + CO,1.053,OK,1.0,Holdings SPY
2020,15,VZ,VZ,"Verizon Communications, Inc.",VERIZON COMMUNICATIONS INC,0.883,OK,1.0,Holdings SPY
2020,16,ADBE,ADBE,"Adobe, Inc.",ADOBE INC,0.844,OK,1.0,Holdings SPY
2020,17,PYPL,PYPL,"PayPal Holdings, Inc.",PAYPAL HOLDINGS INC,0.83,OK,1.0,Holdings SPY
2020,18,CRM,CRM,"salesforce.com, Inc.",SALESFORCE INC,0.821,OK,1.0,Holdings SPY
2020,19,DIS,DIS,Walt Disney Co.,WALT DISNEY CO/THE,0.805,OK,1.0,Holdings SPY
2020,20,NFLX,NFLX,"Netflix, Inc.",NETFLIX INC,0.792,OK,1.0,Holdings SPY
2020,21,INTC,INTC,Intel Corp.,INTEL CORP,0.789,OK,1.0,Holdings SPY
2020,22,CMCSA,CMCSA,Comcast Corp. Class A,COMCAST CORP CLASS A,0.757,OK,1.0,Holdings SPY
2020,23,MRK,MRK,"Merck & Co., Inc.",MERCK + CO. INC.,0.753,OK,1.0,Holdings SPY
2020,24,PFE,PFE,"Pfizer, Inc.",PFIZER INC,0.732,OK,1.0,Holdings SPY
2020,25,T,T,"AT&T, Inc.",AT+T INC,0.729,OK,1.0,Holdings SPY
2020,26,WMT,WMT,"Walmart, Inc.",WALMART INC,0.697,OK,1.0,Holdings SPY
2020,27,ABT,ABT,Abbott Laboratories,ABBOTT LABORATORIES,0.692,OK,1.0,Holdings SPY
2020,28,PEP,PEP,"PepsiCo, Inc.",PEPSICO INC,0.689,OK,1.0,Holdings SPY
2020,29,KO,KO,Coca-Cola Co.,COCA COLA CO/THE,0.685,MANUAL,,Holdings SPY
2020,30,BAC,BAC,Bank of America Corp.,BANK OF AMERICA CORP,0.659,OK,1.0,Holdings SPY
2020,31,TMO,TMO,"Thermo Fisher Scientific, Inc.",THERMO FISHER SCIENTIFIC INC,0.628,OK,1.0,Holdings SPY
2020,32,CSCO,CSCO,"Cisco Systems, Inc.",CISCO SYSTEMS INC,0.598,OK,1.0,Holdings SPY
2020,33,MCD,MCD,McDonald’s Corp.,MCDONALD S CORP,0.586,OK,1.0,Holdings SPY
2020,34,COST,COST,Costco Wholesale Corp.,COSTCO WHOLESALE CORP,0.563,OK,1.0,Holdings SPY
2020,35,NKE,NKE,"NIKE, Inc. Class B",NIKE INC  CL B,0.56,OK,1.0,Holdings SPY
2020,36,ABBV,ABBV,"AbbVie, Inc.",ABBVIE INC,0.556,OK,1.0,Holdings SPY
2020,37,AMGN,AMGN,"Amgen, Inc.",AMGEN INC,0.534,OK,1.0,Holdings SPY
2020,38,AVGO,AVGO,"Broadcom, Inc.",BROADCOM INC,0.524,OK,1.0,Holdings SPY
2020,39,XOM,XOM,Exxon Mobil Corp.,EXXONMOBIL HOLDINGS CORP,0.521,OK,1.0,Holdings SPY
2020,40,ACN,ACN,Accenture PLC Class A,ACCENTURE PLC CL A,0.516,OK,1.0,Holdings SPY
2020,41,MDT,MDT,Medtronic PLC,MEDTRONIC PLC,0.502,OK,1.0,Holdings SPY
2020,42,NEE,NEE,"NextEra Energy, Inc.",NEXTERA ENERGY INC,0.488,OK,1.0,Holdings SPY
2020,43,BMY,BMY,Bristol-Myers Squibb Co.,BRISTOL MYERS SQUIBB CO,0.488,OK,1.0,Holdings SPY
2020,44,DHR,DHR,Danaher Corp.,DANAHER CORP,0.488,OK,1.0,Holdings SPY
2020,45,CVX,CVX,Chevron Corp.,CHEVRON CORP,0.482,OK,1.0,Holdings SPY
2020,46,UNP,UNP,Union Pacific Corp.,UNION PACIFIC CORP,0.48,OK,1.0,Holdings SPY
2020,47,QCOM,QCOM,"QUALCOMM, Inc.",QUALCOMM INC,0.476,OK,1.0,Holdings SPY
2020,48,TXN,TXN,"Texas Instruments, Inc.",TEXAS INSTRUMENTS INC,0.469,OK,1.0,Holdings SPY
2020,49,LOW,LOW,"Lowe’s Cos., Inc.",LOWE S COS INC,0.451,OK,1.0,Holdings SPY
2020,50,LIN,LIN,Linde PLC,LINDE PLC,0.449,OK,1.0,Holdings SPY
2020,51,LLY,LLY,Eli Lilly & Co.,ELI LILLY + CO,0.422,OK,1.0,Holdings SPY
2020,52,UPS,UPS,"United Parcel Service, Inc. Class B",UNITED PARCEL SERVICE CL B,0.422,OK,1.0,Holdings SPY
2020,53,PM,PM,"Philip Morris International, Inc.",PHILIP MORRIS INTERNATIONAL,0.419,OK,1.0,Holdings SPY
2020,54,HON,HON,"Honeywell International, Inc.",HONEYWELL INTERNATIONAL INC,0.415,OK,1.0,Holdings SPY
2020,55,ORCL,ORCL,Oracle Corp.,ORACLE CORP,0.414,OK,1.0,Holdings SPY
2020,56,IBM,IBM,International Business Machines Corp.,INTL BUSINESS MACHINES CORP,0.389,OK,0.83,Holdings SPY
2020,57,AMT,AMT,American Tower Corp. REIT,AMERICAN TOWER CORP,0.386,OK,0.9,Holdings SPY
2020,58,SBUX,SBUX,Starbucks Corp.,STARBUCKS CORP,0.361,OK,1.0,Holdings SPY
2020,59,WFC,WFC,Wells Fargo & Co.,WELLS FARGO + CO,0.348,OK,1.0,Holdings SPY
2020,60,AMD,AMD,"Advanced Micro Devices, Inc.",ADVANCED MICRO DEVICES,0.345,OK,1.0,Holdings SPY
2020,61,LMT,LMT,Lockheed Martin Corp.,LOCKHEED MARTIN CORP,0.338,OK,1.0,Holdings SPY
2020,62,CHTR,CHTR,"Charter Communications, Inc. Class A",CHARTER COMMUNICATIONS INC A,0.335,OK,1.0,Holdings SPY
2020,63,NOW,NOW,"ServiceNow, Inc.",SERVICENOW INC,0.333,OK,1.0,Holdings SPY
2020,64,MMM,MMM,3M Co.,3M CO,0.332,OK,1.0,Holdings SPY
2020,65,FIS,FIS,"Fidelity National Information Services, Inc.",FIDELITY NATIONAL INFO SERV,0.327,OK,0.83,Holdings SPY
2020,66,C,C,"Citigroup, Inc.",CITIGROUP INC,0.323,OK,1.0,Holdings SPY
2020,67,RTX,RTX,Raytheon Technologies Corp.,RTX CORP,0.315,MANUAL,,Holdings SPY
2020,68,BA,BA,Boeing Co.,BOEING CO/THE,0.315,OK,1.0,Holdings SPY
2020,69,SPGI,SPGI,"S&P Global, Inc.",S+P GLOBAL INC,0.313,OK,1.0,Holdings SPY
2020,70,INTU,INTU,"Intuit, Inc.",INTUIT INC,0.306,OK,1.0,Holdings SPY
2020,71,ISRG,ISRG,"Intuitive Surgical, Inc.",INTUITIVE SURGICAL INC,0.298,OK,1.0,Holdings SPY
2020,72,MDLZ,MDLZ,"Mondelez International, Inc. Class A",MONDELEZ INTERNATIONAL INC A,0.294,OK,1.0,Holdings SPY
2020,73,CAT,CAT,"Caterpillar, Inc.",CATERPILLAR INC,0.291,OK,1.0,Holdings SPY
2020,74,BLK,BLK,"BlackRock, Inc.",BLACKROCK INC,0.287,OK,1.0,Holdings SPY
2020,75,GILD,GILD,"Gilead Sciences, Inc.",GILEAD SCIENCES INC,0.284,OK,1.0,Holdings SPY
2020,76,TGT,TGT,Target Corp.,TARGET CORP,0.283,OK,1.0,Holdings SPY
2020,77,ZTS,ZTS,"Zoetis, Inc.",ZOETIS INC,0.282,OK,1.0,Holdings SPY
2020,78,CVS,CVS,CVS Health Corp.,CVS HEALTH CORP,0.275,OK,1.0,Holdings SPY
2020,79,PLD,PLD,"Prologis, Inc. REIT",PROLOGIS INC,0.266,OK,0.9,Holdings SPY
2020,80,MO,MO,"Altria Group, Inc.",ALTRIA GROUP INC,0.258,OK,1.0,Holdings SPY
2020,81,VRTX,VRTX,"Vertex Pharmaceuticals, Inc.",VERTEX PHARMACEUTICALS INC,0.254,OK,1.0,Holdings SPY
2020,82,BKNG,BKNG,"Booking Holdings, Inc.",BOOKING HOLDINGS INC,0.252,OK,1.0,Holdings SPY
2020,83,DE,DE,Deere & Co.,DEERE + CO,0.25,OK,1.0,Holdings SPY
2020,84,CCI,CCI,Crown Castle International Corp. REIT,CROWN CASTLE INC,0.25,OK,0.9,Holdings SPY
2020,85,GS,GS,"Goldman Sachs Group, Inc.",GOLDMAN SACHS GROUP INC,0.248,OK,1.0,Holdings SPY
2020,86,SYK,SYK,Stryker Corp.,STRYKER CORP,0.244,OK,1.0,Holdings SPY
2020,87,BDX,BDX,Becton Dickinson and Co.,BECTON DICKINSON AND CO,0.242,OK,1.0,Holdings SPY
2020,88,ELV,ELV,"Anthem, Inc.",ELEVANCE HEALTH INC,0.242,MANUAL,,Holdings SPY
2020,89,EQIX,EQIX,"Equinix, Inc. REIT",EQUINIX INC,0.242,OK,0.9,Holdings SPY
2020,90,TJX,TJX,"TJX Cos., Inc.",TJX COMPANIES INC,0.24,OK,1.0,Holdings SPY
2020,91,TMUS,TMUS,"T-MobileUS, Inc.",T MOBILE US INC,0.239,OK,1.0,Holdings SPY
2020,92,D,D,"Dominion Energy, Inc.",DOMINION ENERGY INC,0.238,OK,1.0,Holdings SPY
2020,93,CL,CL,Colgate-Palmolive Co.,COLGATE PALMOLIVE CO,0.237,OK,1.0,Holdings SPY
2020,94,APD,APD,"Air Products & Chemicals, Inc.",AIR PRODUCTS + CHEMICALS INC,0.235,OK,1.0,Holdings SPY
2020,95,AXP,AXP,American Express Co.,AMERICAN EXPRESS CO,0.235,OK,1.0,Holdings SPY
2020,96,DUK,DUK,Duke Energy Corp.,DUKE ENERGY CORP,0.234,OK,1.0,Holdings SPY
2020,97,SIN_ACTIVISION_BLIZZARD,,"Activision Blizzard, Inc.",,0.225,SIN_FUENTE,,Holdings SPY
2020,98,CI,CI,Cigna Corp.,THE CIGNA GROUP,0.223,OK,1.0,Holdings SPY
2020,99,FDX,FDX,FedEx Corp.,FEDEX CORP,0.218,OK,1.0,Holdings SPY
2020,100,ADP,ADP,"Automatic Data Processing, Inc.",AUTOMATIC DATA PROCESSING,0.216,OK,1.0,Holdings SPY
2021,1,AAPL,AAPL,"Apple, Inc.",APPLE INC,6.086,OK,1.0,Holdings SPY
2021,2,MSFT,MSFT,Microsoft Corp.,MICROSOFT CORP,5.803,OK,1.0,Holdings SPY
2021,3,AMZN,AMZN,"Amazon.com, Inc.",AMAZON.COM INC,3.919,OK,1.0,Holdings SPY
2021,4,META,META,"Facebook, Inc. Class A",META PLATFORMS INC CLASS A,2.216,MANUAL,,Holdings SPY
2021,5,GOOGL,GOOGL,"Alphabet, Inc. Class A",ALPHABET INC CL A,2.205,MANUAL,,Holdings SPY
2021,6,TSLA,TSLA,"Tesla, Inc.",TESLA INC,1.723,OK,1.0,Holdings SPY
2021,7,NVDA,NVDA,NVIDIA Corp.,NVIDIA CORP,1.414,OK,1.0,Holdings SPY
2021,8,BRK.B,BRK.B,"Berkshire Hathaway, Inc. Class B",BERKSHIRE HATHAWAY INC CL B,1.386,OK,1.0,Holdings SPY
2021,9,JPM,JPM,JPMorgan Chase & Co.,JPMORGAN CHASE + CO,1.34,OK,1.0,Holdings SPY
2021,10,JNJ,JNJ,Johnson & Johnson,JOHNSON + JOHNSON,1.164,OK,1.0,Holdings SPY
2021,11,V,V,"Visa, Inc. Class A",VISA INC CLASS A SHARES,1.03,OK,1.0,Holdings SPY
2021,12,UNH,UNH,"UnitedHealth Group, Inc.",UNITEDHEALTH GROUP INC,1.009,OK,1.0,Holdings SPY
2021,13,HD,HD,"Home Depot, Inc.",HOME DEPOT INC,0.956,OK,1.0,Holdings SPY
2021,14,PG,PG,Procter & Gamble Co.,PROCTER + GAMBLE CO/THE,0.929,OK,1.0,Holdings SPY
2021,15,BAC,BAC,Bank of America Corp.,BANK OF AMERICA CORP,0.861,OK,1.0,Holdings SPY
2021,16,DIS,DIS,Walt Disney Co.,WALT DISNEY CO/THE,0.842,OK,1.0,Holdings SPY
2021,17,PYPL,PYPL,"PayPal Holdings, Inc.",PAYPAL HOLDINGS INC,0.837,OK,1.0,Holdings SPY
2021,18,MA,MA,"Mastercard, Inc. Class A",MASTERCARD INC   A,0.83,OK,1.0,Holdings SPY
2021,19,ADBE,ADBE,"Adobe, Inc.",ADOBE INC,0.751,OK,1.0,Holdings SPY
2021,20,NFLX,NFLX,"Netflix, Inc.",NETFLIX INC,0.74,OK,1.0,Holdings SPY
2021,21,CRM,CRM,"salesforce.com, Inc.",SALESFORCE INC,0.722,OK,1.0,Holdings SPY
2021,22,CMCSA,CMCSA,Comcast Corp. Class A,COMCAST CORP CLASS A,0.702,OK,1.0,Holdings SPY
2021,23,XOM,XOM,Exxon Mobil Corp.,EXXONMOBIL HOLDINGS CORP,0.682,OK,1.0,Holdings SPY
2021,24,PFE,PFE,"Pfizer, Inc.",PFIZER INC,0.66,OK,1.0,Holdings SPY
2021,25,CSCO,CSCO,"Cisco Systems, Inc.",CISCO SYSTEMS INC,0.628,OK,1.0,Holdings SPY
2021,26,TMO,TMO,"Thermo Fisher Scientific, Inc.",THERMO FISHER SCIENTIFIC INC,0.616,OK,1.0,Holdings SPY
2021,27,VZ,VZ,"Verizon Communications, Inc.",VERIZON COMMUNICATIONS INC,0.612,OK,1.0,Holdings SPY
2021,28,INTC,INTC,Intel Corp.,INTEL CORP,0.592,OK,1.0,Holdings SPY
2021,29,ABT,ABT,Abbott Laboratories,ABBOTT LABORATORIES,0.574,OK,1.0,Holdings SPY
2021,30,PEP,PEP,"PepsiCo, Inc.",PEPSICO INC,0.569,OK,1.0,Holdings SPY
2021,31,KO,KO,Coca-Cola Co.,COCA COLA CO/THE,0.558,MANUAL,,Holdings SPY
2021,32,ACN,ACN,Accenture PLC Class A,ACCENTURE PLC CL A,0.556,OK,1.0,Holdings SPY
2021,33,WMT,WMT,"Walmart, Inc.",WALMART INC,0.546,OK,1.0,Holdings SPY
2021,34,AVGO,AVGO,"Broadcom, Inc.",BROADCOM INC,0.545,OK,1.0,Holdings SPY
2021,35,COST,COST,Costco Wholesale Corp.,COSTCO WHOLESALE CORP,0.544,OK,1.0,Holdings SPY
2021,36,CVX,CVX,Chevron Corp.,CHEVRON CORP,0.537,OK,1.0,Holdings SPY
2021,37,DHR,DHR,Danaher Corp.,DANAHER CORP,0.53,OK,1.0,Holdings SPY
2021,38,T,T,"AT&T, Inc.",AT+T INC,0.528,OK,1.0,Holdings SPY
2021,39,WFC,WFC,Wells Fargo & Co.,WELLS FARGO + CO,0.522,OK,1.0,Holdings SPY
2021,40,ABBV,ABBV,"AbbVie, Inc.",ABBVIE INC,0.522,OK,1.0,Holdings SPY
2021,41,MRK,MRK,"Merck & Co., Inc.",MERCK + CO. INC.,0.521,OK,1.0,Holdings SPY
2021,42,NKE,NKE,"NIKE, Inc. Class B",NIKE INC  CL B,0.508,OK,1.0,Holdings SPY
2021,43,LLY,LLY,Eli Lilly & Co.,ELI LILLY + CO,0.502,OK,1.0,Holdings SPY
2021,44,MCD,MCD,McDonald's Corp.,MCDONALD S CORP,0.493,OK,1.0,Holdings SPY
2021,45,TXN,TXN,"Texas Instruments, Inc.",TEXAS INSTRUMENTS INC,0.486,OK,1.0,Holdings SPY
2021,46,MDT,MDT,Medtronic PLC,MEDTRONIC PLC,0.461,OK,1.0,Holdings SPY
2021,47,NEE,NEE,"NextEra Energy, Inc.",NEXTERA ENERGY INC,0.422,OK,1.0,Holdings SPY
2021,48,LIN,LIN,Linde PLC,LINDE PLC,0.415,OK,1.0,Holdings SPY
2021,49,PM,PM,"Philip Morris International, Inc.",PHILIP MORRIS INTERNATIONAL,0.405,OK,1.0,Holdings SPY
2021,50,INTU,INTU,"Intuit, Inc.",INTUIT INC,0.404,OK,1.0,Holdings SPY
2021,51,HON,HON,"Honeywell International, Inc.",HONEYWELL INTERNATIONAL INC,0.401,OK,1.0,Holdings SPY
2021,52,QCOM,QCOM,"QUALCOMM, Inc.",QUALCOMM INC,0.398,OK,1.0,Holdings SPY
2021,53,ORCL,ORCL,Oracle Corp.,ORACLE CORP,0.393,OK,1.0,Holdings SPY
2021,54,LOW,LOW,"Lowe's Cos., Inc.",LOWE S COS INC,0.393,OK,1.0,Holdings SPY
2021,55,C,C,"Citigroup, Inc.",CITIGROUP INC,0.39,OK,1.0,Holdings SPY
2021,56,MS,MS,Morgan Stanley,MORGAN STANLEY,0.389,OK,1.0,Holdings SPY
2021,57,MRNA,MRNA,"Moderna, Inc.",MODERNA INC,0.37,OK,1.0,Holdings SPY
2021,58,UPS,UPS,"United Parcel Service, Inc. Class B",UNITED PARCEL SERVICE CL B,0.363,OK,1.0,Holdings SPY
2021,59,BMY,BMY,Bristol-Myers Squibb Co.,BRISTOL MYERS SQUIBB CO,0.36,OK,1.0,Holdings SPY
2021,60,SBUX,SBUX,Starbucks Corp.,STARBUCKS CORP,0.356,OK,1.0,Holdings SPY
2021,61,RTX,RTX,Raytheon Technologies Corp.,RTX CORP,0.355,MANUAL,,Holdings SPY
2021,62,UNP,UNP,Union Pacific Corp.,UNION PACIFIC CORP,0.35,OK,1.0,Holdings SPY
2021,63,GS,GS,"Goldman Sachs Group, Inc.",GOLDMAN SACHS GROUP INC,0.349,OK,1.0,Holdings SPY
2021,64,AMD,AMD,"Advanced Micro Devices, Inc.",ADVANCED MICRO DEVICES,0.342,OK,1.0,Holdings SPY
2021,65,IBM,IBM,International Business Machines Corp.,INTL BUSINESS MACHINES CORP,0.341,OK,0.83,Holdings SPY
2021,66,NOW,NOW,"ServiceNow, Inc.",SERVICENOW INC,0.338,OK,1.0,Holdings SPY
2021,67,BA,BA,Boeing Co.,BOEING CO/THE,0.332,OK,1.0,Holdings SPY
2021,68,AMT,AMT,American Tower Corp. REIT,AMERICAN TOWER CORP,0.331,OK,0.9,Holdings SPY
2021,69,AMGN,AMGN,"Amgen, Inc.",AMGEN INC,0.331,OK,1.0,Holdings SPY
2021,70,BLK,BLK,"BlackRock, Inc.",BLACKROCK INC,0.328,OK,1.0,Holdings SPY
2021,71,ISRG,ISRG,"Intuitive Surgical, Inc.",INTUITIVE SURGICAL INC,0.323,OK,1.0,Holdings SPY
2021,72,AMAT,AMAT,"Applied Materials, Inc.",APPLIED MATERIALS INC,0.322,OK,1.0,Holdings SPY
2021,73,TGT,TGT,Target Corp.,TARGET CORP,0.31,OK,1.0,Holdings SPY
2021,74,GE,GE,General Electric Co.,GENERAL ELECTRIC,0.31,OK,1.0,Holdings SPY
2021,75,CVS,CVS,CVS Health Corp.,CVS HEALTH CORP,0.307,OK,1.0,Holdings SPY
2021,76,SCHW,SCHW,Charles Schwab Corp.,SCHWAB (CHARLES) CORP,0.299,OK,0.9,Holdings SPY
2021,77,AXP,AXP,American Express Co.,AMERICAN EXPRESS CO,0.295,OK,1.0,Holdings SPY
2021,78,CAT,CAT,"Caterpillar, Inc.",CATERPILLAR INC,0.288,OK,1.0,Holdings SPY
2021,79,SPGI,SPGI,"S&P Global, Inc.",S+P GLOBAL INC,0.28,OK,1.0,Holdings SPY
2021,80,MMM,MMM,3M Co.,3M CO,0.278,OK,1.0,Holdings SPY
2021,81,BKNG,BKNG,"Booking Holdings, Inc.",BOOKING HOLDINGS INC,0.267,OK,1.0,Holdings SPY
2021,82,DE,DE,Deere & Co.,DEERE + CO,0.261,OK,1.0,Holdings SPY
2021,83,PLD,PLD,"Prologis, Inc. REIT",PROLOGIS INC,0.254,OK,0.9,Holdings SPY
2021,84,CHTR,CHTR,"Charter Communications, Inc. Class A",CHARTER COMMUNICATIONS INC A,0.253,OK,1.0,Holdings SPY
2021,85,ZTS,ZTS,"Zoetis, Inc.",ZOETIS INC,0.252,OK,1.0,Holdings SPY
2021,86,ELV,ELV,"Anthem, Inc.",ELEVANCE HEALTH INC,0.249,MANUAL,,Holdings SPY
2021,87,COP,COP,ConocoPhillips,CONOCOPHILLIPS,0.249,OK,1.0,Holdings SPY
2021,88,ADI,ADI,"Analog Devices, Inc.",ANALOG DEVICES INC,0.247,OK,1.0,Holdings SPY
2021,89,SYK,SYK,Stryker Corp.,STRYKER CORP,0.242,OK,1.0,Holdings SPY
2021,90,GILD,GILD,"Gilead Sciences, Inc.",GILEAD SCIENCES INC,0.24,OK,1.0,Holdings SPY
2021,91,LMT,LMT,Lockheed Martin Corp.,LOCKHEED MARTIN CORP,0.233,OK,1.0,Holdings SPY
2021,92,ADP,ADP,"Automatic Data Processing, Inc.",AUTOMATIC DATA PROCESSING,0.232,OK,1.0,Holdings SPY
2021,93,MO,MO,"Altria Group, Inc.",ALTRIA GROUP INC,0.23,OK,1.0,Holdings SPY
2021,94,PNC,PNC,"PNC Financial Services Group, Inc.",PNC FINANCIAL SERVICES GROUP,0.228,OK,1.0,Holdings SPY
2021,95,MDLZ,MDLZ,"Mondelez International, Inc. Class A",MONDELEZ INTERNATIONAL INC A,0.223,OK,1.0,Holdings SPY
2021,96,LRCX,LRCX,Lam Research Corp.,LAM RESEARCH CORP,0.222,OK,1.0,Holdings SPY
2021,97,USB,USB,US Bancorp,US BANCORP,0.22,OK,1.0,Holdings SPY
2021,98,MU,MU,"Micron Technology, Inc.",MICRON TECHNOLOGY INC,0.219,OK,1.0,Holdings SPY
2021,99,TJX,TJX,"TJX Cos., Inc.",TJX COMPANIES INC,0.218,OK,1.0,Holdings SPY
2021,100,TFC,TFC,Truist Financial Corp.,TRUIST FINANCIAL CORP,0.214,OK,1.0,Holdings SPY
2022,1,AAPL,AAPL,"Apple, Inc.",APPLE INC,6.928,OK,1.0,Holdings SPY
2022,2,MSFT,MSFT,Microsoft Corp.,MICROSOFT CORP,5.765,OK,1.0,Holdings SPY
2022,3,AMZN,AMZN,"Amazon.com, Inc.",AMAZON.COM INC,3.324,OK,1.0,Holdings SPY
2022,4,TSLA,TSLA,"Tesla, Inc.",TESLA INC,2.345,OK,1.0,Holdings SPY
2022,5,GOOGL,GOOGL,"Alphabet, Inc. Class A",ALPHABET INC CL A,1.904,MANUAL,,Holdings SPY
2022,6,BRK.B,BRK.B,"Berkshire Hathaway, Inc. Class B",BERKSHIRE HATHAWAY INC CL B,1.598,OK,1.0,Holdings SPY
2022,7,UNH,UNH,"UnitedHealth Group, Inc.",UNITEDHEALTH GROUP INC,1.568,OK,1.0,Holdings SPY
2022,8,JNJ,JNJ,Johnson & Johnson,JOHNSON + JOHNSON,1.426,OK,1.0,Holdings SPY
2022,9,XOM,XOM,Exxon Mobil Corp.,EXXONMOBIL HOLDINGS CORP,1.208,OK,1.0,Holdings SPY
2022,10,META,META,"Meta Platforms, Inc. Class A",META PLATFORMS INC CLASS A,1.027,OK,1.0,Holdings SPY
2022,11,JPM,JPM,JPMorgan Chase & Co.,JPMORGAN CHASE + CO,1.017,OK,1.0,Holdings SPY
2022,12,NVDA,NVDA,NVIDIA Corp.,NVIDIA CORP,1.009,OK,1.0,Holdings SPY
2022,13,PG,PG,Procter & Gamble Co.,PROCTER + GAMBLE CO/THE,1.002,OK,1.0,Holdings SPY
2022,14,V,V,"Visa, Inc. Class A",VISA INC CLASS A SHARES,0.964,OK,1.0,Holdings SPY
2022,15,HD,HD,"Home Depot, Inc.",HOME DEPOT INC,0.941,OK,1.0,Holdings SPY
2022,16,CVX,CVX,Chevron Corp.,CHEVRON CORP,0.859,OK,1.0,Holdings SPY
2022,17,LLY,LLY,Eli Lilly & Co.,ELI LILLY + CO,0.846,OK,1.0,Holdings SPY
2022,18,PFE,PFE,"Pfizer, Inc.",PFIZER INC,0.815,OK,1.0,Holdings SPY
2022,19,MA,MA,"Mastercard, Inc. Class A",MASTERCARD INC   A,0.805,OK,1.0,Holdings SPY
2022,20,ABBV,ABBV,"AbbVie, Inc.",ABBVIE INC,0.788,OK,1.0,Holdings SPY
2022,21,PEP,PEP,"PepsiCo, Inc.",PEPSICO INC,0.747,OK,1.0,Holdings SPY
2022,22,MRK,MRK,"Merck & Co., Inc.",MERCK + CO. INC.,0.724,OK,1.0,Holdings SPY
2022,23,KO,KO,Coca-Cola Co.,COCA COLA CO/THE,0.723,MANUAL,,Holdings SPY
2022,24,BAC,BAC,Bank of America Corp.,BANK OF AMERICA CORP,0.701,OK,1.0,Holdings SPY
2022,25,COST,COST,Costco Wholesale Corp.,COSTCO WHOLESALE CORP,0.694,OK,1.0,Holdings SPY
2022,26,TMO,TMO,"Thermo Fisher Scientific, Inc.",THERMO FISHER SCIENTIFIC INC,0.66,OK,1.0,Holdings SPY
2022,27,WMT,WMT,"Walmart, Inc.",WALMART INC,0.614,OK,1.0,Holdings SPY
2022,28,AVGO,AVGO,"Broadcom, Inc.",BROADCOM INC,0.595,OK,1.0,Holdings SPY
2022,29,DIS,DIS,Walt Disney Co.,WALT DISNEY CO/THE,0.571,OK,1.0,Holdings SPY
2022,30,MCD,MCD,McDonald's Corp.,MCDONALD S CORP,0.563,OK,1.0,Holdings SPY
2022,31,ABT,ABT,Abbott Laboratories,ABBOTT LABORATORIES,0.562,OK,1.0,Holdings SPY
2022,32,DHR,DHR,Danaher Corp.,DANAHER CORP,0.561,OK,1.0,Holdings SPY
2022,33,CSCO,CSCO,"Cisco Systems, Inc.",CISCO SYSTEMS INC,0.55,OK,1.0,Holdings SPY
2022,34,ACN,ACN,Accenture PLC Class A,ACCENTURE PLC CL A,0.539,OK,1.0,Holdings SPY
2022,35,VZ,VZ,"Verizon Communications, Inc.",VERIZON COMMUNICATIONS INC,0.529,OK,1.0,Holdings SPY
2022,36,NEE,NEE,"NextEra Energy, Inc.",NEXTERA ENERGY INC,0.511,OK,1.0,Holdings SPY
2022,37,WFC,WFC,Wells Fargo & Co.,WELLS FARGO + CO,0.506,OK,1.0,Holdings SPY
2022,38,BMY,BMY,Bristol-Myers Squibb Co.,BRISTOL MYERS SQUIBB CO,0.504,OK,1.0,Holdings SPY
2022,39,CRM,CRM,"Salesforce, Inc.",SALESFORCE INC,0.475,OK,1.0,Holdings SPY
2022,40,TXN,TXN,"Texas Instruments, Inc.",TEXAS INSTRUMENTS INC,0.469,OK,1.0,Holdings SPY
2022,41,LIN,LIN,Linde PLC,LINDE PLC,0.446,OK,1.0,Holdings SPY
2022,42,COP,COP,ConocoPhillips,CONOCOPHILLIPS,0.432,OK,1.0,Holdings SPY
2022,43,CMCSA,CMCSA,Comcast Corp. Class A,COMCAST CORP CLASS A,0.429,OK,1.0,Holdings SPY
2022,44,PM,PM,"Philip Morris International, Inc.",PHILIP MORRIS INTERNATIONAL,0.427,OK,1.0,Holdings SPY
2022,45,ADBE,ADBE,"Adobe, Inc.",ADOBE INC,0.427,OK,1.0,Holdings SPY
2022,46,QCOM,QCOM,"QUALCOMM, Inc.",QUALCOMM INC,0.421,OK,1.0,Holdings SPY
2022,47,CVS,CVS,CVS Health Corp.,CVS HEALTH CORP,0.416,OK,1.0,Holdings SPY
2022,48,UNP,UNP,Union Pacific Corp.,UNION PACIFIC CORP,0.405,OK,1.0,Holdings SPY
2022,49,RTX,RTX,Raytheon Technologies Corp.,RTX CORP,0.401,MANUAL,,Holdings SPY
2022,50,AMGN,AMGN,"Amgen, Inc.",AMGEN INC,0.4,OK,1.0,Holdings SPY
2022,51,LOW,LOW,"Lowe's Cos., Inc.",LOWE S COS INC,0.398,OK,1.0,Holdings SPY
2022,52,UPS,UPS,"United Parcel Service, Inc. Class B",UNITED PARCEL SERVICE CL B,0.393,OK,1.0,Holdings SPY
2022,53,HON,HON,"Honeywell International, Inc.",HONEYWELL INTERNATIONAL INC,0.373,OK,1.0,Holdings SPY
2022,54,SCHW,SCHW,Charles Schwab Corp.,SCHWAB (CHARLES) CORP,0.364,OK,0.9,Holdings SPY
2022,55,T,T,"AT&T, Inc.",AT+T INC,0.363,OK,1.0,Holdings SPY
2022,56,ELV,ELV,"Elevance Health, Inc.",ELEVANCE HEALTH INC,0.363,OK,1.0,Holdings SPY
2022,57,INTU,INTU,"Intuit, Inc.",INTUIT INC,0.362,OK,1.0,Holdings SPY
2022,58,MDT,MDT,Medtronic PLC,MEDTRONIC PLC,0.356,OK,1.0,Holdings SPY
2022,59,IBM,IBM,International Business Machines Corp.,INTL BUSINESS MACHINES CORP,0.356,OK,0.83,Holdings SPY
2022,60,INTC,INTC,Intel Corp.,INTEL CORP,0.351,OK,1.0,Holdings SPY
2022,61,MS,MS,Morgan Stanley,MORGAN STANLEY,0.351,OK,1.0,Holdings SPY
2022,62,NKE,NKE,"NIKE, Inc. Class B",NIKE INC  CL B,0.349,OK,1.0,Holdings SPY
2022,63,NFLX,NFLX,"Netflix, Inc.",NETFLIX INC,0.348,OK,1.0,Holdings SPY
2022,64,SPGI,SPGI,"S&P Global, Inc.",S+P GLOBAL INC,0.345,OK,1.0,Holdings SPY
2022,65,AMD,AMD,"Advanced Micro Devices, Inc.",ADVANCED MICRO DEVICES,0.34,OK,1.0,Holdings SPY
2022,66,GS,GS,"Goldman Sachs Group, Inc.",GOLDMAN SACHS GROUP INC,0.333,OK,1.0,Holdings SPY
2022,67,AMT,AMT,American Tower Corp. REIT,AMERICAN TOWER CORP,0.332,OK,0.9,Holdings SPY
2022,68,PYPL,PYPL,"PayPal Holdings, Inc.",PAYPAL HOLDINGS INC,0.331,OK,1.0,Holdings SPY
2022,69,SBUX,SBUX,Starbucks Corp.,STARBUCKS CORP,0.32,OK,1.0,Holdings SPY
2022,70,ADP,ADP,"Automatic Data Processing, Inc.",AUTOMATIC DATA PROCESSING,0.312,OK,1.0,Holdings SPY
2022,71,DE,DE,Deere & Co.,DEERE + CO,0.309,OK,1.0,Holdings SPY
2022,72,ORCL,ORCL,Oracle Corp.,ORACLE CORP,0.308,OK,1.0,Holdings SPY
2022,73,LMT,LMT,Lockheed Martin Corp.,LOCKHEED MARTIN CORP,0.303,OK,1.0,Holdings SPY
2022,74,CAT,CAT,"Caterpillar, Inc.",CATERPILLAR INC,0.287,OK,1.0,Holdings SPY
2022,75,CI,CI,Cigna Corp.,THE CIGNA GROUP,0.281,OK,1.0,Holdings SPY
2022,76,BLK,BLK,"BlackRock, Inc.",BLACKROCK INC,0.275,OK,1.0,Holdings SPY
2022,77,AXP,AXP,American Express Co.,AMERICAN EXPRESS CO,0.269,OK,1.0,Holdings SPY
2022,78,TMUS,TMUS,"T-Mobile US, Inc.",T MOBILE US INC,0.268,OK,1.0,Holdings SPY
2022,79,C,C,"Citigroup, Inc.",CITIGROUP INC,0.268,OK,1.0,Holdings SPY
2022,80,GILD,GILD,"Gilead Sciences, Inc.",GILEAD SCIENCES INC,0.257,OK,1.0,Holdings SPY
2022,81,NOW,NOW,"ServiceNow, Inc.",SERVICENOW INC,0.253,OK,1.0,Holdings SPY
2022,82,CB,CB,"Chubb, Ltd.",CHUBB LTD,0.252,OK,1.0,Holdings SPY
2022,83,PLD,PLD,"Prologis, Inc. REIT",PROLOGIS INC,0.25,OK,0.9,Holdings SPY
2022,84,MDLZ,MDLZ,"Mondelez International, Inc. Class A",MONDELEZ INTERNATIONAL INC A,0.249,OK,1.0,Holdings SPY
2022,85,MRSH,MRSH,"Marsh & McLennan Cos., Inc.",MARSH + MCLENNAN COS,0.247,OK,1.0,Holdings SPY
2022,86,VRTX,VRTX,"Vertex Pharmaceuticals, Inc.",VERTEX PHARMACEUTICALS INC,0.246,OK,1.0,Holdings SPY
2022,87,REGN,REGN,"Regeneron Pharmaceuticals, Inc.",REGENERON PHARMACEUTICALS,0.246,OK,1.0,Holdings SPY
2022,88,ADI,ADI,"Analog Devices, Inc.",ANALOG DEVICES INC,0.242,OK,1.0,Holdings SPY
2022,89,TJX,TJX,"TJX Cos., Inc.",TJX COMPANIES INC,0.241,OK,1.0,Holdings SPY
2022,90,MO,MO,"Altria Group, Inc.",ALTRIA GROUP INC,0.241,OK,1.0,Holdings SPY
2022,91,SO,SO,Southern Co.,SOUTHERN CO/THE,0.24,OK,1.0,Holdings SPY
2022,92,DUK,DUK,Duke Energy Corp.,DUKE ENERGY CORP,0.237,OK,1.0,Holdings SPY
2022,93,AMAT,AMAT,"Applied Materials, Inc.",APPLIED MATERIALS INC,0.237,OK,1.0,Holdings SPY
2022,94,ZTS,ZTS,"Zoetis, Inc.",ZOETIS INC,0.231,OK,1.0,Holdings SPY
2022,95,TGT,TGT,Target Corp.,TARGET CORP,0.228,OK,1.0,Holdings SPY
2022,96,NOC,NOC,Northrop Grumman Corp.,NORTHROP GRUMMAN CORP,0.228,OK,1.0,Holdings SPY
2022,97,SYK,SYK,Stryker Corp.,STRYKER CORP,0.226,OK,1.0,Holdings SPY
2022,98,PGR,PGR,Progressive Corp.,PROGRESSIVE CORP,0.225,OK,1.0,Holdings SPY
2022,99,GE,GE,General Electric Co.,GENERAL ELECTRIC,0.225,OK,1.0,Holdings SPY
2022,100,BA,BA,Boeing Co.,BOEING CO/THE,0.224,OK,1.0,Holdings SPY
2023,1,AAPL,AAPL,"Apple, Inc.",APPLE INC,7.005,OK,1.0,Holdings SPY
2023,2,MSFT,MSFT,Microsoft Corp.,MICROSOFT CORP,6.531,OK,1.0,Holdings SPY
2023,3,AMZN,AMZN,"Amazon.com, Inc.",AMAZON.COM INC,3.213,OK,1.0,Holdings SPY
2023,4,NVDA,NVDA,NVIDIA Corp.,NVIDIA CORP,2.991,OK,1.0,Holdings SPY
2023,5,GOOGL,GOOGL,"Alphabet, Inc. Class A",ALPHABET INC CL A,2.162,MANUAL,,Holdings SPY
2023,6,TSLA,TSLA,"Tesla, Inc.",TESLA INC,1.924,OK,1.0,Holdings SPY
2023,7,META,META,"Meta Platforms, Inc. Class A",META PLATFORMS INC CLASS A,1.858,OK,1.0,Holdings SPY
2023,8,BRK.B,BRK.B,"Berkshire Hathaway, Inc. Class B",BERKSHIRE HATHAWAY INC CL B,1.779,OK,1.0,Holdings SPY
2023,9,XOM,XOM,Exxon Mobil Corp.,EXXONMOBIL HOLDINGS CORP,1.311,OK,1.0,Holdings SPY
2023,10,UNH,UNH,"UnitedHealth Group, Inc.",UNITEDHEALTH GROUP INC,1.3,OK,1.0,Holdings SPY
2023,11,LLY,LLY,Eli Lilly & Co.,ELI LILLY + CO,1.193,OK,1.0,Holdings SPY
2023,12,JPM,JPM,JPMorgan Chase & Co.,JPMORGAN CHASE + CO,1.174,OK,1.0,Holdings SPY
2023,13,JNJ,JNJ,Johnson & Johnson,JOHNSON + JOHNSON,1.044,OK,1.0,Holdings SPY
2023,14,V,V,"Visa, Inc. Class A",VISA INC CLASS A SHARES,1.029,OK,1.0,Holdings SPY
2023,15,PG,PG,Procter & Gamble Co.,PROCTER + GAMBLE CO/THE,0.957,OK,1.0,Holdings SPY
2023,16,AVGO,AVGO,"Broadcom, Inc.",BROADCOM INC,0.954,OK,1.0,Holdings SPY
2023,17,MA,MA,"Mastercard, Inc. Class A",MASTERCARD INC   A,0.917,OK,1.0,Holdings SPY
2023,18,HD,HD,"Home Depot, Inc.",HOME DEPOT INC,0.846,OK,1.0,Holdings SPY
2023,19,CVX,CVX,Chevron Corp.,CHEVRON CORP,0.833,OK,1.0,Holdings SPY
2023,20,ABBV,ABBV,"AbbVie, Inc.",ABBVIE INC,0.733,OK,1.0,Holdings SPY
2023,21,MRK,MRK,"Merck & Co., Inc.",MERCK + CO. INC.,0.727,OK,1.0,Holdings SPY
2023,22,COST,COST,Costco Wholesale Corp.,COSTCO WHOLESALE CORP,0.697,OK,1.0,Holdings SPY
2023,23,PEP,PEP,"PepsiCo, Inc.",PEPSICO INC,0.649,OK,1.0,Holdings SPY
2023,24,ADBE,ADBE,"Adobe, Inc.",ADOBE INC,0.647,OK,1.0,Holdings SPY
2023,25,WMT,WMT,"Walmart, Inc.",WALMART INC,0.636,OK,1.0,Holdings SPY
2023,26,CSCO,CSCO,"Cisco Systems, Inc.",CISCO SYSTEMS INC,0.61,OK,1.0,Holdings SPY
2023,27,KO,KO,Coca-Cola Co.,COCA COLA CO/THE,0.607,MANUAL,,Holdings SPY
2023,28,CRM,CRM,"Salesforce, Inc.",SALESFORCE INC,0.55,OK,1.0,Holdings SPY
2023,29,TMO,TMO,"Thermo Fisher Scientific, Inc.",THERMO FISHER SCIENTIFIC INC,0.544,OK,1.0,Holdings SPY
2023,30,ACN,ACN,Accenture PLC Class A,ACCENTURE PLC CL A,0.539,OK,1.0,Holdings SPY
2023,31,MCD,MCD,McDonald's Corp.,MCDONALD S CORP,0.535,OK,1.0,Holdings SPY
2023,32,BAC,BAC,Bank of America Corp.,BANK OF AMERICA CORP,0.527,OK,1.0,Holdings SPY
2023,33,PFE,PFE,"Pfizer, Inc.",PFIZER INC,0.521,OK,1.0,Holdings SPY
2023,34,CMCSA,CMCSA,Comcast Corp. Class A,COMCAST CORP CLASS A,0.508,OK,1.0,Holdings SPY
2023,35,LIN,LIN,Linde PLC,LINDE PLC,0.506,OK,1.0,Holdings SPY
2023,36,ABT,ABT,Abbott Laboratories,ABBOTT LABORATORIES,0.468,OK,1.0,Holdings SPY
2023,37,NFLX,NFLX,"Netflix, Inc.",NETFLIX INC,0.466,OK,1.0,Holdings SPY
2023,38,ORCL,ORCL,Oracle Corp.,ORACLE CORP,0.464,OK,1.0,Holdings SPY
2023,39,AMD,AMD,"Advanced Micro Devices, Inc.",ADVANCED MICRO DEVICES,0.463,OK,1.0,Holdings SPY
2023,40,DHR,DHR,Danaher Corp.,DANAHER CORP,0.454,OK,1.0,Holdings SPY
2023,41,WFC,WFC,Wells Fargo & Co.,WELLS FARGO + CO,0.416,OK,1.0,Holdings SPY
2023,42,INTC,INTC,Intel Corp.,INTEL CORP,0.414,OK,1.0,Holdings SPY
2023,43,DIS,DIS,Walt Disney Co.,WALT DISNEY CO/THE,0.413,OK,1.0,Holdings SPY
2023,44,TXN,TXN,"Texas Instruments, Inc.",TEXAS INSTRUMENTS INC,0.402,OK,1.0,Holdings SPY
2023,45,PM,PM,"Philip Morris International, Inc.",PHILIP MORRIS INTERNATIONAL,0.4,OK,1.0,Holdings SPY
2023,46,AMGN,AMGN,"Amgen, Inc.",AMGEN INC,0.4,OK,1.0,Holdings SPY
2023,47,COP,COP,ConocoPhillips,CONOCOPHILLIPS,0.399,OK,1.0,Holdings SPY
2023,48,INTU,INTU,"Intuit, Inc.",INTUIT INC,0.398,OK,1.0,Holdings SPY
2023,49,CAT,CAT,"Caterpillar, Inc.",CATERPILLAR INC,0.388,OK,1.0,Holdings SPY
2023,50,VZ,VZ,"Verizon Communications, Inc.",VERIZON COMMUNICATIONS INC,0.379,OK,1.0,Holdings SPY
2023,51,IBM,IBM,International Business Machines Corp.,INTL BUSINESS MACHINES CORP,0.356,OK,0.83,Holdings SPY
2023,52,UNP,UNP,Union Pacific Corp.,UNION PACIFIC CORP,0.346,OK,1.0,Holdings SPY
2023,53,QCOM,QCOM,"QUALCOMM, Inc.",QUALCOMM INC,0.345,OK,1.0,Holdings SPY
2023,54,HON,HON,"Honeywell International, Inc.",HONEYWELL INTERNATIONAL INC,0.342,OK,1.0,Holdings SPY
2023,55,LOW,LOW,"Lowe's Cos., Inc.",LOWE S COS INC,0.339,OK,1.0,Holdings SPY
2023,56,BMY,BMY,Bristol-Myers Squibb Co.,BRISTOL MYERS SQUIBB CO,0.338,OK,1.0,Holdings SPY
2023,57,GE,GE,General Electric Co.,GENERAL ELECTRIC,0.335,OK,1.0,Holdings SPY
2023,58,SPGI,SPGI,"S&P Global, Inc.",S+P GLOBAL INC,0.331,OK,1.0,Holdings SPY
2023,59,NKE,NKE,"NIKE, Inc. Class B",NIKE INC  CL B,0.326,OK,1.0,Holdings SPY
2023,60,AMAT,AMAT,"Applied Materials, Inc.",APPLIED MATERIALS INC,0.324,OK,1.0,Holdings SPY
2023,61,NEE,NEE,"NextEra Energy, Inc.",NEXTERA ENERGY INC,0.323,OK,1.0,Holdings SPY
2023,62,NOW,NOW,"ServiceNow, Inc.",SERVICENOW INC,0.317,OK,1.0,Holdings SPY
2023,63,UPS,UPS,"United Parcel Service, Inc. Class B",UNITED PARCEL SERVICE CL B,0.314,OK,1.0,Holdings SPY
2023,64,BKNG,BKNG,"Booking Holdings, Inc.",BOOKING HOLDINGS INC,0.306,OK,1.0,Holdings SPY
2023,65,BA,BA,Boeing Co.,BOEING CO/THE,0.303,OK,1.0,Holdings SPY
2023,66,T,T,"AT&T, Inc.",AT+T INC,0.299,OK,1.0,Holdings SPY
2023,67,GS,GS,"Goldman Sachs Group, Inc.",GOLDMAN SACHS GROUP INC,0.297,OK,1.0,Holdings SPY
2023,68,RTX,RTX,RTX Corp.,RTX CORP,0.292,OK,1.0,Holdings SPY
2023,69,SBUX,SBUX,Starbucks Corp.,STARBUCKS CORP,0.291,OK,1.0,Holdings SPY
2023,70,MS,MS,Morgan Stanley,MORGAN STANLEY,0.29,OK,1.0,Holdings SPY
2023,71,MDT,MDT,Medtronic PLC,MEDTRONIC PLC,0.29,OK,1.0,Holdings SPY
2023,72,PLD,PLD,"Prologis, Inc. REIT",PROLOGIS INC,0.289,OK,0.9,Holdings SPY
2023,73,DE,DE,Deere & Co.,DEERE + CO,0.287,OK,1.0,Holdings SPY
2023,74,ISRG,ISRG,"Intuitive Surgical, Inc.",INTUITIVE SURGICAL INC,0.286,OK,1.0,Holdings SPY
2023,75,ELV,ELV,"Elevance Health, Inc.",ELEVANCE HEALTH INC,0.286,OK,1.0,Holdings SPY
2023,76,TJX,TJX,"TJX Cos., Inc.",TJX COMPANIES INC,0.284,OK,1.0,Holdings SPY
2023,77,ADP,ADP,"Automatic Data Processing, Inc.",AUTOMATIC DATA PROCESSING,0.276,OK,1.0,Holdings SPY
2023,78,MDLZ,MDLZ,"Mondelez International, Inc. Class A",MONDELEZ INTERNATIONAL INC A,0.263,OK,1.0,Holdings SPY
2023,79,MRSH,MRSH,"Marsh & McLennan Cos., Inc.",MARSH + MCLENNAN COS,0.262,OK,1.0,Holdings SPY
2023,80,GILD,GILD,"Gilead Sciences, Inc.",GILEAD SCIENCES INC,0.26,OK,1.0,Holdings SPY
2023,81,SYK,SYK,Stryker Corp.,STRYKER CORP,0.257,OK,1.0,Holdings SPY
2023,82,LMT,LMT,Lockheed Martin Corp.,LOCKHEED MARTIN CORP,0.255,OK,1.0,Holdings SPY
2023,83,BLK,BLK,"BlackRock, Inc.",BLACKROCK INC,0.253,OK,1.0,Holdings SPY
2023,84,CVS,CVS,CVS Health Corp.,CVS HEALTH CORP,0.25,OK,1.0,Holdings SPY
2023,85,VRTX,VRTX,"Vertex Pharmaceuticals, Inc.",VERTEX PHARMACEUTICALS INC,0.249,OK,1.0,Holdings SPY
2023,86,REGN,REGN,"Regeneron Pharmaceuticals, Inc.",REGENERON PHARMACEUTICALS,0.245,OK,1.0,Holdings SPY
2023,87,ADI,ADI,"Analog Devices, Inc.",ANALOG DEVICES INC,0.244,OK,1.0,Holdings SPY
2023,88,AXP,AXP,American Express Co.,AMERICAN EXPRESS CO,0.242,OK,1.0,Holdings SPY
2023,89,CB,CB,Chubb Ltd.,CHUBB LTD,0.238,OK,1.0,Holdings SPY
2023,90,ETN,ETN,Eaton Corp. PLC,EATON CORP PLC,0.237,OK,1.0,Holdings SPY
2023,91,CI,CI,Cigna Group,THE CIGNA GROUP,0.236,OK,1.0,Holdings SPY
2023,92,LRCX,LRCX,Lam Research Corp.,LAM RESEARCH CORP,0.233,OK,1.0,Holdings SPY
2023,93,SLB,SLB,Schlumberger NV,SLB LTD,0.231,MANUAL,,Holdings SPY
2023,94,SCHW,SCHW,Charles Schwab Corp.,SCHWAB (CHARLES) CORP,0.227,OK,0.9,Holdings SPY
2023,95,PGR,PGR,Progressive Corp.,PROGRESSIVE CORP,0.227,OK,1.0,Holdings SPY
2023,96,ZTS,ZTS,"Zoetis, Inc.",ZOETIS INC,0.223,OK,1.0,Holdings SPY
2023,97,C,C,"Citigroup, Inc.",CITIGROUP INC,0.221,OK,1.0,Holdings SPY
2023,98,BSX,BSX,Boston Scientific Corp.,BOSTON SCIENTIFIC CORP,0.215,OK,1.0,Holdings SPY
2023,99,AMT,AMT,American Tower Corp. REIT,AMERICAN TOWER CORP,0.213,OK,0.9,Holdings SPY
2023,100,BX,BX,"Blackstone, Inc.",BLACKSTONE INC,0.212,OK,1.0,Holdings SPY
2024,1,AAPL,AAPL,"Apple, Inc.",APPLE INC,7.279,OK,1.0,Holdings SPY
2024,2,MSFT,MSFT,Microsoft Corp.,MICROSOFT CORP,6.571,OK,1.0,Holdings SPY
2024,3,NVDA,NVDA,NVIDIA Corp.,NVIDIA CORP,6.138,OK,1.0,Holdings SPY
2024,4,AMZN,AMZN,"Amazon.com, Inc.",AMAZON.COM INC,3.576,OK,1.0,Holdings SPY
2024,5,META,META,"Meta Platforms, Inc. Class A",META PLATFORMS INC CLASS A,2.57,OK,1.0,Holdings SPY
2024,6,GOOGL,GOOGL,"Alphabet, Inc. Class A",ALPHABET INC CL A,1.997,MANUAL,,Holdings SPY
2024,7,BRK.B,BRK.B,"Berkshire Hathaway, Inc. Class B",BERKSHIRE HATHAWAY INC CL B,1.732,OK,1.0,Holdings SPY
2024,8,AVGO,AVGO,"Broadcom, Inc.",BROADCOM INC,1.65,OK,1.0,Holdings SPY
2024,9,TSLA,TSLA,"Tesla, Inc.",TESLA INC,1.492,OK,1.0,Holdings SPY
2024,10,LLY,LLY,Eli Lilly & Co.,ELI LILLY + CO,1.436,OK,1.0,Holdings SPY
2024,11,JPM,JPM,JPMorgan Chase & Co.,JPMORGAN CHASE + CO,1.233,OK,1.0,Holdings SPY
2024,12,UNH,UNH,"UnitedHealth Group, Inc.",UNITEDHEALTH GROUP INC,1.109,OK,1.0,Holdings SPY
2024,13,XOM,XOM,Exxon Mobil Corp.,EXXONMOBIL HOLDINGS CORP,1.07,OK,1.0,Holdings SPY
2024,14,V,V,"Visa, Inc. Class A",VISA INC CLASS A SHARES,0.944,OK,1.0,Holdings SPY
2024,15,PG,PG,Procter & Gamble Co.,PROCTER + GAMBLE CO/THE,0.838,OK,1.0,Holdings SPY
2024,16,MA,MA,"Mastercard, Inc. Class A",MASTERCARD INC   A,0.837,OK,1.0,Holdings SPY
2024,17,HD,HD,"Home Depot, Inc.",HOME DEPOT INC,0.826,OK,1.0,Holdings SPY
2024,18,COST,COST,Costco Wholesale Corp.,COSTCO WHOLESALE CORP,0.807,OK,1.0,Holdings SPY
2024,19,JNJ,JNJ,Johnson & Johnson,JOHNSON + JOHNSON,0.802,OK,1.0,Holdings SPY
2024,20,WMT,WMT,"Walmart, Inc.",WALMART INC,0.721,OK,1.0,Holdings SPY
2024,21,ABBV,ABBV,"AbbVie, Inc.",ABBVIE INC,0.717,OK,1.0,Holdings SPY
2024,22,NFLX,NFLX,"Netflix, Inc.",NETFLIX INC,0.625,OK,1.0,Holdings SPY
2024,23,MRK,MRK,"Merck & Co., Inc.",MERCK + CO. INC.,0.592,OK,1.0,Holdings SPY
2024,24,KO,KO,Coca-Cola Co.,COCA COLA CO/THE,0.573,MANUAL,,Holdings SPY
2024,25,ORCL,ORCL,Oracle Corp.,ORACLE CORP,0.56,OK,1.0,Holdings SPY
2024,26,BAC,BAC,Bank of America Corp.,BANK OF AMERICA CORP,0.55,OK,1.0,Holdings SPY
2024,27,AMD,AMD,"Advanced Micro Devices, Inc.",ADVANCED MICRO DEVICES,0.546,OK,1.0,Holdings SPY
2024,28,CRM,CRM,"Salesforce, Inc.",SALESFORCE INC,0.545,OK,1.0,Holdings SPY
2024,29,CVX,CVX,Chevron Corp.,CHEVRON CORP,0.515,OK,1.0,Holdings SPY
2024,30,TMO,TMO,"Thermo Fisher Scientific, Inc.",THERMO FISHER SCIENTIFIC INC,0.485,OK,1.0,Holdings SPY
2024,31,PEP,PEP,"PepsiCo, Inc.",PEPSICO INC,0.48,OK,1.0,Holdings SPY
2024,32,ADBE,ADBE,"Adobe, Inc.",ADOBE INC,0.472,OK,1.0,Holdings SPY
2024,33,LIN,LIN,Linde PLC,LINDE PLC,0.471,OK,1.0,Holdings SPY
2024,34,ACN,ACN,Accenture PLC Class A,ACCENTURE PLC CL A,0.455,OK,1.0,Holdings SPY
2024,35,MCD,MCD,McDonald's Corp.,MCDONALD S CORP,0.449,OK,1.0,Holdings SPY
2024,36,CSCO,CSCO,"Cisco Systems, Inc.",CISCO SYSTEMS INC,0.441,OK,1.0,Holdings SPY
2024,37,GE,GE,General Electric Co.,GENERAL ELECTRIC,0.42,OK,1.0,Holdings SPY
2024,38,IBM,IBM,International Business Machines Corp.,INTL BUSINESS MACHINES CORP,0.419,OK,0.83,Holdings SPY
2024,39,ABT,ABT,Abbott Laboratories,ABBOTT LABORATORIES,0.408,OK,1.0,Holdings SPY
2024,40,WFC,WFC,Wells Fargo & Co.,WELLS FARGO + CO,0.395,OK,1.0,Holdings SPY
2024,41,CAT,CAT,"Caterpillar, Inc.",CATERPILLAR INC,0.39,OK,1.0,Holdings SPY
2024,42,QCOM,QCOM,"QUALCOMM, Inc.",QUALCOMM INC,0.389,OK,1.0,Holdings SPY
2024,43,PM,PM,"Philip Morris International, Inc.",PHILIP MORRIS INTERNATIONAL,0.388,OK,1.0,Holdings SPY
2024,44,VZ,VZ,"Verizon Communications, Inc.",VERIZON COMMUNICATIONS INC,0.388,OK,1.0,Holdings SPY
2024,45,TXN,TXN,"Texas Instruments, Inc.",TEXAS INSTRUMENTS INC,0.387,OK,1.0,Holdings SPY
2024,46,NOW,NOW,"ServiceNow, Inc.",SERVICENOW INC,0.378,OK,1.0,Holdings SPY
2024,47,DHR,DHR,Danaher Corp.,DANAHER CORP,0.367,OK,1.0,Holdings SPY
2024,48,DIS,DIS,Walt Disney Co.,WALT DISNEY CO/THE,0.358,OK,1.0,Holdings SPY
2024,49,ISRG,ISRG,"Intuitive Surgical, Inc.",INTUITIVE SURGICAL INC,0.358,OK,1.0,Holdings SPY
2024,50,NEE,NEE,"NextEra Energy, Inc.",NEXTERA ENERGY INC,0.357,OK,1.0,Holdings SPY
2024,51,INTU,INTU,"Intuit, Inc.",INTUIT INC,0.357,OK,1.0,Holdings SPY
2024,52,AMGN,AMGN,"Amgen, Inc.",AMGEN INC,0.356,OK,1.0,Holdings SPY
2024,53,AMAT,AMAT,"Applied Materials, Inc.",APPLIED MATERIALS INC,0.344,OK,1.0,Holdings SPY
2024,54,SPGI,SPGI,"S&P Global, Inc.",S+P GLOBAL INC,0.34,OK,1.0,Holdings SPY
2024,55,PFE,PFE,"Pfizer, Inc.",PFIZER INC,0.337,OK,1.0,Holdings SPY
2024,56,CMCSA,CMCSA,Comcast Corp. Class A,COMCAST CORP CLASS A,0.332,OK,1.0,Holdings SPY
2024,57,RTX,RTX,RTX Corp.,RTX CORP,0.331,OK,1.0,Holdings SPY
2024,58,UBER,UBER,"Uber Technologies, Inc.",UBER TECHNOLOGIES INC,0.324,OK,1.0,Holdings SPY
2024,59,T,T,"AT&T, Inc.",AT+T INC,0.324,OK,1.0,Holdings SPY
2024,60,GS,GS,"Goldman Sachs Group, Inc.",GOLDMAN SACHS GROUP INC,0.321,OK,1.0,Holdings SPY
2024,61,LOW,LOW,"Lowe's Cos., Inc.",LOWE S COS INC,0.317,OK,1.0,Holdings SPY
2024,62,AXP,AXP,American Express Co.,AMERICAN EXPRESS CO,0.313,OK,1.0,Holdings SPY
2024,63,UNP,UNP,Union Pacific Corp.,UNION PACIFIC CORP,0.308,OK,1.0,Holdings SPY
2024,64,PGR,PGR,Progressive Corp.,PROGRESSIVE CORP,0.305,OK,1.0,Holdings SPY
2024,65,BKNG,BKNG,"Booking Holdings, Inc.",BOOKING HOLDINGS INC,0.29,OK,1.0,Holdings SPY
2024,66,HON,HON,"Honeywell International, Inc.",HONEYWELL INTERNATIONAL INC,0.277,OK,1.0,Holdings SPY
2024,67,TJX,TJX,"TJX Cos., Inc.",TJX COMPANIES INC,0.273,OK,1.0,Holdings SPY
2024,68,BLK,BLK,"BlackRock, Inc.",BLACKROCK INC,0.272,OK,1.0,Holdings SPY
2024,69,ETN,ETN,Eaton Corp. PLC,EATON CORP PLC,0.271,OK,1.0,Holdings SPY
2024,70,MS,MS,Morgan Stanley,MORGAN STANLEY,0.267,OK,1.0,Holdings SPY
2024,71,LMT,LMT,Lockheed Martin Corp.,LOCKHEED MARTIN CORP,0.255,OK,1.0,Holdings SPY
2024,72,BSX,BSX,Boston Scientific Corp.,BOSTON SCIENTIFIC CORP,0.254,OK,1.0,Holdings SPY
2024,73,SYK,SYK,Stryker Corp.,STRYKER CORP,0.254,OK,1.0,Holdings SPY
2024,74,COP,COP,ConocoPhillips,CONOCOPHILLIPS,0.251,OK,1.0,Holdings SPY
2024,75,ELV,ELV,"Elevance Health, Inc.",ELEVANCE HEALTH INC,0.248,OK,1.0,Holdings SPY
2024,76,VRTX,VRTX,"Vertex Pharmaceuticals, Inc.",VERTEX PHARMACEUTICALS INC,0.247,OK,1.0,Holdings SPY
2024,77,C,C,"Citigroup, Inc.",CITIGROUP INC,0.245,OK,1.0,Holdings SPY
2024,78,PLD,PLD,"Prologis, Inc. REIT",PROLOGIS INC,0.24,OK,0.9,Holdings SPY
2024,79,MDT,MDT,Medtronic PLC,MEDTRONIC PLC,0.237,OK,1.0,Holdings SPY
2024,80,MU,MU,"Micron Technology, Inc.",MICRON TECHNOLOGY INC,0.236,OK,1.0,Holdings SPY
2024,81,ADI,ADI,"Analog Devices, Inc.",ANALOG DEVICES INC,0.235,OK,1.0,Holdings SPY
2024,82,ADP,ADP,"Automatic Data Processing, Inc.",AUTOMATIC DATA PROCESSING,0.232,OK,1.0,Holdings SPY
2024,83,REGN,REGN,"Regeneron Pharmaceuticals, Inc.",REGENERON PHARMACEUTICALS,0.229,OK,1.0,Holdings SPY
2024,84,BX,BX,"Blackstone, Inc.",BLACKSTONE INC,0.227,OK,1.0,Holdings SPY
2024,85,SBUX,SBUX,Starbucks Corp.,STARBUCKS CORP,0.227,OK,1.0,Holdings SPY
2024,86,PANW,PANW,"Palo Alto Networks, Inc.",PALO ALTO NETWORKS INC,0.227,OK,1.0,Holdings SPY
2024,87,MRSH,MRSH,"Marsh & McLennan Cos., Inc.",MARSH + MCLENNAN COS,0.225,OK,1.0,Holdings SPY
2024,88,AMT,AMT,American Tower Corp. REIT,AMERICAN TOWER CORP,0.223,OK,0.9,Holdings SPY
2024,89,CB,CB,Chubb Ltd.,CHUBB LTD,0.223,OK,1.0,Holdings SPY
2024,90,DE,DE,Deere & Co.,DEERE + CO,0.22,OK,1.0,Holdings SPY
2024,91,LRCX,LRCX,Lam Research Corp.,LAM RESEARCH CORP,0.219,OK,1.0,Holdings SPY
2024,92,NKE,NKE,"NIKE, Inc. Class B",NIKE INC  CL B,0.218,OK,1.0,Holdings SPY
2024,93,BMY,BMY,Bristol-Myers Squibb Co.,BRISTOL MYERS SQUIBB CO,0.216,OK,1.0,Holdings SPY
2024,94,KLAC,KLAC,KLA Corp.,KLA CORP,0.214,OK,1.0,Holdings SPY
2024,95,GILD,GILD,"Gilead Sciences, Inc.",GILEAD SCIENCES INC,0.214,OK,1.0,Holdings SPY
2024,96,FISV,FISV,"Fiserv, Inc.",FISERV INC,0.212,OK,1.0,Holdings SPY
2024,97,TMUS,TMUS,"T-Mobile U.S., Inc.",T MOBILE US INC,0.208,OK,1.0,Holdings SPY
2024,98,INTC,INTC,Intel Corp.,INTEL CORP,0.206,OK,1.0,Holdings SPY
2024,99,UPS,UPS,"United Parcel Service, Inc. Class B",UNITED PARCEL SERVICE CL B,0.205,OK,1.0,Holdings SPY
2024,100,SO,SO,Southern Co.,SOUTHERN CO/THE,0.203,OK,1.0,Holdings SPY
2025,1,NVDA,NVDA,NVIDIA Corp.,NVIDIA CORP,7.984,OK,1.0,Holdings SPY
2025,2,MSFT,MSFT,Microsoft Corp.,MICROSOFT CORP,6.752,OK,1.0,Holdings SPY
2025,3,AAPL,AAPL,"Apple, Inc.",APPLE INC,6.627,OK,1.0,Holdings SPY
2025,4,AMZN,AMZN,"Amazon.com, Inc. ",AMAZON.COM INC,3.737,OK,1.0,Holdings SPY
2025,5,META,META,"Meta Platforms, Inc. Class A",META PLATFORMS INC CLASS A,2.793,OK,1.0,Holdings SPY
2025,6,AVGO,AVGO,"Broadcom, Inc.",BROADCOM INC,2.721,OK,1.0,Holdings SPY
2025,7,GOOGL,GOOGL,"Alphabet, Inc. Class A",ALPHABET INC CL A,2.48,MANUAL,,Holdings SPY
2025,8,TSLA,TSLA,"Tesla, Inc. ",TESLA INC,2.188,OK,1.0,Holdings SPY
2025,9,BRK.B,BRK.B,"Berkshire Hathaway, Inc. Class B ",BERKSHIRE HATHAWAY INC CL B,1.617,OK,1.0,Holdings SPY
2025,10,JPM,JPM,JPMorgan Chase & Co.,JPMORGAN CHASE + CO,1.521,OK,1.0,Holdings SPY
2025,11,LLY,LLY,Eli Lilly & Co.,ELI LILLY + CO,1.064,OK,1.0,Holdings SPY
2025,12,V,V,"Visa, Inc. Class A",VISA INC CLASS A SHARES,1.017,OK,1.0,Holdings SPY
2025,13,NFLX,NFLX,"Netflix, Inc. ",NETFLIX INC,0.893,OK,1.0,Holdings SPY
2025,14,XOM,XOM,Exxon Mobil Corp.,EXXONMOBIL HOLDINGS CORP,0.843,OK,1.0,Holdings SPY
2025,15,MA,MA,"Mastercard, Inc. Class A",MASTERCARD INC   A,0.823,OK,1.0,Holdings SPY
2025,16,ORCL,ORCL,Oracle Corp.,ORACLE CORP,0.817,OK,1.0,Holdings SPY
2025,17,WMT,WMT,"Walmart, Inc.",WALMART INC,0.793,OK,1.0,Holdings SPY
2025,18,JNJ,JNJ,Johnson & Johnson,JOHNSON + JOHNSON,0.783,OK,1.0,Holdings SPY
2025,19,PLTR,PLTR,"Palantir Technologies, Inc. Class A ",PALANTIR TECHNOLOGIES INC A,0.727,OK,1.0,Holdings SPY
2025,20,COST,COST,Costco Wholesale Corp.,COSTCO WHOLESALE CORP,0.72,OK,1.0,Holdings SPY
2025,21,ABBV,ABBV,"AbbVie, Inc.",ABBVIE INC,0.717,OK,1.0,Holdings SPY
2025,22,HD,HD,"Home Depot, Inc.",HOME DEPOT INC,0.707,OK,1.0,Holdings SPY
2025,23,PG,PG,Procter & Gamble Co.,PROCTER + GAMBLE CO/THE,0.631,OK,1.0,Holdings SPY
2025,24,BAC,BAC,Bank of America Corp.,BANK OF AMERICA CORP,0.616,OK,1.0,Holdings SPY
2025,25,GE,GE,General Electric Co.,GENERAL ELECTRIC,0.559,OK,1.0,Holdings SPY
2025,26,UNH,UNH,"UnitedHealth Group, Inc.",UNITEDHEALTH GROUP INC,0.548,OK,1.0,Holdings SPY
2025,27,CVX,CVX,Chevron Corp.,CHEVRON CORP,0.525,OK,1.0,Holdings SPY
2025,28,CSCO,CSCO,"Cisco Systems, Inc.",CISCO SYSTEMS INC,0.475,OK,1.0,Holdings SPY
2025,29,WFC,WFC,Wells Fargo & Co.,WELLS FARGO + CO,0.471,OK,1.0,Holdings SPY
2025,30,IBM,IBM,International Business Machines Corp.,INTL BUSINESS MACHINES CORP,0.461,OK,0.83,Holdings SPY
2025,31,AMD,AMD,"Advanced Micro Devices, Inc. ",ADVANCED MICRO DEVICES,0.46,OK,1.0,Holdings SPY
2025,32,KO,KO,Coca-Cola Co.,COCA COLA CO/THE,0.45,MANUAL,,Holdings SPY
2025,33,PM,PM,"Philip Morris International, Inc.",PHILIP MORRIS INTERNATIONAL,0.443,OK,1.0,Holdings SPY
2025,34,GS,GS,"Goldman Sachs Group, Inc.",GOLDMAN SACHS GROUP INC,0.423,OK,1.0,Holdings SPY
2025,35,ABT,ABT,Abbott Laboratories,ABBOTT LABORATORIES,0.409,OK,1.0,Holdings SPY
2025,36,CRM,CRM,"Salesforce, Inc.",SALESFORCE INC,0.397,OK,1.0,Holdings SPY
2025,37,RTX,RTX,RTX Corp.,RTX CORP,0.393,OK,1.0,Holdings SPY
2025,38,CAT,CAT,"Caterpillar, Inc.",CATERPILLAR INC,0.392,OK,1.0,Holdings SPY
2025,39,LIN,LIN,Linde PLC,LINDE PLC,0.391,OK,1.0,Holdings SPY
2025,40,MCD,MCD,McDonald's Corp.,MCDONALD S CORP,0.38,OK,1.0,Holdings SPY
2025,41,MRK,MRK,"Merck & Co., Inc.",MERCK + CO. INC.,0.368,OK,1.0,Holdings SPY
2025,42,DIS,DIS,Walt Disney Co.,WALT DISNEY CO/THE,0.361,OK,1.0,Holdings SPY
2025,43,UBER,UBER,"Uber Technologies, Inc. ",UBER TECHNOLOGIES INC,0.358,OK,1.0,Holdings SPY
2025,44,T,T,"AT&T, Inc.",AT+T INC,0.354,OK,1.0,Holdings SPY
2025,45,APP,APP,AppLovin Corp. Class A ,APPLOVIN CORP CLASS A,0.341,OK,1.0,Holdings SPY
2025,46,MS,MS,Morgan Stanley,MORGAN STANLEY,0.338,OK,1.0,Holdings SPY
2025,47,PEP,PEP,"PepsiCo, Inc.",PEPSICO INC,0.337,OK,1.0,Holdings SPY
2025,48,NOW,NOW,"ServiceNow, Inc. ",SERVICENOW INC,0.336,OK,1.0,Holdings SPY
2025,49,INTU,INTU,"Intuit, Inc.",INTUIT INC,0.334,OK,1.0,Holdings SPY
2025,50,C,C,"Citigroup, Inc.",CITIGROUP INC,0.328,OK,1.0,Holdings SPY
2025,51,MU,MU,"Micron Technology, Inc.",MICRON TECHNOLOGY INC,0.328,OK,1.0,Holdings SPY
2025,52,VZ,VZ,"Verizon Communications, Inc.",VERIZON COMMUNICATIONS INC,0.325,OK,1.0,Holdings SPY
2025,53,TMO,TMO,"Thermo Fisher Scientific, Inc.",THERMO FISHER SCIENTIFIC INC,0.321,OK,1.0,Holdings SPY
2025,54,AXP,AXP,American Express Co.,AMERICAN EXPRESS CO,0.316,OK,1.0,Holdings SPY
2025,55,QCOM,QCOM,"QUALCOMM, Inc.",QUALCOMM INC,0.315,OK,1.0,Holdings SPY
2025,56,BKNG,BKNG,"Booking Holdings, Inc.",BOOKING HOLDINGS INC,0.307,OK,1.0,Holdings SPY
2025,57,LRCX,LRCX,Lam Research Corp.,LAM RESEARCH CORP,0.297,OK,1.0,Holdings SPY
2025,58,BLK,BLK,"Blackrock, Inc.",BLACKROCK INC,0.294,OK,1.0,Holdings SPY
2025,59,TXN,TXN,"Texas Instruments, Inc.",TEXAS INSTRUMENTS INC,0.293,OK,1.0,Holdings SPY
2025,60,GEV,GEV,"GE Vernova, Inc.",GE VERNOVA INC,0.293,OK,1.0,Holdings SPY
2025,61,AMAT,AMAT,"Applied Materials, Inc.",APPLIED MATERIALS INC,0.288,OK,1.0,Holdings SPY
2025,62,SCHW,SCHW,Charles Schwab Corp.,SCHWAB (CHARLES) CORP,0.286,OK,0.9,Holdings SPY
2025,63,BA,BA,Boeing Co. ,BOEING CO/THE,0.286,OK,1.0,Holdings SPY
2025,64,TJX,TJX,"TJX Cos., Inc.",TJX COMPANIES INC,0.283,OK,1.0,Holdings SPY
2025,65,ISRG,ISRG,"Intuitive Surgical, Inc. ",INTUITIVE SURGICAL INC,0.281,OK,1.0,Holdings SPY
2025,66,NEE,NEE,"NextEra Energy, Inc.",NEXTERA ENERGY INC,0.273,OK,1.0,Holdings SPY
2025,67,ACN,ACN,Accenture PLC Class A,ACCENTURE PLC CL A,0.269,OK,1.0,Holdings SPY
2025,68,SPGI,SPGI,"S&P Global, Inc.",S+P GLOBAL INC,0.267,OK,1.0,Holdings SPY
2025,69,AMGN,AMGN,"Amgen, Inc.",AMGEN INC,0.266,OK,1.0,Holdings SPY
2025,70,APH,APH,Amphenol Corp. Class A,AMPHENOL CORP CL A,0.265,OK,1.0,Holdings SPY
2025,71,ANET,ANET,"Arista Networks, Inc. ",ARISTA NETWORKS INC,0.263,OK,1.0,Holdings SPY
2025,72,ADBE,ADBE,"Adobe, Inc. ",ADOBE INC,0.262,OK,1.0,Holdings SPY
2025,73,INTC,INTC,Intel Corp. ,INTEL CORP,0.258,OK,1.0,Holdings SPY
2025,74,ETN,ETN,Eaton Corp. PLC,EATON CORP PLC,0.255,OK,1.0,Holdings SPY
2025,75,PGR,PGR,Progressive Corp.,PROGRESSIVE CORP,0.254,OK,1.0,Holdings SPY
2025,76,BSX,BSX,Boston Scientific Corp. ,BOSTON SCIENTIFIC CORP,0.254,OK,1.0,Holdings SPY
2025,77,PFE,PFE,"Pfizer, Inc.",PFIZER INC,0.254,OK,1.0,Holdings SPY
2025,78,KLAC,KLAC,KLA Corp.,KLA CORP,0.25,OK,1.0,Holdings SPY
2025,79,LOW,LOW,"Lowe's Cos., Inc.",LOWE S COS INC,0.247,OK,1.0,Holdings SPY
2025,80,UNP,UNP,Union Pacific Corp.,UNION PACIFIC CORP,0.246,OK,1.0,Holdings SPY
2025,81,GILD,GILD,"Gilead Sciences, Inc.",GILEAD SCIENCES INC,0.241,OK,1.0,Holdings SPY
2025,82,PANW,PANW,"Palo Alto Networks, Inc. ",PALO ALTO NETWORKS INC,0.238,OK,1.0,Holdings SPY
2025,83,COF,COF,Capital One Financial Corp.,CAPITAL ONE FINANCIAL CORP,0.238,OK,1.0,Holdings SPY
2025,84,HON,HON,"Honeywell International, Inc.",HONEYWELL INTERNATIONAL INC,0.234,OK,1.0,Holdings SPY
2025,85,SYK,SYK,Stryker Corp.,STRYKER CORP,0.223,OK,1.0,Holdings SPY
2025,86,DHR,DHR,Danaher Corp.,DANAHER CORP,0.221,OK,1.0,Holdings SPY
2025,87,BX,BX,"Blackstone, Inc.",BLACKSTONE INC,0.221,OK,1.0,Holdings SPY
2025,88,MDT,MDT,Medtronic PLC,MEDTRONIC PLC,0.214,OK,1.0,Holdings SPY
2025,89,ADI,ADI,"Analog Devices, Inc.",ANALOG DEVICES INC,0.214,OK,1.0,Holdings SPY
2025,90,CRWD,CRWD,"Crowdstrike Holdings, Inc. Class A ",CROWDSTRIKE HOLDINGS INC   A,0.214,OK,1.0,Holdings SPY
2025,91,WELL,WELL,"Welltower, Inc. REIT",WELLTOWER INC,0.209,OK,0.9,Holdings SPY
2025,92,ADP,ADP,"Automatic Data Processing, Inc.",AUTOMATIC DATA PROCESSING,0.208,OK,1.0,Holdings SPY
2025,93,COP,COP,ConocoPhillips,CONOCOPHILLIPS,0.207,OK,1.0,Holdings SPY
2025,94,TMUS,TMUS,"T-Mobile U.S., Inc.",T MOBILE US INC,0.203,OK,1.0,Holdings SPY
2025,95,CMCSA,CMCSA,Comcast Corp. Class A,COMCAST CORP CLASS A,0.203,OK,1.0,Holdings SPY
2025,96,DE,DE,Deere & Co.,DEERE + CO,0.202,OK,1.0,Holdings SPY
2025,97,MO,MO,"Altria Group, Inc.",ALTRIA GROUP INC,0.195,OK,1.0,Holdings SPY
2025,98,HOOD,HOOD,"Robinhood Markets, Inc. Class A ",ROBINHOOD MARKETS INC   A,0.194,OK,1.0,Holdings SPY
2025,99,PLD,PLD,"Prologis, Inc. REIT",PROLOGIS INC,0.186,OK,0.9,Holdings SPY
2025,100,SO,SO,Southern Co.,SOUTHERN CO/THE,0.183,OK,1.0,Holdings SPY
2026,1,NVDA,NVDA,NVIDIA CORP,NVIDIA CORP,8.158692,OK,1.0,Holdings SPY
2026,2,AAPL,AAPL,APPLE INC,APPLE INC,7.440639,OK,1.0,Holdings SPY
2026,3,MSFT,MSFT,MICROSOFT CORP,MICROSOFT CORP,5.56136,OK,1.0,Holdings SPY
2026,4,AMZN,AMZN,AMAZON.COM INC,AMAZON.COM INC,3.777349,OK,1.0,Holdings SPY
2026,5,GOOGL,GOOGL,ALPHABET INC CL A,ALPHABET INC CL A,3.110956,OK,1.0,Holdings SPY
2026,6,AVGO,AVGO,BROADCOM INC,BROADCOM INC,2.575973,OK,1.0,Holdings SPY
2026,7,META,META,META PLATFORMS INC CLASS A,META PLATFORMS INC CLASS A,2.225033,OK,1.0,Holdings SPY
2026,8,MU,MU,MICRON TECHNOLOGY INC,MICRON TECHNOLOGY INC,1.740161,OK,1.0,Holdings SPY
2026,9,TSLA,TSLA,TESLA INC,TESLA INC,1.556985,OK,1.0,Holdings SPY
2026,10,BRK.B,BRK.B,BERKSHIRE HATHAWAY INC CL B,BERKSHIRE HATHAWAY INC CL B,1.440074,OK,1.0,Holdings SPY
2026,11,JPM,JPM,JPMORGAN CHASE + CO,JPMORGAN CHASE + CO,1.409668,OK,1.0,Holdings SPY
2026,12,LLY,LLY,ELI LILLY + CO,ELI LILLY + CO,1.399288,OK,1.0,Holdings SPY
2026,13,AMD,AMD,ADVANCED MICRO DEVICES,ADVANCED MICRO DEVICES,1.386003,OK,1.0,Holdings SPY
2026,14,XOM,XOM,EXXONMOBIL HOLDINGS CORP,EXXONMOBIL HOLDINGS CORP,1.019807,OK,1.0,Holdings SPY
2026,15,JNJ,JNJ,JOHNSON + JOHNSON,JOHNSON + JOHNSON,0.986724,OK,1.0,Holdings SPY
2026,16,V,V,VISA INC CLASS A SHARES,VISA INC CLASS A SHARES,0.951972,OK,1.0,Holdings SPY
2026,17,INTC,INTC,INTEL CORP,INTEL CORP,0.818519,OK,1.0,Holdings SPY
2026,18,WMT,WMT,WALMART INC,WALMART INC,0.72147,OK,1.0,Holdings SPY
2026,19,ABBV,ABBV,ABBVIE INC,ABBVIE INC,0.70732,OK,1.0,Holdings SPY
2026,20,MA,MA,MASTERCARD INC   A,MASTERCARD INC   A,0.693265,OK,1.0,Holdings SPY
2026,21,CSCO,CSCO,CISCO SYSTEMS INC,CISCO SYSTEMS INC,0.654504,OK,1.0,Holdings SPY
2026,22,CVX,CVX,CHEVRON CORP,CHEVRON CORP,0.62788,OK,1.0,Holdings SPY
2026,23,PLTR,PLTR,PALANTIR TECHNOLOGIES INC A,PALANTIR TECHNOLOGIES INC A,0.619922,OK,1.0,Holdings SPY
2026,24,COST,COST,COSTCO WHOLESALE CORP,COSTCO WHOLESALE CORP,0.602054,OK,1.0,Holdings SPY
2026,25,BAC,BAC,BANK OF AMERICA CORP,BANK OF AMERICA CORP,0.569268,OK,1.0,Holdings SPY
2026,26,CAT,CAT,CATERPILLAR INC,CATERPILLAR INC,0.563871,OK,1.0,Holdings SPY
2026,27,MRK,MRK,MERCK + CO. INC.,MERCK + CO. INC.,0.549428,OK,1.0,Holdings SPY
2026,28,LRCX,LRCX,LAM RESEARCH CORP,LAM RESEARCH CORP,0.546839,OK,1.0,Holdings SPY
2026,29,AMAT,AMAT,APPLIED MATERIALS INC,APPLIED MATERIALS INC,0.535183,OK,1.0,Holdings SPY
2026,30,KO,KO,COCA COLA CO/THE,COCA COLA CO/THE,0.518145,OK,1.0,Holdings SPY
2026,31,PG,PG,PROCTER + GAMBLE CO/THE,PROCTER + GAMBLE CO/THE,0.515937,OK,1.0,Holdings SPY
2026,32,UNH,UNH,UNITEDHEALTH GROUP INC,UNITEDHEALTH GROUP INC,0.512949,OK,1.0,Holdings SPY
2026,33,GE,GE,GENERAL ELECTRIC,GENERAL ELECTRIC,0.494402,OK,1.0,Holdings SPY
2026,34,HD,HD,HOME DEPOT INC,HOME DEPOT INC,0.453829,OK,1.0,Holdings SPY
2026,35,NFLX,NFLX,NETFLIX INC,NETFLIX INC,0.453233,OK,1.0,Holdings SPY
2026,36,PANW,PANW,PALO ALTO NETWORKS INC,PALO ALTO NETWORKS INC,0.449461,OK,1.0,Holdings SPY
2026,37,PM,PM,PHILIP MORRIS INTERNATIONAL,PHILIP MORRIS INTERNATIONAL,0.44573,OK,1.0,Holdings SPY
2026,38,GS,GS,GOLDMAN SACHS GROUP INC,GOLDMAN SACHS GROUP INC,0.416031,OK,1.0,Holdings SPY
2026,39,SNDK,SNDK,SANDISK CORP,SANDISK CORP,0.396791,OK,1.0,Holdings SPY
2026,40,RTX,RTX,RTX CORP,RTX CORP,0.396596,OK,1.0,Holdings SPY
2026,41,WFC,WFC,WELLS FARGO + CO,WELLS FARGO + CO,0.394826,OK,1.0,Holdings SPY
2026,42,ORCL,ORCL,ORACLE CORP,ORACLE CORP,0.38696,OK,1.0,Holdings SPY
2026,43,GEV,GEV,GE VERNOVA INC,GE VERNOVA INC,0.379676,OK,1.0,Holdings SPY
2026,44,TXN,TXN,TEXAS INSTRUMENTS INC,TEXAS INSTRUMENTS INC,0.369362,OK,1.0,Holdings SPY
2026,45,CRWD,CRWD,CROWDSTRIKE HOLDINGS INC   A,CROWDSTRIKE HOLDINGS INC   A,0.366889,OK,1.0,Holdings SPY
2026,46,MS,MS,MORGAN STANLEY,MORGAN STANLEY,0.366581,OK,1.0,Holdings SPY
2026,47,TMO,TMO,THERMO FISHER SCIENTIFIC INC,THERMO FISHER SCIENTIFIC INC,0.36517,OK,1.0,Holdings SPY
2026,48,KLAC,KLAC,KLA CORP,KLA CORP,0.350758,OK,1.0,Holdings SPY
2026,49,C,C,CITIGROUP INC,CITIGROUP INC,0.335074,OK,1.0,Holdings SPY
2026,50,IBM,IBM,INTL BUSINESS MACHINES CORP,INTL BUSINESS MACHINES CORP,0.328035,OK,1.0,Holdings SPY
2026,51,MRVL,MRVL,MARVELL TECHNOLOGY INC,MARVELL TECHNOLOGY INC,0.32475,OK,1.0,Holdings SPY
2026,52,LIN,LIN,LINDE PLC,LINDE PLC,0.321721,OK,1.0,Holdings SPY
2026,53,ANET,ANET,ARISTA NETWORKS INC,ARISTA NETWORKS INC,0.316599,OK,1.0,Holdings SPY
2026,54,AMGN,AMGN,AMGEN INC,AMGEN INC,0.316302,OK,1.0,Holdings SPY
2026,55,VZ,VZ,VERIZON COMMUNICATIONS INC,VERIZON COMMUNICATIONS INC,0.302869,OK,1.0,Holdings SPY
2026,56,CRM,CRM,SALESFORCE INC,SALESFORCE INC,0.295622,OK,1.0,Holdings SPY
2026,57,STX,STX,SEAGATE TECHNOLOGY HOLDINGS,SEAGATE TECHNOLOGY HOLDINGS,0.295237,OK,1.0,Holdings SPY
2026,58,APH,APH,AMPHENOL CORP CL A,AMPHENOL CORP CL A,0.289879,OK,1.0,Holdings SPY
2026,59,QCOM,QCOM,QUALCOMM INC,QUALCOMM INC,0.287916,OK,1.0,Holdings SPY
2026,60,GILD,GILD,GILEAD SCIENCES INC,GILEAD SCIENCES INC,0.282129,OK,1.0,Holdings SPY
2026,61,ADI,ADI,ANALOG DEVICES INC,ANALOG DEVICES INC,0.277382,OK,1.0,Holdings SPY
2026,62,ABT,ABT,ABBOTT LABORATORIES,ABBOTT LABORATORIES,0.269318,OK,1.0,Holdings SPY
2026,63,DIS,DIS,WALT DISNEY CO/THE,WALT DISNEY CO/THE,0.268708,OK,1.0,Holdings SPY
2026,64,PEP,PEP,PEPSICO INC,PEPSICO INC,0.26843,OK,1.0,Holdings SPY
2026,65,MCD,MCD,MCDONALD S CORP,MCDONALD S CORP,0.266255,OK,1.0,Holdings SPY
2026,66,T,T,AT+T INC,AT+T INC,0.263806,OK,1.0,Holdings SPY
2026,67,DELL,DELL,DELL TECHNOLOGIES  C,DELL TECHNOLOGIES  C,0.260471,OK,1.0,Holdings SPY
2026,68,DE,DE,DEERE + CO,DEERE + CO,0.260255,OK,1.0,Holdings SPY
2026,69,SCHW,SCHW,SCHWAB (CHARLES) CORP,SCHWAB (CHARLES) CORP,0.259316,OK,1.0,Holdings SPY
2026,70,NEE,NEE,NEXTERA ENERGY INC,NEXTERA ENERGY INC,0.254909,OK,1.0,Holdings SPY
2026,71,UNP,UNP,UNION PACIFIC CORP,UNION PACIFIC CORP,0.251946,OK,1.0,Holdings SPY
2026,72,ETN,ETN,EATON CORP PLC,EATON CORP PLC,0.250538,OK,1.0,Holdings SPY
2026,73,WELL,WELL,WELLTOWER INC,WELLTOWER INC,0.250212,OK,1.0,Holdings SPY
2026,74,AXP,AXP,AMERICAN EXPRESS CO,AMERICAN EXPRESS CO,0.248925,OK,1.0,Holdings SPY
2026,75,WDC,WDC,WESTERN DIGITAL CORP,WESTERN DIGITAL CORP,0.241367,OK,1.0,Holdings SPY
2026,76,COP,COP,CONOCOPHILLIPS,CONOCOPHILLIPS,0.240222,OK,1.0,Holdings SPY
2026,77,PFE,PFE,PFIZER INC,PFIZER INC,0.239351,OK,1.0,Holdings SPY
2026,78,BA,BA,BOEING CO/THE,BOEING CO/THE,0.237614,OK,1.0,Holdings SPY
2026,79,BLK,BLK,BLACKROCK INC,BLACKROCK INC,0.233703,OK,1.0,Holdings SPY
2026,80,UBER,UBER,UBER TECHNOLOGIES INC,UBER TECHNOLOGIES INC,0.218422,OK,1.0,Holdings SPY
2026,81,TJX,TJX,TJX COMPANIES INC,TJX COMPANIES INC,0.213207,OK,1.0,Holdings SPY
2026,82,NOW,NOW,SERVICENOW INC,SERVICENOW INC,0.21244,OK,1.0,Holdings SPY
2026,83,ISRG,ISRG,INTUITIVE SURGICAL INC,INTUITIVE SURGICAL INC,0.210767,OK,1.0,Holdings SPY
2026,84,DHR,DHR,DANAHER CORP,DANAHER CORP,0.201011,OK,1.0,Holdings SPY
2026,85,NEM,NEM,NEWMONT CORP,NEWMONT CORP,0.197046,OK,1.0,Holdings SPY
2026,86,BMY,BMY,BRISTOL MYERS SQUIBB CO,BRISTOL MYERS SQUIBB CO,0.195486,OK,1.0,Holdings SPY
2026,87,VRTX,VRTX,VERTEX PHARMACEUTICALS INC,VERTEX PHARMACEUTICALS INC,0.195429,OK,1.0,Holdings SPY
2026,88,PLD,PLD,PROLOGIS INC,PROLOGIS INC,0.194369,OK,1.0,Holdings SPY
2026,89,BKNG,BKNG,BOOKING HOLDINGS INC,BOOKING HOLDINGS INC,0.191162,OK,1.0,Holdings SPY
2026,90,PGR,PGR,PROGRESSIVE CORP,PROGRESSIVE CORP,0.188255,OK,1.0,Holdings SPY
2026,91,COF,COF,CAPITAL ONE FINANCIAL CORP,CAPITAL ONE FINANCIAL CORP,0.188175,OK,1.0,Holdings SPY
2026,92,SPGI,SPGI,S+P GLOBAL INC,S+P GLOBAL INC,0.185673,OK,1.0,Holdings SPY
2026,93,CB,CB,CHUBB LTD,CHUBB LTD,0.181202,OK,1.0,Holdings SPY
2026,94,MPC,MPC,MARATHON PETROLEUM CORP,MARATHON PETROLEUM CORP,0.180787,OK,1.0,Holdings SPY
2026,95,PH,PH,PARKER HANNIFIN CORP,PARKER HANNIFIN CORP,0.180603,OK,1.0,Holdings SPY
2026,96,VLO,VLO,VALERO ENERGY CORP,VALERO ENERGY CORP,0.180488,OK,1.0,Holdings SPY
2026,97,GLW,GLW,CORNING INC,CORNING INC,0.180464,OK,1.0,Holdings SPY
2026,98,MDT,MDT,MEDTRONIC PLC,MEDTRONIC PLC,0.178684,OK,1.0,Holdings SPY
2026,99,MO,MO,ALTRIA GROUP INC,ALTRIA GROUP INC,0.176196,OK,1.0,Holdings SPY
2026,100,CVS,CVS,CVS HEALTH CORP,CVS HEALTH CORP,0.172346,OK,1.0,Holdings SPY
