Year,Company,Ticker,Weight,Fuente
2006,Exxon Mobil Corp,XOM,3.316,Holdings SPY
2006,General Electric Co,GE,3.036,Holdings SPY
2006,"Citigroup, Inc",C,2.042,Holdings SPY
2006,Bank of America Corp,BAC,2.022,Holdings SPY
2006,Microsoft Corp,MSFT,1.962,Holdings SPY
2006,"Pfizer, Inc",PFE,1.719,Holdings SPY
2006,Procter & Gamble Co,PG,1.635,Holdings SPY
2006,Johnson & Johnson,JNJ,1.579,Holdings SPY
2006,"American International Group, Inc",AIG,1.432,Holdings SPY
2006,JPMorgan Chase & Co,JPM,1.356,Holdings SPY
2006,"Altria Group, Inc",MO,1.333,Holdings SPY
2006,Chevron Corp,CVX,1.189,Holdings SPY
2006,"Cisco Systems, Inc",CSCO,1.168,Holdings SPY
2006,"AT&T, Inc",T,1.052,Holdings SPY
2006,International Business Machines Corp,IBM,1.036,Holdings SPY
2006,Wells Fargo & Co,WFC,1.013,Holdings SPY
2006,"Wal-Mart Stores, Inc",WMT,1.008,Holdings SPY
2006,Intel Corp,INTC,0.99,Holdings SPY
2006,"Verizon Communications, Inc",VZ,0.896,Holdings SPY
2006,"PepsiCo, Inc",PEP,0.892,Holdings SPY
2006,Hewlett-Packard Co,HPQ,0.835,Holdings SPY
2006,ConocoPhillips,COP,0.813,Holdings SPY
2006,Coca-Cola Co (The),KO,0.758,Holdings SPY
2006,"Merck & Co, Inc",MRK,0.756,Holdings SPY
2006,Wachovia Corp,WFC,0.742,Holdings SPY
2006,"Google, Inc, (Class A)",GOOGL,0.713,Holdings SPY
2006,"Amgen, Inc",AMGN,0.698,Holdings SPY
2006,Morgan Stanley,MS,0.646,Holdings SPY
2006,BellSouth Corp,T,0.646,Holdings SPY
2006,"United Parcel Service, Inc, (Class B)",UPS,0.645,Holdings SPY
2006,"Comcast Corp, (Class A)",CMCSA,0.643,Holdings SPY
2006,"Home Depot, Inc",HD,0.62,Holdings SPY
2006,Abbott Laboratories,ABT,0.617,Holdings SPY
2006,"Time Warner, Inc",WBD,0.613,Holdings SPY
2006,Schlumberger Ltd,SLB,0.611,Holdings SPY
2006,"Goldman Sachs Group, Inc",GS,0.604,Holdings SPY
2006,Oracle Corp,ORCL,0.596,Holdings SPY
2006,"Merrill Lynch & Co, Inc",BAC,0.576,Holdings SPY
2006,American Express Co,AXP,0.572,Holdings SPY
2006,Wyeth,PFE,0.566,Holdings SPY
2006,"UnitedHealth Group, Inc",UNH,0.55,Holdings SPY
2006,"Apple Computer, Inc",AAPL,0.542,Holdings SPY
2006,Disney (Walt) Co (The),DIS,0.537,Holdings SPY
2006,United Technologies Corp,UAL,0.53,Holdings SPY
2006,Boeing Co,BA,0.522,Holdings SPY
2006,"Motorola, Inc",MSI,0.511,Holdings SPY
2006,"QUALCOMM, Inc",QCOM,0.504,Holdings SPY
2006,US Bancorp,USB,0.489,Holdings SPY
2006,Tyco International Ltd,JCI,0.472,Holdings SPY
2006,Lilly (Eli) & Co,LLY,0.464,Holdings SPY
2006,3M Co,MMM,0.464,Holdings SPY
2006,Fannie Mae,FNMA,0.448,Holdings SPY
2006,"Medtronic, Inc",MDT,0.443,Holdings SPY
2006,"Dell, Inc",DELL,0.429,Holdings SPY
2006,"Texas Instruments, Inc",TXN,0.428,Holdings SPY
2006,Sprint Nextel Corp,TMUS,0.423,Holdings SPY
2006,Bristol-Myers Squibb Co,BMY,0.405,Holdings SPY
2006,McDonald's Corp,MCD,0.405,Holdings SPY
2006,"WellPoint, Inc",ELV,0.397,Holdings SPY
2006,Target Corp,TGT,0.394,Holdings SPY
2006,News Corp,NWS,0.384,Holdings SPY
2006,Freddie Mac,FMCC,0.379,Holdings SPY
2006,Walgreen Co,WBA,0.371,Holdings SPY
2006,"Caterpillar, Inc",CAT,0.364,Holdings SPY
2006,"Lowe's Companies, Inc",LOW,0.361,Holdings SPY
2006,"MetLife, Inc",MET,0.356,Holdings SPY
2006,"Washington Mutual, Inc",JPM,0.345,Holdings SPY
2006,Occidental Petroleum Corp,OXY,0.341,Holdings SPY
2006,Exelon Corp,EXC,0.335,Holdings SPY
2006,Allstate Corp,ALL,0.33,Holdings SPY
2006,"Lehman Brothers Holdings, Inc",LEHKQ,0.329,Holdings SPY
2006,Du Pont (EI) de Nemours,DD,0.326,Holdings SPY
2006,Duke Energy Corp,DUK,0.315,Holdings SPY
2006,"Corning, Inc",GLW,0.315,Holdings SPY
2006,"Prudential Financial, Inc",PRU,0.311,Holdings SPY
2006,Dow Chemical Co,DOW,0.311,Holdings SPY
2006,"Anheuser-Busch Cos, Inc",BUD,0.304,Holdings SPY
2006,Emerson Electric Co,EMR,0.284,Holdings SPY
2006,"Honeywell International, Inc",HON,0.28,Holdings SPY
2006,"eBay, Inc",EBAY,0.277,Holdings SPY
2006,FedEx Corp,FDX,0.274,Holdings SPY
2006,Schering-Plough Corp,MRK,0.271,Holdings SPY
2006,"St Paul Travelers Cos, Inc (The)",TRV,0.27,Holdings SPY
2006,First Data Corp,FI,0.265,Holdings SPY
2006,Colgate-Palmolive Co,CL,0.264,Holdings SPY
2006,"Yahoo!, Inc",YHOO,0.263,Holdings SPY
2006,Valero Energy Corp,VLO,0.262,Holdings SPY
2006,"Gilead Sciences, Inc",GILD,0.258,Holdings SPY
2006,Lockheed Martin Corp,LMT,0.252,Holdings SPY
2006,Kimberly-Clark Corp,KMB,0.248,Holdings SPY
2006,"Baxter International, Inc",BAX,0.246,Holdings SPY
2006,Halliburton Co,HAL,0.243,Holdings SPY
2006,General Dynamics Corp,GD,0.239,Holdings SPY
2006,TXU Corp,VST,0.239,Holdings SPY
2006,EMC Corp,DELL,0.234,Holdings SPY
2006,"SunTrust Banks, Inc",TFC,0.232,Holdings SPY
2006,Marathon Oil Corp,COP,0.23,Holdings SPY
2006,Devon Energy Corp,DVN,0.23,Holdings SPY
2006,"Bank of New York Co, Inc (The)",BK,0.225,Holdings SPY
2006,"Dominion Resources, Inc",D,0.225,Holdings SPY
2006,"Viacom, Inc, (Class B)",PSKY,0.222,Holdings SPY
2006,"Cardinal Health, Inc",CAH,0.222,Holdings SPY
2006,Burlington Northern Santa Fe Corp,BRK.B,0.221,Holdings SPY
2006,"Automatic Data Processing, Inc",ADP,0.218,Holdings SPY
2006,"Hartford Financial Services Group, Inc (The)",HIG,0.218,Holdings SPY
2006,CVS Corp,CVS,0.217,Holdings SPY
2006,Starbucks Corp,SBUX,0.216,Holdings SPY
2006,Southern Co (The),SO,0.212,Holdings SPY
2006,Monsanto Co,BAYRY,0.21,Holdings SPY
2006,Archer-Daniels-Midland Co,ADM,0.205,Holdings SPY
2006,"Applied Materials, Inc",AMAT,0.202,Holdings SPY
2006,"Alcoa, Inc",AA,0.202,Holdings SPY
2006,"Caremark Rx, Inc",CVS,0.201,Holdings SPY
2006,BB&T Corp,TFC,0.199,Holdings SPY
2006,"Federated Department Stores, Inc",M,0.198,Holdings SPY
2006,Capital One Financial Corp,COF,0.197,Holdings SPY
2006,"Transocean, Inc",RIG,0.197,Holdings SPY
2006,Union Pacific Corp,UNP,0.196,Holdings SPY
2006,Costco Wholesale Corp,COST,0.194,Holdings SPY
2006,Northrop Grumman Corp,NOC,0.193,Holdings SPY
2006,"Baker Hughes, Inc",BKR,0.192,Holdings SPY
2006,"Aflac, Inc",AFL,0.189,Holdings SPY
2006,"Adobe Systems, Inc",ADBE,0.185,Holdings SPY
2006,"Aetna, Inc",CVS,0.185,Holdings SPY
2006,National City Corp,PNC,0.185,Holdings SPY
2006,"CBS Corp, (Class B)",PSKY,0.18,Holdings SPY
2006,"Best Buy Co, Inc",BBY,0.179,Holdings SPY
2006,ALLTEL Corp,VZ,0.179,Holdings SPY
2006,Chubb Corp,CB,0.179,Holdings SPY
2006,SLM Corp,SLM,0.178,Holdings SPY
2006,PNC Financial Services Group,PNC,0.177,Holdings SPY
2006,Raytheon Co,RTX,0.177,Holdings SPY
2006,Kohl's Corp,KSS,0.177,Holdings SPY
2006,Countrywide Financial Corp,BAC,0.176,Holdings SPY
2006,"HCA, Inc",HCA,0.176,Holdings SPY
2006,Fifth Third Bancorp,FITB,0.175,Holdings SPY
2006,Carnival Corp,CCL,0.175,Holdings SPY
2006,Symantec Corp,GEN,0.175,Holdings SPY
2006,Apache Corp,APA,0.172,Holdings SPY
2006,"McGraw-Hill Cos, Inc (The)",SPGI,0.172,Holdings SPY
2006,State Street Corp,STT,0.171,Holdings SPY
2006,Sysco Corp,SYY,0.171,Holdings SPY
2006,Golden West Financial Corp,WFC,0.171,Holdings SPY
2006,"Simon Property Group, Inc",SPG,0.167,Holdings SPY
2006,"Waste Management, Inc",WM,0.167,Holdings SPY
2006,Anadarko Petroleum Corp,OXY,0.167,Holdings SPY
2006,"General Mills, Inc",GIS,0.166,Holdings SPY
2006,Deere & Co,DE,0.164,Holdings SPY
2006,Progressive Corp (The),PGR,0.159,Holdings SPY
2006,Newmont Mining Corp (Holding Co),NEM,0.159,Holdings SPY
2006,"Praxair, Inc",LIN,0.158,Holdings SPY
2006,General Motors Corp,GM,0.155,Holdings SPY
2006,"Illinois Tool Works, Inc",ITW,0.154,Holdings SPY
2006,FirstEnergy Corp,FE,0.152,Holdings SPY
2006,Charles Schwab Corp (The),SCHW,0.152,Holdings SPY
2006,Norfolk Southern Corp,NSC,0.151,Holdings SPY
2006,"Medco Health Solutions, Inc",CI,0.151,Holdings SPY
2006,"FPL Group, Inc",NEE,0.15,Holdings SPY
2006,Boston Scientific Corp,BSX,0.149,Holdings SPY
2006,Lincoln National Corp,LNC,0.147,Holdings SPY
2006,ACE Ltd,CB,0.147,Holdings SPY
2006,"Franklin Resources, Inc",BEN,0.147,Holdings SPY
2006,"Staples, Inc",SPLS,0.146,Holdings SPY
2006,Genzyme Corp,SNY,0.145,Holdings SPY
2006,Loews Corp,L,0.144,Holdings SPY
2006,"Becton, Dickinson & Co",BDX,0.144,Holdings SPY
2006,"Sun Microsystems, Inc",ORCL,0.144,Holdings SPY
2006,Phelps Dodge Corp,FCX,0.143,Holdings SPY
2006,"Allergan, Inc",ABBV,0.142,Holdings SPY
2006,"Chicago Mercantile Exchange Holdings, Inc",CME,0.142,Holdings SPY
2006,"Electronic Arts, Inc",EA,0.141,Holdings SPY
2006,"Harley-Davidson, Inc",HOG,0.141,Holdings SPY
2006,"Bear Stearns Cos, Inc (The)",JPM,0.14,Holdings SPY
2006,"Zimmer Holdings, Inc",ZBH,0.139,Holdings SPY
2006,Kroger Co (The),KR,0.138,Holdings SPY
2006,Regions Financial Corp,RF,0.138,Holdings SPY
2006,"NIKE, Inc, (Class B)",NKE,0.137,Holdings SPY
2006,"Forest Laboratories, Inc",ABBV,0.136,Holdings SPY
2006,Danaher Corp,DHR,0.134,Holdings SPY
2006,Entergy Corp,ETR,0.134,Holdings SPY
2006,Mellon Financial Corp,BK,0.134,Holdings SPY
2006,"Genworth Financial, Inc, (Class A)",GNW,0.133,Holdings SPY
2006,McKesson Corp,MCK,0.133,Holdings SPY
2006,"JC Penney Co, Inc",CPPRQ,0.133,Holdings SPY
2006,Moody's Corp,MCO,0.132,Holdings SPY
2006,"Omnicom Group, Inc",OMC,0.132,Holdings SPY
2006,International Paper Co,IP,0.131,Holdings SPY
2006,"EOG Resources, Inc",EOG,0.13,Holdings SPY
2006,"Freescale Semiconductor, Inc",NXPI,0.129,Holdings SPY
2006,"Marsh & McLennan Cos, Inc",MRSH,0.128,Holdings SPY
2006,Xerox Corp,XRX,0.128,Holdings SPY
2006,"Public Service Enterprise Group, Inc",PEG,0.127,Holdings SPY
2006,Nucor Corp,NUE,0.127,Holdings SPY
2006,"XTO Energy, Inc",XOM,0.127,Holdings SPY
2006,"Biogen Idec, Inc",BIIB,0.127,Holdings SPY
2006,Ford Motor Co,F,0.126,Holdings SPY
2006,Weyerhaeuser Co,WY,0.125,Holdings SPY
2006,Principal Financial Group,PFG,0.125,Holdings SPY
2006,KeyCorp,KEY,0.125,Holdings SPY
2006,"Air Products & Chemicals, Inc",APD,0.123,Holdings SPY
2006,Equity Office Properties Trust,BX,0.122,Holdings SPY
2006,Equity Residential Properties Trust,EQR,0.121,Holdings SPY
2006,CSX Corp,CSX,0.12,Holdings SPY
2006,"Clear Channel Communications, Inc",IHRT,0.12,Holdings SPY
2006,Weatherford International Ltd,WFRD,0.12,Holdings SPY
2006,PG&E Corp,PCG,0.12,Holdings SPY
2006,Stryker Corp,SYK,0.119,Holdings SPY
2006,"PACCAR, Inc",PCAR,0.119,Holdings SPY
2006,"Yum Brands, Inc",YUM,0.118,Holdings SPY
2006,"American Electric Power Co, Inc",AEP,0.118,Holdings SPY
2006,"Williams Cos, Inc (The)",WMB,0.117,Holdings SPY
2006,International Game Technology,IGT,0.116,Holdings SPY
2006,Heinz (HJ) Co,KHC,0.116,Holdings SPY
2006,"Johnson Controls, Inc",JCI,0.116,Holdings SPY
2006,ProLogis,PLD,0.116,Holdings SPY
2006,"Agilent Technologies, Inc",A,0.115,Holdings SPY
2006,"Broadcom Corp, (Class A)",AVGO,0.115,Holdings SPY
2006,"Network Appliance, Inc",NTAP,0.114,Holdings SPY
2006,"Avon Products, Inc",NTCO,0.114,Holdings SPY
2006,"Qwest Communications International, Inc",LUMN,0.113,Holdings SPY
2006,"Safeway, Inc",ACI,0.112,Holdings SPY
2006,Edison International,EIX,0.112,Holdings SPY
2006,"Gannett Co, Inc",GCI,0.112,Holdings SPY
2006,AES Corp,AES,0.111,Holdings SPY
2006,"Marriott International, Inc, (Class A)",MAR,0.111,Holdings SPY
2006,Vornado Realty Trust,VNO,0.111,Holdings SPY
2006,"Legg Mason, Inc",BEN,0.111,Holdings SPY
2006,"North Fork Bancorporation, Inc",COF,0.11,Holdings SPY
2006,"Coach, Inc",TPR,0.109,Holdings SPY
2006,Southwest Airlines Co,LUV,0.109,Holdings SPY
2006,Sears Holdings Corp,SRSQ,0.109,Holdings SPY
2006,Sempra Energy,SRE,0.108,Holdings SPY
2006,CIGNA Corp,CI,0.107,Holdings SPY
2006,"St Jude Medical, Inc",ABT,0.107,Holdings SPY
2006,"TJX Cos, Inc (The)",TJX,0.106,Holdings SPY
2006,Electronic Data Systems Corp,DXC,0.105,Holdings SPY
2006,"T Rowe Price Group, Inc",TROW,0.105,Holdings SPY
2006,"ConAgra Foods, Inc",CAG,0.105,Holdings SPY
2006,"Micron Technology, Inc",MU,0.105,Holdings SPY
2006,"Ingersoll-Rand Co, (Class A)",IR,0.103,Holdings SPY
2006,PPL Corp,PPL,0.103,Holdings SPY
2006,"Starwood Hotels & Resorts Worldwide, Inc",MAR,0.103,Holdings SPY
2006,XL Capital Ltd,AXA,0.103,Holdings SPY
2006,Marshall & Ilsley Corp,BMO,0.102,Holdings SPY
2006,"Paychex, Inc",PAYX,0.101,Holdings SPY
2006,"Harrah's Entertainment, Inc",CZR,0.101,Holdings SPY
2006,Sara Lee Corp,TSN,0.101,Holdings SPY
2006,Kellogg Co,KLG,0.1,Holdings SPY
2006,"Advanced Micro Devices, Inc",AMD,0.1,Holdings SPY
2006,"Boston Properties, Inc",BXP,0.099,Holdings SPY
2006,"Ameriprise Financial, Inc",AMP,0.097,Holdings SPY
2006,Archstone-Smith Trust,AVB,0.096,Holdings SPY
2006,"Textron, Inc",TXT,0.095,Holdings SPY
2006,"Office Depot, Inc",ODP,0.094,Holdings SPY
2006,"Progress Energy, Inc",D,0.094,Holdings SPY
2006,"Consolidated Edison, Inc",ED,0.093,Holdings SPY
2006,"PPG Industries, Inc",PPG,0.091,Holdings SPY
2006,Chesapeake Energy Corp,CHK,0.091,Holdings SPY
2006,"Kinder Morgan, Inc",KMI,0.091,Holdings SPY
2006,"Fortune Brands, Inc",FBIN,0.091,Holdings SPY
2006,"Intuit, Inc",INTU,0.091,Holdings SPY
2006,Masco Corp,MAS,0.09,Holdings SPY
2006,"Humana, Inc",HUM,0.09,Holdings SPY
2006,Aon Corp,AON,0.09,Holdings SPY
2006,Hilton Hotels Corp,HLT,0.09,Holdings SPY
2006,"Bed Bath & Beyond, Inc",BBBY,0.089,Holdings SPY
2006,Northern Trust Corp,NTRS,0.089,Holdings SPY
2006,Ameren Corp,AEE,0.089,Holdings SPY
2006,"Analog Devices, Inc",ADI,0.089,Holdings SPY
2006,"Reynolds American, Inc",BTI,0.087,Holdings SPY
2006,"Freeport-McMoran Copper & Gold, Inc, (Class B)",FCX,0.087,Holdings SPY
2006,"Constellation Energy Group, Inc",CEG,0.087,Holdings SPY
2006,"Public Storage, Inc",PSA,0.087,Holdings SPY
2006,SanDisk Corp,WDC,0.087,Holdings SPY
2006,NVIDIA Corp,NVDA,0.086,Holdings SPY
2006,"Lucent Technologies, Inc",NOK,0.086,Holdings SPY
2006,"Gap, Inc (The)",GAP,0.086,Holdings SPY
2006,"Express Scripts, Inc",CI,0.086,Holdings SPY
2006,Eaton Corp,ETN,0.086,Holdings SPY
2006,"Rockwell Automation, Inc",ROK,0.085,Holdings SPY
2006,ETRADE Financial Corp,MS,0.084,Holdings SPY
2006,"National-Oilwell Varco, Inc",NOV,0.084,Holdings SPY
2006,Wm Wrigley Jr Co,WWY,0.084,Holdings SPY
2006,"Pitney Bowes, Inc",PBI,0.083,Holdings SPY
2006,AmSouth Bancorp,RF,0.083,Holdings SPY
2006,Hess Corp,CVX,0.083,Holdings SPY
2006,"Quest Diagnostics, Inc",DGX,0.082,Holdings SPY
2006,"Amazoncom, Inc",AMZN,0.082,Holdings SPY
2006,"Juniper Networks, Inc",HPE,0.081,Holdings SPY
2006,BJ Services Co,BJ,0.081,Holdings SPY
2006,"CA, Inc",AVGO,0.081,Holdings SPY
2006,"Nordstrom, Inc",JWN,0.08,Holdings SPY
2006,"CIT Group, Inc",FCNCA,0.08,Holdings SPY
2006,"Fisher Scientific International, Inc",TMO,0.08,Holdings SPY
2006,Dover Corp,DOV,0.08,Holdings SPY
2006,Hershey Co (The),HSY,0.079,Holdings SPY
2006,Synovus Financial Corp,SNV,0.079,Holdings SPY
2006,M&T Bank Corp,MTB,0.079,Holdings SPY
2006,El Paso Corp,KMI,0.078,Holdings SPY
2006,"L-3 Communications Holdings, Inc",LHX,0.078,Holdings SPY
2006,Linear Technology Corp,ADI,0.078,Holdings SPY
2006,ITT Corp,ITT,0.078,Holdings SPY
2006,Clorox Co,CLX,0.078,Holdings SPY
2006,AmerisourceBergen Corp,COR,0.078,Holdings SPY
2006,"Rockwell Collins, Inc",RTX,0.078,Holdings SPY
2006,Nabors Industries Ltd,NBR,0.077,Holdings SPY
2006,Parker-Hannifin Corp,PH,0.077,Holdings SPY
2006,Computer Sciences Corp,DXC,0.077,Holdings SPY
2006,"Comerica, Inc",CMA,0.076,Holdings SPY
2006,"Limited Brands, Inc",BBWI,0.076,Holdings SPY
2006,Kimco Realty Corp,KIM,0.075,Holdings SPY
2006,"Maxim Integrated Products, Inc",ADI,0.074,Holdings SPY
2006,Murphy Oil Corp,MUR,0.074,Holdings SPY
2006,"UST, Inc",MO,0.074,Holdings SPY
2006,KLA-Tencor Corp,KLAC,0.073,Holdings SPY
2006,Noble Corp,CVX,0.073,Holdings SPY
2006,"Ambac Financial Group, Inc",AMBC,0.072,Holdings SPY
2006,"Univision Communications, Inc, (Class A)",DELISTED,0.072,Holdings SPY
2006,Campbell Soup Co,CPB,0.07,Holdings SPY
2006,Zions Bancorp,ZION,0.07,Holdings SPY
2006,Cincinnati Financial Corp,CINF,0.069,Holdings SPY
2006,"Xcel Energy, Inc",XEL,0.069,Holdings SPY
2006,"Fiserv, Inc",FISV,0.068,Holdings SPY
2006,"Sunoco, Inc",SUN,0.068,Holdings SPY
2006,"Whole Foods Market, Inc",AMZN,0.068,Holdings SPY
2006,"Coventry Health Care, Inc",CVS,0.068,Holdings SPY
2006,"MBIA, Inc",MBI,0.068,Holdings SPY
2006,Laboratory Corp of America Holdings,LH,0.068,Holdings SPY
2006,"Sovereign Bancorp, Inc",SAN,0.067,Holdings SPY
2006,"Autodesk, Inc",ADSK,0.066,Holdings SPY
2006,"Biomet, Inc",ZBH,0.066,Holdings SPY
2006,"Smith International, Inc",SLB,0.065,Holdings SPY
2006,"Newell Rubbermaid, Inc",NWL,0.065,Holdings SPY
2006,Vulcan Materials Co,VMC,0.065,Holdings SPY
2006,"Wendy's International, Inc",WEN,0.065,Holdings SPY
2006,"Cooper Industries Ltd, (Class A)",COO,0.065,Holdings SPY
2006,"Ecolab, Inc",ECL,0.064,Holdings SPY
2006,"CR Bard, Inc",BDX,0.064,Holdings SPY
2006,"Mattel, Inc",MAT,0.063,Holdings SPY
2006,"Xilinx, Inc",AMD,0.062,Holdings SPY
2006,"American Standard Cos, Inc",TT,0.062,Holdings SPY
2006,"MedImmune, Inc",AZN,0.061,Holdings SPY
2006,Genuine Parts Co,GPC,0.061,Holdings SPY
2006,"Compass Bancshares, Inc",BBVA,0.061,Holdings SPY
2006,DTE Energy Co,DTE,0.061,Holdings SPY
2006,SAFECO Corp,LBRDK,0.06,Holdings SPY
2006,United States Steel Corp,X,0.06,Holdings SPY
2006,Embarq Corp,LUMN,0.059,Holdings SPY
2006,NCR Corp,VYX,0.059,Holdings SPY
2006,KeySpan Corp,NGG,0.059,Holdings SPY
2006,"Block (H&R), Inc",HRB,0.059,Holdings SPY
2006,RR Donnelley & Sons Co,RRD,0.059,Holdings SPY
2006,National Semiconductor Corp,TXN,0.058,Holdings SPY
2006,"Apollo Group, Inc, (Class A)",APO,0.057,Holdings SPY
2006,Rohm & Haas Co,DOW,0.057,Holdings SPY
2006,"Pulte Homes, Inc",PHM,0.056,Holdings SPY
2006,Fluor Corp,FLR,0.056,Holdings SPY
2006,"Commerce Bancorp, Inc",TD,0.056,Holdings SPY
2006,UnumProvident Corp,UNM,0.055,Holdings SPY
2006,"Citrix Systems, Inc",CTXS,0.055,Holdings SPY
2006,Altera Corp,ALTR,0.054,Holdings SPY
2006,"Allegheny Energy, Inc",ATI,0.054,Holdings SPY
2006,Whirlpool Corp,WHR,0.054,Holdings SPY
2006,Torchmark Corp,GL,0.054,Holdings SPY
2006,"DR Horton, Inc",DHI,0.054,Holdings SPY
2006,Centex Corp,PHM,0.053,Holdings SPY
2006,Thermo Electron Corp,AVT,0.053,Holdings SPY
2006,Eastman Kodak Co,KODK,0.053,Holdings SPY
2006,VF Corp,VFC,0.053,Holdings SPY
2006,"Brown-Forman Corp, (Class B)",BF.B,0.053,Holdings SPY
2006,"Allegheny Technologies, Inc",ATI,0.052,Holdings SPY
2006,"Lennar Corp, (Class A)",LEN,0.052,Holdings SPY
2006,"Cummins, Inc",CMI,0.052,Holdings SPY
2006,"Coca-Cola Enterprises, Inc",CCEP,0.052,Holdings SPY
2006,"Darden Restaurants, Inc",DRI,0.052,Holdings SPY
2006,Windstream Corp,UNIT,0.052,Holdings SPY
2006,"Plum Creek Timber Co, Inc",WY,0.052,Holdings SPY
2006,Tribune Co,NXST,0.052,Holdings SPY
2006,"Lexmark International, Inc, (Class A)",LXK,0.051,Holdings SPY
2006,Sherwin-Williams Co (The),SHW,0.051,Holdings SPY
2006,"Hospira, Inc",PFE,0.051,Holdings SPY
2006,Applera Corp -- Applied Biosystems Group,TMO,0.051,Holdings SPY
2006,Black & Decker Corp,SWK,0.051,Holdings SPY
2006,"Affiliated Computer Services, Inc, (Class A)",AMG,0.05,Holdings SPY
2006,"SUPERVALU, Inc",UNFI,0.05,Holdings SPY
2006,"Huntington Bancshares, Inc",HBAN,0.049,Holdings SPY
2006,"NiSource, Inc",NI,0.049,Holdings SPY
2006,"Robert Half International, Inc",RHI,0.048,Holdings SPY
2006,"Consol Energy, Inc",CEIX,0.048,Holdings SPY
2006,"BMC Software, Inc",BMC,0.048,Holdings SPY
2006,Dean Foods Co,DFODQ,0.047,Holdings SPY
2006,"Autozone, Inc",AZO,0.047,Holdings SPY
2006,Avery Dennison Corp,AVY,0.047,Holdings SPY
2006,"Constellation Brands, Inc, (Class A)",STZ,0.047,Holdings SPY
2006,Wyndham Worldwide Corp,WH,0.047,Holdings SPY
2006,Cintas Corp,CTAS,0.046,Holdings SPY
2006,"Harman International Industries, Inc",SMSN,0.046,Holdings SPY
2006,"Molex, Inc",KOCH,0.046,Holdings SPY
2006,"Barr Pharmaceuticals, Inc",TEVA,0.045,Holdings SPY
2006,"IMS Health, Inc",IQV,0.044,Holdings SPY
2006,Realogy Corp,HOUS,0.044,Holdings SPY
2006,"Avaya, Inc",AVYAQ,0.044,Holdings SPY
2006,"Apartment Investment & Management Co, (Class A)",AIV,0.043,Holdings SPY
2006,MGIC Investment Corp,MTG,0.043,Holdings SPY
2006,"WW Grainger, Inc",GWW,0.042,Holdings SPY
2006,"Jabil Circuit, Inc",JBL,0.042,Holdings SPY
2006,Sigma-Aldrich Corp,MRK.DE,0.042,Holdings SPY
2006,"McCormick & Co, Inc",MKC,0.042,Holdings SPY
2006,"Health Management Associates, Inc, (Class A)",CYH,0.041,Holdings SPY
2006,Goodrich Corp,RTX,0.041,Holdings SPY
2006,"Tellabs, Inc",TLAB,0.041,Holdings SPY
2006,"VeriSign, Inc",VRSN,0.041,Holdings SPY
2006,"Estee Lauder Cos, Inc (The) (Class A)",EL,0.04,Holdings SPY
2006,MeadWestvaco Corp,SKG,0.04,Holdings SPY
2006,"Pepsi Bottling Group, Inc (The)",PEP,0.04,Holdings SPY
2006,First Horizon National Corp,FHN,0.039,Holdings SPY
2006,"Equifax, Inc",EFX,0.039,Holdings SPY
2006,Waters Corp,WAT,0.039,Holdings SPY
2006,Tiffany & Co,LVMUY,0.039,Holdings SPY
2006,"Patterson Cos, Inc",PDCO,0.038,Holdings SPY
2006,"Monster Worldwide, Inc",RAND,0.038,Holdings SPY
2006,Citizens Communications Co,CFG,0.038,Holdings SPY
2006,"CenturyTel, Inc",LUMN,0.038,Holdings SPY
2006,"Leggett & Platt, Inc",LEG,0.038,Holdings SPY
2006,"Ashland, Inc",ASH,0.037,Holdings SPY
2006,"Family Dollar Stores, Inc",DLTR,0.037,Holdings SPY
2006,Pinnacle West Capital Corp,PNW,0.037,Holdings SPY
2006,"Temple-Inland, Inc",IP,0.037,Holdings SPY
2006,"CenterPoint Energy, Inc",CNP,0.037,Holdings SPY
2006,Eastman Chemical Co,EMN,0.036,Holdings SPY
2006,Sealed Air Corp,SEE,0.036,Holdings SPY
2006,"Mylan Laboratories, Inc",VTRS,0.036,Holdings SPY
2006,"Comverse Technology, Inc",MAANA,0.036,Holdings SPY
2006,Dollar General Corp,DG,0.036,Holdings SPY
2006,"Interpublic Group of Cos, Inc",IPG,0.035,Holdings SPY
2006,"Janus Capital Group, Inc",JHG,0.035,Holdings SPY
2006,Ball Corp,BALL,0.035,Holdings SPY
2006,"Liz Claiborne, Inc",TPR,0.034,Holdings SPY
2006,"King Pharmaceuticals, Inc",PFE,0.034,Holdings SPY
2006,"EW Scripps Co (The), (Class A)",SSP,0.034,Holdings SPY
2006,Pactiv Corp,PTVE,0.034,Holdings SPY
2006,"Hasbro, Inc",HAS,0.033,Holdings SPY
2006,"Tyson Foods, Inc, (Class A)",TSN,0.033,Holdings SPY
2006,"Molson Coors Brewing Co, (Class B)",TAP,0.033,Holdings SPY
2006,"Manor Care, Inc",HCR,0.032,Holdings SPY
2006,Pall Corp,DHR,0.032,Holdings SPY
2006,Tenet Healthcare Corp,THC,0.032,Holdings SPY
2006,"Alberto-Culver Co, (Class B)",UL,0.032,Holdings SPY
2006,"Circuit City Stores, Inc",CCTYQ,0.032,Holdings SPY
2006,American Power Conversion Corp,SBGSY,0.031,Holdings SPY
2006,"Symbol Technologies, Inc",ZBRA,0.031,Holdings SPY
2006,"Jones Apparel Group, Inc",JNY,0.031,Holdings SPY
2006,"Novellus Systems, Inc",LRCX,0.03,Holdings SPY
2006,JDS Uniphase Corp,VIAV,0.03,Holdings SPY
2006,Stanley Works (The),SWK,0.03,Holdings SPY
2006,"Bemis Co, Inc",AMBP,0.029,Holdings SPY
2006,"Rowan Cos, Inc",VAL,0.028,Holdings SPY
2006,KB HOME,KBH,0.028,Holdings SPY
2006,"New York Times Co (The), (Class A)",NYT,0.028,Holdings SPY
2006,Millipore Corp,MRK.DE,0.027,Holdings SPY
2006,"TECO Energy, Inc",EMA,0.027,Holdings SPY
2006,LSI Logic Corp,AVGO,0.027,Holdings SPY
2006,CMS Energy Corp,CMS,0.026,Holdings SPY
2006,"Ryder System, Inc",R,0.026,Holdings SPY
2006,"International Flavors & Fragrances, Inc",IFF,0.026,Holdings SPY
2006,Sabre Holdings Corp,SABR,0.025,Holdings SPY
2006,"AutoNation, Inc",AN,0.025,Holdings SPY
2006,QLogic Corp,MRVL,0.025,Holdings SPY
2006,Solectron Corp,FLEX,0.025,Holdings SPY
2006,Compuware Corp,CPWR,0.025,Holdings SPY
2006,Brunswick Corp,BC,0.024,Holdings SPY
2006,"OfficeMax, Inc",ODP,0.024,Holdings SPY
2006,Convergys Corp,CNXC,0.024,Holdings SPY
2006,"Federated Investors, Inc, (Class B)",FHI,0.023,Holdings SPY
2006,"Allied Waste Industries, Inc",RSG,0.022,Holdings SPY
2006,"Bausch & Lomb, Inc",BLCO,0.022,Holdings SPY
2006,"Watson Pharmaceuticals, Inc",TEVA,0.022,Holdings SPY
2006,"Teradyne, Inc",TER,0.021,Holdings SPY
2006,"Snap-on, Inc",SNA,0.021,Holdings SPY
2006,RadioShack Corp,RSHCQ,0.021,Holdings SPY
2006,Goodyear Tire & Rubber Co (The),GT,0.021,Holdings SPY
2006,"PerkinElmer, Inc",RVTY,0.02,Holdings SPY
2006,"Tektronix, Inc",DHR,0.019,Holdings SPY
2006,CIENA Corp,CIEN,0.019,Holdings SPY
2006,"Big Lots, Inc",BIG,0.019,Holdings SPY
2006,"Novell, Inc",MFGP,0.017,Holdings SPY
2006,Meredith Corp,IAC,0.017,Holdings SPY
2006,"Dynegy, Inc, (Class A)",VST,0.017,Holdings SPY
2006,"Dillard's, Inc, (Class A)",DDS,0.017,Holdings SPY
2006,Sanmina-SCI Corp,SANM,0.016,Holdings SPY
2006,Louisiana-Pacific Corp,LPX,0.016,Holdings SPY
2006,"Dow Jones & Co, Inc",NWSA,0.016,Holdings SPY
2006,Parametric Technology Corp,PTC,0.016,Holdings SPY
2006,Unisys Corp,UIS,0.016,Holdings SPY
2006,"Nicor, Inc",SO,0.016,Holdings SPY
2006,"Hercules, Inc",ASH,0.015,Holdings SPY
2006,"ADC Telecommunications, Inc",TEL,0.014,Holdings SPY
2006,Navistar International Corp,TRATON,0.013,Holdings SPY
2006,Peoples Energy Corp,TEG,0.013,Holdings SPY
2006,"PMC-Sierra, Inc",MCHP,0.01,Holdings SPY
2007,Exxon Mobil Corp,XOM,3.812,Holdings SPY
2007,General Electric Co,GE,3.146,Holdings SPY
2007,"AT&T, Inc",T,1.916,Holdings SPY
2007,Microsoft Corp,MSFT,1.765,Holdings SPY
2007,"Citigroup, Inc",C,1.723,Holdings SPY
2007,Bank of America Corp,BAC,1.65,Holdings SPY
2007,Procter & Gamble Co,PG,1.635,Holdings SPY
2007,"Cisco Systems, Inc",CSCO,1.496,Holdings SPY
2007,Chevron Corp,CVX,1.487,Holdings SPY
2007,Johnson & Johnson,JNJ,1.412,Holdings SPY
2007,"American International Group, Inc",AIG,1.298,Holdings SPY
2007,"Pfizer, Inc",PFE,1.256,Holdings SPY
2007,International Business Machines Corp,IBM,1.188,Holdings SPY
2007,JPMorgan Chase & Co,JPM,1.157,Holdings SPY
2007,Intel Corp,INTC,1.121,Holdings SPY
2007,"Altria Group, Inc",MO,1.086,Holdings SPY
2007,ConocoPhillips,COP,1.06,Holdings SPY
2007,"Apple, Inc",AAPL,0.991,Holdings SPY
2007,"Google, Inc (Class A)",GOOGL,0.971,Holdings SPY
2007,Hewlett-Packard Co,HPQ,0.953,Holdings SPY
2007,"Verizon Communications, Inc",VZ,0.949,Holdings SPY
2007,"Schlumberger, Ltd",SLB,0.929,Holdings SPY
2007,Wells Fargo & Co,WFC,0.882,Holdings SPY
2007,"PepsiCo, Inc",PEP,0.882,Holdings SPY
2007,Coca-Cola Co,KO,0.853,Holdings SPY
2007,"Merck & Co, Inc",MRK,0.835,Holdings SPY
2007,"Wal-Mart Stores, Inc",WMT,0.782,Holdings SPY
2007,Wachovia Corp,WFC,0.708,Holdings SPY
2007,"Goldman Sachs Group, Inc",GS,0.657,Holdings SPY
2007,Oracle Corp,ORCL,0.637,Holdings SPY
2007,Abbott Laboratories,ABT,0.615,Holdings SPY
2007,Boeing Co,BA,0.609,Holdings SPY
2007,"United Parcel Service, Inc (Class B)",UPS,0.591,Holdings SPY
2007,United Technologies Corp,UAL,0.59,Holdings SPY
2007,Comcast Corp (Class A),CMCSA,0.555,Holdings SPY
2007,American Express Co,AXP,0.52,Holdings SPY
2007,"QUALCOMM, Inc",QCOM,0.52,Holdings SPY
2007,"Time Warner, Inc",WBD,0.513,Holdings SPY
2007,Walt Disney Co,DIS,0.504,Holdings SPY
2007,3M Co,MMM,0.502,Holdings SPY
2007,Morgan Stanley,MS,0.49,Holdings SPY
2007,"UnitedHealth Group, Inc",UNH,0.482,Holdings SPY
2007,"Medtronic, Inc",MDT,0.48,Holdings SPY
2007,McDonald's Corp,MCD,0.48,Holdings SPY
2007,"Dell, Inc",DELL,0.463,Holdings SPY
2007,"Merrill Lynch & Co, Inc",BAC,0.46,Holdings SPY
2007,"Amgen, Inc",AMGN,0.454,Holdings SPY
2007,Wyeth,PFE,0.442,Holdings SPY
2007,Fannie Mae,FNMA,0.437,Holdings SPY
2007,CVS Caremark Corp,CVS,0.436,Holdings SPY
2007,US Bancorp,USB,0.422,Holdings SPY
2007,Bristol-Myers Squibb Co,BMY,0.417,Holdings SPY
2007,Eli Lilly & Co,LLY,0.414,Holdings SPY
2007,"Kraft Foods, Inc (Class A)",KHC,0.414,Holdings SPY
2007,Sprint Nextel Corp,TMUS,0.406,Holdings SPY
2007,"Home Depot, Inc",HD,0.401,Holdings SPY
2007,Target Corp,TGT,0.401,Holdings SPY
2007,Occidental Petroleum Corp,OXY,0.393,Holdings SPY
2007,"Texas Instruments, Inc",TXN,0.387,Holdings SPY
2007,"MetLife, Inc",MET,0.386,Holdings SPY
2007,Schering-Plough Corp,MRK,0.379,Holdings SPY
2007,News Corp (Class A),NWS,0.377,Holdings SPY
2007,Exelon Corp,EXC,0.374,Holdings SPY
2007,"Caterpillar, Inc",CAT,0.374,Holdings SPY
2007,Bank of New York Mellon Corp,BK,0.368,Holdings SPY
2007,"WellPoint, Inc",ELV,0.357,Holdings SPY
2007,Walgreen Co,WBA,0.349,Holdings SPY
2007,Monsanto Co,BAYRY,0.344,Holdings SPY
2007,Du Pont (EI) de Nemours & Co,DD,0.337,Holdings SPY
2007,"Prudential Financial, Inc",PRU,0.336,Holdings SPY
2007,"Honeywell International, Inc",HON,0.331,Holdings SPY
2007,"eBay, Inc",EBAY,0.325,Holdings SPY
2007,EMC Corp,DELL,0.321,Holdings SPY
2007,"Motorola, Inc",MSI,0.315,Holdings SPY
2007,"Lowe's Cos, Inc",LOW,0.312,Holdings SPY
2007,Emerson Electric Co,EMR,0.312,Holdings SPY
2007,Dow Chemical Co,DOW,0.301,Holdings SPY
2007,Marathon Oil Corp,COP,0.292,Holdings SPY
2007,"Freeport-McMoRan Copper & Gold, Inc",FCX,0.29,Holdings SPY
2007,Freddie Mac,FMCC,0.287,Holdings SPY
2007,"Corning, Inc",GLW,0.286,Holdings SPY
2007,Lockheed Martin Corp,LMT,0.283,Holdings SPY
2007,"Anheuser-Busch Cos, Inc",BUD,0.281,Holdings SPY
2007,"Gilead Sciences, Inc",GILD,0.28,Holdings SPY
2007,Devon Energy Corp,DVN,0.272,Holdings SPY
2007,Valero Energy Corp,VLO,0.272,Holdings SPY
2007,"Baxter International, Inc",BAX,0.271,Holdings SPY
2007,Colgate-Palmolive Co,CL,0.269,Holdings SPY
2007,"Yahoo!, Inc",YHOO,0.267,Holdings SPY
2007,Halliburton Co,HAL,0.258,Holdings SPY
2007,General Dynamics Corp,GD,0.252,Holdings SPY
2007,"Alcoa, Inc",AA,0.249,Holdings SPY
2007,"Travelers Cos, Inc",TRV,0.249,Holdings SPY
2007,Allstate Corp,ALL,0.249,Holdings SPY
2007,Deere & Co,DE,0.247,Holdings SPY
2007,"Lehman Brothers Holdings, Inc",LEHKQ,0.243,Holdings SPY
2007,"Transocean, Inc",RIG,0.24,Holdings SPY
2007,"CME Group, Inc",CME,0.24,Holdings SPY
2007,FedEx Corp,FDX,0.238,Holdings SPY
2007,"Washington Mutual, Inc",JPM,0.232,Holdings SPY
2007,TXU Corp,VST,0.23,Holdings SPY
2007,Union Pacific Corp,UNP,0.225,Holdings SPY
2007,Kimberly-Clark Corp,KMB,0.221,Holdings SPY
2007,Apache Corp,APA,0.219,Holdings SPY
2007,"Hartford Financial Services Group, Inc",HIG,0.217,Holdings SPY
2007,"Baker Hughes, Inc",BKR,0.216,Holdings SPY
2007,"Amazoncom, Inc",AMZN,0.213,Holdings SPY
2007,"Applied Materials, Inc",AMAT,0.212,Holdings SPY
2007,Raytheon Co,RTX,0.209,Holdings SPY
2007,"Aetna, Inc",CVS,0.207,Holdings SPY
2007,"AFLAC, Inc",AFL,0.206,Holdings SPY
2007,Costco Wholesale Corp,COST,0.205,Holdings SPY
2007,Capital One Financial Corp,COF,0.2,Holdings SPY
2007,Northrop Grumman Corp,NOC,0.2,Holdings SPY
2007,State Street Corp,STT,0.2,Holdings SPY
2007,Southern Co,SO,0.2,Holdings SPY
2007,"SunTrust Banks, Inc",TFC,0.2,Holdings SPY
2007,"Viacom, Inc (Class B)",PSKY,0.199,Holdings SPY
2007,Celgene Corp,BMY,0.198,Holdings SPY
2007,"Praxair, Inc",LIN,0.196,Holdings SPY
2007,"Medco Health Solutions, Inc",CI,0.193,Holdings SPY
2007,"National-Oilwell Varco, Inc",NOV,0.19,Holdings SPY
2007,"Adobe Systems, Inc",ADBE,0.189,Holdings SPY
2007,"Automatic Data Processing, Inc",ADP,0.187,Holdings SPY
2007,Anadarko Petroleum Corp,OXY,0.183,Holdings SPY
2007,"Dominion Resources, Inc",D,0.183,Holdings SPY
2007,Burlington Northern Santa Fe Corp,BRK.B,0.182,Holdings SPY
2007,ALLTEL Corp,VZ,0.182,Holdings SPY
2007,"Illinois Tool Works, Inc",ITW,0.182,Holdings SPY
2007,"FPL Group, Inc",NEE,0.182,Holdings SPY
2007,Thermo Electron Corp,AVT,0.179,Holdings SPY
2007,"XTO Energy, Inc",XOM,0.176,Holdings SPY
2007,Duke Energy Corp,DUK,0.174,Holdings SPY
2007,"PNC Financial Services Group, Inc",PNC,0.173,Holdings SPY
2007,CBS Corp (Class B),PSKY,0.171,Holdings SPY
2007,"Johnson Controls, Inc",JCI,0.171,Holdings SPY
2007,"Weatherford International, Ltd",WFRD,0.169,Holdings SPY
2007,"Cardinal Health, Inc",CAH,0.168,Holdings SPY
2007,"Simon Property Group, Inc",SPG,0.165,Holdings SPY
2007,"NIKE, Inc (Class B)",NKE,0.163,Holdings SPY
2007,"Public Service Enterprise Group, Inc",PEG,0.163,Holdings SPY
2007,Sysco Corp,SYY,0.163,Holdings SPY
2007,"Tyco International, Ltd",JCI,0.162,Holdings SPY
2007,Chubb Corp,CB,0.161,Holdings SPY
2007,Loews Corp,L,0.161,Holdings SPY
2007,BB&T Corp,TFC,0.161,Holdings SPY
2007,Archer-Daniels-Midland Co,ADM,0.16,Holdings SPY
2007,"Air Products & Chemicals, Inc",APD,0.159,Holdings SPY
2007,Entergy Corp,ETR,0.158,Holdings SPY
2007,Regions Financial Corp,RF,0.157,Holdings SPY
2007,Carnival Corp,CCL,0.157,Holdings SPY
2007,"PACCAR, Inc",PCAR,0.156,Holdings SPY
2007,"Franklin Resources, Inc",BEN,0.156,Holdings SPY
2007,General Motors Corp,GM,0.153,Holdings SPY
2007,"Covidien, Ltd",MDT,0.152,Holdings SPY
2007,Norfolk Southern Corp,NSC,0.15,Holdings SPY
2007,Charles Schwab Corp,SCHW,0.15,Holdings SPY
2007,"General Mills, Inc",GIS,0.15,Holdings SPY
2007,Precision Castparts Corp,BRK.B,0.15,Holdings SPY
2007,SLM Corp,SLM,0.15,Holdings SPY
2007,"Williams Cos, Inc",WMB,0.149,Holdings SPY
2007,Kroger Co,KR,0.149,Holdings SPY
2007,"Waste Management, Inc",WM,0.149,Holdings SPY
2007,"Sun Microsystems, Inc",ORCL,0.149,Holdings SPY
2007,Newmont Mining Corp (Holding Co),NEM,0.149,Holdings SPY
2007,"Becton, Dickinson & Co",BDX,0.147,Holdings SPY
2007,FirstEnergy Corp,FE,0.147,Holdings SPY
2007,"Allergan, Inc",ABBV,0.146,Holdings SPY
2007,NVIDIA Corp,NVDA,0.146,Holdings SPY
2007,"ACE, Ltd",CB,0.145,Holdings SPY
2007,Starbucks Corp,SBUX,0.145,Holdings SPY
2007,Danaher Corp,DHR,0.144,Holdings SPY
2007,"Zimmer Holdings, Inc",ZBH,0.141,Holdings SPY
2007,"DIRECTV Group, Inc",T,0.14,Holdings SPY
2007,"Biogen Idec, Inc",BIIB,0.14,Holdings SPY
2007,"Juniper Networks, Inc",HPE,0.139,Holdings SPY
2007,Boston Scientific Corp,BSX,0.138,Holdings SPY
2007,CSX Corp,CSX,0.137,Holdings SPY
2007,Fifth Third Bancorp,FITB,0.137,Holdings SPY
2007,Kohl's Corp,KSS,0.137,Holdings SPY
2007,"Clear Channel Communications, Inc",IHRT,0.137,Holdings SPY
2007,"Best Buy Co, Inc",BBY,0.136,Holdings SPY
2007,"American Electric Power Co, Inc",AEP,0.135,Holdings SPY
2007,Nucor Corp,NUE,0.134,Holdings SPY
2007,Hilton Hotels Corp,HLT,0.134,Holdings SPY
2007,Hess Corp,CVX,0.134,Holdings SPY
2007,Lincoln National Corp,LNC,0.133,Holdings SPY
2007,Edison International,EIX,0.133,Holdings SPY
2007,Symantec Corp,GEN,0.132,Holdings SPY
2007,"McGraw-Hill Cos, Inc",SPGI,0.131,Holdings SPY
2007,PPL Corp,PPL,0.131,Holdings SPY
2007,"Yum! Brands, Inc",YUM,0.131,Holdings SPY
2007,"EOG Resources, Inc",EOG,0.13,Holdings SPY
2007,McKesson Corp,MCK,0.13,Holdings SPY
2007,"Tyco Electronics, Ltd",TEL,0.129,Holdings SPY
2007,Ford Motor Co,F,0.129,Holdings SPY
2007,"Coach, Inc",TPR,0.129,Holdings SPY
2007,"Electronic Arts, Inc",EA,0.128,Holdings SPY
2007,ProLogis,PLD,0.125,Holdings SPY
2007,Broadcom Corp (Class A),AVGO,0.124,Holdings SPY
2007,"Principal Financial Group, Inc",PFG,0.124,Holdings SPY
2007,PG&E Corp,PCG,0.123,Holdings SPY
2007,"Ingersoll-Rand Co, Ltd (Class A)",IR,0.123,Holdings SPY
2007,"Avon Products, Inc",NTCO,0.122,Holdings SPY
2007,Stryker Corp,SYK,0.122,Holdings SPY
2007,Xerox Corp,XRX,0.12,Holdings SPY
2007,Genzyme Corp,SNY,0.12,Holdings SPY
2007,Western Union Co,WU,0.119,Holdings SPY
2007,"Harrah's Entertainment, Inc",CZR,0.119,Holdings SPY
2007,National City Corp,PNC,0.119,Holdings SPY
2007,"Omnicom Group, Inc",OMC,0.118,Holdings SPY
2007,International Paper Co,IP,0.118,Holdings SPY
2007,Weyerhaeuser Co,WY,0.115,Holdings SPY
2007,CIGNA Corp,CI,0.114,Holdings SPY
2007,"Textron, Inc",TXT,0.114,Holdings SPY
2007,"Constellation Energy Group, Inc",CEG,0.114,Holdings SPY
2007,"Staples, Inc",SPLS,0.113,Holdings SPY
2007,"Ameriprise Financial, Inc",AMP,0.113,Holdings SPY
2007,Sempra Energy,SRE,0.112,Holdings SPY
2007,Spectra Energy Corp,ENB,0.112,Holdings SPY
2007,"St Jude Medical, Inc",ABT,0.112,Holdings SPY
2007,HJ Heinz Co,KHC,0.112,Holdings SPY
2007,"Express Scripts, Inc",CI,0.112,Holdings SPY
2007,"Macy's, Inc",M,0.11,Holdings SPY
2007,Kellogg Co,KLG,0.11,Holdings SPY
2007,"Agilent Technologies, Inc",A,0.109,Holdings SPY
2007,"XL Capital, Ltd (Class A)",AXA,0.109,Holdings SPY
2007,"Bear Stearns Cos, Inc",JPM,0.109,Holdings SPY
2007,Eaton Corp,ETN,0.108,Holdings SPY
2007,"Safeway, Inc",ACI,0.108,Holdings SPY
2007,"T Rowe Price Group, Inc",TROW,0.108,Holdings SPY
2007,Chesapeake Energy Corp,CHK,0.107,Holdings SPY
2007,Progressive Corp,PGR,0.106,Holdings SPY
2007,"Qwest Communications International, Inc",LUMN,0.106,Holdings SPY
2007,International Game Technology,IGT,0.106,Holdings SPY
2007,"Marriott International, Inc (Class A)",MAR,0.105,Holdings SPY
2007,"Smith International, Inc",SLB,0.105,Holdings SPY
2007,Vornado Realty Trust,VNO,0.105,Holdings SPY
2007,"Marsh & McLennan Cos, Inc",MRSH,0.105,Holdings SPY
2007,"JC Penney Co, Inc",CPPRQ,0.104,Holdings SPY
2007,Wm Wrigley Jr Co,WWY,0.103,Holdings SPY
2007,"Paychex, Inc",PAYX,0.102,Holdings SPY
2007,"Genworth Financial, Inc (Class A)",GNW,0.1,Holdings SPY
2007,Archstone-Smith Trust,AVB,0.099,Holdings SPY
2007,AES Corp,AES,0.099,Holdings SPY
2007,"Cummins, Inc",CMI,0.098,Holdings SPY
2007,"ConAgra Foods, Inc",CAG,0.098,Holdings SPY
2007,"General Growth Properties, Inc",BP,0.098,Holdings SPY
2007,"MEMC Electronic Materials, Inc",WFR,0.098,Holdings SPY
2007,Aon Corp,AON,0.098,Holdings SPY
2007,Noble Corp,CVX,0.097,Holdings SPY
2007,"TJX Cos, Inc",TJX,0.097,Holdings SPY
2007,Parker-Hannifin Corp,PH,0.097,Holdings SPY
2007,"Starwood Hotels & Resorts Worldwide, Inc",MAR,0.096,Holdings SPY
2007,Murphy Oil Corp,MUR,0.096,Holdings SPY
2007,United States Steel Corp,X,0.095,Holdings SPY
2007,KeyCorp,KEY,0.095,Holdings SPY
2007,Peabody Energy Corp,BTU,0.094,Holdings SPY
2007,"L-3 Communications Holdings, Inc",LHX,0.093,Holdings SPY
2007,"Consolidated Edison, Inc",ED,0.093,Holdings SPY
2007,SanDisk Corp,WDC,0.093,Holdings SPY
2007,Fluor Corp,FLR,0.092,Holdings SPY
2007,"Fortune Brands, Inc",FBIN,0.092,Holdings SPY
2007,Northern Trust Corp,NTRS,0.092,Holdings SPY
2007,Sara Lee Corp,TSN,0.092,Holdings SPY
2007,"Boston Properties, Inc",BXP,0.091,Holdings SPY
2007,"Rockwell Collins, Inc",RTX,0.091,Holdings SPY
2007,ITT Corp,ITT,0.091,Holdings SPY
2007,"PPG Industries, Inc",PPG,0.09,Holdings SPY
2007,"Analog Devices, Inc",ADI,0.09,Holdings SPY
2007,Equity Residential Properties Trust,EQR,0.09,Holdings SPY
2007,"Harley-Davidson, Inc",HOG,0.088,Holdings SPY
2007,"Progress Energy, Inc",D,0.088,Holdings SPY
2007,"Forest Laboratories, Inc",ABBV,0.088,Holdings SPY
2007,El Paso Corp,KMI,0.088,Holdings SPY
2007,Moody's Corp,MCO,0.087,Holdings SPY
2007,"Humana, Inc",HUM,0.087,Holdings SPY
2007,"Host Hotels & Resorts, Inc",HST,0.086,Holdings SPY
2007,Southwest Airlines Co,LUV,0.085,Holdings SPY
2007,Kimco Realty Corp,KIM,0.084,Holdings SPY
2007,"Rockwell Automation, Inc",ROK,0.084,Holdings SPY
2007,Countrywide Financial Corp,BAC,0.084,Holdings SPY
2007,"Autodesk, Inc",ADSK,0.084,Holdings SPY
2007,Cognizant Technology Solutions Corp (Class A),CTSH,0.083,Holdings SPY
2007,Discover Financial Services,COF,0.082,Holdings SPY
2007,Electronic Data Systems Corp,DXC,0.082,Holdings SPY
2007,Marshall & Ilsley Corp,BMO,0.082,Holdings SPY
2007,"Legg Mason, Inc",BEN,0.081,Holdings SPY
2007,"Allegheny Technologies, Inc",ATI,0.081,Holdings SPY
2007,KLA-Tencor Corp,KLAC,0.08,Holdings SPY
2007,"Reynolds American, Inc",BTI,0.079,Holdings SPY
2007,"IntercontinentalExchange, Inc",ICE,0.078,Holdings SPY
2007,Ameren Corp,AEE,0.078,Holdings SPY
2007,"CA, Inc",AVGO,0.077,Holdings SPY
2007,Sears Holdings Corp,SRSQ,0.076,Holdings SPY
2007,"Gannett Co, Inc",GCI,0.075,Holdings SPY
2007,"Intuit, Inc",INTU,0.075,Holdings SPY
2007,Dover Corp,DOV,0.075,Holdings SPY
2007,"Pitney Bowes, Inc",PBI,0.074,Holdings SPY
2007,"Gap, Inc",GAP,0.074,Holdings SPY
2007,"Network Appliance, Inc",NTAP,0.073,Holdings SPY
2007,"Coventry Health Care, Inc",CVS,0.072,Holdings SPY
2007,Laboratory Corp of America Holdings,LH,0.07,Holdings SPY
2007,Computer Sciences Corp,DXC,0.07,Holdings SPY
2007,"Public Storage, Inc",PSA,0.07,Holdings SPY
2007,"Bed Bath & Beyond, Inc",BBBY,0.07,Holdings SPY
2007,"Nordstrom, Inc",JWN,0.069,Holdings SPY
2007,"AvalonBay Communities, Inc",AVB,0.068,Holdings SPY
2007,"CH Robinson Worldwide, Inc",CHRW,0.068,Holdings SPY
2007,"Cooper Industries, Ltd (Class A)",COO,0.068,Holdings SPY
2007,"Quest Diagnostics, Inc",DGX,0.068,Holdings SPY
2007,Clorox Co,CLX,0.068,Holdings SPY
2007,Terex Corp,TEX,0.067,Holdings SPY
2007,Masco Corp,MAS,0.066,Holdings SPY
2007,"Mattel, Inc",MAT,0.066,Holdings SPY
2007,"CR Bard, Inc",BDX,0.066,Holdings SPY
2007,Synovus Financial Corp,SNV,0.066,Holdings SPY
2007,Questar Corp,D,0.066,Holdings SPY
2007,NCR Corp,VYX,0.066,Holdings SPY
2007,Unum Group,UNM,0.065,Holdings SPY
2007,"Xcel Energy, Inc",XEL,0.065,Holdings SPY
2007,"Fiserv, Inc",FISV,0.065,Holdings SPY
2007,AmerisourceBergen Corp,COR,0.064,Holdings SPY
2007,"Sunoco, Inc",SUN,0.063,Holdings SPY
2007,Goodrich Corp,RTX,0.063,Holdings SPY
2007,"Nabors Industries, Ltd",NBR,0.063,Holdings SPY
2007,Genuine Parts Co,GPC,0.063,Holdings SPY
2007,Altera Corp,ALTR,0.063,Holdings SPY
2007,DTE Energy Co,DTE,0.062,Holdings SPY
2007,Vulcan Materials Co,VMC,0.062,Holdings SPY
2007,"Allegheny Energy, Inc",ATI,0.062,Holdings SPY
2007,Embarq Corp,LUMN,0.062,Holdings SPY
2007,"Ecolab, Inc",ECL,0.062,Holdings SPY
2007,"ENSCO International, Inc",VAL,0.062,Holdings SPY
2007,"CONSOL Energy, Inc",CEIX,0.062,Holdings SPY
2007,"Micron Technology, Inc",MU,0.061,Holdings SPY
2007,"Apollo Group, Inc (Class A)",APO,0.061,Holdings SPY
2007,Leucadia National Corp,JEF,0.061,Holdings SPY
2007,"Comerica, Inc",CMA,0.06,Holdings SPY
2007,"SUPERVALU, Inc",UNFI,0.06,Holdings SPY
2007,"VeriSign, Inc",VRSN,0.06,Holdings SPY
2007,Hershey Co,HSY,0.06,Holdings SPY
2007,"Plum Creek Timber Co, Inc",WY,0.059,Holdings SPY
2007,M&T Bank Corp,MTB,0.059,Holdings SPY
2007,"MBIA, Inc",MBI,0.059,Holdings SPY
2007,"Microchip Technology, Inc",MCHP,0.059,Holdings SPY
2007,Campbell Soup Co,CPB,0.059,Holdings SPY
2007,Rohm & Haas Co,DOW,0.059,Holdings SPY
2007,"UST, Inc",MO,0.059,Holdings SPY
2007,"Newell Rubbermaid, Inc",NWL,0.058,Holdings SPY
2007,"Limited Brands, Inc",BBWI,0.058,Holdings SPY
2007,"CIT Group, Inc",FCNCA,0.058,Holdings SPY
2007,BJ Services Co,BJ,0.058,Holdings SPY
2007,RR Donnelley & Sons Co,RRD,0.057,Holdings SPY
2007,"Xilinx, Inc",AMD,0.057,Holdings SPY
2007,Linear Technology Corp,ADI,0.057,Holdings SPY
2007,"Avaya, Inc",AVYAQ,0.056,Holdings SPY
2007,Zions Bancorp,ZION,0.056,Holdings SPY
2007,Eastman Kodak Co,KODK,0.056,Holdings SPY
2007,Tesoro Corp,MPC,0.055,Holdings SPY
2007,"Hudson City Bancorp, Inc",MTB,0.055,Holdings SPY
2007,"Commerce Bancorp, Inc",TD,0.055,Holdings SPY
2007,Cincinnati Financial Corp,CINF,0.055,Holdings SPY
2007,"American Capital Strategies, Ltd",ARCC,0.054,Holdings SPY
2007,Tiffany & Co,LVMUY,0.054,Holdings SPY
2007,"Citrix Systems, Inc",CTXS,0.053,Holdings SPY
2007,Developers Diversified Realty Corp,SITC,0.053,Holdings SPY
2007,Sherwin-Williams Co,SHW,0.053,Holdings SPY
2007,"Fidelity National Information Services, Inc",FIS,0.052,Holdings SPY
2007,"Advanced Micro Devices, Inc",AMD,0.052,Holdings SPY
2007,Abercrombie & Fitch Co (Class A),ANF,0.052,Holdings SPY
2007,VF Corp,VFC,0.052,Holdings SPY
2007,Waters Corp,WAT,0.05,Holdings SPY
2007,Whirlpool Corp,WHR,0.05,Holdings SPY
2007,"H&R Block, Inc",HRB,0.05,Holdings SPY
2007,Molson Coors Brewing Co (Class B),TAP,0.05,Holdings SPY
2007,"WW Grainger, Inc",GWW,0.05,Holdings SPY
2007,"Whole Foods Market, Inc",AMZN,0.05,Holdings SPY
2007,IAC/InterActiveCorp,IAC,0.049,Holdings SPY
2007,Windstream Corp,UNIT,0.049,Holdings SPY
2007,"Coca-Cola Enterprises, Inc",CCEP,0.049,Holdings SPY
2007,National Semiconductor Corp,TXN,0.048,Holdings SPY
2007,"Hospira, Inc",PFE,0.048,Holdings SPY
2007,"BMC Software, Inc",BMC,0.048,Holdings SPY
2007,"Ambac Financial Group, Inc",AMBC,0.048,Holdings SPY
2007,SAFECO Corp,LBRDK,0.048,Holdings SPY
2007,Sigma-Aldrich Corp,MRK.DE,0.047,Holdings SPY
2007,Wyndham Worldwide Corp,WH,0.047,Holdings SPY
2007,Applera Corp -- Applied Biosystems Group,TMO,0.047,Holdings SPY
2007,Torchmark Corp,GL,0.046,Holdings SPY
2007,"Sovereign Bancorp, Inc",SAN,0.046,Holdings SPY
2007,"Huntington Bancshares, Inc",HBAN,0.046,Holdings SPY
2007,"American Standard Cos, Inc",TT,0.046,Holdings SPY
2007,Goodyear Tire & Rubber Co,GT,0.045,Holdings SPY
2007,"Darden Restaurants, Inc",DRI,0.044,Holdings SPY
2007,"IMS Health, Inc",IQV,0.044,Holdings SPY
2007,"Barr Pharmaceuticals, Inc",TEVA,0.044,Holdings SPY
2007,Brown-Forman Corp (Class B),BF.B,0.044,Holdings SPY
2007,"Janus Capital Group, Inc",JHG,0.043,Holdings SPY
2007,"Office Depot, Inc",ODP,0.043,Holdings SPY
2007,"AutoZone, Inc",AZO,0.042,Holdings SPY
2007,"Harman International Industries, Inc",SMSN,0.042,Holdings SPY
2007,"Temple-Inland, Inc",IP,0.042,Holdings SPY
2007,LSI Logic Corp,AVGO,0.042,Holdings SPY
2007,Eastman Chemical Co,EMN,0.041,Holdings SPY
2007,Black & Decker Corp,SWK,0.041,Holdings SPY
2007,"Equifax, Inc",EFX,0.041,Holdings SPY
2007,ETRADE Financial Corp,MS,0.041,Holdings SPY
2007,Ball Corp,BALL,0.04,Holdings SPY
2007,"Varian Medical Systems, Inc",SIE,0.04,Holdings SPY
2007,"Assurant, Inc",AIZ,0.04,Holdings SPY
2007,MeadWestvaco Corp,SKG,0.039,Holdings SPY
2007,"Patterson Cos, Inc",PDCO,0.039,Holdings SPY
2007,Avery Dennison Corp,AVY,0.038,Holdings SPY
2007,"CenturyTel, Inc",LUMN,0.038,Holdings SPY
2007,"NiSource, Inc",NI,0.038,Holdings SPY
2007,"Robert Half International, Inc",RHI,0.037,Holdings SPY
2007,Cintas Corp,CTAS,0.037,Holdings SPY
2007,"CB Richard Ellis Group, Inc (Class A)",CBRE,0.037,Holdings SPY
2007,"Affiliated Computer Services, Inc (Class A)",AMG,0.037,Holdings SPY
2007,"Estee Lauder Cos, Inc (Class A)",EL,0.036,Holdings SPY
2007,"CenterPoint Energy, Inc",CNP,0.036,Holdings SPY
2007,"Pepsi Bottling Group, Inc",PEP,0.036,Holdings SPY
2007,"Interpublic Group of Cos, Inc",IPG,0.036,Holdings SPY
2007,"Constellation Brands, Inc (Class A)",STZ,0.036,Holdings SPY
2007,"Hasbro, Inc",HAS,0.035,Holdings SPY
2007,Pall Corp,DHR,0.035,Holdings SPY
2007,"Akamai Technologies, Inc",AKAM,0.035,Holdings SPY
2007,Polo Ralph Lauren Corp,RL,0.035,Holdings SPY
2007,"McCormick & Co, Inc",MKC,0.034,Holdings SPY
2007,"Manor Care, Inc",HCR,0.034,Holdings SPY
2007,Citizens Communications Co,CFG,0.034,Holdings SPY
2007,"Dynegy, Inc (Class A)",VST,0.034,Holdings SPY
2007,Stanley Works,SWK,0.033,Holdings SPY
2007,"Tyson Foods, Inc (Class A)",TSN,0.032,Holdings SPY
2007,"Monster Worldwide, Inc",RAND,0.032,Holdings SPY
2007,Apartment Investment & Management Co (Class A),AIV,0.032,Holdings SPY
2007,"Tellabs, Inc",TLAB,0.031,Holdings SPY
2007,Sealed Air Corp,SEE,0.03,Holdings SPY
2007,"Lexmark International, Inc (Class A)",LXK,0.03,Holdings SPY
2007,"Family Dollar Stores, Inc",DLTR,0.03,Holdings SPY
2007,"International Flavors & Fragrances, Inc",IFF,0.03,Holdings SPY
2007,Pactiv Corp,PTVE,0.029,Holdings SPY
2007,Millipore Corp,MRK.DE,0.029,Holdings SPY
2007,"Jabil Circuit, Inc",JBL,0.029,Holdings SPY
2007,"Rowan Cos, Inc",VAL,0.029,Holdings SPY
2007,"Dow Jones & Co, Inc",NWSA,0.029,Holdings SPY
2007,Pinnacle West Capital Corp,PNW,0.028,Holdings SPY
2007,"Integrys Energy Group, Inc",WEC,0.028,Holdings SPY
2007,"Molex, Inc",KOCH,0.028,Holdings SPY
2007,"Mylan Laboratories, Inc",VTRS,0.028,Holdings SPY
2007,"PerkinElmer, Inc",RVTY,0.027,Holdings SPY
2007,CMS Energy Corp,CMS,0.027,Holdings SPY
2007,"Liz Claiborne, Inc",TPR,0.026,Holdings SPY
2007,"Novellus Systems, Inc",LRCX,0.026,Holdings SPY
2007,Solectron Corp,FLEX,0.026,Holdings SPY
2007,EW Scripps Co (Class A),SSP,0.026,Holdings SPY
2007,"DR Horton, Inc",DHI,0.025,Holdings SPY
2007,"Leggett & Platt, Inc",LEG,0.025,Holdings SPY
2007,"Bausch & Lomb, Inc",BLCO,0.025,Holdings SPY
2007,Dean Foods Co,DFODQ,0.025,Holdings SPY
2007,"TECO Energy, Inc",EMA,0.025,Holdings SPY
2007,"Big Lots, Inc",BIG,0.025,Holdings SPY
2007,"Ashland, Inc",ASH,0.025,Holdings SPY
2007,"Federated Investors, Inc (Class B)",FHI,0.024,Holdings SPY
2007,First Horizon National Corp,FHN,0.024,Holdings SPY
2007,"Wendy's International, Inc",WEN,0.024,Holdings SPY
2007,"Watson Pharmaceuticals, Inc",TEVA,0.024,Holdings SPY
2007,Centex Corp,PHM,0.024,Holdings SPY
2007,Ciena Corp,CIEN,0.023,Holdings SPY
2007,Lennar Corp (Class A),LEN,0.023,Holdings SPY
2007,JDS Uniphase Corp,VIAV,0.023,Holdings SPY
2007,"Bemis Co, Inc",AMBP,0.022,Holdings SPY
2007,"Allied Waste Industries, Inc",RSG,0.022,Holdings SPY
2007,"Ryder System, Inc",R,0.022,Holdings SPY
2007,"Pulte Homes, Inc",PHM,0.021,Holdings SPY
2007,"Snap-on, Inc",SNA,0.021,Holdings SPY
2007,New York Times Co (Class A),NYT,0.021,Holdings SPY
2007,"King Pharmaceuticals, Inc",PFE,0.021,Holdings SPY
2007,MGIC Investment Corp,MTG,0.02,Holdings SPY
2007,RadioShack Corp,RSHCQ,0.02,Holdings SPY
2007,"Teradyne, Inc",TER,0.02,Holdings SPY
2007,Tribune Co,NXST,0.02,Holdings SPY
2007,"AutoNation, Inc",AN,0.019,Holdings SPY
2007,"Novell, Inc",MFGP,0.019,Holdings SPY
2007,Compuware Corp,CPWR,0.019,Holdings SPY
2007,"OfficeMax, Inc",ODP,0.018,Holdings SPY
2007,"Jones Apparel Group, Inc",JNY,0.018,Holdings SPY
2007,Convergys Corp,CNXC,0.018,Holdings SPY
2007,"Hercules, Inc",ASH,0.017,Holdings SPY
2007,Meredith Corp,IAC,0.017,Holdings SPY
2007,Unisys Corp,UIS,0.016,Holdings SPY
2007,"Tektronix, Inc",DHR,0.016,Holdings SPY
2007,QLogic Corp,MRVL,0.016,Holdings SPY
2007,Brunswick Corp,BC,0.016,Holdings SPY
2007,KB HOME,KBH,0.014,Holdings SPY
2007,"Nicor, Inc",SO,0.014,Holdings SPY
2007,Tenet Healthcare Corp,THC,0.011,Holdings SPY
2007,"Dillard's, Inc (Class A)",DDS,0.01,Holdings SPY
2007,"Circuit City Stores, Inc",CCTYQ,0.008,Holdings SPY
2008,Exxon Mobil Corp,XOM,3.962,Holdings SPY
2008,General Electric Co,GE,2.492,Holdings SPY
2008,Procter & Gamble Co,PG,2.077,Holdings SPY
2008,Microsoft Corp,MSFT,2.059,Holdings SPY
2008,Johnson & Johnson,JNJ,1.902,Holdings SPY
2008,JPMorgan Chase & Co,JPM,1.69,Holdings SPY
2008,Chevron Corp,CVX,1.665,Holdings SPY
2008,"AT&T, Inc",T,1.617,Holdings SPY
2008,Bank of America Corp,BAC,1.569,Holdings SPY
2008,International Business Machines Corp,IBM,1.557,Holdings SPY
2008,"Wal-Mart Stores, Inc",WMT,1.319,Holdings SPY
2008,"Cisco Systems, Inc",CSCO,1.31,Holdings SPY
2008,"Pfizer, Inc",PFE,1.222,Holdings SPY
2008,Wells Fargo & Co,WFC,1.22,Holdings SPY
2008,Hewlett-Packard Co,HPQ,1.112,Holdings SPY
2008,"Citigroup, Inc",C,1.098,Holdings SPY
2008,"PepsiCo, Inc",PEP,1.097,Holdings SPY
2008,ConocoPhillips,COP,1.094,Holdings SPY
2008,Intel Corp,INTC,1.035,Holdings SPY
2008,Coca-Cola Co,KO,1.033,Holdings SPY
2008,"Apple, Inc",AAPL,0.99,Holdings SPY
2008,"Philip Morris International, Inc",PM,0.974,Holdings SPY
2008,"Google, Inc, (Class A)",GOOGL,0.94,Holdings SPY
2008,"Schlumberger, Ltd",SLB,0.92,Holdings SPY
2008,"Verizon Communications, Inc",VZ,0.898,Holdings SPY
2008,Abbott Laboratories,ABT,0.872,Holdings SPY
2008,Oracle Corp,ORCL,0.782,Holdings SPY
2008,"QUALCOMM, Inc",QCOM,0.693,Holdings SPY
2008,McDonald's Corp,MCD,0.682,Holdings SPY
2008,"Merck & Co, Inc",MRK,0.664,Holdings SPY
2008,"United Parcel Service, Inc (Class B)",UPS,0.623,Holdings SPY
2008,US Bancorp,USB,0.616,Holdings SPY
2008,"Amgen, Inc",AMGN,0.616,Holdings SPY
2008,United Technologies Corp,UAL,0.569,Holdings SPY
2008,Walt Disney Co,DIS,0.566,Holdings SPY
2008,Occidental Petroleum Corp,OXY,0.565,Holdings SPY
2008,Comcast Corp (Class A),CMCSA,0.563,Holdings SPY
2008,"Medtronic, Inc",MDT,0.555,Holdings SPY
2008,"Goldman Sachs Group, Inc",GS,0.546,Holdings SPY
2008,Monsanto Co,BAYRY,0.535,Holdings SPY
2008,"Kraft Foods, Inc (Class A)",KHC,0.488,Holdings SPY
2008,Wyeth,PFE,0.484,Holdings SPY
2008,CVS Caremark Corp,CVS,0.475,Holdings SPY
2008,3M Co,MMM,0.469,Holdings SPY
2008,"Time Warner, Inc",WBD,0.461,Holdings SPY
2008,"Anheuser-Busch Cos, Inc",BUD,0.459,Holdings SPY
2008,Eli Lilly & Co,LLY,0.433,Holdings SPY
2008,"Home Depot, Inc",HD,0.432,Holdings SPY
2008,Boeing Co,BA,0.417,Holdings SPY
2008,"Gilead Sciences, Inc",GILD,0.412,Holdings SPY
2008,Bristol-Myers Squibb Co,BMY,0.406,Holdings SPY
2008,"Baxter International, Inc",BAX,0.405,Holdings SPY
2008,Exelon Corp,EXC,0.405,Holdings SPY
2008,American Express Co,AXP,0.404,Holdings SPY
2008,"Altria Group, Inc",MO,0.401,Holdings SPY
2008,Devon Energy Corp,DVN,0.396,Holdings SPY
2008,"Merrill Lynch & Co, Inc",BAC,0.38,Holdings SPY
2008,"MetLife, Inc",MET,0.378,Holdings SPY
2008,Colgate-Palmolive Co,CL,0.374,Holdings SPY
2008,Bank of New York Mellon Corp,BK,0.367,Holdings SPY
2008,Target Corp,TGT,0.364,Holdings SPY
2008,Lockheed Martin Corp,LMT,0.359,Holdings SPY
2008,Du Pont (EI) de Nemours & Co,DD,0.358,Holdings SPY
2008,"Caterpillar, Inc",CAT,0.357,Holdings SPY
2008,Union Pacific Corp,UNP,0.356,Holdings SPY
2008,"Transocean, Inc",RIG,0.345,Holdings SPY
2008,Apache Corp,APA,0.343,Holdings SPY
2008,"Lowe's Cos, Inc",LOW,0.342,Holdings SPY
2008,Emerson Electric Co,EMR,0.311,Holdings SPY
2008,"Honeywell International, Inc",HON,0.304,Holdings SPY
2008,"UnitedHealth Group, Inc",UNH,0.304,Holdings SPY
2008,"Prudential Financial, Inc",PRU,0.302,Holdings SPY
2008,Walgreen Co,WBA,0.301,Holdings SPY
2008,Schering-Plough Corp,MRK,0.295,Holdings SPY
2008,Dow Chemical Co,DOW,0.289,Holdings SPY
2008,General Dynamics Corp,GD,0.288,Holdings SPY
2008,Southern Co,SO,0.286,Holdings SPY
2008,Celgene Corp,BMY,0.283,Holdings SPY
2008,"Dell, Inc",DELL,0.282,Holdings SPY
2008,Halliburton Co,HAL,0.28,Holdings SPY
2008,Costco Wholesale Corp,COST,0.278,Holdings SPY
2008,"Texas Instruments, Inc",TXN,0.277,Holdings SPY
2008,Marathon Oil Corp,COP,0.277,Holdings SPY
2008,"AFLAC, Inc",AFL,0.275,Holdings SPY
2008,News Corp (Class A),NWS,0.271,Holdings SPY
2008,"Covidien, Ltd",MDT,0.266,Holdings SPY
2008,Kimberly-Clark Corp,KMB,0.264,Holdings SPY
2008,"Travelers Cos, Inc",TRV,0.263,Holdings SPY
2008,"NIKE, Inc (Class B)",NKE,0.258,Holdings SPY
2008,Burlington Northern Santa Fe Corp,BRK.B,0.256,Holdings SPY
2008,"PNC Financial Services Group, Inc",PNC,0.254,Holdings SPY
2008,"XTO Energy, Inc",XOM,0.251,Holdings SPY
2008,Morgan Stanley,MS,0.25,Holdings SPY
2008,Allstate Corp,ALL,0.246,Holdings SPY
2008,"Dominion Resources, Inc",D,0.244,Holdings SPY
2008,Norfolk Southern Corp,NSC,0.244,Holdings SPY
2008,"CME Group, Inc",CME,0.243,Holdings SPY
2008,EMC Corp,DELL,0.243,Holdings SPY
2008,FedEx Corp,FDX,0.242,Holdings SPY
2008,"Corning, Inc",GLW,0.242,Holdings SPY
2008,State Street Corp,STT,0.242,Holdings SPY
2008,"eBay, Inc",EBAY,0.24,Holdings SPY
2008,Charles Schwab Corp,SCHW,0.239,Holdings SPY
2008,"Yahoo!, Inc",YHOO,0.236,Holdings SPY
2008,"WellPoint, Inc",ELV,0.236,Holdings SPY
2008,Hess Corp,CVX,0.229,Holdings SPY
2008,"Amazoncom, Inc",AMZN,0.228,Holdings SPY
2008,"General Mills, Inc",GIS,0.226,Holdings SPY
2008,"Thermo Fisher Scientific, Inc",TMO,0.226,Holdings SPY
2008,"Medco Health Solutions, Inc",CI,0.223,Holdings SPY
2008,Anadarko Petroleum Corp,OXY,0.223,Holdings SPY
2008,"Praxair, Inc",LIN,0.222,Holdings SPY
2008,Raytheon Co,RTX,0.219,Holdings SPY
2008,CSX Corp,CSX,0.219,Holdings SPY
2008,"EOG Resources, Inc",EOG,0.218,Holdings SPY
2008,Duke Energy Corp,DUK,0.216,Holdings SPY
2008,"Automatic Data Processing, Inc",ADP,0.214,Holdings SPY
2008,Genzyme Corp,SNY,0.214,Holdings SPY
2008,"Simon Property Group, Inc",SPG,0.214,Holdings SPY
2008,"Freeport-McMoRan Copper & Gold, Inc",FCX,0.214,Holdings SPY
2008,Deere & Co,DE,0.208,Holdings SPY
2008,"National-Oilwell Varco, Inc",NOV,0.206,Holdings SPY
2008,"Adobe Systems, Inc",ADBE,0.206,Holdings SPY
2008,BB&T Corp,TFC,0.203,Holdings SPY
2008,"FPL Group, Inc",NEE,0.201,Holdings SPY
2008,Northrop Grumman Corp,NOC,0.201,Holdings SPY
2008,FirstEnergy Corp,FE,0.2,Holdings SPY
2008,"Applied Materials, Inc",AMAT,0.199,Holdings SPY
2008,Chubb Corp,CB,0.195,Holdings SPY
2008,"Becton, Dickinson & Co",BDX,0.192,Holdings SPY
2008,Capital One Financial Corp,COF,0.189,Holdings SPY
2008,Chesapeake Energy Corp,CHK,0.184,Holdings SPY
2008,"Baker Hughes, Inc",BKR,0.183,Holdings SPY
2008,Sysco Corp,SYY,0.182,Holdings SPY
2008,Boston Scientific Corp,BSX,0.181,Holdings SPY
2008,"Alcoa, Inc",AA,0.18,Holdings SPY
2008,"Express Scripts, Inc",CI,0.179,Holdings SPY
2008,Kroger Co,KR,0.177,Holdings SPY
2008,Western Union Co,WU,0.177,Holdings SPY
2008,"Johnson Controls, Inc",JCI,0.176,Holdings SPY
2008,"Illinois Tool Works, Inc",ITW,0.175,Holdings SPY
2008,"Avon Products, Inc",NTCO,0.174,Holdings SPY
2008,Newmont Mining Corp (Holding Co),NEM,0.174,Holdings SPY
2008,"Cardinal Health, Inc",CAH,0.174,Holdings SPY
2008,Danaher Corp,DHR,0.174,Holdings SPY
2008,Sprint Nextel Corp,TMUS,0.171,Holdings SPY
2008,"Aetna, Inc",CVS,0.168,Holdings SPY
2008,"Weatherford International, Ltd",WFRD,0.167,Holdings SPY
2008,Wm Wrigley Jr Co,WWY,0.167,Holdings SPY
2008,Entergy Corp,ETR,0.167,Holdings SPY
2008,"Tyco International, Ltd",JCI,0.164,Holdings SPY
2008,"Public Service Enterprise Group, Inc",PEG,0.164,Holdings SPY
2008,Symantec Corp,GEN,0.161,Holdings SPY
2008,"Marsh & McLennan Cos, Inc",MRSH,0.16,Holdings SPY
2008,"Motorola, Inc",MSI,0.158,Holdings SPY
2008,"Staples, Inc",SPLS,0.157,Holdings SPY
2008,"SunTrust Banks, Inc",TFC,0.157,Holdings SPY
2008,Northern Trust Corp,NTRS,0.156,Holdings SPY
2008,Valero Energy Corp,VLO,0.156,Holdings SPY
2008,"Allergan, Inc",ABBV,0.155,Holdings SPY
2008,HJ Heinz Co,KHC,0.153,Holdings SPY
2008,"Viacom, Inc (Class B)",PSKY,0.152,Holdings SPY
2008,"Waste Management, Inc",WM,0.152,Holdings SPY
2008,Stryker Corp,SYK,0.152,Holdings SPY
2008,Carnival Corp,CCL,0.151,Holdings SPY
2008,"Yum! Brands, Inc",YUM,0.15,Holdings SPY
2008,"DIRECTV Group, Inc",T,0.148,Holdings SPY
2008,McKesson Corp,MCK,0.146,Holdings SPY
2008,"American Electric Power Co, Inc",AEP,0.146,Holdings SPY
2008,"St Jude Medical, Inc",ABT,0.145,Holdings SPY
2008,Spectra Energy Corp,ENB,0.144,Holdings SPY
2008,"Biogen Idec, Inc",BIIB,0.143,Holdings SPY
2008,"Zimmer Holdings, Inc",ZBH,0.143,Holdings SPY
2008,"Air Products & Chemicals, Inc",APD,0.142,Holdings SPY
2008,Loews Corp,L,0.14,Holdings SPY
2008,American Tower Corp (Class A),AMT,0.139,Holdings SPY
2008,Archer-Daniels-Midland Co,ADM,0.138,Holdings SPY
2008,Kellogg Co,KLG,0.138,Holdings SPY
2008,Kohl's Corp,KSS,0.138,Holdings SPY
2008,"T Rowe Price Group, Inc",TROW,0.137,Holdings SPY
2008,"PACCAR, Inc",PCAR,0.137,Holdings SPY
2008,PPL Corp,PPL,0.135,Holdings SPY
2008,"Williams Cos, Inc",WMB,0.134,Holdings SPY
2008,"Franklin Resources, Inc",BEN,0.132,Holdings SPY
2008,PG&E Corp,PCG,0.131,Holdings SPY
2008,"Tyco Electronics, Ltd",TEL,0.128,Holdings SPY
2008,Edison International,EIX,0.128,Holdings SPY
2008,"MasterCard, Inc (Class A)",MA,0.126,Holdings SPY
2008,"TJX Cos, Inc",TJX,0.126,Holdings SPY
2008,Weyerhaeuser Co,WY,0.125,Holdings SPY
2008,"Best Buy Co, Inc",BBY,0.125,Holdings SPY
2008,"Smith International, Inc",SLB,0.124,Holdings SPY
2008,Aon Corp,AON,0.123,Holdings SPY
2008,Nucor Corp,NUE,0.123,Holdings SPY
2008,Vornado Realty Trust,VNO,0.123,Holdings SPY
2008,Sempra Energy,SRE,0.122,Holdings SPY
2008,"Public Storage, Inc",PSA,0.122,Holdings SPY
2008,"Hartford Financial Services Group, Inc",HIG,0.122,Holdings SPY
2008,"Lorillard, Inc",BAT,0.121,Holdings SPY
2008,"Omnicom Group, Inc",OMC,0.121,Holdings SPY
2008,Peabody Energy Corp,BTU,0.12,Holdings SPY
2008,Murphy Oil Corp,MUR,0.12,Holdings SPY
2008,Equity Residential Properties Trust,EQR,0.118,Holdings SPY
2008,"L-3 Communications Holdings, Inc",LHX,0.117,Holdings SPY
2008,Progressive Corp,PGR,0.116,Holdings SPY
2008,Noble Corp,CVX,0.116,Holdings SPY
2008,"Electronic Arts, Inc",EA,0.115,Holdings SPY
2008,"Consolidated Edison, Inc",ED,0.115,Holdings SPY
2008,Ford Motor Co,F,0.115,Holdings SPY
2008,"Juniper Networks, Inc",HPE,0.113,Holdings SPY
2008,"Principal Financial Group, Inc",PFG,0.11,Holdings SPY
2008,"Progress Energy, Inc",D,0.11,Holdings SPY
2008,"Boston Properties, Inc",BXP,0.11,Holdings SPY
2008,International Paper Co,IP,0.11,Holdings SPY
2008,Lincoln National Corp,LNC,0.108,Holdings SPY
2008,Precision Castparts Corp,BRK.B,0.108,Holdings SPY
2008,Starbucks Corp,SBUX,0.106,Holdings SPY
2008,ProLogis,PLD,0.106,Holdings SPY
2008,"Agilent Technologies, Inc",A,0.105,Holdings SPY
2008,Southwest Airlines Co,LUV,0.104,Holdings SPY
2008,"Paychex, Inc",PAYX,0.104,Holdings SPY
2008,Southwestern Energy Co,CHK,0.103,Holdings SPY
2008,"Safeway, Inc",ACI,0.102,Holdings SPY
2008,NYSE Euronext,ICE,0.102,Holdings SPY
2008,"Intuit, Inc",INTU,0.1,Holdings SPY
2008,"HCP, Inc",PEAK,0.099,Holdings SPY
2008,ITT Corp,ITT,0.099,Holdings SPY
2008,Xerox Corp,XRX,0.099,Holdings SPY
2008,"McGraw-Hill Cos, Inc",SPGI,0.099,Holdings SPY
2008,"Ingersoll-Rand Co, Ltd (Class A)",IR,0.097,Holdings SPY
2008,Fluor Corp,FLR,0.097,Holdings SPY
2008,CBS Corp (Class B),PSKY,0.097,Holdings SPY
2008,"UST, Inc",MO,0.097,Holdings SPY
2008,"Hudson City Bancorp, Inc",MTB,0.094,Holdings SPY
2008,"Noble Energy, Inc",CVX,0.094,Holdings SPY
2008,"PPG Industries, Inc",PPG,0.094,Holdings SPY
2008,"CR Bard, Inc",BDX,0.092,Holdings SPY
2008,CIGNA Corp,CI,0.092,Holdings SPY
2008,"Intuitive Surgical, Inc",ISRG,0.091,Holdings SPY
2008,Eaton Corp,ETN,0.091,Holdings SPY
2008,United States Steel Corp,X,0.09,Holdings SPY
2008,El Paso Corp,KMI,0.088,Holdings SPY
2008,"American International Group, Inc",AIG,0.088,Holdings SPY
2008,"Xcel Energy, Inc",XEL,0.088,Holdings SPY
2008,Sara Lee Corp,TSN,0.088,Holdings SPY
2008,Parker-Hannifin Corp,PH,0.087,Holdings SPY
2008,"ConAgra Foods, Inc",CAG,0.087,Holdings SPY
2008,"Cummins, Inc",CMI,0.087,Holdings SPY
2008,"Harley-Davidson, Inc",HOG,0.087,Holdings SPY
2008,Unum Group,UNM,0.085,Holdings SPY
2008,"CH Robinson Worldwide, Inc",CHRW,0.085,Holdings SPY
2008,Rohm & Haas Co,DOW,0.085,Holdings SPY
2008,Clorox Co,CLX,0.085,Holdings SPY
2008,"Forest Laboratories, Inc",ABBV,0.085,Holdings SPY
2008,"Fortune Brands, Inc",FBIN,0.085,Holdings SPY
2008,"Plum Creek Timber Co, Inc",WY,0.084,Holdings SPY
2008,"Ecolab, Inc",ECL,0.084,Holdings SPY
2008,Kimco Realty Corp,KIM,0.083,Holdings SPY
2008,"Coach, Inc",TPR,0.083,Holdings SPY
2008,"CONSOL Energy, Inc",CEIX,0.082,Holdings SPY
2008,Cameron International Corp,SLB,0.082,Holdings SPY
2008,"The Gap, Inc",GAP,0.082,Holdings SPY
2008,Broadcom Corp (Class A),AVGO,0.082,Holdings SPY
2008,"ENSCO International, Inc",VAL,0.082,Holdings SPY
2008,"Ameriprise Financial, Inc",AMP,0.081,Holdings SPY
2008,"Reynolds American, Inc",BTI,0.081,Holdings SPY
2008,Campbell Soup Co,CPB,0.08,Holdings SPY
2008,Ameren Corp,AEE,0.08,Holdings SPY
2008,"Bed Bath & Beyond, Inc",BBBY,0.08,Holdings SPY
2008,Vulcan Materials Co,VMC,0.08,Holdings SPY
2008,"Quest Diagnostics, Inc",DGX,0.08,Holdings SPY
2008,Invesco Ltd,IVZ,0.08,Holdings SPY
2008,Leucadia National Corp,JEF,0.079,Holdings SPY
2008,AES Corp,AES,0.077,Holdings SPY
2008,"CA, Inc",AVGO,0.077,Holdings SPY
2008,"Fiserv, Inc",FISV,0.076,Holdings SPY
2008,"Rockwell Collins, Inc",RTX,0.076,Holdings SPY
2008,Laboratory Corp of America Holdings,LH,0.076,Holdings SPY
2008,"Marriott International, Inc (Class A)",MAR,0.076,Holdings SPY
2008,Dover Corp,DOV,0.075,Holdings SPY
2008,"Analog Devices, Inc",ADI,0.075,Holdings SPY
2008,"AvalonBay Communities, Inc",AVB,0.074,Holdings SPY
2008,Wachovia Corp,WFC,0.074,Holdings SPY
2008,"Macy's, Inc",M,0.074,Holdings SPY
2008,"Autodesk, Inc",ADSK,0.074,Holdings SPY
2008,"Expeditors International of Washington, Inc",EXPD,0.073,Holdings SPY
2008,"H&R Block, Inc",HRB,0.073,Holdings SPY
2008,"JC Penney Co, Inc",CPPRQ,0.072,Holdings SPY
2008,"Textron, Inc",TXT,0.071,Holdings SPY
2008,"Varian Medical Systems, Inc",SIE,0.07,Holdings SPY
2008,Questar Corp,D,0.069,Holdings SPY
2008,"Barr Pharmaceuticals, Inc",TEVA,0.069,Holdings SPY
2008,Molson Coors Brewing Co (Class B),TAP,0.069,Holdings SPY
2008,"Nabors Industries, Ltd",NBR,0.069,Holdings SPY
2008,Amphenol Corp (Class A),APH,0.068,Holdings SPY
2008,"Humana, Inc",HUM,0.068,Holdings SPY
2008,"Cooper Industries, Ltd (Class A)",COO,0.068,Holdings SPY
2008,"Host Hotels & Resorts, Inc",HST,0.068,Holdings SPY
2008,"Pitney Bowes, Inc",PBI,0.068,Holdings SPY
2008,M&T Bank Corp,MTB,0.067,Holdings SPY
2008,Fifth Third Bancorp,FITB,0.067,Holdings SPY
2008,Linear Technology Corp,ADI,0.067,Holdings SPY
2008,VF Corp,VFC,0.066,Holdings SPY
2008,Moody's Corp,MCO,0.066,Holdings SPY
2008,Regions Financial Corp,RF,0.065,Holdings SPY
2008,Range Resources Corp,RRC,0.065,Holdings SPY
2008,"Jacobs Engineering Group, Inc",J,0.065,Holdings SPY
2008,Hershey Co,HSY,0.065,Holdings SPY
2008,Sigma-Aldrich Corp,MRK.DE,0.065,Holdings SPY
2008,Cognizant Technology Solutions Corp (Class A),CTSH,0.065,Holdings SPY
2008,Discover Financial Services,COF,0.065,Holdings SPY
2008,Genuine Parts Co,GPC,0.065,Holdings SPY
2008,DTE Energy Co,DTE,0.064,Holdings SPY
2008,"Xilinx, Inc",AMD,0.064,Holdings SPY
2008,"Mattel, Inc",MAT,0.064,Holdings SPY
2008,Masco Corp,MAS,0.064,Holdings SPY
2008,"Assurant, Inc",AIZ,0.064,Holdings SPY
2008,"MEMC Electronic Materials, Inc",WFR,0.063,Holdings SPY
2008,"Apollo Group, Inc (Class A)",APO,0.063,Holdings SPY
2008,Fastenal Co,FAST,0.062,Holdings SPY
2008,Altera Corp,ALTR,0.061,Holdings SPY
2008,"Allegheny Energy, Inc",ATI,0.06,Holdings SPY
2008,"Hospira, Inc",PFE,0.06,Holdings SPY
2008,Computer Sciences Corp,DXC,0.06,Holdings SPY
2008,"IntercontinentalExchange, Inc",ICE,0.06,Holdings SPY
2008,AmerisourceBergen Corp,COR,0.059,Holdings SPY
2008,"NetApp, Inc",NTAP,0.059,Holdings SPY
2008,Harris Corp,LHX,0.059,Holdings SPY
2008,Pioneer Natural Resources Co,XOM,0.059,Holdings SPY
2008,Whirlpool Corp,WHR,0.058,Holdings SPY
2008,NVIDIA Corp,NVDA,0.058,Holdings SPY
2008,KeyCorp,KEY,0.058,Holdings SPY
2008,"DaVita, Inc",DVA,0.057,Holdings SPY
2008,Waters Corp,WAT,0.057,Holdings SPY
2008,Embarq Corp,LUMN,0.057,Holdings SPY
2008,"Applied Biosystems, Inc",TMO,0.057,Holdings SPY
2008,SLM Corp,SLM,0.056,Holdings SPY
2008,"Sun Microsystems, Inc",ORCL,0.056,Holdings SPY
2008,"Estee Lauder Cos, Inc (Class A)",EL,0.056,Holdings SPY
2008,Brown-Forman Corp (Class B),BF.B,0.056,Holdings SPY
2008,Sherwin-Williams Co,SHW,0.056,Holdings SPY
2008,"WW Grainger, Inc",GWW,0.055,Holdings SPY
2008,BJ Services Co,BJ,0.055,Holdings SPY
2008,GameStop Corp (Class A),GME,0.054,Holdings SPY
2008,"XL Capital, Ltd (Class A)",AXA,0.054,Holdings SPY
2008,"Rockwell Automation, Inc",ROK,0.054,Holdings SPY
2008,"BMC Software, Inc",BMC,0.054,Holdings SPY
2008,"Microchip Technology, Inc",MCHP,0.053,Holdings SPY
2008,KLA-Tencor Corp,KLAC,0.053,Holdings SPY
2008,Sears Holdings Corp,SRSQ,0.053,Holdings SPY
2008,"Legg Mason, Inc",BEN,0.053,Holdings SPY
2008,General Motors Corp,GM,0.052,Holdings SPY
2008,International Game Technology,IGT,0.052,Holdings SPY
2008,"Coca-Cola Enterprises, Inc",CCEP,0.052,Holdings SPY
2008,Marshall & Ilsley Corp,BMO,0.052,Holdings SPY
2008,"Starwood Hotels & Resorts Worldwide, Inc",MAR,0.052,Holdings SPY
2008,Torchmark Corp,GL,0.051,Holdings SPY
2008,Goodrich Corp,RTX,0.051,Holdings SPY
2008,RR Donnelley & Sons Co,RRD,0.051,Holdings SPY
2008,American Capital Ltd,ARCC,0.051,Holdings SPY
2008,"AutoZone, Inc",AZO,0.051,Holdings SPY
2008,"CF Industries Holdings, Inc",CF,0.05,Holdings SPY
2008,"VeriSign, Inc",VRSN,0.05,Holdings SPY
2008,"Salesforcecom, Inc",CRM,0.049,Holdings SPY
2008,"CenterPoint Energy, Inc",CNP,0.049,Holdings SPY
2008,"Limited Brands, Inc",BBWI,0.049,Holdings SPY
2008,"Comerica, Inc",CMA,0.048,Holdings SPY
2008,"McCormick & Co, Inc",MKC,0.048,Holdings SPY
2008,"Affiliated Computer Services, Inc (Class A)",AMG,0.048,Holdings SPY
2008,Windstream Corp,UNIT,0.048,Holdings SPY
2008,"Coventry Health Care, Inc",CVS,0.047,Holdings SPY
2008,"Qwest Communications International, Inc",LUMN,0.047,Holdings SPY
2008,"Newell Rubbermaid, Inc",NWL,0.046,Holdings SPY
2008,Avery Dennison Corp,AVY,0.046,Holdings SPY
2008,Cincinnati Financial Corp,CINF,0.046,Holdings SPY
2008,"Citrix Systems, Inc",CTXS,0.045,Holdings SPY
2008,"Nordstrom, Inc",JWN,0.045,Holdings SPY
2008,"SUPERVALU, Inc",UNFI,0.045,Holdings SPY
2008,"Pepco Holdings, Inc",EXC,0.045,Holdings SPY
2008,Tiffany & Co,LVMUY,0.044,Holdings SPY
2008,"Equifax, Inc",EFX,0.044,Holdings SPY
2008,Zions Bancorp Co,ZION,0.044,Holdings SPY
2008,"Hasbro, Inc",HAS,0.043,Holdings SPY
2008,Eastman Kodak Co,KODK,0.043,Holdings SPY
2008,SanDisk Corp,WDC,0.043,Holdings SPY
2008,"Constellation Energy Group, Inc",CEG,0.042,Holdings SPY
2008,Eastman Chemical Co,EMN,0.041,Holdings SPY
2008,"Sunoco, Inc",SUN,0.041,Holdings SPY
2008,"Constellation Brands, Inc (Class A)",STZ,0.041,Holdings SPY
2008,Pall Corp,DHR,0.041,Holdings SPY
2008,MeadWestvaco Corp,SKG,0.04,Holdings SPY
2008,"Darden Restaurants, Inc",DRI,0.039,Holdings SPY
2008,"NiSource, Inc",NI,0.039,Holdings SPY
2008,"Pepsi Bottling Group, Inc",PEP,0.039,Holdings SPY
2008,"Robert Half International, Inc",RHI,0.039,Holdings SPY
2008,"Janus Capital Group, Inc",JHG,0.038,Holdings SPY
2008,"Gannett Co, Inc",GCI,0.038,Holdings SPY
2008,Ball Corp,BALL,0.038,Holdings SPY
2008,Polo Ralph Lauren Corp (Class A),RL,0.038,Holdings SPY
2008,"Integrys Energy Group, Inc",WEC,0.038,Holdings SPY
2008,Developers Diversified Realty Corp,SITC,0.037,Holdings SPY
2008,Millipore Corp,MRK.DE,0.037,Holdings SPY
2008,Cintas Corp,CTAS,0.037,Holdings SPY
2008,"CenturyTel, Inc",LUMN,0.037,Holdings SPY
2008,"Allied Waste Industries, Inc",RSG,0.037,Holdings SPY
2008,"Genworth Financial, Inc (Class A)",GNW,0.037,Holdings SPY
2008,Frontier Communications Corp,VZ,0.036,Holdings SPY
2008,Black & Decker Corp,SWK,0.036,Holdings SPY
2008,Goodyear Tire & Rubber Co,GT,0.036,Holdings SPY
2008,"Interpublic Group of Cos, Inc",IPG,0.036,Holdings SPY
2008,Cabot Oil & Gas Corp,CTRA,0.036,Holdings SPY
2008,"DR Horton, Inc",DHI,0.035,Holdings SPY
2008,"Tyson Foods, Inc, (Class A)",TSN,0.035,Holdings SPY
2008,"Ryder System, Inc",R,0.035,Holdings SPY
2008,Dean Foods Co,DFODQ,0.034,Holdings SPY
2008,"Leggett & Platt, Inc",LEG,0.034,Holdings SPY
2008,Teradata Corp,TDC,0.034,Holdings SPY
2008,"Fidelity National Information Services, Inc",FIS,0.034,Holdings SPY
2008,Sealed Air Corp,SEE,0.034,Holdings SPY
2008,"General Growth Properties, Inc",BP,0.034,Holdings SPY
2008,"IMS Health, Inc",IQV,0.034,Holdings SPY
2008,"Rowan Cos, Inc",VAL,0.034,Holdings SPY
2008,Pinnacle West Capital Corp,PNW,0.034,Holdings SPY
2008,"Mylan, Inc",VTRS,0.034,Holdings SPY
2008,LSI Logic Corp,AVGO,0.034,Holdings SPY
2008,Abercrombie & Fitch Co (Class A),ANF,0.034,Holdings SPY
2008,National Semiconductor Corp,TXN,0.033,Holdings SPY
2008,"Family Dollar Stores, Inc",DLTR,0.033,Holdings SPY
2008,"TECO Energy, Inc",EMA,0.032,Holdings SPY
2008,Stanley Works Co,SWK,0.032,Holdings SPY
2008,"Total System Services, Inc",GPN,0.032,Holdings SPY
2008,Washington Post Co (Class B),GHC,0.032,Holdings SPY
2008,Scripps Networks Interactive (Class A),WBD,0.032,Holdings SPY
2008,Pactiv Corp,PTVE,0.032,Holdings SPY
2008,"International Flavors & Fragrances, Inc",IFF,0.031,Holdings SPY
2008,"Expedia, Inc",EXPE,0.031,Holdings SPY
2008,"Advanced Micro Devices, Inc",AMD,0.031,Holdings SPY
2008,"Molex, Inc",KOCH,0.031,Holdings SPY
2008,Terex Corp,TEX,0.03,Holdings SPY
2008,"Micron Technology, Inc",MU,0.03,Holdings SPY
2008,Apartment Investment & Management Co (Class A),AIV,0.029,Holdings SPY
2008,"Snap-on, Inc",SNA,0.029,Holdings SPY
2008,"Allegheny Technologies, Inc",ATI,0.029,Holdings SPY
2008,"Watson Pharmaceuticals, Inc",TEVA,0.029,Holdings SPY
2008,"PerkinElmer, Inc",RVTY,0.029,Holdings SPY
2008,"Akamai Technologies, Inc",AKAM,0.029,Holdings SPY
2008,"Pulte Homes, Inc",PHM,0.029,Holdings SPY
2008,Massey Energy Co,MET,0.028,Holdings SPY
2008,"Huntington Bancshares, Inc",HBAN,0.028,Holdings SPY
2008,AK Steel Holding Corp,CLF,0.028,Holdings SPY
2008,"Lexmark International, Inc (Class A)",LXK,0.028,Holdings SPY
2008,"Patterson Cos, Inc",PDCO,0.028,Holdings SPY
2008,Wyndham Worldwide Corp,WH,0.027,Holdings SPY
2008,CMS Energy Corp,CMS,0.027,Holdings SPY
2008,"Whole Foods Market, Inc",AMZN,0.027,Holdings SPY
2008,"Bemis Co, Inc",AMBP,0.026,Holdings SPY
2008,Compuware Corp,CPWR,0.025,Holdings SPY
2008,"Federated Investors, Inc (Class B)",FHI,0.025,Holdings SPY
2008,"MBIA, Inc",MBI,0.023,Holdings SPY
2008,"King Pharmaceuticals, Inc",PFE,0.023,Holdings SPY
2008,Tenet Healthcare Corp,THC,0.023,Holdings SPY
2008,"CB Richard Ellis Group, Inc (Class A)",CBRE,0.023,Holdings SPY
2008,"Big Lots, Inc",BIG,0.022,Holdings SPY
2008,"Hercules, Inc",ASH,0.022,Holdings SPY
2008,RadioShack Corp,RSHCQ,0.022,Holdings SPY
2008,Tesoro Corp,MPC,0.022,Holdings SPY
2008,"Sovereign Bancorp, Inc",SAN,0.021,Holdings SPY
2008,Lennar Corp (Class A),LEN,0.021,Holdings SPY
2008,QLogic Corp,MRVL,0.02,Holdings SPY
2008,"Manitowoc Co, Inc",MTW,0.02,Holdings SPY
2008,"Harman International Industries, Inc",SMSN,0.019,Holdings SPY
2008,"CIT Group, Inc",FCNCA,0.019,Holdings SPY
2008,"Novellus Systems, Inc",LRCX,0.019,Holdings SPY
2008,"Jabil Circuit, Inc",JBL,0.019,Holdings SPY
2008,"Nicor, Inc",SO,0.019,Holdings SPY
2008,Centex Corp,PHM,0.019,Holdings SPY
2008,"Monster Worldwide, Inc",RAND,0.018,Holdings SPY
2008,Convergys Corp,CNXC,0.018,Holdings SPY
2008,First Horizon National Corp,FHN,0.018,Holdings SPY
2008,JDS Uniphase Corp,VIAV,0.018,Holdings SPY
2008,"Novell, Inc",MFGP,0.018,Holdings SPY
2008,"Dynegy, Inc (Class A)",VST,0.017,Holdings SPY
2008,New York Times Co (Class A),NYT,0.017,Holdings SPY
2008,"Ashland, Inc",ASH,0.016,Holdings SPY
2008,"Tellabs, Inc",TLAB,0.016,Holdings SPY
2008,"Office Depot, Inc",ODP,0.015,Holdings SPY
2008,"Jones Apparel Group, Inc",JNY,0.015,Holdings SPY
2008,"Liz Claiborne, Inc",TPR,0.015,Holdings SPY
2008,ETRADE Financial Corp,MS,0.015,Holdings SPY
2008,KB HOME,KBH,0.015,Holdings SPY
2008,"Teradyne, Inc",TER,0.013,Holdings SPY
2008,National City Corp,PNC,0.013,Holdings SPY
2008,"AutoNation, Inc",AN,0.012,Holdings SPY
2008,Meredith Corp,IAC,0.01,Holdings SPY
2008,Titanium Metals Corp,PCP,0.009,Holdings SPY
2008,Unisys Corp,UIS,0.009,Holdings SPY
2008,Ciena Corp,CIEN,0.009,Holdings SPY
2008,MGIC Investment Corp,MTG,0.008,Holdings SPY
2008,"Dillard's, Inc (Class A)",DDS,0.007,Holdings SPY
2009,Exxon Mobil Corp,XOM,3.532,Holdings SPY
2009,Microsoft Corp,MSFT,2.15,Holdings SPY
2009,General Electric Co,GE,1.869,Holdings SPY
2009,JPMorgan Chase & Co,JPM,1.846,Holdings SPY
2009,Procter & Gamble Co,PG,1.811,Holdings SPY
2009,Johnson & Johnson,JNJ,1.797,Holdings SPY
2009,"Apple, Inc",AAPL,1.779,Holdings SPY
2009,"AT&T, Inc",T,1.707,Holdings SPY
2009,International Business Machines Corp,IBM,1.679,Holdings SPY
2009,Bank of America Corp,BAC,1.568,Holdings SPY
2009,Chevron Corp,CVX,1.513,Holdings SPY
2009,"Cisco Systems, Inc",CSCO,1.454,Holdings SPY
2009,Wells Fargo & Co,WFC,1.41,Holdings SPY
2009,Coca-Cola Co,KO,1.333,Holdings SPY
2009,"Google, Inc (Class A)",GOOGL,1.278,Holdings SPY
2009,Hewlett-Packard Co,HPQ,1.199,Holdings SPY
2009,"Pfizer, Inc",PFE,1.196,Holdings SPY
2009,Intel Corp,INTC,1.173,Holdings SPY
2009,"Wal-Mart Stores, Inc",WMT,1.136,Holdings SPY
2009,"Philip Morris International, Inc",PM,1.01,Holdings SPY
2009,"Goldman Sachs Group, Inc",GS,1.009,Holdings SPY
2009,"PepsiCo, Inc",PEP,0.979,Holdings SPY
2009,"Verizon Communications, Inc",VZ,0.921,Holdings SPY
2009,Oracle Corp,ORCL,0.872,Holdings SPY
2009,Abbott Laboratories,ABT,0.819,Holdings SPY
2009,"QUALCOMM, Inc",QCOM,0.801,Holdings SPY
2009,"Schlumberger, Ltd",SLB,0.765,Holdings SPY
2009,ConocoPhillips,COP,0.717,Holdings SPY
2009,"Merck & Co, Inc",MRK,0.714,Holdings SPY
2009,Wyeth,PFE,0.695,Holdings SPY
2009,Occidental Petroleum Corp,OXY,0.681,Holdings SPY
2009,"Citigroup, Inc",C,0.676,Holdings SPY
2009,McDonald's Corp,MCD,0.667,Holdings SPY
2009,"Amgen, Inc",AMGN,0.655,Holdings SPY
2009,United Technologies Corp,UAL,0.614,Holdings SPY
2009,"United Parcel Service, Inc (Class B)",UPS,0.602,Holdings SPY
2009,CVS Caremark Corp,CVS,0.552,Holdings SPY
2009,3M Co,MMM,0.552,Holdings SPY
2009,The Walt Disney Co,DIS,0.547,Holdings SPY
2009,Comcast Corp (Class A),CMCSA,0.519,Holdings SPY
2009,Schering-Plough Corp,MRK,0.494,Holdings SPY
2009,"Home Depot, Inc",HD,0.486,Holdings SPY
2009,Bristol-Myers Squibb Co,BMY,0.478,Holdings SPY
2009,Monsanto Co,BAYRY,0.453,Holdings SPY
2009,"Gilead Sciences, Inc",GILD,0.451,Holdings SPY
2009,Morgan Stanley,MS,0.448,Holdings SPY
2009,US Bancorp,USB,0.448,Holdings SPY
2009,"Medtronic, Inc",MDT,0.436,Holdings SPY
2009,American Express Co,AXP,0.432,Holdings SPY
2009,Boeing Co,BA,0.421,Holdings SPY
2009,"Kraft Foods, Inc (Class A)",KHC,0.415,Holdings SPY
2009,Colgate-Palmolive Co,CL,0.407,Holdings SPY
2009,Walgreen Co,WBA,0.398,Holdings SPY
2009,"Altria Group, Inc",MO,0.395,Holdings SPY
2009,Target Corp,TGT,0.376,Holdings SPY
2009,Bank of New York Mellon Corp,BK,0.373,Holdings SPY
2009,EMC Corp,DELL,0.369,Holdings SPY
2009,"Baxter International, Inc",BAX,0.368,Holdings SPY
2009,"Time Warner, Inc",WBD,0.365,Holdings SPY
2009,Eli Lilly & Co,LLY,0.358,Holdings SPY
2009,Exelon Corp,EXC,0.35,Holdings SPY
2009,"Caterpillar, Inc",CAT,0.342,Holdings SPY
2009,"MetLife, Inc",MET,0.334,Holdings SPY
2009,"Amazoncom, Inc",AMZN,0.332,Holdings SPY
2009,"Lowe's Cos, Inc",LOW,0.331,Holdings SPY
2009,Apache Corp,APA,0.33,Holdings SPY
2009,Anadarko Petroleum Corp,OXY,0.33,Holdings SPY
2009,Emerson Electric Co,EMR,0.323,Holdings SPY
2009,"Texas Instruments, Inc",TXN,0.32,Holdings SPY
2009,Devon Energy Corp,DVN,0.32,Holdings SPY
2009,Dow Chemical Co,DOW,0.319,Holdings SPY
2009,Union Pacific Corp,UNP,0.315,Holdings SPY
2009,"UnitedHealth Group, Inc",UNH,0.312,Holdings SPY
2009,Du Pont (EI) de Nemours & Co,DD,0.311,Holdings SPY
2009,"Freeport-McMoRan Copper & Gold, Inc",FCX,0.303,Holdings SPY
2009,"The Travelers Cos, Inc",TRV,0.299,Holdings SPY
2009,"Honeywell International, Inc",HON,0.299,Holdings SPY
2009,News Corp (Class A),NWS,0.289,Holdings SPY
2009,"eBay, Inc",EBAY,0.284,Holdings SPY
2009,"Dell, Inc",DELL,0.281,Holdings SPY
2009,"Medco Health Solutions, Inc",CI,0.281,Holdings SPY
2009,State Street Corp,STT,0.279,Holdings SPY
2009,Celgene Corp,BMY,0.275,Holdings SPY
2009,Lockheed Martin Corp,LMT,0.27,Holdings SPY
2009,Southern Co,SO,0.27,Holdings SPY
2009,"NIKE, Inc (Class B)",NKE,0.27,Holdings SPY
2009,"Praxair, Inc",LIN,0.268,Holdings SPY
2009,General Dynamics Corp,GD,0.266,Holdings SPY
2009,Costco Wholesale Corp,COST,0.263,Holdings SPY
2009,Kimberly-Clark Corp,KMB,0.262,Holdings SPY
2009,Halliburton Co,HAL,0.262,Holdings SPY
2009,"XTO Energy, Inc",XOM,0.257,Holdings SPY
2009,"Corning, Inc",GLW,0.255,Holdings SPY
2009,FedEx Corp,FDX,0.252,Holdings SPY
2009,Ford Motor Co,F,0.249,Holdings SPY
2009,"Prudential Financial, Inc",PRU,0.248,Holdings SPY
2009,"FPL Group, Inc",NEE,0.243,Holdings SPY
2009,Marathon Oil Corp,COP,0.242,Holdings SPY
2009,"WellPoint, Inc",ELV,0.241,Holdings SPY
2009,"PNC Financial Services Group, Inc",PNC,0.24,Holdings SPY
2009,Newmont Mining Corp (Holding Co),NEM,0.231,Holdings SPY
2009,"Express Scripts, Inc",CI,0.228,Holdings SPY
2009,"Yahoo!, Inc",YHOO,0.228,Holdings SPY
2009,"EOG Resources, Inc",EOG,0.225,Holdings SPY
2009,"General Mills, Inc",GIS,0.224,Holdings SPY
2009,Burlington Northern Santa Fe Corp,BRK.B,0.224,Holdings SPY
2009,"CME Group, Inc",CME,0.219,Holdings SPY
2009,"Dominion Resources, Inc",D,0.219,Holdings SPY
2009,Duke Energy Corp,DUK,0.218,Holdings SPY
2009,"AFLAC, Inc",AFL,0.214,Holdings SPY
2009,"Simon Property Group, Inc",SPG,0.212,Holdings SPY
2009,"Automatic Data Processing, Inc",ADP,0.211,Holdings SPY
2009,"Motorola, Inc",MSI,0.211,Holdings SPY
2009,"MasterCard, Inc (Class A)",MA,0.208,Holdings SPY
2009,Archer-Daniels-Midland Co,ADM,0.201,Holdings SPY
2009,Raytheon Co,RTX,0.2,Holdings SPY
2009,BB&T Corp,TFC,0.199,Holdings SPY
2009,Charles Schwab Corp,SCHW,0.195,Holdings SPY
2009,Chesapeake Energy Corp,CHK,0.195,Holdings SPY
2009,Deere & Co,DE,0.194,Holdings SPY
2009,"National-Oilwell Varco, Inc",NOV,0.193,Holdings SPY
2009,"Applied Materials, Inc",AMAT,0.191,Holdings SPY
2009,"Thermo Fisher Scientific, Inc",TMO,0.191,Holdings SPY
2009,Chubb Corp,CB,0.189,Holdings SPY
2009,"Allergan, Inc",ABBV,0.187,Holdings SPY
2009,Danaher Corp,DHR,0.187,Holdings SPY
2009,Kohl's Corp,KSS,0.187,Holdings SPY
2009,"Adobe Systems, Inc",ADBE,0.186,Holdings SPY
2009,"Viacom, Inc (Class B)",PSKY,0.182,Holdings SPY
2009,"Becton, Dickinson & Co",BDX,0.179,Holdings SPY
2009,"Staples, Inc",SPLS,0.179,Holdings SPY
2009,Northrop Grumman Corp,NOC,0.176,Holdings SPY
2009,"Illinois Tool Works, Inc",ITW,0.176,Holdings SPY
2009,Allstate Corp,ALL,0.176,Holdings SPY
2009,CSX Corp,CSX,0.176,Holdings SPY
2009,"Air Products & Chemicals, Inc",APD,0.175,Holdings SPY
2009,Capital One Financial Corp,COF,0.174,Holdings SPY
2009,Boston Scientific Corp,BSX,0.171,Holdings SPY
2009,"Public Service Enterprise Group, Inc",PEG,0.17,Holdings SPY
2009,McKesson Corp,MCK,0.17,Holdings SPY
2009,Norfolk Southern Corp,NSC,0.17,Holdings SPY
2009,"TJX Cos, Inc",TJX,0.169,Holdings SPY
2009,"Yum! Brands, Inc",YUM,0.168,Holdings SPY
2009,Entergy Corp,ETR,0.167,Holdings SPY
2009,Hess Corp,CVX,0.167,Holdings SPY
2009,Genzyme Corp,SNY,0.164,Holdings SPY
2009,"Johnson Controls, Inc",JCI,0.163,Holdings SPY
2009,Starbucks Corp,SBUX,0.163,Holdings SPY
2009,"Time Warner Cable, Inc",CHTR,0.163,Holdings SPY
2009,"Franklin Resources, Inc",BEN,0.161,Holdings SPY
2009,PG&E Corp,PCG,0.16,Holdings SPY
2009,Nucor Corp,NUE,0.158,Holdings SPY
2009,"American Electric Power Co, Inc",AEP,0.158,Holdings SPY
2009,Southwestern Energy Co,CHK,0.158,Holdings SPY
2009,"Waste Management, Inc",WM,0.157,Holdings SPY
2009,Sysco Corp,SYY,0.157,Holdings SPY
2009,"Biogen Idec, Inc",BIIB,0.156,Holdings SPY
2009,Carnival Corp,CCL,0.156,Holdings SPY
2009,"Avon Products, Inc",NTCO,0.155,Holdings SPY
2009,American Tower Corp (Class A),AMT,0.154,Holdings SPY
2009,Precision Castparts Corp,BRK.B,0.153,Holdings SPY
2009,"Juniper Networks, Inc",HPE,0.152,Holdings SPY
2009,Northern Trust Corp,NTRS,0.151,Holdings SPY
2009,FirstEnergy Corp,FE,0.149,Holdings SPY
2009,"PACCAR, Inc",PCAR,0.147,Holdings SPY
2009,"St Jude Medical, Inc",ABT,0.145,Holdings SPY
2009,Kroger Co,KR,0.144,Holdings SPY
2009,Symantec Corp,GEN,0.144,Holdings SPY
2009,Western Union Co,WU,0.142,Holdings SPY
2009,"Baker Hughes, Inc",BKR,0.142,Holdings SPY
2009,Broadcom Corp (Class A),AVGO,0.141,Holdings SPY
2009,"Marsh & McLennan Cos, Inc",MRSH,0.139,Holdings SPY
2009,Stryker Corp,SYK,0.137,Holdings SPY
2009,"Best Buy Co, Inc",BBY,0.137,Holdings SPY
2009,"Alcoa, Inc",AA,0.137,Holdings SPY
2009,Kellogg Co,KLG,0.135,Holdings SPY
2009,HJ Heinz Co,KHC,0.134,Holdings SPY
2009,Loews Corp,L,0.133,Holdings SPY
2009,"DIRECTV Group, Inc",T,0.133,Holdings SPY
2009,"Lorillard, Inc",BAT,0.131,Holdings SPY
2009,Spectra Energy Corp,ENB,0.131,Holdings SPY
2009,Sempra Energy,SRE,0.131,Holdings SPY
2009,"Aetna, Inc",CVS,0.13,Holdings SPY
2009,"T Rowe Price Group, Inc",TROW,0.126,Holdings SPY
2009,"Omnicom Group, Inc",OMC,0.123,Holdings SPY
2009,"Zimmer Holdings, Inc",ZBH,0.123,Holdings SPY
2009,PPL Corp,PPL,0.123,Holdings SPY
2009,"Noble Energy, Inc",CVX,0.122,Holdings SPY
2009,Sprint Nextel Corp,TMUS,0.122,Holdings SPY
2009,Cognizant Technology Solutions Corp (Class A),CTSH,0.121,Holdings SPY
2009,"Consolidated Edison, Inc",ED,0.121,Holdings SPY
2009,Progressive Corp,PGR,0.121,Holdings SPY
2009,"SunTrust Banks, Inc",TFC,0.12,Holdings SPY
2009,Aon Corp,AON,0.12,Holdings SPY
2009,Murphy Oil Corp,MUR,0.118,Holdings SPY
2009,"Ecolab, Inc",ECL,0.117,Holdings SPY
2009,Edison International,EIX,0.117,Holdings SPY
2009,"Progress Energy, Inc",D,0.117,Holdings SPY
2009,Valero Energy Corp,VLO,0.116,Holdings SPY
2009,"Coach, Inc",TPR,0.112,Holdings SPY
2009,"Williams Cos, Inc",WMB,0.111,Holdings SPY
2009,"The Gap, Inc",GAP,0.11,Holdings SPY
2009,"Public Storage, Inc",PSA,0.109,Holdings SPY
2009,"Hartford Financial Services Group, Inc",HIG,0.109,Holdings SPY
2009,Vornado Realty Trust,VNO,0.108,Holdings SPY
2009,"CenturyTel, Inc",LUMN,0.107,Holdings SPY
2009,Peabody Energy Corp,BTU,0.107,Holdings SPY
2009,"Intuitive Surgical, Inc",ISRG,0.106,Holdings SPY
2009,AES Corp,AES,0.106,Holdings SPY
2009,"Bed Bath & Beyond, Inc",BBBY,0.105,Holdings SPY
2009,"CH Robinson Worldwide, Inc",CHRW,0.104,Holdings SPY
2009,International Paper Co,IP,0.103,Holdings SPY
2009,"Cardinal Health, Inc",CAH,0.103,Holdings SPY
2009,"PPG Industries, Inc",PPG,0.103,Holdings SPY
2009,"Agilent Technologies, Inc",A,0.103,Holdings SPY
2009,"ConAgra Foods, Inc",CAG,0.103,Holdings SPY
2009,ITT Corp,ITT,0.102,Holdings SPY
2009,Invesco Ltd,IVZ,0.101,Holdings SPY
2009,"Apollo Group, Inc (Class A)",APO,0.101,Holdings SPY
2009,Eaton Corp,ETN,0.1,Holdings SPY
2009,"L-3 Communications Holdings, Inc",LHX,0.1,Holdings SPY
2009,"Paychex, Inc",PAYX,0.1,Holdings SPY
2009,"Ameriprise Financial, Inc",AMP,0.099,Holdings SPY
2009,"Intuit, Inc",INTU,0.099,Holdings SPY
2009,Fluor Corp,FLR,0.098,Holdings SPY
2009,"Boston Properties, Inc",BXP,0.098,Holdings SPY
2009,"Cummins, Inc",CMI,0.097,Holdings SPY
2009,"Forest Laboratories, Inc",ABBV,0.095,Holdings SPY
2009,"NetApp, Inc",NTAP,0.095,Holdings SPY
2009,"Xcel Energy, Inc",XEL,0.094,Holdings SPY
2009,"Principal Financial Group, Inc",PFG,0.094,Holdings SPY
2009,"CA, Inc",AVGO,0.093,Holdings SPY
2009,Discover Financial Services,COF,0.093,Holdings SPY
2009,"Republic Services, Inc",RSG,0.092,Holdings SPY
2009,Equity Residential Properties Trust,EQR,0.09,Holdings SPY
2009,"HCP, Inc",PEAK,0.09,Holdings SPY
2009,Parker-Hannifin Corp,PH,0.089,Holdings SPY
2009,NVIDIA Corp,NVDA,0.088,Holdings SPY
2009,Cameron International Corp,SLB,0.088,Holdings SPY
2009,"Safeway, Inc",ACI,0.088,Holdings SPY
2009,Clorox Co,CLX,0.088,Holdings SPY
2009,"CONSOL Energy, Inc",CEIX,0.088,Holdings SPY
2009,Western Digital Corp,WDC,0.088,Holdings SPY
2009,CBS Corp (Class B),PSKY,0.087,Holdings SPY
2009,Life Technologies Corp,TMO,0.087,Holdings SPY
2009,"Quest Diagnostics, Inc",DGX,0.087,Holdings SPY
2009,Fifth Third Bancorp,FITB,0.087,Holdings SPY
2009,"Analog Devices, Inc",ADI,0.086,Holdings SPY
2009,Computer Sciences Corp,DXC,0.086,Holdings SPY
2009,"Rockwell Collins, Inc",RTX,0.086,Holdings SPY
2009,"JC Penney Co, Inc",CPPRQ,0.086,Holdings SPY
2009,"McGraw-Hill Cos, Inc",SPGI,0.085,Holdings SPY
2009,Lincoln National Corp,LNC,0.084,Holdings SPY
2009,Range Resources Corp,RRC,0.083,Holdings SPY
2009,Sara Lee Corp,TSN,0.083,Holdings SPY
2009,Weyerhaeuser Co,WY,0.083,Holdings SPY
2009,"Macy's, Inc",M,0.082,Holdings SPY
2009,"CR Bard, Inc",BDX,0.082,Holdings SPY
2009,CIGNA Corp,CI,0.082,Holdings SPY
2009,Molson Coors Brewing Co (Class B),TAP,0.082,Holdings SPY
2009,"Reynolds American, Inc",BTI,0.081,Holdings SPY
2009,NYSE Euronext,ICE,0.081,Holdings SPY
2009,"Expeditors International of Washington, Inc",EXPD,0.08,Holdings SPY
2009,"Fiserv, Inc",FISV,0.08,Holdings SPY
2009,Regions Financial Corp,RF,0.079,Holdings SPY
2009,"Dr Pepper Snapple Group, Inc",KDP,0.079,Holdings SPY
2009,El Paso Corp,KMI,0.078,Holdings SPY
2009,Dover Corp,DOV,0.077,Holdings SPY
2009,"Hospira, Inc",PFE,0.077,Holdings SPY
2009,Southwest Airlines Co,LUV,0.077,Holdings SPY
2009,Laboratory Corp of America Holdings,LH,0.076,Holdings SPY
2009,"Citrix Systems, Inc",CTXS,0.076,Holdings SPY
2009,"IntercontinentalExchange, Inc",ICE,0.076,Holdings SPY
2009,"Host Hotels & Resorts, Inc",HST,0.076,Holdings SPY
2009,Unum Group,UNM,0.076,Holdings SPY
2009,"Micron Technology, Inc",MU,0.074,Holdings SPY
2009,"Marriott International, Inc (Class A)",MAR,0.074,Holdings SPY
2009,"BMC Software, Inc",BMC,0.074,Holdings SPY
2009,"McAfee, Inc",MCFE,0.073,Holdings SPY
2009,"Sun Microsystems, Inc",ORCL,0.073,Holdings SPY
2009,"Coca-Cola Enterprises, Inc",CCEP,0.073,Holdings SPY
2009,Goodrich Corp,RTX,0.072,Holdings SPY
2009,Vulcan Materials Co,VMC,0.072,Holdings SPY
2009,Xerox Corp,XRX,0.072,Holdings SPY
2009,AmerisourceBergen Corp,COR,0.071,Holdings SPY
2009,"Mattel, Inc",MAT,0.071,Holdings SPY
2009,"Diamond Offshore Drilling, Inc",NE,0.071,Holdings SPY
2009,Sigma-Aldrich Corp,MRK.DE,0.07,Holdings SPY
2009,Questar Corp,D,0.07,Holdings SPY
2009,Amphenol Corp (Class A),APH,0.069,Holdings SPY
2009,"Xilinx, Inc",AMD,0.069,Holdings SPY
2009,"Constellation Energy Group, Inc",CEG,0.069,Holdings SPY
2009,Hershey Co,HSY,0.069,Holdings SPY
2009,"Fortune Brands, Inc",FBIN,0.069,Holdings SPY
2009,VF Corp,VFC,0.069,Holdings SPY
2009,"FMC Technologies, Inc",FMC,0.069,Holdings SPY
2009,International Game Technology,IGT,0.068,Holdings SPY
2009,United States Steel Corp,X,0.068,Holdings SPY
2009,"Humana, Inc",HUM,0.068,Holdings SPY
2009,"Smith International, Inc",SLB,0.068,Holdings SPY
2009,JM Smucker Co,SJM,0.068,Holdings SPY
2009,Campbell Soup Co,CPB,0.067,Holdings SPY
2009,"Owens-Illinois, Inc",OI,0.067,Holdings SPY
2009,"Salesforcecom, Inc",CRM,0.067,Holdings SPY
2009,"Hudson City Bancorp, Inc",MTB,0.066,Holdings SPY
2009,"Starwood Hotels & Resorts Worldwide, Inc",MAR,0.066,Holdings SPY
2009,"Electronic Arts, Inc",EA,0.066,Holdings SPY
2009,Linear Technology Corp,ADI,0.066,Holdings SPY
2009,"H&R Block, Inc",HRB,0.066,Holdings SPY
2009,KLA-Tencor Corp,KLAC,0.066,Holdings SPY
2009,Genuine Parts Co,GPC,0.065,Holdings SPY
2009,"Rockwell Automation, Inc",ROK,0.065,Holdings SPY
2009,"ENSCO International, Inc",VAL,0.065,Holdings SPY
2009,"Ventas, Inc",VTR,0.065,Holdings SPY
2009,Altera Corp,ALTR,0.065,Holdings SPY
2009,"XL Capital, Ltd (Class A)",AXA,0.064,Holdings SPY
2009,"American International Group, Inc",AIG,0.064,Holdings SPY
2009,"Nabors Industries, Ltd",NBR,0.064,Holdings SPY
2009,Ameren Corp,AEE,0.063,Holdings SPY
2009,"DaVita, Inc",DVA,0.063,Holdings SPY
2009,Sherwin-Williams Co,SHW,0.063,Holdings SPY
2009,"AvalonBay Communities, Inc",AVB,0.063,Holdings SPY
2009,DTE Energy Co,DTE,0.062,Holdings SPY
2009,"Genworth Financial, Inc (Class A)",GNW,0.062,Holdings SPY
2009,BJ Services Co,BJ,0.061,Holdings SPY
2009,"Jacobs Engineering Group, Inc",J,0.061,Holdings SPY
2009,"Qwest Communications International, Inc",LUMN,0.061,Holdings SPY
2009,KeyCorp,KEY,0.06,Holdings SPY
2009,EQT Corp,EQT,0.06,Holdings SPY
2009,"WW Grainger, Inc",GWW,0.06,Holdings SPY
2009,Flowserve Corp,FLS,0.059,Holdings SPY
2009,"Autodesk, Inc",ADSK,0.059,Holdings SPY
2009,"People's United Financial, Inc",MTB,0.058,Holdings SPY
2009,"Harley-Davidson, Inc",HOG,0.058,Holdings SPY
2009,Waters Corp,WAT,0.057,Holdings SPY
2009,"Affiliated Computer Services, Inc (Class A)",AMG,0.057,Holdings SPY
2009,"Varian Medical Systems, Inc",SIE,0.057,Holdings SPY
2009,Wisconsin Energy Corp,WEC,0.057,Holdings SPY
2009,ProLogis,PLD,0.057,Holdings SPY
2009,Brown-Forman Corp (Class B),BF.B,0.057,Holdings SPY
2009,"Pepsi Bottling Group, Inc",PEP,0.056,Holdings SPY
2009,"Red Hat, Inc",IBM,0.056,Holdings SPY
2009,Whirlpool Corp,WHR,0.056,Holdings SPY
2009,"DENTSPLY International, Inc",XRAY,0.055,Holdings SPY
2009,"Pitney Bowes, Inc",PBI,0.055,Holdings SPY
2009,"Textron, Inc",TXT,0.055,Holdings SPY
2009,M & T Bank Corp,MTB,0.055,Holdings SPY
2009,"Expedia, Inc",EXPE,0.054,Holdings SPY
2009,"Legg Mason, Inc",BEN,0.054,Holdings SPY
2009,"Nordstrom, Inc",JWN,0.054,Holdings SPY
2009,Fastenal Co,FAST,0.054,Holdings SPY
2009,"Plum Creek Timber Co, Inc",WY,0.054,Holdings SPY
2009,"Health Care REIT, Inc",PEAK,0.053,Holdings SPY
2009,SanDisk Corp,WDC,0.053,Holdings SPY
2009,Harris Corp,LHX,0.053,Holdings SPY
2009,"O'Reilly Automotive, Inc",ORLY,0.053,Holdings SPY
2009,"Mylan, Inc",VTRS,0.053,Holdings SPY
2009,Kimco Realty Corp,KIM,0.053,Holdings SPY
2009,"Fidelity National Information Services, Inc",FIS,0.052,Holdings SPY
2009,"Microchip Technology, Inc",MCHP,0.052,Holdings SPY
2009,"Wynn Resorts, Ltd",WYNN,0.052,Holdings SPY
2009,"Iron Mountain, Inc",IRM,0.052,Holdings SPY
2009,"CenterPoint Energy, Inc",CNP,0.051,Holdings SPY
2009,Tiffany & Co,LVMUY,0.051,Holdings SPY
2009,Teradata Corp,TDC,0.051,Holdings SPY
2009,"Autozone, Inc",AZO,0.05,Holdings SPY
2009,"Darden Restaurants, Inc",DRI,0.05,Holdings SPY
2009,Leucadia National Corp,JEF,0.05,Holdings SPY
2009,Masco Corp,MAS,0.05,Holdings SPY
2009,Ball Corp,BALL,0.05,Holdings SPY
2009,"VeriSign, Inc",VRSN,0.049,Holdings SPY
2009,"Limited Brands, Inc",BBWI,0.049,Holdings SPY
2009,"Allegheny Energy, Inc",ATI,0.048,Holdings SPY
2009,"Comerica, Inc",CMA,0.048,Holdings SPY
2009,Windstream Corp,UNIT,0.048,Holdings SPY
2009,"McCormick & Co, Inc",MKC,0.048,Holdings SPY
2009,RR Donnelley & Sons Co,RRD,0.047,Holdings SPY
2009,GameStop Corp (Class A),GME,0.047,Holdings SPY
2009,"Newell Rubbermaid, Inc",NWL,0.047,Holdings SPY
2009,Polo Ralph Lauren Corp,RL,0.047,Holdings SPY
2009,"Quanta Services, Inc",PWR,0.046,Holdings SPY
2009,"Estee Lauder Cos, Inc (Class A)",EL,0.046,Holdings SPY
2009,"Cephalon, Inc",TEVA,0.046,Holdings SPY
2009,"Whole Foods Market, Inc",AMZN,0.046,Holdings SPY
2009,Cincinnati Financial Corp,CINF,0.045,Holdings SPY
2009,"FLIR Systems, Inc",TDY,0.045,Holdings SPY
2009,Northeast Utilities,ES,0.045,Holdings SPY
2009,Pioneer Natural Resources Co,XOM,0.045,Holdings SPY
2009,"CF Industries Holdings, Inc",CF,0.044,Holdings SPY
2009,Goodyear Tire & Rubber Co,GT,0.044,Holdings SPY
2009,"Stericycle, Inc",WM,0.044,Holdings SPY
2009,FMC Corp,FMC,0.044,Holdings SPY
2009,SLM Corp,SLM,0.044,Holdings SPY
2009,Avery Dennison Corp,AVY,0.044,Holdings SPY
2009,Cintas Corp,CTAS,0.043,Holdings SPY
2009,Dun & Bradstreet Corp,DNB,0.043,Holdings SPY
2009,"Airgas, Inc",AIQUY,0.043,Holdings SPY
2009,CareFusion Corp,BDX,0.042,Holdings SPY
2009,Moody's Corp,MCO,0.042,Holdings SPY
2009,Millipore Corp,MRK.DE,0.042,Holdings SPY
2009,Eastman Chemical Co,EMN,0.042,Holdings SPY
2009,"Watson Pharmaceuticals, Inc",TEVA,0.042,Holdings SPY
2009,SCANA Corp,D,0.041,Holdings SPY
2009,MeadWestvaco Corp,SKG,0.041,Holdings SPY
2009,"Tyson Foods, Inc (Class A)",TSN,0.041,Holdings SPY
2009,"NiSource, Inc",NI,0.041,Holdings SPY
2009,Pall Corp,DHR,0.041,Holdings SPY
2009,"Robert Half International, Inc",RHI,0.041,Holdings SPY
2009,"Assurant, Inc",AIZ,0.041,Holdings SPY
2009,"Denbury Resources, Inc",XOM,0.041,Holdings SPY
2009,"MEMC Electronic Materials, Inc",WFR,0.04,Holdings SPY
2009,Cabot Oil & Gas Corp,CTRA,0.04,Holdings SPY
2009,"Equifax, Inc",EFX,0.04,Holdings SPY
2009,"Family Dollar Stores, Inc",DLTR,0.04,Holdings SPY
2009,"Interpublic Group of Cos, Inc",IPG,0.039,Holdings SPY
2009,Torchmark Corp,GL,0.039,Holdings SPY
2009,LSI Logic Corp,AVGO,0.038,Holdings SPY
2009,"Pulte Homes, Inc",PHM,0.037,Holdings SPY
2009,"Hasbro, Inc",HAS,0.037,Holdings SPY
2009,Pactiv Corp,PTVE,0.037,Holdings SPY
2009,"Allegheny Technologies, Inc",ATI,0.037,Holdings SPY
2009,"DeVry, Inc",ATGE,0.037,Holdings SPY
2009,"Akamai Technologies, Inc",AKAM,0.037,Holdings SPY
2009,The Stanley Works,SWK,0.036,Holdings SPY
2009,"Sunoco, Inc",SUN,0.036,Holdings SPY
2009,National Semiconductor Corp,TXN,0.036,Holdings SPY
2009,Pinnacle West Capital Corp,PNW,0.036,Holdings SPY
2009,Scripps Networks Interactive (Class A),WBD,0.035,Holdings SPY
2009,"Pepco Holdings, Inc",EXC,0.035,Holdings SPY
2009,Sears Holdings Corp,SRSQ,0.035,Holdings SPY
2009,"SUPERVALU, Inc",UNFI,0.034,Holdings SPY
2009,"Total System Services, Inc",GPN,0.034,Holdings SPY
2009,"Advanced Micro Devices, Inc",AMD,0.034,Holdings SPY
2009,Dean Foods Co,DFODQ,0.034,Holdings SPY
2009,"DR Horton, Inc",DHI,0.034,Holdings SPY
2009,Sealed Air Corp,SEE,0.034,Holdings SPY
2009,"Huntington Bancshares, Inc",HBAN,0.033,Holdings SPY
2009,"Leggett & Platt, Inc",LEG,0.033,Holdings SPY
2009,CMS Energy Corp,CMS,0.033,Holdings SPY
2009,"TECO Energy, Inc",EMA,0.032,Holdings SPY
2009,"International Flavors & Fragrances, Inc",IFF,0.032,Holdings SPY
2009,"Constellation Brands, Inc (Class A)",STZ,0.032,Holdings SPY
2009,"Coventry Health Care, Inc",CVS,0.032,Holdings SPY
2009,Marshall & Ilsley Corp,BMO,0.032,Holdings SPY
2009,Wyndham Worldwide Corp,WH,0.031,Holdings SPY
2009,"Nasdaq OMX Group, Inc",NDAQ,0.031,Holdings SPY
2009,First Horizon National Corp,FHN,0.031,Holdings SPY
2009,Abercrombie & Fitch Co (Class A),ANF,0.031,Holdings SPY
2009,"Gannett Co, Inc",GCI,0.031,Holdings SPY
2009,Washington Post Co (Class B),GHC,0.031,Holdings SPY
2009,"Molex, Inc",KOCH,0.03,Holdings SPY
2009,"IMS Health, Inc",IQV,0.03,Holdings SPY
2009,"Bemis Co, Inc",AMBP,0.03,Holdings SPY
2009,Black & Decker Corp,SWK,0.03,Holdings SPY
2009,"CB Richard Ellis Group, Inc (Class A)",CBRE,0.03,Holdings SPY
2009,"Integrys Energy Group, Inc",WEC,0.03,Holdings SPY
2009,"Tellabs, Inc",TLAB,0.029,Holdings SPY
2009,"King Pharmaceuticals, Inc",PFE,0.029,Holdings SPY
2009,"Rowan Cos, Inc",VAL,0.028,Holdings SPY
2009,"Janus Capital Group, Inc",JHG,0.027,Holdings SPY
2009,"Patterson Cos, Inc",PDCO,0.027,Holdings SPY
2009,Hormel Foods Corp,HRL,0.027,Holdings SPY
2009,"Jabil Circuit, Inc",JBL,0.026,Holdings SPY
2009,Tenet Healthcare Corp,THC,0.026,Holdings SPY
2009,Massey Energy Co,MET,0.026,Holdings SPY
2009,"MetroPCS Communications, Inc",TMUS,0.026,Holdings SPY
2009,Frontier Communications Corp,VZ,0.025,Holdings SPY
2009,"Harman International Industries, Inc",SMSN,0.025,Holdings SPY
2009,"Federated Investors, Inc (Class B)",FHI,0.025,Holdings SPY
2009,"PerkinElmer, Inc",RVTY,0.024,Holdings SPY
2009,Zions Bancorp,ZION,0.024,Holdings SPY
2009,"Monster Worldwide, Inc",RAND,0.024,Holdings SPY
2009,Lennar Corp (Class A),LEN,0.024,Holdings SPY
2009,"Ryder System, Inc",R,0.024,Holdings SPY
2009,AK Steel Holding Corp,CLF,0.023,Holdings SPY
2009,Tesoro Corp,MPC,0.022,Holdings SPY
2009,RadioShack Corp,RSHCQ,0.022,Holdings SPY
2009,"Big Lots, Inc",BIG,0.022,Holdings SPY
2009,"Novellus Systems, Inc",LRCX,0.022,Holdings SPY
2009,QLogic Corp,MRVL,0.022,Holdings SPY
2009,"Snap-on, Inc",SNA,0.022,Holdings SPY
2009,"Office Depot, Inc",ODP,0.02,Holdings SPY
2009,Compuware Corp,CPWR,0.019,Holdings SPY
2009,Apartment Investment & Management Co (Class A),AIV,0.019,Holdings SPY
2009,"AutoNation, Inc",AN,0.018,Holdings SPY
2009,"Lexmark International, Inc (Class A)",LXK,0.018,Holdings SPY
2009,"Nicor, Inc",SO,0.018,Holdings SPY
2009,ETRADE Financial Corp,MS,0.017,Holdings SPY
2009,"Teradyne, Inc",TER,0.017,Holdings SPY
2009,"Novell, Inc",MFGP,0.017,Holdings SPY
2009,JDS Uniphase Corp,VIAV,0.017,Holdings SPY
2009,Ciena Corp,CIEN,0.016,Holdings SPY
2009,"Dynegy, Inc (Class A)",VST,0.014,Holdings SPY
2009,Eastman Kodak Co,KODK,0.014,Holdings SPY
2009,KB HOME,KBH,0.013,Holdings SPY
2009,Convergys Corp,CNXC,0.013,Holdings SPY
2009,"MBIA, Inc",MBI,0.013,Holdings SPY
2009,Meredith Corp,IAC,0.012,Holdings SPY
2009,New York Times Co (Class A),NYT,0.01,Holdings SPY
2009,Titanium Metals Corp,PCP,0.009,Holdings SPY
2010,Exxon Mobil Corp.,XOM,3.044,Holdings SPY
2010,"Apple, Inc.",AAPL,2.509,Holdings SPY
2010,Microsoft Corp.,MSFT,1.806,Holdings SPY
2010,General Electric Co.,GE,1.681,Holdings SPY
2010,Johnson & Johnson,JNJ,1.653,Holdings SPY
2010,The Procter & Gamble Co.,PG,1.646,Holdings SPY
2010,International BusinessMachines Corp.,IBM,1.636,Holdings SPY
2010,"AT&T, Inc.",T,1.635,Holdings SPY
2010,Chevron Corp.,CVX,1.575,Holdings SPY
2010,JPMorgan Chase & Co.,JPM,1.46,Holdings SPY
2010,"Berkshire Hathaway, Inc. (Class B)",BRK.B,1.386,Holdings SPY
2010,"Pfizer, Inc.",PFE,1.335,Holdings SPY
2010,TheCoca-ColaCo.,KO,1.306,Holdings SPY
2010,Wells Fargo & Co.,WFC,1.273,Holdings SPY
2010,Bank of America Corp.,BAC,1.272,Holdings SPY
2010,"Google, Inc. (Class A)",GOOGL,1.266,Holdings SPY
2010,"Cisco Systems, Inc.",CSCO,1.21,Holdings SPY
2010,"Merck & Co., Inc.",MRK,1.096,Holdings SPY
2010,Intel Corp.,INTC,1.035,Holdings SPY
2010,"Wal-Mart Stores, Inc.",WMT,1.034,Holdings SPY
2010,"PepsiCo, Inc.",PEP,1.022,Holdings SPY
2010,Oracle Corp.,ORCL,1.005,Holdings SPY
2010,"Philip Morris International, Inc.",PM,0.993,Holdings SPY
2010,Hewlett-Packard Co.,HPQ,0.922,Holdings SPY
2010,"Citigroup, Inc.",C,0.898,Holdings SPY
2010,"Verizon Communications, Inc.",VZ,0.891,Holdings SPY
2010,ConocoPhillips,COP,0.824,Holdings SPY
2010,"Schlumberger, Ltd.",SLB,0.814,Holdings SPY
2010,Abbott Laboratories,ABT,0.78,Holdings SPY
2010,McDonald’s Corp.,MCD,0.767,Holdings SPY
2010,"The Goldman Sachs Group, Inc.",GS,0.72,Holdings SPY
2010,"QUALCOMM, Inc.",QCOM,0.7,Holdings SPY
2010,United Technologies Corp.,UAL,0.64,Holdings SPY
2010,"United Parcel Service, Inc. (Class B)",UPS,0.639,Holdings SPY
2010,Occidental Petroleum Corp.,OXY,0.615,Holdings SPY
2010,The Walt Disney Co.,DIS,0.612,Holdings SPY
2010,3M Co.,MMM,0.598,Holdings SPY
2010,"Amazon.com, Inc.",AMZN,0.538,Holdings SPY
2010,"Kraft Foods, Inc. (Class A)",KHC,0.52,Holdings SPY
2010,"Amgen, Inc.",AMGN,0.511,Holdings SPY
2010,"Home Depot, Inc.",HD,0.51,Holdings SPY
2010,Comcast Corp. (Class A),CMCSA,0.491,Holdings SPY
2010,"Altria Group, Inc.",MO,0.484,Holdings SPY
2010,"Caterpillar, Inc.",CAT,0.478,Holdings SPY
2010,The Boeing Co.,BA,0.47,Holdings SPY
2010,Bristol-Myers Squibb Co.,BMY,0.451,Holdings SPY
2010,American Express Co.,AXP,0.423,Holdings SPY
2010,CVS Caremark Corp.,CVS,0.414,Holdings SPY
2010,Ford Motor Co.,F,0.407,Holdings SPY
2010,EMC Corp.,DELL,0.404,Holdings SPY
2010,U.S. Bancorp,USB,0.401,Holdings SPY
2010,Union Pacific Corp.,UNP,0.394,Holdings SPY
2010,E. I. du Pont de Nemours & Co.,DD,0.391,Holdings SPY
2010,"Freeport-McMoRan Copper &Gold, Inc.",FCX,0.39,Holdings SPY
2010,Emerson Electric Co.,EMR,0.384,Holdings SPY
2010,"UnitedHealth Group, Inc.",UNH,0.382,Holdings SPY
2010,Target Corp.,TGT,0.373,Holdings SPY
2010,Colgate-Palmolive Co.,CL,0.361,Holdings SPY
2010,Eli Lilly & Co.,LLY,0.359,Holdings SPY
2010,"Visa, Inc. (Class A)",V,0.358,Holdings SPY
2010,"Medtronic, Inc.",MDT,0.351,Holdings SPY
2010,DIRECTV,T,0.349,Holdings SPY
2010,Apache Corp.,APA,0.345,Holdings SPY
2010,"MetLife, Inc.",MET,0.337,Holdings SPY
2010,Morgan Stanley,MS,0.334,Holdings SPY
2010,"Time Warner, Inc.",WBD,0.333,Holdings SPY
2010,"Honeywell International, Inc.",HON,0.326,Holdings SPY
2010,Walgreen Co.,WBA,0.317,Holdings SPY
2010,"Texas Instruments, Inc.",TXN,0.314,Holdings SPY
2010,The Dow Chemical Co.,DOW,0.307,Holdings SPY
2010,The Bank of New YorkMellon Corp.,BK,0.307,Holdings SPY
2010,"Lowe’s Cos., Inc.",LOW,0.302,Holdings SPY
2010,"NIKE, Inc. (Class B)",NKE,0.301,Holdings SPY
2010,Newmont Mining Corp.,NEM,0.298,Holdings SPY
2010,Southern Co.,SO,0.297,Holdings SPY
2010,Halliburton Co.,HAL,0.29,Holdings SPY
2010,"Gilead Sciences, Inc.",GILD,0.289,Holdings SPY
2010,News Corp. (Class A),NWS,0.288,Holdings SPY
2010,Deere & Co.,DE,0.287,Holdings SPY
2010,"Corning, Inc.",GLW,0.276,Holdings SPY
2010,Costco Wholesale Corp.,COST,0.275,Holdings SPY
2010,Anadarko Petroleum Corp.,OXY,0.273,Holdings SPY
2010,"eBay, Inc.",EBAY,0.273,Holdings SPY
2010,Devon Energy Corp.,DVN,0.272,Holdings SPY
2010,Exelon Corp.,EXC,0.272,Holdings SPY
2010,"Baxter International, Inc.",BAX,0.27,Holdings SPY
2010,"Praxair, Inc.",LIN,0.267,Holdings SPY
2010,"PNC Financial ServicesGroup, Inc.",PNC,0.264,Holdings SPY
2010,"Simon Property Group, Inc.",SPG,0.262,Holdings SPY
2010,FedEx Corp.,FDX,0.259,Holdings SPY
2010,Kimberly-Clark Corp.,KMB,0.258,Holdings SPY
2010,Celgene Corp.,BMY,0.257,Holdings SPY
2010,"Express Scripts, Inc.",CI,0.255,Holdings SPY
2010,Monsanto Co.,BAYRY,0.251,Holdings SPY
2010,"Dominion Resources, Inc.",D,0.249,Holdings SPY
2010,"Prudential Financial, Inc.",PRU,0.244,Holdings SPY
2010,"The Travelers Cos., Inc.",TRV,0.237,Holdings SPY
2010,"AFLAC, Inc.",AFL,0.235,Holdings SPY
2010,General Dynamics Corp.,GD,0.231,Holdings SPY
2010,"Illinois Tool Works, Inc.",ITW,0.231,Holdings SPY
2010,"EOG Resources, Inc.",EOG,0.228,Holdings SPY
2010,Marathon Oil Corp.,COP,0.227,Holdings SPY
2010,"General Mills, Inc.",GIS,0.227,Holdings SPY
2010,Duke Energy Corp.,DUK,0.225,Holdings SPY
2010,"WellPoint, Inc.",ELV,0.219,Holdings SPY
2010,"Medco Health Solutions, Inc.",CI,0.218,Holdings SPY
2010,"NextEra Energy, Inc.",NEE,0.218,Holdings SPY
2010,Norfolk Southern Corp.,NSC,0.213,Holdings SPY
2010,"Viacom, Inc. (Class B)",PSKY,0.213,Holdings SPY
2010,"Dell, Inc.",DELL,0.212,Holdings SPY
2010,Danaher Corp.,DHR,0.21,Holdings SPY
2010,"MasterCard, Inc. (Class A)",MA,0.21,Holdings SPY
2010,"Yum! Brands, Inc.",YUM,0.208,Holdings SPY
2010,Lockheed Martin Corp.,LMT,0.205,Holdings SPY
2010,CSX Corp.,CSX,0.203,Holdings SPY
2010,American Tower Corp. (Class A),AMT,0.2,Holdings SPY
2010,"Automatic Data Processing, Inc.",ADP,0.2,Holdings SPY
2010,Archer-Daniels-Midland Co.,ADM,0.199,Holdings SPY
2010,"Johnson Controls, Inc.",JCI,0.199,Holdings SPY
2010,"Allergan, Inc.",ABBV,0.198,Holdings SPY
2010,"Motorola, Inc.",MSI,0.192,Holdings SPY
2010,"Thermo Fisher Scientific, Inc.",TMO,0.19,Holdings SPY
2010,"ACE, Ltd.",CB,0.19,Holdings SPY
2010,Cognizant Technology Solutions Corp. (Class A),CTSH,0.187,Holdings SPY
2010,"Yahoo!, Inc.",YHOO,0.186,Holdings SPY
2010,"Time Warner Cable, Inc.",CHTR,0.185,Holdings SPY
2010,Starbucks Corp.,SBUX,0.184,Holdings SPY
2010,State Street Corp.,STT,0.183,Holdings SPY
2010,"National-Oilwell Varco, Inc.",NOV,0.18,Holdings SPY
2010,"Baker Hughes, Inc.",BKR,0.177,Holdings SPY
2010,"Tyco International, Ltd.",JCI,0.177,Holdings SPY
2010,"Cummins, Inc.",CMI,0.176,Holdings SPY
2010,Precision Castparts Corp.,BRK.B,0.175,Holdings SPY
2010,Capital One Financial Corp.,COF,0.175,Holdings SPY
2010,Genzyme Corp.,SNY,0.174,Holdings SPY
2010,Chubb Corp.,CB,0.173,Holdings SPY
2010,"TJX Cos., Inc.",TJX,0.173,Holdings SPY
2010,Northrop Grumman Corp.,NOC,0.172,Holdings SPY
2010,"NetApp, Inc.",NTAP,0.172,Holdings SPY
2010,PG&E Corp.,PCG,0.172,Holdings SPY
2010,"Air Products & Chemicals, Inc.",APD,0.17,Holdings SPY
2010,"PACCAR, Inc.",PCAR,0.17,Holdings SPY
2010,"CME Group, Inc.",CME,0.17,Holdings SPY
2010,"American Electric Power Co., Inc.",AEP,0.168,Holdings SPY
2010,"Becton, Dickinson & Co.",BDX,0.167,Holdings SPY
2010,Hess Corp.,CVX,0.167,Holdings SPY
2010,"Waste Management, Inc.",WM,0.167,Holdings SPY
2010,Stryker Corp.,SYK,0.166,Holdings SPY
2010,Raytheon Co.,RTX,0.165,Holdings SPY
2010,The Allstate Corp.,ALL,0.164,Holdings SPY
2010,"priceline.com, Inc.",BKNG,0.163,Holdings SPY
2010,Sysco Corp.,SYY,0.163,Holdings SPY
2010,"Public Service EnterpriseGroup, Inc.",PEG,0.162,Holdings SPY
2010,BB&T Corp.,TFC,0.161,Holdings SPY
2010,Carnival Corp.,CCL,0.16,Holdings SPY
2010,Kohl’s Corp.,KSS,0.157,Holdings SPY
2010,McKesson Corp.,MCK,0.156,Holdings SPY
2010,"Juniper Networks, Inc.",HPE,0.154,Holdings SPY
2010,Broadcom Corp. (Class A),AVGO,0.154,Holdings SPY
2010,"Franklin Resources, Inc.",BEN,0.153,Holdings SPY
2010,"Applied Materials, Inc.",AMAT,0.152,Holdings SPY
2010,"Staples, Inc.",SPLS,0.148,Holdings SPY
2010,H.J. Heinz Co.,KHC,0.145,Holdings SPY
2010,Chesapeake Energy Corp.,CHK,0.143,Holdings SPY
2010,Spectra Energy Corp.,ENB,0.141,Holdings SPY
2010,Entergy Corp.,ETR,0.14,Holdings SPY
2010,Xerox Corp.,XRX,0.138,Holdings SPY
2010,"Best Buy Co., Inc.",BBY,0.137,Holdings SPY
2010,The Kroger Co.,KR,0.135,Holdings SPY
2010,The Progressive Corp.,PGR,0.135,Holdings SPY
2010,Vornado Realty Trust,VNO,0.134,Holdings SPY
2010,Eaton Corp.,ETN,0.134,Holdings SPY
2010,Sprint Nextel Corp.,TMUS,0.134,Holdings SPY
2010,"Adobe Systems, Inc.",ADBE,0.133,Holdings SPY
2010,"Avon Products, Inc.",NTCO,0.133,Holdings SPY
2010,The Charles Schwab Corp.,SCHW,0.132,Holdings SPY
2010,"Consolidated Edison, Inc.",ED,0.132,Holdings SPY
2010,"Biogen Idec, Inc.",BIIB,0.131,Holdings SPY
2010,"Public Storage, Inc.",PSA,0.131,Holdings SPY
2010,Equity Residential,EQR,0.13,Holdings SPY
2010,Sempra Energy,SRE,0.129,Holdings SPY
2010,"Aetna, Inc.",CVS,0.128,Holdings SPY
2010,Peabody Energy Corp.,BTU,0.127,Holdings SPY
2010,PPL Corp.,PPL,0.127,Holdings SPY
2010,"Noble Energy, Inc.",CVX,0.127,Holdings SPY
2010,"Salesforce.com, Inc.",CRM,0.127,Holdings SPY
2010,"Marsh & McLennan Cos., Inc.",MRSH,0.126,Holdings SPY
2010,"T. Rowe Price Group, Inc.",TROW,0.126,Holdings SPY
2010,"SunTrust Banks, Inc.",TFC,0.125,Holdings SPY
2010,Kellogg Co.,KLG,0.125,Holdings SPY
2010,"St. Jude Medical, Inc.",ABT,0.124,Holdings SPY
2010,"Coach, Inc.",TPR,0.124,Holdings SPY
2010,"Progress Energy, Inc.",D,0.123,Holdings SPY
2010,"Citrix Systems, Inc.",CTXS,0.123,Holdings SPY
2010,"Discovery Communications, Inc. (Class A)",WBD,0.12,Holdings SPY
2010,"Alcoa, Inc.",AA,0.12,Holdings SPY
2010,"Intuit, Inc.",INTU,0.119,Holdings SPY
2010,"Lorillard, Inc.",BAT,0.119,Holdings SPY
2010,"Omnicom Group, Inc.",OMC,0.117,Holdings SPY
2010,Symantec Corp.,GEN,0.117,Holdings SPY
2010,"PPG Industries, Inc.",PPG,0.117,Holdings SPY
2010,Nucor Corp.,NUE,0.116,Holdings SPY
2010,Loews Corp.,L,0.116,Holdings SPY
2010,"Ameriprise Financial, Inc.",AMP,0.115,Holdings SPY
2010,The Western Union Co.,WU,0.115,Holdings SPY
2010,Murphy Oil Corp.,MUR,0.115,Holdings SPY
2010,"CenturyLink, Inc.",LUMN,0.115,Holdings SPY
2010,"Ecolab, Inc.",ECL,0.115,Holdings SPY
2010,FirstEnergy Corp.,FE,0.114,Holdings SPY
2010,Northern Trust Corp.,NTRS,0.113,Holdings SPY
2010,Mead Johnson Nutrition Co.,RKT,0.113,Holdings SPY
2010,"Agilent Technologies, Inc.",A,0.112,Holdings SPY
2010,"C.H. Robinson Worldwide, Inc.",CHRW,0.112,Holdings SPY
2010,"Cardinal Health, Inc.",CAH,0.112,Holdings SPY
2010,Southwestern Energy Co.,CHK,0.112,Holdings SPY
2010,"Boston Properties, Inc.",BXP,0.112,Holdings SPY
2010,"Bed Bath & Beyond, Inc.",BBBY,0.111,Holdings SPY
2010,Parker-Hannifin Corp.,PH,0.109,Holdings SPY
2010,Edison International,EIX,0.108,Holdings SPY
2010,"The Williams Cos., Inc.",WMB,0.108,Holdings SPY
2010,"HCP, Inc.",PEAK,0.108,Holdings SPY
2010,"Intuitive Surgical, Inc.",ISRG,0.108,Holdings SPY
2010,"Qwest Communications International, Inc.",LUMN,0.106,Holdings SPY
2010,CBS Corp. (Class B),PSKY,0.104,Holdings SPY
2010,"Zimmer Holdings, Inc.",ZBH,0.103,Holdings SPY
2010,"Xcel Energy, Inc.",XEL,0.102,Holdings SPY
2010,Aon Corp.,AON,0.102,Holdings SPY
2010,Cameron International Corp.,SLB,0.102,Holdings SPY
2010,"The McGraw-Hill Cos., Inc.",SPGI,0.101,Holdings SPY
2010,"Marriott International, Inc. (Class A)",MAR,0.1,Holdings SPY
2010,"Hartford Financial Services Group, Inc.",HIG,0.099,Holdings SPY
2010,"Stanley Black & Decker, Inc.",SWK,0.098,Holdings SPY
2010,"Coca-ColaEnterprises, Inc.",CCEP,0.098,Holdings SPY
2010,"Reynolds American, Inc.",BTI,0.097,Holdings SPY
2010,"Starwood Hotels & Resorts Worldwide, Inc.",MAR,0.096,Holdings SPY
2010,"Invesco, Ltd.",IVZ,0.096,Holdings SPY
2010,Valero Energy Corp.,VLO,0.096,Holdings SPY
2010,CIGNA Corp.,CI,0.096,Holdings SPY
2010,"Expeditors International of Washington, Inc.",EXPD,0.095,Holdings SPY
2010,"ConAgra Foods, Inc.",CAG,0.095,Holdings SPY
2010,Dover Corp.,DOV,0.094,Holdings SPY
2010,"Macy’s, Inc.",M,0.094,Holdings SPY
2010,Southwest Airlines Co.,LUV,0.094,Holdings SPY
2010,Fifth Third Bancorp,FITB,0.092,Holdings SPY
2010,"Host Hotels & Resorts, Inc.",HST,0.092,Holdings SPY
2010,International Paper Co.,IP,0.092,Holdings SPY
2010,"Hospira, Inc.",PFE,0.091,Holdings SPY
2010,Clorox Co.,CLX,0.091,Holdings SPY
2010,"Analog Devices, Inc.",ADI,0.09,Holdings SPY
2010,"Republic Services, Inc.",RSG,0.09,Holdings SPY
2010,Boston Scientific Corp.,BSX,0.09,Holdings SPY
2010,Goodrich Corp.,RTX,0.089,Holdings SPY
2010,"Rockwell Collins, Inc.",RTX,0.089,Holdings SPY
2010,Regions Financial Corp.,RF,0.088,Holdings SPY
2010,"Akamai Technologies, Inc.",AKAM,0.088,Holdings SPY
2010,Altera Corp.,ALTR,0.088,Holdings SPY
2010,Discover Financial Services,COF,0.088,Holdings SPY
2010,Sara Lee Corp.,TSN,0.086,Holdings SPY
2010,Fluor Corp.,FLR,0.086,Holdings SPY
2010,"Paychex, Inc.",PAYX,0.086,Holdings SPY
2010,"Forest Laboratories, Inc.",ABBV,0.085,Holdings SPY
2010,"Rockwell Automation, Inc.",ROK,0.085,Holdings SPY
2010,El Paso Corp.,KMI,0.084,Holdings SPY
2010,AmerisourceBergen Corp.,COR,0.084,Holdings SPY
2010,"Cliffs Natural Resources, Inc.",CLF,0.084,Holdings SPY
2010,"AvalonBay Communities, Inc.",AVB,0.084,Holdings SPY
2010,ITT Corp.,ITT,0.083,Holdings SPY
2010,"Mattel, Inc.",MAT,0.083,Holdings SPY
2010,"Humana, Inc.",HUM,0.083,Holdings SPY
2010,Life Technologies Corp.,TMO,0.083,Holdings SPY
2010,Weyerhaeuser Co.,WY,0.082,Holdings SPY
2010,Amphenol Corp. (Class A),APH,0.082,Holdings SPY
2010,"Dr. Pepper Snapple Group, Inc.",KDP,0.082,Holdings SPY
2010,SanDisk Corp.,WDC,0.082,Holdings SPY
2010,"L-3 CommunicationsHoldings, Inc.",LHX,0.081,Holdings SPY
2010,"The Gap, Inc.",GAP,0.081,Holdings SPY
2010,"CONSOL Energy, Inc.",CEIX,0.081,Holdings SPY
2010,"FMC Technologies, Inc.",FMC,0.08,Holdings SPY
2010,"Principal Financial Group, Inc.",PFG,0.08,Holdings SPY
2010,"CA, Inc.",AVGO,0.08,Holdings SPY
2010,"Safeway, Inc.",ACI,0.08,Holdings SPY
2010,"Fiserv, Inc.",FISV,0.079,Holdings SPY
2010,Laboratory Corp. of America Holdings,LH,0.079,Holdings SPY
2010,Frontier Communications Corp.,VZ,0.078,Holdings SPY
2010,"Ventas, Inc.",VTR,0.078,Holdings SPY
2010,"First Solar, Inc.",FSLR,0.077,Holdings SPY
2010,Fastenal Co.,FAST,0.076,Holdings SPY
2010,"IntercontinentalExchange, Inc.",ICE,0.075,Holdings SPY
2010,"C.R. Bard, Inc.",BDX,0.075,Holdings SPY
2010,DTE Energy Co.,DTE,0.075,Holdings SPY
2010,"Red Hat, Inc.",IBM,0.075,Holdings SPY
2010,"Quest Diagnostics, Inc.",DGX,0.074,Holdings SPY
2010,Lincoln National Corp.,LNC,0.073,Holdings SPY
2010,The AES Corp.,AES,0.073,Holdings SPY
2010,Pioneer Natural Resources Co.,XOM,0.073,Holdings SPY
2010,"Fortune Brands, Inc.",FBIN,0.073,Holdings SPY
2010,"Varian Medical Systems, Inc.",SIE,0.072,Holdings SPY
2010,NYSE Euronext,ICE,0.072,Holdings SPY
2010,Molson Coors Brewing Co. (Class B),TAP,0.072,Holdings SPY
2010,XL Group PLC,AXA,0.072,Holdings SPY
2010,Unum Group,UNM,0.071,Holdings SPY
2010,"McAfee, Inc.",MCFE,0.071,Holdings SPY
2010,"BMC Software, Inc.",BMC,0.071,Holdings SPY
2010,"O’Reilly Automotive, Inc.",ORLY,0.071,Holdings SPY
2010,"Autodesk, Inc.",ADSK,0.071,Holdings SPY
2010,The Hershey Co.,HSY,0.071,Holdings SPY
2010,Sigma-Aldrich Corp.,MRK.DE,0.071,Holdings SPY
2010,"Limited Brands, Inc.",BBWI,0.07,Holdings SPY
2010,The JM Smucker Co.,SJM,0.07,Holdings SPY
2010,"The Estee Lauder Cos., Inc. (Class A)",EL,0.07,Holdings SPY
2010,"DaVita, Inc.",DVA,0.069,Holdings SPY
2010,V.F. Corp.,VFC,0.069,Holdings SPY
2010,Computer Sciences Corp.,DXC,0.069,Holdings SPY
2010,"W.W. Grainger, Inc.",GWW,0.069,Holdings SPY
2010,Genuine Parts Co.,GPC,0.069,Holdings SPY
2010,KeyCorp,KEY,0.068,Holdings SPY
2010,"Fidelity National Information Services, Inc.",FIS,0.067,Holdings SPY
2010,Sherwin-Williams Co.,SHW,0.067,Holdings SPY
2010,"Xilinx, Inc.",AMD,0.067,Holdings SPY
2010,Linear Technology Corp.,ADI,0.067,Holdings SPY
2010,M & T Bank Corp.,MTB,0.066,Holdings SPY
2010,"CF Industries Holdings, Inc.",CF,0.066,Holdings SPY
2010,Ameren Corp.,AEE,0.065,Holdings SPY
2010,Wisconsin Energy Corp.,WEC,0.065,Holdings SPY
2010,"Harley-Davidson, Inc.",HOG,0.065,Holdings SPY
2010,Ross Stores Inc.,ROST,0.065,Holdings SPY
2010,Campbell Soup Co.,CPB,0.065,Holdings SPY
2010,"Autozone, Inc.",AZO,0.065,Holdings SPY
2010,NVIDIA Corp.,NVDA,0.065,Holdings SPY
2010,Waters Corp.,WAT,0.064,Holdings SPY
2010,"Wynn Resorts, Ltd.",WYNN,0.063,Holdings SPY
2010,"Comerica, Inc.",CMA,0.063,Holdings SPY
2010,"CenterPoint Energy, Inc.",CNP,0.063,Holdings SPY
2010,Western Digital Corp.,WDC,0.063,Holdings SPY
2010,"Constellation Energy Group, Inc.",CEG,0.063,Holdings SPY
2010,"Hudson City Bancorp, Inc.",MTB,0.063,Holdings SPY
2010,"Apollo Group, Inc. (Class A)",APO,0.062,Holdings SPY
2010,Teradata Corp.,TDC,0.062,Holdings SPY
2010,"J.C. Penney Co., Inc.",CPPRQ,0.062,Holdings SPY
2010,Kimco Realty Corp.,KIM,0.062,Holdings SPY
2010,Brown-Forman Corp. (Class B),BF.B,0.062,Holdings SPY
2010,"Denbury Resources, Inc.",XOM,0.061,Holdings SPY
2010,United States Steel Corp.,X,0.061,Holdings SPY
2010,"Health Care REIT, Inc.",PEAK,0.061,Holdings SPY
2010,"Hasbro, Inc.",HAS,0.06,Holdings SPY
2010,"CarMax, Inc.",KMX,0.06,Holdings SPY
2010,"Nordstrom, Inc.",JWN,0.06,Holdings SPY
2010,"Micron Technology, Inc.",MU,0.06,Holdings SPY
2010,Flowserve Corp.,FLS,0.059,Holdings SPY
2010,"Roper Industries, Inc.",ROP,0.059,Holdings SPY
2010,Range Resources Corp.,RRC,0.059,Holdings SPY
2010,Whirlpool Corp.,WHR,0.059,Holdings SPY
2010,"Darden Restaurants, Inc.",DRI,0.058,Holdings SPY
2010,KLA-Tencor Corp.,KLAC,0.058,Holdings SPY
2010,"Genworth Financial, Inc. (Class A)",GNW,0.058,Holdings SPY
2010,Tiffany & Co.,LVMUY,0.058,Holdings SPY
2010,"Family Dollar Stores, Inc.",DLTR,0.058,Holdings SPY
2010,Windstream Corp.,UNIT,0.057,Holdings SPY
2010,Polo Ralph Lauren Corp.,RL,0.057,Holdings SPY
2010,"Stericycle, Inc.",WM,0.057,Holdings SPY
2010,"Expedia, Inc.",EXPE,0.057,Holdings SPY
2010,"Microchip Technology, Inc.",MCHP,0.056,Holdings SPY
2010,"Mylan, Inc.",VTRS,0.056,Holdings SPY
2010,Harris Corp.,LHX,0.056,Holdings SPY
2010,"Plum Creek Timber Co., Inc.",WY,0.056,Holdings SPY
2010,Cerner Corp.,ORCL,0.056,Holdings SPY
2010,"Textron, Inc.",TXT,0.054,Holdings SPY
2010,SLM Corp.,SLM,0.054,Holdings SPY
2010,ProLogis,PLD,0.054,Holdings SPY
2010,"McCormick & Co., Inc.",MKC,0.054,Holdings SPY
2010,CareFusion Corp.,BDX,0.054,Holdings SPY
2010,"VeriSign, Inc.",VRSN,0.053,Holdings SPY
2010,Ball Corp.,BALL,0.053,Holdings SPY
2010,"Whole Foods Market, Inc.",AMZN,0.052,Holdings SPY
2010,"Electronic Arts, Inc.",EA,0.052,Holdings SPY
2010,Eastman Chemical Co.,EMN,0.052,Holdings SPY
2010,"NRG Energy, Inc.",NRG,0.051,Holdings SPY
2010,"CB Richard Ellis Group, Inc. (Class A)",CBRE,0.051,Holdings SPY
2010,"American International Group, Inc.",AIG,0.051,Holdings SPY
2010,"QEP Resources, Inc.",FANG,0.051,Holdings SPY
2010,Northeast Utilities,ES,0.05,Holdings SPY
2010,EQT Corp.,EQT,0.05,Holdings SPY
2010,"Nabors Industries, Ltd.",NBR,0.05,Holdings SPY
2010,"Airgas, Inc.",AIQUY,0.049,Holdings SPY
2010,FMC Corp.,FMC,0.048,Holdings SPY
2010,"Newell Rubbermaid, Inc.",NWL,0.048,Holdings SPY
2010,Wyndham Worldwide Corp.,WH,0.048,Holdings SPY
2010,Moody’s Corp.,MCO,0.048,Holdings SPY
2010,"The Interpublic Group ofCos., Inc.",IPG,0.047,Holdings SPY
2010,"People’s United Financial, Inc.",MTB,0.047,Holdings SPY
2010,"Tyson Foods, Inc. (Class A)",TSN,0.047,Holdings SPY
2010,Pall Corp.,DHR,0.047,Holdings SPY
2010,"Jacobs Engineering Group, Inc.",J,0.047,Holdings SPY
2010,"NiSource, Inc.",NI,0.047,Holdings SPY
2010,"Oneok, Inc.",OKE,0.046,Holdings SPY
2010,Vulcan Materials Co.,VMC,0.046,Holdings SPY
2010,"Diamond Offshore Drilling, Inc.",NE,0.046,Holdings SPY
2010,Cincinnati Financial Corp.,CINF,0.045,Holdings SPY
2010,"Cephalon, Inc.",TEVA,0.045,Holdings SPY
2010,"Legg Mason, Inc.",BEN,0.045,Holdings SPY
2010,"DENTSPLY International, Inc.",XRAY,0.045,Holdings SPY
2010,"SAIC, Inc.",SAIC,0.045,Holdings SPY
2010,"Owens-Illinois, Inc.",OI,0.045,Holdings SPY
2010,SCANA Corp.,D,0.044,Holdings SPY
2010,"Allegheny Technologies, Inc.",ATI,0.044,Holdings SPY
2010,"Watson Pharmaceuticals, Inc.",TEVA,0.044,Holdings SPY
2010,"Iron Mountain, Inc.",IRM,0.044,Holdings SPY
2010,Leucadia National Corp.,JEF,0.043,Holdings SPY
2010,Pinnacle West Capital Corp.,PNW,0.043,Holdings SPY
2010,"Pitney Bowes, Inc.",PBI,0.043,Holdings SPY
2010,"Sunoco, Inc.",SUN,0.043,Holdings SPY
2010,Torchmark Corp.,GL,0.042,Holdings SPY
2010,Pactiv Corp.,PTVE,0.042,Holdings SPY
2010,"Assurant, Inc.",AIZ,0.042,Holdings SPY
2010,International Game Technology,IGT,0.042,Holdings SPY
2010,"Helmerich & Payne, Inc.",HP,0.041,Holdings SPY
2010,Scripps Networks Interactive (Class A),WBD,0.041,Holdings SPY
2010,MeadWestvaco Corp.,SKG,0.04,Holdings SPY
2010,"Allegheny Energy, Inc.",ATI,0.04,Holdings SPY
2010,CMS Energy Corp.,CMS,0.04,Holdings SPY
2010,"Pepco Holdings, Inc.",EXC,0.04,Holdings SPY
2010,Avery Dennison Corp.,AVY,0.04,Holdings SPY
2010,"Urban Outfitters, Inc.",URBN,0.04,Holdings SPY
2010,"Huntington Bancshares, Inc.",HBAN,0.039,Holdings SPY
2010,"Advanced Micro Devices, Inc.",AMD,0.039,Holdings SPY
2010,"Quanta Services, Inc.",PWR,0.039,Holdings SPY
2010,"Integrys Energy Group, Inc.",WEC,0.039,Holdings SPY
2010,"H&R Block, Inc.",HRB,0.039,Holdings SPY
2010,"Equifax, Inc.",EFX,0.038,Holdings SPY
2010,Masco Corp.,MAS,0.038,Holdings SPY
2010,"FLIR Systems, Inc.",TDY,0.038,Holdings SPY
2010,"Robert Half International, Inc.",RHI,0.038,Holdings SPY
2010,"International Flavors & Fragrances, Inc.",IFF,0.037,Holdings SPY
2010,Dun & Bradstreet Corp.,DNB,0.036,Holdings SPY
2010,Marshall & Ilsley Corp.,BMO,0.036,Holdings SPY
2010,"TECO Energy, Inc.",EMA,0.036,Holdings SPY
2010,Zions Bancorporation,ZION,0.036,Holdings SPY
2010,Cintas Corp.,CTAS,0.035,Holdings SPY
2010,Sealed Air Corp.,SEE,0.035,Holdings SPY
2010,"Lexmark International, Inc. (Class A)",LXK,0.034,Holdings SPY
2010,R.R. Donnelley & Sons Co.,RRD,0.034,Holdings SPY
2010,Abercrombie & Fitch Co. (Class A),ANF,0.034,Holdings SPY
2010,"Rowan Cos., Inc.",VAL,0.034,Holdings SPY
2010,"Bemis Co., Inc.",AMBP,0.034,Holdings SPY
2010,"Leggett & Platt, Inc.",LEG,0.033,Holdings SPY
2010,Massey Energy Co.,MET,0.031,Holdings SPY
2010,"Coventry Health Care, Inc.",CVS,0.031,Holdings SPY
2010,Sears Holdings Corp.,SRSQ,0.031,Holdings SPY
2010,Cabot Oil & Gas Corp.,CTRA,0.03,Holdings SPY
2010,"Constellation Brands, Inc. (Class A)",STZ,0.03,Holdings SPY
2010,Hormel Foods Corp.,HRL,0.03,Holdings SPY
2010,"D.R. Horton, Inc.",DHI,0.03,Holdings SPY
2010,"DeVry, Inc.",ATGE,0.029,Holdings SPY
2010,National Semiconductor Corp.,TXN,0.029,Holdings SPY
2010,GameStop Corp. (Class A),GME,0.029,Holdings SPY
2010,LSI Corp.,AVGO,0.029,Holdings SPY
2010,"Gannett Co., Inc.",GCI,0.028,Holdings SPY
2010,ETRADE Financial Corp.,MS,0.028,Holdings SPY
2010,"Tellabs, Inc.",TLAB,0.028,Holdings SPY
2010,"Molex, Inc.",KOCH,0.027,Holdings SPY
2010,"The NASDAQ OMX Group, Inc.",NDAQ,0.027,Holdings SPY
2010,"Jabil Circuit, Inc.",JBL,0.027,Holdings SPY
2010,"Pulte Group, Inc.",PHM,0.027,Holdings SPY
2010,JDS Uniphase Corp.,VIAV,0.027,Holdings SPY
2010,"MetroPCS Communications, Inc.",TMUS,0.026,Holdings SPY
2010,"PerkinElmer, Inc.",RVTY,0.026,Holdings SPY
2010,"MEMC Electronic Materials, Inc.",WFR,0.026,Holdings SPY
2010,"Snap-on, Inc.",SNA,0.026,Holdings SPY
2010,RadioShack Corp.,RSHCQ,0.026,Holdings SPY
2010,"Patterson Cos., Inc.",PDCO,0.026,Holdings SPY
2010,"Big Lots, Inc.",BIG,0.026,Holdings SPY
2010,First Horizon National Corp.,FHN,0.026,Holdings SPY
2010,The Goodyear Tire & Rubber Co.,GT,0.025,Holdings SPY
2010,"Novellus Systems, Inc.",LRCX,0.025,Holdings SPY
2010,"Total System Services, Inc.",GPN,0.024,Holdings SPY
2010,Lennar Corp. (Class A),LEN,0.024,Holdings SPY
2010,Apartment Investment & Management Co. (Class A),AIV,0.024,Holdings SPY
2010,"King Pharmaceuticals, Inc.",PFE,0.024,Holdings SPY
2010,"SUPERVALU, Inc.",UNFI,0.024,Holdings SPY
2010,The Washington Post Co. (Class B),GHC,0.023,Holdings SPY
2010,"Harman International Industries, Inc.",SMSN,0.022,Holdings SPY
2010,"Ryder System, Inc.",R,0.022,Holdings SPY
2010,"Novell, Inc.",MFGP,0.02,Holdings SPY
2010,"Nicor, Inc.",SO,0.02,Holdings SPY
2010,Tenet Healthcare Corp.,THC,0.02,Holdings SPY
2010,"Federated Investors, Inc. (Class B)",FHI,0.02,Holdings SPY
2010,"Janus Capital Group, Inc.",JHG,0.019,Holdings SPY
2010,"Teradyne, Inc.",TER,0.019,Holdings SPY
2010,QLogic Corp.,MRVL,0.019,Holdings SPY
2010,Compuware Corp.,CPWR,0.019,Holdings SPY
2010,Tesoro Corp.,MPC,0.018,Holdings SPY
2010,Dean Foods Co.,DFODQ,0.018,Holdings SPY
2010,Titanium Metals Corp.,PCP,0.016,Holdings SPY
2010,"Monster Worldwide, Inc.",RAND,0.016,Holdings SPY
2010,AK Steel Holding Corp.,CLF,0.015,Holdings SPY
2010,"AutoNation, Inc.",AN,0.014,Holdings SPY
2010,"Office Depot, Inc.",ODP,0.012,Holdings SPY
2010,Meredith Corp.,IAC,0.012,Holdings SPY
2010,Eastman Kodak Co.,KODK,0.011,Holdings SPY
2010,The New York Times Co. (Class A),NYT,0.009,Holdings SPY
2011,"Apple, Inc.",AAPL,3.431,Holdings SPY
2011,Exxon Mobil Corp.,XOM,3.429,Holdings SPY
2011,International Business Machines Corp.,IBM,2.03,Holdings SPY
2011,Microsoft Corp.,MSFT,1.802,Holdings SPY
2011,Chevron Corp.,CVX,1.801,Holdings SPY
2011,Johnson & Johnson,JNJ,1.697,Holdings SPY
2011,The Procter & Gamble Co.,PG,1.685,Holdings SPY
2011,"AT&T, Inc.",T,1.641,Holdings SPY
2011,General Electric Co.,GE,1.57,Holdings SPY
2011,TheCoca-ColaCo.,KO,1.506,Holdings SPY
2011,"Pfizer, Inc.",PFE,1.339,Holdings SPY
2011,"Google, Inc. (Class A)",GOOGL,1.259,Holdings SPY
2011,Wells Fargo & Co.,WFC,1.237,Holdings SPY
2011,"Berkshire Hathaway, Inc. (Class B)",BRK.B,1.213,Holdings SPY
2011,JPMorgan Chase & Co.,JPM,1.14,Holdings SPY
2011,Oracle Corp.,ORCL,1.103,Holdings SPY
2011,Intel Corp.,INTC,1.088,Holdings SPY
2011,"Philip Morris International, Inc.",PM,1.064,Holdings SPY
2011,"Verizon Communications, Inc.",VZ,1.012,Holdings SPY
2011,"Merck & Co., Inc.",MRK,0.977,Holdings SPY
2011,"PepsiCo, Inc.",PEP,0.952,Holdings SPY
2011,"Wal-Mart Stores, Inc.",WMT,0.886,Holdings SPY
2011,McDonald’s Corp.,MCD,0.88,Holdings SPY
2011,ConocoPhillips,COP,0.843,Holdings SPY
2011,"Cisco Systems, Inc.",CSCO,0.828,Holdings SPY
2011,"QUALCOMM, Inc.",QCOM,0.794,Holdings SPY
2011,"Schlumberger, Ltd.",SLB,0.783,Holdings SPY
2011,Abbott Laboratories,ABT,0.774,Holdings SPY
2011,"Amazon.com, Inc.",AMZN,0.762,Holdings SPY
2011,"Citigroup, Inc.",C,0.726,Holdings SPY
2011,United Technologies Corp.,UAL,0.621,Holdings SPY
2011,Bank of America Corp.,BAC,0.603,Holdings SPY
2011,"United Parcel Service, Inc. (Class B)",UPS,0.601,Holdings SPY
2011,"Kraft Foods, Inc. (Class A)",KHC,0.576,Holdings SPY
2011,Occidental Petroleum Corp.,OXY,0.565,Holdings SPY
2011,Comcast Corp. (Class A),CMCSA,0.558,Holdings SPY
2011,The Walt Disney Co.,DIS,0.543,Holdings SPY
2011,"Altria Group, Inc.",MO,0.539,Holdings SPY
2011,Bristol-Myers Squibb Co.,BMY,0.518,Holdings SPY
2011,"The Home Depot, Inc.",HD,0.499,Holdings SPY
2011,3M Co.,MMM,0.494,Holdings SPY
2011,"Amgen, Inc.",AMGN,0.493,Holdings SPY
2011,"UnitedHealth Group, Inc.",UNH,0.482,Holdings SPY
2011,"The Goldman Sachs Group, Inc.",GS,0.464,Holdings SPY
2011,"Caterpillar, Inc.",CAT,0.464,Holdings SPY
2011,American Express Co.,AXP,0.453,Holdings SPY
2011,Hewlett-Packard Co.,HPQ,0.451,Holdings SPY
2011,U.S. Bancorp,USB,0.439,Holdings SPY
2011,CVS Caremark Corp.,CVS,0.438,Holdings SPY
2011,The Boeing Co.,BA,0.436,Holdings SPY
2011,"Visa, Inc. (Class A)",V,0.426,Holdings SPY
2011,EMC Corp.,DELL,0.421,Holdings SPY
2011,Colgate-Palmolive Co.,CL,0.42,Holdings SPY
2011,Union Pacific Corp.,UNP,0.388,Holdings SPY
2011,Eli Lilly & Co.,LLY,0.365,Holdings SPY
2011,E. I. du Pont de Nemours & Co.,DD,0.362,Holdings SPY
2011,Ford Motor Co.,F,0.356,Holdings SPY
2011,Southern Co.,SO,0.353,Holdings SPY
2011,Costco Wholesale Corp.,COST,0.347,Holdings SPY
2011,News Corp. (Class A),NWS,0.342,Holdings SPY
2011,"Medtronic, Inc.",MDT,0.341,Holdings SPY
2011,"Honeywell International, Inc.",HON,0.335,Holdings SPY
2011,Accenture PLC (Class A),ACN,0.331,Holdings SPY
2011,"eBay, Inc.",EBAY,0.329,Holdings SPY
2011,"MasterCard, Inc. (Class A)",MA,0.329,Holdings SPY
2011,Target Corp.,TGT,0.321,Holdings SPY
2011,"NIKE, Inc. (Class B)",NKE,0.314,Holdings SPY
2011,"Simon Property Group, Inc.",SPG,0.312,Holdings SPY
2011,Monsanto Co.,BAYRY,0.311,Holdings SPY
2011,"Baxter International, Inc.",BAX,0.31,Holdings SPY
2011,"Time Warner, Inc.",WBD,0.304,Holdings SPY
2011,Anadarko Petroleum Corp.,OXY,0.304,Holdings SPY
2011,DIRECTV (Class A),T,0.302,Holdings SPY
2011,Newmont Mining Corp.,NEM,0.301,Holdings SPY
2011,"Texas Instruments, Inc.",TXN,0.3,Holdings SPY
2011,Emerson Electric Co.,EMR,0.299,Holdings SPY
2011,Apache Corp.,APA,0.298,Holdings SPY
2011,"Gilead Sciences, Inc.",GILD,0.291,Holdings SPY
2011,Walgreen Co.,WBA,0.289,Holdings SPY
2011,"MetLife, Inc.",MET,0.287,Holdings SPY
2011,"Dominion Resources, Inc.",D,0.281,Holdings SPY
2011,"Freeport-McMoRan Copper & Gold, Inc.",FCX,0.279,Holdings SPY
2011,Celgene Corp.,BMY,0.276,Holdings SPY
2011,"Praxair, Inc.",LIN,0.275,Holdings SPY
2011,Exelon Corp.,EXC,0.273,Holdings SPY
2011,Halliburton Co.,HAL,0.273,Holdings SPY
2011,Starbucks Corp.,SBUX,0.271,Holdings SPY
2011,Kimberly-Clark Corp.,KMB,0.27,Holdings SPY
2011,Deere & Co.,DE,0.26,Holdings SPY
2011,The Dow Chemical Co.,DOW,0.258,Holdings SPY
2011,Duke Energy Corp.,DUK,0.258,Holdings SPY
2011,"Allergan, Inc.",ABBV,0.246,Holdings SPY
2011,"PNC Financial Services Group, Inc.",PNC,0.246,Holdings SPY
2011,"General Mills, Inc.",GIS,0.242,Holdings SPY
2011,"Lowe’s Cos., Inc.",LOW,0.236,Holdings SPY
2011,Danaher Corp.,DHR,0.233,Holdings SPY
2011,"WellPoint, Inc.",ELV,0.229,Holdings SPY
2011,Devon Energy Corp.,DVN,0.224,Holdings SPY
2011,"Automatic Data Processing, Inc.",ADP,0.224,Holdings SPY
2011,The Bank of New York Mellon Corp.,BK,0.224,Holdings SPY
2011,"Yum! Brands, Inc.",YUM,0.223,Holdings SPY
2011,"Prudential Financial, Inc.",PRU,0.221,Holdings SPY
2011,"NextEra Energy, Inc.",NEE,0.221,Holdings SPY
2011,"Biogen Idec, Inc.",BIIB,0.218,Holdings SPY
2011,Precision Castparts Corp.,BRK.B,0.217,Holdings SPY
2011,"Viacom, Inc. (Class B)",PSKY,0.216,Holdings SPY
2011,"priceline.com, Inc.",BKNG,0.216,Holdings SPY
2011,"Dell, Inc.",DELL,0.213,Holdings SPY
2011,Covidien PLC,MDT,0.212,Holdings SPY
2011,"National-Oilwell Varco, Inc.",NOV,0.21,Holdings SPY
2011,American Tower Corp.(Class A),AMT,0.207,Holdings SPY
2011,FedEx Corp.,FDX,0.207,Holdings SPY
2011,Norfolk Southern Corp.,NSC,0.206,Holdings SPY
2011,"TJX Cos., Inc.",TJX,0.205,Holdings SPY
2011,General Dynamics Corp.,GD,0.2,Holdings SPY
2011,CSX Corp.,CSX,0.199,Holdings SPY
2011,"Illinois Tool Works, Inc.",ITW,0.198,Holdings SPY
2011,ACE Ltd.,CB,0.198,Holdings SPY
2011,"Time Warner Cable, Inc.",CHTR,0.198,Holdings SPY
2011,"The Travelers Cos., Inc.",TRV,0.198,Holdings SPY
2011,"CenturyLink, Inc.",LUMN,0.197,Holdings SPY
2011,"Baker Hughes, Inc.",BKR,0.194,Holdings SPY
2011,Morgan Stanley,MS,0.194,Holdings SPY
2011,Lockheed Martin Corp.,LMT,0.194,Holdings SPY
2011,"Thermo Fisher Scientific, Inc.",TMO,0.188,Holdings SPY
2011,"Corning, Inc.",GLW,0.188,Holdings SPY
2011,Tyco International Ltd.,JCI,0.185,Holdings SPY
2011,Cognizant Technology Solutions Corp. (Class A),CTSH,0.185,Holdings SPY
2011,"EOG Resources, Inc.",EOG,0.184,Holdings SPY
2011,FirstEnergy Corp.,FE,0.182,Holdings SPY
2011,"American Electric Power Co., Inc.",AEP,0.177,Holdings SPY
2011,Capital One Financial Corp.,COF,0.176,Holdings SPY
2011,"Medco Health Solutions, Inc.",CI,0.175,Holdings SPY
2011,"Express Scripts, Inc.",CI,0.175,Holdings SPY
2011,McKesson Corp.,MCK,0.174,Holdings SPY
2011,"Johnson Controls, Inc.",JCI,0.173,Holdings SPY
2011,Chubb Corp.,CB,0.167,Holdings SPY
2011,PG&E Corp.,PCG,0.165,Holdings SPY
2011,Archer-Daniels-Midland Co.,ADM,0.164,Holdings SPY
2011,"Public Service EnterpriseGroup, Inc.",PEG,0.164,Holdings SPY
2011,Chesapeake Energy Corp.,CHK,0.163,Holdings SPY
2011,"Consolidated Edison, Inc.",ED,0.162,Holdings SPY
2011,"Yahoo!, Inc.",YHOO,0.161,Holdings SPY
2011,"CME Group, Inc.",CME,0.16,Holdings SPY
2011,PPL Corp.,PPL,0.159,Holdings SPY
2011,"AFLAC, Inc.",AFL,0.158,Holdings SPY
2011,H.J. Heinz Co.,KHC,0.157,Holdings SPY
2011,State Street Corp.,STT,0.157,Holdings SPY
2011,"Air Products & Chemicals, Inc.",APD,0.157,Holdings SPY
2011,Broadcom Corp. (Class A),AVGO,0.156,Holdings SPY
2011,"Becton, Dickinson & Co.",BDX,0.155,Holdings SPY
2011,"Cummins, Inc.",CMI,0.155,Holdings SPY
2011,Spectra Energy Corp.,ENB,0.154,Holdings SPY
2011,Hess Corp.,CVX,0.154,Holdings SPY
2011,"Public Storage, Inc.",PSA,0.153,Holdings SPY
2011,Stryker Corp.,SYK,0.152,Holdings SPY
2011,"Salesforce.com, Inc.",CRM,0.151,Holdings SPY
2011,"Waste Management, Inc.",WM,0.15,Holdings SPY
2011,Sysco Corp.,SYY,0.149,Holdings SPY
2011,Marathon Oil Corp.,COP,0.149,Holdings SPY
2011,"Lorillard, Inc.",BAT,0.149,Holdings SPY
2011,Equity Residential,EQR,0.148,Holdings SPY
2011,"Progress Energy, Inc.",D,0.147,Holdings SPY
2011,Goodrich Corp.,RTX,0.146,Holdings SPY
2011,"Coach, Inc.",TPR,0.145,Holdings SPY
2011,"BlackRock, Inc.",BLK,0.144,Holdings SPY
2011,BB&T Corp.,TFC,0.144,Holdings SPY
2011,"Intuit, Inc.",INTU,0.141,Holdings SPY
2011,Raytheon Co.,RTX,0.141,Holdings SPY
2011,"Marsh & McLennan Cos., Inc.",MRSH,0.141,Holdings SPY
2011,"Cardinal Health, Inc.",CAH,0.14,Holdings SPY
2011,Northrop Grumman Corp.,NOC,0.14,Holdings SPY
2011,"The Williams Cos., Inc.",WMB,0.139,Holdings SPY
2011,"Intuitive Surgical, Inc.",ISRG,0.138,Holdings SPY
2011,"HCP, Inc.",PEAK,0.138,Holdings SPY
2011,"Ventas, Inc.",VTR,0.138,Holdings SPY
2011,Carnival Corp.,CCL,0.137,Holdings SPY
2011,"Bed Bath & Beyond, Inc.",BBBY,0.136,Holdings SPY
2011,Mead Johnson Nutrition Co.,RKT,0.136,Holdings SPY
2011,"Franklin Resources, Inc.",BEN,0.135,Holdings SPY
2011,Vornado Realty Trust,VNO,0.135,Holdings SPY
2011,Aon Corp.,AON,0.134,Holdings SPY
2011,Kohl’s Corp.,KSS,0.134,Holdings SPY
2011,CBS Corp. (Class B),PSKY,0.132,Holdings SPY
2011,"Applied Materials, Inc.",AMAT,0.132,Holdings SPY
2011,"Aetna, Inc.",CVS,0.132,Holdings SPY
2011,The Mosaic Co.,MOS,0.13,Holdings SPY
2011,El Paso Corp.,KMI,0.13,Holdings SPY
2011,The Kroger Co.,KR,0.129,Holdings SPY
2011,Kellogg Co.,KLG,0.129,Holdings SPY
2011,"Boston Properties, Inc.",BXP,0.126,Holdings SPY
2011,"Reynolds American, Inc.",BTI,0.122,Holdings SPY
2011,"Motorola Solutions, Inc.",MSI,0.122,Holdings SPY
2011,Discover Financial Services,COF,0.121,Holdings SPY
2011,"NetApp, Inc.",NTAP,0.121,Holdings SPY
2011,"Noble Energy, Inc.",CVX,0.121,Holdings SPY
2011,"The McGraw-Hill Cos., Inc.",SPGI,0.121,Holdings SPY
2011,Edison International,EIX,0.121,Holdings SPY
2011,"T. Rowe Price Group, Inc.",TROW,0.12,Holdings SPY
2011,The Allstate Corp.,ALL,0.12,Holdings SPY
2011,"PACCAR, Inc.",PCAR,0.12,Holdings SPY
2011,Sempra Energy,SRE,0.119,Holdings SPY
2011,Symantec Corp.,GEN,0.119,Holdings SPY
2011,"Humana, Inc.",HUM,0.119,Holdings SPY
2011,The Charles Schwab Corp.,SCHW,0.118,Holdings SPY
2011,Eaton Corp.,ETN,0.117,Holdings SPY
2011,"Adobe Systems, Inc.",ADBE,0.116,Holdings SPY
2011,"Xcel Energy, Inc.",XEL,0.116,Holdings SPY
2011,"St. Jude Medical, Inc.",ABT,0.115,Holdings SPY
2011,Entergy Corp.,ETR,0.114,Holdings SPY
2011,Southwestern Energy Co.,CHK,0.112,Holdings SPY
2011,The Progressive Corp.,PGR,0.11,Holdings SPY
2011,"Ecolab, Inc.",ECL,0.11,Holdings SPY
2011,CIGNA Corp.,CI,0.11,Holdings SPY
2011,"Macy’s, Inc.",M,0.109,Holdings SPY
2011,"PPG Industries, Inc.",PPG,0.108,Holdings SPY
2011,"C.H. Robinson Worldwide, Inc.",CHRW,0.108,Holdings SPY
2011,"ProLogis, Inc.",PLD,0.107,Holdings SPY
2011,"Agilent Technologies, Inc.",A,0.105,Holdings SPY
2011,"AvalonBay Communities, Inc.",AVB,0.104,Holdings SPY
2011,Loews Corp.,L,0.104,Holdings SPY
2011,V.F. Corp.,VFC,0.103,Holdings SPY
2011,"Whole Foods Market, Inc.",AMZN,0.1,Holdings SPY
2011,"Omnicom Group, Inc.",OMC,0.1,Holdings SPY
2011,"Discovery Communications, Inc. (Class A)",WBD,0.1,Holdings SPY
2011,"Zimmer Holdings, Inc.",ZBH,0.1,Holdings SPY
2011,"Citrix Systems, Inc.",CTXS,0.099,Holdings SPY
2011,Cameron International Corp.,SLB,0.099,Holdings SPY
2011,"Alcoa, Inc.",AA,0.099,Holdings SPY
2011,International Paper Co.,IP,0.098,Holdings SPY
2011,Altera Corp.,ALTR,0.098,Holdings SPY
2011,Valero Energy Corp.,VLO,0.098,Holdings SPY
2011,AmerisourceBergen Corp.,COR,0.097,Holdings SPY
2011,"The Estee Lauder Cos., Inc. (Class A)",EL,0.097,Holdings SPY
2011,Nucor Corp.,NUE,0.097,Holdings SPY
2011,Cerner Corp.,ORCL,0.096,Holdings SPY
2011,"ConAgra Foods, Inc.",CAG,0.096,Holdings SPY
2011,"Motorola Mobility Holdings, Inc.",GOOGL,0.095,Holdings SPY
2011,Fastenal Co.,FAST,0.095,Holdings SPY
2011,Parker-Hannifin Corp.,PH,0.095,Holdings SPY
2011,Xerox Corp.,XRX,0.094,Holdings SPY
2011,The Western Union Co.,WU,0.094,Holdings SPY
2011,"SunTrust Banks, Inc.",TFC,0.093,Holdings SPY
2011,Marathon Petroleum Corp.,MPC,0.093,Holdings SPY
2011,SanDisk Corp.,WDC,0.093,Holdings SPY
2011,Sara Lee Corp.,TSN,0.093,Holdings SPY
2011,"Limited Brands, Inc.",BBWI,0.093,Holdings SPY
2011,"American International Group, Inc.",AIG,0.093,Holdings SPY
2011,"Staples, Inc.",SPLS,0.092,Holdings SPY
2011,"Chipotle Mexican Grill, Inc.",CMG,0.091,Holdings SPY
2011,"Autozone, Inc.",AZO,0.091,Holdings SPY
2011,"Analog Devices, Inc.",ADI,0.091,Holdings SPY
2011,Range Resources Corp.,RRC,0.091,Holdings SPY
2011,"Ameriprise Financial, Inc.",AMP,0.09,Holdings SPY
2011,Ingersoll-Rand PLC,IR,0.09,Holdings SPY
2011,Fifth Third Bancorp,FITB,0.09,Holdings SPY
2011,"Wynn Resorts, Ltd.",WYNN,0.09,Holdings SPY
2011,"Ross Stores, Inc.",ROST,0.089,Holdings SPY
2011,"Juniper Networks, Inc.",HPE,0.089,Holdings SPY
2011,"O’Reilly Automotive, Inc.",ORLY,0.089,Holdings SPY
2011,Peabody Energy Corp.,BTU,0.089,Holdings SPY
2011,"W.W. Grainger, Inc.",GWW,0.089,Holdings SPY
2011,Sprint Nextel Corp.,TMUS,0.088,Holdings SPY
2011,The Hershey Co.,HSY,0.088,Holdings SPY
2011,Teradata Corp.,TDC,0.088,Holdings SPY
2011,"FMC Technologies, Inc.",FMC,0.088,Holdings SPY
2011,"Republic Services, Inc.",RSG,0.088,Holdings SPY
2011,Boston Scientific Corp.,BSX,0.087,Holdings SPY
2011,"Mattel, Inc.",MAT,0.087,Holdings SPY
2011,Clorox Co.,CLX,0.086,Holdings SPY
2011,"CF Industries Holdings, Inc.",CF,0.085,Holdings SPY
2011,M & T Bank Corp.,MTB,0.085,Holdings SPY
2011,Dover Corp.,DOV,0.084,Holdings SPY
2011,"IntercontinentalExchange, Inc.",ICE,0.084,Holdings SPY
2011,"Watson Pharmaceuticals, Inc.",TEVA,0.084,Holdings SPY
2011,"Expeditors International of Washington, Inc.",EXPD,0.083,Holdings SPY
2011,"Dr. Pepper Snapple Group, Inc.",KDP,0.083,Holdings SPY
2011,Murphy Oil Corp.,MUR,0.083,Holdings SPY
2011,"Paychex, Inc.",PAYX,0.082,Holdings SPY
2011,The JM Smucker Co.,SJM,0.082,Holdings SPY
2011,"Forest Laboratories, Inc.",ABBV,0.082,Holdings SPY
2011,Northern Trust Corp.,NTRS,0.082,Holdings SPY
2011,"Avon Products, Inc.",NTCO,0.082,Holdings SPY
2011,Weyerhaeuser Co.,WY,0.081,Holdings SPY
2011,Ralph Lauren Corp.,RL,0.081,Holdings SPY
2011,"CenterPoint Energy, Inc.",CNP,0.081,Holdings SPY
2011,"Fortune Brands, Inc.",FBIN,0.08,Holdings SPY
2011,"Health Care REIT, Inc.",PEAK,0.08,Holdings SPY
2011,DTE Energy Co.,DTE,0.08,Holdings SPY
2011,"Stanley Black & Decker, Inc.",SWK,0.08,Holdings SPY
2011,"Red Hat, Inc.",IBM,0.079,Holdings SPY
2011,Edwards Lifesciences Corp.,EW,0.079,Holdings SPY
2011,Fluor Corp.,FLR,0.079,Holdings SPY
2011,"Rockwell Collins, Inc.",RTX,0.079,Holdings SPY
2011,"Harley-Davidson, Inc.",HOG,0.078,Holdings SPY
2011,"Coca-ColaEnterprises, Inc.",CCEP,0.078,Holdings SPY
2011,"Rockwell Automation, Inc.",ROK,0.078,Holdings SPY
2011,Genuine Parts Co.,GPC,0.078,Holdings SPY
2011,EQT Corp.,EQT,0.077,Holdings SPY
2011,Laboratory Corp. of America Holdings,LH,0.077,Holdings SPY
2011,Tiffany & Co.,LVMUY,0.075,Holdings SPY
2011,"Host Hotels & Resorts, Inc.",HST,0.075,Holdings SPY
2011,"Quest Diagnostics, Inc.",DGX,0.075,Holdings SPY
2011,"Marriott International, Inc. (Class A)",MAR,0.075,Holdings SPY
2011,ITT Corp.,ITT,0.075,Holdings SPY
2011,"CONSOL Energy, Inc.",CEIX,0.074,Holdings SPY
2011,Pioneer Natural Resources Co.,XOM,0.074,Holdings SPY
2011,"Constellation Energy Group, Inc.",CEG,0.074,Holdings SPY
2011,"Starwood Hotels & Resorts Worldwide, Inc.",MAR,0.073,Holdings SPY
2011,Sigma-Aldrich Corp.,MRK.DE,0.073,Holdings SPY
2011,"C.R. Bard, Inc.",BDX,0.073,Holdings SPY
2011,NVIDIA Corp.,NVDA,0.073,Holdings SPY
2011,"Nordstrom, Inc.",JWN,0.073,Holdings SPY
2011,Noble Corp.,CVX,0.072,Holdings SPY
2011,"Cliffs Natural Resources, Inc.",CLF,0.071,Holdings SPY
2011,"CA, Inc.",AVGO,0.071,Holdings SPY
2011,Wisconsin Energy Corp.,WEC,0.071,Holdings SPY
2011,"Fiserv, Inc.",FISV,0.071,Holdings SPY
2011,"Xilinx, Inc.",AMD,0.071,Holdings SPY
2011,"Principal Financial Group, Inc.",PFG,0.07,Holdings SPY
2011,"Mylan, Inc.",VTRS,0.07,Holdings SPY
2011,Brown-Forman Corp. (Class B),BF.B,0.07,Holdings SPY
2011,"Hartford Financial Services Group, Inc.",HIG,0.07,Holdings SPY
2011,Ameren Corp.,AEE,0.069,Holdings SPY
2011,"Best Buy Co., Inc.",BBY,0.068,Holdings SPY
2011,"Invesco, Ltd.",IVZ,0.068,Holdings SPY
2011,Amphenol Corp. (Class A),APH,0.067,Holdings SPY
2011,"Stericycle, Inc.",WM,0.067,Holdings SPY
2011,Waters Corp.,WAT,0.067,Holdings SPY
2011,Life Technologies Corp.,TMO,0.067,Holdings SPY
2011,"Oneok, Inc.",OKE,0.066,Holdings SPY
2011,"BMC Software, Inc.",BMC,0.066,Holdings SPY
2011,"Electronic Arts, Inc.",EA,0.066,Holdings SPY
2011,"L-3 Communications Holdings, Inc.",LHX,0.064,Holdings SPY
2011,Sherwin-Williams Co.,SHW,0.064,Holdings SPY
2011,"Roper Industries, Inc.",ROP,0.064,Holdings SPY
2011,SLM Corp.,SLM,0.064,Holdings SPY
2011,"Joy Global, Inc.",KMTUY,0.063,Holdings SPY
2011,Unum Group,UNM,0.063,Holdings SPY
2011,Cabot Oil & Gas Corp.,CTRA,0.062,Holdings SPY
2011,"Autodesk, Inc.",ADSK,0.062,Holdings SPY
2011,The AES Corp.,AES,0.062,Holdings SPY
2011,KLA-Tencor Corp.,KLAC,0.062,Holdings SPY
2011,Southwest Airlines Co.,LUV,0.062,Holdings SPY
2011,"Iron Mountain, Inc.",IRM,0.061,Holdings SPY
2011,Linear Technology Corp.,ADI,0.061,Holdings SPY
2011,Molson Coors Brewing Co. (Class B),TAP,0.061,Holdings SPY
2011,"Cephalon, Inc.",TEVA,0.061,Holdings SPY
2011,"Family Dollar Stores, Inc.",DLTR,0.06,Holdings SPY
2011,"Hospira, Inc.",PFE,0.06,Holdings SPY
2011,XL Group PLC,AXA,0.06,Holdings SPY
2011,"McCormick & Co., Inc.",MKC,0.06,Holdings SPY
2011,"Varian Medical Systems, Inc.",SIE,0.059,Holdings SPY
2011,Kimco Realty Corp.,KIM,0.059,Holdings SPY
2011,Frontier Communications Corp.,VZ,0.059,Holdings SPY
2011,NYSE Euronext(c),ICE,0.059,Holdings SPY
2011,Moody’s Corp.,MCO,0.059,Holdings SPY
2011,"Netflix, Inc.",NFLX,0.058,Holdings SPY
2011,"Fidelity National Information Services, Inc.",FIS,0.058,Holdings SPY
2011,"DaVita, Inc.",DVA,0.058,Holdings SPY
2011,Windstream Corp.,UNIT,0.058,Holdings SPY
2011,Western Digital Corp.,WDC,0.058,Holdings SPY
2011,"NiSource, Inc.",NI,0.058,Holdings SPY
2011,"Microchip Technology, Inc.",MCHP,0.058,Holdings SPY
2011,Northeast Utilities,ES,0.058,Holdings SPY
2011,Campbell Soup Co.,CPB,0.057,Holdings SPY
2011,"Safeway, Inc.",ACI,0.057,Holdings SPY
2011,"Darden Restaurants, Inc.",DRI,0.056,Holdings SPY
2011,"F5 Networks, Inc.",FFIV,0.056,Holdings SPY
2011,KeyCorp,KEY,0.055,Holdings SPY
2011,"Plum Creek Timber Co., Inc.",WY,0.054,Holdings SPY
2011,"The Gap, Inc.",GAP,0.054,Holdings SPY
2011,Abercrombie & Fitch Co. (Class A),ANF,0.052,Holdings SPY
2011,"CarMax, Inc.",KMX,0.052,Holdings SPY
2011,CareFusion Corp.,BDX,0.052,Holdings SPY
2011,Newfield Exploration Co.,OVV,0.051,Holdings SPY
2011,Ball Corp.,BALL,0.05,Holdings SPY
2011,"Tyson Foods, Inc. (Class A)",TSN,0.05,Holdings SPY
2011,"Expedia, Inc.",EXPE,0.05,Holdings SPY
2011,"NRG Energy, Inc.",NRG,0.05,Holdings SPY
2011,"Micron Technology, Inc.",MU,0.05,Holdings SPY
2011,CMS Energy Corp.,CMS,0.048,Holdings SPY
2011,FMC Corp.,FMC,0.048,Holdings SPY
2011,Lincoln National Corp.,LNC,0.047,Holdings SPY
2011,Pall Corp.,DHR,0.047,Holdings SPY
2011,Eastman Chemical Co.,EMN,0.047,Holdings SPY
2011,"Textron, Inc.",TXT,0.047,Holdings SPY
2011,"VeriSign, Inc.",VRSN,0.047,Holdings SPY
2011,"Apollo Group, Inc. (Class A)",APO,0.047,Holdings SPY
2011,"QEP Resources, Inc.",FANG,0.046,Holdings SPY
2011,Wyndham Worldwide Corp.,WH,0.045,Holdings SPY
2011,Pinnacle West Capital Corp.,PNW,0.045,Holdings SPY
2011,SCANA Corp.,D,0.045,Holdings SPY
2011,"Comerica, Inc.",CMA,0.045,Holdings SPY
2011,"Denbury Resources, Inc.",XOM,0.044,Holdings SPY
2011,"International Flavors & Fragrances, Inc.",IFF,0.044,Holdings SPY
2011,Leucadia National Corp.,JEF,0.043,Holdings SPY
2011,"Airgas, Inc.",AIQUY,0.043,Holdings SPY
2011,"CBRE Group, Inc.",CBRE,0.043,Holdings SPY
2011,"Helmerich & Payne, Inc.",HP,0.042,Holdings SPY
2011,International Game Technology,IGT,0.042,Holdings SPY
2011,"DENTSPLY International, Inc.",XRAY,0.042,Holdings SPY
2011,Cincinnati Financial Corp.,CINF,0.042,Holdings SPY
2011,"People’s United Financial, Inc.",MTB,0.042,Holdings SPY
2011,"Coventry Health Care, Inc.",CVS,0.041,Holdings SPY
2011,"Pepco Holdings, Inc.",EXC,0.041,Holdings SPY
2011,Regions Financial Corp.,RF,0.041,Holdings SPY
2011,Computer Sciences Corp.,DXC,0.04,Holdings SPY
2011,"Huntington Bancshares, Inc.",HBAN,0.04,Holdings SPY
2011,MeadWestvaco Corp.,SKG,0.04,Holdings SPY
2011,Flowserve Corp.,FLS,0.04,Holdings SPY
2011,Harris Corp.,LHX,0.04,Holdings SPY
2011,"H&R Block, Inc.",HRB,0.039,Holdings SPY
2011,"Jacobs Engineering Group, Inc.",J,0.039,Holdings SPY
2011,"Quanta Services, Inc.",PWR,0.039,Holdings SPY
2011,"Alpha Natural Resources, Inc.",AMR,0.039,Holdings SPY
2011,"FLIR Systems, Inc.",TDY,0.039,Holdings SPY
2011,"Hasbro, Inc.",HAS,0.038,Holdings SPY
2011,"Allegheny Technologies, Inc.",ATI,0.038,Holdings SPY
2011,"Rowan Co., Inc.",VAL,0.037,Holdings SPY
2011,"Pitney Bowes, Inc.",PBI,0.037,Holdings SPY
2011,"Diamond Offshore Drilling, Inc.",NE,0.037,Holdings SPY
2011,Whirlpool Corp.,WHR,0.037,Holdings SPY
2011,"Equifax, Inc.",EFX,0.037,Holdings SPY
2011,"Integrys Energy Group, Inc.",WEC,0.036,Holdings SPY
2011,Hormel Foods Corp.,HRL,0.036,Holdings SPY
2011,"First Solar, Inc.",FSLR,0.036,Holdings SPY
2011,"J.C. Penney Co., Inc.",CPPRQ,0.036,Holdings SPY
2011,"Akamai Technologies, Inc.",AKAM,0.036,Holdings SPY
2011,Scripps Networks Interactive (Class A),WBD,0.036,Holdings SPY
2011,"TECO Energy, Inc.",EMA,0.036,Holdings SPY
2011,Torchmark Corp.,GL,0.035,Holdings SPY
2011,Cablevision Systems Corp.,OPTU,0.035,Holdings SPY
2011,Vulcan Materials Co.,VMC,0.034,Holdings SPY
2011,"The Interpublic Group of Cos., Inc.",IPG,0.034,Holdings SPY
2011,"Nabors Industries, Ltd.",NBR,0.034,Holdings SPY
2011,"Assurant, Inc.",AIZ,0.033,Holdings SPY
2011,"Newell Rubbermaid, Inc.",NWL,0.033,Holdings SPY
2011,"Legg Mason, Inc.",BEN,0.033,Holdings SPY
2011,"Sunoco, Inc.",SUN,0.032,Holdings SPY
2011,"SAIC, Inc.",SAIC,0.032,Holdings SPY
2011,GameStop Corp. (Class A),GME,0.032,Holdings SPY
2011,"Jabil Circuit, Inc.",JBL,0.031,Holdings SPY
2011,"Constellation Brands, Inc. (Class A)",STZ,0.031,Holdings SPY
2011,Cintas Corp.,CTAS,0.031,Holdings SPY
2011,United States Steel Corp.,X,0.031,Holdings SPY
2011,"Robert Half International, Inc.",RHI,0.03,Holdings SPY
2011,"Bemis Co., Inc.",AMBP,0.03,Holdings SPY
2011,Dun & Bradstreet Corp.,DNB,0.029,Holdings SPY
2011,"Hudson City Bancorp, Inc.",MTB,0.029,Holdings SPY
2011,LSI Corp.,AVGO,0.029,Holdings SPY
2011,"Advanced Micro Devices, Inc.",AMD,0.028,Holdings SPY
2011,"The NASDAQ OMX Group, Inc.",NDAQ,0.028,Holdings SPY
2011,"Molex, Inc.",KOCH,0.027,Holdings SPY
2011,"Leggett & Platt, Inc.",LEG,0.027,Holdings SPY
2011,"Genworth Financial, Inc. (Class A)",GNW,0.027,Holdings SPY
2011,"Urban Outfitters, Inc.",URBN,0.027,Holdings SPY
2011,Tesoro Corp.,MPC,0.027,Holdings SPY
2011,"Total System Services, Inc.",GPN,0.027,Holdings SPY
2011,"Patterson Cos., Inc.",PDCO,0.027,Holdings SPY
2011,Sealed Air Corp.,SEE,0.026,Holdings SPY
2011,Avery Dennison Corp.,AVY,0.026,Holdings SPY
2011,Apartment Investment & Management Co. (Class A),AIV,0.026,Holdings SPY
2011,R.R. Donnelley & Sons Co.,RRD,0.026,Holdings SPY
2011,Zions Bancorporation,ZION,0.025,Holdings SPY
2011,"Snap-on, Inc.",SNA,0.025,Holdings SPY
2011,"MetroPCS Communications, Inc.",TMUS,0.025,Holdings SPY
2011,Masco Corp.,MAS,0.025,Holdings SPY
2011,"D.R. Horton, Inc.",DHI,0.024,Holdings SPY
2011,"Nicor, Inc.",SO,0.024,Holdings SPY
2011,"Owens-Illinois, Inc.",OI,0.024,Holdings SPY
2011,The Goodyear Tire & Rubber Co.,GT,0.024,Holdings SPY
2011,ETRADE Financial Corp.,MS,0.022,Holdings SPY
2011,"Big Lots, Inc.",BIG,0.022,Holdings SPY
2011,"DeVry, Inc.",ATGE,0.022,Holdings SPY
2011,"Gannett Co., Inc.",GCI,0.022,Holdings SPY
2011,JDS Uniphase Corp.,VIAV,0.022,Holdings SPY
2011,Sears Holdings Corp.,SRSQ,0.021,Holdings SPY
2011,"PerkinElmer, Inc.",RVTY,0.021,Holdings SPY
2011,Lennar Corp. (Class A),LEN,0.021,Holdings SPY
2011,"Lexmark International, Inc. (Class A)",LXK,0.021,Holdings SPY
2011,"Teradyne, Inc.",TER,0.02,Holdings SPY
2011,Tenet Healthcare Corp.,THC,0.019,Holdings SPY
2011,"Harman International Industries, Inc.",SMSN,0.019,Holdings SPY
2011,"Ryder System, Inc.",R,0.019,Holdings SPY
2011,"Novellus Systems, Inc.",LRCX,0.018,Holdings SPY
2011,The Washington Post Co. (Class B),GHC,0.016,Holdings SPY
2011,Compuware Corp.,CPWR,0.016,Holdings SPY
2011,"Federated Investors, Inc. (Class B)",FHI,0.016,Holdings SPY
2011,Dean Foods Co.,DFODQ,0.016,Holdings SPY
2011,"AutoNation, Inc.",AN,0.016,Holdings SPY
2011,First Horizon National Corp.,FHN,0.015,Holdings SPY
2011,"Tellabs, Inc.",TLAB,0.015,Holdings SPY
2011,"SUPERVALU, Inc.",UNFI,0.014,Holdings SPY
2011,Titanium Metals Corp.,PCP,0.013,Holdings SPY
2011,"Pulte Group, Inc.",PHM,0.013,Holdings SPY
2011,"MEMC Electronic Materials, Inc.",WFR,0.012,Holdings SPY
2011,"Janus Capital Group, Inc.",JHG,0.011,Holdings SPY
2011,"Monster Worldwide, Inc.",RAND,0.009,Holdings SPY
2011,AK Steel Holding Corp.,CLF,0.007,Holdings SPY
2012,"Apple, Inc.",AAPL,4.856,Holdings SPY
2012,Exxon Mobil Corp.,XOM,3.277,Holdings SPY
2012,General Electric Co.,GE,1.862,Holdings SPY
2012,Chevron Corp.,CVX,1.776,Holdings SPY
2012,Microsoft Corp.,MSFT,1.744,Holdings SPY
2012,International Business Machines Corp.,IBM,1.732,Holdings SPY
2012,"AT&T, Inc.",T,1.689,Holdings SPY
2012,"Google, Inc. (Class A)",GOOGL,1.55,Holdings SPY
2012,The Procter & Gamble Co.,PG,1.483,Holdings SPY
2012,Johnson & Johnson,JNJ,1.475,Holdings SPY
2012,"Pfizer, Inc.",PFE,1.441,Holdings SPY
2012,Wells Fargo & Co.,WFC,1.319,Holdings SPY
2012,"Berkshire Hathaway, Inc. (Class B)",BRK.B,1.255,Holdings SPY
2012,JPMorgan Chase & Co.,JPM,1.194,Holdings SPY
2012,"Philip Morris International, Inc.",PM,1.177,Holdings SPY
2012,The Coca-Cola Co.,KO,1.14,Holdings SPY
2012,"Merck & Co., Inc.",MRK,1.066,Holdings SPY
2012,"Verizon Communications, Inc.",VZ,1.008,Holdings SPY
2012,"Wal-Mart Stores, Inc.",WMT,0.963,Holdings SPY
2012,Oracle Corp.,ORCL,0.931,Holdings SPY
2012,Intel Corp.,INTC,0.881,Holdings SPY
2012,"PepsiCo, Inc.",PEP,0.855,Holdings SPY
2012,Abbott Laboratories,ABT,0.835,Holdings SPY
2012,"QUALCOMM, Inc.",QCOM,0.826,Holdings SPY
2012,"Cisco Systems, Inc.",CSCO,0.784,Holdings SPY
2012,"Schlumberger, Ltd.",SLB,0.745,Holdings SPY
2012,"Citigroup, Inc.",C,0.745,Holdings SPY
2012,Comcast Corp. (Class A),CMCSA,0.743,Holdings SPY
2012,Bank of America Corp.,BAC,0.739,Holdings SPY
2012,The Walt Disney Co.,DIS,0.728,Holdings SPY
2012,McDonald’s Corp.,MCD,0.718,Holdings SPY
2012,"Amazon.com, Inc.",AMZN,0.714,Holdings SPY
2012,"The Home Depot, Inc.",HD,0.708,Holdings SPY
2012,"Kraft Foods, Inc. (Class A)",KHC,0.57,Holdings SPY
2012,"Visa, Inc. (Class A)",V,0.544,Holdings SPY
2012,Occidental Petroleum Corp.,OXY,0.541,Holdings SPY
2012,ConocoPhillips,COP,0.54,Holdings SPY
2012,"Altria Group, Inc.",MO,0.527,Holdings SPY
2012,United Technologies Corp.,UAL,0.511,Holdings SPY
2012,U.S. Bancorp,USB,0.505,Holdings SPY
2012,"Amgen, Inc.",AMGN,0.505,Holdings SPY
2012,CVS Caremark Corp.,CVS,0.478,Holdings SPY
2012,3M Co.,MMM,0.457,Holdings SPY
2012,EMC Corp.,DELL,0.444,Holdings SPY
2012,"UnitedHealth Group, Inc.",UNH,0.444,Holdings SPY
2012,Bristol-Myers Squibb Co.,BMY,0.44,Holdings SPY
2012,Union Pacific Corp.,UNP,0.436,Holdings SPY
2012,"Caterpillar, Inc.",CAT,0.436,Holdings SPY
2012,American Express Co.,AXP,0.436,Holdings SPY
2012,"eBay, Inc.",EBAY,0.436,Holdings SPY
2012,"United Parcel Service, Inc. (Class B)",UPS,0.399,Holdings SPY
2012,"The Goldman Sachs Group, Inc.",GS,0.398,Holdings SPY
2012,Express Scripts Holding Co.,CI,0.394,Holdings SPY
2012,"Gilead Sciences, Inc.",GILD,0.39,Holdings SPY
2012,News Corp. (Class A),NWS,0.388,Holdings SPY
2012,Monsanto Co.,BAYRY,0.377,Holdings SPY
2012,"MasterCard, Inc. (Class A)",MA,0.376,Holdings SPY
2012,Eli Lilly & Co.,LLY,0.376,Holdings SPY
2012,Colgate-Palmolive Co.,CL,0.371,Holdings SPY
2012,The Boeing Co.,BA,0.366,Holdings SPY
2012,E. I. du Pont de Nemours & Co.,DD,0.363,Holdings SPY
2012,"Honeywell International, Inc.",HON,0.362,Holdings SPY
2012,"Simon Property Group, Inc.",SPG,0.358,Holdings SPY
2012,Duke Energy Corp.,DUK,0.354,Holdings SPY
2012,Accenture PLC (Class A),ACN,0.346,Holdings SPY
2012,"Medtronic, Inc.",MDT,0.342,Holdings SPY
2012,Costco Wholesale Corp.,COST,0.336,Holdings SPY
2012,"Time Warner, Inc.",WBD,0.333,Holdings SPY
2012,Target Corp.,TGT,0.322,Holdings SPY
2012,Southern Co.,SO,0.313,Holdings SPY
2012,Starbucks Corp.,SBUX,0.299,Holdings SPY
2012,"American International Group, Inc.",AIG,0.297,Holdings SPY
2012,Ford Motor Co.,F,0.292,Holdings SPY
2012,"Freeport-McMoRan Copper & Gold, Inc.",FCX,0.292,Holdings SPY
2012,"MetLife, Inc.",MET,0.284,Holdings SPY
2012,"Biogen Idec, Inc.",BIIB,0.274,Holdings SPY
2012,Emerson Electric Co.,EMR,0.273,Holdings SPY
2012,Anadarko Petroleum Corp.,OXY,0.271,Holdings SPY
2012,"NIKE, Inc. (Class B)",NKE,0.271,Holdings SPY
2012,The Dow Chemical Co.,DOW,0.269,Holdings SPY
2012,"Lowe’s Cos., Inc.",LOW,0.268,Holdings SPY
2012,"National-Oilwell Varco, Inc.",NOV,0.265,Holdings SPY
2012,Kimberly-Clark Corp.,KMB,0.263,Holdings SPY
2012,Apache Corp.,APA,0.263,Holdings SPY
2012,Hewlett-Packard Co.,HPQ,0.26,Holdings SPY
2012,"PNC Financial Services Group, Inc.",PNC,0.259,Holdings SPY
2012,Celgene Corp.,BMY,0.258,Holdings SPY
2012,Capital One Financial Corp.,COF,0.257,Holdings SPY
2012,"Baxter International, Inc.",BAX,0.256,Holdings SPY
2012,"TJX Cos., Inc.",TJX,0.256,Holdings SPY
2012,DIRECTV,T,0.256,Holdings SPY
2012,Deere & Co.,DE,0.251,Holdings SPY
2012,Danaher Corp.,DHR,0.25,Holdings SPY
2012,"Texas Instruments, Inc.",TXN,0.243,Holdings SPY
2012,Halliburton Co.,HAL,0.243,Holdings SPY
2012,Walgreen Co.,WBA,0.242,Holdings SPY
2012,"Praxair, Inc.",LIN,0.24,Holdings SPY
2012,"priceline.com, Inc.",BKNG,0.239,Holdings SPY
2012,Exelon Corp.,EXC,0.236,Holdings SPY
2012,"Dominion Resources, Inc.",D,0.236,Holdings SPY
2012,"EOG Resources, Inc.",EOG,0.235,Holdings SPY
2012,"Yum! Brands, Inc.",YUM,0.234,Holdings SPY
2012,"NextEra Energy, Inc.",NEE,0.231,Holdings SPY
2012,"Time Warner Cable, Inc.",CHTR,0.228,Holdings SPY
2012,Phillips 66,PSX,0.226,Holdings SPY
2012,Covidien PLC,MDT,0.221,Holdings SPY
2012,"Automatic Data Processing, Inc.",ADP,0.22,Holdings SPY
2012,American Tower Corp.,AMT,0.219,Holdings SPY
2012,"Allergan, Inc.",ABBV,0.219,Holdings SPY
2012,Newmont Mining Corp.,NEM,0.216,Holdings SPY
2012,The Bank of New York Mellon Corp.,BK,0.207,Holdings SPY
2012,"The Travelers Cos., Inc.",TRV,0.204,Holdings SPY
2012,"Tyco International, Ltd.",JCI,0.201,Holdings SPY
2012,"General Mills, Inc.",GIS,0.201,Holdings SPY
2012,"Illinois Tool Works, Inc.",ITW,0.2,Holdings SPY
2012,"ACE, Ltd.",CB,0.199,Holdings SPY
2012,"Viacom, Inc. (Class B)",PSKY,0.197,Holdings SPY
2012,"Prudential Financial, Inc.",PRU,0.196,Holdings SPY
2012,"CenturyLink, Inc.",LUMN,0.195,Holdings SPY
2012,Lockheed Martin Corp.,LMT,0.195,Holdings SPY
2012,FedEx Corp.,FDX,0.192,Holdings SPY
2012,Precision Castparts Corp.,BRK.B,0.184,Holdings SPY
2012,Morgan Stanley,MS,0.18,Holdings SPY
2012,BB&T Corp.,TFC,0.18,Holdings SPY
2012,"BlackRock, Inc.",BLK,0.177,Holdings SPY
2012,Devon Energy Corp.,DVN,0.177,Holdings SPY
2012,"AFLAC, Inc.",AFL,0.174,Holdings SPY
2012,"Alexion Pharmaceuticals, Inc.",AZN,0.171,Holdings SPY
2012,General Dynamics Corp.,GD,0.17,Holdings SPY
2012,"The Williams Cos., Inc.",WMB,0.17,Holdings SPY
2012,CBS Corp. (Class B),PSKY,0.168,Holdings SPY
2012,CSX Corp.,CSX,0.168,Holdings SPY
2012,"Thermo Fisher Scientific, Inc.",TMO,0.166,Holdings SPY
2012,"American Electric Power Co., Inc.",AEP,0.165,Holdings SPY
2012,Cognizant Technology Solutions Corp. (Class A),CTSH,0.163,Holdings SPY
2012,Marathon Oil Corp.,COP,0.162,Holdings SPY
2012,Norfolk Southern Corp.,NSC,0.159,Holdings SPY
2012,Discover Financial Services,COF,0.159,Holdings SPY
2012,Chubb Corp.,CB,0.158,Holdings SPY
2012,McKesson Corp.,MCK,0.158,Holdings SPY
2012,"Kinder Morgan, Inc.",KMI,0.157,Holdings SPY
2012,State Street Corp.(c),STT,0.157,Holdings SPY
2012,"Public Storage, Inc.",PSA,0.156,Holdings SPY
2012,"Baker Hughes, Inc.",BKR,0.154,Holdings SPY
2012,"Intuitive Surgical, Inc.",ISRG,0.154,Holdings SPY
2012,"Corning, Inc.",GLW,0.153,Holdings SPY
2012,"Salesforce.com, Inc.",CRM,0.152,Holdings SPY
2012,The Allstate Corp.,ALL,0.15,Holdings SPY
2012,Spectra Energy Corp.,ENB,0.149,Holdings SPY
2012,"HCP, Inc.",PEAK,0.148,Holdings SPY
2012,"WellPoint, Inc.",ELV,0.147,Holdings SPY
2012,Raytheon Co.,RTX,0.146,Holdings SPY
2012,Crown Castle International Corp.,CCI,0.146,Holdings SPY
2012,"Johnson Controls, Inc.",JCI,0.145,Holdings SPY
2012,"Marsh & McLennan Cos., Inc.",MRSH,0.143,Holdings SPY
2012,FirstEnergy Corp.,FE,0.143,Holdings SPY
2012,Marathon Petroleum Corp.,MPC,0.143,Holdings SPY
2012,"Ventas, Inc.",VTR,0.143,Holdings SPY
2012,Sysco Corp.,SYY,0.142,Holdings SPY
2012,PG&E Corp.,PCG,0.141,Holdings SPY
2012,H.J. Heinz Co.,KHC,0.139,Holdings SPY
2012,Archer-Daniels-Midland Co.,ADM,0.139,Holdings SPY
2012,Broadcom Corp. (Class A),AVGO,0.138,Holdings SPY
2012,"CME Group, Inc.",CME,0.136,Holdings SPY
2012,"Consolidated Edison, Inc.",ED,0.136,Holdings SPY
2012,"PPG Industries, Inc.",PPG,0.136,Holdings SPY
2012,"Franklin Resources, Inc.",BEN,0.136,Holdings SPY
2012,"Air Products & Chemicals, Inc.",APD,0.136,Holdings SPY
2012,LyondellBasell Industries NV (Class A),LYB,0.136,Holdings SPY
2012,Valero Energy Corp.,VLO,0.135,Holdings SPY
2012,Equity Residential,EQR,0.134,Holdings SPY
2012,"Ecolab, Inc.",ECL,0.133,Holdings SPY
2012,Aon PLC,AON,0.131,Holdings SPY
2012,PPL Corp.,PPL,0.131,Holdings SPY
2012,"Whole Foods Market, Inc.",AMZN,0.13,Holdings SPY
2012,"Yahoo!, Inc.",YHOO,0.13,Holdings SPY
2012,"Boston Properties, Inc.",BXP,0.129,Holdings SPY
2012,Sprint Nextel Corp.,TMUS,0.129,Holdings SPY
2012,Northrop Grumman Corp.,NOC,0.128,Holdings SPY
2012,"Noble Energy, Inc.",CVX,0.128,Holdings SPY
2012,"Cummins, Inc.",CMI,0.127,Holdings SPY
2012,"Public Service Enterprise Group, Inc.",PEG,0.126,Holdings SPY
2012,"Intuit, Inc.",INTU,0.126,Holdings SPY
2012,Carnival Corp.,CCL,0.126,Holdings SPY
2012,"ProLogis, Inc.",PLD,0.125,Holdings SPY
2012,Stryker Corp.,SYK,0.125,Holdings SPY
2012,Hess Corp.,CVX,0.125,Holdings SPY
2012,"T. Rowe Price Group, Inc.",TROW,0.124,Holdings SPY
2012,Eaton Corp.,ETN,0.124,Holdings SPY
2012,The Mosaic Co.,MOS,0.124,Holdings SPY
2012,"Adobe Systems, Inc.",ADBE,0.124,Holdings SPY
2012,"Coach, Inc.",TPR,0.124,Holdings SPY
2012,International Paper Co.,IP,0.123,Holdings SPY
2012,"Becton, Dickinson & Co.",BDX,0.122,Holdings SPY
2012,"Macy’s, Inc.",M,0.119,Holdings SPY
2012,"The McGraw-Hill Cos., Inc.",SPGI,0.119,Holdings SPY
2012,"SunTrust Banks, Inc.",TFC,0.118,Holdings SPY
2012,"Lorillard, Inc.",BAT,0.118,Holdings SPY
2012,Mead Johnson Nutrition Co.,RKT,0.116,Holdings SPY
2012,Edison International,EIX,0.116,Holdings SPY
2012,"The Estee Lauder Cos., Inc. (Class A)",EL,0.115,Holdings SPY
2012,"Discovery Communications, Inc. (Class A)",WBD,0.114,Holdings SPY
2012,"Health Care REIT, Inc.",PEAK,0.114,Holdings SPY
2012,"Motorola Solutions, Inc.",MSI,0.114,Holdings SPY
2012,"TE Connectivity, Ltd.",TEL,0.113,Holdings SPY
2012,Sempra Energy,SRE,0.113,Holdings SPY
2012,"Dell, Inc.",DELL,0.113,Holdings SPY
2012,"Bed Bath & Beyond, Inc.",BBBY,0.112,Holdings SPY
2012,"Ross Stores, Inc.",ROST,0.112,Holdings SPY
2012,"Citrix Systems, Inc.",CTXS,0.111,Holdings SPY
2012,"Reynolds American, Inc.",BTI,0.11,Holdings SPY
2012,Fifth Third Bancorp,FITB,0.11,Holdings SPY
2012,"PACCAR, Inc.",PCAR,0.109,Holdings SPY
2012,Weyerhaeuser Co.,WY,0.109,Holdings SPY
2012,The Charles Schwab Corp.,SCHW,0.109,Holdings SPY
2012,V.F. Corp.,VFC,0.109,Holdings SPY
2012,"Waste Management, Inc.",WM,0.109,Holdings SPY
2012,"CF Industries Holdings, Inc.",CF,0.108,Holdings SPY
2012,"Omnicom Group, Inc.",OMC,0.108,Holdings SPY
2012,"Applied Materials, Inc.",AMAT,0.107,Holdings SPY
2012,Cameron International Corp.,SLB,0.107,Holdings SPY
2012,"Autozone, Inc.",AZO,0.107,Holdings SPY
2012,Vornado Realty Trust,VNO,0.107,Holdings SPY
2012,CIGNA Corp.,CI,0.106,Holdings SPY
2012,"Xcel Energy, Inc.",XEL,0.105,Holdings SPY
2012,"Agilent Technologies, Inc.",A,0.104,Holdings SPY
2012,"Cardinal Health, Inc.",CAH,0.103,Holdings SPY
2012,"Aetna, Inc.",CVS,0.103,Holdings SPY
2012,"AvalonBay Communities, Inc.",AVB,0.102,Holdings SPY
2012,Ingersoll-Rand PLC,IR,0.102,Holdings SPY
2012,"St. Jude Medical, Inc.",ABT,0.102,Holdings SPY
2012,The Kroger Co.,KR,0.101,Holdings SPY
2012,Loews Corp.,L,0.1,Holdings SPY
2012,Symantec Corp.,GEN,0.1,Holdings SPY
2012,Pioneer Natural Resources Co.,XOM,0.1,Holdings SPY
2012,"Stanley Black & Decker, Inc.",SWK,0.099,Holdings SPY
2012,Kellogg Co.,KLG,0.099,Holdings SPY
2012,Ensco PLC (Class A),VAL,0.098,Holdings SPY
2012,Sherwin-Williams Co.,SHW,0.098,Holdings SPY
2012,"W.W. Grainger, Inc.",GWW,0.098,Holdings SPY
2012,Teradata Corp.,TDC,0.098,Holdings SPY
2012,Parker-Hannifin Corp.,PH,0.097,Holdings SPY
2012,Edwards Lifesciences Corp.,EW,0.096,Holdings SPY
2012,Entergy Corp.,ETR,0.094,Holdings SPY
2012,Nucor Corp.,NUE,0.094,Holdings SPY
2012,"Mattel, Inc.",MAT,0.094,Holdings SPY
2012,Southwestern Energy Co.,CHK,0.093,Holdings SPY
2012,Cooper Industries PLC,COO,0.093,Holdings SPY
2012,Northeast Utilities,ES,0.093,Holdings SPY
2012,"Ameriprise Financial, Inc.",AMP,0.093,Holdings SPY
2012,"NetApp, Inc.",NTAP,0.092,Holdings SPY
2012,"Zimmer Holdings, Inc.",ZBH,0.092,Holdings SPY
2012,"Limited Brands, Inc.",BBWI,0.091,Holdings SPY
2012,"Analog Devices, Inc.",ADI,0.091,Holdings SPY
2012,The Progressive Corp.,PGR,0.09,Holdings SPY
2012,Fastenal Co.,FAST,0.09,Holdings SPY
2012,"Host Hotels & Resorts, Inc.",HST,0.09,Holdings SPY
2012,M & T Bank Corp.,MTB,0.089,Holdings SPY
2012,"Humana, Inc.",HUM,0.088,Holdings SPY
2012,"Starwood Hotels & Resorts Worldwide, Inc.",MAR,0.087,Holdings SPY
2012,"ConAgra Foods, Inc.",CAG,0.087,Holdings SPY
2012,Range Resources Corp.,RRC,0.087,Holdings SPY
2012,Cerner Corp.,ORCL,0.087,Holdings SPY
2012,"Dollar Tree, Inc.",DLTR,0.086,Holdings SPY
2012,Kohl’s Corp.,KSS,0.086,Holdings SPY
2012,"Invesco, Ltd.",IVZ,0.086,Holdings SPY
2012,The Western Union Co.,WU,0.086,Holdings SPY
2012,"Red Hat, Inc.",IBM,0.085,Holdings SPY
2012,"FMC Technologies, Inc.",FMC,0.085,Holdings SPY
2012,"Watson Pharmaceuticals, Inc.",TEVA,0.084,Holdings SPY
2012,Seagate Technology PLC,STX,0.084,Holdings SPY
2012,Altera Corp.,ALTR,0.084,Holdings SPY
2012,Dover Corp.,DOV,0.084,Holdings SPY
2012,"Roper Industries, Inc.",ROP,0.083,Holdings SPY
2012,"Paychex, Inc.",PAYX,0.083,Holdings SPY
2012,"The Gap, Inc.",GAP,0.083,Holdings SPY
2012,The Hershey Co.,HSY,0.083,Holdings SPY
2012,SanDisk Corp.,WDC,0.081,Holdings SPY
2012,DTE Energy Co.,DTE,0.08,Holdings SPY
2012,Perrigo Co.,PRGO,0.079,Holdings SPY
2012,Murphy Oil Corp.,MUR,0.079,Holdings SPY
2012,Northern Trust Corp.,NTRS,0.079,Holdings SPY
2012,"Quest Diagnostics, Inc.",DGX,0.078,Holdings SPY
2012,Regions Financial Corp.,RF,0.078,Holdings SPY
2012,"Fiserv, Inc.",FISV,0.078,Holdings SPY
2012,"Chipotle Mexican Grill, Inc.",CMG,0.077,Holdings SPY
2012,Brown-Forman Corp. (Class B),BF.B,0.077,Holdings SPY
2012,"Marriott International, Inc. (Class A)",MAR,0.076,Holdings SPY
2012,Chesapeake Energy Corp.,CHK,0.076,Holdings SPY
2012,"O’Reilly Automotive, Inc.",ORLY,0.076,Holdings SPY
2012,"Oneok, Inc.",OKE,0.076,Holdings SPY
2012,"Mylan, Inc.",VTRS,0.076,Holdings SPY
2012,Xerox Corp.,XRX,0.076,Holdings SPY
2012,"Rockwell Automation, Inc.",ROK,0.076,Holdings SPY
2012,"Harley-Davidson, Inc.",HOG,0.075,Holdings SPY
2012,The JM Smucker Co.,SJM,0.075,Holdings SPY
2012,AmerisourceBergen Corp.,COR,0.075,Holdings SPY
2012,"IntercontinentalExchange, Inc.",ICE,0.075,Holdings SPY
2012,Amphenol Corp. (Class A),APH,0.073,Holdings SPY
2012,Cabot Oil & Gas Corp.,CTRA,0.073,Holdings SPY
2012,Fluor Corp.,FLR,0.073,Holdings SPY
2012,Genuine Parts Co.,GPC,0.073,Holdings SPY
2012,"C.H. Robinson Worldwide, Inc.",CHRW,0.073,Holdings SPY
2012,"Alcoa, Inc.",AA,0.072,Holdings SPY
2012,"Dr. Pepper Snapple Group, Inc.",KDP,0.072,Holdings SPY
2012,Clorox Co.,CLX,0.072,Holdings SPY
2012,Ralph Lauren Corp.,RL,0.072,Holdings SPY
2012,"Beam, Inc.",STZ,0.071,Holdings SPY
2012,"Wynn Resorts, Ltd.",WYNN,0.071,Holdings SPY
2012,Noble Corp.,CVX,0.07,Holdings SPY
2012,"CA, Inc.",AVGO,0.07,Holdings SPY
2012,"CenterPoint Energy, Inc.",CNP,0.07,Holdings SPY
2012,"Juniper Networks, Inc.",HPE,0.069,Holdings SPY
2012,Laboratory Corp. of America Holdings,LH,0.069,Holdings SPY
2012,Western Digital Corp.,WDC,0.069,Holdings SPY
2012,"DaVita, Inc.",DVA,0.069,Holdings SPY
2012,EQT Corp.,EQT,0.069,Holdings SPY
2012,"Nordstrom, Inc.",JWN,0.068,Holdings SPY
2012,"Xilinx, Inc.",AMD,0.067,Holdings SPY
2012,"Coca-Cola Enterprises, Inc.",CCEP,0.067,Holdings SPY
2012,Life Technologies Corp.,TMO,0.067,Holdings SPY
2012,Sigma-Aldrich Corp.,MRK.DE,0.067,Holdings SPY
2012,Eastman Chemical Co.,EMN,0.067,Holdings SPY
2012,Wisconsin Energy Corp.,WEC,0.067,Holdings SPY
2012,Moody’s Corp.,MCO,0.066,Holdings SPY
2012,"Hartford Financial Services Group, Inc.",HIG,0.066,Holdings SPY
2012,"Forest Laboratories, Inc.",ABBV,0.065,Holdings SPY
2012,Monster Beverage Corp.,MNST,0.065,Holdings SPY
2012,NVIDIA Corp.,NVDA,0.064,Holdings SPY
2012,Kimco Realty Corp.,KIM,0.064,Holdings SPY
2012,"Republic Services, Inc.",RSG,0.064,Holdings SPY
2012,"F5 Networks, Inc.",FFIV,0.064,Holdings SPY
2012,"C.R. Bard, Inc.",BDX,0.063,Holdings SPY
2012,KeyCorp,KEY,0.063,Holdings SPY
2012,Boston Scientific Corp.,BSX,0.063,Holdings SPY
2012,"McCormick & Co., Inc.",MKC,0.063,Holdings SPY
2012,Ameren Corp.,AEE,0.062,Holdings SPY
2012,"Staples, Inc.",SPLS,0.061,Holdings SPY
2012,"BorgWarner, Inc.",BWA,0.061,Holdings SPY
2012,KLA-Tencor Corp.,KLAC,0.061,Holdings SPY
2012,"Fidelity National Information Services, Inc.",FIS,0.061,Holdings SPY
2012,"Rockwell Collins, Inc.",RTX,0.06,Holdings SPY
2012,"VeriSign, Inc.",VRSN,0.059,Holdings SPY
2012,"Stericycle, Inc.",WM,0.059,Holdings SPY
2012,SLM Corp.,SLM,0.059,Holdings SPY
2012,Wyndham Worldwide Corp.,WH,0.059,Holdings SPY
2012,"Expeditors International of Washington, Inc.",EXPD,0.059,Holdings SPY
2012,FMC Corp.,FMC,0.058,Holdings SPY
2012,"Autodesk, Inc.",ADSK,0.058,Holdings SPY
2012,"Principal Financial Group, Inc.",PFG,0.058,Holdings SPY
2012,XL Group PLC,AXA,0.058,Holdings SPY
2012,Tiffany & Co.,LVMUY,0.057,Holdings SPY
2012,Waters Corp.,WAT,0.057,Holdings SPY
2012,"Textron, Inc.",TXT,0.056,Holdings SPY
2012,Linear Technology Corp.,ADI,0.056,Holdings SPY
2012,Pall Corp.,DHR,0.056,Holdings SPY
2012,"NiSource, Inc.",NI,0.056,Holdings SPY
2012,"Darden Restaurants, Inc.",DRI,0.055,Holdings SPY
2012,Molson Coors Brewing Co. (Class B),TAP,0.054,Holdings SPY
2012,The AES Corp.,AES,0.054,Holdings SPY
2012,"Plum Creek Timber Co., Inc.",WY,0.054,Holdings SPY
2012,"L-3 Communications Holdings, Inc.",LHX,0.054,Holdings SPY
2012,"Avon Products, Inc.",NTCO,0.053,Holdings SPY
2012,"CONSOL Energy, Inc.",CEIX,0.053,Holdings SPY
2012,Lincoln National Corp.,LNC,0.053,Holdings SPY
2012,"Akamai Technologies, Inc.",AKAM,0.053,Holdings SPY
2012,"Varian Medical Systems, Inc.",SIE,0.052,Holdings SPY
2012,Southwest Airlines Co.,LUV,0.052,Holdings SPY
2012,Ball Corp.,BALL,0.051,Holdings SPY
2012,"CarMax, Inc.",KMX,0.05,Holdings SPY
2012,Flowserve Corp.,FLS,0.05,Holdings SPY
2012,"Family Dollar Stores, Inc.",DLTR,0.05,Holdings SPY
2012,Whirlpool Corp.,WHR,0.05,Holdings SPY
2012,SCANA Corp.,D,0.049,Holdings SPY
2012,"Microchip Technology, Inc.",MCHP,0.049,Holdings SPY
2012,CMS Energy Corp.,CMS,0.048,Holdings SPY
2012,"Denbury Resources, Inc.",XOM,0.048,Holdings SPY
2012,CareFusion Corp.,BDX,0.048,Holdings SPY
2012,NYSE Euronext,ICE,0.048,Holdings SPY
2012,Campbell Soup Co.,CPB,0.048,Holdings SPY
2012,Vulcan Materials Co.,VMC,0.048,Holdings SPY
2012,"BMC Software, Inc.",BMC,0.047,Holdings SPY
2012,"Micron Technology, Inc.",MU,0.047,Holdings SPY
2012,"Comerica, Inc.",CMA,0.047,Holdings SPY
2012,Peabody Energy Corp.,BTU,0.047,Holdings SPY
2012,Windstream Corp.,UNIT,0.046,Holdings SPY
2012,"Joy Global, Inc.",KMTUY,0.046,Holdings SPY
2012,"Huntington Bancshares, Inc.",HBAN,0.045,Holdings SPY
2012,Tesoro Corp.,MPC,0.045,Holdings SPY
2012,Harris Corp.,LHX,0.045,Holdings SPY
2012,Lam Research Corp.,LRCX,0.044,Holdings SPY
2012,Lennar Corp. (Class A),LEN,0.044,Holdings SPY
2012,"D.R. Horton, Inc.",DHI,0.044,Holdings SPY
2012,"Airgas, Inc.",AIQUY,0.044,Holdings SPY
2012,Pinnacle West Capital Corp.,PNW,0.044,Holdings SPY
2012,"CBRE Group, Inc. (Class A)",CBRE,0.043,Holdings SPY
2012,Cincinnati Financial Corp.,CINF,0.043,Holdings SPY
2012,"Equifax, Inc.",EFX,0.043,Holdings SPY
2012,"Cliffs Natural Resources, Inc.",CLF,0.043,Holdings SPY
2012,"Coventry Health Care, Inc.",CVS,0.043,Holdings SPY
2012,"Expedia, Inc.",EXPE,0.043,Holdings SPY
2012,"QEP Resources, Inc.",FANG,0.043,Holdings SPY
2012,Unum Group,UNM,0.042,Holdings SPY
2012,"Newell Rubbermaid, Inc.",NWL,0.042,Holdings SPY
2012,"Hospira, Inc.",PFE,0.041,Holdings SPY
2012,MeadWestvaco Corp.,SKG,0.041,Holdings SPY
2012,Masco Corp.,MAS,0.041,Holdings SPY
2012,Scripps Networks Interactive (Class A),WBD,0.041,Holdings SPY
2012,"DENTSPLY International, Inc.",XRAY,0.041,Holdings SPY
2012,"Jacobs Engineering Group, Inc.",J,0.041,Holdings SPY
2012,"Iron Mountain, Inc.",IRM,0.04,Holdings SPY
2012,"Quanta Services, Inc.",PWR,0.04,Holdings SPY
2012,"Pulte Group, Inc.",PHM,0.04,Holdings SPY
2012,Torchmark Corp.,GL,0.039,Holdings SPY
2012,"Helmerich & Payne, Inc.",HP,0.039,Holdings SPY
2012,"Sunoco, Inc.",SUN,0.038,Holdings SPY
2012,"The Interpublic Group of Cos., Inc.",IPG,0.038,Holdings SPY
2012,Computer Sciences Corp.,DXC,0.038,Holdings SPY
2012,"Constellation Brands, Inc. (Class A)",STZ,0.038,Holdings SPY
2012,"NRG Energy, Inc.",NRG,0.038,Holdings SPY
2012,Frontier Communications Corp.,VZ,0.037,Holdings SPY
2012,"International Flavors & Fragrances, Inc.",IFF,0.037,Holdings SPY
2012,"AGL Resources, Inc.",SO,0.037,Holdings SPY
2012,"Best Buy Co., Inc.",BBY,0.037,Holdings SPY
2012,"H&R Block, Inc.",HRB,0.037,Holdings SPY
2012,"Fossil, Inc.",FOSL,0.036,Holdings SPY
2012,"Tyson Foods, Inc. (Class A)",TSN,0.036,Holdings SPY
2012,"Xylem, Inc.",XYL,0.035,Holdings SPY
2012,Cintas Corp.,CTAS,0.035,Holdings SPY
2012,"Diamond Offshore Drilling, Inc.",NE,0.035,Holdings SPY
2012,"Pentair, Inc.",PNR,0.035,Holdings SPY
2012,Leucadia National Corp.,JEF,0.034,Holdings SPY
2012,"Hasbro, Inc.",HAS,0.034,Holdings SPY
2012,"People’s United Financial, Inc.",MTB,0.034,Holdings SPY
2012,Newfield Exploration Co.,OVV,0.033,Holdings SPY
2012,"Pepco Holdings, Inc.",EXC,0.033,Holdings SPY
2012,"Gannett Co., Inc.",GCI,0.032,Holdings SPY
2012,Rowan Companies PLC (Class A),VAL,0.032,Holdings SPY
2012,"Snap-on, Inc.",SNA,0.032,Holdings SPY
2012,"Urban Outfitters, Inc.",URBN,0.032,Holdings SPY
2012,"Electronic Arts, Inc.",EA,0.031,Holdings SPY
2012,Hormel Foods Corp.,HRL,0.031,Holdings SPY
2012,"Integrys Energy Group, Inc.",WEC,0.031,Holdings SPY
2012,"Nabors Industries, Ltd.",NBR,0.031,Holdings SPY
2012,LSI Corp.,AVGO,0.03,Holdings SPY
2012,"Safeway, Inc.",ACI,0.03,Holdings SPY
2012,"Hudson City Bancorp, Inc.",MTB,0.029,Holdings SPY
2012,Apartment Investment & Management Co. (Class A),AIV,0.029,Holdings SPY
2012,"Total System Services, Inc.",GPN,0.029,Holdings SPY
2012,"Robert Half International, Inc.",RHI,0.029,Holdings SPY
2012,"TECO Energy, Inc.",EMA,0.029,Holdings SPY
2012,Zions Bancorporation,ZION,0.029,Holdings SPY
2012,"MetroPCS Communications, Inc.",TMUS,0.029,Holdings SPY
2012,"TripAdvisor, Inc.",TRIP,0.028,Holdings SPY
2012,Dun & Bradstreet Corp.,DNB,0.027,Holdings SPY
2012,"Molex, Inc.",KOCH,0.027,Holdings SPY
2012,"Leggett & Platt, Inc.",LEG,0.027,Holdings SPY
2012,"Jabil Circuit, Inc.",JBL,0.027,Holdings SPY
2012,International Game Technology,IGT,0.027,Holdings SPY
2012,"J.C. Penney Co., Inc.",CPPRQ,0.027,Holdings SPY
2012,Cablevision Systems Corp. (Class A),OPTU,0.026,Holdings SPY
2012,"Allegheny Technologies, Inc.",ATI,0.026,Holdings SPY
2012,Avery Dennison Corp.,AVY,0.026,Holdings SPY
2012,"SAIC, Inc.",SAIC,0.026,Holdings SPY
2012,"PerkinElmer, Inc.",RVTY,0.025,Holdings SPY
2012,"WPX Energy, Inc.",DVN,0.025,Holdings SPY
2012,"Bemis Co., Inc.",AMBP,0.025,Holdings SPY
2012,"Harman International Industries, Inc.",SMSN,0.025,Holdings SPY
2012,"FLIR Systems, Inc.",TDY,0.024,Holdings SPY
2012,"Legg Mason, Inc.",BEN,0.023,Holdings SPY
2012,"Owens-Illinois, Inc.",OI,0.023,Holdings SPY
2012,"Assurant, Inc.",AIZ,0.023,Holdings SPY
2012,"Netflix, Inc.",NFLX,0.023,Holdings SPY
2012,"Patterson Cos., Inc.",PDCO,0.023,Holdings SPY
2012,Dean Foods Co.,DFODQ,0.023,Holdings SPY
2012,Sealed Air Corp.,SEE,0.023,Holdings SPY
2012,The Goodyear Tire & Rubber Co.,GT,0.023,Holdings SPY
2012,"Apollo Group, Inc. (Class A)",APO,0.023,Holdings SPY
2012,"The NASDAQ OMX Group, Inc.",NDAQ,0.022,Holdings SPY
2012,Abercrombie & Fitch Co. (Class A),ANF,0.022,Holdings SPY
2012,JDS Uniphase Corp.,VIAV,0.021,Holdings SPY
2012,"Pitney Bowes, Inc.",PBI,0.021,Holdings SPY
2012,GameStop Corp. (Class A),GME,0.021,Holdings SPY
2012,United States Steel Corp.,X,0.021,Holdings SPY
2012,"Teradyne, Inc.",TER,0.02,Holdings SPY
2012,Tenet Healthcare Corp.,THC,0.02,Holdings SPY
2012,"Genworth Financial, Inc. (Class A)",GNW,0.02,Holdings SPY
2012,First Horizon National Corp.,FHN,0.019,Holdings SPY
2012,ETRADE Financial Corp.,MS,0.017,Holdings SPY
2012,"Ryder System, Inc.",R,0.015,Holdings SPY
2012,R.R. Donnelley & Sons Co.,RRD,0.015,Holdings SPY
2012,"Advanced Micro Devices, Inc.",AMD,0.015,Holdings SPY
2012,"Big Lots, Inc.",BIG,0.015,Holdings SPY
2012,"Federated Investors, Inc. (Class B)",FHI,0.015,Holdings SPY
2012,"AutoNation, Inc.",AN,0.014,Holdings SPY
2012,The Washington Post Co. (Class B),GHC,0.014,Holdings SPY
2012,"Alpha Natural Resources, Inc.",AMR,0.011,Holdings SPY
2012,"First Solar, Inc.",FSLR,0.01,Holdings SPY
2012,Titanium Metals Corp.,PCP,0.008,Holdings SPY
2013,"Apple, Inc.",AAPL,2.897,Holdings SPY
2013,Exxon Mobil Corp.,XOM,2.532,Holdings SPY
2013,Microsoft Corp.,MSFT,1.688,Holdings SPY
2013,"Google, Inc. (Class A)",GOOGL,1.638,Holdings SPY
2013,Johnson & Johnson,JNJ,1.633,Holdings SPY
2013,General Electric Co.,GE,1.627,Holdings SPY
2013,Chevron Corp.,CVX,1.57,Holdings SPY
2013,The Procter & Gamble Co.,PG,1.384,Holdings SPY
2013,"Berkshire Hathaway, Inc.(Class B)",BRK.B,1.366,Holdings SPY
2013,Wells Fargo & Co.,WFC,1.335,Holdings SPY
2013,JPMorgan Chase & Co.,JPM,1.301,Holdings SPY
2013,International Business Machines Corp.,IBM,1.275,Holdings SPY
2013,"Pfizer, Inc.",PFE,1.271,Holdings SPY
2013,"AT&T, Inc.",T,1.201,Holdings SPY
2013,Bank of America Corp.,BAC,0.991,Holdings SPY
2013,"Citigroup, Inc.",C,0.985,Holdings SPY
2013,The Coca-Cola Co.,KO,0.966,Holdings SPY
2013,"Philip Morris International, Inc.",PM,0.937,Holdings SPY
2013,"Merck & Co., Inc.",MRK,0.932,Holdings SPY
2013,"Verizon Communications, Inc.",VZ,0.893,Holdings SPY
2013,"Cisco Systems, Inc.",CSCO,0.84,Holdings SPY
2013,"PepsiCo, Inc.",PEP,0.82,Holdings SPY
2013,"Wal-Mart Stores, Inc.",WMT,0.805,Holdings SPY
2013,Oracle Corp.,ORCL,0.791,Holdings SPY
2013,Comcast Corp. (Class A),CMCSA,0.79,Holdings SPY
2013,"Schlumberger, Ltd.",SLB,0.782,Holdings SPY
2013,"Amazon.com, Inc.",AMZN,0.773,Holdings SPY
2013,"QUALCOMM, Inc.",QCOM,0.773,Holdings SPY
2013,Intel Corp.,INTC,0.763,Holdings SPY
2013,"The Home Depot, Inc.",HD,0.727,Holdings SPY
2013,The Walt Disney Co.,DIS,0.717,Holdings SPY
2013,"Visa, Inc. (Class A)",V,0.659,Holdings SPY
2013,McDonald’s Corp.,MCD,0.644,Holdings SPY
2013,"Gilead Sciences, Inc.",GILD,0.643,Holdings SPY
2013,United Technologies Corp.,UAL,0.608,Holdings SPY
2013,ConocoPhillips,COP,0.567,Holdings SPY
2013,"Amgen, Inc.",AMGN,0.564,Holdings SPY
2013,The Boeing Co.,BA,0.545,Holdings SPY
2013,3M Co.,MMM,0.518,Holdings SPY
2013,Bristol-Myers Squibb Co.,BMY,0.509,Holdings SPY
2013,Occidental Petroleum Corp.,OXY,0.503,Holdings SPY
2013,"UnitedHealth Group, Inc.",UNH,0.489,Holdings SPY
2013,Union Pacific Corp.,UNP,0.482,Holdings SPY
2013,"American International Group, Inc.",AIG,0.479,Holdings SPY
2013,"AbbVie, Inc.",ABBV,0.473,Holdings SPY
2013,"MasterCard, Inc. (Class A)",MA,0.469,Holdings SPY
2013,American Express Co.,AXP,0.469,Holdings SPY
2013,CVS Caremark Corp.,CVS,0.465,Holdings SPY
2013,"Altria Group, Inc.",MO,0.46,Holdings SPY
2013,U.S. Bancorp,USB,0.451,Holdings SPY
2013,"Twenty-First Century Fox, Inc. (Class A)",DIS,0.446,Holdings SPY
2013,Ford Motor Co.,F,0.444,Holdings SPY
2013,"The Goldman Sachs Group, Inc.",GS,0.442,Holdings SPY
2013,"United Parcel Service, Inc.(Class B)",UPS,0.441,Holdings SPY
2013,"Honeywell International, Inc.",HON,0.436,Holdings SPY
2013,"eBay, Inc.",EBAY,0.435,Holdings SPY
2013,Celgene Corp.,BMY,0.423,Holdings SPY
2013,"Time Warner, Inc.",WBD,0.405,Holdings SPY
2013,Starbucks Corp.,SBUX,0.387,Holdings SPY
2013,"Biogen Idec, Inc.",BIIB,0.381,Holdings SPY
2013,"Mondelez International, Inc. (Class A)",MDLZ,0.374,Holdings SPY
2013,Monsanto Co.,BAYRY,0.372,Holdings SPY
2013,"NIKE, Inc. (Class B)",NKE,0.363,Holdings SPY
2013,E. I. du Pont de Nemours & Co.,DD,0.362,Holdings SPY
2013,EMC Corp.,DELL,0.356,Holdings SPY
2013,"Medtronic, Inc.",MDT,0.355,Holdings SPY
2013,"Caterpillar, Inc.",CAT,0.355,Holdings SPY
2013,"MetLife, Inc.",MET,0.351,Holdings SPY
2013,Colgate-Palmolive Co.,CL,0.349,Holdings SPY
2013,"priceline.com, Inc.",BKNG,0.349,Holdings SPY
2013,Abbott Laboratories,ABT,0.345,Holdings SPY
2013,Express Scripts Holding Co.,CI,0.337,Holdings SPY
2013,Costco Wholesale Corp.,COST,0.335,Holdings SPY
2013,"Lowe’s Cos., Inc.",LOW,0.335,Holdings SPY
2013,Eli Lilly & Co.,LLY,0.335,Holdings SPY
2013,Accenture PLC (Class A),ACN,0.318,Holdings SPY
2013,Duke Energy Corp.,DUK,0.314,Holdings SPY
2013,Walgreen Co.,WBA,0.313,Holdings SPY
2013,Anadarko Petroleum Corp.,OXY,0.311,Holdings SPY
2013,The Dow Chemical Co.,DOW,0.31,Holdings SPY
2013,Emerson Electric Co.,EMR,0.309,Holdings SPY
2013,"Simon Property Group, Inc.",SPG,0.307,Holdings SPY
2013,"EOG Resources, Inc.",EOG,0.307,Holdings SPY
2013,"Texas Instruments, Inc.",TXN,0.298,Holdings SPY
2013,Danaher Corp.,DHR,0.277,Holdings SPY
2013,Halliburton Co.,HAL,0.272,Holdings SPY
2013,"TJX Cos., Inc.",TJX,0.271,Holdings SPY
2013,Target Corp.,TGT,0.27,Holdings SPY
2013,Hewlett-Packard Co.,HPQ,0.27,Holdings SPY
2013,Capital One Financial Corp.,COF,0.268,Holdings SPY
2013,"PNC Financial Services Group, Inc.",PNC,0.256,Holdings SPY
2013,Morgan Stanley,MS,0.251,Holdings SPY
2013,Kimberly-Clark Corp.,KMB,0.243,Holdings SPY
2013,"Viacom, Inc. (Class B)",PSKY,0.243,Holdings SPY
2013,"Prudential Financial, Inc.",PRU,0.242,Holdings SPY
2013,"Dominion Resources, Inc.",D,0.241,Holdings SPY
2013,Southern Co.,SO,0.239,Holdings SPY
2013,"Baxter International, Inc.",BAX,0.239,Holdings SPY
2013,"Praxair, Inc.",LIN,0.237,Holdings SPY
2013,Phillips 66,PSX,0.236,Holdings SPY
2013,The Bank of New York Mellon Corp.,BK,0.234,Holdings SPY
2013,"Automatic Data Processing, Inc.",ADP,0.234,Holdings SPY
2013,Lockheed Martin Corp.,LMT,0.23,Holdings SPY
2013,Apache Corp.,APA,0.23,Holdings SPY
2013,"Freeport-McMoRan Copper & Gold, Inc.",FCX,0.229,Holdings SPY
2013,"NextEra Energy, Inc.",NEE,0.227,Holdings SPY
2013,FedEx Corp.,FDX,0.227,Holdings SPY
2013,"BlackRock, Inc.",BLK,0.227,Holdings SPY
2013,General Motors Co.,GM,0.226,Holdings SPY
2013,"National-Oilwell Varco, Inc.",NOV,0.223,Holdings SPY
2013,Precision Castparts Corp.,BRK.B,0.222,Holdings SPY
2013,"Thermo Fisher Scientific, Inc.",TMO,0.221,Holdings SPY
2013,LyondellBasell Industries NV (Class A),LYB,0.219,Holdings SPY
2013,Eaton Corp. PLC,ETN,0.217,Holdings SPY
2013,"Yum! Brands, Inc.",YUM,0.214,Holdings SPY
2013,"The Travelers Cos., Inc.",TRV,0.213,Holdings SPY
2013,"Time Warner Cable, Inc.",CHTR,0.213,Holdings SPY
2013,"ACE, Ltd.",CB,0.212,Holdings SPY
2013,"Illinois Tool Works, Inc.",ITW,0.211,Holdings SPY
2013,"Yahoo!, Inc.",YHOO,0.211,Holdings SPY
2013,Deere & Co.,DE,0.208,Holdings SPY
2013,"Kraft Foods Group, Inc.",KHC,0.208,Holdings SPY
2013,CBS Corp. (Class B),PSKY,0.207,Holdings SPY
2013,"General Mills, Inc.",GIS,0.206,Holdings SPY
2013,DIRECTV,T,0.204,Holdings SPY
2013,McKesson Corp.,MCK,0.196,Holdings SPY
2013,State Street Corp.(c),STT,0.196,Holdings SPY
2013,American Tower Corp.,AMT,0.196,Holdings SPY
2013,General Dynamics Corp.,GD,0.194,Holdings SPY
2013,"AFLAC, Inc.",AFL,0.193,Holdings SPY
2013,"Salesforce.com, Inc.",CRM,0.19,Holdings SPY
2013,"Johnson Controls, Inc.",JCI,0.19,Holdings SPY
2013,Covidien PLC,MDT,0.187,Holdings SPY
2013,"Ecolab, Inc.",ECL,0.179,Holdings SPY
2013,"Allergan, Inc.",ABBV,0.179,Holdings SPY
2013,CSX Corp.,CSX,0.175,Holdings SPY
2013,Pioneer Natural Resources Co.,XOM,0.175,Holdings SPY
2013,"WellPoint, Inc.",ELV,0.169,Holdings SPY
2013,Exelon Corp.,EXC,0.169,Holdings SPY
2013,"Actavis, Inc.",ABBV,0.167,Holdings SPY
2013,Raytheon Co.,RTX,0.167,Holdings SPY
2013,Cognizant Technology Solutions Corp. (Class A),CTSH,0.165,Holdings SPY
2013,"The Williams Cos., Inc.",WMB,0.165,Holdings SPY
2013,Marathon Oil Corp.,COP,0.165,Holdings SPY
2013,Discover Financial Services,COF,0.164,Holdings SPY
2013,The Charles Schwab Corp.,SCHW,0.163,Holdings SPY
2013,"Regeneron Pharmaceuticals, Inc.",REGN,0.163,Holdings SPY
2013,Norfolk Southern Corp.,NSC,0.163,Holdings SPY
2013,"Adobe Systems, Inc.",ADBE,0.162,Holdings SPY
2013,Archer-Daniels-Midland Co.,ADM,0.162,Holdings SPY
2013,"Noble Energy, Inc.",CVX,0.16,Holdings SPY
2013,"Kinder Morgan, Inc.",KMI,0.16,Holdings SPY
2013,"Marsh & McLennan Cos., Inc.",MRSH,0.16,Holdings SPY
2013,"Aetna, Inc.",CVS,0.159,Holdings SPY
2013,"PPG Industries, Inc.",PPG,0.159,Holdings SPY
2013,The Allstate Corp.,ALL,0.158,Holdings SPY
2013,BB&T Corp.,TFC,0.158,Holdings SPY
2013,"Cummins, Inc.",CMI,0.156,Holdings SPY
2013,"CME Group, Inc.",CME,0.155,Holdings SPY
2013,"Public Storage, Inc.",PSA,0.155,Holdings SPY
2013,Aon PLC,AON,0.155,Holdings SPY
2013,Chubb Corp.,CB,0.153,Holdings SPY
2013,Spectra Energy Corp.,ENB,0.152,Holdings SPY
2013,"Alexion Pharmaceuticals, Inc.",AZN,0.151,Holdings SPY
2013,Hess Corp.,CVX,0.149,Holdings SPY
2013,"Air Products & Chemicals, Inc.",APD,0.148,Holdings SPY
2013,Devon Energy Corp.,DVN,0.147,Holdings SPY
2013,Northrop Grumman Corp.,NOC,0.147,Holdings SPY
2013,CIGNA Corp.,CI,0.147,Holdings SPY
2013,"Whole Foods Market, Inc.",AMZN,0.146,Holdings SPY
2013,"TE Connectivity, Ltd.",TEL,0.145,Holdings SPY
2013,"Baker Hughes, Inc.",BKR,0.145,Holdings SPY
2013,"Corning, Inc.",GLW,0.143,Holdings SPY
2013,Crown Castle International Corp.,CCI,0.143,Holdings SPY
2013,"Applied Materials, Inc.",AMAT,0.141,Holdings SPY
2013,"American Electric Power Co., Inc.",AEP,0.141,Holdings SPY
2013,The Kroger Co.,KR,0.14,Holdings SPY
2013,"Franklin Resources, Inc.",BEN,0.137,Holdings SPY
2013,"Delta Air Lines, Inc.",DAL,0.135,Holdings SPY
2013,"Dell, Inc.",DELL,0.135,Holdings SPY
2013,Marathon Petroleum Corp.,MPC,0.135,Holdings SPY
2013,Stryker Corp.,SYK,0.133,Holdings SPY
2013,International Paper Co.,IP,0.133,Holdings SPY
2013,"Intuit, Inc.",INTU,0.132,Holdings SPY
2013,"PACCAR, Inc.",PCAR,0.131,Holdings SPY
2013,"Discovery Communications, Inc. (Class A)",WBD,0.13,Holdings SPY
2013,"Becton, Dickinson & Co.",BDX,0.129,Holdings SPY
2013,Sempra Energy,SRE,0.129,Holdings SPY
2013,PPL Corp.,PPL,0.128,Holdings SPY
2013,"CenturyLink, Inc.",LUMN,0.127,Holdings SPY
2013,Sysco Corp.,SYY,0.126,Holdings SPY
2013,Valero Energy Corp.,VLO,0.126,Holdings SPY
2013,"ProLogis, Inc.",PLD,0.125,Holdings SPY
2013,"T. Rowe Price Group, Inc.",TROW,0.124,Holdings SPY
2013,"HCP, Inc.",PEAK,0.124,Holdings SPY
2013,"The McGraw-Hill Cos., Inc.",SPGI,0.122,Holdings SPY
2013,"Netflix, Inc.",NFLX,0.122,Holdings SPY
2013,"Waste Management, Inc.",WM,0.121,Holdings SPY
2013,PG&E Corp.,PCG,0.121,Holdings SPY
2013,"Ameriprise Financial, Inc.",AMP,0.121,Holdings SPY
2013,"Ventas, Inc.",VTR,0.12,Holdings SPY
2013,"Micron Technology, Inc.",MU,0.12,Holdings SPY
2013,Equity Residential,EQR,0.12,Holdings SPY
2013,"The Estee Lauder Cos., Inc.(Class A)",EL,0.119,Holdings SPY
2013,"Cardinal Health, Inc.",CAH,0.119,Holdings SPY
2013,"Health Care REIT, Inc.",PEAK,0.118,Holdings SPY
2013,Ingersoll-Rand PLC,IR,0.118,Holdings SPY
2013,"Vertex Pharmaceuticals, Inc.",VRTX,0.117,Holdings SPY
2013,V.F. Corp.,VFC,0.116,Holdings SPY
2013,"SunTrust Banks, Inc.",TFC,0.116,Holdings SPY
2013,Symantec Corp.,GEN,0.115,Holdings SPY
2013,Dollar General Corp.,DG,0.114,Holdings SPY
2013,"Agilent Technologies, Inc.",A,0.113,Holdings SPY
2013,"Lorillard, Inc.",BAT,0.113,Holdings SPY
2013,"Bed Bath & Beyond, Inc.",BBBY,0.113,Holdings SPY
2013,Weyerhaeuser Co.,WY,0.112,Holdings SPY
2013,"Public Service Enterprise Group, Inc.",PEG,0.111,Holdings SPY
2013,"Macy’s, Inc.",M,0.111,Holdings SPY
2013,"Omnicom Group, Inc.",OMC,0.111,Holdings SPY
2013,Delphi Automotive PLC,APTV,0.11,Holdings SPY
2013,"Tyco International, Ltd.",JCI,0.108,Holdings SPY
2013,"W.W. Grainger, Inc.",GWW,0.108,Holdings SPY
2013,"Boston Properties, Inc.",BXP,0.108,Holdings SPY
2013,Parker-Hannifin Corp.,PH,0.108,Holdings SPY
2013,"Consolidated Edison, Inc.",ED,0.107,Holdings SPY
2013,Fifth Third Bancorp,FITB,0.107,Holdings SPY
2013,Sherwin-Williams Co.,SHW,0.106,Holdings SPY
2013,Boston Scientific Corp.,BSX,0.106,Holdings SPY
2013,"Zoetis, Inc.",ZTS,0.106,Holdings SPY
2013,"Ross Stores, Inc.",ROST,0.105,Holdings SPY
2013,Cabot Oil & Gas Corp.,CTRA,0.105,Holdings SPY
2013,"Reynolds American, Inc.",BTI,0.105,Holdings SPY
2013,Dover Corp.,DOV,0.104,Holdings SPY
2013,Nucor Corp.,NUE,0.104,Holdings SPY
2013,"St. Jude Medical, Inc.",ABT,0.103,Holdings SPY
2013,"AvalonBay Communities, Inc.",AVB,0.103,Holdings SPY
2013,Cerner Corp.,ORCL,0.102,Holdings SPY
2013,"Autozone, Inc.",AZO,0.102,Holdings SPY
2013,"Coach, Inc.",TPR,0.102,Holdings SPY
2013,FirstEnergy Corp.,FE,0.101,Holdings SPY
2013,The Progressive Corp.,PGR,0.101,Holdings SPY
2013,"Intuitive Surgical, Inc.",ISRG,0.101,Holdings SPY
2013,Mead Johnson Nutrition Co.,RKT,0.1,Holdings SPY
2013,Edison International,EIX,0.1,Holdings SPY
2013,"Rockwell Automation, Inc.",ROK,0.1,Holdings SPY
2013,Kellogg Co.,KLG,0.099,Holdings SPY
2013,"Humana, Inc.",HUM,0.098,Holdings SPY
2013,"L Brands, Inc.",VSCO,0.098,Holdings SPY
2013,"Stanley Black & Decker, Inc.",SWK,0.098,Holdings SPY
2013,The Mosaic Co.,MOS,0.098,Holdings SPY
2013,Vornado Realty Trust,VNO,0.098,Holdings SPY
2013,M & T Bank Corp.,MTB,0.097,Holdings SPY
2013,"Mylan, Inc.",VTRS,0.097,Holdings SPY
2013,"NetApp, Inc.",NTAP,0.097,Holdings SPY
2013,"Harley-Davidson, Inc.",HOG,0.097,Holdings SPY
2013,"Analog Devices, Inc.",ADI,0.097,Holdings SPY
2013,Carnival Corp.,CCL,0.097,Holdings SPY
2013,SanDisk Corp.,WDC,0.097,Holdings SPY
2013,Cameron International Corp.,SLB,0.096,Holdings SPY
2013,Loews Corp.,L,0.096,Holdings SPY
2013,"Mattel, Inc.",MAT,0.096,Holdings SPY
2013,Broadcom Corp. (Class A),AVGO,0.096,Holdings SPY
2013,"Hartford Financial Services Group, Inc.",HIG,0.095,Holdings SPY
2013,"O’Reilly Automotive, Inc.",ORLY,0.095,Holdings SPY
2013,"Invesco, Ltd.",IVZ,0.095,Holdings SPY
2013,"Motorola Solutions, Inc.",MSI,0.094,Holdings SPY
2013,AmerisourceBergen Corp.,COR,0.094,Holdings SPY
2013,Newmont Mining Corp.,NEM,0.093,Holdings SPY
2013,"Zimmer Holdings, Inc.",ZBH,0.093,Holdings SPY
2013,The Hershey Co.,HSY,0.093,Holdings SPY
2013,"Xcel Energy, Inc.",XEL,0.092,Holdings SPY
2013,Moody’s Corp.,MCO,0.091,Holdings SPY
2013,Seagate Technology PLC,STX,0.091,Holdings SPY
2013,"Fidelity National Information Services, Inc.",FIS,0.091,Holdings SPY
2013,Fastenal Co.,FAST,0.09,Holdings SPY
2013,Western Digital Corp.,WDC,0.089,Holdings SPY
2013,EQT Corp.,EQT,0.089,Holdings SPY
2013,"Chipotle Mexican Grill, Inc.",CMG,0.089,Holdings SPY
2013,"Fiserv, Inc.",FISV,0.088,Holdings SPY
2013,"IntercontinentalExchange, Inc.",ICE,0.088,Holdings SPY
2013,"Host Hotels & Resorts, Inc.",HST,0.088,Holdings SPY
2013,"FMC Technologies, Inc.",FMC,0.088,Holdings SPY
2013,"Citrix Systems, Inc.",CTXS,0.088,Holdings SPY
2013,Chesapeake Energy Corp.,CHK,0.088,Holdings SPY
2013,"Roper Industries, Inc.",ROP,0.088,Holdings SPY
2013,"Paychex, Inc.",PAYX,0.087,Holdings SPY
2013,Regions Financial Corp.,RF,0.087,Holdings SPY
2013,"Dollar Tree, Inc.",DLTR,0.087,Holdings SPY
2013,"Pentair, Ltd.",PNR,0.086,Holdings SPY
2013,Northeast Utilities,ES,0.086,Holdings SPY
2013,"Starwood Hotels & Resorts Worldwide, Inc.",MAR,0.086,Holdings SPY
2013,Life Technologies Corp.,TMO,0.086,Holdings SPY
2013,Southwestern Energy Co.,CHK,0.085,Holdings SPY
2013,"ConAgra Foods, Inc.",CAG,0.084,Holdings SPY
2013,"Wynn Resorts, Ltd.",WYNN,0.084,Holdings SPY
2013,Genuine Parts Co.,GPC,0.084,Holdings SPY
2013,Ensco PLC (Class A),VAL,0.084,Holdings SPY
2013,"Xilinx, Inc.",AMD,0.082,Holdings SPY
2013,Amphenol Corp. (Class A),APH,0.082,Holdings SPY
2013,Range Resources Corp.,RRC,0.082,Holdings SPY
2013,Northern Trust Corp.,NTRS,0.082,Holdings SPY
2013,"CF Industries Holdings, Inc.",CF,0.081,Holdings SPY
2013,Eastman Chemical Co.,EMN,0.081,Holdings SPY
2013,Kansas City Southern,CP,0.08,Holdings SPY
2013,Xerox Corp.,XRX,0.08,Holdings SPY
2013,Altera Corp.,ALTR,0.079,Holdings SPY
2013,"Principal Financial Group, Inc.",PFG,0.079,Holdings SPY
2013,"BorgWarner, Inc.",BWA,0.078,Holdings SPY
2013,Perrigo Co.,PRGO,0.078,Holdings SPY
2013,Fluor Corp.,FLR,0.077,Holdings SPY
2013,Whirlpool Corp.,WHR,0.077,Holdings SPY
2013,DTE Energy Co.,DTE,0.077,Holdings SPY
2013,Lincoln National Corp.,LNC,0.076,Holdings SPY
2013,The JM Smucker Co.,SJM,0.075,Holdings SPY
2013,Entergy Corp.,ETR,0.075,Holdings SPY
2013,"AMETEK, Inc.",AME,0.074,Holdings SPY
2013,"The Gap, Inc.",GAP,0.074,Holdings SPY
2013,Brown-Forman Corp.(Class B),BF.B,0.074,Holdings SPY
2013,"CarMax, Inc.",KMX,0.074,Holdings SPY
2013,"Oneok, Inc.",OKE,0.073,Holdings SPY
2013,SLM Corp.,SLM,0.073,Holdings SPY
2013,Clorox Co.,CLX,0.071,Holdings SPY
2013,Murphy Oil Corp.,MUR,0.071,Holdings SPY
2013,The Western Union Co.,WU,0.071,Holdings SPY
2013,Southwest Airlines Co.,LUV,0.071,Holdings SPY
2013,Kohl’s Corp.,KSS,0.07,Holdings SPY
2013,KeyCorp,KEY,0.07,Holdings SPY
2013,"Beam, Inc.",STZ,0.069,Holdings SPY
2013,Sigma-Aldrich Corp.,MRK.DE,0.068,Holdings SPY
2013,"CenterPoint Energy, Inc.",CNP,0.068,Holdings SPY
2013,"Juniper Networks, Inc.",HPE,0.068,Holdings SPY
2013,NYSE Euronext,ICE,0.068,Holdings SPY
2013,KLA-Tencor Corp.,KLAC,0.067,Holdings SPY
2013,"Best Buy Co., Inc.",BBY,0.067,Holdings SPY
2013,"DaVita, Inc.",DVA,0.067,Holdings SPY
2013,"Coca-Cola Enterprises, Inc.",CCEP,0.067,Holdings SPY
2013,Ralph Lauren Corp.,RL,0.067,Holdings SPY
2013,"Forest Laboratories, Inc.",ABBV,0.067,Holdings SPY
2013,"Stericycle, Inc.",WM,0.066,Holdings SPY
2013,"CA, Inc.",AVGO,0.066,Holdings SPY
2013,"Staples, Inc.",SPLS,0.066,Holdings SPY
2013,FMC Corp.,FMC,0.066,Holdings SPY
2013,"NiSource, Inc.",NI,0.064,Holdings SPY
2013,PVH Corp.,PVH,0.064,Holdings SPY
2013,"Marriott International, Inc.(Class A)",MAR,0.064,Holdings SPY
2013,"C.H. Robinson Worldwide, Inc.",CHRW,0.064,Holdings SPY
2013,"Constellation Brands, Inc.(Class A)",STZ,0.064,Holdings SPY
2013,Noble Corp.,CVX,0.064,Holdings SPY
2013,"Quest Diagnostics, Inc.",DGX,0.063,Holdings SPY
2013,Linear Technology Corp.,ADI,0.062,Holdings SPY
2013,"Rockwell Collins, Inc.",RTX,0.062,Holdings SPY
2013,"Autodesk, Inc.",ADSK,0.062,Holdings SPY
2013,Laboratory Corp. of America Holdings,LH,0.062,Holdings SPY
2013,Wisconsin Energy Corp.,WEC,0.061,Holdings SPY
2013,Teradata Corp.,TDC,0.061,Holdings SPY
2013,"Akamai Technologies, Inc.",AKAM,0.061,Holdings SPY
2013,"C.R. Bard, Inc.",BDX,0.061,Holdings SPY
2013,"Dr. Pepper Snapple Group, Inc.",KDP,0.061,Holdings SPY
2013,Waters Corp.,WAT,0.061,Holdings SPY
2013,"Republic Services, Inc.",RSG,0.061,Holdings SPY
2013,"Expeditors International of Washington, Inc.",EXPD,0.061,Holdings SPY
2013,XL Group PLC,AXA,0.061,Holdings SPY
2013,Flowserve Corp.,FLS,0.06,Holdings SPY
2013,NVIDIA Corp.,NVDA,0.06,Holdings SPY
2013,"Red Hat, Inc.",IBM,0.059,Holdings SPY
2013,"Avon Products, Inc.",NTCO,0.059,Holdings SPY
2013,"NRG Energy, Inc.",NRG,0.059,Holdings SPY
2013,"Alcoa, Inc.",AA,0.058,Holdings SPY
2013,"McCormick & Co., Inc.",MKC,0.057,Holdings SPY
2013,Leucadia National Corp.,JEF,0.057,Holdings SPY
2013,Scripps Networks Interactive (Class A),WBD,0.057,Holdings SPY
2013,Pall Corp.,DHR,0.057,Holdings SPY
2013,"L-3 Communications Holdings, Inc.",LHX,0.057,Holdings SPY
2013,Tiffany & Co.,LVMUY,0.056,Holdings SPY
2013,Ameren Corp.,AEE,0.056,Holdings SPY
2013,"Nordstrom, Inc.",JWN,0.056,Holdings SPY
2013,Wyndham Worldwide Corp.,WH,0.056,Holdings SPY
2013,Lam Research Corp.,LRCX,0.055,Holdings SPY
2013,"TripAdvisor, Inc.",TRIP,0.055,Holdings SPY
2013,The AES Corp.,AES,0.055,Holdings SPY
2013,Unum Group,UNM,0.055,Holdings SPY
2013,CareFusion Corp.,BDX,0.055,Holdings SPY
2013,Kimco Realty Corp.,KIM,0.055,Holdings SPY
2013,"PetSmart, Inc.",PETM,0.055,Holdings SPY
2013,The ADT Corp.,ADT,0.054,Holdings SPY
2013,"Varian Medical Systems, Inc.",SIE,0.054,Holdings SPY
2013,"Tyson Foods, Inc. (Class A)",TSN,0.054,Holdings SPY
2013,News Corp. (Class A),NWS,0.053,Holdings SPY
2013,Computer Sciences Corp.,DXC,0.053,Holdings SPY
2013,"Newell Rubbermaid, Inc.",NWL,0.053,Holdings SPY
2013,Edwards Lifesciences Corp.,EW,0.053,Holdings SPY
2013,Molson Coors Brewing Co.(Class B),TAP,0.053,Holdings SPY
2013,"Microchip Technology, Inc.",MCHP,0.052,Holdings SPY
2013,The Macerich Co.,MAC,0.052,Holdings SPY
2013,"Safeway, Inc.",ACI,0.051,Holdings SPY
2013,"Textron, Inc.",TXT,0.051,Holdings SPY
2013,"Electronic Arts, Inc.",EA,0.051,Holdings SPY
2013,"CONSOL Energy, Inc.",CEIX,0.051,Holdings SPY
2013,"Plum Creek Timber Co., Inc.",WY,0.051,Holdings SPY
2013,Masco Corp.,MAS,0.051,Holdings SPY
2013,Nielsen Holdings NV,NLSN,0.051,Holdings SPY
2013,"Jacobs Engineering Group, Inc.",J,0.05,Holdings SPY
2013,"The Interpublic Group of Cos., Inc.",IPG,0.049,Holdings SPY
2013,"Comerica, Inc.",CMA,0.049,Holdings SPY
2013,"Helmerich & Payne, Inc.",HP,0.049,Holdings SPY
2013,Campbell Soup Co.,CPB,0.049,Holdings SPY
2013,"Airgas, Inc.",AIQUY,0.048,Holdings SPY
2013,"Equifax, Inc.",EFX,0.048,Holdings SPY
2013,"H&R Block, Inc.",HRB,0.048,Holdings SPY
2013,Monster Beverage Corp.,MNST,0.047,Holdings SPY
2013,"Huntington Bancshares, Inc.",HBAN,0.046,Holdings SPY
2013,CMS Energy Corp.,CMS,0.046,Holdings SPY
2013,"Family Dollar Stores, Inc.",DLTR,0.046,Holdings SPY
2013,Cincinnati Financial Corp.,CINF,0.046,Holdings SPY
2013,"VeriSign, Inc.",VRSN,0.046,Holdings SPY
2013,"Denbury Resources, Inc.",XOM,0.046,Holdings SPY
2013,MeadWestvaco Corp.,SKG,0.045,Holdings SPY
2013,Torchmark Corp.,GL,0.045,Holdings SPY
2013,"F5 Networks, Inc.",FFIV,0.045,Holdings SPY
2013,Ball Corp.,BALL,0.045,Holdings SPY
2013,"International Flavors & Fragrances, Inc.",IFF,0.045,Holdings SPY
2013,Vulcan Materials Co.,VMC,0.045,Holdings SPY
2013,Harris Corp.,LHX,0.044,Holdings SPY
2013,"Hospira, Inc.",PFE,0.043,Holdings SPY
2013,"CBRE Group, Inc. (Class A)",CBRE,0.043,Holdings SPY
2013,SCANA Corp.,D,0.043,Holdings SPY
2013,"Genworth Financial, Inc. (Class A)",GNW,0.042,Holdings SPY
2013,"Gannett Co., Inc.",GCI,0.041,Holdings SPY
2013,"DENTSPLY International, Inc.",XRAY,0.041,Holdings SPY
2013,Tesoro Corp.,MPC,0.04,Holdings SPY
2013,GameStop Corp. (Class A),GME,0.04,Holdings SPY
2013,Pinnacle West Capital Corp.,PNW,0.04,Holdings SPY
2013,"Darden Restaurants, Inc.",DRI,0.04,Holdings SPY
2013,"Quanta Services, Inc.",PWR,0.039,Holdings SPY
2013,"Fossil Group, Inc.",FOSL,0.039,Holdings SPY
2013,Lennar Corp. (Class A),LEN,0.039,Holdings SPY
2013,"Snap-on, Inc.",SNA,0.039,Holdings SPY
2013,Hormel Foods Corp.,HRL,0.038,Holdings SPY
2013,"Pulte Group, Inc.",PHM,0.037,Holdings SPY
2013,"Expedia, Inc.",EXPE,0.037,Holdings SPY
2013,"Garmin, Ltd.",GRMN,0.037,Holdings SPY
2013,The Goodyear Tire & Rubber Co.,GT,0.037,Holdings SPY
2013,"Robert Half International, Inc.",RHI,0.036,Holdings SPY
2013,"AGL Resources, Inc.",SO,0.036,Holdings SPY
2013,"D.R. Horton, Inc.",DHI,0.036,Holdings SPY
2013,"Joy Global, Inc.",KMTUY,0.036,Holdings SPY
2013,"Hasbro, Inc.",HAS,0.036,Holdings SPY
2013,Cintas Corp.,CTAS,0.036,Holdings SPY
2013,"Molex, Inc.",KOCH,0.036,Holdings SPY
2013,Sealed Air Corp.,SEE,0.036,Holdings SPY
2013,"Xylem, Inc.",XYL,0.035,Holdings SPY
2013,Zions Bancorporation,ZION,0.034,Holdings SPY
2013,International Game Technology,IGT,0.033,Holdings SPY
2013,"QEP Resources, Inc.",FANG,0.033,Holdings SPY
2013,"Owens-Illinois, Inc.",OI,0.033,Holdings SPY
2013,"People’s United Financial, Inc.",MTB,0.033,Holdings SPY
2013,"Windstream Holdings, Inc.",UNIT,0.032,Holdings SPY
2013,ETRADE Financial Corp.,MS,0.031,Holdings SPY
2013,"Total System Services, Inc.",GPN,0.031,Holdings SPY
2013,Peabody Energy Corp.,BTU,0.031,Holdings SPY
2013,"Pepco Holdings, Inc.",EXC,0.031,Holdings SPY
2013,"FLIR Systems, Inc.",TDY,0.03,Holdings SPY
2013,"Harman International Industries, Inc.",SMSN,0.03,Holdings SPY
2013,Rowan Companies PLC (Class A),VAL,0.03,Holdings SPY
2013,"Iron Mountain, Inc.",IRM,0.03,Holdings SPY
2013,"Integrys Energy Group, Inc.",WEC,0.029,Holdings SPY
2013,Avery Dennison Corp.,AVY,0.029,Holdings SPY
2013,"Diamond Offshore Drilling, Inc.",NE,0.029,Holdings SPY
2013,"Leggett & Platt, Inc.",LEG,0.029,Holdings SPY
2013,LSI Corp.,AVGO,0.029,Holdings SPY
2013,Tenet Healthcare Corp.,THC,0.029,Holdings SPY
2013,"Hudson City Bancorp, Inc.",MTB,0.029,Holdings SPY
2013,"Assurant, Inc.",AIZ,0.028,Holdings SPY
2013,Dun & Bradstreet Corp.,DNB,0.028,Holdings SPY
2013,"PerkinElmer, Inc.",RVTY,0.028,Holdings SPY
2013,"Nabors Industries, Ltd.",NBR,0.028,Holdings SPY
2013,Frontier Communications Corp.,VZ,0.028,Holdings SPY
2013,Apartment Investment & Management Co. (Class A),AIV,0.027,Holdings SPY
2013,"Urban Outfitters, Inc.",URBN,0.027,Holdings SPY
2013,"Jabil Circuit, Inc.",JBL,0.027,Holdings SPY
2013,"Bemis Co., Inc.",AMBP,0.026,Holdings SPY
2013,"WPX Energy, Inc.",DVN,0.026,Holdings SPY
2013,"Legg Mason, Inc.",BEN,0.026,Holdings SPY
2013,"The NASDAQ OMX Group, Inc.",NDAQ,0.025,Holdings SPY
2013,Newfield Exploration Co.,OVV,0.025,Holdings SPY
2013,Cablevision Systems Corp. (Class A),OPTU,0.024,Holdings SPY
2013,"Pitney Bowes, Inc.",PBI,0.024,Holdings SPY
2013,JDS Uniphase Corp.,VIAV,0.023,Holdings SPY
2013,"Patterson Cos., Inc.",PDCO,0.022,Holdings SPY
2013,"TECO Energy, Inc.",EMA,0.022,Holdings SPY
2013,"AutoNation, Inc.",AN,0.022,Holdings SPY
2013,"Allegheny Technologies, Inc.",ATI,0.022,Holdings SPY
2013,"Teradyne, Inc.",TER,0.021,Holdings SPY
2013,"Cliffs Natural Resources, Inc.",CLF,0.021,Holdings SPY
2013,"Ryder System, Inc.",R,0.021,Holdings SPY
2013,United States Steel Corp.,X,0.019,Holdings SPY
2013,Abercrombie & Fitch Co. (Class A),ANF,0.019,Holdings SPY
2013,The Washington Post Co.(Class B),GHC,0.019,Holdings SPY
2013,"J.C. Penney Co., Inc.",CPPRQ,0.018,Holdings SPY
2013,"First Solar, Inc.",FSLR,0.018,Holdings SPY
2014,"Apple, Inc.",AAPL,3.445,Holdings SPY
2014,Exxon Mobil Corp.,XOM,2.29,Holdings SPY
2014,Microsoft Corp.,MSFT,2.179,Holdings SPY
2014,Johnson & Johnson,JNJ,1.716,Holdings SPY
2014,General Electric Co.,GE,1.467,Holdings SPY
2014,"Berkshire Hathaway, Inc. (Class B)",BRK.B,1.438,Holdings SPY
2014,Wells Fargo & Co.,WFC,1.407,Holdings SPY
2014,JPMorgan Chase & Co.,JPM,1.294,Holdings SPY
2014,Chevron Corp.,CVX,1.294,Holdings SPY
2014,The Procter & Gamble Co.,PG,1.294,Holdings SPY
2014,"Verizon Communications, Inc.",VZ,1.183,Holdings SPY
2014,"Pfizer, Inc.",PFE,1.071,Holdings SPY
2014,"AT&T, Inc.",T,1.044,Holdings SPY
2014,Bank of America Corp.,BAC,1.025,Holdings SPY
2014,International Business Machines Corp.,IBM,1.006,Holdings SPY
2014,Intel Corp.,INTC,0.984,Holdings SPY
2014,"Merck & Co., Inc.",MRK,0.976,Holdings SPY
2014,The Coca-Cola Co.,KO,0.961,Holdings SPY
2014,"Google, Inc. (Class A)",GOOGL,0.954,Holdings SPY
2014,"Google, Inc. (Class C)",GOOGL,0.936,Holdings SPY
2014,"Gilead Sciences, Inc.",GILD,0.919,Holdings SPY
2014,"Citigroup, Inc.",C,0.897,Holdings SPY
2014,"Facebook, Inc. (Class A)",META,0.879,Holdings SPY
2014,The Walt Disney Co.,DIS,0.803,Holdings SPY
2014,"PepsiCo, Inc.",PEP,0.801,Holdings SPY
2014,Comcast Corp. (Class A),CMCSA,0.795,Holdings SPY
2014,"Schlumberger, Ltd.",SLB,0.753,Holdings SPY
2014,"Philip Morris International, Inc.",PM,0.744,Holdings SPY
2014,"Cisco Systems, Inc.",CSCO,0.733,Holdings SPY
2014,"QUALCOMM, Inc.",QCOM,0.716,Holdings SPY
2014,Oracle Corp.,ORCL,0.711,Holdings SPY
2014,"The Home Depot, Inc.",HD,0.705,Holdings SPY
2014,"Amazon.com, Inc.",AMZN,0.697,Holdings SPY
2014,"Wal-Mart Stores, Inc.",WMT,0.69,Holdings SPY
2014,"Amgen, Inc.",AMGN,0.609,Holdings SPY
2014,"Visa, Inc. (Class A)",V,0.6,Holdings SPY
2014,Union Pacific Corp.,UNP,0.556,Holdings SPY
2014,ConocoPhillips,COP,0.536,Holdings SPY
2014,McDonald’s Corp.,MCD,0.532,Holdings SPY
2014,CVS Health Corp.,CVS,0.526,Holdings SPY
2014,"AbbVie, Inc.",ABBV,0.524,Holdings SPY
2014,3M Co.,MMM,0.524,Holdings SPY
2014,"Altria Group, Inc.",MO,0.52,Holdings SPY
2014,United Technologies Corp.,UAL,0.513,Holdings SPY
2014,The Boeing Co.,BA,0.488,Holdings SPY
2014,Bristol-Myers Squibb Co.,BMY,0.484,Holdings SPY
2014,"UnitedHealth Group, Inc.",UNH,0.479,Holdings SPY
2014,American Express Co.,AXP,0.45,Holdings SPY
2014,"Biogen Idec, Inc.",BIIB,0.446,Holdings SPY
2014,"American International Group, Inc.",AIG,0.44,Holdings SPY
2014,Celgene Corp.,BMY,0.433,Holdings SPY
2014,U.S. Bancorp,USB,0.43,Holdings SPY
2014,"The Goldman Sachs Group, Inc.",GS,0.43,Holdings SPY
2014,Occidental Petroleum Corp.,OXY,0.428,Holdings SPY
2014,"Honeywell International, Inc.",HON,0.416,Holdings SPY
2014,"MasterCard, Inc. (Class A)",MA,0.415,Holdings SPY
2014,"United Parcel Service, Inc. (Class B)",UPS,0.396,Holdings SPY
2014,Hewlett-Packard Co.,HPQ,0.379,Holdings SPY
2014,E. I. du Pont de Nemours & Co.,DD,0.376,Holdings SPY
2014,"Twenty-First Century Fox, Inc. (Class A)",DIS,0.369,Holdings SPY
2014,"Time Warner, Inc.",WBD,0.367,Holdings SPY
2014,"eBay, Inc.",EBAY,0.365,Holdings SPY
2014,Actavis PLC,ABBV,0.364,Holdings SPY
2014,Eli Lilly & Co.,LLY,0.364,Holdings SPY
2014,"NIKE, Inc. (Class B)",NKE,0.358,Holdings SPY
2014,Abbott Laboratories,ABT,0.357,Holdings SPY
2014,"Caterpillar, Inc.",CAT,0.355,Holdings SPY
2014,"Medtronic, Inc.",MDT,0.347,Holdings SPY
2014,"priceline.com, Inc.",BKNG,0.346,Holdings SPY
2014,"MetLife, Inc.",MET,0.345,Holdings SPY
2014,EMC Corp.,DELL,0.339,Holdings SPY
2014,Monsanto Co.,BAYRY,0.337,Holdings SPY
2014,The Dow Chemical Co.,DOW,0.336,Holdings SPY
2014,"Mondelez International, Inc. (Class A)",MDLZ,0.33,Holdings SPY
2014,Ford Motor Co.,F,0.328,Holdings SPY
2014,Starbucks Corp.,SBUX,0.324,Holdings SPY
2014,Colgate-Palmolive Co.,CL,0.32,Holdings SPY
2014,Halliburton Co.,HAL,0.313,Holdings SPY
2014,Costco Wholesale Corp.,COST,0.313,Holdings SPY
2014,"EOG Resources, Inc.",EOG,0.309,Holdings SPY
2014,"Allergan, Inc.",ABBV,0.302,Holdings SPY
2014,Morgan Stanley,MS,0.302,Holdings SPY
2014,Duke Energy Corp.,DUK,0.302,Holdings SPY
2014,Express Scripts Holding Co.,CI,0.301,Holdings SPY
2014,"Lowe’s Cos., Inc.",LOW,0.298,Holdings SPY
2014,Walgreen Co.,WBA,0.297,Holdings SPY
2014,Accenture PLC (Class A),ACN,0.294,Holdings SPY
2014,Anadarko Petroleum Corp.,OXY,0.292,Holdings SPY
2014,"Simon Property Group, Inc.",SPG,0.292,Holdings SPY
2014,"Texas Instruments, Inc.",TXN,0.291,Holdings SPY
2014,Lockheed Martin Corp.,LMT,0.282,Holdings SPY
2014,"Thermo Fisher Scientific, Inc.",TMO,0.277,Holdings SPY
2014,Danaher Corp.,DHR,0.264,Holdings SPY
2014,"PNC Financial Services Group, Inc.",PNC,0.264,Holdings SPY
2014,LyondellBasell Industries NV (Class A),LYB,0.264,Holdings SPY
2014,Capital One Financial Corp.,COF,0.262,Holdings SPY
2014,Phillips 66,PSX,0.26,Holdings SPY
2014,McKesson Corp.,MCK,0.257,Holdings SPY
2014,Emerson Electric Co.,EMR,0.251,Holdings SPY
2014,The Bank of New York Mellon Corp.,BK,0.25,Holdings SPY
2014,DIRECTV,T,0.248,Holdings SPY
2014,General Motors Co.,GM,0.246,Holdings SPY
2014,FedEx Corp.,FDX,0.245,Holdings SPY
2014,"BlackRock, Inc.",BLK,0.236,Holdings SPY
2014,"TJX Cos., Inc.",TJX,0.234,Holdings SPY
2014,"NextEra Energy, Inc.",NEE,0.234,Holdings SPY
2014,"Prudential Financial, Inc.",PRU,0.231,Holdings SPY
2014,General Dynamics Corp.,GD,0.231,Holdings SPY
2014,Kimberly-Clark Corp.,KMB,0.23,Holdings SPY
2014,"Dominion Resources, Inc.",D,0.229,Holdings SPY
2014,"Time Warner Cable, Inc.",CHTR,0.228,Holdings SPY
2014,Target Corp.,TGT,0.227,Holdings SPY
2014,Southern Co.,SO,0.223,Holdings SPY
2014,Covidien PLC,MDT,0.223,Holdings SPY
2014,"Baxter International, Inc.",BAX,0.222,Holdings SPY
2014,"Yahoo!, Inc.",YHOO,0.215,Holdings SPY
2014,"Praxair, Inc.",LIN,0.215,Holdings SPY
2014,"The Williams Cos., Inc.",WMB,0.213,Holdings SPY
2014,American Tower Corp.,AMT,0.212,Holdings SPY
2014,"Micron Technology, Inc.",MU,0.209,Holdings SPY
2014,Apache Corp.,APA,0.205,Holdings SPY
2014,"ACE, Ltd.",CB,0.202,Holdings SPY
2014,"Automatic Data Processing, Inc.",ADP,0.201,Holdings SPY
2014,Norfolk Southern Corp.,NSC,0.197,Holdings SPY
2014,Precision Castparts Corp.,BRK.B,0.194,Holdings SPY
2014,"Freeport-McMoRan, Inc.",FCX,0.193,Holdings SPY
2014,The Charles Schwab Corp.,SCHW,0.193,Holdings SPY
2014,"Kraft Foods Group, Inc.",KHC,0.191,Holdings SPY
2014,"Salesforce.com, Inc.",CRM,0.189,Holdings SPY
2014,Archer-Daniels-Midland Co.,ADM,0.188,Holdings SPY
2014,"WellPoint, Inc.",ELV,0.187,Holdings SPY
2014,"Adobe Systems, Inc.",ADBE,0.187,Holdings SPY
2014,"Alexion Pharmaceuticals, Inc.",AZN,0.186,Holdings SPY
2014,"National-Oilwell Varco, Inc.",NOV,0.186,Holdings SPY
2014,CSX Corp.,CSX,0.184,Holdings SPY
2014,"The Travelers Cos., Inc.",TRV,0.182,Holdings SPY
2014,Raytheon Co.,RTX,0.182,Holdings SPY
2014,"Yum! Brands, Inc.",YUM,0.182,Holdings SPY
2014,State Street Corp.(d),STT,0.178,Holdings SPY
2014,"General Mills, Inc.",GIS,0.177,Holdings SPY
2014,"Ecolab, Inc.",ECL,0.176,Holdings SPY
2014,"Illinois Tool Works, Inc.",ITW,0.176,Holdings SPY
2014,"Delta Air Lines, Inc.",DAL,0.175,Holdings SPY
2014,Eaton Corp. PLC,ETN,0.172,Holdings SPY
2014,Discover Financial Services,COF,0.17,Holdings SPY
2014,Deere & Co.,DE,0.168,Holdings SPY
2014,"Viacom, Inc. (Class B)",PSKY,0.167,Holdings SPY
2014,Exelon Corp.,EXC,0.167,Holdings SPY
2014,"Johnson Controls, Inc.",JCI,0.166,Holdings SPY
2014,"Aetna, Inc.",CVS,0.164,Holdings SPY
2014,"Marsh & McLennan Cos., Inc.",MRSH,0.163,Holdings SPY
2014,"Baker Hughes, Inc.",BKR,0.162,Holdings SPY
2014,Pioneer Natural Resources Co.,XOM,0.161,Holdings SPY
2014,Northrop Grumman Corp.,NOC,0.156,Holdings SPY
2014,Cognizant Technology Solutions Corp. (Class A),CTSH,0.156,Holdings SPY
2014,"PPG Industries, Inc.",PPG,0.155,Holdings SPY
2014,"Netflix, Inc.",NFLX,0.155,Holdings SPY
2014,Crown Castle International Corp.,CCI,0.153,Holdings SPY
2014,"Vertex Pharmaceuticals, Inc.",VRTX,0.153,Holdings SPY
2014,BB&T Corp.,TFC,0.153,Holdings SPY
2014,The Allstate Corp.,ALL,0.152,Holdings SPY
2014,"Regeneron Pharmaceuticals, Inc.",REGN,0.152,Holdings SPY
2014,"AFLAC, Inc.",AFL,0.151,Holdings SPY
2014,Spectra Energy Corp.,ENB,0.15,Holdings SPY
2014,"Applied Materials, Inc.",AMAT,0.15,Holdings SPY
2014,Devon Energy Corp.,DVN,0.15,Holdings SPY
2014,CBS Corp. (Class B),PSKY,0.149,Holdings SPY
2014,"American Electric Power Co., Inc.",AEP,0.145,Holdings SPY
2014,Aon PLC,AON,0.145,Holdings SPY
2014,The Kroger Co.,KR,0.145,Holdings SPY
2014,Marathon Oil Corp.,COP,0.145,Holdings SPY
2014,"CME Group, Inc.",CME,0.144,Holdings SPY
2014,"Kinder Morgan, Inc.",KMI,0.144,Holdings SPY
2014,"Cardinal Health, Inc.",CAH,0.144,Holdings SPY
2014,"Corning, Inc.",GLW,0.144,Holdings SPY
2014,"Air Products & Chemicals, Inc.",APD,0.143,Holdings SPY
2014,Hess Corp.,CVX,0.142,Holdings SPY
2014,"Intuit, Inc.",INTU,0.141,Holdings SPY
2014,Valero Energy Corp.,VLO,0.141,Holdings SPY
2014,"Noble Energy, Inc.",CVX,0.14,Holdings SPY
2014,Sempra Energy,SRE,0.139,Holdings SPY
2014,Stryker Corp.,SYK,0.138,Holdings SPY
2014,"Public Storage, Inc.",PSA,0.137,Holdings SPY
2014,Marathon Petroleum Corp.,MPC,0.137,Holdings SPY
2014,CIGNA Corp.,CI,0.137,Holdings SPY
2014,"CenturyLink, Inc.",LUMN,0.134,Holdings SPY
2014,Southwest Airlines Co.,LUV,0.132,Holdings SPY
2014,"Ameriprise Financial, Inc.",AMP,0.132,Holdings SPY
2014,"The McGraw-Hill Cos., Inc.",SPGI,0.131,Holdings SPY
2014,"Cummins, Inc.",CMI,0.13,Holdings SPY
2014,V.F. Corp.,VFC,0.13,Holdings SPY
2014,"TE Connectivity, Ltd.",TEL,0.129,Holdings SPY
2014,Equity Residential,EQR,0.127,Holdings SPY
2014,SanDisk Corp.,WDC,0.126,Holdings SPY
2014,"Intercontinental Exchange, Inc.(c)",ICE,0.126,Holdings SPY
2014,Sysco Corp.,SYY,0.126,Holdings SPY
2014,"Becton, Dickinson & Co.",BDX,0.125,Holdings SPY
2014,Chubb Corp.,CB,0.125,Holdings SPY
2014,"Avago Technologies, Ltd.",AVGO,0.125,Holdings SPY
2014,PPL Corp.,PPL,0.124,Holdings SPY
2014,Broadcom Corp. (Class A),AVGO,0.124,Holdings SPY
2014,"Lorillard, Inc.",BAT,0.123,Holdings SPY
2014,"Franklin Resources, Inc.",BEN,0.123,Holdings SPY
2014,Western Digital Corp.,WDC,0.122,Holdings SPY
2014,PG&E Corp.,PCG,0.121,Holdings SPY
2014,"Chipotle Mexican Grill, Inc.",CMG,0.118,Holdings SPY
2014,"Waste Management, Inc.",WM,0.117,Holdings SPY
2014,"Macy’s, Inc.",M,0.117,Holdings SPY
2014,"T. Rowe Price Group, Inc.",TROW,0.117,Holdings SPY
2014,International Paper Co.,IP,0.116,Holdings SPY
2014,"Health Care REIT, Inc.",PEAK,0.115,Holdings SPY
2014,"SunTrust Banks, Inc.",TFC,0.115,Holdings SPY
2014,"PACCAR, Inc.",PCAR,0.115,Holdings SPY
2014,"Humana, Inc.",HUM,0.115,Holdings SPY
2014,Perrigo Co. PLC,PRGO,0.114,Holdings SPY
2014,"Tyco International, Ltd.",JCI,0.113,Holdings SPY
2014,Mead Johnson Nutrition Co.,RKT,0.11,Holdings SPY
2014,"Agilent Technologies, Inc.",A,0.108,Holdings SPY
2014,"ProLogis, Inc.",PLD,0.108,Holdings SPY
2014,"Alcoa, Inc.",AA,0.107,Holdings SPY
2014,Seagate Technology PLC,STX,0.107,Holdings SPY
2014,"Public Service Enterprise Group, Inc.",PEG,0.107,Holdings SPY
2014,Dollar General Corp.,DG,0.106,Holdings SPY
2014,"AvalonBay Communities, Inc.",AVB,0.106,Holdings SPY
2014,Delphi Automotive PLC,APTV,0.105,Holdings SPY
2014,"Reynolds American, Inc.",BTI,0.105,Holdings SPY
2014,"Zoetis, Inc.",ZTS,0.105,Holdings SPY
2014,Sherwin-Williams Co.,SHW,0.104,Holdings SPY
2014,"HCP, Inc.",PEAK,0.104,Holdings SPY
2014,"Ventas, Inc.",VTR,0.103,Holdings SPY
2014,Carnival Corp.,CCL,0.103,Holdings SPY
2014,Edison International,EIX,0.103,Holdings SPY
2014,Cerner Corp.,ORCL,0.103,Holdings SPY
2014,Moody’s Corp.,MCO,0.102,Holdings SPY
2014,"Boston Properties, Inc.",BXP,0.101,Holdings SPY
2014,Vornado Realty Trust,VNO,0.099,Holdings SPY
2014,"Omnicom Group, Inc.",OMC,0.099,Holdings SPY
2014,Nucor Corp.,NUE,0.098,Holdings SPY
2014,"Invesco, Ltd.",IVZ,0.097,Holdings SPY
2014,"St. Jude Medical, Inc.",ABT,0.097,Holdings SPY
2014,Parker-Hannifin Corp.,PH,0.097,Holdings SPY
2014,"Zimmer Holdings, Inc.",ZBH,0.097,Holdings SPY
2014,"Mylan, Inc.",VTRS,0.096,Holdings SPY
2014,"The Estee Lauder Cos., Inc. (Class A)",EL,0.096,Holdings SPY
2014,Weyerhaeuser Co.,WY,0.096,Holdings SPY
2014,Fifth Third Bancorp,FITB,0.095,Holdings SPY
2014,"Autozone, Inc.",AZO,0.095,Holdings SPY
2014,"Hartford Financial Services Group, Inc.",HIG,0.095,Holdings SPY
2014,"Intuitive Surgical, Inc.",ISRG,0.095,Holdings SPY
2014,"Consolidated Edison, Inc.",ED,0.094,Holdings SPY
2014,AmerisourceBergen Corp.,COR,0.094,Holdings SPY
2014,"L Brands, Inc.",VSCO,0.094,Holdings SPY
2014,"Fidelity National Information Services, Inc.",FIS,0.093,Holdings SPY
2014,Symantec Corp.,GEN,0.093,Holdings SPY
2014,Sigma-Aldrich Corp.,MRK.DE,0.092,Holdings SPY
2014,"Fiserv, Inc.",FISV,0.092,Holdings SPY
2014,M & T Bank Corp.,MTB,0.092,Holdings SPY
2014,"Host Hotels & Resorts, Inc.",HST,0.092,Holdings SPY
2014,"Ross Stores, Inc.",ROST,0.091,Holdings SPY
2014,"Keurig Green Mountain, Inc.",KDP,0.091,Holdings SPY
2014,"Starwood Hotels & Resorts Worldwide, Inc.",MAR,0.09,Holdings SPY
2014,Kellogg Co.,KLG,0.09,Holdings SPY
2014,Amphenol Corp. (Class A),APH,0.089,Holdings SPY
2014,Boston Scientific Corp.,BSX,0.089,Holdings SPY
2014,"O’Reilly Automotive, Inc.",ORLY,0.089,Holdings SPY
2014,"W.W. Grainger, Inc.",GWW,0.088,Holdings SPY
2014,"Analog Devices, Inc.",ADI,0.088,Holdings SPY
2014,"Xcel Energy, Inc.",XEL,0.087,Holdings SPY
2014,"Marriott International, Inc. (Class A)",MAR,0.087,Holdings SPY
2014,Northern Trust Corp.,NTRS,0.087,Holdings SPY
2014,"Wynn Resorts, Ltd.",WYNN,0.086,Holdings SPY
2014,"Rockwell Automation, Inc.",ROK,0.086,Holdings SPY
2014,Ingersoll-Rand PLC,IR,0.086,Holdings SPY
2014,"General Growth Properties, Inc.",BP,0.084,Holdings SPY
2014,"Constellation Brands, Inc. (Class A)",STZ,0.084,Holdings SPY
2014,"Roper Industries, Inc.",ROP,0.083,Holdings SPY
2014,"Michael Kors Holdings, Ltd.",TPR,0.083,Holdings SPY
2014,Brown-Forman Corp. (Class B),BF.B,0.083,Holdings SPY
2014,"Paychex, Inc.",PAYX,0.082,Holdings SPY
2014,The Mosaic Co.,MOS,0.082,Holdings SPY
2014,Xerox Corp.,XRX,0.082,Holdings SPY
2014,"Principal Financial Group, Inc.",PFG,0.081,Holdings SPY
2014,"Motorola Solutions, Inc.",MSI,0.081,Holdings SPY
2014,The Hershey Co.,HSY,0.081,Holdings SPY
2014,Lincoln National Corp.,LNC,0.081,Holdings SPY
2014,FirstEnergy Corp.,FE,0.08,Holdings SPY
2014,EQT Corp.,EQT,0.079,Holdings SPY
2014,"CF Industries Holdings, Inc.",CF,0.079,Holdings SPY
2014,Entergy Corp.,ETR,0.079,Holdings SPY
2014,Regions Financial Corp.,RF,0.079,Holdings SPY
2014,Northeast Utilities,ES,0.079,Holdings SPY
2014,The Progressive Corp.,PGR,0.079,Holdings SPY
2014,"ConAgra Foods, Inc.",CAG,0.079,Holdings SPY
2014,Alliance Data Systems Corp.,BFH,0.079,Holdings SPY
2014,"Whole Foods Market, Inc.",AMZN,0.079,Holdings SPY
2014,"Stanley Black & Decker, Inc.",SWK,0.078,Holdings SPY
2014,"NetApp, Inc.",NTAP,0.078,Holdings SPY
2014,Cabot Oil & Gas Corp.,CTRA,0.078,Holdings SPY
2014,"Oneok, Inc.",OKE,0.078,Holdings SPY
2014,Dover Corp.,DOV,0.077,Holdings SPY
2014,Cameron International Corp.,SLB,0.077,Holdings SPY
2014,"Bed Bath & Beyond, Inc.",BBBY,0.077,Holdings SPY
2014,Nielsen Holdings NV,NLSN,0.077,Holdings SPY
2014,Genuine Parts Co.,GPC,0.077,Holdings SPY
2014,DTE Energy Co.,DTE,0.076,Holdings SPY
2014,Kansas City Southern,CP,0.076,Holdings SPY
2014,Monster Beverage Corp.,MNST,0.075,Holdings SPY
2014,KLA-Tencor Corp.,KLAC,0.074,Holdings SPY
2014,"Harley-Davidson, Inc.",HOG,0.073,Holdings SPY
2014,"NiSource, Inc.",NI,0.073,Holdings SPY
2014,"FMC Technologies, Inc.",FMC,0.073,Holdings SPY
2014,Loews Corp.,L,0.072,Holdings SPY
2014,Pentair PLC,PNR,0.072,Holdings SPY
2014,"DaVita, Inc.",DVA,0.072,Holdings SPY
2014,"Autodesk, Inc.",ADSK,0.072,Holdings SPY
2014,"Dr. Pepper Snapple Group, Inc.",KDP,0.072,Holdings SPY
2014,Kohl’s Corp.,KSS,0.071,Holdings SPY
2014,Clorox Co.,CLX,0.07,Holdings SPY
2014,"AMETEK, Inc.",AME,0.07,Holdings SPY
2014,Southwestern Energy Co.,CHK,0.07,Holdings SPY
2014,Fastenal Co.,FAST,0.069,Holdings SPY
2014,Lam Research Corp.,LRCX,0.069,Holdings SPY
2014,Eastman Chemical Co.,EMN,0.069,Holdings SPY
2014,"BorgWarner, Inc.",BWA,0.069,Holdings SPY
2014,Chesapeake Energy Corp.,CHK,0.068,Holdings SPY
2014,KeyCorp,KEY,0.068,Holdings SPY
2014,Molson Coors Brewing Co. (Class B),TAP,0.067,Holdings SPY
2014,"Citrix Systems, Inc.",CTXS,0.066,Holdings SPY
2014,"Dollar Tree, Inc.",DLTR,0.066,Holdings SPY
2014,"Tyson Foods, Inc. (Class A)",TSN,0.066,Holdings SPY
2014,"Under Armour, Inc. (Class A)",UA,0.066,Holdings SPY
2014,Range Resources Corp.,RRC,0.065,Holdings SPY
2014,"The Gap, Inc.",GAP,0.065,Holdings SPY
2014,Newmont Mining Corp.,NEM,0.065,Holdings SPY
2014,Whirlpool Corp.,WHR,0.065,Holdings SPY
2014,"Xilinx, Inc.",AMD,0.065,Holdings SPY
2014,"Electronic Arts, Inc.",EA,0.064,Holdings SPY
2014,"Essex Property Trust, Inc.",ESS,0.064,Holdings SPY
2014,Altera Corp.,ALTR,0.063,Holdings SPY
2014,"Affiliated Managers Group, Inc.",AMG,0.063,Holdings SPY
2014,Cimarex Energy Co.,CTRA,0.062,Holdings SPY
2014,"Transocean, Ltd.",RIG,0.062,Holdings SPY
2014,Edwards Lifesciences Corp.,EW,0.062,Holdings SPY
2014,Tiffany & Co.,LVMUY,0.061,Holdings SPY
2014,"C.R. Bard, Inc.",BDX,0.061,Holdings SPY
2014,"Helmerich & Payne, Inc.",HP,0.06,Holdings SPY
2014,"Red Hat, Inc.",IBM,0.06,Holdings SPY
2014,"Akamai Technologies, Inc.",AKAM,0.06,Holdings SPY
2014,"United Rentals, Inc.",URI,0.06,Holdings SPY
2014,"Rockwell Collins, Inc.",RTX,0.06,Holdings SPY
2014,Fluor Corp.,FLR,0.06,Holdings SPY
2014,Linear Technology Corp.,ADI,0.06,Holdings SPY
2014,"CenterPoint Energy, Inc.",CNP,0.06,Holdings SPY
2014,"Mattel, Inc.",MAT,0.059,Holdings SPY
2014,The JM Smucker Co.,SJM,0.059,Holdings SPY
2014,Mallinckrodt PLC,MNK,0.059,Holdings SPY
2014,"CarMax, Inc.",KMX,0.059,Holdings SPY
2014,"NRG Energy, Inc.",NRG,0.059,Holdings SPY
2014,Wyndham Worldwide Corp.,WH,0.058,Holdings SPY
2014,"L-3 Communications Holdings, Inc.",LHX,0.058,Holdings SPY
2014,"Discovery Communications, Inc.(Class C)",WBD,0.058,Holdings SPY
2014,"Textron, Inc.",TXT,0.058,Holdings SPY
2014,"TripAdvisor, Inc.",TRIP,0.057,Holdings SPY
2014,"Coca-Cola Enterprises, Inc.",CCEP,0.057,Holdings SPY
2014,"C.H. Robinson Worldwide, Inc.",CHRW,0.057,Holdings SPY
2014,Ralph Lauren Corp.,RL,0.057,Holdings SPY
2014,PVH Corp.,PVH,0.057,Holdings SPY
2014,"Stericycle, Inc.",WM,0.057,Holdings SPY
2014,"Coach, Inc.",TPR,0.057,Holdings SPY
2014,"Republic Services, Inc.",RSG,0.056,Holdings SPY
2014,Flowserve Corp.,FLS,0.056,Holdings SPY
2014,"Best Buy Co., Inc.",BBY,0.056,Holdings SPY
2014,"Nordstrom, Inc.",JWN,0.055,Holdings SPY
2014,Wisconsin Energy Corp.,WEC,0.055,Holdings SPY
2014,Murphy Oil Corp.,MUR,0.055,Holdings SPY
2014,Ensco PLC (Class A),VAL,0.055,Holdings SPY
2014,NVIDIA Corp.,NVDA,0.054,Holdings SPY
2014,"Universal Health Services, Inc. (Class B)",UHS,0.054,Holdings SPY
2014,"Newell Rubbermaid, Inc.",NWL,0.054,Holdings SPY
2014,"Microchip Technology, Inc.",MCHP,0.053,Holdings SPY
2014,The AES Corp.,AES,0.053,Holdings SPY
2014,Ameren Corp.,AEE,0.053,Holdings SPY
2014,Pall Corp.,DHR,0.053,Holdings SPY
2014,CareFusion Corp.,BDX,0.052,Holdings SPY
2014,"Comerica, Inc.",CMA,0.052,Holdings SPY
2014,"CA, Inc.",AVGO,0.052,Holdings SPY
2014,XL Group PLC,AXA,0.051,Holdings SPY
2014,"Equifax, Inc.",EFX,0.051,Holdings SPY
2014,"F5 Networks, Inc.",FFIV,0.051,Holdings SPY
2014,Unum Group,UNM,0.051,Holdings SPY
2014,Computer Sciences Corp.,DXC,0.051,Holdings SPY
2014,"Juniper Networks, Inc.",HPE,0.051,Holdings SPY
2014,The Macerich Co.,MAC,0.051,Holdings SPY
2014,Kimco Realty Corp.,KIM,0.051,Holdings SPY
2014,Laboratory Corp. of America Holdings,LH,0.051,Holdings SPY
2014,"McCormick & Co., Inc.",MKC,0.05,Holdings SPY
2014,"Quest Diagnostics, Inc.",DGX,0.05,Holdings SPY
2014,Ball Corp.,BALL,0.05,Holdings SPY
2014,"Expedia, Inc.",EXPE,0.05,Holdings SPY
2014,"Hospira, Inc.",PFE,0.049,Holdings SPY
2014,"CONSOL Energy, Inc.",CEIX,0.049,Holdings SPY
2014,Tractor Supply Co.,TSCO,0.049,Holdings SPY
2014,Masco Corp.,MAS,0.049,Holdings SPY
2014,The Western Union Co.,WU,0.049,Holdings SPY
2014,"Varian Medical Systems, Inc.",SIE,0.048,Holdings SPY
2014,"H&R Block, Inc.",HRB,0.048,Holdings SPY
2014,Waters Corp.,WAT,0.048,Holdings SPY
2014,"CBRE Group, Inc. (Class A)",CBRE,0.047,Holdings SPY
2014,"Mohawk Industries, Inc.",MHK,0.047,Holdings SPY
2014,Scripps Networks Interactive (Class A),WBD,0.046,Holdings SPY
2014,News Corp. (Class A),NWS,0.046,Holdings SPY
2014,"Huntington Bancshares, Inc.",HBAN,0.046,Holdings SPY
2014,Tesoro Corp.,MPC,0.046,Holdings SPY
2014,CMS Energy Corp.,CMS,0.046,Holdings SPY
2014,"Staples, Inc.",SPLS,0.045,Holdings SPY
2014,"Expeditors International of Washington, Inc.",EXPD,0.045,Holdings SPY
2014,"Quanta Services, Inc.",PWR,0.045,Holdings SPY
2014,"Safeway, Inc.",ACI,0.045,Holdings SPY
2014,"Martin Marietta Materials, Inc.",MLM,0.044,Holdings SPY
2014,"International Flavors & Fragrances, Inc.",IFF,0.044,Holdings SPY
2014,"The Interpublic Group of Cos., Inc.",IPG,0.044,Holdings SPY
2014,Vulcan Materials Co.,VMC,0.044,Holdings SPY
2014,Navient Corp.,NAVI,0.044,Holdings SPY
2014,Campbell Soup Co.,CPB,0.044,Holdings SPY
2014,FMC Corp.,FMC,0.043,Holdings SPY
2014,Leucadia National Corp.,JEF,0.042,Holdings SPY
2014,"Family Dollar Stores, Inc.",DLTR,0.042,Holdings SPY
2014,Sealed Air Corp.,SEE,0.042,Holdings SPY
2014,"Airgas, Inc.",AIQUY,0.042,Holdings SPY
2014,"PetSmart, Inc.",PETM,0.041,Holdings SPY
2014,Cintas Corp.,CTAS,0.04,Holdings SPY
2014,Harris Corp.,LHX,0.04,Holdings SPY
2014,"Snap-on, Inc.",SNA,0.04,Holdings SPY
2014,Torchmark Corp.,GL,0.04,Holdings SPY
2014,Hormel Foods Corp.,HRL,0.039,Holdings SPY
2014,SCANA Corp.,D,0.039,Holdings SPY
2014,Cincinnati Financial Corp.,CINF,0.039,Holdings SPY
2014,MeadWestvaco Corp.,SKG,0.039,Holdings SPY
2014,"Plum Creek Timber Co., Inc.",WY,0.039,Holdings SPY
2014,"D.R. Horton, Inc.",DHI,0.039,Holdings SPY
2014,Lennar Corp. (Class A),LEN,0.039,Holdings SPY
2014,"Robert Half International, Inc.",RHI,0.038,Holdings SPY
2014,"Gannett Co., Inc.",GCI,0.038,Holdings SPY
2014,"Darden Restaurants, Inc.",DRI,0.038,Holdings SPY
2014,"Pepco Holdings, Inc.",EXC,0.038,Holdings SPY
2014,"Nabors Industries, Ltd.",NBR,0.038,Holdings SPY
2014,"Harman International Industries, Inc.",SMSN,0.038,Holdings SPY
2014,Teradata Corp.,TDC,0.037,Holdings SPY
2014,"Xylem, Inc.",XYL,0.037,Holdings SPY
2014,Frontier Communications Corp.,VZ,0.037,Holdings SPY
2014,"DENTSPLY International, Inc.",XRAY,0.037,Holdings SPY
2014,"Genworth Financial, Inc. (Class A)",GNW,0.037,Holdings SPY
2014,ETRADE Financial Corp.,MS,0.037,Holdings SPY
2014,The ADT Corp.,ADT,0.037,Holdings SPY
2014,"Jacobs Engineering Group, Inc.",J,0.037,Holdings SPY
2014,"Garmin, Ltd.",GRMN,0.036,Holdings SPY
2014,"Windstream Holdings, Inc.",UNIT,0.036,Holdings SPY
2014,"Hasbro, Inc.",HAS,0.036,Holdings SPY
2014,"VeriSign, Inc.",VRSN,0.035,Holdings SPY
2014,The Goodyear Tire & Rubber Co.,GT,0.035,Holdings SPY
2014,"Pulte Group, Inc.",PHM,0.035,Holdings SPY
2014,"AGL Resources, Inc.",SO,0.035,Holdings SPY
2014,Pinnacle West Capital Corp.,PNW,0.034,Holdings SPY
2014,Zions Bancorporation,ZION,0.034,Holdings SPY
2014,Tenet Healthcare Corp.,THC,0.034,Holdings SPY
2014,"Discovery Communications, Inc.(Class A)",WBD,0.032,Holdings SPY
2014,Noble Corp. PLC,CVX,0.032,Holdings SPY
2014,"Iron Mountain, Inc.",IRM,0.032,Holdings SPY
2014,"Denbury Resources, Inc.",XOM,0.031,Holdings SPY
2014,"Joy Global, Inc.",KMTUY,0.031,Holdings SPY
2014,"Avon Products, Inc.",NTCO,0.031,Holdings SPY
2014,"Legg Mason, Inc.",BEN,0.031,Holdings SPY
2014,"Total System Services, Inc.",GPN,0.029,Holdings SPY
2014,"QEP Resources, Inc.",FANG,0.029,Holdings SPY
2014,"Integrys Energy Group, Inc.",WEC,0.029,Holdings SPY
2014,Newfield Exploration Co.,OVV,0.028,Holdings SPY
2014,"Pitney Bowes, Inc.",PBI,0.028,Holdings SPY
2014,"First Solar, Inc.",FSLR,0.028,Holdings SPY
2014,"The NASDAQ OMX Group, Inc.",NDAQ,0.028,Holdings SPY
2014,"Leggett & Platt, Inc.",LEG,0.028,Holdings SPY
2014,"PerkinElmer, Inc.",RVTY,0.028,Holdings SPY
2014,GameStop Corp. (Class A),GME,0.027,Holdings SPY
2014,"Ryder System, Inc.",R,0.027,Holdings SPY
2014,"Assurant, Inc.",AIZ,0.027,Holdings SPY
2014,Apartment Investment & Management Co. (Class A),AIV,0.026,Holdings SPY
2014,"Hudson City Bancorp, Inc.",MTB,0.026,Holdings SPY
2014,"Fossil Group, Inc.",FOSL,0.026,Holdings SPY
2014,Allegion PLC,ALLE,0.026,Holdings SPY
2014,"People’s United Financial, Inc.",MTB,0.026,Holdings SPY
2014,"FLIR Systems, Inc.",TDY,0.025,Holdings SPY
2014,Dun & Bradstreet Corp.,DNB,0.025,Holdings SPY
2014,"Owens-Illinois, Inc.",OI,0.024,Holdings SPY
2014,Avery Dennison Corp.,AVY,0.024,Holdings SPY
2014,"TECO Energy, Inc.",EMA,0.023,Holdings SPY
2014,"Jabil Circuit, Inc.",JBL,0.023,Holdings SPY
2014,"Allegheny Technologies, Inc.",ATI,0.023,Holdings SPY
2014,"Urban Outfitters, Inc.",URBN,0.023,Holdings SPY
2014,"AutoNation, Inc.",AN,0.022,Holdings SPY
2014,"Bemis Co., Inc.",AMBP,0.022,Holdings SPY
2014,Cablevision Systems Corp. (Class A),OPTU,0.021,Holdings SPY
2014,"Patterson Cos., Inc.",PDCO,0.02,Holdings SPY
2014,"Diamond Offshore Drilling, Inc.",NE,0.014,Holdings SPY
2014,CDK Global Inc.,CDK,0.001,Holdings SPY
2015,"Apple, Inc.",AAPL,3.717,Holdings SPY
2015,Microsoft Corp.,MSFT,2.092,Holdings SPY
2015,Exxon Mobil Corp.,XOM,1.833,Holdings SPY
2015,Johnson & Johnson,JNJ,1.527,Holdings SPY
2015,General Electric Co.,GE,1.505,Holdings SPY
2015,"Berkshire Hathaway, Inc. (Class B)",BRK.B,1.445,Holdings SPY
2015,Wells Fargo & Co.,WFC,1.419,Holdings SPY
2015,JPMorgan Chase & Co.,JPM,1.334,Holdings SPY
2015,"Facebook, Inc. (Class A)",META,1.203,Holdings SPY
2015,"AT&T, Inc.",T,1.185,Holdings SPY
2015,"Amazon.com, Inc.",AMZN,1.161,Holdings SPY
2015,Procter & Gamble Co.,PG,1.154,Holdings SPY
2015,"Pfizer, Inc.",PFE,1.145,Holdings SPY
2015,"Alphabet, Inc. (Class A)",GOOG,1.094,Holdings SPY
2015,"Alphabet, Inc. (Class C)",GOOG,1.065,Holdings SPY
2015,"Verizon Communications, Inc.",VZ,1.046,Holdings SPY
2015,Bank of America Corp.,BAC,0.964,Holdings SPY
2015,Walt Disney Co.,DIS,0.938,Holdings SPY
2015,Coca-Cola Co.,KO,0.927,Holdings SPY
2015,"Citigroup, Inc.",C,0.882,Holdings SPY
2015,Chevron Corp.,CVX,0.877,Holdings SPY
2015,"Home Depot, Inc.",HD,0.876,Holdings SPY
2015,"Gilead Sciences, Inc.",GILD,0.851,Holdings SPY
2015,Intel Corp.,INTC,0.847,Holdings SPY
2015,"Merck & Co., Inc.",MRK,0.822,Holdings SPY
2015,"PepsiCo, Inc.",PEP,0.819,Holdings SPY
2015,"Visa, Inc. (Class A)",V,0.804,Holdings SPY
2015,"Cisco Systems, Inc.",CSCO,0.789,Holdings SPY
2015,International Business Machines Corp.,IBM,0.772,Holdings SPY
2015,"Philip Morris International, Inc.",PM,0.726,Holdings SPY
2015,Comcast Corp. (Class A),CMCSA,0.707,Holdings SPY
2015,Oracle Corp.,ORCL,0.695,Holdings SPY
2015,"UnitedHealth Group, Inc.",UNH,0.654,Holdings SPY
2015,CVS Health Corp.,CVS,0.635,Holdings SPY
2015,Allergan PLC,ABBV,0.633,Holdings SPY
2015,"Altria Group, Inc.",MO,0.631,Holdings SPY
2015,"Amgen, Inc.",AMGN,0.62,Holdings SPY
2015,"Wal-Mart Stores, Inc.",WMT,0.605,Holdings SPY
2015,Bristol-Myers Squibb Co.,BMY,0.584,Holdings SPY
2015,Medtronic PLC,MDT,0.559,Holdings SPY
2015,McDonald’s Corp.,MCD,0.548,Holdings SPY
2015,"MasterCard, Inc. (Class A)",MA,0.532,Holdings SPY
2015,"AbbVie, Inc.",ABBV,0.532,Holdings SPY
2015,3M Co.,MMM,0.523,Holdings SPY
2015,"Schlumberger, Ltd.",SLB,0.517,Holdings SPY
2015,Celgene Corp.,BMY,0.506,Holdings SPY
2015,Starbucks Corp.,SBUX,0.499,Holdings SPY
2015,"QUALCOMM, Inc.",QCOM,0.498,Holdings SPY
2015,Boeing Co.,BA,0.494,Holdings SPY
2015,"NIKE, Inc. (Class B)",NKE,0.492,Holdings SPY
2015,Eli Lilly & Co.,LLY,0.481,Holdings SPY
2015,Union Pacific Corp.,UNP,0.453,Holdings SPY
2015,"Honeywell International, Inc.",HON,0.438,Holdings SPY
2015,United Technologies Corp.,UAL,0.434,Holdings SPY
2015,"American International Group, Inc.",AIG,0.434,Holdings SPY
2015,"Walgreens Boots Alliance, Inc.",WBA,0.429,Holdings SPY
2015,"Goldman Sachs Group, Inc.",GS,0.414,Holdings SPY
2015,"United Parcel Service, Inc. (Class B)",UPS,0.408,Holdings SPY
2015,"Biogen, Inc.",BIIB,0.405,Holdings SPY
2015,U.S. Bancorp,USB,0.4,Holdings SPY
2015,"Mondelez International, Inc. (Class A)",MDLZ,0.399,Holdings SPY
2015,"Lowe’s Cos., Inc.",LOW,0.377,Holdings SPY
2015,Costco Wholesale Corp.,COST,0.374,Holdings SPY
2015,American Express Co.,AXP,0.373,Holdings SPY
2015,"priceline.com, Inc.",BKNG,0.371,Holdings SPY
2015,Accenture PLC (Class A),ACN,0.362,Holdings SPY
2015,Abbott Laboratories,ABT,0.353,Holdings SPY
2015,ConocoPhillips,COP,0.349,Holdings SPY
2015,Colgate-Palmolive Co.,CL,0.338,Holdings SPY
2015,"Simon Property Group, Inc.",SPG,0.337,Holdings SPY
2015,"Time Warner, Inc.",WBD,0.331,Holdings SPY
2015,Lockheed Martin Corp.,LMT,0.327,Holdings SPY
2015,Express Scripts Holding Co.,CI,0.323,Holdings SPY
2015,Ford Motor Co.,F,0.312,Holdings SPY
2015,"MetLife, Inc.",MET,0.31,Holdings SPY
2015,"Texas Instruments, Inc.",TXN,0.3,Holdings SPY
2015,Occidental Petroleum Corp.,OXY,0.3,Holdings SPY
2015,Danaher Corp.,DHR,0.299,Holdings SPY
2015,"Time Warner Cable, Inc.",CHTR,0.299,Holdings SPY
2015,"Kinder Morgan, Inc.",KMI,0.294,Holdings SPY
2015,Duke Energy Corp.,DUK,0.293,Holdings SPY
2015,Target Corp.,TGT,0.292,Holdings SPY
2015,Dow Chemical Co.,DOW,0.291,Holdings SPY
2015,"Thermo Fisher Scientific, Inc.",TMO,0.287,Holdings SPY
2015,"TJX Cos., Inc.",TJX,0.285,Holdings SPY
2015,Morgan Stanley,MS,0.284,Holdings SPY
2015,EMC Corp.,DELL,0.277,Holdings SPY
2015,Hewlett-Packard Co.,HPQ,0.274,Holdings SPY
2015,"PNC Financial Services Group, Inc.",PNC,0.271,Holdings SPY
2015,"NextEra Energy, Inc.",NEE,0.266,Holdings SPY
2015,"Netflix, Inc.",NFLX,0.26,Holdings SPY
2015,E. I. du Pont de Nemours & Co.,DD,0.257,Holdings SPY
2015,General Motors Co..,GM,0.256,Holdings SPY
2015,Bank of New York Mellon Corp.,BK,0.256,Holdings SPY
2015,"Salesforce.com, Inc.",CRM,0.255,Holdings SPY
2015,McKesson Corp.,MCK,0.253,Holdings SPY
2015,Kraft Heinz Co.,KHC,0.248,Holdings SPY
2015,General Dynamics Corp.,GD,0.247,Holdings SPY
2015,"Dominion Resources, Inc.",D,0.246,Holdings SPY
2015,"Adobe Systems, Inc.",ADBE,0.242,Holdings SPY
2015,Southern Co.,SO,0.239,Holdings SPY
2015,Monsanto Co.,BAYRY,0.236,Holdings SPY
2015,"EOG Resources, Inc.",EOG,0.236,Holdings SPY
2015,Kimberly-Clark Corp.,KMB,0.234,Holdings SPY
2015,Capital One Financial Corp.,COF,0.232,Holdings SPY
2015,"Caterpillar, Inc.",CAT,0.232,Holdings SPY
2015,"Aetna, Inc.",CVS,0.226,Holdings SPY
2015,Cognizant Technology Solutions Corp. (Class A),CTSH,0.225,Holdings SPY
2015,"BlackRock, Inc.",BLK,0.225,Holdings SPY
2015,FedEx Corp.,FDX,0.224,Holdings SPY
2015,"Automatic Data Processing, Inc.",ADP,0.222,Holdings SPY
2015,American Tower Corp.,AMT,0.22,Holdings SPY
2015,"Reynolds American, Inc.",BTI,0.217,Holdings SPY
2015,Phillips 66,PSX,0.217,Holdings SPY
2015,"Anthem, Inc.",ELV,0.216,Holdings SPY
2015,"Regeneron Pharmaceuticals, Inc.",REGN,0.213,Holdings SPY
2015,"Delta Air Lines, Inc.",DAL,0.211,Holdings SPY
2015,"Alexion Pharmaceuticals, Inc.",AZN,0.209,Holdings SPY
2015,Kroger Co.,KR,0.208,Holdings SPY
2015,CIGNA Corp.,CI,0.205,Holdings SPY
2015,"Yum! Brands, Inc.",YUM,0.204,Holdings SPY
2015,"Prudential Financial, Inc.",PRU,0.203,Holdings SPY
2015,"PayPal Holdings, Inc.",PYPL,0.202,Holdings SPY
2015,Charles Schwab Corp.,SCHW,0.202,Holdings SPY
2015,"General Mills, Inc.",GIS,0.199,Holdings SPY
2015,"ACE, Ltd.",CB,0.199,Holdings SPY
2015,Raytheon Co.,RTX,0.198,Holdings SPY
2015,"Twenty-First Century Fox, Inc. (Class A)",DIS,0.192,Holdings SPY
2015,"Avago Technologies, Ltd.",AVGO,0.191,Holdings SPY
2015,Precision Castparts Corp.,BRK.B,0.187,Holdings SPY
2015,"CME Group, Inc.",CME,0.186,Holdings SPY
2015,"Public Storage, Inc.",PSA,0.184,Holdings SPY
2015,Northrop Grumman Corp.,NOC,0.184,Holdings SPY
2015,LyondellBasell Industries NV (Class A),LYB,0.183,Holdings SPY
2015,"Travelers Cos., Inc.",TRV,0.183,Holdings SPY
2015,Anadarko Petroleum Corp.,OXY,0.181,Holdings SPY
2015,Halliburton Co.,HAL,0.177,Holdings SPY
2015,Valero Energy Corp.,VLO,0.176,Holdings SPY
2015,Stryker Corp.,SYK,0.176,Holdings SPY
2015,"Praxair, Inc.",LIN,0.174,Holdings SPY
2015,"Ecolab, Inc.",ECL,0.173,Holdings SPY
2015,Emerson Electric Co.,EMR,0.171,Holdings SPY
2015,Broadcom Corp. (Class A),AVGO,0.17,Holdings SPY
2015,"Becton, Dickinson & Co.",BDX,0.165,Holdings SPY
2015,Chubb Corp.,CB,0.165,Holdings SPY
2015,"American Electric Power Co., Inc.",AEP,0.164,Holdings SPY
2015,"Marsh & McLennan Cos., Inc.",MRSH,0.164,Holdings SPY
2015,BB&T Corp.,TFC,0.163,Holdings SPY
2015,State Street Corp.(c),STT,0.163,Holdings SPY
2015,"eBay, Inc.",EBAY,0.162,Holdings SPY
2015,Equity Residential,EQR,0.161,Holdings SPY
2015,"Illinois Tool Works, Inc.",ITW,0.16,Holdings SPY
2015,"Johnson Controls, Inc.",JCI,0.16,Holdings SPY
2015,"Humana, Inc.",HUM,0.158,Holdings SPY
2015,CSX Corp.,CSX,0.157,Holdings SPY
2015,Crown Castle International Corp.,CCI,0.157,Holdings SPY
2015,"American Airlines Group, Inc.",AAL,0.154,Holdings SPY
2015,"Intercontinental Exchange, Inc.",ICE,0.153,Holdings SPY
2015,PG&E Corp.,PCG,0.153,Holdings SPY
2015,Exelon Corp.,EXC,0.151,Holdings SPY
2015,"Cardinal Health, Inc.",CAH,0.15,Holdings SPY
2015,"Vertex Pharmaceuticals, Inc.",VRTX,0.15,Holdings SPY
2015,Archer-Daniels-Midland Co.,ADM,0.149,Holdings SPY
2015,"Williams Cos., Inc.",WMB,0.149,Holdings SPY
2015,Southwest Airlines Co.,LUV,0.148,Holdings SPY
2015,"Yahoo!, Inc.",YHOO,0.148,Holdings SPY
2015,"AFLAC, Inc.",AFL,0.148,Holdings SPY
2015,Aon PLC,AON,0.147,Holdings SPY
2015,"O’Reilly Automotive, Inc.",ORLY,0.147,Holdings SPY
2015,Marathon Petroleum Corp.,MPC,0.147,Holdings SPY
2015,"HCA Holdings, Inc.",HCA,0.147,Holdings SPY
2015,"Air Products & Chemicals, Inc.",APD,0.145,Holdings SPY
2015,"Intuit, Inc.",INTU,0.145,Holdings SPY
2015,"TE Connectivity, Ltd.",TEL,0.143,Holdings SPY
2015,Eaton Corp. PLC,ETN,0.143,Holdings SPY
2015,"PPG Industries, Inc.",PPG,0.141,Holdings SPY
2015,"Welltower, Inc.",WELL,0.141,Holdings SPY
2015,"McGraw-Hill Cos., Inc.",SPGI,0.139,Holdings SPY
2015,Allstate Corp.,ALL,0.138,Holdings SPY
2015,V.F. Corp.,VFC,0.138,Holdings SPY
2015,"AvalonBay Communities, Inc.",AVB,0.137,Holdings SPY
2015,"L Brands, Inc.",VSCO,0.137,Holdings SPY
2015,Carnival Corp.,CCL,0.136,Holdings SPY
2015,Deere & Co.,DE,0.136,Holdings SPY
2015,Norfolk Southern Corp.,NSC,0.136,Holdings SPY
2015,Perrigo Co. PLC,PRGO,0.136,Holdings SPY
2015,Sempra Energy,SRE,0.135,Holdings SPY
2015,Discover Financial Services,COF,0.134,Holdings SPY
2015,"Baker Hughes, Inc.",BKR,0.133,Holdings SPY
2015,"Autozone, Inc.",AZO,0.132,Holdings SPY
2015,"Chipotle Mexican Grill, Inc.",CMG,0.131,Holdings SPY
2015,Boston Scientific Corp.,BSX,0.13,Holdings SPY
2015,PPL Corp.,PPL,0.13,Holdings SPY
2015,Comcast Corp. (Special Class A),CMCSA,0.128,Holdings SPY
2015,Delphi Automotive PLC,APTV,0.128,Holdings SPY
2015,"Constellation Brands, Inc. (Class A)",STZ,0.127,Holdings SPY
2015,Sysco Corp.,SYY,0.127,Holdings SPY
2015,Dollar General Corp.,DG,0.126,Holdings SPY
2015,"Public Service Enterprise Group, Inc.",PEG,0.125,Holdings SPY
2015,"Waste Management, Inc.",WM,0.125,Holdings SPY
2015,"Corning, Inc.",GLW,0.124,Holdings SPY
2015,"Electronic Arts, Inc.",EA,0.124,Holdings SPY
2015,Monster Beverage Corp.,MNST,0.122,Holdings SPY
2015,"Fiserv, Inc.",FISV,0.122,Holdings SPY
2015,Edison International,EIX,0.121,Holdings SPY
2015,"ProLogis, Inc.",PLD,0.12,Holdings SPY
2015,"Ross Stores, Inc.",ROST,0.119,Holdings SPY
2015,"United Continental Holdings, Inc.",UAL,0.119,Holdings SPY
2015,"SunTrust Banks, Inc.",TFC,0.117,Holdings SPY
2015,AmerisourceBergen Corp.,COR,0.116,Holdings SPY
2015,"Consolidated Edison, Inc.",ED,0.115,Holdings SPY
2015,"Ameriprise Financial, Inc.",AMP,0.115,Holdings SPY
2015,"Hartford Financial Services Group, Inc.",HIG,0.113,Holdings SPY
2015,"Fidelity National Information Services, Inc.",FIS,0.112,Holdings SPY
2015,"Zoetis, Inc.",ZTS,0.111,Holdings SPY
2015,"Ventas, Inc.",VTR,0.109,Holdings SPY
2015,"PACCAR, Inc.",PCAR,0.108,Holdings SPY
2015,Western Digital Corp.,WDC,0.108,Holdings SPY
2015,Cerner Corp.,ORCL,0.108,Holdings SPY
2015,"Boston Properties, Inc.",BXP,0.107,Holdings SPY
2015,Pioneer Natural Resources Co.,XOM,0.107,Holdings SPY
2015,"Cummins, Inc.",CMI,0.107,Holdings SPY
2015,"Estee Lauder Cos., Inc. (Class A)",EL,0.107,Holdings SPY
2015,Progressive Corp.,PGR,0.106,Holdings SPY
2015,"Xcel Energy, Inc.",XEL,0.106,Holdings SPY
2015,Sherwin-Williams Co.,SHW,0.106,Holdings SPY
2015,"T. Rowe Price Group, Inc.",TROW,0.105,Holdings SPY
2015,"Baxter International, Inc.",BAX,0.105,Holdings SPY
2015,CBS Corp. (Class B),PSKY,0.105,Holdings SPY
2015,"St. Jude Medical, Inc.",ABT,0.104,Holdings SPY
2015,"Analog Devices, Inc.",ADI,0.104,Holdings SPY
2015,"Applied Materials, Inc.",AMAT,0.104,Holdings SPY
2015,"ConAgra Foods, Inc.",CAG,0.103,Holdings SPY
2015,Spectra Energy Corp.,ENB,0.103,Holdings SPY
2015,"Under Armour, Inc. (Class A)",UA,0.103,Holdings SPY
2015,Moody’s Corp.,MCO,0.103,Holdings SPY
2015,"HCP, Inc.",PEAK,0.101,Holdings SPY
2015,"Baxalta, Inc.",TAK,0.101,Holdings SPY
2015,"Macy’s, Inc.",M,0.1,Holdings SPY
2015,Kellogg Co.,KLG,0.1,Holdings SPY
2015,"Intuitive Surgical, Inc.",ISRG,0.1,Holdings SPY
2015,Sigma-Aldrich Corp.,MRK.DE,0.098,Holdings SPY
2015,Mylan NV,VTRS,0.098,Holdings SPY
2015,"WEC Energy Group, Inc.",WEC,0.097,Holdings SPY
2015,Nielsen Holdings PLC,NLSN,0.097,Holdings SPY
2015,"Omnicom Group, Inc.",OMC,0.096,Holdings SPY
2015,Alliance Data Systems Corp.,BFH,0.096,Holdings SPY
2015,"Skyworks Solutions, Inc.",SWKS,0.095,Holdings SPY
2015,Vornado Realty Trust,VNO,0.095,Holdings SPY
2015,M & T Bank Corp.,MTB,0.095,Holdings SPY
2015,"Micron Technology, Inc.",MU,0.094,Holdings SPY
2015,Eversource Energy,ES,0.094,Holdings SPY
2015,International Paper Co.,IP,0.094,Holdings SPY
2015,"Zimmer Holdings, Inc.",ZBH,0.094,Holdings SPY
2015,"Roper Industries, Inc.",ROP,0.093,Holdings SPY
2015,"Dollar Tree, Inc.",DLTR,0.093,Holdings SPY
2015,Amphenol Corp. (Class A),APH,0.093,Holdings SPY
2015,"Equinix, Inc.",EQIX,0.092,Holdings SPY
2015,Fifth Third Bancorp,FITB,0.092,Holdings SPY
2015,"Paychex, Inc.",PAYX,0.091,Holdings SPY
2015,"Activision Blizzard, Inc.",MSFT,0.091,Holdings SPY
2015,"Dr. Pepper Snapple Group, Inc.",KDP,0.09,Holdings SPY
2015,"Royal Caribbean Cruises, Ltd.",RCL,0.09,Holdings SPY
2015,Edwards Lifesciences Corp.,EW,0.09,Holdings SPY
2015,Altera Corp.,ALTR,0.09,Holdings SPY
2015,"General Growth Properties, Inc.",BP,0.09,Holdings SPY
2015,"Stanley Black & Decker, Inc.",SWK,0.089,Holdings SPY
2015,Clorox Co.,CLX,0.089,Holdings SPY
2015,"Viacom, Inc. (Class B)",PSKY,0.089,Holdings SPY
2015,Northern Trust Corp.,NTRS,0.088,Holdings SPY
2015,Apache Corp.,APA,0.087,Holdings SPY
2015,"Franklin Resources, Inc.",BEN,0.086,Holdings SPY
2015,"National-Oilwell Varco, Inc.",NOV,0.086,Holdings SPY
2015,"Essex Property Trust, Inc.",ESS,0.086,Holdings SPY
2015,Endo International PLC,NDOI,0.085,Holdings SPY
2015,DTE Energy Co.,DTE,0.085,Holdings SPY
2015,Devon Energy Corp.,DVN,0.085,Holdings SPY
2015,Weyerhaeuser Co.,WY,0.084,Holdings SPY
2015,Mead Johnson Nutrition Co.,RKT,0.084,Holdings SPY
2015,"CenturyLink, Inc.",LUMN,0.084,Holdings SPY
2015,Tyco International PLC,JCI,0.083,Holdings SPY
2015,"C.R. Bard, Inc.",BDX,0.082,Holdings SPY
2015,"Rockwell Automation, Inc.",ROK,0.081,Holdings SPY
2015,"Advance Auto Parts, Inc.",AAP,0.081,Holdings SPY
2015,"Marriott International, Inc. (Class A)",MAR,0.08,Holdings SPY
2015,Hershey Co.,HSY,0.08,Holdings SPY
2015,Seagate Technology PLC,STX,0.08,Holdings SPY
2015,Ingersoll-Rand PLC,IR,0.08,Holdings SPY
2015,Parker-Hannifin Corp.,PH,0.08,Holdings SPY
2015,WestRock Co.,WRK,0.079,Holdings SPY
2015,"Invesco, Ltd.",IVZ,0.079,Holdings SPY
2015,Symantec Corp.,GEN,0.079,Holdings SPY
2015,Molson Coors Brewing Co. (Class B),TAP,0.078,Holdings SPY
2015,"Tyson Foods, Inc. (Class A)",TSN,0.078,Holdings SPY
2015,"Red Hat, Inc.",IBM,0.078,Holdings SPY
2015,FirstEnergy Corp.,FE,0.077,Holdings SPY
2015,"W.W. Grainger, Inc.",GWW,0.077,Holdings SPY
2015,"Principal Financial Group, Inc.",PFG,0.076,Holdings SPY
2015,"Noble Energy, Inc.",CVX,0.076,Holdings SPY
2015,"Level 3 Communications, Inc.",LUMN,0.076,Holdings SPY
2015,"AMETEK, Inc.",AME,0.075,Holdings SPY
2015,"Alcoa, Inc.",AA,0.075,Holdings SPY
2015,Genuine Parts Co.,GPC,0.074,Holdings SPY
2015,NVIDIA Corp.,NVDA,0.074,Holdings SPY
2015,"CarMax, Inc.",KMX,0.073,Holdings SPY
2015,"DaVita, Inc.",DVA,0.073,Holdings SPY
2015,"Akamai Technologies, Inc.",AKAM,0.073,Holdings SPY
2015,Tesoro Corp.,MPC,0.072,Holdings SPY
2015,Hess Corp.,CVX,0.072,Holdings SPY
2015,Cameron International Corp.,SLB,0.071,Holdings SPY
2015,Regions Financial Corp.,RF,0.071,Holdings SPY
2015,"Twenty-First Century Fox, Inc. (Class B)",DIS,0.071,Holdings SPY
2015,Lincoln National Corp.,LNC,0.071,Holdings SPY
2015,Nucor Corp.,NUE,0.071,Holdings SPY
2015,"Host Hotels & Resorts, Inc.",HST,0.07,Holdings SPY
2015,JM Smucker Co.,SJM,0.07,Holdings SPY
2015,"Stericycle, Inc.",WM,0.069,Holdings SPY
2015,Vulcan Materials Co.,VMC,0.069,Holdings SPY
2015,"Hanesbrands, Inc.",GIL,0.069,Holdings SPY
2015,"Equifax, Inc.",EFX,0.069,Holdings SPY
2015,"Expedia, Inc.",EXPE,0.068,Holdings SPY
2015,"Mohawk Industries, Inc.",MHK,0.068,Holdings SPY
2015,Entergy Corp.,ETR,0.068,Holdings SPY
2015,Whirlpool Corp.,WHR,0.068,Holdings SPY
2015,Tractor Supply Co.,TSCO,0.068,Holdings SPY
2015,"Agilent Technologies, Inc.",A,0.068,Holdings SPY
2015,"Best Buy Co., Inc.",BBY,0.067,Holdings SPY
2015,"Starwood Hotels & Resorts Worldwide, Inc.",MAR,0.067,Holdings SPY
2015,"Universal Health Services, Inc. (Class B)",UHS,0.067,Holdings SPY
2015,"Whole Foods Market, Inc.",AMZN,0.067,Holdings SPY
2015,"Harley-Davidson, Inc.",HOG,0.067,Holdings SPY
2015,"Citrix Systems, Inc.",CTXS,0.066,Holdings SPY
2015,XL Group PLC,AXA,0.066,Holdings SPY
2015,SanDisk Corp.,WDC,0.066,Holdings SPY
2015,"Henry Schein, Inc.",HSIC,0.065,Holdings SPY
2015,KeyCorp,KEY,0.065,Holdings SPY
2015,"Xilinx, Inc.",AMD,0.065,Holdings SPY
2015,"Freeport-McMoRan, Inc.",FCX,0.065,Holdings SPY
2015,Realty Income Corp.,O,0.065,Holdings SPY
2015,"Signet Jewelers, Ltd.",SIG,0.065,Holdings SPY
2015,"Rockwell Collins, Inc.",RTX,0.064,Holdings SPY
2015,Laboratory Corp. of America Holdings,LH,0.064,Holdings SPY
2015,"Motorola Solutions, Inc.",MSI,0.064,Holdings SPY
2015,"Newell Rubbermaid, Inc.",NWL,0.064,Holdings SPY
2015,SL Green Realty Corp.,SLG,0.064,Holdings SPY
2015,"CF Industries Holdings, Inc.",CF,0.063,Holdings SPY
2015,Fastenal Co.,FAST,0.063,Holdings SPY
2015,Macerich Co.,MAC,0.063,Holdings SPY
2015,Mosaic Co.,MOS,0.062,Holdings SPY
2015,"Textron, Inc.",TXT,0.062,Holdings SPY
2015,Loews Corp.,L,0.061,Holdings SPY
2015,Lam Research Corp.,LRCX,0.061,Holdings SPY
2015,Marathon Oil Corp.,COP,0.061,Holdings SPY
2015,"Martin Marietta Materials, Inc.",MLM,0.06,Holdings SPY
2015,"Coca-Cola Enterprises, Inc.",CCEP,0.06,Holdings SPY
2015,Brown-Forman Corp. (Class B),BF.B,0.06,Holdings SPY
2015,"Nordstrom, Inc.",JWN,0.06,Holdings SPY
2015,Ameren Corp.,AEE,0.06,Holdings SPY
2015,Kimco Realty Corp.,KIM,0.059,Holdings SPY
2015,"Autodesk, Inc.",ADSK,0.059,Holdings SPY
2015,"H&R Block, Inc.",HRB,0.059,Holdings SPY
2015,"Republic Services, Inc.",RSG,0.059,Holdings SPY
2015,Waters Corp.,WAT,0.059,Holdings SPY
2015,Kansas City Southern,CP,0.058,Holdings SPY
2015,"C.H. Robinson Worldwide, Inc.",CHRW,0.058,Holdings SPY
2015,Sealed Air Corp.,SEE,0.058,Holdings SPY
2015,"Bed Bath & Beyond, Inc.",BBBY,0.058,Holdings SPY
2015,Xerox Corp.,XRX,0.058,Holdings SPY
2015,EQT Corp.,EQT,0.058,Holdings SPY
2015,CMS Energy Corp.,CMS,0.057,Holdings SPY
2015,"D.R. Horton, Inc.",DHI,0.057,Holdings SPY
2015,Cimarex Energy Co.,CTRA,0.057,Holdings SPY
2015,Eastman Chemical Co.,EMN,0.057,Holdings SPY
2015,Western Union Co.,WU,0.056,Holdings SPY
2015,"McCormick & Co., Inc.",MKC,0.056,Holdings SPY
2015,Linear Technology Corp.,ADI,0.056,Holdings SPY
2015,"BorgWarner, Inc.",BWA,0.056,Holdings SPY
2015,"Affiliated Managers Group, Inc.",AMG,0.055,Holdings SPY
2015,Kohl’s Corp.,KSS,0.055,Holdings SPY
2015,"CBRE Group, Inc. (Class A)",CBRE,0.055,Holdings SPY
2015,Pentair PLC,PNR,0.055,Holdings SPY
2015,"Juniper Networks, Inc.",HPE,0.055,Holdings SPY
2015,"NetApp, Inc.",NTAP,0.054,Holdings SPY
2015,Dover Corp.,DOV,0.054,Holdings SPY
2015,"Expeditors International of Washington, Inc.",EXPD,0.054,Holdings SPY
2015,Cabot Oil & Gas Corp.,CTRA,0.054,Holdings SPY
2015,"Microchip Technology, Inc.",MCHP,0.053,Holdings SPY
2015,Campbell Soup Co.,CPB,0.053,Holdings SPY
2015,Harris Corp.,LHX,0.053,Holdings SPY
2015,Masco Corp.,MAS,0.053,Holdings SPY
2015,"Quest Diagnostics, Inc.",DGX,0.052,Holdings SPY
2015,"Snap-on, Inc.",SNA,0.051,Holdings SPY
2015,Tiffany & Co.,LVMUY,0.051,Holdings SPY
2015,"CA, Inc.",AVGO,0.051,Holdings SPY
2015,"L-3 Communications Holdings, Inc.",LHX,0.051,Holdings SPY
2015,"Huntington Bancshares, Inc.",HBAN,0.051,Holdings SPY
2015,Lennar Corp. (Class A),LEN,0.051,Holdings SPY
2015,Computer Sciences Corp.,DXC,0.051,Holdings SPY
2015,Ball Corp.,BALL,0.051,Holdings SPY
2015,Wyndham Worldwide Corp.,WH,0.05,Holdings SPY
2015,"F5 Networks, Inc.",FFIV,0.05,Holdings SPY
2015,Newmont Mining Corp.,NEM,0.05,Holdings SPY
2015,Hormel Foods Corp.,HRL,0.05,Holdings SPY
2015,PVH Corp.,PVH,0.049,Holdings SPY
2015,"International Flavors & Fragrances, Inc.",IFF,0.049,Holdings SPY
2015,"Hasbro, Inc.",HAS,0.048,Holdings SPY
2015,"Michael Kors Holdings, Ltd.",TPR,0.048,Holdings SPY
2015,Unum Group,UNM,0.048,Holdings SPY
2015,"Interpublic Group of Cos., Inc.",IPG,0.048,Holdings SPY
2015,Goodyear Tire & Rubber Co.,GT,0.047,Holdings SPY
2015,SCANA Corp.,D,0.047,Holdings SPY
2015,KLA-Tencor Corp.,KLAC,0.047,Holdings SPY
2015,"Coach, Inc.",TPR,0.046,Holdings SPY
2015,Cincinnati Financial Corp.,CINF,0.046,Holdings SPY
2015,"Darden Restaurants, Inc.",DRI,0.046,Holdings SPY
2015,Cintas Corp.,CTAS,0.045,Holdings SPY
2015,ETRADE Financial Corp.,MS,0.045,Holdings SPY
2015,"CenterPoint Energy, Inc.",CNP,0.045,Holdings SPY
2015,"Staples, Inc.",SPLS,0.044,Holdings SPY
2015,"Total System Services, Inc.",GPN,0.044,Holdings SPY
2015,Mallinckrodt PLC,MNK,0.044,Holdings SPY
2015,"Comerica, Inc.",CMA,0.043,Holdings SPY
2015,"Varian Medical Systems, Inc.",SIE,0.043,Holdings SPY
2015,"FMC Technologies, Inc.",FMC,0.043,Holdings SPY
2015,Cablevision Systems Corp. (Class A),OPTU,0.042,Holdings SPY
2015,"AGL Resources, Inc.",SO,0.042,Holdings SPY
2015,Ralph Lauren Corp.,RL,0.042,Holdings SPY
2015,"DENTSPLY International, Inc.",XRAY,0.042,Holdings SPY
2015,"VeriSign, Inc.",VRSN,0.042,Holdings SPY
2015,"TripAdvisor, Inc.",TRIP,0.042,Holdings SPY
2015,"Mattel, Inc.",MAT,0.042,Holdings SPY
2015,"Robert Half International, Inc.",RHI,0.041,Holdings SPY
2015,Pinnacle West Capital Corp.,PNW,0.041,Holdings SPY
2015,"Plum Creek Timber Co., Inc.",WY,0.041,Holdings SPY
2015,Leucadia National Corp.,JEF,0.04,Holdings SPY
2015,"Harman International Industries, Inc.",SMSN,0.04,Holdings SPY
2015,"Gap, Inc.",GAP,0.04,Holdings SPY
2015,AES Corp.,AES,0.039,Holdings SPY
2015,"Oneok, Inc.",OKE,0.039,Holdings SPY
2015,"JB Hunt Transport Services, Inc.",JBHT,0.039,Holdings SPY
2015,"Qorvo, Inc.",QRVO,0.039,Holdings SPY
2015,"Discovery Communications, Inc. (Class C)",WBD,0.039,Holdings SPY
2015,Torchmark Corp.,GL,0.039,Holdings SPY
2015,"Pulte Group, Inc.",PHM,0.037,Holdings SPY
2015,"Nasdaq, Inc.",NDAQ,0.037,Holdings SPY
2015,"Keurig Green Mountain, Inc.",KDP,0.037,Holdings SPY
2015,Fluor Corp.,FLR,0.037,Holdings SPY
2015,"Pepco Holdings, Inc.",EXC,0.036,Holdings SPY
2015,"TECO Energy, Inc.",EMA,0.036,Holdings SPY
2015,"Airgas, Inc.",AIQUY,0.036,Holdings SPY
2015,"Xylem, Inc.",XYL,0.035,Holdings SPY
2015,"Iron Mountain, Inc.",IRM,0.035,Holdings SPY
2015,"NiSource, Inc.",NI,0.035,Holdings SPY
2015,"United Rentals, Inc.",URI,0.034,Holdings SPY
2015,"Columbia Pipeline Group, Inc.",TRP,0.034,Holdings SPY
2015,Apartment Investment & Management Co. (Class A),AIV,0.034,Holdings SPY
2015,"Leggett & Platt, Inc.",LEG,0.033,Holdings SPY
2015,"Assurant, Inc.",AIZ,0.033,Holdings SPY
2015,Flowserve Corp.,FLS,0.033,Holdings SPY
2015,Zions Bancorporation,ZION,0.033,Holdings SPY
2015,Allegion PLC,ALLE,0.032,Holdings SPY
2015,Frontier Communications Corp.,VZ,0.032,Holdings SPY
2015,Range Resources Corp.,RRC,0.032,Holdings SPY
2015,Newfield Exploration Co.,OVV,0.031,Holdings SPY
2015,"Quanta Services, Inc.",PWR,0.031,Holdings SPY
2015,ADT Corp.,ADT,0.03,Holdings SPY
2015,Avery Dennison Corp.,AVY,0.03,Holdings SPY
2015,"Helmerich & Payne, Inc.",HP,0.03,Holdings SPY
2015,"PerkinElmer, Inc.",RVTY,0.03,Holdings SPY
2015,"TEGNA, Inc.",TGNA,0.03,Holdings SPY
2015,"NRG Energy, Inc.",NRG,0.029,Holdings SPY
2015,"People’s United Financial, Inc.",MTB,0.029,Holdings SPY
2015,"Jacobs Engineering Group, Inc.",J,0.029,Holdings SPY
2015,Southwestern Energy Co.,CHK,0.029,Holdings SPY
2015,"Hudson City Bancorp, Inc.",MTB,0.028,Holdings SPY
2015,Scripps Networks Interactive (Class A),WBD,0.028,Holdings SPY
2015,News Corp. (Class A),NWS,0.028,Holdings SPY
2015,"Legg Mason, Inc.",BEN,0.027,Holdings SPY
2015,"AutoNation, Inc.",AN,0.027,Holdings SPY
2015,FMC Corp.,FMC,0.026,Holdings SPY
2015,GameStop Corp. (Class A),GME,0.026,Holdings SPY
2015,Navient Corp.,NAVI,0.026,Holdings SPY
2015,"Transocean, Ltd.",RIG,0.026,Holdings SPY
2015,"Garmin, Ltd.",GRMN,0.025,Holdings SPY
2015,"Wynn Resorts, Ltd.",WYNN,0.025,Holdings SPY
2015,Teradata Corp.,TDC,0.025,Holdings SPY
2015,Murphy Oil Corp.,MUR,0.024,Holdings SPY
2015,"FLIR Systems, Inc.",TDY,0.023,Holdings SPY
2015,"Pitney Bowes, Inc.",PBI,0.023,Holdings SPY
2015,"Discovery Communications, Inc. (Class A)",WBD,0.023,Holdings SPY
2015,"Ryder System, Inc.",R,0.022,Holdings SPY
2015,Dun & Bradstreet Corp.,DNB,0.022,Holdings SPY
2015,Chesapeake Energy Corp.,CHK,0.022,Holdings SPY
2015,Tenet Healthcare Corp.,THC,0.021,Holdings SPY
2015,"Patterson Cos., Inc.",PDCO,0.021,Holdings SPY
2015,"Owens-Illinois, Inc.",OI,0.02,Holdings SPY
2015,Ensco PLC (Class A),VAL,0.019,Holdings SPY
2015,"First Solar, Inc.",FSLR,0.019,Holdings SPY
2015,"Urban Outfitters, Inc.",URBN,0.018,Holdings SPY
2015,"Fossil Group, Inc.",FOSL,0.015,Holdings SPY
2015,"Genworth Financial, Inc. (Class A)",GNW,0.013,Holdings SPY
2015,"CONSOL Energy, Inc.",CEIX,0.013,Holdings SPY
2015,"Joy Global, Inc.",KMTUY,0.009,Holdings SPY
2015,News Corp. (Class B),NWS,0.008,Holdings SPY
2015,"Diamond Offshore Drilling, Inc.",NE,0.007,Holdings SPY
2016,"Apple, Inc.",AAPL,3.252,Holdings SPY
2016,Microsoft Corp.,MSFT,2.397,Holdings SPY
2016,Exxon Mobil Corp.,XOM,1.924,Holdings SPY
2016,"Amazon.com, Inc.",AMZN,1.761,Holdings SPY
2016,Johnson & Johnson,JNJ,1.728,Holdings SPY
2016,"Facebook, Inc. Class A",META,1.592,Holdings SPY
2016,"Berkshire Hathaway, Inc.Class B",BRK.B,1.466,Holdings SPY
2016,General Electric Co.,GE,1.417,Holdings SPY
2016,"AT&T, Inc.",T,1.329,Holdings SPY
2016,JPMorgan Chase & Co.,JPM,1.285,Holdings SPY
2016,Procter & Gamble Co.,PG,1.28,Holdings SPY
2016,"Alphabet, Inc. Class A",GOOG,1.267,Holdings SPY
2016,"Alphabet, Inc. Class C",GOOG,1.221,Holdings SPY
2016,"Verizon Communications, Inc.",VZ,1.127,Holdings SPY
2016,"Pfizer, Inc.",PFE,1.092,Holdings SPY
2016,Wells Fargo & Co.,WFC,1.074,Holdings SPY
2016,Chevron Corp.,CVX,1.031,Holdings SPY
2016,Intel Corp.,INTC,0.948,Holdings SPY
2016,"Merck & Co., Inc.",MRK,0.919,Holdings SPY
2016,Coca-Cola Co.,KO,0.876,Holdings SPY
2016,Bank of America Corp.,BAC,0.856,Holdings SPY
2016,Comcast Corp. Class A,CMCSA,0.853,Holdings SPY
2016,"Home Depot, Inc.",HD,0.851,Holdings SPY
2016,"Cisco Systems, Inc.",CSCO,0.848,Holdings SPY
2016,"Visa, Inc. Class A",V,0.837,Holdings SPY
2016,"PepsiCo, Inc.",PEP,0.835,Holdings SPY
2016,"Philip Morris International, Inc.",PM,0.802,Holdings SPY
2016,Walt Disney Co.,DIS,0.738,Holdings SPY
2016,International Business Machines Corp.,IBM,0.738,Holdings SPY
2016,"Citigroup, Inc.",C,0.738,Holdings SPY
2016,"UnitedHealth Group, Inc.",UNH,0.708,Holdings SPY
2016,"Amgen, Inc.",AMGN,0.666,Holdings SPY
2016,"Altria Group, Inc.",MO,0.658,Holdings SPY
2016,Medtronic PLC,MDT,0.637,Holdings SPY
2016,Oracle Corp.,ORCL,0.632,Holdings SPY
2016,"Wal-Mart Stores, Inc.",WMT,0.585,Holdings SPY
2016,"Schlumberger, Ltd.",SLB,0.581,Holdings SPY
2016,3M Co.,MMM,0.568,Holdings SPY
2016,"Gilead Sciences, Inc.",GILD,0.56,Holdings SPY
2016,"AbbVie, Inc.",ABBV,0.543,Holdings SPY
2016,"QUALCOMM, Inc.",QCOM,0.535,Holdings SPY
2016,McDonald’s Corp.,MCD,0.526,Holdings SPY
2016,"MasterCard, Inc. Class A",MA,0.522,Holdings SPY
2016,CVS Health Corp.,CVS,0.508,Holdings SPY
2016,Allergan PLC,ABBV,0.485,Holdings SPY
2016,Bristol-Myers Squibb Co.,BMY,0.479,Holdings SPY
2016,"Honeywell International, Inc.",HON,0.472,Holdings SPY
2016,Union Pacific Corp.,UNP,0.437,Holdings SPY
2016,Celgene Corp.,BMY,0.431,Holdings SPY
2016,Starbucks Corp.,SBUX,0.422,Holdings SPY
2016,United Technologies Corp.,UAL,0.42,Holdings SPY
2016,Eli Lilly & Co.,LLY,0.415,Holdings SPY
2016,Boeing Co.,BA,0.409,Holdings SPY
2016,Accenture PLC Class A,ACN,0.406,Holdings SPY
2016,"United Parcel Service, Inc.Class B",UPS,0.401,Holdings SPY
2016,"Priceline Group, Inc.",BKNG,0.389,Holdings SPY
2016,"Texas Instruments, Inc.",TXN,0.375,Holdings SPY
2016,"NIKE, Inc. Class B",NKE,0.373,Holdings SPY
2016,US Bancorp,USB,0.371,Holdings SPY
2016,"Walgreens Boots Alliance, Inc.",WBA,0.37,Holdings SPY
2016,"Broadcom, Ltd.",AVGO,0.366,Holdings SPY
2016,"Biogen, Inc.",BIIB,0.365,Holdings SPY
2016,"Mondelez International, Inc.Class A",MDLZ,0.362,Holdings SPY
2016,Costco Wholesale Corp.,COST,0.355,Holdings SPY
2016,Colgate-Palmolive Co.,CL,0.352,Holdings SPY
2016,"Simon Property Group, Inc. REIT",SPG,0.341,Holdings SPY
2016,"Lowe’s Cos., Inc.",LOW,0.34,Holdings SPY
2016,"Thermo Fisher Scientific, Inc.",TMO,0.334,Holdings SPY
2016,"Time Warner, Inc.",WBD,0.333,Holdings SPY
2016,Abbott Laboratories,ABT,0.33,Holdings SPY
2016,"Goldman Sachs Group, Inc.",GS,0.325,Holdings SPY
2016,Lockheed Martin Corp.,LMT,0.324,Holdings SPY
2016,"American International Group, Inc.",AIG,0.322,Holdings SPY
2016,"Charter Communications, Inc.Class A",CHTR,0.312,Holdings SPY
2016,E.I. du Pont de Nemours & Co.,DD,0.311,Holdings SPY
2016,"Chubb, Ltd.",CB,0.31,Holdings SPY
2016,Dow Chemical Co.,DOW,0.309,Holdings SPY
2016,"NextEra Energy, Inc.",NEE,0.3,Holdings SPY
2016,Occidental Petroleum Corp.,OXY,0.296,Holdings SPY
2016,Duke Energy Corp.,DUK,0.293,Holdings SPY
2016,"Adobe Systems, Inc.",ADBE,0.289,Holdings SPY
2016,ConocoPhillips,COP,0.286,Holdings SPY
2016,Kraft Heinz Co.,KHC,0.284,Holdings SPY
2016,"EOG Resources, Inc.",EOG,0.283,Holdings SPY
2016,"Caterpillar, Inc.",CAT,0.276,Holdings SPY
2016,Southern Co.,SO,0.269,Holdings SPY
2016,American Express Co.,AXP,0.266,Holdings SPY
2016,"TJX Cos., Inc.",TJX,0.263,Holdings SPY
2016,"MetLife, Inc.",MET,0.26,Holdings SPY
2016,Morgan Stanley,MS,0.258,Holdings SPY
2016,American Tower Corp. REIT,AMT,0.256,Holdings SPY
2016,Ford Motor Co.,F,0.25,Holdings SPY
2016,Danaher Corp.,DHR,0.25,Holdings SPY
2016,"Dominion Resources, Inc.",D,0.244,Holdings SPY
2016,"salesforce.com, Inc.",CRM,0.242,Holdings SPY
2016,"PayPal Holdings, Inc.",PYPL,0.242,Holdings SPY
2016,Kimberly-Clark Corp.,KMB,0.241,Holdings SPY
2016,"PNC Financial Services Group, Inc.",PNC,0.239,Holdings SPY
2016,Monsanto Co.,BAYRY,0.238,Holdings SPY
2016,"Kinder Morgan, Inc.",KMI,0.238,Holdings SPY
2016,Express Scripts Holding Co.,CI,0.237,Holdings SPY
2016,General Dynamics Corp.,GD,0.237,Holdings SPY
2016,General Motors Co.,GM,0.237,Holdings SPY
2016,"BlackRock, Inc.",BLK,0.236,Holdings SPY
2016,Johnson Controls International PLC,JCI,0.234,Holdings SPY
2016,FedEx Corp.,FDX,0.232,Holdings SPY
2016,Bank of New York Mellon Corp.,BK,0.228,Holdings SPY
2016,"Netflix, Inc.",NFLX,0.224,Holdings SPY
2016,Raytheon Co.,RTX,0.216,Holdings SPY
2016,"Aetna, Inc.",CVS,0.215,Holdings SPY
2016,Target Corp.,TGT,0.215,Holdings SPY
2016,"Automatic Data Processing, Inc.",ADP,0.214,Holdings SPY
2016,"Reynolds American, Inc.",BTI,0.208,Holdings SPY
2016,"Illinois Tool Works, Inc.",ITW,0.206,Holdings SPY
2016,Halliburton Co.,HAL,0.205,Holdings SPY
2016,Northrop Grumman Corp.,NOC,0.205,Holdings SPY
2016,Becton Dickinson and Co.,BDX,0.203,Holdings SPY
2016,"General Mills, Inc.",GIS,0.202,Holdings SPY
2016,Charles Schwab Corp.,SCHW,0.202,Holdings SPY
2016,Hewlett Packard Enterprise Co.,HPE,0.201,Holdings SPY
2016,"Yahoo!, Inc.",YHOO,0.2,Holdings SPY
2016,McKesson Corp.,MCK,0.2,Holdings SPY
2016,NVIDIA Corp.,NVDA,0.197,Holdings SPY
2016,Capital One Financial Corp.,COF,0.196,Holdings SPY
2016,Stryker Corp.,SYK,0.194,Holdings SPY
2016,"Prudential Financial, Inc.",PRU,0.193,Holdings SPY
2016,Phillips 66,PSX,0.192,Holdings SPY
2016,"CME Group, Inc.",CME,0.188,Holdings SPY
2016,Emerson Electric Co.,EMR,0.186,Holdings SPY
2016,"Marsh & McLennan Cos., Inc.",MRSH,0.186,Holdings SPY
2016,"eBay, Inc.",EBAY,0.185,Holdings SPY
2016,Anadarko Petroleum Corp.,OXY,0.184,Holdings SPY
2016,"Praxair, Inc.",LIN,0.183,Holdings SPY
2016,"Yum! Brands, Inc.",YUM,0.18,Holdings SPY
2016,"Travelers Cos., Inc.",TRV,0.179,Holdings SPY
2016,"S&P Global, Inc.",SPGI,0.178,Holdings SPY
2016,Cigna Corp.,CI,0.178,Holdings SPY
2016,"Anthem, Inc.",ELV,0.175,Holdings SPY
2016,"Air Products & Chemicals, Inc.",APD,0.175,Holdings SPY
2016,Public Storage REIT,PSA,0.175,Holdings SPY
2016,"Applied Materials, Inc.",AMAT,0.175,Holdings SPY
2016,Boston Scientific Corp.,BSX,0.172,Holdings SPY
2016,"Ecolab, Inc.",ECL,0.172,Holdings SPY
2016,"Intercontinental Exchange, Inc.",ICE,0.171,Holdings SPY
2016,Crown Castle International Corp. REIT,CCI,0.169,Holdings SPY
2016,"American Electric Power Co., Inc.",AEP,0.168,Holdings SPY
2016,"Regeneron Pharmaceuticals, Inc.",REGN,0.166,Holdings SPY
2016,BB&T Corp.,TFC,0.165,Holdings SPY
2016,"Activision Blizzard, Inc.",MSFT,0.163,Holdings SPY
2016,Exelon Corp.,EXC,0.163,Holdings SPY
2016,"Delta Air Lines, Inc.",DAL,0.162,Holdings SPY
2016,Pioneer Natural Resources Co.,XOM,0.162,Holdings SPY
2016,PG&E Corp.,PCG,0.161,Holdings SPY
2016,Eaton Corp. PLC,ETN,0.16,Holdings SPY
2016,Aon PLC,AON,0.158,Holdings SPY
2016,"Aflac, Inc.",AFL,0.158,Holdings SPY
2016,"Constellation Brands, Inc.Class A",STZ,0.156,Holdings SPY
2016,Spectra Energy Corp.,ENB,0.156,Holdings SPY
2016,CSX Corp.,CSX,0.156,Holdings SPY
2016,Cognizant Technology Solutions Corp. Class A,CTSH,0.154,Holdings SPY
2016,Norfolk Southern Corp.,NSC,0.153,Holdings SPY
2016,Kroger Co.,KR,0.15,Holdings SPY
2016,"Prologis, Inc. REIT",PLD,0.15,Holdings SPY
2016,"Intuit, Inc.",INTU,0.15,Holdings SPY
2016,"Intuitive Surgical, Inc.",ISRG,0.147,Holdings SPY
2016,LyondellBasell Industries NVClass A,LYB,0.147,Holdings SPY
2016,"Alexion Pharmaceuticals, Inc.",AZN,0.146,Holdings SPY
2016,"PPG Industries, Inc.",PPG,0.146,Holdings SPY
2016,"O’Reilly Automotive, Inc.",ORLY,0.144,Holdings SPY
2016,Sempra Energy,SRE,0.144,Holdings SPY
2016,"Illumina, Inc.",ILMN,0.142,Holdings SPY
2016,"Welltower, Inc. REIT",WELL,0.142,Holdings SPY
2016,"HP, Inc.",HPQ,0.142,Holdings SPY
2016,"Twenty-First Century Fox, Inc. Class A",DIS,0.141,Holdings SPY
2016,"Humana, Inc.",HUM,0.14,Holdings SPY
2016,"Waste Management, Inc.",WM,0.14,Holdings SPY
2016,"Zoetis, Inc.",ZTS,0.139,Holdings SPY
2016,Allstate Corp.,ALL,0.139,Holdings SPY
2016,"Zimmer Biomet Holdings, Inc.",ZBH,0.138,Holdings SPY
2016,"Ross Stores, Inc.",ROST,0.138,Holdings SPY
2016,State Street Corp.(c),STT,0.137,Holdings SPY
2016,"Electronic Arts, Inc.",EA,0.137,Holdings SPY
2016,Edwards Lifesciences Corp.,EW,0.137,Holdings SPY
2016,Sysco Corp.,SYY,0.136,Holdings SPY
2016,"Fidelity National Information Services, Inc.",FIS,0.136,Holdings SPY
2016,"Cardinal Health, Inc.",CAH,0.135,Holdings SPY
2016,Deere & Co.,DE,0.135,Holdings SPY
2016,"Newell Brands, Inc.",NWL,0.135,Holdings SPY
2016,"Corning, Inc.",GLW,0.135,Holdings SPY
2016,"Equinix, Inc. REIT",EQIX,0.133,Holdings SPY
2016,Valero Energy Corp.,VLO,0.132,Holdings SPY
2016,Southwest Airlines Co.,LUV,0.132,Holdings SPY
2016,Archer-Daniels-Midland Co.,ADM,0.132,Holdings SPY
2016,"AvalonBay Communities, Inc. REIT",AVB,0.13,Holdings SPY
2016,Apache Corp.,APA,0.128,Holdings SPY
2016,"Ventas, Inc. REIT",VTR,0.127,Holdings SPY
2016,Weyerhaeuser Co. REIT,WY,0.127,Holdings SPY
2016,Equity Residential REIT,EQR,0.125,Holdings SPY
2016,"Baxter International, Inc.",BAX,0.125,Holdings SPY
2016,Edison International,EIX,0.125,Holdings SPY
2016,PPL Corp.,PPL,0.124,Holdings SPY
2016,Discover Financial Services,COF,0.124,Holdings SPY
2016,Synchrony Financial,SYF,0.124,Holdings SPY
2016,Devon Energy Corp.,DVN,0.123,Holdings SPY
2016,"AutoZone, Inc.",AZO,0.123,Holdings SPY
2016,"TE Connectivity, Ltd.",TEL,0.122,Holdings SPY
2016,"Consolidated Edison, Inc.",ED,0.122,Holdings SPY
2016,"HCA Holdings, Inc.",HCA,0.121,Holdings SPY
2016,CBS Corp. Class B,PSKY,0.121,Holdings SPY
2016,"St. Jude Medical, Inc.",ABT,0.121,Holdings SPY
2016,"Tyson Foods, Inc. Class A",TSN,0.119,Holdings SPY
2016,"Baker Hughes, Inc.",BKR,0.117,Holdings SPY
2016,"Fiserv, Inc.",FISV,0.117,Holdings SPY
2016,"SunTrust Banks, Inc.",TFC,0.117,Holdings SPY
2016,"Marriott International, Inc.Class A",MAR,0.116,Holdings SPY
2016,Sherwin-Williams Co.,SHW,0.116,Holdings SPY
2016,"Vertex Pharmaceuticals, Inc.",VRTX,0.115,Holdings SPY
2016,Marathon Petroleum Corp.,MPC,0.114,Holdings SPY
2016,Carnival Corp.,CCL,0.114,Holdings SPY
2016,"Public Service Enterprise Group, Inc.",PEG,0.112,Holdings SPY
2016,"Boston Properties, Inc. REIT",BXP,0.111,Holdings SPY
2016,"Williams Cos., Inc.",WMB,0.111,Holdings SPY
2016,"Xcel Energy, Inc.",XEL,0.111,Holdings SPY
2016,Newmont Mining Corp.,NEM,0.111,Holdings SPY
2016,Monster Beverage Corp.,MNST,0.11,Holdings SPY
2016,"ConAgra Foods, Inc.",CAG,0.109,Holdings SPY
2016,"PACCAR, Inc.",PCAR,0.109,Holdings SPY
2016,"Cummins, Inc.",CMI,0.108,Holdings SPY
2016,"Omnicom Group, Inc.",OMC,0.108,Holdings SPY
2016,Molson Coors Brewing Co.Class B,TAP,0.107,Holdings SPY
2016,Amphenol Corp. Class A,APH,0.106,Holdings SPY
2016,"Analog Devices, Inc.",ADI,0.106,Holdings SPY
2016,International Paper Co.,IP,0.105,Holdings SPY
2016,"Estee Lauder Cos., Inc.Class A",EL,0.105,Holdings SPY
2016,Delphi Automotive PLC,APTV,0.105,Holdings SPY
2016,Kellogg Co.,KLG,0.104,Holdings SPY
2016,"American Airlines Group, Inc.",AAL,0.103,Holdings SPY
2016,"Concho Resources, Inc.",COP,0.102,Holdings SPY
2016,"WEC Energy Group, Inc.",WEC,0.101,Holdings SPY
2016,VF Corp.,VFC,0.1,Holdings SPY
2016,"Dollar Tree, Inc.",DLTR,0.099,Holdings SPY
2016,"Stanley Black & Decker, Inc.",SWK,0.099,Holdings SPY
2016,Cerner Corp.,ORCL,0.099,Holdings SPY
2016,"Paychex, Inc.",PAYX,0.098,Holdings SPY
2016,M&T Bank Corp.,MTB,0.098,Holdings SPY
2016,"Roper Technologies, Inc.",ROP,0.098,Holdings SPY
2016,Willis Towers Watson PLC,WTW,0.098,Holdings SPY
2016,"Micron Technology, Inc.",MU,0.098,Holdings SPY
2016,Progressive Corp.,PGR,0.098,Holdings SPY
2016,Moody’s Corp.,MCO,0.097,Holdings SPY
2016,Dollar General Corp.,DG,0.097,Holdings SPY
2016,Nielsen Holdings PLC,NLSN,0.096,Holdings SPY
2016,Vornado Realty Trust REIT,VNO,0.095,Holdings SPY
2016,"L Brands, Inc.",VSCO,0.095,Holdings SPY
2016,"HCP, Inc. REIT",PEAK,0.094,Holdings SPY
2016,Ingersoll-Rand PLC,IR,0.093,Holdings SPY
2016,Realty Income Corp. REIT,O,0.092,Holdings SPY
2016,Eversource Energy,ES,0.091,Holdings SPY
2016,"Dr. Pepper Snapple Group, Inc.",KDP,0.09,Holdings SPY
2016,Mylan NV,VTRS,0.09,Holdings SPY
2016,"Hartford Financial Services Group, Inc.",HIG,0.09,Holdings SPY
2016,Parker-Hannifin Corp.,PH,0.09,Holdings SPY
2016,DTE Energy Co.,DTE,0.089,Holdings SPY
2016,"Ameriprise Financial, Inc.",AMP,0.088,Holdings SPY
2016,"T Rowe Price Group, Inc.",TROW,0.088,Holdings SPY
2016,"C.R. Bard, Inc.",BDX,0.088,Holdings SPY
2016,Western Digital Corp.,WDC,0.088,Holdings SPY
2016,J.M. Smucker Co.,SJM,0.086,Holdings SPY
2016,Clorox Co.,CLX,0.086,Holdings SPY
2016,"Equifax, Inc.",EFX,0.085,Holdings SPY
2016,"General Growth Properties, Inc. REIT",BP,0.085,Holdings SPY
2016,"Rockwell Automation, Inc.",ROK,0.085,Holdings SPY
2016,Fifth Third Bancorp,FITB,0.084,Holdings SPY
2016,Nucor Corp.,NUE,0.083,Holdings SPY
2016,"United Continental Holdings, Inc.",UAL,0.083,Holdings SPY
2016,"TransDigm Group, Inc.",TDG,0.082,Holdings SPY
2016,Symantec Corp.,GEN,0.082,Holdings SPY
2016,"Agilent Technologies, Inc.",A,0.082,Holdings SPY
2016,"Noble Energy, Inc.",CVX,0.081,Holdings SPY
2016,Fortive Corp.,FTV,0.081,Holdings SPY
2016,Lam Research Corp.,LRCX,0.08,Holdings SPY
2016,Vulcan Materials Co.,VMC,0.08,Holdings SPY
2016,Genuine Parts Co.,GPC,0.08,Holdings SPY
2016,"CenturyLink, Inc.",LUMN,0.08,Holdings SPY
2016,"Ulta Salon Cosmetics &Fragrance, Inc.",ULTA,0.079,Holdings SPY
2016,AmerisourceBergen Corp.,COR,0.079,Holdings SPY
2016,"Red Hat, Inc.",IBM,0.078,Holdings SPY
2016,Mead Johnson Nutrition Co.,RKT,0.078,Holdings SPY
2016,Northern Trust Corp.,NTRS,0.077,Holdings SPY
2016,"Skyworks Solutions, Inc.",SWKS,0.077,Holdings SPY
2016,"Essex Property Trust, Inc. REIT",ESS,0.077,Holdings SPY
2016,"Freeport-McMoRan, Inc.",FCX,0.077,Holdings SPY
2016,"Autodesk, Inc.",ADSK,0.076,Holdings SPY
2016,"Digital Realty Trust, Inc. REIT",DLR,0.076,Holdings SPY
2016,Ball Corp.,BALL,0.076,Holdings SPY
2016,Linear Technology Corp.,ADI,0.075,Holdings SPY
2016,Hess Corp.,CVX,0.075,Holdings SPY
2016,Laboratory Corp. of America Holdings,LH,0.075,Holdings SPY
2016,FirstEnergy Corp.,FE,0.075,Holdings SPY
2016,"DENTSPLY SIRONA, Inc.",XRAY,0.074,Holdings SPY
2016,"Principal Financial Group, Inc.",PFG,0.074,Holdings SPY
2016,"Xilinx, Inc.",AMD,0.073,Holdings SPY
2016,"Expedia, Inc.",EXPE,0.073,Holdings SPY
2016,"National Oilwell Varco, Inc.",NOV,0.073,Holdings SPY
2016,Entergy Corp.,ETR,0.072,Holdings SPY
2016,Hershey Co.,HSY,0.072,Holdings SPY
2016,"Level 3 Communications, Inc.",LUMN,0.072,Holdings SPY
2016,Marathon Oil Corp.,COP,0.071,Holdings SPY
2016,"Henry Schein, Inc.",HSIC,0.071,Holdings SPY
2016,"Microchip Technology, Inc.",MCHP,0.071,Holdings SPY
2016,"Alcoa, Inc.",AA,0.071,Holdings SPY
2016,"American Water Works Co., Inc.",AWK,0.07,Holdings SPY
2016,Perrigo Co. PLC,PRGO,0.07,Holdings SPY
2016,"Citrix Systems, Inc.",CTXS,0.07,Holdings SPY
2016,"Franklin Resources, Inc.",BEN,0.07,Holdings SPY
2016,KeyCorp,KEY,0.07,Holdings SPY
2016,"Viacom, Inc. Class B",PSKY,0.07,Holdings SPY
2016,"Citizens Financial Group, Inc.",CFG,0.069,Holdings SPY
2016,"Invesco, Ltd.",IVZ,0.069,Holdings SPY
2016,Waters Corp.,WAT,0.068,Holdings SPY
2016,"W.W. Grainger, Inc.",GWW,0.068,Holdings SPY
2016,"Mohawk Industries, Inc.",MHK,0.068,Holdings SPY
2016,Cimarex Energy Co.,CTRA,0.067,Holdings SPY
2016,Alliance Data Systems Corp.,BFH,0.067,Holdings SPY
2016,Regions Financial Corp.,RF,0.067,Holdings SPY
2016,"Royal Caribbean Cruises, Ltd.",RCL,0.067,Holdings SPY
2016,EQT Corp.,EQT,0.067,Holdings SPY
2016,"Verisk Analytics, Inc.",VRSK,0.067,Holdings SPY
2016,Whirlpool Corp.,WHR,0.066,Holdings SPY
2016,"Chipotle Mexican Grill, Inc.",CMG,0.066,Holdings SPY
2016,"Church & Dwight Co., Inc.",CHD,0.066,Holdings SPY
2016,WestRock Co.,WRK,0.065,Holdings SPY
2016,Kimco Realty Corp. REIT,KIM,0.065,Holdings SPY
2016,Fastenal Co.,FAST,0.064,Holdings SPY
2016,"Motorola Solutions, Inc.",MSI,0.064,Holdings SPY
2016,Cabot Oil & Gas Corp.,CTRA,0.064,Holdings SPY
2016,"Quest Diagnostics, Inc.",DGX,0.064,Holdings SPY
2016,"Republic Services, Inc.",RSG,0.064,Holdings SPY
2016,Ameren Corp.,AEE,0.063,Holdings SPY
2016,"Global Payments, Inc.",GPN,0.063,Holdings SPY
2016,CMS Energy Corp.,CMS,0.062,Holdings SPY
2016,"Host Hotels & Resorts, Inc. REIT",HST,0.062,Holdings SPY
2016,Pentair PLC,PNR,0.062,Holdings SPY
2016,"L-3 Communications Holdings, Inc.",LHX,0.062,Holdings SPY
2016,"Acuity Brands, Inc.",AYI,0.061,Holdings SPY
2016,"McCormick & Co., Inc.",MKC,0.061,Holdings SPY
2016,"Martin Marietta Materials, Inc.",MLM,0.061,Holdings SPY
2016,"Macy’s, Inc.",M,0.061,Holdings SPY
2016,Harris Corp.,LHX,0.061,Holdings SPY
2016,Centene Corp.,CNC,0.061,Holdings SPY
2016,Masco Corp.,MAS,0.061,Holdings SPY
2016,Dover Corp.,DOV,0.06,Holdings SPY
2016,Seagate Technology PLC,STX,0.06,Holdings SPY
2016,"International Flavors & Fragrances, Inc.",IFF,0.06,Holdings SPY
2016,Lincoln National Corp.,LNC,0.06,Holdings SPY
2016,"AMETEK, Inc.",AME,0.059,Holdings SPY
2016,Cincinnati Financial Corp.,CINF,0.059,Holdings SPY
2016,"Mettler-Toledo International, Inc.",MTD,0.059,Holdings SPY
2016,"Universal Health Services, Inc.Class B",UHS,0.059,Holdings SPY
2016,"Rockwell Collins, Inc.",RTX,0.058,Holdings SPY
2016,Loews Corp.,L,0.058,Holdings SPY
2016,Federal Realty Investment Trust REIT,FRT,0.058,Holdings SPY
2016,"Advance Auto Parts, Inc.",AAP,0.058,Holdings SPY
2016,"DaVita, Inc.",DVA,0.058,Holdings SPY
2016,LKQ Corp.,LKQ,0.058,Holdings SPY
2016,KLA-Tencor Corp.,KLAC,0.058,Holdings SPY
2016,SL Green Realty Corp. REIT,SLG,0.057,Holdings SPY
2016,"ONEOK, Inc.",OKE,0.057,Holdings SPY
2016,"Textron, Inc.",TXT,0.057,Holdings SPY
2016,"Huntington Bancshares, Inc.",HBAN,0.057,Holdings SPY
2016,"Best Buy Co., Inc.",BBY,0.057,Holdings SPY
2016,"Twenty-First Century Fox, Inc. Class B",DIS,0.057,Holdings SPY
2016,"CarMax, Inc.",KMX,0.055,Holdings SPY
2016,Western Union Co.,WU,0.055,Holdings SPY
2016,SCANA Corp.,D,0.055,Holdings SPY
2016,"NetApp, Inc.",NTAP,0.055,Holdings SPY
2016,"Mattel, Inc.",MAT,0.054,Holdings SPY
2016,Macerich Co. REIT,MAC,0.054,Holdings SPY
2016,"Coach, Inc.",TPR,0.054,Holdings SPY
2016,Hormel Foods Corp.,HRL,0.054,Holdings SPY
2016,Kansas City Southern,CP,0.054,Holdings SPY
2016,Eastman Chemical Co.,EMN,0.054,Holdings SPY
2016,"C.H. Robinson Worldwide, Inc.",CHRW,0.053,Holdings SPY
2016,"CenterPoint Energy, Inc.",CNP,0.053,Holdings SPY
2016,"D.R. Horton, Inc.",DHI,0.053,Holdings SPY
2016,"Extra Space Storage, Inc. REIT",EXR,0.053,Holdings SPY
2016,Campbell Soup Co.,CPB,0.052,Holdings SPY
2016,"CA, Inc.",AVGO,0.052,Holdings SPY
2016,Cintas Corp.,CTAS,0.052,Holdings SPY
2016,"Harley-Davidson, Inc.",HOG,0.051,Holdings SPY
2016,Xerox Corp.,XRX,0.051,Holdings SPY
2016,"XL Group, Ltd.",AXA,0.051,Holdings SPY
2016,"UDR, Inc. REIT",UDR,0.051,Holdings SPY
2016,"Hologic, Inc.",HOLX,0.051,Holdings SPY
2016,Albemarle Corp.,ALB,0.051,Holdings SPY
2016,Tesoro Corp.,MPC,0.051,Holdings SPY
2016,"Hanesbrands, Inc.",GIL,0.051,Holdings SPY
2016,Brown-Forman Corp. Class B,BF.B,0.05,Holdings SPY
2016,"Varian Medical Systems, Inc.",SIE,0.05,Holdings SPY
2016,"Expeditors International of Washington, Inc.",EXPD,0.05,Holdings SPY
2016,"Xylem, Inc.",XYL,0.049,Holdings SPY
2016,"Akamai Technologies, Inc.",AKAM,0.049,Holdings SPY
2016,"Foot Locker, Inc.",FL,0.049,Holdings SPY
2016,"Whole Foods Market, Inc.",AMZN,0.049,Holdings SPY
2016,Sealed Air Corp.,SEE,0.048,Holdings SPY
2016,PVH Corp.,PVH,0.048,Holdings SPY
2016,"Iron Mountain, Inc. REIT",IRM,0.048,Holdings SPY
2016,Arthur J Gallagher & Co.,AJG,0.048,Holdings SPY
2016,Tractor Supply Co.,TSCO,0.048,Holdings SPY
2016,"Interpublic Group of Cos., Inc.",IPG,0.048,Holdings SPY
2016,"Hasbro, Inc.",HAS,0.047,Holdings SPY
2016,"Fortune Brands Home & Security, Inc.",FBIN,0.047,Holdings SPY
2016,"Snap-on, Inc.",SNA,0.047,Holdings SPY
2016,"Cooper Cos., Inc.",COO,0.047,Holdings SPY
2016,Alliant Energy Corp.,LNT,0.046,Holdings SPY
2016,Mosaic Co.,MOS,0.046,Holdings SPY
2016,Newfield Exploration Co.,OVV,0.046,Holdings SPY
2016,Goodyear Tire & Rubber Co.,GT,0.046,Holdings SPY
2016,"F5 Networks, Inc.",FFIV,0.045,Holdings SPY
2016,"Juniper Networks, Inc.",HPE,0.045,Holdings SPY
2016,AES Corp.,AES,0.045,Holdings SPY
2016,Pinnacle West Capital Corp.,PNW,0.045,Holdings SPY
2016,Unum Group,UNM,0.045,Holdings SPY
2016,"Michael Kors Holdings, Ltd.",TPR,0.044,Holdings SPY
2016,"Comerica, Inc.",CMA,0.044,Holdings SPY
2016,Kohl’s Corp.,KSS,0.044,Holdings SPY
2016,ETRADE Financial Corp.,MS,0.043,Holdings SPY
2016,"Alaska Air Group, Inc.",ALK,0.043,Holdings SPY
2016,"CBRE Group, Inc. Class AREIT",CBRE,0.043,Holdings SPY
2016,Tiffany & Co.,LVMUY,0.043,Holdings SPY
2016,"Total System Services, Inc.",GPN,0.042,Holdings SPY
2016,"Wynn Resorts, Ltd.",WYNN,0.042,Holdings SPY
2016,"Affiliated Managers Group, Inc.",AMG,0.041,Holdings SPY
2016,Lennar Corp. Class A,LEN,0.041,Holdings SPY
2016,Mallinckrodt PLC,MNK,0.041,Holdings SPY
2016,"Nasdaq, Inc.",NDAQ,0.041,Holdings SPY
2016,"NiSource, Inc.",NI,0.041,Holdings SPY
2016,"BorgWarner, Inc.",BWA,0.041,Holdings SPY
2016,Wyndham Worldwide Corp.,WH,0.04,Holdings SPY
2016,"VeriSign, Inc.",VRSN,0.04,Holdings SPY
2016,"Helmerich & Payne, Inc.",HP,0.039,Holdings SPY
2016,"JB Hunt Transport Services, Inc.",JBHT,0.038,Holdings SPY
2016,"TripAdvisor, Inc.",TRIP,0.038,Holdings SPY
2016,Apartment Investment & Management Co. Class A REIT,AIV,0.038,Holdings SPY
2016,Torchmark Corp.,GL,0.038,Holdings SPY
2016,"Qorvo, Inc.",QRVO,0.038,Holdings SPY
2016,Fluor Corp.,FLR,0.038,Holdings SPY
2016,"United Rentals, Inc.",URI,0.038,Holdings SPY
2016,"Darden Restaurants, Inc.",DRI,0.038,Holdings SPY
2016,"Under Armour, Inc. Class A",UA,0.037,Holdings SPY
2016,Avery Dennison Corp.,AVY,0.037,Holdings SPY
2016,"Stericycle, Inc.",WM,0.036,Holdings SPY
2016,"FMC Technologies, Inc.",FMC,0.036,Holdings SPY
2016,"Bed Bath & Beyond, Inc.",BBBY,0.035,Holdings SPY
2016,"Nordstrom, Inc.",JWN,0.035,Holdings SPY
2016,Allegion PLC,ALLE,0.035,Holdings SPY
2016,Range Resources Corp.,RRC,0.035,Holdings SPY
2016,FMC Corp.,FMC,0.034,Holdings SPY
2016,Southwestern Energy Co.,CHK,0.034,Holdings SPY
2016,Leucadia National Corp.,JEF,0.034,Holdings SPY
2016,"PulteGroup, Inc.",PHM,0.034,Holdings SPY
2016,Zions Bancorp,ZION,0.034,Holdings SPY
2016,"Jacobs Engineering Group, Inc.",J,0.034,Holdings SPY
2016,Flowserve Corp.,FLS,0.033,Holdings SPY
2016,"Discovery Communications, Inc.Class C",WBD,0.033,Holdings SPY
2016,"Under Armour, Inc. Class C",UA,0.033,Holdings SPY
2016,"Leggett & Platt, Inc.",LEG,0.033,Holdings SPY
2016,"PerkinElmer, Inc.",RVTY,0.032,Holdings SPY
2016,"Scripps Networks Interactive, Inc. Class A",WBD,0.032,Holdings SPY
2016,"Harman International Industries, Inc.",SMSN,0.032,Holdings SPY
2016,"Signet Jewelers, Ltd.",SIG,0.031,Holdings SPY
2016,Ralph Lauren Corp.,RL,0.031,Holdings SPY
2016,"Assurant, Inc.",AIZ,0.03,Holdings SPY
2016,"CF Industries Holdings, Inc.",CF,0.03,Holdings SPY
2016,"Garmin, Ltd.",GRMN,0.03,Holdings SPY
2016,"Staples, Inc.",SPLS,0.029,Holdings SPY
2016,News Corp. Class A,NWS,0.028,Holdings SPY
2016,"H&R Block, Inc.",HRB,0.028,Holdings SPY
2016,"Gap, Inc.",GAP,0.027,Holdings SPY
2016,"Robert Half International, Inc.",RHI,0.026,Holdings SPY
2016,Navient Corp.,NAVI,0.026,Holdings SPY
2016,Murphy Oil Corp.,MUR,0.026,Holdings SPY
2016,"People’s United Financial, Inc.",MTB,0.026,Holdings SPY
2016,Dun & Bradstreet Corp.,DNB,0.026,Holdings SPY
2016,Frontier Communications Corp.,VZ,0.026,Holdings SPY
2016,"TEGNA, Inc.",TGNA,0.025,Holdings SPY
2016,"FLIR Systems, Inc.",TDY,0.023,Holdings SPY
2016,"Quanta Services, Inc.",PWR,0.022,Holdings SPY
2016,Teradata Corp.,TDC,0.022,Holdings SPY
2016,Endo International PLC,NDOI,0.022,Holdings SPY
2016,"Discovery Communications, Inc.Class A",WBD,0.021,Holdings SPY
2016,"Patterson Cos., Inc.",PDCO,0.02,Holdings SPY
2016,Chesapeake Energy Corp.,CHK,0.02,Holdings SPY
2016,"CSRA, Inc.",GD,0.019,Holdings SPY
2016,"Transocean, Ltd.",RIG,0.019,Holdings SPY
2016,"AutoNation, Inc.",AN,0.019,Holdings SPY
2016,"Legg Mason, Inc.",BEN,0.019,Holdings SPY
2016,"Ryder System, Inc.",R,0.019,Holdings SPY
2016,"NRG Energy, Inc.",NRG,0.019,Holdings SPY
2016,"Pitney Bowes, Inc.",PBI,0.018,Holdings SPY
2016,"First Solar, Inc.",FSLR,0.016,Holdings SPY
2016,"Urban Outfitters, Inc.",URBN,0.016,Holdings SPY
2016,"Owens-Illinois, Inc.",OI,0.016,Holdings SPY
2016,"Coty, Inc. Class A",COTY,0.009,Holdings SPY
2016,News Corp. Class B,NWS,0.008,Holdings SPY
2016,"Dell Technologies, Inc. — VMware, Inc. Class V",AVGO,0.0,Holdings SPY
2017,"Apple, Inc.",AAPL,3.688,Holdings SPY
2017,Microsoft Corp.,MSFT,2.658,Holdings SPY
2017,"Facebook, Inc. Class A",META,1.877,Holdings SPY
2017,"Amazon.com, Inc.",AMZN,1.776,Holdings SPY
2017,"Berkshire Hathaway, Inc. Class B",BRK.B,1.635,Holdings SPY
2017,Johnson & Johnson,JNJ,1.617,Holdings SPY
2017,Exxon Mobil Corp.,XOM,1.61,Holdings SPY
2017,JPMorgan Chase & Co.,JPM,1.557,Holdings SPY
2017,"Alphabet, Inc. Class A",GOOG,1.343,Holdings SPY
2017,"Alphabet, Inc. Class C",GOOG,1.342,Holdings SPY
2017,Bank of America Corp.,BAC,1.152,Holdings SPY
2017,Wells Fargo & Co.,WFC,1.141,Holdings SPY
2017,"AT&T, Inc.",T,1.116,Holdings SPY
2017,Procter & Gamble Co.,PG,1.075,Holdings SPY
2017,Chevron Corp.,CVX,1.032,Holdings SPY
2017,"Pfizer, Inc.",PFE,0.987,Holdings SPY
2017,General Electric Co.,GE,0.97,Holdings SPY
2017,"Verizon Communications, Inc.",VZ,0.936,Holdings SPY
2017,"Citigroup, Inc.",C,0.918,Holdings SPY
2017,"Home Depot, Inc.",HD,0.893,Holdings SPY
2017,"Visa, Inc. Class A",V,0.892,Holdings SPY
2017,"UnitedHealth Group, Inc.",UNH,0.877,Holdings SPY
2017,Comcast Corp. Class A,CMCSA,0.839,Holdings SPY
2017,Intel Corp.,INTC,0.831,Holdings SPY
2017,"Merck & Co., Inc.",MRK,0.811,Holdings SPY
2017,Coca-Cola Co.,KO,0.802,Holdings SPY
2017,"Philip Morris International, Inc.",PM,0.799,Holdings SPY
2017,"Cisco Systems, Inc.",CSCO,0.78,Holdings SPY
2017,"DowDuPont, Inc.",DOW,0.749,Holdings SPY
2017,"PepsiCo, Inc.",PEP,0.738,Holdings SPY
2017,Walt Disney Co.,DIS,0.706,Holdings SPY
2017,Oracle Corp.,ORCL,0.677,Holdings SPY
2017,"AbbVie, Inc.",ABBV,0.656,Holdings SPY
2017,Boeing Co.,BA,0.654,Holdings SPY
2017,"Amgen, Inc.",AMGN,0.63,Holdings SPY
2017,"Mastercard, Inc. Class A",MA,0.611,Holdings SPY
2017,McDonald’s Corp.,MCD,0.588,Holdings SPY
2017,International Business Machines Corp.,IBM,0.583,Holdings SPY
2017,3M Co.,MMM,0.581,Holdings SPY
2017,"Altria Group, Inc.",MO,0.564,Holdings SPY
2017,"Wal-MartStores, Inc.",WMT,0.53,Holdings SPY
2017,Celgene Corp.,BMY,0.528,Holdings SPY
2017,"Honeywell International, Inc.",HON,0.501,Holdings SPY
2017,NVIDIA Corp.,NVDA,0.497,Holdings SPY
2017,"Gilead Sciences, Inc.",GILD,0.49,Holdings SPY
2017,Medtronic PLC,MDT,0.488,Holdings SPY
2017,Bristol-Myers Squibb Co.,BMY,0.484,Holdings SPY
2017,"Broadcom, Ltd.",AVGO,0.457,Holdings SPY
2017,"Schlumberger, Ltd.",SLB,0.45,Holdings SPY
2017,Union Pacific Corp.,UNP,0.43,Holdings SPY
2017,Abbott Laboratories,ABT,0.429,Holdings SPY
2017,"Priceline Group, Inc.",BKNG,0.417,Holdings SPY
2017,"Texas Instruments, Inc.",TXN,0.411,Holdings SPY
2017,United Technologies Corp.,UAL,0.4,Holdings SPY
2017,US Bancorp,USB,0.395,Holdings SPY
2017,"Goldman Sachs Group, Inc.",GS,0.395,Holdings SPY
2017,Accenture PLC Class A,ACN,0.387,Holdings SPY
2017,Eli Lilly & Co.,LLY,0.385,Holdings SPY
2017,CVS Health Corp.,CVS,0.384,Holdings SPY
2017,"United Parcel Service, Inc. Class B",UPS,0.382,Holdings SPY
2017,"Time Warner, Inc.",WBD,0.367,Holdings SPY
2017,"Netflix, Inc.",NFLX,0.361,Holdings SPY
2017,Starbucks Corp.,SBUX,0.36,Holdings SPY
2017,Lockheed Martin Corp.,LMT,0.359,Holdings SPY
2017,"QUALCOMM, Inc.",QCOM,0.355,Holdings SPY
2017,"Thermo Fisher Scientific, Inc.",TMO,0.351,Holdings SPY
2017,"Adobe Systems, Inc.",ADBE,0.342,Holdings SPY
2017,"Caterpillar, Inc.",CAT,0.341,Holdings SPY
2017,"Charter Communications, Inc. Class A",CHTR,0.338,Holdings SPY
2017,"PayPal Holdings, Inc.",PYPL,0.335,Holdings SPY
2017,Costco Wholesale Corp.,COST,0.334,Holdings SPY
2017,"Walgreens Boots Alliance, Inc.",WBA,0.33,Holdings SPY
2017,Allergan PLC,ABBV,0.319,Holdings SPY
2017,"NextEra Energy, Inc.",NEE,0.318,Holdings SPY
2017,"NIKE, Inc. Class B",NKE,0.316,Holdings SPY
2017,Morgan Stanley,MS,0.316,Holdings SPY
2017,"Lowe’s Cos., Inc.",LOW,0.313,Holdings SPY
2017,"Chubb, Ltd.",CB,0.307,Holdings SPY
2017,American Express Co.,AXP,0.307,Holdings SPY
2017,"Biogen, Inc.",BIIB,0.307,Holdings SPY
2017,"PNC Financial Services Group, Inc.",PNC,0.299,Holdings SPY
2017,Colgate-Palmolive Co.,CL,0.298,Holdings SPY
2017,"salesforce.com, Inc.",CRM,0.296,Holdings SPY
2017,"Mondelez International, Inc. Class A",MDLZ,0.284,Holdings SPY
2017,ConocoPhillips,COP,0.282,Holdings SPY
2017,Duke Energy Corp.,DUK,0.272,Holdings SPY
2017,American Tower Corp. REIT,AMT,0.27,Holdings SPY
2017,General Dynamics Corp.,GD,0.265,Holdings SPY
2017,"EOG Resources, Inc.",EOG,0.259,Holdings SPY
2017,"Applied Materials, Inc.",AMAT,0.257,Holdings SPY
2017,"American International Group, Inc.",AIG,0.257,Holdings SPY
2017,"BlackRock, Inc.",BLK,0.257,Holdings SPY
2017,FedEx Corp.,FDX,0.256,Holdings SPY
2017,"MetLife, Inc.",MET,0.256,Holdings SPY
2017,Bank of New York Mellon Corp.,BK,0.255,Holdings SPY
2017,Raytheon Co.,RTX,0.253,Holdings SPY
2017,General Motors Co.,GM,0.245,Holdings SPY
2017,"Aetna, Inc.",CVS,0.244,Holdings SPY
2017,Monsanto Co.,BAYRY,0.244,Holdings SPY
2017,Danaher Corp.,DHR,0.242,Holdings SPY
2017,Charles Schwab Corp.,SCHW,0.241,Holdings SPY
2017,"Simon Property Group, Inc. REIT",SPG,0.233,Holdings SPY
2017,Northrop Grumman Corp.,NOC,0.233,Holdings SPY
2017,"Anthem, Inc.",ELV,0.232,Holdings SPY
2017,CSX Corp.,CSX,0.23,Holdings SPY
2017,"Dominion Energy, Inc.",D,0.229,Holdings SPY
2017,Southern Co.,SO,0.228,Holdings SPY
2017,"Automatic Data Processing, Inc.",ADP,0.227,Holdings SPY
2017,Occidental Petroleum Corp.,OXY,0.227,Holdings SPY
2017,"Activision Blizzard, Inc.",MSFT,0.226,Holdings SPY
2017,Cigna Corp.,CI,0.218,Holdings SPY
2017,"TJX Cos., Inc.",TJX,0.217,Holdings SPY
2017,Ford Motor Co.,F,0.217,Holdings SPY
2017,Kraft Heinz Co.,KHC,0.214,Holdings SPY
2017,"Illinois Tool Works, Inc.",ITW,0.214,Holdings SPY
2017,"CME Group, Inc.",CME,0.213,Holdings SPY
2017,Stryker Corp.,SYK,0.212,Holdings SPY
2017,"Prudential Financial, Inc.",PRU,0.211,Holdings SPY
2017,Becton Dickinson and Co.,BDX,0.206,Holdings SPY
2017,"Micron Technology, Inc.",MU,0.203,Holdings SPY
2017,"Marsh & McLennan Cos., Inc.",MRSH,0.2,Holdings SPY
2017,Cognizant Technology Solutions Corp. Class A,CTSH,0.198,Holdings SPY
2017,Kimberly-Clark Corp.,KMB,0.194,Holdings SPY
2017,Capital One Financial Corp.,COF,0.189,Holdings SPY
2017,Crown Castle International Corp. REIT,CCI,0.188,Holdings SPY
2017,Emerson Electric Co.,EMR,0.188,Holdings SPY
2017,"Intercontinental Exchange, Inc.",ICE,0.187,Holdings SPY
2017,"S&P Global, Inc.",SPGI,0.187,Holdings SPY
2017,Deere & Co.,DE,0.186,Holdings SPY
2017,Boston Scientific Corp.,BSX,0.185,Holdings SPY
2017,Halliburton Co.,HAL,0.185,Holdings SPY
2017,"Praxair, Inc.",LIN,0.184,Holdings SPY
2017,Phillips 66,PSX,0.182,Holdings SPY
2017,"Intuitive Surgical, Inc.",ISRG,0.181,Holdings SPY
2017,Norfolk Southern Corp.,NSC,0.178,Holdings SPY
2017,"Vertex Pharmaceuticals, Inc.",VRTX,0.178,Holdings SPY
2017,"eBay, Inc.",EBAY,0.177,Holdings SPY
2017,BB&T Corp.,TFC,0.176,Holdings SPY
2017,Johnson Controls International PLC,JCI,0.174,Holdings SPY
2017,Aon PLC,AON,0.172,Holdings SPY
2017,"Kinder Morgan, Inc.",KMI,0.17,Holdings SPY
2017,Express Scripts Holding Co.,CI,0.169,Holdings SPY
2017,"Electronic Arts, Inc.",EA,0.169,Holdings SPY
2017,Exelon Corp.,EXC,0.168,Holdings SPY
2017,State Street Corp.(c),STT,0.166,Holdings SPY
2017,"Humana, Inc.",HUM,0.163,Holdings SPY
2017,PG&E Corp.,PCG,0.161,Holdings SPY
2017,"Marriott International, Inc. Class A",MAR,0.161,Holdings SPY
2017,"Equinix, Inc. REIT",EQIX,0.161,Holdings SPY
2017,"Intuit, Inc.",INTU,0.16,Holdings SPY
2017,"American Electric Power Co., Inc.",AEP,0.16,Holdings SPY
2017,Eaton Corp. PLC,ETN,0.16,Holdings SPY
2017,"Constellation Brands, Inc. Class A",STZ,0.159,Holdings SPY
2017,"Travelers Cos., Inc.",TRV,0.159,Holdings SPY
2017,"Regeneron Pharmaceuticals, Inc.",REGN,0.158,Holdings SPY
2017,Valero Energy Corp.,VLO,0.157,Holdings SPY
2017,"Ecolab, Inc.",ECL,0.156,Holdings SPY
2017,Allstate Corp.,ALL,0.155,Holdings SPY
2017,"Prologis, Inc. REIT",PLD,0.155,Holdings SPY
2017,"HP, Inc.",HPQ,0.154,Holdings SPY
2017,"Air Products & Chemicals, Inc.",APD,0.152,Holdings SPY
2017,McKesson Corp.,MCK,0.15,Holdings SPY
2017,Target Corp.,TGT,0.149,Holdings SPY
2017,"Aflac, Inc.",AFL,0.149,Holdings SPY
2017,LyondellBasell Industries NV Class A,LYB,0.149,Holdings SPY
2017,"Delta Air Lines, Inc.",DAL,0.149,Holdings SPY
2017,Public Storage REIT,PSA,0.147,Holdings SPY
2017,"Waste Management, Inc.",WM,0.147,Holdings SPY
2017,"Analog Devices, Inc.",ADI,0.147,Holdings SPY
2017,"Alexion Pharmaceuticals, Inc.",AZN,0.146,Holdings SPY
2017,"Baxter International, Inc.",BAX,0.146,Holdings SPY
2017,"Zoetis, Inc.",ZTS,0.145,Holdings SPY
2017,Southwest Airlines Co.,LUV,0.143,Holdings SPY
2017,"Fidelity National Information Services, Inc.",FIS,0.142,Holdings SPY
2017,Lam Research Corp.,LRCX,0.139,Holdings SPY
2017,"General Mills, Inc.",GIS,0.139,Holdings SPY
2017,"TE Connectivity, Ltd.",TEL,0.136,Holdings SPY
2017,Sherwin-Williams Co.,SHW,0.135,Holdings SPY
2017,"Illumina, Inc.",ILMN,0.134,Holdings SPY
2017,"SunTrust Banks, Inc.",TFC,0.133,Holdings SPY
2017,Sempra Energy,SRE,0.132,Holdings SPY
2017,Marathon Petroleum Corp.,MPC,0.131,Holdings SPY
2017,Progressive Corp.,PGR,0.13,Holdings SPY
2017,"PPoG Industries, Inc.",EOG,0.129,Holdings SPY
2017,"Twenty-First Century Fox, Inc. Class A",DIS,0.129,Holdings SPY
2017,Anadarko Petroleum Corp.,OXY,0.126,Holdings SPY
2017,"Fiserv, Inc.",FISV,0.126,Holdings SPY
2017,"Corning, Inc.",GLW,0.125,Holdings SPY
2017,Delphi Automotive PLC,APTV,0.123,Holdings SPY
2017,"Cummins, Inc.",CMI,0.123,Holdings SPY
2017,Carnival Corp.,CCL,0.122,Holdings SPY
2017,Sysco Corp.,SYY,0.121,Holdings SPY
2017,Amphenol Corp. Class A,APH,0.121,Holdings SPY
2017,PPL Corp.,PPL,0.119,Holdings SPY
2017,"Welltower, Inc. REIT",WELL,0.119,Holdings SPY
2017,Weyerhaeuser Co. REIT,WY,0.118,Holdings SPY
2017,"Ross Stores, Inc.",ROST,0.118,Holdings SPY
2017,"Yum! Brands, Inc.",YUM,0.118,Holdings SPY
2017,"PACCAR, Inc.",PCAR,0.118,Holdings SPY
2017,Western Digital Corp.,WDC,0.117,Holdings SPY
2017,Edison International,EIX,0.116,Holdings SPY
2017,Pioneer Natural Resources Co.,XOM,0.116,Holdings SPY
2017,M&T Bank Corp.,MTB,0.115,Holdings SPY
2017,"Roper Technologies, Inc.",ROP,0.115,Holdings SPY
2017,"Williams Cos., Inc.",WMB,0.115,Holdings SPY
2017,"Autodesk, Inc.",ADSK,0.114,Holdings SPY
2017,"Consolidated Edison, Inc.",ED,0.114,Holdings SPY
2017,"AvalonBay Communities, Inc. REIT",AVB,0.113,Holdings SPY
2017,Hewlett Packard Enterprise Co.,HPE,0.113,Holdings SPY
2017,DXC Technology Co.,DXC,0.113,Holdings SPY
2017,"Digital Realty Trust, Inc. REIT",DLR,0.113,Holdings SPY
2017,Archer-Daniels-Midland Co.,ADM,0.112,Holdings SPY
2017,Equity Residential REIT,EQR,0.112,Holdings SPY
2017,"Estee Lauder Cos., Inc. Class A",EL,0.112,Holdings SPY
2017,"Xcel Energy, Inc.",XEL,0.111,Holdings SPY
2017,Discover Financial Services,COF,0.111,Holdings SPY
2017,"Zimmer Biomet Holdings, Inc.",ZBH,0.109,Holdings SPY
2017,International Paper Co.,IP,0.109,Holdings SPY
2017,"Public Service Enterprise Group, Inc.",PEG,0.108,Holdings SPY
2017,"C.R. Bard, Inc.",BDX,0.108,Holdings SPY
2017,Moody’s Corp.,MCO,0.108,Holdings SPY
2017,Parker-Hannifin Corp.,PH,0.108,Holdings SPY
2017,Synchrony Financial,SYF,0.107,Holdings SPY
2017,Edwards Lifesciences Corp.,EW,0.107,Holdings SPY
2017,"Rockwell Automation, Inc.",ROK,0.107,Holdings SPY
2017,"Stanley Black & Decker, Inc.",SWK,0.107,Holdings SPY
2017,"Ventas, Inc. REIT",VTR,0.106,Holdings SPY
2017,"HCA Healthcare, Inc.",HCA,0.106,Holdings SPY
2017,Monster Beverage Corp.,MNST,0.106,Holdings SPY
2017,Ingersoll-Rand PLC,IR,0.105,Holdings SPY
2017,Cerner Corp.,ORCL,0.104,Holdings SPY
2017,"Ameriprise Financial, Inc.",AMP,0.103,Holdings SPY
2017,"T Rowe Price Group, Inc.",TROW,0.101,Holdings SPY
2017,Fortive Corp.,FTV,0.099,Holdings SPY
2017,"Rockwell Collins, Inc.",RTX,0.098,Holdings SPY
2017,Dollar General Corp.,DG,0.098,Holdings SPY
2017,CBS Corp. Class B,PSKY,0.098,Holdings SPY
2017,"Cardinal Health, Inc.",CAH,0.098,Holdings SPY
2017,"ONEOK, Inc.",OKE,0.098,Holdings SPY
2017,Fifth Third Bancorp,FITB,0.097,Holdings SPY
2017,Willis Towers Watson PLC,WTW,0.096,Holdings SPY
2017,"Agilent Technologies, Inc.",A,0.096,Holdings SPY
2017,KeyCorp,KEY,0.096,Holdings SPY
2017,"Newell Brands, Inc.",NWL,0.096,Holdings SPY
2017,"Microchip Technology, Inc.",MCHP,0.095,Holdings SPY
2017,"Dollar Tree, Inc.",DLTR,0.095,Holdings SPY
2017,"American Airlines Group, Inc.",AAL,0.095,Holdings SPY
2017,"Royal Caribbean Cruises, Ltd.",RCL,0.095,Holdings SPY
2017,"Tyson Foods, Inc. Class A",TSN,0.095,Holdings SPY
2017,Symantec Corp.,GEN,0.094,Holdings SPY
2017,VF Corp.,VFC,0.094,Holdings SPY
2017,"Hartford Financial Services Group, Inc.",HIG,0.094,Holdings SPY
2017,Newmont Mining Corp.,NEM,0.093,Holdings SPY
2017,"Red Hat, Inc.",IBM,0.092,Holdings SPY
2017,"WEC Energy Group, Inc.",WEC,0.092,Holdings SPY
2017,Northern Trust Corp.,NTRS,0.092,Holdings SPY
2017,Incyte Corp.,INCY,0.091,Holdings SPY
2017,"Concho Resources, Inc.",COP,0.09,Holdings SPY
2017,Devon Energy Corp.,DVN,0.089,Holdings SPY
2017,"Citizens Financial Group, Inc.",CFG,0.089,Holdings SPY
2017,DTE Energy Co.,DTE,0.089,Holdings SPY
2017,"Paychex, Inc.",PAYX,0.089,Holdings SPY
2017,Eversource Energy,ES,0.088,Holdings SPY
2017,"O’Reilly Automotive, Inc.",ORLY,0.088,Holdings SPY
2017,"Boston Properties, Inc. REIT",BXP,0.088,Holdings SPY
2017,"Skyworks Solutions, Inc.",SWKS,0.087,Holdings SPY
2017,"Freeport-McMoRan, Inc.",FCX,0.086,Holdings SPY
2017,Regions Financial Corp.,RF,0.085,Holdings SPY
2017,Kroger Co.,KR,0.083,Holdings SPY
2017,Nucor Corp.,NUE,0.083,Holdings SPY
2017,"Xilinx, Inc.",AMD,0.082,Holdings SPY
2017,"Omnicom Group, Inc.",OMC,0.081,Holdings SPY
2017,SBA Communications Corp. REIT,SBAC,0.08,Holdings SPY
2017,"Expedia, Inc.",EXPE,0.08,Holdings SPY
2017,Apache Corp.,APA,0.08,Holdings SPY
2017,"AutoZone, Inc.",AZO,0.079,Holdings SPY
2017,"Principal Financial Group, Inc.",PFG,0.079,Holdings SPY
2017,MGM Resorts International,MGM,0.078,Holdings SPY
2017,Mylan NV,VTRS,0.078,Holdings SPY
2017,Clorox Co.,CLX,0.078,Holdings SPY
2017,Lincoln National Corp.,LNC,0.078,Holdings SPY
2017,Centene Corp.,CNC,0.077,Holdings SPY
2017,"Essex Property Trust, Inc. REIT",ESS,0.077,Holdings SPY
2017,KLA-TencorCorp.,KLAC,0.077,Holdings SPY
2017,"Mettler-Toledo International, Inc.",MTD,0.076,Holdings SPY
2017,"Dr. Pepper Snapple Group, Inc.",KDP,0.075,Holdings SPY
2017,"IHS Markit, Ltd.",SPGI,0.074,Holdings SPY
2017,Harris Corp.,LHX,0.073,Holdings SPY
2017,"United Continental Holdings, Inc.",UAL,0.073,Holdings SPY
2017,Vulcan Materials Co.,VMC,0.073,Holdings SPY
2017,Baker Hughes a GE Co.,BKR,0.072,Holdings SPY
2017,"Level 3 Communications, Inc.",LUMN,0.072,Holdings SPY
2017,Kellogg Co.,KLG,0.072,Holdings SPY
2017,Realty Income Corp. REIT,O,0.072,Holdings SPY
2017,"Mohawk Industries, Inc.",MHK,0.072,Holdings SPY
2017,"Best Buy Co., Inc.",BBY,0.071,Holdings SPY
2017,Hershey Co.,HSY,0.071,Holdings SPY
2017,Laboratory Corp. of America Holdings,LH,0.071,Holdings SPY
2017,"AMETEK, Inc.",AME,0.071,Holdings SPY
2017,"Republic Services, Inc.",RSG,0.07,Holdings SPY
2017,Molson Coors Brewing Co. Class B,TAP,0.07,Holdings SPY
2017,Albemarle Corp.,ALB,0.07,Holdings SPY
2017,"Huntington Bancshares, Inc.",HBAN,0.069,Holdings SPY
2017,Andeavor,MPC,0.069,Holdings SPY
2017,"L3 Technologies, Inc.",LHX,0.068,Holdings SPY
2017,"Franklin Resources, Inc.",BEN,0.068,Holdings SPY
2017,Ball Corp.,BALL,0.067,Holdings SPY
2017,"Global Payments, Inc.",GPN,0.067,Holdings SPY
2017,"Quintiles IMS Holdings, Inc.",IQV,0.067,Holdings SPY
2017,"American Water Works Co., Inc.",AWK,0.067,Holdings SPY
2017,"Textron, Inc.",TXT,0.067,Holdings SPY
2017,"Invesco, Ltd.",IVZ,0.067,Holdings SPY
2017,Waters Corp.,WAT,0.066,Holdings SPY
2017,Dover Corp.,DOV,0.066,Holdings SPY
2017,"CarMax, Inc.",KMX,0.066,Holdings SPY
2017,WestRock Co.,WRK,0.066,Holdings SPY
2017,"Hilton Worldwide Holdings, Inc.",HLT,0.066,Holdings SPY
2017,Genuine Parts Co.,GPC,0.066,Holdings SPY
2017,"Conagra Brands, Inc.",CAG,0.065,Holdings SPY
2017,Ameren Corp.,AEE,0.064,Holdings SPY
2017,"DENTSPLY SIRONA, Inc.",XRAY,0.064,Holdings SPY
2017,Nielsen Holdings PLC,NLSN,0.064,Holdings SPY
2017,"Noble Energy, Inc.",CVX,0.064,Holdings SPY
2017,"Motorola Solutions, Inc.",MSI,0.064,Holdings SPY
2017,AmerisourceBergen Corp.,COR,0.064,Holdings SPY
2017,Whirlpool Corp.,WHR,0.064,Holdings SPY
2017,Entergy Corp.,ETR,0.063,Holdings SPY
2017,"Host Hotels & Resorts, Inc. REIT",HST,0.063,Holdings SPY
2017,"IDEXX Laboratories, Inc.",IDXX,0.063,Holdings SPY
2017,FirstEnergy Corp.,FE,0.063,Holdings SPY
2017,"National Oilwell Varco, Inc.",NOV,0.063,Holdings SPY
2017,"D.R. Horton, Inc.",DHI,0.063,Holdings SPY
2017,"Align Technology, Inc.",ALGN,0.062,Holdings SPY
2017,"Comerica, Inc.",CMA,0.062,Holdings SPY
2017,Eastman Chemical Co.,EMN,0.062,Holdings SPY
2017,Vornado Realty Trust REIT,VNO,0.061,Holdings SPY
2017,Loews Corp.,L,0.061,Holdings SPY
2017,"Ulta Salon Cosmetics & Fragrance, Inc.",ULTA,0.061,Holdings SPY
2017,"Martin Marietta Materials, Inc.",MLM,0.061,Holdings SPY
2017,"GGP, Inc. REIT",BP,0.06,Holdings SPY
2017,Fastenal Co.,FAST,0.06,Holdings SPY
2017,"Henry Schein, Inc.",HSIC,0.06,Holdings SPY
2017,"Quest Diagnostics, Inc.",DGX,0.06,Holdings SPY
2017,"HCP, Inc. REIT",PEAK,0.06,Holdings SPY
2017,CMS Energy Corp.,CMS,0.059,Holdings SPY
2017,"TransDigm Group, Inc.",TDG,0.059,Holdings SPY
2017,Cabot Oil & Gas Corp.,CTRA,0.059,Holdings SPY
2017,"Verisk Analytics, Inc.",VRSK,0.059,Holdings SPY
2017,"Equifax, Inc.",EFX,0.059,Holdings SPY
2017,Masco Corp.,MAS,0.058,Holdings SPY
2017,Hess Corp.,CVX,0.058,Holdings SPY
2017,"Church & Dwight Co., Inc.",CHD,0.057,Holdings SPY
2017,"CenterPoint Energy, Inc.",CNP,0.057,Holdings SPY
2017,Cintas Corp.,CTAS,0.057,Holdings SPY
2017,DISH Network Corp. Class A,SATS,0.057,Holdings SPY
2017,TechnipFMC PLC,FTI,0.057,Holdings SPY
2017,"McCormick & Co., Inc.",MKC,0.057,Holdings SPY
2017,"CBOE Holdings, Inc.",CBOE,0.056,Holdings SPY
2017,ETRADE Financial Corp.,MS,0.056,Holdings SPY
2017,"Synopsys, Inc.",SNPS,0.056,Holdings SPY
2017,"Mid-AmericaApartment Communities, Inc. REIT",MAA,0.056,Holdings SPY
2017,"Wynn Resorts, Ltd.",WYNN,0.055,Holdings SPY
2017,J.M. Smucker Co.,SJM,0.055,Holdings SPY
2017,"NetApp, Inc.",NTAP,0.055,Holdings SPY
2017,FMC Corp.,FMC,0.055,Holdings SPY
2017,Unum Group,UNM,0.054,Holdings SPY
2017,"United Rentals, Inc.",URI,0.054,Holdings SPY
2017,Kansas City Southern,CP,0.054,Holdings SPY
2017,"Cooper Cos., Inc.",COO,0.053,Holdings SPY
2017,Cincinnati Financial Corp.,CINF,0.053,Holdings SPY
2017,"Gartner, Inc.",IT,0.053,Holdings SPY
2017,Marathon Oil Corp.,COP,0.053,Holdings SPY
2017,"CBRE Group, Inc. Class A",CBRE,0.052,Holdings SPY
2017,"Coach, Inc.",TPR,0.052,Holdings SPY
2017,Pentair PLC,PNR,0.052,Holdings SPY
2017,"Twenty-First Century Fox, Inc. Class B",DIS,0.052,Holdings SPY
2017,"Cadence Design Systems, Inc.",CDNS,0.052,Holdings SPY
2017,"Xylem, Inc.",XYL,0.052,Holdings SPY
2017,Perrigo Co. PLC,PRGO,0.052,Holdings SPY
2017,"International Flavors & Fragrances, Inc.",IFF,0.052,Holdings SPY
2017,EQT Corp.,EQT,0.052,Holdings SPY
2017,Wyndham Worldwide Corp.,WH,0.051,Holdings SPY
2017,Arthur J Gallagher & Co.,AJG,0.051,Holdings SPY
2017,"Citrix Systems, Inc.",CTXS,0.051,Holdings SPY
2017,"Raymond James Financial, Inc.",RJF,0.051,Holdings SPY
2017,"Total System Services, Inc.",GPN,0.051,Holdings SPY
2017,LKQ Corp.,LKQ,0.051,Holdings SPY
2017,"ResMed, Inc.",RMD,0.05,Holdings SPY
2017,"Hasbro, Inc.",HAS,0.05,Holdings SPY
2017,"Affiliated Managers Group, Inc.",AMG,0.05,Holdings SPY
2017,"Expeditors International of Washington, Inc.",EXPD,0.05,Holdings SPY
2017,Packaging Corp. of America,PKG,0.05,Holdings SPY
2017,"Alexandria Real Estate Equities, Inc. REIT",ARE,0.05,Holdings SPY
2017,Lennar Corp. Class A,LEN,0.05,Holdings SPY
2017,"C.H. Robinson Worldwide, Inc.",CHRW,0.05,Holdings SPY
2017,Alliance Data Systems Corp.,BFH,0.049,Holdings SPY
2017,Brown-Forman Corp. Class B,BF.B,0.049,Holdings SPY
2017,Cimarex Energy Co.,CTRA,0.049,Holdings SPY
2017,"XL Group, Ltd.",AXA,0.049,Holdings SPY
2017,"Juniper Networks, Inc.",HPE,0.049,Holdings SPY
2017,"CA, Inc.",AVGO,0.048,Holdings SPY
2017,"ANSYS, Inc.",SNPS,0.048,Holdings SPY
2017,"CenturyLink, Inc.",LUMN,0.048,Holdings SPY
2017,SL Green Realty Corp. REIT,SLG,0.048,Holdings SPY
2017,"Iron Mountain, Inc. REIT",IRM,0.048,Holdings SPY
2017,"Hologic, Inc.",HOLX,0.048,Holdings SPY
2017,"Advanced Micro Devices, Inc.",AMD,0.048,Holdings SPY
2017,"BorgWarner, Inc.",BWA,0.047,Holdings SPY
2017,Duke Realty Corp. REIT,PLD,0.047,Holdings SPY
2017,PVH Corp.,PVH,0.047,Holdings SPY
2017,"Fortune Brands Home & Security, Inc.",FBIN,0.047,Holdings SPY
2017,"UDR, Inc. REIT",UDR,0.046,Holdings SPY
2017,"L Brands, Inc.",VSCO,0.046,Holdings SPY
2017,"Extra Space Storage, Inc. REIT",EXR,0.046,Holdings SPY
2017,"Universal Health Services, Inc. Class B",UHS,0.046,Holdings SPY
2017,"Viacom, Inc. Class B",PSKY,0.045,Holdings SPY
2017,"Darden Restaurants, Inc.",DRI,0.045,Holdings SPY
2017,"JB Hunt Transport Services, Inc.",JBHT,0.045,Holdings SPY
2017,"W.W. Grainger, Inc.",GWW,0.045,Holdings SPY
2017,Seagate Technology PLC,STX,0.045,Holdings SPY
2017,"Arconic, Inc.",ARNC,0.045,Holdings SPY
2017,Zions Bancorp,ZION,0.044,Holdings SPY
2017,Alliant Energy Corp.,LNT,0.044,Holdings SPY
2017,"VeriSign, Inc.",VRSN,0.044,Holdings SPY
2017,"Varian Medical Systems, Inc.",SIE,0.043,Holdings SPY
2017,Tiffany & Co.,LVMUY,0.043,Holdings SPY
2017,"Everest Re Group, Ltd.",EG,0.043,Holdings SPY
2017,"Alaska Air Group, Inc.",ALK,0.043,Holdings SPY
2017,Pinnacle West Capital Corp.,PNW,0.043,Holdings SPY
2017,"DaVita, Inc.",DVA,0.043,Holdings SPY
2017,"Hanesbrands, Inc.",GIL,0.043,Holdings SPY
2017,Regency Centers Corp. REIT,REG,0.042,Holdings SPY
2017,Campbell Soup Co.,CPB,0.042,Holdings SPY
2017,Federal Realty Investment Trust REIT,FRT,0.041,Holdings SPY
2017,"Qorvo, Inc.",QRVO,0.041,Holdings SPY
2017,Western Union Co.,WU,0.041,Holdings SPY
2017,Torchmark Corp.,GL,0.041,Holdings SPY
2017,"Nasdaq, Inc.",NDAQ,0.041,Holdings SPY
2017,AO Smith Corp.,AOS,0.04,Holdings SPY
2017,Avery Dennison Corp.,AVY,0.04,Holdings SPY
2017,"Snap-on,Inc.",SNA,0.04,Holdings SPY
2017,Hormel Foods Corp.,HRL,0.039,Holdings SPY
2017,"Harley-Davidson, Inc.",HOG,0.039,Holdings SPY
2017,"Akamai Technologies, Inc.",AKAM,0.039,Holdings SPY
2017,Goodyear Tire & Rubber Co.,GT,0.039,Holdings SPY
2017,Tractor Supply Co.,TSCO,0.039,Holdings SPY
2017,Sealed Air Corp.,SEE,0.039,Holdings SPY
2017,Leucadia National Corp.,JEF,0.038,Holdings SPY
2017,"NiSource, Inc.",NI,0.038,Holdings SPY
2017,"Interpublic Group of Cos., Inc.",IPG,0.038,Holdings SPY
2017,Allegion PLC,ALLE,0.038,Holdings SPY
2017,Kimco Realty Corp. REIT,KIM,0.038,Holdings SPY
2017,"CF Industries Holdings, Inc.",CF,0.038,Holdings SPY
2017,"Scripps Networks Interactive, Inc. Class A",WBD,0.037,Holdings SPY
2017,Kohl’s Corp.,KSS,0.037,Holdings SPY
2017,"NRG Energy, Inc.",NRG,0.037,Holdings SPY
2017,"PulteGroup, Inc.",PHM,0.036,Holdings SPY
2017,"F5 Networks, Inc.",FFIV,0.036,Holdings SPY
2017,"Coty, Inc. Class A",COTY,0.036,Holdings SPY
2017,"Chipotle Mexican Grill, Inc.",CMG,0.036,Holdings SPY
2017,Mosaic Co.,MOS,0.035,Holdings SPY
2017,"PerkinElmer, Inc.",RVTY,0.034,Holdings SPY
2017,"Acuity Brands, Inc.",AYI,0.034,Holdings SPY
2017,"Michael Kors Holdings, Ltd.",TPR,0.034,Holdings SPY
2017,"Advance Auto Parts, Inc.",AAP,0.033,Holdings SPY
2017,AES Corp.,AES,0.033,Holdings SPY
2017,Xerox Corp.,XRX,0.033,Holdings SPY
2017,"Jacobs Engineering Group, Inc.",J,0.033,Holdings SPY
2017,SCANA Corp.,D,0.032,Holdings SPY
2017,Apartment Investment & Management Co. Class A REIT,AIV,0.031,Holdings SPY
2017,"Macy’s, Inc.",M,0.031,Holdings SPY
2017,"Gap, Inc.",GAP,0.03,Holdings SPY
2017,"Robert Half International, Inc.",RHI,0.03,Holdings SPY
2017,"Leggett & Platt, Inc.",LEG,0.03,Holdings SPY
2017,"People’s United Financial, Inc.",MTB,0.029,Holdings SPY
2017,"Garmin, Ltd.",GRMN,0.029,Holdings SPY
2017,"Brighthouse Financial, Inc.",BHF,0.028,Holdings SPY
2017,"Stericycle, Inc.",WM,0.028,Holdings SPY
2017,Macerich Co. REIT,MAC,0.028,Holdings SPY
2017,Newfield Exploration Co.,OVV,0.027,Holdings SPY
2017,Fluor Corp.,FLR,0.027,Holdings SPY
2017,"Quanta Services, Inc.",PWR,0.026,Holdings SPY
2017,"Helmerich & Payne, Inc.",HP,0.026,Holdings SPY
2017,"H&R Block, Inc.",HRB,0.025,Holdings SPY
2017,"Nordstrom, Inc.",JWN,0.025,Holdings SPY
2017,Flowserve Corp.,FLS,0.025,Holdings SPY
2017,"Assurant, Inc.",AIZ,0.025,Holdings SPY
2017,"CSRA, Inc.",GD,0.025,Holdings SPY
2017,"FLIR Systems, Inc.",TDY,0.024,Holdings SPY
2017,Envision Healthcare Corp.,EVHCQ,0.024,Holdings SPY
2017,"Mattel, Inc.",MAT,0.024,Holdings SPY
2017,Ralph Lauren Corp.,RL,0.023,Holdings SPY
2017,News Corp. Class A,NWS,0.023,Holdings SPY
2017,"Foot Locker, Inc.",FL,0.022,Holdings SPY
2017,"TripAdvisor, Inc.",TRIP,0.021,Holdings SPY
2017,Navient Corp.,NAVI,0.021,Holdings SPY
2017,Range Resources Corp.,RRC,0.021,Holdings SPY
2017,"Discovery Communications, Inc. Class C",WBD,0.02,Holdings SPY
2017,"Signet Jewelers, Ltd.",SIG,0.019,Holdings SPY
2017,Chesapeake Energy Corp.,CHK,0.018,Holdings SPY
2017,"Patterson Cos., Inc.",PDCO,0.015,Holdings SPY
2017,"Discovery Communications, Inc. Class A",WBD,0.015,Holdings SPY
2017,"Under Armour, Inc. Class A",UA,0.014,Holdings SPY
2017,"Under Armour, Inc. Class C",UA,0.013,Holdings SPY
2017,News Corp. Class B,NWS,0.007,Holdings SPY
2018,"Apple, Inc.",AAPL,4.211,Holdings SPY
2018,Microsoft Corp.,MSFT,3.567,Holdings SPY
2018,"Amazon.com, Inc.",AMZN,3.339,Holdings SPY
2018,"Berkshire Hathaway, Inc. Class B",BRK.B,1.698,Holdings SPY
2018,"Facebook, Inc. Class A",META,1.613,Holdings SPY
2018,JPMorgan Chase & Co.,JPM,1.542,Holdings SPY
2018,Johnson & Johnson,JNJ,1.508,Holdings SPY
2018,"Alphabet, Inc. Class C",GOOG,1.495,Holdings SPY
2018,"Alphabet, Inc. Class A",GOOG,1.468,Holdings SPY
2018,Exxon Mobil Corp.,XOM,1.464,Holdings SPY
2018,Bank of America Corp.,BAC,1.113,Holdings SPY
2018,"Visa, Inc. Class A",V,1.085,Holdings SPY
2018,"Pfizer, Inc.",PFE,1.051,Holdings SPY
2018,"UnitedHealth Group, Inc.",UNH,1.042,Holdings SPY
2018,"AT&T, Inc.",T,0.992,Holdings SPY
2018,"Home Depot, Inc.",HD,0.964,Holdings SPY
2018,Chevron Corp.,CVX,0.953,Holdings SPY
2018,Wells Fargo & Co.,WFC,0.927,Holdings SPY
2018,"Cisco Systems, Inc.",CSCO,0.904,Holdings SPY
2018,"Verizon Communications, Inc.",VZ,0.897,Holdings SPY
2018,Intel Corp.,INTC,0.887,Holdings SPY
2018,Procter & Gamble Co.,PG,0.843,Holdings SPY
2018,"Mastercard, Inc. Class A",MA,0.826,Holdings SPY
2018,Boeing Co.,BA,0.808,Holdings SPY
2018,"Merck & Co., Inc.",MRK,0.767,Holdings SPY
2018,"Citigroup, Inc.",C,0.734,Holdings SPY
2018,Coca-Cola Co.,KO,0.719,Holdings SPY
2018,Walt Disney Co.,DIS,0.707,Holdings SPY
2018,NVIDIA Corp.,NVDA,0.695,Holdings SPY
2018,"Netflix, Inc.",NFLX,0.663,Holdings SPY
2018,Comcast Corp. Class A,CMCSA,0.658,Holdings SPY
2018,"PepsiCo, Inc.",PEP,0.643,Holdings SPY
2018,"DowDuPont, Inc.",DOW,0.604,Holdings SPY
2018,Oracle Corp.,ORCL,0.593,Holdings SPY
2018,"AbbVie, Inc.",ABBV,0.583,Holdings SPY
2018,International Business Machines Corp.,IBM,0.562,Holdings SPY
2018,"Walmart, Inc.",WMT,0.549,Holdings SPY
2018,"Amgen, Inc.",AMGN,0.546,Holdings SPY
2018,Medtronic PLC,MDT,0.54,Holdings SPY
2018,"Adobe Systems, Inc.",ADBE,0.538,Holdings SPY
2018,McDonald’s Corp.,MCD,0.528,Holdings SPY
2018,Abbott Laboratories,ABT,0.524,Holdings SPY
2018,"Philip Morris International, Inc.",PM,0.516,Holdings SPY
2018,"Honeywell International, Inc.",HON,0.504,Holdings SPY
2018,3M Co.,MMM,0.503,Holdings SPY
2018,"salesforce.com, Inc.",CRM,0.49,Holdings SPY
2018,Union Pacific Corp.,UNP,0.49,Holdings SPY
2018,"Altria Group, Inc.",MO,0.462,Holdings SPY
2018,Accenture PLC Class A,ACN,0.443,Holdings SPY
2018,"NIKE, Inc. Class B",NKE,0.441,Holdings SPY
2018,"Broadcom, Inc.",AVGO,0.434,Holdings SPY
2018,United Technologies Corp.,UAL,0.428,Holdings SPY
2018,"Texas Instruments, Inc.",TXN,0.425,Holdings SPY
2018,"PayPal Holdings, Inc.",PYPL,0.423,Holdings SPY
2018,Costco Wholesale Corp.,COST,0.419,Holdings SPY
2018,Eli Lilly & Co.,LLY,0.417,Holdings SPY
2018,Bristol-Myers Squibb Co.,BMY,0.412,Holdings SPY
2018,"QUALCOMM, Inc.",QCOM,0.412,Holdings SPY
2018,"Gilead Sciences, Inc.",GILD,0.407,Holdings SPY
2018,"Thermo Fisher Scientific, Inc.",TMO,0.4,Holdings SPY
2018,General Electric Co.,GE,0.399,Holdings SPY
2018,"Booking Holdings, Inc.",BKNG,0.383,Holdings SPY
2018,"Lowe’s Cos., Inc.",LOW,0.379,Holdings SPY
2018,"Caterpillar, Inc.",CAT,0.369,Holdings SPY
2018,ConocoPhillips,COP,0.366,Holdings SPY
2018,Lockheed Martin Corp.,LMT,0.348,Holdings SPY
2018,"Schlumberger, Ltd.",SLB,0.343,Holdings SPY
2018,"United Parcel Service, Inc. Class B",UPS,0.329,Holdings SPY
2018,US Bancorp,USB,0.329,Holdings SPY
2018,CVS Health Corp.,CVS,0.326,Holdings SPY
2018,"NextEra Energy, Inc.",NEE,0.322,Holdings SPY
2018,"Goldman Sachs Group, Inc.",GS,0.32,Holdings SPY
2018,Starbucks Corp.,SBUX,0.312,Holdings SPY
2018,American Express Co.,AXP,0.306,Holdings SPY
2018,"EOG Resources, Inc.",EOG,0.301,Holdings SPY
2018,"Anthem, Inc.",ELV,0.29,Holdings SPY
2018,"Biogen, Inc.",BIIB,0.289,Holdings SPY
2018,"TJX Cos., Inc.",TJX,0.285,Holdings SPY
2018,Becton Dickinson and Co.,BDX,0.284,Holdings SPY
2018,Danaher Corp.,DHR,0.272,Holdings SPY
2018,"Aetna, Inc.",CVS,0.27,Holdings SPY
2018,"Automatic Data Processing, Inc.",ADP,0.269,Holdings SPY
2018,"Intuitive Surgical, Inc.",ISRG,0.266,Holdings SPY
2018,American Tower Corp. REIT,AMT,0.26,Holdings SPY
2018,"Activision Blizzard, Inc.",MSFT,0.258,Holdings SPY
2018,"PNC Financial Services Group, Inc.",PNC,0.257,Holdings SPY
2018,"Mondelez International, Inc. Class A",MDLZ,0.256,Holdings SPY
2018,Celgene Corp.,BMY,0.256,Holdings SPY
2018,Occidental Petroleum Corp.,OXY,0.255,Holdings SPY
2018,"Chubb, Ltd.",CB,0.252,Holdings SPY
2018,"Walgreens Boots Alliance, Inc.",WBA,0.252,Holdings SPY
2018,Morgan Stanley,MS,0.251,Holdings SPY
2018,Allergan PLC,ABBV,0.247,Holdings SPY
2018,CSX Corp.,CSX,0.246,Holdings SPY
2018,Charles Schwab Corp.,SCHW,0.24,Holdings SPY
2018,Raytheon Co.,RTX,0.24,Holdings SPY
2018,FedEx Corp.,FDX,0.239,Holdings SPY
2018,"Intuit, Inc.",INTU,0.239,Holdings SPY
2018,Colgate-Palmolive Co.,CL,0.237,Holdings SPY
2018,"Charter Communications, Inc. Class A",CHTR,0.237,Holdings SPY
2018,"CME Group, Inc.",CME,0.236,Holdings SPY
2018,"BlackRock, Inc.",BLK,0.235,Holdings SPY
2018,General Dynamics Corp.,GD,0.232,Holdings SPY
2018,Duke Energy Corp.,DUK,0.232,Holdings SPY
2018,Stryker Corp.,SYK,0.224,Holdings SPY
2018,Northrop Grumman Corp.,NOC,0.224,Holdings SPY
2018,"Simon Property Group, Inc. REIT",SPG,0.222,Holdings SPY
2018,"Illumina, Inc.",ILMN,0.218,Holdings SPY
2018,Boston Scientific Corp.,BSX,0.217,Holdings SPY
2018,Express Scripts Holding Co.,CI,0.216,Holdings SPY
2018,"Micron Technology, Inc.",MU,0.212,Holdings SPY
2018,Norfolk Southern Corp.,NSC,0.207,Holdings SPY
2018,Cigna Corp.,CI,0.207,Holdings SPY
2018,"Vertex Pharmaceuticals, Inc.",VRTX,0.2,Holdings SPY
2018,"S&P Global, Inc.",SPGI,0.2,Holdings SPY
2018,Valero Energy Corp.,VLO,0.198,Holdings SPY
2018,"Twenty-First Century Fox, Inc. Class A",DIS,0.198,Holdings SPY
2018,Deere & Co.,DE,0.197,Holdings SPY
2018,Phillips 66,PSX,0.196,Holdings SPY
2018,Emerson Electric Co.,EMR,0.195,Holdings SPY
2018,"American International Group, Inc.",AIG,0.193,Holdings SPY
2018,Bank of New York Mellon Corp.,BK,0.191,Holdings SPY
2018,Target Corp.,TGT,0.19,Holdings SPY
2018,"MetLife, Inc.",MET,0.189,Holdings SPY
2018,"Humana, Inc.",HUM,0.189,Holdings SPY
2018,"Dominion Energy, Inc.",D,0.187,Holdings SPY
2018,"Praxair, Inc.",LIN,0.187,Holdings SPY
2018,Crown Castle International Corp. REIT,CCI,0.187,Holdings SPY
2018,Capital One Financial Corp.,COF,0.185,Holdings SPY
2018,Cognizant Technology Solutions Corp. Class A,CTSH,0.183,Holdings SPY
2018,"Zoetis, Inc.",ZTS,0.18,Holdings SPY
2018,Southern Co.,SO,0.18,Holdings SPY
2018,General Motors Co.,GM,0.18,Holdings SPY
2018,"Illinois Tool Works, Inc.",ITW,0.177,Holdings SPY
2018,"Intercontinental Exchange, Inc.",ICE,0.175,Holdings SPY
2018,"Prologis, Inc. REIT",PLD,0.173,Holdings SPY
2018,"Prudential Financial, Inc.",PRU,0.172,Holdings SPY
2018,"Marsh & McLennan Cos., Inc.",MRSH,0.171,Holdings SPY
2018,Exelon Corp.,EXC,0.171,Holdings SPY
2018,Progressive Corp.,PGR,0.167,Holdings SPY
2018,"HP, Inc.",HPQ,0.166,Holdings SPY
2018,"Ecolab, Inc.",ECL,0.162,Holdings SPY
2018,Kimberly-Clark Corp.,KMB,0.162,Holdings SPY
2018,"Baxter International, Inc.",BAX,0.155,Holdings SPY
2018,"Marriott International, Inc. Class A",MAR,0.155,Holdings SPY
2018,"Applied Materials, Inc.",AMAT,0.155,Holdings SPY
2018,BB&T Corp.,TFC,0.154,Holdings SPY
2018,Eaton Corp. PLC,ETN,0.154,Holdings SPY
2018,"HCA Healthcare, Inc.",HCA,0.153,Holdings SPY
2018,Aon PLC,AON,0.152,Holdings SPY
2018,"Ross Stores, Inc.",ROST,0.152,Holdings SPY
2018,Sherwin-Williams Co.,SHW,0.152,Holdings SPY
2018,"Electronic Arts, Inc.",EA,0.15,Holdings SPY
2018,Edwards Lifesciences Corp.,EW,0.148,Holdings SPY
2018,"Air Products & Chemicals, Inc.",APD,0.148,Holdings SPY
2018,"Delta Air Lines, Inc.",DAL,0.148,Holdings SPY
2018,"Aflac, Inc.",AFL,0.147,Holdings SPY
2018,Marathon Petroleum Corp.,MPC,0.147,Holdings SPY
2018,"Constellation Brands, Inc. Class A",STZ,0.147,Holdings SPY
2018,Ford Motor Co.,F,0.146,Holdings SPY
2018,"Waste Management, Inc.",WM,0.146,Holdings SPY
2018,"Fidelity National Information Services, Inc.",FIS,0.146,Holdings SPY
2018,Halliburton Co.,HAL,0.145,Holdings SPY
2018,"Travelers Cos., Inc.",TRV,0.143,Holdings SPY
2018,Sysco Corp.,SYY,0.142,Holdings SPY
2018,"American Electric Power Co., Inc.",AEP,0.141,Holdings SPY
2018,Anadarko Petroleum Corp.,OXY,0.14,Holdings SPY
2018,Allstate Corp.,ALL,0.14,Holdings SPY
2018,Kraft Heinz Co.,KHC,0.139,Holdings SPY
2018,"Equinix, Inc. REIT",EQIX,0.139,Holdings SPY
2018,"Analog Devices, Inc.",ADI,0.139,Holdings SPY
2018,"Autodesk, Inc.",ADSK,0.138,Holdings SPY
2018,"Fiserv, Inc.",FISV,0.136,Holdings SPY
2018,"Kinder Morgan, Inc.",KMI,0.136,Holdings SPY
2018,"Williams Cos., Inc.",WMB,0.134,Holdings SPY
2018,LyondellBasell Industries NV Class A,LYB,0.133,Holdings SPY
2018,"Estee Lauder Cos., Inc. Class A",EL,0.132,Holdings SPY
2018,Johnson Controls International PLC,JCI,0.131,Holdings SPY
2018,Southwest Airlines Co.,LUV,0.131,Holdings SPY
2018,State Street Corp.(c),STT,0.129,Holdings SPY
2018,Sempra Energy,SRE,0.127,Holdings SPY
2018,"Regeneron Pharmaceuticals, Inc.",REGN,0.126,Holdings SPY
2018,"SunTrust Banks, Inc.",TFC,0.126,Holdings SPY
2018,"Alexion Pharmaceuticals, Inc.",AZN,0.125,Holdings SPY
2018,"eBay, Inc.",EBAY,0.125,Holdings SPY
2018,"Concho Resources, Inc.",COP,0.124,Holdings SPY
2018,"TE Connectivity, Ltd.",TEL,0.124,Holdings SPY
2018,VF Corp.,VFC,0.124,Holdings SPY
2018,"Roper Technologies, Inc.",ROP,0.124,Holdings SPY
2018,Public Storage REIT,PSA,0.122,Holdings SPY
2018,Centene Corp.,CNC,0.12,Holdings SPY
2018,Pioneer Natural Resources Co.,XOM,0.12,Holdings SPY
2018,"Yum! Brands, Inc.",YUM,0.119,Holdings SPY
2018,Dollar General Corp.,DG,0.118,Holdings SPY
2018,"Align Technology, Inc.",ALGN,0.116,Holdings SPY
2018,"Corning, Inc.",GLW,0.116,Holdings SPY
2018,Amphenol Corp. Class A,APH,0.116,Holdings SPY
2018,"O’Reilly Automotive, Inc.",ORLY,0.115,Holdings SPY
2018,Archer-Daniels-Midland Co.,ADM,0.115,Holdings SPY
2018,Moody’s Corp.,MCO,0.113,Holdings SPY
2018,"ONEOK, Inc.",OKE,0.113,Holdings SPY
2018,McKesson Corp.,MCK,0.108,Holdings SPY
2018,"Public Service Enterprise Group, Inc.",PEG,0.108,Holdings SPY
2018,"Advanced Micro Devices, Inc.",AMD,0.108,Holdings SPY
2018,DXC Technology Co.,DXC,0.108,Holdings SPY
2018,"T Rowe Price Group, Inc.",TROW,0.108,Holdings SPY
2018,"Zimmer Biomet Holdings, Inc.",ZBH,0.108,Holdings SPY
2018,"PPG Industries, Inc.",PPG,0.107,Holdings SPY
2018,Discover Financial Services,COF,0.107,Holdings SPY
2018,Carnival Corp.,CCL,0.105,Holdings SPY
2018,Fortive Corp.,FTV,0.104,Holdings SPY
2018,"General Mills, Inc.",GIS,0.103,Holdings SPY
2018,Ingersoll-Rand PLC,IR,0.102,Holdings SPY
2018,"AvalonBay Communities, Inc. REIT",AVB,0.101,Holdings SPY
2018,Parker-Hannifin Corp.,PH,0.099,Holdings SPY
2018,Weyerhaeuser Co. REIT,WY,0.099,Holdings SPY
2018,Equity Residential REIT,EQR,0.099,Holdings SPY
2018,"Red Hat, Inc.",IBM,0.098,Holdings SPY
2018,"Hilton Worldwide Holdings, Inc.",HLT,0.098,Holdings SPY
2018,Hewlett Packard Enterprise Co.,HPE,0.098,Holdings SPY
2018,Lam Research Corp.,LRCX,0.097,Holdings SPY
2018,"Xcel Energy, Inc.",XEL,0.097,Holdings SPY
2018,"PACCAR, Inc.",PCAR,0.097,Holdings SPY
2018,"Welltower, Inc. REIT",WELL,0.097,Holdings SPY
2018,M&T Bank Corp.,MTB,0.097,Holdings SPY
2018,PG&E Corp.,PCG,0.096,Holdings SPY
2018,"Consolidated Edison, Inc.",ED,0.096,Holdings SPY
2018,Kroger Co.,KR,0.096,Holdings SPY
2018,"Rockwell Automation, Inc.",ROK,0.095,Holdings SPY
2018,"Paychex, Inc.",PAYX,0.095,Holdings SPY
2018,Monster Beverage Corp.,MNST,0.094,Holdings SPY
2018,"Digital Realty Trust, Inc. REIT",DLR,0.094,Holdings SPY
2018,"Rockwell Collins, Inc.",RTX,0.093,Holdings SPY
2018,Northern Trust Corp.,NTRS,0.093,Holdings SPY
2018,"Stanley Black & Decker, Inc.",SWK,0.091,Holdings SPY
2018,"Agilent Technologies, Inc.",A,0.091,Holdings SPY
2018,"Twenty-First Century Fox, Inc. Class B",DIS,0.091,Holdings SPY
2018,"NetApp, Inc.",NTAP,0.091,Holdings SPY
2018,Aptiv PLC,APTV,0.09,Holdings SPY
2018,"Royal Caribbean Cruises, Ltd.",RCL,0.09,Holdings SPY
2018,"Cummins, Inc.",CMI,0.089,Holdings SPY
2018,Edison International,EIX,0.089,Holdings SPY
2018,"IDEXX Laboratories, Inc.",IDXX,0.088,Holdings SPY
2018,Andeavor,MPC,0.087,Holdings SPY
2018,"Ameriprise Financial, Inc.",AMP,0.086,Holdings SPY
2018,Cerner Corp.,ORCL,0.086,Holdings SPY
2018,Synchrony Financial,SYF,0.086,Holdings SPY
2018,"Motorola Solutions, Inc.",MSI,0.085,Holdings SPY
2018,"WEC Energy Group, Inc.",WEC,0.085,Holdings SPY
2018,KeyCorp,KEY,0.085,Holdings SPY
2018,"IQVIA Holdings, Inc.",IQV,0.085,Holdings SPY
2018,"AutoZone, Inc.",AZO,0.084,Holdings SPY
2018,"Twitter, Inc.",TWTR,0.083,Holdings SPY
2018,Regions Financial Corp.,RF,0.083,Holdings SPY
2018,"United Continental Holdings, Inc.",UAL,0.083,Holdings SPY
2018,PPL Corp.,PPL,0.083,Holdings SPY
2018,Devon Energy Corp.,DVN,0.083,Holdings SPY
2018,"FleetCor Technologies, Inc.",FLT,0.083,Holdings SPY
2018,International Paper Co.,IP,0.082,Holdings SPY
2018,"Xilinx, Inc.",AMD,0.082,Holdings SPY
2018,"Global Payments, Inc.",GPN,0.082,Holdings SPY
2018,"ABIOMED, Inc.",JNJ,0.082,Holdings SPY
2018,"Freeport-McMoRan, Inc.",FCX,0.082,Holdings SPY
2018,"CenturyLink, Inc.",LUMN,0.082,Holdings SPY
2018,Nucor Corp.,NUE,0.082,Holdings SPY
2018,Harris Corp.,LHX,0.081,Holdings SPY
2018,"Verisk Analytics, Inc.",VRSK,0.081,Holdings SPY
2018,Marathon Oil Corp.,COP,0.08,Holdings SPY
2018,DTE Energy Co.,DTE,0.08,Holdings SPY
2018,CBS Corp. Class B,PSKY,0.08,Holdings SPY
2018,"Best Buy Co., Inc.",BBY,0.079,Holdings SPY
2018,Eversource Energy,ES,0.079,Holdings SPY
2018,"IHS Markit, Ltd.",SPGI,0.079,Holdings SPY
2018,Clorox Co.,CLX,0.078,Holdings SPY
2018,"Dollar Tree, Inc.",DLTR,0.078,Holdings SPY
2018,"Ventas, Inc. REIT",VTR,0.078,Holdings SPY
2018,"Boston Properties, Inc. REIT",BXP,0.077,Holdings SPY
2018,Mylan NV,VTRS,0.076,Holdings SPY
2018,Willis Towers Watson PLC,WTW,0.076,Holdings SPY
2018,Fifth Third Bancorp,FITB,0.076,Holdings SPY
2018,"Microchip Technology, Inc.",MCHP,0.075,Holdings SPY
2018,SBA Communications Corp. REIT,SBAC,0.075,Holdings SPY
2018,"Citizens Financial Group, Inc.",CFG,0.075,Holdings SPY
2018,"TransDigm Group, Inc.",TDG,0.074,Holdings SPY
2018,"AMETEK, Inc.",AME,0.074,Holdings SPY
2018,Apache Corp.,APA,0.074,Holdings SPY
2018,FirstEnergy Corp.,FE,0.074,Holdings SPY
2018,Hess Corp.,CVX,0.073,Holdings SPY
2018,"Hartford Financial Services Group, Inc.",HIG,0.072,Holdings SPY
2018,"Textron, Inc.",TXT,0.072,Holdings SPY
2018,Kellogg Co.,KLG,0.072,Holdings SPY
2018,Laboratory Corp. of America Holdings,LH,0.072,Holdings SPY
2018,"Tyson Foods, Inc. Class A",TSN,0.072,Holdings SPY
2018,Western Digital Corp.,WDC,0.071,Holdings SPY
2018,"VeriSign, Inc.",VRSN,0.07,Holdings SPY
2018,"American Airlines Group, Inc.",AAL,0.07,Holdings SPY
2018,Cintas Corp.,CTAS,0.069,Holdings SPY
2018,"Cardinal Health, Inc.",CAH,0.068,Holdings SPY
2018,"L3 Technologies, Inc.",LHX,0.068,Holdings SPY
2018,Fastenal Co.,FAST,0.068,Holdings SPY
2018,"Total System Services, Inc.",GPN,0.067,Holdings SPY
2018,Realty Income Corp. REIT,O,0.067,Holdings SPY
2018,"Skyworks Solutions, Inc.",SWKS,0.067,Holdings SPY
2018,SVB Financial Group,SIVBQ,0.067,Holdings SPY
2018,"National Oilwell Varco, Inc.",NOV,0.067,Holdings SPY
2018,"ResMed, Inc.",RMD,0.066,Holdings SPY
2018,"Huntington Bancshares, Inc.",HBAN,0.066,Holdings SPY
2018,"W.W. Grainger, Inc.",GWW,0.066,Holdings SPY
2018,"Essex Property Trust, Inc. REIT",ESS,0.066,Holdings SPY
2018,"Ulta Salon Cosmetics & Fragrance, Inc.",ULTA,0.066,Holdings SPY
2018,"MSCI, Inc.",MSCI,0.065,Holdings SPY
2018,Newmont Mining Corp.,NEM,0.065,Holdings SPY
2018,"Expedia Group, Inc.",EXPE,0.064,Holdings SPY
2018,"Republic Services, Inc.",RSG,0.064,Holdings SPY
2018,"McCormick & Co., Inc.",MKC,0.064,Holdings SPY
2018,"Take-TwoInteractive Software, Inc.",TTWO,0.064,Holdings SPY
2018,"WellCare Health Plans, Inc.",CNC,0.064,Holdings SPY
2018,KLA-TencorCorp.,KLAC,0.064,Holdings SPY
2018,"Equifax, Inc.",EFX,0.064,Holdings SPY
2018,"ANSYS, Inc.",SNPS,0.064,Holdings SPY
2018,"Mettler-Toledo International, Inc.",MTD,0.064,Holdings SPY
2018,"Comerica, Inc.",CMA,0.064,Holdings SPY
2018,"American Water Works Co., Inc.",AWK,0.063,Holdings SPY
2018,"Host Hotels & Resorts, Inc. REIT",HST,0.063,Holdings SPY
2018,"Principal Financial Group, Inc.",PFG,0.063,Holdings SPY
2018,"Omnicom Group, Inc.",OMC,0.063,Holdings SPY
2018,"Broadridge Financial Solutions, Inc.",BR,0.062,Holdings SPY
2018,Ameren Corp.,AEE,0.062,Holdings SPY
2018,Waters Corp.,WAT,0.062,Holdings SPY
2018,Ball Corp.,BALL,0.062,Holdings SPY
2018,AmerisourceBergen Corp.,COR,0.061,Holdings SPY
2018,"Noble Energy, Inc.",CVX,0.061,Holdings SPY
2018,"Evergy, Inc.",EVRG,0.06,Holdings SPY
2018,Lincoln National Corp.,LNC,0.06,Holdings SPY
2018,Vulcan Materials Co.,VMC,0.059,Holdings SPY
2018,Entergy Corp.,ETR,0.059,Holdings SPY
2018,"Quest Diagnostics, Inc.",DGX,0.059,Holdings SPY
2018,"Synopsys, Inc.",SNPS,0.059,Holdings SPY
2018,Genuine Parts Co.,GPC,0.059,Holdings SPY
2018,"Church & Dwight Co., Inc.",CHD,0.059,Holdings SPY
2018,"D.R. Horton, Inc.",DHI,0.059,Holdings SPY
2018,"Tapestry, Inc.",TPR,0.059,Holdings SPY
2018,"Gartner, Inc.",IT,0.058,Holdings SPY
2018,"Xylem, Inc.",XYL,0.058,Holdings SPY
2018,MGM Resorts International,MGM,0.058,Holdings SPY
2018,"Citrix Systems, Inc.",CTXS,0.058,Holdings SPY
2018,Baker Hughes a GE Co.,BKR,0.058,Holdings SPY
2018,Hershey Co.,HSY,0.057,Holdings SPY
2018,Tiffany & Co.,LVMUY,0.057,Holdings SPY
2018,Loews Corp.,L,0.057,Holdings SPY
2018,"CBRE Group, Inc. Class A",CBRE,0.057,Holdings SPY
2018,Eastman Chemical Co.,EMN,0.056,Holdings SPY
2018,ETRADE Financial Corp.,MS,0.056,Holdings SPY
2018,"Arista Networks, Inc.",ANET,0.056,Holdings SPY
2018,CMS Energy Corp.,CMS,0.056,Holdings SPY
2018,Lennar Corp. Class A,LEN,0.055,Holdings SPY
2018,WestRock Co.,WRK,0.055,Holdings SPY
2018,"Darden Restaurants, Inc.",DRI,0.055,Holdings SPY
2018,"CA, Inc.",AVGO,0.055,Holdings SPY
2018,"C.H. Robinson Worldwide, Inc.",CHRW,0.055,Holdings SPY
2018,"United Rentals, Inc.",URI,0.055,Holdings SPY
2018,"Cooper Cos., Inc.",COO,0.055,Holdings SPY
2018,Arthur J Gallagher & Co.,AJG,0.055,Holdings SPY
2018,TechnipFMC PLC,FTI,0.055,Holdings SPY
2018,"Alexandria Real Estate Equities, Inc. REIT",ARE,0.054,Holdings SPY
2018,"Conagra Brands, Inc.",CAG,0.054,Holdings SPY
2018,"Henry Schein, Inc.",HSIC,0.054,Holdings SPY
2018,"CarMax, Inc.",KMX,0.054,Holdings SPY
2018,Symantec Corp.,GEN,0.054,Holdings SPY
2018,"CenterPoint Energy, Inc.",CNP,0.053,Holdings SPY
2018,Dover Corp.,DOV,0.053,Holdings SPY
2018,"Expeditors International of Washington, Inc.",EXPD,0.053,Holdings SPY
2018,"International Flavors & Fragrances, Inc.",IFF,0.052,Holdings SPY
2018,"Cadence Design Systems, Inc.",CDNS,0.052,Holdings SPY
2018,"CF Industries Holdings, Inc.",CF,0.051,Holdings SPY
2018,Vornado Realty Trust REIT,VNO,0.051,Holdings SPY
2018,"Akamai Technologies, Inc.",AKAM,0.051,Holdings SPY
2018,Kohl’s Corp.,KSS,0.051,Holdings SPY
2018,"Wynn Resorts, Ltd.",WYNN,0.051,Holdings SPY
2018,"Advance Auto Parts, Inc.",AAP,0.05,Holdings SPY
2018,Seagate Technology PLC,STX,0.05,Holdings SPY
2018,"HCP, Inc. REIT",PEAK,0.05,Holdings SPY
2018,"Hasbro, Inc.",HAS,0.05,Holdings SPY
2018,"F5 Networks, Inc.",FFIV,0.049,Holdings SPY
2018,Incyte Corp.,INCY,0.049,Holdings SPY
2018,"Raymond James Financial, Inc.",RJF,0.049,Holdings SPY
2018,Kansas City Southern,CP,0.049,Holdings SPY
2018,"Viacom, Inc. Class B",PSKY,0.048,Holdings SPY
2018,"Norwegian Cruise Line Holdings, Ltd.",NCLH,0.048,Holdings SPY
2018,EQT Corp.,EQT,0.048,Holdings SPY
2018,Cincinnati Financial Corp.,CINF,0.047,Holdings SPY
2018,FMC Corp.,FMC,0.047,Holdings SPY
2018,J.M. Smucker Co.,SJM,0.047,Holdings SPY
2018,Masco Corp.,MAS,0.047,Holdings SPY
2018,"Huntington Ingalls Industries, Inc.",HII,0.047,Holdings SPY
2018,"Martin Marietta Materials, Inc.",MLM,0.046,Holdings SPY
2018,"Mid-AmericaApartment Communities, Inc. REIT",MAA,0.046,Holdings SPY
2018,"NRG Energy, Inc.",NRG,0.046,Holdings SPY
2018,Mosaic Co.,MOS,0.046,Holdings SPY
2018,HollyFrontier Corp.,DINO,0.046,Holdings SPY
2018,Molson Coors Brewing Co. Class B,TAP,0.046,Holdings SPY
2018,"Hologic, Inc.",HOLX,0.046,Holdings SPY
2018,"Chipotle Mexican Grill, Inc.",CMG,0.046,Holdings SPY
2018,Alliance Data Systems Corp.,BFH,0.046,Holdings SPY
2018,"Universal Health Services, Inc. Class B",UHS,0.045,Holdings SPY
2018,PVH Corp.,PVH,0.045,Holdings SPY
2018,"Mohawk Industries, Inc.",MHK,0.045,Holdings SPY
2018,Tractor Supply Co.,TSCO,0.045,Holdings SPY
2018,Albemarle Corp.,ALB,0.045,Holdings SPY
2018,Regency Centers Corp. REIT,REG,0.045,Holdings SPY
2018,"Extra Space Storage, Inc. REIT",EXR,0.044,Holdings SPY
2018,"UDR, Inc. REIT",UDR,0.044,Holdings SPY
2018,"Cboe Global Markets, Inc.",CBOE,0.044,Holdings SPY
2018,"PerkinElmer, Inc.",RVTY,0.043,Holdings SPY
2018,"Discovery Communications, Inc. Class C",WBD,0.043,Holdings SPY
2018,Hormel Foods Corp.,HRL,0.043,Holdings SPY
2018,"Macy’s, Inc.",M,0.043,Holdings SPY
2018,Nektar Therapeutics,NKTR,0.043,Holdings SPY
2018,"Copart, Inc.",CPRT,0.042,Holdings SPY
2018,"Juniper Networks, Inc.",HPE,0.042,Holdings SPY
2018,"Snap-on,Inc.",SNA,0.042,Holdings SPY
2018,"Varian Medical Systems, Inc.",SIE,0.042,Holdings SPY
2018,Packaging Corp. of America,PKG,0.042,Holdings SPY
2018,"JB Hunt Transport Services, Inc.",JBHT,0.042,Holdings SPY
2018,"Michael Kors Holdings, Ltd.",TPR,0.042,Holdings SPY
2018,Cabot Oil & Gas Corp.,CTRA,0.041,Holdings SPY
2018,LKQ Corp.,LKQ,0.041,Holdings SPY
2018,Duke Realty Corp. REIT,PLD,0.041,Holdings SPY
2018,Zions Bancorp,ZION,0.041,Holdings SPY
2018,"Nasdaq, Inc.",NDAQ,0.04,Holdings SPY
2018,Nielsen Holdings PLC,NLSN,0.04,Holdings SPY
2018,Alliant Energy Corp.,LNT,0.04,Holdings SPY
2018,"Iron Mountain, Inc. REIT",IRM,0.039,Holdings SPY
2018,"Qorvo, Inc.",QRVO,0.039,Holdings SPY
2018,"Arconic, Inc.",ARNC,0.038,Holdings SPY
2018,Avery Dennison Corp.,AVY,0.038,Holdings SPY
2018,"Invesco, Ltd.",IVZ,0.038,Holdings SPY
2018,"Franklin Resources, Inc.",BEN,0.038,Holdings SPY
2018,Perrigo Co. PLC,PRGO,0.038,Holdings SPY
2018,Federal Realty Investment Trust REIT,FRT,0.037,Holdings SPY
2018,AES Corp.,AES,0.037,Holdings SPY
2018,"Everest Re Group, Ltd.",EG,0.037,Holdings SPY
2018,"Jacobs Engineering Group, Inc.",J,0.037,Holdings SPY
2018,"DaVita, Inc.",DVA,0.037,Holdings SPY
2018,"NiSource, Inc.",NI,0.037,Holdings SPY
2018,Torchmark Corp.,GL,0.037,Holdings SPY
2018,"BorgWarner, Inc.",BWA,0.036,Holdings SPY
2018,"Robert Half International, Inc.",RHI,0.036,Holdings SPY
2018,"Interpublic Group of Cos., Inc.",IPG,0.036,Holdings SPY
2018,Cimarex Energy Co.,CTRA,0.036,Holdings SPY
2018,"Newell Brands, Inc.",NWL,0.036,Holdings SPY
2018,Pinnacle West Capital Corp.,PNW,0.036,Holdings SPY
2018,Unum Group,UNM,0.036,Holdings SPY
2018,SL Green Realty Corp. REIT,SLG,0.035,Holdings SPY
2018,Western Union Co.,WU,0.035,Holdings SPY
2018,"DENTSPLY SIRONA, Inc.",XRAY,0.035,Holdings SPY
2018,Brown-Forman Corp. Class B,BF.B,0.034,Holdings SPY
2018,"Garmin, Ltd.",GRMN,0.034,Holdings SPY
2018,"Alaska Air Group, Inc.",ALK,0.034,Holdings SPY
2018,Allegion PLC,ALLE,0.034,Holdings SPY
2018,"FLIR Systems, Inc.",TDY,0.034,Holdings SPY
2018,DISH Network Corp. Class A,SATS,0.033,Holdings SPY
2018,Fluor Corp.,FLR,0.033,Holdings SPY
2018,"Harley-Davidson, Inc.",HOG,0.032,Holdings SPY
2018,"Fortune Brands Home & Security, Inc.",FBIN,0.032,Holdings SPY
2018,Ralph Lauren Corp.,RL,0.031,Holdings SPY
2018,AO Smith Corp.,AOS,0.031,Holdings SPY
2018,"Affiliated Managers Group, Inc.",AMG,0.031,Holdings SPY
2018,Whirlpool Corp.,WHR,0.031,Holdings SPY
2018,"Helmerich & Payne, Inc.",HP,0.03,Holdings SPY
2018,Flowserve Corp.,FLS,0.029,Holdings SPY
2018,Pentair PLC,PNR,0.029,Holdings SPY
2018,Kimco Realty Corp. REIT,KIM,0.029,Holdings SPY
2018,"Nordstrom, Inc.",JWN,0.028,Holdings SPY
2018,Campbell Soup Co.,CPB,0.028,Holdings SPY
2018,"L Brands, Inc.",VSCO,0.028,Holdings SPY
2018,Apartment Investment & Management Co. Class A REIT,AIV,0.028,Holdings SPY
2018,"Hanesbrands, Inc.",GIL,0.028,Holdings SPY
2018,Sealed Air Corp.,SEE,0.027,Holdings SPY
2018,"PulteGroup, Inc.",PHM,0.027,Holdings SPY
2018,"Jefferies Financial Group, Inc.",JEF,0.027,Holdings SPY
2018,"Gap, Inc.",GAP,0.026,Holdings SPY
2018,"Foot Locker, Inc.",FL,0.025,Holdings SPY
2018,Xerox Corp.,XRX,0.024,Holdings SPY
2018,"Rollins, Inc.",ROL,0.024,Holdings SPY
2018,"People’s United Financial, Inc.",MTB,0.024,Holdings SPY
2018,Macerich Co. REIT,MAC,0.024,Holdings SPY
2018,"Assurant, Inc.",AIZ,0.024,Holdings SPY
2018,IPG Photonics Corp.,IPGP,0.024,Holdings SPY
2018,"Coty, Inc. Class A",COTY,0.024,Holdings SPY
2018,Goodyear Tire & Rubber Co.,GT,0.024,Holdings SPY
2018,"Leggett & Platt, Inc.",LEG,0.023,Holdings SPY
2018,Newfield Exploration Co.,OVV,0.023,Holdings SPY
2018,Envision Healthcare Corp.,EVHCQ,0.022,Holdings SPY
2018,SCANA Corp.,D,0.022,Holdings SPY
2018,"Mattel, Inc.",MAT,0.022,Holdings SPY
2018,"Brighthouse Financial, Inc.",BHF,0.021,Holdings SPY
2018,"H&R Block, Inc.",HRB,0.021,Holdings SPY
2018,"TripAdvisor, Inc.",TRIP,0.021,Holdings SPY
2018,News Corp. Class A,NWS,0.02,Holdings SPY
2018,"Stericycle, Inc.",WM,0.02,Holdings SPY
2018,"Discovery Communications, Inc. Class A",WBD,0.02,Holdings SPY
2018,"Quanta Services, Inc.",PWR,0.02,Holdings SPY
2018,"Under Armour, Inc. Class A",UA,0.016,Holdings SPY
2018,"Under Armour, Inc. Class C",UA,0.015,Holdings SPY
2018,News Corp. Class B,NWS,0.006,Holdings SPY
2019,Microsoft Corp.,MSFT,4.297,Holdings SPY
2019,"Apple, Inc.",AAPL,3.852,Holdings SPY
2019,"Amazon.com, Inc.",AMZN,2.92,Holdings SPY
2019,"Facebook, Inc. Class A",META,1.734,Holdings SPY
2019,"Berkshire Hathaway, Inc. Class B",BRK.B,1.651,Holdings SPY
2019,JPMorgan Chase & Co.,JPM,1.523,Holdings SPY
2019,"Alphabet, Inc. Class C",GOOG,1.491,Holdings SPY
2019,"Alphabet, Inc. Class A",GOOG,1.481,Holdings SPY
2019,Johnson & Johnson,JNJ,1.382,Holdings SPY
2019,Procter & Gamble Co.,PG,1.26,Holdings SPY
2019,Exxon Mobil Corp.,XOM,1.209,Holdings SPY
2019,"Visa, Inc. Class A",V,1.203,Holdings SPY
2019,"AT&T, Inc.",T,1.119,Holdings SPY
2019,"Home Depot, Inc.",HD,1.03,Holdings SPY
2019,"Verizon Communications, Inc.",VZ,1.011,Holdings SPY
2019,Bank of America Corp.,BAC,0.989,Holdings SPY
2019,"Mastercard, Inc. Class A",MA,0.982,Holdings SPY
2019,Walt Disney Co.,DIS,0.95,Holdings SPY
2019,Intel Corp.,INTC,0.924,Holdings SPY
2019,Chevron Corp.,CVX,0.911,Holdings SPY
2019,"Merck & Co., Inc.",MRK,0.873,Holdings SPY
2019,"Cisco Systems, Inc.",CSCO,0.849,Holdings SPY
2019,Coca-Cola Co.,KO,0.848,Holdings SPY
2019,"UnitedHealth Group, Inc.",UNH,0.833,Holdings SPY
2019,Comcast Corp. Class A,CMCSA,0.828,Holdings SPY
2019,Boeing Co.,BA,0.823,Holdings SPY
2019,Wells Fargo & Co.,WFC,0.819,Holdings SPY
2019,"Pfizer, Inc.",PFE,0.805,Holdings SPY
2019,"PepsiCo, Inc.",PEP,0.776,Holdings SPY
2019,"Walmart, Inc.",WMT,0.683,Holdings SPY
2019,McDonald’s Corp.,MCD,0.66,Holdings SPY
2019,"Citigroup, Inc.",C,0.632,Holdings SPY
2019,Abbott Laboratories,ABT,0.599,Holdings SPY
2019,Medtronic PLC,MDT,0.59,Holdings SPY
2019,"Adobe Systems, Inc.",ADBE,0.544,Holdings SPY
2019,"salesforce.com, Inc.",CRM,0.527,Holdings SPY
2019,International Business Machines Corp.,IBM,0.522,Holdings SPY
2019,Costco Wholesale Corp.,COST,0.513,Holdings SPY
2019,Accenture PLC Class A,ACN,0.495,Holdings SPY
2019,"PayPal Holdings, Inc.",PYPL,0.493,Holdings SPY
2019,"Honeywell International, Inc.",HON,0.493,Holdings SPY
2019,Oracle Corp.,ORCL,0.49,Holdings SPY
2019,"Texas Instruments, Inc.",TXN,0.489,Holdings SPY
2019,"Philip Morris International, Inc.",PM,0.478,Holdings SPY
2019,"NIKE, Inc. Class B",NKE,0.476,Holdings SPY
2019,"Netflix, Inc.",NFLX,0.474,Holdings SPY
2019,"Thermo Fisher Scientific, Inc.",TMO,0.472,Holdings SPY
2019,"Amgen, Inc.",AMGN,0.47,Holdings SPY
2019,Union Pacific Corp.,UNP,0.463,Holdings SPY
2019,"NextEra Energy, Inc.",NEE,0.461,Holdings SPY
2019,"AbbVie, Inc.",ABBV,0.452,Holdings SPY
2019,United Technologies Corp.,UAL,0.447,Holdings SPY
2019,"Broadcom, Inc.",AVGO,0.445,Holdings SPY
2019,Starbucks Corp.,SBUX,0.428,Holdings SPY
2019,NVIDIA Corp.,NVDA,0.428,Holdings SPY
2019,Linde PLC,LIN,0.424,Holdings SPY
2019,American Tower Corp. REIT,AMT,0.396,Holdings SPY
2019,Lockheed Martin Corp.,LMT,0.392,Holdings SPY
2019,Eli Lilly & Co.,LLY,0.385,Holdings SPY
2019,3M Co.,MMM,0.383,Holdings SPY
2019,"QUALCOMM, Inc.",QCOM,0.374,Holdings SPY
2019,Danaher Corp.,DHR,0.373,Holdings SPY
2019,"Lowe’s Cos., Inc.",LOW,0.344,Holdings SPY
2019,"United Parcel Service, Inc. Class B",UPS,0.339,Holdings SPY
2019,"Booking Holdings, Inc.",BKNG,0.338,Holdings SPY
2019,Bristol-Myers Squibb Co.,BMY,0.335,Holdings SPY
2019,CVS Health Corp.,CVS,0.332,Holdings SPY
2019,"Fidelity National Information Services, Inc.",FIS,0.33,Holdings SPY
2019,American Express Co.,AXP,0.327,Holdings SPY
2019,"Gilead Sciences, Inc.",GILD,0.325,Holdings SPY
2019,"Mondelez International, Inc. Class A",MDLZ,0.323,Holdings SPY
2019,US Bancorp,USB,0.321,Holdings SPY
2019,General Electric Co.,GE,0.315,Holdings SPY
2019,"Altria Group, Inc.",MO,0.309,Holdings SPY
2019,"CME Group, Inc.",CME,0.305,Holdings SPY
2019,"Chubb, Ltd.",CB,0.298,Holdings SPY
2019,"Caterpillar, Inc.",CAT,0.288,Holdings SPY
2019,Celgene Corp.,BMY,0.285,Holdings SPY
2019,"Automatic Data Processing, Inc.",ADP,0.284,Holdings SPY
2019,Duke Energy Corp.,DUK,0.282,Holdings SPY
2019,Stryker Corp.,SYK,0.281,Holdings SPY
2019,"Intuit, Inc.",INTU,0.28,Holdings SPY
2019,Becton Dickinson and Co.,BDX,0.275,Holdings SPY
2019,"TJX Cos., Inc.",TJX,0.273,Holdings SPY
2019,"Goldman Sachs Group, Inc.",GS,0.271,Holdings SPY
2019,"Charter Communications, Inc. Class A",CHTR,0.27,Holdings SPY
2019,"Dominion Energy, Inc.",D,0.27,Holdings SPY
2019,Southern Co.,SO,0.261,Holdings SPY
2019,ConocoPhillips,COP,0.256,Holdings SPY
2019,Colgate-Palmolive Co.,CL,0.255,Holdings SPY
2019,"PNC Financial Services Group, Inc.",PNC,0.253,Holdings SPY
2019,"Intuitive Surgical, Inc.",ISRG,0.251,Holdings SPY
2019,"Anthem, Inc.",ELV,0.249,Holdings SPY
2019,"S&P Global, Inc.",SPGI,0.243,Holdings SPY
2019,"Zoetis, Inc.",ZTS,0.24,Holdings SPY
2019,Northrop Grumman Corp.,NOC,0.239,Holdings SPY
2019,"Fiserv, Inc.",FISV,0.238,Holdings SPY
2019,Crown Castle International Corp. REIT,CCI,0.233,Holdings SPY
2019,Cigna Corp.,CI,0.232,Holdings SPY
2019,Boston Scientific Corp.,BSX,0.228,Holdings SPY
2019,CSX Corp.,CSX,0.224,Holdings SPY
2019,Allergan PLC,ABBV,0.223,Holdings SPY
2019,Target Corp.,TGT,0.222,Holdings SPY
2019,Raytheon Co.,RTX,0.22,Holdings SPY
2019,Morgan Stanley,MS,0.217,Holdings SPY
2019,"Prologis, Inc. REIT",PLD,0.217,Holdings SPY
2019,"DuPont de Nemours, Inc.",DD,0.216,Holdings SPY
2019,Deere & Co.,DE,0.216,Holdings SPY
2019,"BlackRock, Inc.",BLK,0.212,Holdings SPY
2019,"Intercontinental Exchange, Inc.",ICE,0.21,Holdings SPY
2019,"Marsh & McLennan Cos., Inc.",MRSH,0.206,Holdings SPY
2019,"Ecolab, Inc.",ECL,0.201,Holdings SPY
2019,"Equinix, Inc. REIT",EQIX,0.198,Holdings SPY
2019,Kimberly-Clark Corp.,KMB,0.198,Holdings SPY
2019,Charles Schwab Corp.,SCHW,0.197,Holdings SPY
2019,"Air Products & Chemicals, Inc.",APD,0.197,Holdings SPY
2019,"American International Group, Inc.",AIG,0.196,Holdings SPY
2019,"Simon Property Group, Inc. REIT",SPG,0.194,Holdings SPY
2019,"Global Payments, Inc.",GPN,0.193,Holdings SPY
2019,Norfolk Southern Corp.,NSC,0.193,Holdings SPY
2019,"Micron Technology, Inc.",MU,0.192,Holdings SPY
2019,General Motors Co.,GM,0.191,Holdings SPY
2019,"Schlumberger, Ltd.",SLB,0.191,Holdings SPY
2019,Exelon Corp.,EXC,0.19,Holdings SPY
2019,"L3Harris Technologies, Inc.",LHX,0.189,Holdings SPY
2019,"Applied Materials, Inc.",AMAT,0.187,Holdings SPY
2019,"Illinois Tool Works, Inc.",ITW,0.186,Holdings SPY
2019,"American Electric Power Co., Inc.",AEP,0.186,Holdings SPY
2019,Phillips 66,PSX,0.186,Holdings SPY
2019,Edwards Lifesciences Corp.,EW,0.185,Holdings SPY
2019,Aon PLC,AON,0.185,Holdings SPY
2019,Sherwin-Williams Co.,SHW,0.183,Holdings SPY
2019,"Waste Management, Inc.",WM,0.182,Holdings SPY
2019,Progressive Corp.,PGR,0.182,Holdings SPY
2019,"Baxter International, Inc.",BAX,0.181,Holdings SPY
2019,"Illumina, Inc.",ILMN,0.18,Holdings SPY
2019,"Estee Lauder Cos., Inc. Class A",EL,0.178,Holdings SPY
2019,"Vertex Pharmaceuticals, Inc.",VRTX,0.176,Holdings SPY
2019,"Biogen, Inc.",BIIB,0.174,Holdings SPY
2019,"EOG Resources, Inc.",EOG,0.174,Holdings SPY
2019,General Dynamics Corp.,GD,0.173,Holdings SPY
2019,Capital One Financial Corp.,COF,0.173,Holdings SPY
2019,"Walgreens Boots Alliance, Inc.",WBA,0.17,Holdings SPY
2019,"Analog Devices, Inc.",ADI,0.167,Holdings SPY
2019,Dollar General Corp.,DG,0.166,Holdings SPY
2019,Emerson Electric Co.,EMR,0.166,Holdings SPY
2019,BB&T Corp.,TFC,0.165,Holdings SPY
2019,Sysco Corp.,SYY,0.165,Holdings SPY
2019,"Activision Blizzard, Inc.",MSFT,0.164,Holdings SPY
2019,"Ross Stores, Inc.",ROST,0.163,Holdings SPY
2019,Sempra Energy,SRE,0.163,Holdings SPY
2019,Marathon Petroleum Corp.,MPC,0.163,Holdings SPY
2019,"Kinder Morgan, Inc.",KMI,0.162,Holdings SPY
2019,Occidental Petroleum Corp.,OXY,0.161,Holdings SPY
2019,"Aflac, Inc.",AFL,0.158,Holdings SPY
2019,"Travelers Cos., Inc.",TRV,0.157,Holdings SPY
2019,Bank of New York Mellon Corp.,BK,0.157,Holdings SPY
2019,"MetLife, Inc.",MET,0.152,Holdings SPY
2019,"Roper Technologies, Inc.",ROP,0.15,Holdings SPY
2019,"Welltower, Inc. REIT",WELL,0.149,Holdings SPY
2019,Public Storage REIT,PSA,0.148,Holdings SPY
2019,"Prudential Financial, Inc.",PRU,0.148,Holdings SPY
2019,Ford Motor Co.,F,0.145,Holdings SPY
2019,Allstate Corp.,ALL,0.145,Holdings SPY
2019,"Dow, Inc.",DOW,0.144,Holdings SPY
2019,Valero Energy Corp.,VLO,0.144,Holdings SPY
2019,Eaton Corp. PLC,ETN,0.142,Holdings SPY
2019,Johnson Controls International PLC,JCI,0.141,Holdings SPY
2019,FedEx Corp.,FDX,0.141,Holdings SPY
2019,"Constellation Brands, Inc. Class A",STZ,0.14,Holdings SPY
2019,"Yum! Brands, Inc.",YUM,0.14,Holdings SPY
2019,"Humana, Inc.",HUM,0.139,Holdings SPY
2019,"Marriott International, Inc. Class A",MAR,0.139,Holdings SPY
2019,"Xcel Energy, Inc.",XEL,0.138,Holdings SPY
2019,Moody’s Corp.,MCO,0.136,Holdings SPY
2019,Lam Research Corp.,LRCX,0.135,Holdings SPY
2019,"Delta Air Lines, Inc.",DAL,0.135,Holdings SPY
2019,Cognizant Technology Solutions Corp. Class A,CTSH,0.135,Holdings SPY
2019,"General Mills, Inc.",GIS,0.134,Holdings SPY
2019,"Autodesk, Inc.",ADSK,0.131,Holdings SPY
2019,"HCA Healthcare, Inc.",HCA,0.129,Holdings SPY
2019,"Twitter, Inc.",TWTR,0.129,Holdings SPY
2019,"Advanced Micro Devices, Inc.",AMD,0.127,Holdings SPY
2019,"Consolidated Edison, Inc.",ED,0.127,Holdings SPY
2019,"TE Connectivity, Ltd.",TEL,0.127,Holdings SPY
2019,"Public Service Enterprise Group, Inc.",PEG,0.126,Holdings SPY
2019,Newmont Goldcorp Corp.,NEM,0.125,Holdings SPY
2019,"eBay, Inc.",EBAY,0.124,Holdings SPY
2019,"O’Reilly Automotive, Inc.",ORLY,0.123,Holdings SPY
2019,"SunTrust Banks, Inc.",TFC,0.123,Holdings SPY
2019,"ONEOK, Inc.",OKE,0.123,Holdings SPY
2019,Equity Residential REIT,EQR,0.122,Holdings SPY
2019,"AvalonBay Communities, Inc. REIT",AVB,0.121,Holdings SPY
2019,"WEC Energy Group, Inc.",WEC,0.121,Holdings SPY
2019,Ingersoll-Rand PLC,IR,0.12,Holdings SPY
2019,"Electronic Arts, Inc.",EA,0.117,Holdings SPY
2019,"Williams Cos., Inc.",WMB,0.117,Holdings SPY
2019,VF Corp.,VFC,0.117,Holdings SPY
2019,Amphenol Corp. Class A,APH,0.117,Holdings SPY
2019,"Motorola Solutions, Inc.",MSI,0.114,Holdings SPY
2019,"HP, Inc.",HPQ,0.114,Holdings SPY
2019,"PPG Industries, Inc.",PPG,0.113,Holdings SPY
2019,"Zimmer Biomet Holdings, Inc.",ZBH,0.113,Holdings SPY
2019,Eversource Energy,ES,0.111,Holdings SPY
2019,"IQVIA Holdings, Inc.",IQV,0.11,Holdings SPY
2019,SBA Communications Corp. REIT,SBAC,0.11,Holdings SPY
2019,"Hilton Worldwide Holdings, Inc.",HLT,0.11,Holdings SPY
2019,"Dollar Tree, Inc.",DLTR,0.109,Holdings SPY
2019,Edison International,EIX,0.109,Holdings SPY
2019,"T Rowe Price Group, Inc.",TROW,0.109,Holdings SPY
2019,"Ventas, Inc. REIT",VTR,0.109,Holdings SPY
2019,"IHS Markit, Ltd.",SPGI,0.109,Holdings SPY
2019,"Digital Realty Trust, Inc. REIT",DLR,0.109,Holdings SPY
2019,"AutoZone, Inc.",AZO,0.108,Holdings SPY
2019,Southwest Airlines Co.,LUV,0.107,Holdings SPY
2019,"Paychex, Inc.",PAYX,0.107,Holdings SPY
2019,FirstEnergy Corp.,FE,0.105,Holdings SPY
2019,"TransDigm Group, Inc.",TDG,0.105,Holdings SPY
2019,Discover Financial Services,COF,0.104,Holdings SPY
2019,"Verisk Analytics, Inc.",VRSK,0.104,Holdings SPY
2019,KLA Corp.,KLAC,0.104,Holdings SPY
2019,"Cummins, Inc.",CMI,0.104,Holdings SPY
2019,"Tyson Foods, Inc. Class A",TSN,0.103,Holdings SPY
2019,McKesson Corp.,MCK,0.102,Holdings SPY
2019,"T-MobileUS, Inc.",TMUS,0.1,Holdings SPY
2019,Willis Towers Watson PLC,WTW,0.1,Holdings SPY
2019,"FleetCor Technologies, Inc.",FLT,0.1,Holdings SPY
2019,Ball Corp.,BALL,0.099,Holdings SPY
2019,DTE Energy Co.,DTE,0.098,Holdings SPY
2019,"Xilinx, Inc.",AMD,0.098,Holdings SPY
2019,Realty Income Corp. REIT,O,0.098,Holdings SPY
2019,"PACCAR, Inc.",PCAR,0.097,Holdings SPY
2019,"Agilent Technologies, Inc.",A,0.096,Holdings SPY
2019,Entergy Corp.,ETR,0.094,Holdings SPY
2019,"IDEXX Laboratories, Inc.",IDXX,0.094,Holdings SPY
2019,Parker-Hannifin Corp.,PH,0.094,Holdings SPY
2019,LyondellBasell Industries NV Class A,LYB,0.094,Holdings SPY
2019,Hershey Co.,HSY,0.093,Holdings SPY
2019,Archer-Daniels-Midland Co.,ADM,0.093,Holdings SPY
2019,PPL Corp.,PPL,0.092,Holdings SPY
2019,Monster Beverage Corp.,MNST,0.092,Holdings SPY
2019,Cintas Corp.,CTAS,0.092,Holdings SPY
2019,Aptiv PLC,APTV,0.091,Holdings SPY
2019,"American Water Works Co., Inc.",AWK,0.09,Holdings SPY
2019,"Corning, Inc.",GLW,0.09,Holdings SPY
2019,"Regeneron Pharmaceuticals, Inc.",REGN,0.09,Holdings SPY
2019,State Street Corp.(c),STT,0.089,Holdings SPY
2019,Cerner Corp.,ORCL,0.089,Holdings SPY
2019,"Microchip Technology, Inc.",MCHP,0.089,Holdings SPY
2019,"Alexion Pharmaceuticals, Inc.",AZN,0.089,Holdings SPY
2019,"Hartford Financial Services Group, Inc.",HIG,0.088,Holdings SPY
2019,"Stanley Black & Decker, Inc.",SWK,0.088,Holdings SPY
2019,"Chipotle Mexican Grill, Inc.",CMG,0.087,Holdings SPY
2019,"Essex Property Trust, Inc. REIT",ESS,0.086,Holdings SPY
2019,M&T Bank Corp.,MTB,0.085,Holdings SPY
2019,Pioneer Natural Resources Co.,XOM,0.085,Holdings SPY
2019,"Corteva, Inc.",CTVA,0.085,Holdings SPY
2019,Synchrony Financial,SYF,0.084,Holdings SPY
2019,"AMETEK, Inc.",AME,0.084,Holdings SPY
2019,Kroger Co.,KR,0.084,Holdings SPY
2019,Weyerhaeuser Co. REIT,WY,0.083,Holdings SPY
2019,"Synopsys, Inc.",SNPS,0.083,Holdings SPY
2019,Northern Trust Corp.,NTRS,0.082,Holdings SPY
2019,Fortive Corp.,FTV,0.082,Holdings SPY
2019,Vulcan Materials Co.,VMC,0.081,Holdings SPY
2019,Fifth Third Bancorp,FITB,0.081,Holdings SPY
2019,Hewlett Packard Enterprise Co.,HPE,0.08,Holdings SPY
2019,"VeriSign, Inc.",VRSN,0.08,Holdings SPY
2019,"United Continental Holdings, Inc.",UAL,0.079,Holdings SPY
2019,"Rockwell Automation, Inc.",ROK,0.079,Holdings SPY
2019,Ameren Corp.,AEE,0.079,Holdings SPY
2019,Clorox Co.,CLX,0.078,Holdings SPY
2019,"Ameriprise Financial, Inc.",AMP,0.078,Holdings SPY
2019,"ResMed, Inc.",RMD,0.078,Holdings SPY
2019,"McCormick & Co., Inc.",MKC,0.077,Holdings SPY
2019,"Boston Properties, Inc. REIT",BXP,0.075,Holdings SPY
2019,Fastenal Co.,FAST,0.075,Holdings SPY
2019,"Expedia Group, Inc.",EXPE,0.075,Holdings SPY
2019,"ANSYS, Inc.",SNPS,0.075,Holdings SPY
2019,"Cadence Design Systems, Inc.",CDNS,0.075,Holdings SPY
2019,"Republic Services, Inc.",RSG,0.075,Holdings SPY
2019,"Royal Caribbean Cruises, Ltd.",RCL,0.075,Holdings SPY
2019,"Church & Dwight Co., Inc.",CHD,0.074,Holdings SPY
2019,"MSCI, Inc.",MSCI,0.074,Holdings SPY
2019,"Keysight Technologies, Inc.",KEYS,0.074,Holdings SPY
2019,CMS Energy Corp.,CMS,0.073,Holdings SPY
2019,KeyCorp,KEY,0.072,Holdings SPY
2019,CDW Corp.,CDW,0.072,Holdings SPY
2019,"CBRE Group, Inc. Class A",CBRE,0.072,Holdings SPY
2019,Centene Corp.,CNC,0.072,Holdings SPY
2019,"D.R. Horton, Inc.",DHI,0.072,Holdings SPY
2019,Cincinnati Financial Corp.,CINF,0.072,Holdings SPY
2019,"HCP, Inc. REIT",PEAK,0.071,Holdings SPY
2019,Western Digital Corp.,WDC,0.071,Holdings SPY
2019,"Mettler-Toledo International, Inc.",MTD,0.071,Holdings SPY
2019,Carnival Corp.,CCL,0.07,Holdings SPY
2019,Kraft Heinz Co.,KHC,0.07,Holdings SPY
2019,"Alexandria Real Estate Equities, Inc. REIT",ARE,0.07,Holdings SPY
2019,"Omnicom Group, Inc.",OMC,0.07,Holdings SPY
2019,"Martin Marietta Materials, Inc.",MLM,0.069,Holdings SPY
2019,"Equifax, Inc.",EFX,0.068,Holdings SPY
2019,International Paper Co.,IP,0.067,Holdings SPY
2019,Arthur J Gallagher & Co.,AJG,0.067,Holdings SPY
2019,Laboratory Corp. of America Holdings,LH,0.067,Holdings SPY
2019,Halliburton Co.,HAL,0.066,Holdings SPY
2019,First Republic Bank,FRCB,0.066,Holdings SPY
2019,"Copart, Inc.",CPRT,0.065,Holdings SPY
2019,Lennar Corp. Class A,LEN,0.065,Holdings SPY
2019,Kellogg Co.,KLG,0.065,Holdings SPY
2019,"Best Buy Co., Inc.",BBY,0.065,Holdings SPY
2019,Regions Financial Corp.,RF,0.065,Holdings SPY
2019,Amcor PLC,AMCR,0.064,Holdings SPY
2019,"Citizens Financial Group, Inc.",CFG,0.064,Holdings SPY
2019,"Maxim Integrated Products, Inc.",ADI,0.064,Holdings SPY
2019,"Teleflex, Inc.",TFX,0.063,Holdings SPY
2019,"Evergy, Inc.",EVRG,0.063,Holdings SPY
2019,Hess Corp.,CVX,0.063,Holdings SPY
2019,Nucor Corp.,NUE,0.063,Holdings SPY
2019,Celanese Corp.,CE,0.062,Holdings SPY
2019,Baker Hughes a GE Co.,BKR,0.061,Holdings SPY
2019,"CenterPoint Energy, Inc.",CNP,0.061,Holdings SPY
2019,"Huntington Bancshares, Inc.",HBAN,0.061,Holdings SPY
2019,"Akamai Technologies, Inc.",AKAM,0.06,Holdings SPY
2019,Waters Corp.,WAT,0.06,Holdings SPY
2019,"Conagra Brands, Inc.",CAG,0.06,Holdings SPY
2019,"Extra Space Storage, Inc. REIT",EXR,0.06,Holdings SPY
2019,"Principal Financial Group, Inc.",PFG,0.06,Holdings SPY
2019,"Ulta Salon Cosmetics & Fragrance, Inc.",ULTA,0.06,Holdings SPY
2019,"Mid-AmericaApartment Communities, Inc. REIT",MAA,0.06,Holdings SPY
2019,"Diamondback Energy, Inc.",FANG,0.059,Holdings SPY
2019,"CarMax, Inc.",KMX,0.059,Holdings SPY
2019,"Cooper Cos., Inc.",COO,0.059,Holdings SPY
2019,Genuine Parts Co.,GPC,0.059,Holdings SPY
2019,Dover Corp.,DOV,0.059,Holdings SPY
2019,MGM Resorts International,MGM,0.059,Holdings SPY
2019,"Darden Restaurants, Inc.",DRI,0.058,Holdings SPY
2019,"Broadridge Financial Solutions, Inc.",BR,0.058,Holdings SPY
2019,"Xylem, Inc.",XYL,0.058,Holdings SPY
2019,"Quest Diagnostics, Inc.",DGX,0.058,Holdings SPY
2019,"UDR, Inc. REIT",UDR,0.057,Holdings SPY
2019,"Take-TwoInteractive Software, Inc.",TTWO,0.057,Holdings SPY
2019,"Cardinal Health, Inc.",CAH,0.056,Holdings SPY
2019,"Freeport-McMoRan, Inc.",FCX,0.056,Holdings SPY
2019,"Skyworks Solutions, Inc.",SWKS,0.055,Holdings SPY
2019,"Hasbro, Inc.",HAS,0.055,Holdings SPY
2019,"Concho Resources, Inc.",COP,0.055,Holdings SPY
2019,"Hologic, Inc.",HOLX,0.055,Holdings SPY
2019,Symantec Corp.,GEN,0.054,Holdings SPY
2019,Loews Corp.,L,0.054,Holdings SPY
2019,Kansas City Southern,CP,0.054,Holdings SPY
2019,"W.W. Grainger, Inc.",GWW,0.054,Holdings SPY
2019,Atmos Energy Corp.,ATO,0.054,Holdings SPY
2019,CBS Corp. Class B,PSKY,0.053,Holdings SPY
2019,"Align Technology, Inc.",ALGN,0.053,Holdings SPY
2019,Incyte Corp.,INCY,0.053,Holdings SPY
2019,"International Flavors & Fragrances, Inc.",IFF,0.053,Holdings SPY
2019,Wabtec Corp.,WAB,0.053,Holdings SPY
2019,"WellCare Health Plans, Inc.",CNC,0.053,Holdings SPY
2019,"Arista Networks, Inc.",ANET,0.053,Holdings SPY
2019,"Cboe Global Markets, Inc.",CBOE,0.052,Holdings SPY
2019,AmerisourceBergen Corp.,COR,0.052,Holdings SPY
2019,"Host Hotels & Resorts, Inc. REIT",HST,0.052,Holdings SPY
2019,Seagate Technology PLC,STX,0.052,Holdings SPY
2019,"Expeditors International of Washington, Inc.",EXPD,0.052,Holdings SPY
2019,"Gartner, Inc.",IT,0.051,Holdings SPY
2019,Alliant Energy Corp.,LNT,0.051,Holdings SPY
2019,"NVR, Inc.",NVR,0.051,Holdings SPY
2019,"NetApp, Inc.",NTAP,0.051,Holdings SPY
2019,J.M. Smucker Co.,SJM,0.05,Holdings SPY
2019,"Jacobs Engineering Group, Inc.",J,0.05,Holdings SPY
2019,"MarketAxess Holdings, Inc.",MKTX,0.05,Holdings SPY
2019,"Universal Health Services, Inc. Class B",UHS,0.05,Holdings SPY
2019,IDEX Corp.,IEX,0.05,Holdings SPY
2019,Lincoln National Corp.,LNC,0.05,Holdings SPY
2019,"Garmin, Ltd.",GRMN,0.05,Holdings SPY
2019,Masco Corp.,MAS,0.049,Holdings SPY
2019,Duke Realty Corp. REIT,PLD,0.049,Holdings SPY
2019,"Citrix Systems, Inc.",CTXS,0.049,Holdings SPY
2019,"CenturyLink, Inc.",LUMN,0.048,Holdings SPY
2019,"DENTSPLY SIRONA, Inc.",XRAY,0.048,Holdings SPY
2019,Hormel Foods Corp.,HRL,0.048,Holdings SPY
2019,"Advance Auto Parts, Inc.",AAP,0.048,Holdings SPY
2019,"Leidos Holdings, Inc.",LDOS,0.047,Holdings SPY
2019,Regency Centers Corp. REIT,REG,0.047,Holdings SPY
2019,"C.H. Robinson Worldwide, Inc.",CHRW,0.047,Holdings SPY
2019,"Nasdaq, Inc.",NDAQ,0.047,Holdings SPY
2019,FMC Corp.,FMC,0.047,Holdings SPY
2019,Brown-Forman Corp. Class B,BF.B,0.046,Holdings SPY
2019,"Textron, Inc.",TXT,0.046,Holdings SPY
2019,"Norwegian Cruise Line Holdings, Ltd.",NCLH,0.045,Holdings SPY
2019,"Jack Henry & Associates, Inc.",JKHY,0.045,Holdings SPY
2019,"NiSource, Inc.",NI,0.045,Holdings SPY
2019,"Fortinet, Inc.",FTNT,0.045,Holdings SPY
2019,Fox Corp. Class A,FOX,0.045,Holdings SPY
2019,Pinnacle West Capital Corp.,PNW,0.044,Holdings SPY
2019,"CF Industries Holdings, Inc.",CF,0.044,Holdings SPY
2019,"Varian Medical Systems, Inc.",SIE,0.044,Holdings SPY
2019,"Noble Energy, Inc.",CVX,0.044,Holdings SPY
2019,SVB Financial Group,SIVBQ,0.044,Holdings SPY
2019,Tractor Supply Co.,TSCO,0.044,Holdings SPY
2019,AES Corp.,AES,0.044,Holdings SPY
2019,Molson Coors Brewing Co. Class B,TAP,0.044,Holdings SPY
2019,ETRADE Financial Corp.,MS,0.043,Holdings SPY
2019,"Everest Re Group, Ltd.",EG,0.043,Holdings SPY
2019,"American Airlines Group, Inc.",AAL,0.043,Holdings SPY
2019,"Lamb Weston Holdings, Inc.",LW,0.043,Holdings SPY
2019,"Wynn Resorts, Ltd.",WYNN,0.042,Holdings SPY
2019,"Raymond James Financial, Inc.",RJF,0.042,Holdings SPY
2019,"Arconic, Inc.",ARNC,0.042,Holdings SPY
2019,Eastman Chemical Co.,EMN,0.041,Holdings SPY
2019,"Comerica, Inc.",CMA,0.041,Holdings SPY
2019,Mylan NV,VTRS,0.041,Holdings SPY
2019,TechnipFMC PLC,FTI,0.041,Holdings SPY
2019,Vornado Realty Trust REIT,VNO,0.041,Holdings SPY
2019,Marathon Oil Corp.,COP,0.041,Holdings SPY
2019,"NRG Energy, Inc.",NRG,0.041,Holdings SPY
2019,Packaging Corp. of America,PKG,0.04,Holdings SPY
2019,Devon Energy Corp.,DVN,0.04,Holdings SPY
2019,Western Union Co.,WU,0.04,Holdings SPY
2019,Tiffany & Co.,LVMUY,0.04,Holdings SPY
2019,Whirlpool Corp.,WHR,0.04,Holdings SPY
2019,LKQ Corp.,LKQ,0.04,Holdings SPY
2019,"United Rentals, Inc.",URI,0.04,Holdings SPY
2019,"Globe Life, Inc.",GL,0.04,Holdings SPY
2019,Allegion PLC,ALLE,0.039,Holdings SPY
2019,Avery Dennison Corp.,AVY,0.039,Holdings SPY
2019,"JB Hunt Transport Services, Inc.",JBHT,0.039,Holdings SPY
2019,Apache Corp.,APA,0.039,Holdings SPY
2019,"Henry Schein, Inc.",HSIC,0.039,Holdings SPY
2019,Federal Realty Investment Trust REIT,FRT,0.038,Holdings SPY
2019,"PerkinElmer, Inc.",RVTY,0.038,Holdings SPY
2019,"PulteGroup, Inc.",PHM,0.038,Holdings SPY
2019,WestRock Co.,WRK,0.038,Holdings SPY
2019,"Iron Mountain, Inc. REIT",IRM,0.037,Holdings SPY
2019,"Discovery, Inc. Class C",WBD,0.036,Holdings SPY
2019,"Qorvo, Inc.",QRVO,0.036,Holdings SPY
2019,"Huntington Ingalls Industries, Inc.",HII,0.036,Holdings SPY
2019,"Snap-on,Inc.",SNA,0.035,Holdings SPY
2019,Kimco Realty Corp. REIT,KIM,0.035,Holdings SPY
2019,"Franklin Resources, Inc.",BEN,0.034,Holdings SPY
2019,"Viacom, Inc. Class B",PSKY,0.034,Holdings SPY
2019,"Juniper Networks, Inc.",HPE,0.034,Holdings SPY
2019,HollyFrontier Corp.,DINO,0.034,Holdings SPY
2019,"F5 Networks, Inc.",FFIV,0.034,Holdings SPY
2019,"Interpublic Group of Cos., Inc.",IPG,0.034,Holdings SPY
2019,DISH Network Corp. Class A,SATS,0.033,Holdings SPY
2019,Zions Bancorp,ZION,0.033,Holdings SPY
2019,"National Oilwell Varco, Inc.",NOV,0.033,Holdings SPY
2019,Kohl’s Corp.,KSS,0.032,Holdings SPY
2019,"Alaska Air Group, Inc.",ALK,0.032,Holdings SPY
2019,"ABIOMED, Inc.",JNJ,0.032,Holdings SPY
2019,Campbell Soup Co.,CPB,0.032,Holdings SPY
2019,DXC Technology Co.,DXC,0.032,Holdings SPY
2019,Apartment Investment & Management Co. Class A REIT,AIV,0.031,Holdings SPY
2019,"Assurant, Inc.",AIZ,0.031,Holdings SPY
2019,"Mohawk Industries, Inc.",MHK,0.031,Holdings SPY
2019,"Fortune Brands Home & Security, Inc.",FBIN,0.031,Holdings SPY
2019,Perrigo Co. PLC,PRGO,0.031,Holdings SPY
2019,"BorgWarner, Inc.",BWA,0.03,Holdings SPY
2019,"Tapestry, Inc.",TPR,0.03,Holdings SPY
2019,Nielsen Holdings PLC,NLSN,0.03,Holdings SPY
2019,Albemarle Corp.,ALB,0.03,Holdings SPY
2019,Cabot Oil & Gas Corp.,CTRA,0.03,Holdings SPY
2019,"Newell Brands, Inc.",NWL,0.029,Holdings SPY
2019,Mosaic Co.,MOS,0.029,Holdings SPY
2019,"FLIR Systems, Inc.",TDY,0.029,Holdings SPY
2019,SL Green Realty Corp. REIT,SLG,0.028,Holdings SPY
2019,"Invesco, Ltd.",IVZ,0.028,Holdings SPY
2019,AO Smith Corp.,AOS,0.027,Holdings SPY
2019,"Robert Half International, Inc.",RHI,0.027,Holdings SPY
2019,PVH Corp.,PVH,0.027,Holdings SPY
2019,Sealed Air Corp.,SEE,0.026,Holdings SPY
2019,Unum Group,UNM,0.026,Holdings SPY
2019,Pentair PLC,PNR,0.026,Holdings SPY
2019,"People’s United Financial, Inc.",MTB,0.025,Holdings SPY
2019,Flowserve Corp.,FLS,0.024,Holdings SPY
2019,Xerox Holdings Corp.,XRX,0.024,Holdings SPY
2019,"Harley-Davidson, Inc.",HOG,0.023,Holdings SPY
2019,"Hanesbrands, Inc.",GIL,0.022,Holdings SPY
2019,"DaVita, Inc.",DVA,0.022,Holdings SPY
2019,"Quanta Services, Inc.",PWR,0.022,Holdings SPY
2019,"Leggett & Platt, Inc.",LEG,0.021,Holdings SPY
2019,Alliance Data Systems Corp.,BFH,0.021,Holdings SPY
2019,News Corp. Class A,NWS,0.021,Holdings SPY
2019,Fox Corp. Class B,FOX,0.02,Holdings SPY
2019,"Capri Holdings, Ltd.",TPR,0.02,Holdings SPY
2019,Ralph Lauren Corp.,RL,0.02,Holdings SPY
2019,"Rollins, Inc.",ROL,0.02,Holdings SPY
2019,Cimarex Energy Co.,CTRA,0.02,Holdings SPY
2019,IPG Photonics Corp.,IPGP,0.019,Holdings SPY
2019,"Macy’s, Inc.",M,0.019,Holdings SPY
2019,"H&R Block, Inc.",HRB,0.019,Holdings SPY
2019,"Helmerich & Payne, Inc.",HP,0.018,Holdings SPY
2019,"L Brands, Inc.",VSCO,0.018,Holdings SPY
2019,"Affiliated Managers Group, Inc.",AMG,0.017,Holdings SPY
2019,"Discovery, Inc. Class A",WBD,0.017,Holdings SPY
2019,"TripAdvisor, Inc.",TRIP,0.016,Holdings SPY
2019,"Gap, Inc.",GAP,0.015,Holdings SPY
2019,"Under Armour, Inc. Class A",UA,0.015,Holdings SPY
2019,"Nordstrom, Inc.",JWN,0.014,Holdings SPY
2019,"Under Armour, Inc. Class C",UA,0.014,Holdings SPY
2019,Macerich Co. REIT,MAC,0.013,Holdings SPY
2019,"Coty, Inc. Class A",COTY,0.013,Holdings SPY
2019,Nektar Therapeutics,NKTR,0.013,Holdings SPY
2019,News Corp. Class B,NWS,0.007,Holdings SPY
2020,"Apple, Inc.",AAPL,6.681,Holdings SPY
2020,Microsoft Corp.,MSFT,5.712,Holdings SPY
2020,"Amazon.com, Inc.",AMZN,4.811,Holdings SPY
2020,"Facebook, Inc. Class A",META,2.26,Holdings SPY
2020,"Alphabet, Inc. Class A",GOOG,1.58,Holdings SPY
2020,"Alphabet, Inc. Class C",GOOG,1.548,Holdings SPY
2020,"Berkshire Hathaway, Inc. Class B",BRK.B,1.515,Holdings SPY
2020,Johnson & Johnson,JNJ,1.407,Holdings SPY
2020,Procter & Gamble Co.,PG,1.242,Holdings SPY
2020,"Visa, Inc. Class A",V,1.21,Holdings SPY
2020,NVIDIA Corp.,NVDA,1.198,Holdings SPY
2020,"Home Depot, Inc.",HD,1.073,Holdings SPY
2020,"Mastercard, Inc. Class A",MA,1.072,Holdings SPY
2020,"UnitedHealth Group, Inc.",UNH,1.064,Holdings SPY
2020,JPMorgan Chase & Co.,JPM,1.053,Holdings SPY
2020,"Verizon Communications, Inc.",VZ,0.883,Holdings SPY
2020,"Adobe, Inc.",ADBE,0.844,Holdings SPY
2020,"PayPal Holdings, Inc.",PYPL,0.83,Holdings SPY
2020,"salesforce.com, Inc.",CRM,0.821,Holdings SPY
2020,Walt Disney Co.,DIS,0.805,Holdings SPY
2020,"Netflix, Inc.",NFLX,0.792,Holdings SPY
2020,Intel Corp.,INTC,0.789,Holdings SPY
2020,Comcast Corp. Class A,CMCSA,0.757,Holdings SPY
2020,"Merck & Co., Inc.",MRK,0.753,Holdings SPY
2020,"Pfizer, Inc.",PFE,0.732,Holdings SPY
2020,"AT&T, Inc.",T,0.729,Holdings SPY
2020,"Walmart, Inc.",WMT,0.697,Holdings SPY
2020,Abbott Laboratories,ABT,0.692,Holdings SPY
2020,"PepsiCo, Inc.",PEP,0.689,Holdings SPY
2020,Coca-Cola Co.,KO,0.685,Holdings SPY
2020,Bank of America Corp.,BAC,0.659,Holdings SPY
2020,"Thermo Fisher Scientific, Inc.",TMO,0.628,Holdings SPY
2020,"Cisco Systems, Inc.",CSCO,0.598,Holdings SPY
2020,McDonald’s Corp.,MCD,0.586,Holdings SPY
2020,Costco Wholesale Corp.,COST,0.563,Holdings SPY
2020,"NIKE, Inc. Class B",NKE,0.56,Holdings SPY
2020,"AbbVie, Inc.",ABBV,0.556,Holdings SPY
2020,"Amgen, Inc.",AMGN,0.534,Holdings SPY
2020,"Broadcom, Inc.",AVGO,0.524,Holdings SPY
2020,Exxon Mobil Corp.,XOM,0.521,Holdings SPY
2020,Accenture PLC Class A,ACN,0.516,Holdings SPY
2020,Medtronic PLC,MDT,0.502,Holdings SPY
2020,"NextEra Energy, Inc.",NEE,0.488,Holdings SPY
2020,Danaher Corp.,DHR,0.488,Holdings SPY
2020,Bristol-Myers Squibb Co.,BMY,0.488,Holdings SPY
2020,Chevron Corp.,CVX,0.482,Holdings SPY
2020,Union Pacific Corp.,UNP,0.48,Holdings SPY
2020,"QUALCOMM, Inc.",QCOM,0.476,Holdings SPY
2020,"Texas Instruments, Inc.",TXN,0.469,Holdings SPY
2020,"Lowe’s Cos., Inc.",LOW,0.451,Holdings SPY
2020,Linde PLC,LIN,0.449,Holdings SPY
2020,"United Parcel Service, Inc. Class B",UPS,0.422,Holdings SPY
2020,Eli Lilly & Co.,LLY,0.422,Holdings SPY
2020,"Philip Morris International, Inc.",PM,0.419,Holdings SPY
2020,"Honeywell International, Inc.",HON,0.415,Holdings SPY
2020,Oracle Corp.,ORCL,0.414,Holdings SPY
2020,International Business Machines Corp.,IBM,0.389,Holdings SPY
2020,American Tower Corp. REIT,AMT,0.386,Holdings SPY
2020,Starbucks Corp.,SBUX,0.361,Holdings SPY
2020,Wells Fargo & Co.,WFC,0.348,Holdings SPY
2020,"Advanced Micro Devices, Inc.",AMD,0.345,Holdings SPY
2020,Lockheed Martin Corp.,LMT,0.338,Holdings SPY
2020,"Charter Communications, Inc. Class A",CHTR,0.335,Holdings SPY
2020,"ServiceNow, Inc.",NOW,0.333,Holdings SPY
2020,3M Co.,MMM,0.332,Holdings SPY
2020,"Fidelity National Information Services, Inc.",FIS,0.327,Holdings SPY
2020,"Citigroup, Inc.",C,0.323,Holdings SPY
2020,Raytheon Technologies Corp.,RTX,0.315,Holdings SPY
2020,Boeing Co.,BA,0.315,Holdings SPY
2020,"S&P Global, Inc.",SPGI,0.313,Holdings SPY
2020,"Intuit, Inc.",INTU,0.306,Holdings SPY
2020,"Intuitive Surgical, Inc.",ISRG,0.298,Holdings SPY
2020,"Mondelez International, Inc. Class A",MDLZ,0.294,Holdings SPY
2020,"Caterpillar, Inc.",CAT,0.291,Holdings SPY
2020,"BlackRock, Inc.",BLK,0.287,Holdings SPY
2020,"Gilead Sciences, Inc.",GILD,0.284,Holdings SPY
2020,Target Corp.,TGT,0.283,Holdings SPY
2020,"Zoetis, Inc.",ZTS,0.282,Holdings SPY
2020,CVS Health Corp.,CVS,0.275,Holdings SPY
2020,"Prologis, Inc. REIT",PLD,0.266,Holdings SPY
2020,"Altria Group, Inc.",MO,0.258,Holdings SPY
2020,"Vertex Pharmaceuticals, Inc.",VRTX,0.254,Holdings SPY
2020,"Booking Holdings, Inc.",BKNG,0.252,Holdings SPY
2020,Crown Castle International Corp. REIT,CCI,0.25,Holdings SPY
2020,Deere & Co.,DE,0.25,Holdings SPY
2020,"Goldman Sachs Group, Inc.",GS,0.248,Holdings SPY
2020,Stryker Corp.,SYK,0.244,Holdings SPY
2020,"Anthem, Inc.",ELV,0.242,Holdings SPY
2020,"Equinix, Inc. REIT",EQIX,0.242,Holdings SPY
2020,Becton Dickinson and Co.,BDX,0.242,Holdings SPY
2020,"TJX Cos., Inc.",TJX,0.24,Holdings SPY
2020,"T-MobileUS, Inc.",TMUS,0.239,Holdings SPY
2020,"Dominion Energy, Inc.",D,0.238,Holdings SPY
2020,Colgate-Palmolive Co.,CL,0.237,Holdings SPY
2020,"Air Products & Chemicals, Inc.",APD,0.235,Holdings SPY
2020,American Express Co.,AXP,0.235,Holdings SPY
2020,Duke Energy Corp.,DUK,0.234,Holdings SPY
2020,"Activision Blizzard, Inc.",MSFT,0.225,Holdings SPY
2020,Cigna Corp.,CI,0.223,Holdings SPY
2020,FedEx Corp.,FDX,0.218,Holdings SPY
2020,"Automatic Data Processing, Inc.",ADP,0.216,Holdings SPY
2020,"CME Group, Inc.",CME,0.215,Holdings SPY
2020,CSX Corp.,CSX,0.214,Holdings SPY
2020,"Regeneron Pharmaceuticals, Inc.",REGN,0.21,Holdings SPY
2020,"Marsh & McLennan Cos., Inc.",MRSH,0.208,Holdings SPY
2020,Morgan Stanley,MS,0.208,Holdings SPY
2020,Southern Co.,SO,0.206,Holdings SPY
2020,"Fiserv, Inc.",FISV,0.206,Holdings SPY
2020,Sherwin-Williams Co.,SHW,0.205,Holdings SPY
2020,"Intercontinental Exchange, Inc.",ICE,0.202,Holdings SPY
2020,"Illinois Tool Works, Inc.",ITW,0.2,Holdings SPY
2020,Progressive Corp.,PGR,0.198,Holdings SPY
2020,Boston Scientific Corp.,BSX,0.197,Holdings SPY
2020,"Humana, Inc.",HUM,0.196,Holdings SPY
2020,Norfolk Southern Corp.,NSC,0.196,Holdings SPY
2020,"Applied Materials, Inc.",AMAT,0.195,Holdings SPY
2020,General Electric Co.,GE,0.195,Holdings SPY
2020,"Global Payments, Inc.",GPN,0.191,Holdings SPY
2020,"Chubb, Ltd.",CB,0.188,Holdings SPY
2020,"Micron Technology, Inc.",MU,0.188,Holdings SPY
2020,Dollar General Corp.,DG,0.187,Holdings SPY
2020,Truist Financial Corp.,TFC,0.185,Holdings SPY
2020,Newmont Corp.,NEM,0.183,Holdings SPY
2020,"Autodesk, Inc.",ADSK,0.182,Holdings SPY
2020,Kimberly-Clark Corp.,KMB,0.181,Holdings SPY
2020,Edwards Lifesciences Corp.,EW,0.178,Holdings SPY
2020,"Ecolab, Inc.",ECL,0.178,Holdings SPY
2020,US Bancorp,USB,0.177,Holdings SPY
2020,"Estee Lauder Cos., Inc. Class A",EL,0.177,Holdings SPY
2020,Northrop Grumman Corp.,NOC,0.176,Holdings SPY
2020,Lam Research Corp.,LRCX,0.172,Holdings SPY
2020,Aon PLC Class A,AON,0.172,Holdings SPY
2020,Moody’s Corp.,MCO,0.169,Holdings SPY
2020,"PNC Financial Services Group, Inc.",PNC,0.168,Holdings SPY
2020,"Illumina, Inc.",ILMN,0.163,Holdings SPY
2020,"Biogen, Inc.",BIIB,0.161,Holdings SPY
2020,"Waste Management, Inc.",WM,0.158,Holdings SPY
2020,"Analog Devices, Inc.",ADI,0.154,Holdings SPY
2020,Charles Schwab Corp.,SCHW,0.151,Holdings SPY
2020,"DuPont de Nemours, Inc.",DD,0.147,Holdings SPY
2020,"Roper Technologies, Inc.",ROP,0.147,Holdings SPY
2020,"Baxter International, Inc.",BAX,0.147,Holdings SPY
2020,Eaton Corp. PLC,ETN,0.147,Holdings SPY
2020,"American Electric Power Co., Inc.",AEP,0.145,Holdings SPY
2020,"Digital Realty Trust, Inc. REIT",DLR,0.142,Holdings SPY
2020,"DexCom, Inc.",DXCM,0.142,Holdings SPY
2020,Emerson Electric Co.,EMR,0.141,Holdings SPY
2020,"Electronic Arts, Inc.",EA,0.136,Holdings SPY
2020,Cognizant Technology Solutions Corp. Class A,CTSH,0.136,Holdings SPY
2020,"General Mills, Inc.",GIS,0.133,Holdings SPY
2020,General Motors Co.,GM,0.133,Holdings SPY
2020,"L3Harris Technologies, Inc.",LHX,0.132,Holdings SPY
2020,"Xcel Energy, Inc.",XEL,0.129,Holdings SPY
2020,SBA Communications Corp. REIT,SBAC,0.128,Holdings SPY
2020,ConocoPhillips,COP,0.127,Holdings SPY
2020,"Twitter, Inc.",TWTR,0.126,Holdings SPY
2020,"Dow, Inc.",DOW,0.125,Holdings SPY
2020,"Chipotle Mexican Grill, Inc.",CMG,0.125,Holdings SPY
2020,Exelon Corp.,EXC,0.124,Holdings SPY
2020,"eBay, Inc.",EBAY,0.124,Holdings SPY
2020,"O’Reilly Automotive, Inc.",ORLY,0.123,Holdings SPY
2020,Sempra Energy,SRE,0.123,Holdings SPY
2020,Public Storage REIT,PSA,0.122,Holdings SPY
2020,Centene Corp.,CNC,0.121,Holdings SPY
2020,"IDEXX Laboratories, Inc.",IDXX,0.121,Holdings SPY
2020,"Ross Stores, Inc.",ROST,0.119,Holdings SPY
2020,"HCA Healthcare, Inc.",HCA,0.118,Holdings SPY
2020,Capital One Financial Corp.,COF,0.118,Holdings SPY
2020,"Synopsys, Inc.",SNPS,0.116,Holdings SPY
2020,General Dynamics Corp.,GD,0.116,Holdings SPY
2020,"TE Connectivity, Ltd.",TEL,0.116,Holdings SPY
2020,Amphenol Corp. Class A,APH,0.115,Holdings SPY
2020,Sysco Corp.,SYY,0.114,Holdings SPY
2020,"Constellation Brands, Inc. Class A",STZ,0.113,Holdings SPY
2020,"Cummins, Inc.",CMI,0.112,Holdings SPY
2020,"Agilent Technologies, Inc.",A,0.112,Holdings SPY
2020,Johnson Controls International PLC,JCI,0.109,Holdings SPY
2020,"WEC Energy Group, Inc.",WEC,0.109,Holdings SPY
2020,"Verisk Analytics, Inc.",VRSK,0.108,Holdings SPY
2020,"IQVIA Holdings, Inc.",IQV,0.108,Holdings SPY
2020,KLA Corp.,KLAC,0.108,Holdings SPY
2020,"MSCI, Inc.",MSCI,0.107,Holdings SPY
2020,"Cadence Design Systems, Inc.",CDNS,0.107,Holdings SPY
2020,Allstate Corp.,ALL,0.106,Holdings SPY
2020,Monster Beverage Corp.,MNST,0.106,Holdings SPY
2020,"PACCAR, Inc.",PCAR,0.105,Holdings SPY
2020,"IHS Markit, Ltd.",SPGI,0.105,Holdings SPY
2020,"T Rowe Price Group, Inc.",TROW,0.105,Holdings SPY
2020,Trane Technologies PLC,TT,0.104,Holdings SPY
2020,Cintas Corp.,CTAS,0.104,Holdings SPY
2020,"PPG Industries, Inc.",PPG,0.103,Holdings SPY
2020,"MetLife, Inc.",MET,0.103,Holdings SPY
2020,Eversource Energy,ES,0.101,Holdings SPY
2020,"Zimmer Biomet Holdings, Inc.",ZBH,0.1,Holdings SPY
2020,"ANSYS, Inc.",SNPS,0.1,Holdings SPY
2020,Bank of New York Mellon Corp.,BK,0.1,Holdings SPY
2020,"AutoZone, Inc.",AZO,0.099,Holdings SPY
2020,"Public Service Enterprise Group, Inc.",PEG,0.099,Holdings SPY
2020,"Yum! Brands, Inc.",YUM,0.099,Holdings SPY
2020,"Travelers Cos., Inc.",TRV,0.098,Holdings SPY
2020,Ball Corp.,BALL,0.098,Holdings SPY
2020,"Motorola Solutions, Inc.",MSI,0.096,Holdings SPY
2020,Willis Towers Watson PLC,WTW,0.096,Holdings SPY
2020,Kroger Co.,KR,0.095,Holdings SPY
2020,Clorox Co.,CLX,0.094,Holdings SPY
2020,"HP, Inc.",HPQ,0.094,Holdings SPY
2020,"American Water Works Co., Inc.",AWK,0.093,Holdings SPY
2020,"Microchip Technology, Inc.",MCHP,0.093,Holdings SPY
2020,Ford Motor Co.,F,0.093,Holdings SPY
2020,Parker-Hannifin Corp.,PH,0.093,Holdings SPY
2020,"Stanley Black & Decker, Inc.",SWK,0.093,Holdings SPY
2020,"Walgreens Boots Alliance, Inc.",WBA,0.093,Holdings SPY
2020,"Consolidated Edison, Inc.",ED,0.093,Holdings SPY
2020,Archer-Daniels-Midland Co.,ADM,0.093,Holdings SPY
2020,"TransDigm Group, Inc.",TDG,0.092,Holdings SPY
2020,Fortive Corp.,FTV,0.092,Holdings SPY
2020,Fastenal Co.,FAST,0.092,Holdings SPY
2020,"Xilinx, Inc.",AMD,0.091,Holdings SPY
2020,"Rockwell Automation, Inc.",ROK,0.091,Holdings SPY
2020,"Paychex, Inc.",PAYX,0.091,Holdings SPY
2020,"Best Buy Co., Inc.",BBY,0.091,Holdings SPY
2020,"Alexion Pharmaceuticals, Inc.",AZN,0.091,Holdings SPY
2020,Otis Worldwide Corp.,OTIS,0.091,Holdings SPY
2020,"Prudential Financial, Inc.",PRU,0.09,Holdings SPY
2020,"D.R. Horton, Inc.",DHI,0.09,Holdings SPY
2020,"Corning, Inc.",GLW,0.089,Holdings SPY
2020,Carrier Global Corp.,CARR,0.089,Holdings SPY
2020,Aptiv PLC,APTV,0.089,Holdings SPY
2020,"Marriott International, Inc. Class A",MAR,0.088,Holdings SPY
2020,"ResMed, Inc.",RMD,0.088,Holdings SPY
2020,"Skyworks Solutions, Inc.",SWKS,0.087,Holdings SPY
2020,"Aflac, Inc.",AFL,0.086,Holdings SPY
2020,McKesson Corp.,MCK,0.086,Holdings SPY
2020,"American International Group, Inc.",AIG,0.086,Holdings SPY
2020,"Kinder Morgan, Inc.",KMI,0.086,Holdings SPY
2020,"Hilton Worldwide Holdings, Inc.",HLT,0.085,Holdings SPY
2020,"McCormick & Co., Inc.",MKC,0.085,Holdings SPY
2020,"Williams Cos., Inc.",WMB,0.085,Holdings SPY
2020,"Align Technology, Inc.",ALGN,0.084,Holdings SPY
2020,"Mettler-Toledo International, Inc.",MTD,0.083,Holdings SPY
2020,"Welltower, Inc. REIT",WELL,0.083,Holdings SPY
2020,"Church & Dwight Co., Inc.",CHD,0.082,Holdings SPY
2020,Phillips 66,PSX,0.081,Holdings SPY
2020,"Freeport-McMoRan, Inc.",FCX,0.081,Holdings SPY
2020,"AMETEK, Inc.",AME,0.081,Holdings SPY
2020,VF Corp.,VFC,0.081,Holdings SPY
2020,Lennar Corp. Class A,LEN,0.081,Holdings SPY
2020,Southwest Airlines Co.,LUV,0.079,Holdings SPY
2020,Cerner Corp.,ORCL,0.079,Holdings SPY
2020,DTE Energy Co.,DTE,0.079,Holdings SPY
2020,"Dollar Tree, Inc.",DLTR,0.077,Holdings SPY
2020,"Copart, Inc.",CPRT,0.077,Holdings SPY
2020,"Corteva, Inc.",CTVA,0.077,Holdings SPY
2020,Schlumberger NV,SLB,0.077,Holdings SPY
2020,Hershey Co.,HSY,0.076,Holdings SPY
2020,Weyerhaeuser Co. REIT,WY,0.076,Holdings SPY
2020,State Street Corp.(c),STT,0.075,Holdings SPY
2020,PPL Corp.,PPL,0.075,Holdings SPY
2020,"EOG Resources, Inc.",EOG,0.075,Holdings SPY
2020,Realty Income Corp. REIT,O,0.075,Holdings SPY
2020,"AvalonBay Communities, Inc. REIT",AVB,0.075,Holdings SPY
2020,"VeriSign, Inc.",VRSN,0.074,Holdings SPY
2020,"West Pharmaceutical Services, Inc.",WST,0.073,Holdings SPY
2020,Arthur J Gallagher & Co.,AJG,0.072,Holdings SPY
2020,"FleetCor Technologies, Inc.",FLT,0.072,Holdings SPY
2020,"Simon Property Group, Inc. REIT",SPG,0.071,Holdings SPY
2020,"Republic Services, Inc.",RSG,0.07,Holdings SPY
2020,Entergy Corp.,ETR,0.07,Holdings SPY
2020,"Delta Air Lines, Inc.",DAL,0.07,Holdings SPY
2020,Kraft Heinz Co.,KHC,0.07,Holdings SPY
2020,Edison International,EIX,0.069,Holdings SPY
2020,Ameren Corp.,AEE,0.069,Holdings SPY
2020,Marathon Petroleum Corp.,MPC,0.068,Holdings SPY
2020,"Equifax, Inc.",EFX,0.068,Holdings SPY
2020,"Alexandria Real Estate Equities, Inc. REIT",ARE,0.067,Holdings SPY
2020,"Ameriprise Financial, Inc.",AMP,0.067,Holdings SPY
2020,"Keysight Technologies, Inc.",KEYS,0.066,Holdings SPY
2020,"Take-TwoInteractive Software, Inc.",TTWO,0.066,Holdings SPY
2020,First Republic Bank,FRCB,0.066,Holdings SPY
2020,"Maxim Integrated Products, Inc.",ADI,0.066,Holdings SPY
2020,Laboratory Corp. of America Holdings,LH,0.065,Holdings SPY
2020,"MarketAxess Holdings, Inc.",MKTX,0.065,Holdings SPY
2020,LyondellBasell Industries NV Class A,LYB,0.065,Holdings SPY
2020,Vulcan Materials Co.,VMC,0.064,Holdings SPY
2020,"Akamai Technologies, Inc.",AKAM,0.064,Holdings SPY
2020,Valero Energy Corp.,VLO,0.064,Holdings SPY
2020,Discover Financial Services,COF,0.064,Holdings SPY
2020,Equity Residential REIT,EQR,0.063,Holdings SPY
2020,"Tyson Foods, Inc. Class A",TSN,0.063,Holdings SPY
2020,Amcor PLC,AMCR,0.063,Holdings SPY
2020,CMS Energy Corp.,CMS,0.062,Holdings SPY
2020,"Conagra Brands, Inc.",CAG,0.062,Holdings SPY
2020,"Old Dominion Freight Line, Inc.",ODFL,0.062,Holdings SPY
2020,Kansas City Southern,CP,0.062,Holdings SPY
2020,"Hologic, Inc.",HOLX,0.062,Holdings SPY
2020,CDW Corp.,CDW,0.062,Holdings SPY
2020,"Citrix Systems, Inc.",CTXS,0.061,Holdings SPY
2020,Tractor Supply Co.,TSCO,0.061,Holdings SPY
2020,Incyte Corp.,INCY,0.06,Holdings SPY
2020,"Cooper Cos., Inc.",COO,0.059,Holdings SPY
2020,"Domino’s Pizza, Inc.",DPZ,0.059,Holdings SPY
2020,Northern Trust Corp.,NTRS,0.058,Holdings SPY
2020,"W.W. Grainger, Inc.",GWW,0.058,Holdings SPY
2020,Kellogg Co.,KLG,0.058,Holdings SPY
2020,International Paper Co.,IP,0.057,Holdings SPY
2020,"Fortinet, Inc.",FTNT,0.057,Holdings SPY
2020,"ViacomCBS, Inc. Class B",PARA,0.057,Holdings SPY
2020,Dover Corp.,DOV,0.056,Holdings SPY
2020,"CBRE Group, Inc. Class A",CBRE,0.056,Holdings SPY
2020,"Teleflex, Inc.",TFX,0.056,Holdings SPY
2020,"Varian Medical Systems, Inc.",SIE,0.056,Holdings SPY
2020,FirstEnergy Corp.,FE,0.056,Holdings SPY
2020,"Ventas, Inc. REIT",VTR,0.056,Holdings SPY
2020,"Expeditors International of Washington, Inc.",EXPD,0.055,Holdings SPY
2020,Las Vegas Sands Corp.,LVS,0.055,Holdings SPY
2020,"Paycom Software, Inc.",PAYC,0.055,Holdings SPY
2020,"Quest Diagnostics, Inc.",DGX,0.054,Holdings SPY
2020,Fifth Third Bancorp,FITB,0.054,Holdings SPY
2020,"CarMax, Inc.",KMX,0.054,Holdings SPY
2020,"Broadridge Financial Solutions, Inc.",BR,0.054,Holdings SPY
2020,"Xylem, Inc.",XYL,0.054,Holdings SPY
2020,"Qorvo, Inc.",QRVO,0.054,Holdings SPY
2020,STERIS PLC,STE,0.054,Holdings SPY
2020,"Healthpeak Properties, Inc. REIT",DOC,0.053,Holdings SPY
2020,"Martin Marietta Materials, Inc.",MLM,0.053,Holdings SPY
2020,Masco Corp.,MAS,0.052,Holdings SPY
2020,"Etsy, Inc.",ETSY,0.052,Holdings SPY
2020,AmerisourceBergen Corp.,COR,0.051,Holdings SPY
2020,Pioneer Natural Resources Co.,XOM,0.051,Holdings SPY
2020,"NVR, Inc.",NVR,0.051,Holdings SPY
2020,Synchrony Financial,SYF,0.051,Holdings SPY
2020,"Nasdaq, Inc.",NDAQ,0.051,Holdings SPY
2020,"Catalent, Inc.",CTLT,0.05,Holdings SPY
2020,"Tyler Technologies, Inc.",TYL,0.05,Holdings SPY
2020,"Extra Space Storage, Inc. REIT",EXR,0.05,Holdings SPY
2020,"PerkinElmer, Inc.",RVTY,0.05,Holdings SPY
2020,Genuine Parts Co.,GPC,0.05,Holdings SPY
2020,"C.H. Robinson Worldwide, Inc.",CHRW,0.049,Holdings SPY
2020,"Cardinal Health, Inc.",CAH,0.049,Holdings SPY
2020,FMC Corp.,FMC,0.049,Holdings SPY
2020,Brown-Forman Corp. Class B,BF.B,0.049,Holdings SPY
2020,"Garmin, Ltd.",GRMN,0.049,Holdings SPY
2020,Zebra Technologies Corp. Class A,ZBRA,0.049,Holdings SPY
2020,IDEX Corp.,IEX,0.049,Holdings SPY
2020,Hormel Foods Corp.,HRL,0.049,Holdings SPY
2020,Duke Realty Corp. REIT,PLD,0.049,Holdings SPY
2020,Nucor Corp.,NUE,0.049,Holdings SPY
2020,"Hartford Financial Services Group, Inc.",HIG,0.048,Holdings SPY
2020,"Ingersoll Rand, Inc.",IR,0.047,Holdings SPY
2020,"Teradyne, Inc.",TER,0.047,Holdings SPY
2020,"Mid-AmericaApartment Communities, Inc. REIT",MAA,0.047,Holdings SPY
2020,"Darden Restaurants, Inc.",DRI,0.047,Holdings SPY
2020,"Essex Property Trust, Inc. REIT",ESS,0.047,Holdings SPY
2020,J.M. Smucker Co.,SJM,0.047,Holdings SPY
2020,"International Flavors & Fragrances, Inc.",IFF,0.047,Holdings SPY
2020,Celanese Corp.,CE,0.047,Holdings SPY
2020,"Ulta Beauty, Inc.",ULTA,0.046,Holdings SPY
2020,"Expedia Group, Inc.",EXPE,0.045,Holdings SPY
2020,"United Rentals, Inc.",URI,0.045,Holdings SPY
2020,SVB Financial Group,SIVBQ,0.045,Holdings SPY
2020,"ABIOMED, Inc.",JNJ,0.045,Holdings SPY
2020,"PulteGroup, Inc.",PHM,0.045,Holdings SPY
2020,Alliant Energy Corp.,LNT,0.045,Holdings SPY
2020,Tiffany & Co.,LVMUY,0.045,Holdings SPY
2020,"Jack Henry & Associates, Inc.",JKHY,0.044,Holdings SPY
2020,"NortonLifeLock, Inc.",GEN,0.044,Holdings SPY
2020,Waters Corp.,WAT,0.044,Holdings SPY
2020,Hewlett Packard Enterprise Co.,HPE,0.044,Holdings SPY
2020,"Jacobs Engineering Group, Inc.",J,0.043,Holdings SPY
2020,"Fortune Brands Home & Security, Inc.",FBIN,0.043,Holdings SPY
2020,AES Corp.,AES,0.043,Holdings SPY
2020,"Leidos Holdings, Inc.",LDOS,0.043,Holdings SPY
2020,M&T Bank Corp.,MTB,0.042,Holdings SPY
2020,Cincinnati Financial Corp.,CINF,0.042,Holdings SPY
2020,KeyCorp,KEY,0.042,Holdings SPY
2020,"Evergy, Inc.",EVRG,0.042,Holdings SPY
2020,"Boston Properties, Inc. REIT",BXP,0.041,Holdings SPY
2020,"ONEOK, Inc.",OKE,0.041,Holdings SPY
2020,"Royal Caribbean Cruises, Ltd.",RCL,0.041,Holdings SPY
2020,Whirlpool Corp.,WHR,0.041,Holdings SPY
2020,Atmos Energy Corp.,ATO,0.041,Holdings SPY
2020,"Teledyne Technologies, Inc.",TDY,0.041,Holdings SPY
2020,ETRADE Financial Corp.,MS,0.041,Holdings SPY
2020,Westinghouse Air Brake Technologies Corp.,WAB,0.04,Holdings SPY
2020,"Arista Networks, Inc.",ANET,0.04,Holdings SPY
2020,Hess Corp.,CVX,0.04,Holdings SPY
2020,Regions Financial Corp.,RF,0.04,Holdings SPY
2020,"Gartner, Inc.",IT,0.04,Holdings SPY
2020,"Bio-RadLaboratories, Inc. Class A",BIO,0.04,Holdings SPY
2020,"Citizens Financial Group, Inc.",CFG,0.039,Holdings SPY
2020,Seagate Technology PLC,STX,0.039,Holdings SPY
2020,"JB Hunt Transport Services, Inc.",JBHT,0.039,Holdings SPY
2020,"Omnicom Group, Inc.",OMC,0.039,Holdings SPY
2020,Western Digital Corp.,WDC,0.038,Holdings SPY
2020,Eastman Chemical Co.,EMN,0.038,Holdings SPY
2020,Avery Dennison Corp.,AVY,0.038,Holdings SPY
2020,"Advance Auto Parts, Inc.",AAP,0.038,Holdings SPY
2020,Halliburton Co.,HAL,0.038,Holdings SPY
2020,"CenterPoint Energy, Inc.",CNP,0.038,Holdings SPY
2020,"Hasbro, Inc.",HAS,0.038,Holdings SPY
2020,"Principal Financial Group, Inc.",PFG,0.037,Holdings SPY
2020,Packaging Corp. of America,PKG,0.037,Holdings SPY
2020,"United Continental Holdings, Inc.",UAL,0.036,Holdings SPY
2020,"NetApp, Inc.",NTAP,0.036,Holdings SPY
2020,Campbell Soup Co.,CPB,0.035,Holdings SPY
2020,"Cboe Global Markets, Inc.",CBOE,0.035,Holdings SPY
2020,Fox Corp. Class A,FOX,0.035,Holdings SPY
2020,"DENTSPLY SIRONA, Inc.",XRAY,0.035,Holdings SPY
2020,"CenturyLink, Inc.",LUMN,0.035,Holdings SPY
2020,"Lamb Weston Holdings, Inc.",LW,0.035,Holdings SPY
2020,"UDR, Inc. REIT",UDR,0.034,Holdings SPY
2020,Albemarle Corp.,ALB,0.034,Holdings SPY
2020,"Huntington Bancshares, Inc.",HBAN,0.034,Holdings SPY
2020,Allegion PLC,ALLE,0.033,Holdings SPY
2020,"Raymond James Financial, Inc.",RJF,0.032,Holdings SPY
2020,Western Union Co.,WU,0.032,Holdings SPY
2020,MGM Resorts International,MGM,0.032,Holdings SPY
2020,WestRock Co.,WRK,0.032,Holdings SPY
2020,WR Berkley Corp.,WRB,0.032,Holdings SPY
2020,"Concho Resources, Inc.",COP,0.032,Holdings SPY
2020,Baker Hughes Co.,BKR,0.031,Holdings SPY
2020,"Henry Schein, Inc.",HSIC,0.031,Holdings SPY
2020,"Universal Health Services, Inc. Class B",UHS,0.031,Holdings SPY
2020,Loews Corp.,L,0.03,Holdings SPY
2020,Occidental Petroleum Corp.,OXY,0.03,Holdings SPY
2020,Pinnacle West Capital Corp.,PNW,0.03,Holdings SPY
2020,"Textron, Inc.",TXT,0.03,Holdings SPY
2020,"NiSource, Inc.",NI,0.029,Holdings SPY
2020,"Snap-on,Inc.",SNA,0.029,Holdings SPY
2020,"Globe Life, Inc.",GL,0.029,Holdings SPY
2020,"BorgWarner, Inc.",BWA,0.029,Holdings SPY
2020,"Everest Re Group, Ltd.",EG,0.028,Holdings SPY
2020,Carnival Corp.,CCL,0.028,Holdings SPY
2020,"NRG Energy, Inc.",NRG,0.028,Holdings SPY
2020,LKQ Corp.,LKQ,0.028,Holdings SPY
2020,"Host Hotels & Resorts, Inc. REIT",HST,0.028,Holdings SPY
2020,Pentair PLC,PNR,0.028,Holdings SPY
2020,"Iron Mountain, Inc. REIT",IRM,0.027,Holdings SPY
2020,"Rollins, Inc.",ROL,0.027,Holdings SPY
2020,Mylan NV,VTRS,0.027,Holdings SPY
2020,"Live Nation Entertainment, Inc.",LYV,0.027,Holdings SPY
2020,"Quanta Services, Inc.",PWR,0.027,Holdings SPY
2020,DISH Network Corp. Class A,SATS,0.027,Holdings SPY
2020,"Assurant, Inc.",AIZ,0.026,Holdings SPY
2020,"F5 Networks, Inc.",FFIV,0.026,Holdings SPY
2020,AO Smith Corp.,AOS,0.026,Holdings SPY
2020,"Juniper Networks, Inc.",HPE,0.026,Holdings SPY
2020,"L Brands, Inc.",VSCO,0.026,Holdings SPY
2020,Cabot Oil & Gas Corp.,CTRA,0.025,Holdings SPY
2020,"Wynn Resorts, Ltd.",WYNN,0.025,Holdings SPY
2020,"DaVita, Inc.",DVA,0.025,Holdings SPY
2020,"CF Industries Holdings, Inc.",CF,0.024,Holdings SPY
2020,"Newell Brands, Inc.",NWL,0.023,Holdings SPY
2020,"Howmet Aerospace, Inc.",HWM,0.023,Holdings SPY
2020,"Interpublic Group of Cos., Inc.",IPG,0.023,Holdings SPY
2020,Mosaic Co.,MOS,0.023,Holdings SPY
2020,Molson Coors Brewing Co. Class B,TAP,0.022,Holdings SPY
2020,Perrigo Co. PLC,PRGO,0.022,Holdings SPY
2020,"Discovery, Inc. Class C",WBD,0.022,Holdings SPY
2020,"Robert Half International, Inc.",RHI,0.022,Holdings SPY
2020,"American Airlines Group, Inc.",AAL,0.022,Holdings SPY
2020,Sealed Air Corp.,SEE,0.022,Holdings SPY
2020,IPG Photonics Corp.,IPGP,0.022,Holdings SPY
2020,Regency Centers Corp. REIT,REG,0.022,Holdings SPY
2020,"Mohawk Industries, Inc.",MHK,0.021,Holdings SPY
2020,"Huntington Ingalls Industries, Inc.",HII,0.021,Holdings SPY
2020,"Franklin Resources, Inc.",BEN,0.021,Holdings SPY
2020,"Hanesbrands, Inc.",GIL,0.02,Holdings SPY
2020,Lincoln National Corp.,LNC,0.02,Holdings SPY
2020,"Comerica, Inc.",CMA,0.02,Holdings SPY
2020,Vornado Realty Trust REIT,VNO,0.019,Holdings SPY
2020,"Leggett & Platt, Inc.",LEG,0.019,Holdings SPY
2020,News Corp. Class A,NWS,0.019,Holdings SPY
2020,Federal Realty Investment Trust REIT,FRT,0.018,Holdings SPY
2020,Apartment Investment & Management Co. Class A REIT,AIV,0.018,Holdings SPY
2020,Zions Bancorp,ZION,0.018,Holdings SPY
2020,Nielsen Holdings PLC,NLSN,0.018,Holdings SPY
2020,"Diamondback Energy, Inc.",FANG,0.017,Holdings SPY
2020,"FLIR Systems, Inc.",TDY,0.017,Holdings SPY
2020,Kimco Realty Corp. REIT,KIM,0.017,Holdings SPY
2020,"People’s United Financial, Inc.",MTB,0.016,Holdings SPY
2020,DXC Technology Co.,DXC,0.016,Holdings SPY
2020,"Alaska Air Group, Inc.",ALK,0.016,Holdings SPY
2020,Fox Corp. Class B,FOX,0.016,Holdings SPY
2020,PVH Corp.,PVH,0.016,Holdings SPY
2020,"Norwegian Cruise Line Holdings, Ltd.",NCLH,0.016,Holdings SPY
2020,"Tapestry, Inc.",TPR,0.015,Holdings SPY
2020,"Invesco, Ltd.",IVZ,0.015,Holdings SPY
2020,"Noble Energy, Inc.",CVX,0.015,Holdings SPY
2020,Devon Energy Corp.,DVN,0.013,Holdings SPY
2020,"Gap, Inc.",GAP,0.013,Holdings SPY
2020,Apache Corp.,APA,0.013,Holdings SPY
2020,Unum Group,UNM,0.013,Holdings SPY
2020,Xerox Holdings Corp.,XRX,0.013,Holdings SPY
2020,Flowserve Corp.,FLS,0.013,Holdings SPY
2020,"National Oilwell Varco, Inc.",NOV,0.012,Holdings SPY
2020,"Discovery, Inc. Class A",WBD,0.012,Holdings SPY
2020,SL Green Realty Corp. REIT,SLG,0.012,Holdings SPY
2020,Ralph Lauren Corp.,RL,0.012,Holdings SPY
2020,Marathon Oil Corp.,COP,0.012,Holdings SPY
2020,HollyFrontier Corp.,DINO,0.01,Holdings SPY
2020,TechnipFMC PLC,FTI,0.009,Holdings SPY
2020,"Under Armour, Inc. Class A",UA,0.007,Holdings SPY
2020,"Under Armour, Inc. Class C",UA,0.007,Holdings SPY
2020,News Corp. Class B,NWS,0.006,Holdings SPY
2021,"Apple, Inc.",AAPL,6.086,Holdings SPY
2021,Microsoft Corp.,MSFT,5.803,Holdings SPY
2021,"Amazon.com, Inc.",AMZN,3.919,Holdings SPY
2021,"Facebook, Inc. Class A",META,2.216,Holdings SPY
2021,"Alphabet, Inc. Class A",GOOG,2.205,Holdings SPY
2021,"Alphabet, Inc. Class C",GOOG,2.057,Holdings SPY
2021,"Tesla, Inc.",TSLA,1.723,Holdings SPY
2021,NVIDIA Corp.,NVDA,1.414,Holdings SPY
2021,"Berkshire Hathaway, Inc. Class B",BRK.B,1.386,Holdings SPY
2021,JPMorgan Chase & Co.,JPM,1.34,Holdings SPY
2021,Johnson & Johnson,JNJ,1.164,Holdings SPY
2021,"Visa, Inc. Class A",V,1.03,Holdings SPY
2021,"UnitedHealth Group, Inc.",UNH,1.009,Holdings SPY
2021,"Home Depot, Inc.",HD,0.956,Holdings SPY
2021,Procter & Gamble Co.,PG,0.929,Holdings SPY
2021,Bank of America Corp.,BAC,0.861,Holdings SPY
2021,Walt Disney Co.,DIS,0.842,Holdings SPY
2021,"PayPal Holdings, Inc.",PYPL,0.837,Holdings SPY
2021,"Mastercard, Inc. Class A",MA,0.83,Holdings SPY
2021,"Adobe, Inc.",ADBE,0.751,Holdings SPY
2021,"Netflix, Inc.",NFLX,0.74,Holdings SPY
2021,"salesforce.com, Inc.",CRM,0.722,Holdings SPY
2021,Comcast Corp. Class A,CMCSA,0.702,Holdings SPY
2021,Exxon Mobil Corp.,XOM,0.682,Holdings SPY
2021,"Pfizer, Inc.",PFE,0.66,Holdings SPY
2021,"Cisco Systems, Inc.",CSCO,0.628,Holdings SPY
2021,"Thermo Fisher Scientific, Inc.",TMO,0.616,Holdings SPY
2021,"Verizon Communications, Inc.",VZ,0.612,Holdings SPY
2021,Intel Corp.,INTC,0.592,Holdings SPY
2021,Abbott Laboratories,ABT,0.574,Holdings SPY
2021,"PepsiCo, Inc.",PEP,0.569,Holdings SPY
2021,Coca-Cola Co.,KO,0.558,Holdings SPY
2021,Accenture PLC Class A,ACN,0.556,Holdings SPY
2021,"Walmart, Inc.",WMT,0.546,Holdings SPY
2021,"Broadcom, Inc.",AVGO,0.545,Holdings SPY
2021,Costco Wholesale Corp.,COST,0.544,Holdings SPY
2021,Chevron Corp.,CVX,0.537,Holdings SPY
2021,Danaher Corp.,DHR,0.53,Holdings SPY
2021,"AT&T, Inc.",T,0.528,Holdings SPY
2021,"AbbVie, Inc.",ABBV,0.522,Holdings SPY
2021,Wells Fargo & Co.,WFC,0.522,Holdings SPY
2021,"Merck & Co., Inc.",MRK,0.521,Holdings SPY
2021,"NIKE, Inc. Class B",NKE,0.508,Holdings SPY
2021,Eli Lilly & Co.,LLY,0.502,Holdings SPY
2021,McDonald's Corp.,MCD,0.493,Holdings SPY
2021,"Texas Instruments, Inc.",TXN,0.486,Holdings SPY
2021,Medtronic PLC,MDT,0.461,Holdings SPY
2021,"NextEra Energy, Inc.",NEE,0.422,Holdings SPY
2021,Linde PLC,LIN,0.415,Holdings SPY
2021,"Philip Morris International, Inc.",PM,0.405,Holdings SPY
2021,"Intuit, Inc.",INTU,0.404,Holdings SPY
2021,"Honeywell International, Inc.",HON,0.401,Holdings SPY
2021,"QUALCOMM, Inc.",QCOM,0.398,Holdings SPY
2021,Oracle Corp.,ORCL,0.393,Holdings SPY
2021,"Lowe's Cos., Inc.",LOW,0.393,Holdings SPY
2021,"Citigroup, Inc.",C,0.39,Holdings SPY
2021,Morgan Stanley,MS,0.389,Holdings SPY
2021,"Moderna, Inc.",MRNA,0.37,Holdings SPY
2021,"United Parcel Service, Inc. Class B",UPS,0.363,Holdings SPY
2021,Bristol-Myers Squibb Co.,BMY,0.36,Holdings SPY
2021,Starbucks Corp.,SBUX,0.356,Holdings SPY
2021,Raytheon Technologies Corp.,RTX,0.355,Holdings SPY
2021,Union Pacific Corp.,UNP,0.35,Holdings SPY
2021,"Goldman Sachs Group, Inc.",GS,0.349,Holdings SPY
2021,"Advanced Micro Devices, Inc.",AMD,0.342,Holdings SPY
2021,International Business Machines Corp.,IBM,0.341,Holdings SPY
2021,"ServiceNow, Inc.",NOW,0.338,Holdings SPY
2021,Boeing Co.,BA,0.332,Holdings SPY
2021,American Tower Corp. REIT,AMT,0.331,Holdings SPY
2021,"Amgen, Inc.",AMGN,0.331,Holdings SPY
2021,"BlackRock, Inc.",BLK,0.328,Holdings SPY
2021,"Intuitive Surgical, Inc.",ISRG,0.323,Holdings SPY
2021,"Applied Materials, Inc.",AMAT,0.322,Holdings SPY
2021,Target Corp.,TGT,0.31,Holdings SPY
2021,General Electric Co.,GE,0.31,Holdings SPY
2021,CVS Health Corp.,CVS,0.307,Holdings SPY
2021,Charles Schwab Corp.,SCHW,0.299,Holdings SPY
2021,American Express Co.,AXP,0.295,Holdings SPY
2021,"Caterpillar, Inc.",CAT,0.288,Holdings SPY
2021,"S&P Global, Inc.",SPGI,0.28,Holdings SPY
2021,3M Co.,MMM,0.278,Holdings SPY
2021,"Booking Holdings, Inc.",BKNG,0.267,Holdings SPY
2021,Deere & Co.,DE,0.261,Holdings SPY
2021,"Prologis, Inc. REIT",PLD,0.254,Holdings SPY
2021,"Charter Communications, Inc. Class A",CHTR,0.253,Holdings SPY
2021,"Zoetis, Inc.",ZTS,0.252,Holdings SPY
2021,"Anthem, Inc.",ELV,0.249,Holdings SPY
2021,ConocoPhillips,COP,0.249,Holdings SPY
2021,"Analog Devices, Inc.",ADI,0.247,Holdings SPY
2021,Stryker Corp.,SYK,0.242,Holdings SPY
2021,"Gilead Sciences, Inc.",GILD,0.24,Holdings SPY
2021,Lockheed Martin Corp.,LMT,0.233,Holdings SPY
2021,"Automatic Data Processing, Inc.",ADP,0.232,Holdings SPY
2021,"Altria Group, Inc.",MO,0.23,Holdings SPY
2021,"PNC Financial Services Group, Inc.",PNC,0.228,Holdings SPY
2021,"Mondelez International, Inc. Class A",MDLZ,0.223,Holdings SPY
2021,Lam Research Corp.,LRCX,0.222,Holdings SPY
2021,US Bancorp,USB,0.22,Holdings SPY
2021,"Micron Technology, Inc.",MU,0.219,Holdings SPY
2021,"TJX Cos., Inc.",TJX,0.218,Holdings SPY
2021,Truist Financial Corp.,TFC,0.214,Holdings SPY
2021,"Marsh & McLennan Cos., Inc.",MRSH,0.21,Holdings SPY
2021,General Motors Co.,GM,0.21,Holdings SPY
2021,"Chubb, Ltd.",CB,0.208,Holdings SPY
2021,"Fidelity National Information Services, Inc.",FIS,0.206,Holdings SPY
2021,Duke Energy Corp.,DUK,0.206,Holdings SPY
2021,"T-Mobile US, Inc.",TMUS,0.205,Holdings SPY
2021,Crown Castle International Corp. REIT,CCI,0.205,Holdings SPY
2021,Capital One Financial Corp.,COF,0.198,Holdings SPY
2021,"Equinix, Inc. REIT",EQIX,0.194,Holdings SPY
2021,Becton Dickinson and Co.,BDX,0.193,Holdings SPY
2021,Edwards Lifesciences Corp.,EW,0.193,Holdings SPY
2021,"Estee Lauder Cos., Inc. Class A",EL,0.191,Holdings SPY
2021,"CME Group, Inc.",CME,0.19,Holdings SPY
2021,Cigna Corp.,CI,0.186,Holdings SPY
2021,Sherwin-Williams Co.,SHW,0.185,Holdings SPY
2021,CSX Corp.,CSX,0.184,Holdings SPY
2021,Southern Co.,SO,0.18,Holdings SPY
2021,"Fiserv, Inc.",FISV,0.177,Holdings SPY
2021,"Intercontinental Exchange, Inc.",ICE,0.177,Holdings SPY
2021,Aon PLC Class A,AON,0.177,Holdings SPY
2021,Colgate-Palmolive Co.,CL,0.175,Holdings SPY
2021,"Regeneron Pharmaceuticals, Inc.",REGN,0.174,Holdings SPY
2021,"Autodesk, Inc.",ADSK,0.172,Holdings SPY
2021,Boston Scientific Corp.,BSX,0.169,Holdings SPY
2021,"Activision Blizzard, Inc.",MSFT,0.165,Holdings SPY
2021,"HCA Healthcare, Inc.",HCA,0.164,Holdings SPY
2021,"Illumina, Inc.",ILMN,0.163,Holdings SPY
2021,Eaton Corp. PLC,ETN,0.163,Holdings SPY
2021,"Illinois Tool Works, Inc.",ITW,0.162,Holdings SPY
2021,Norfolk Southern Corp.,NSC,0.162,Holdings SPY
2021,"Dominion Energy, Inc.",D,0.162,Holdings SPY
2021,"Waste Management, Inc.",WM,0.158,Holdings SPY
2021,Moody's Corp.,MCO,0.158,Holdings SPY
2021,"Air Products & Chemicals, Inc.",APD,0.155,Holdings SPY
2021,Emerson Electric Co.,EMR,0.154,Holdings SPY
2021,Ford Motor Co.,F,0.152,Holdings SPY
2021,Northrop Grumman Corp.,NOC,0.148,Holdings SPY
2021,FedEx Corp.,FDX,0.148,Holdings SPY
2021,"DexCom, Inc.",DXCM,0.145,Holdings SPY
2021,"IDEXX Laboratories, Inc.",IDXX,0.145,Holdings SPY
2021,Progressive Corp.,PGR,0.145,Holdings SPY
2021,NXP Semiconductors NV,NXPI,0.142,Holdings SPY
2021,"Ecolab, Inc.",ECL,0.142,Holdings SPY
2021,KLA Corp.,KLAC,0.14,Holdings SPY
2021,"Chipotle Mexican Grill, Inc.",CMG,0.14,Holdings SPY
2021,"MSCI, Inc.",MSCI,0.137,Holdings SPY
2021,Dollar General Corp.,DG,0.137,Holdings SPY
2021,"Humana, Inc.",HUM,0.137,Holdings SPY
2021,Johnson Controls International PLC,JCI,0.133,Holdings SPY
2021,"Align Technology, Inc.",ALGN,0.132,Holdings SPY
2021,"Twitter, Inc.",TWTR,0.132,Holdings SPY
2021,"Agilent Technologies, Inc.",A,0.131,Holdings SPY
2021,"Freeport-McMoRan, Inc.",FCX,0.131,Holdings SPY
2021,Exelon Corp.,EXC,0.129,Holdings SPY
2021,"Vertex Pharmaceuticals, Inc.",VRTX,0.129,Holdings SPY
2021,"Roper Technologies, Inc.",ROP,0.129,Holdings SPY
2021,"American International Group, Inc.",AIG,0.129,Holdings SPY
2021,"EOG Resources, Inc.",EOG,0.128,Holdings SPY
2021,"IHS Markit, Ltd.",SPGI,0.127,Holdings SPY
2021,"Global Payments, Inc.",GPN,0.127,Holdings SPY
2021,"IQVIA Holdings, Inc.",IQV,0.126,Holdings SPY
2021,"Synopsys, Inc.",SNPS,0.125,Holdings SPY
2021,Public Storage REIT,PSA,0.124,Holdings SPY
2021,General Dynamics Corp.,GD,0.124,Holdings SPY
2021,"TE Connectivity, Ltd.",TEL,0.123,Holdings SPY
2021,"MetLife, Inc.",MET,0.123,Holdings SPY
2021,Carrier Global Corp.,CARR,0.123,Holdings SPY
2021,"T Rowe Price Group, Inc.",TROW,0.122,Holdings SPY
2021,Kimberly-Clark Corp.,KMB,0.122,Holdings SPY
2021,"eBay, Inc.",EBAY,0.122,Holdings SPY
2021,"L3Harris Technologies, Inc.",LHX,0.121,Holdings SPY
2021,Amphenol Corp. Class A,APH,0.12,Holdings SPY
2021,"Match Group, Inc.",MTCH,0.119,Holdings SPY
2021,Newmont Corp.,NEM,0.119,Holdings SPY
2021,"Dow, Inc.",DOW,0.118,Holdings SPY
2021,"Simon Property Group, Inc. REIT",SPG,0.117,Holdings SPY
2021,"Biogen, Inc.",BIIB,0.116,Holdings SPY
2021,"O'Reilly Automotive, Inc.",ORLY,0.115,Holdings SPY
2021,"Microchip Technology, Inc.",MCHP,0.115,Holdings SPY
2021,"Cadence Design Systems, Inc.",CDNS,0.115,Holdings SPY
2021,Schlumberger NV,SLB,0.114,Holdings SPY
2021,Bank of New York Mellon Corp.,BK,0.113,Holdings SPY
2021,Trane Technologies PLC,TT,0.112,Holdings SPY
2021,"Digital Realty Trust, Inc. REIT",DLR,0.112,Holdings SPY
2021,"Prudential Financial, Inc.",PRU,0.111,Holdings SPY
2021,"American Electric Power Co., Inc.",AEP,0.111,Holdings SPY
2021,"Electronic Arts, Inc.",EA,0.111,Holdings SPY
2021,"Marriott International, Inc. Class A",MAR,0.111,Holdings SPY
2021,Aptiv PLC,APTV,0.11,Holdings SPY
2021,"Baxter International, Inc.",BAX,0.11,Holdings SPY
2021,Sempra Energy,SRE,0.11,Holdings SPY
2021,Sysco Corp.,SYY,0.11,Holdings SPY
2021,"Fortinet, Inc.",FTNT,0.108,Holdings SPY
2021,Marathon Petroleum Corp.,MPC,0.108,Holdings SPY
2021,"Motorola Solutions, Inc.",MSI,0.108,Holdings SPY
2021,Cognizant Technology Solutions Corp. Class A,CTSH,0.107,Holdings SPY
2021,"Ross Stores, Inc.",ROST,0.106,Holdings SPY
2021,"ResMed, Inc.",RMD,0.105,Holdings SPY
2021,"Travelers Cos., Inc.",TRV,0.104,Holdings SPY
2021,SVB Financial Group,SIVBQ,0.104,Holdings SPY
2021,Pioneer Natural Resources Co.,XOM,0.103,Holdings SPY
2021,Allstate Corp.,ALL,0.103,Holdings SPY
2021,"Xilinx, Inc.",AMD,0.102,Holdings SPY
2021,"Hilton Worldwide Holdings, Inc.",HLT,0.101,Holdings SPY
2021,Discover Financial Services,COF,0.101,Holdings SPY
2021,"AutoZone, Inc.",AZO,0.1,Holdings SPY
2021,"General Mills, Inc.",GIS,0.1,Holdings SPY
2021,Centene Corp.,CNC,0.1,Holdings SPY
2021,"Yum! Brands, Inc.",YUM,0.099,Holdings SPY
2021,SBA Communications Corp. REIT,SBAC,0.099,Holdings SPY
2021,Parker-Hannifin Corp.,PH,0.099,Holdings SPY
2021,"Paychex, Inc.",PAYX,0.099,Holdings SPY
2021,"DuPont de Nemours, Inc.",DD,0.097,Holdings SPY
2021,"Constellation Brands, Inc. Class A",STZ,0.097,Holdings SPY
2021,Otis Worldwide Corp.,OTIS,0.096,Holdings SPY
2021,"Welltower, Inc. REIT",WELL,0.095,Holdings SPY
2021,"Rockwell Automation, Inc.",ROK,0.093,Holdings SPY
2021,First Republic Bank,FRCB,0.093,Holdings SPY
2021,"PPG Industries, Inc.",PPG,0.093,Holdings SPY
2021,"Walgreens Boots Alliance, Inc.",WBA,0.093,Holdings SPY
2021,"Xcel Energy, Inc.",XEL,0.092,Holdings SPY
2021,Archer-Daniels-Midland Co.,ADM,0.092,Holdings SPY
2021,Cintas Corp.,CTAS,0.092,Holdings SPY
2021,"International Flavors & Fragrances, Inc.",IFF,0.091,Holdings SPY
2021,Monster Beverage Corp.,MNST,0.091,Holdings SPY
2021,"HP, Inc.",HPQ,0.09,Holdings SPY
2021,"TransDigm Group, Inc.",TDG,0.09,Holdings SPY
2021,"CBRE Group, Inc. Class A",CBRE,0.09,Holdings SPY
2021,"Kinder Morgan, Inc.",KMI,0.089,Holdings SPY
2021,"Verisk Analytics, Inc.",VRSK,0.089,Holdings SPY
2021,"Cummins, Inc.",CMI,0.089,Holdings SPY
2021,"Aflac, Inc.",AFL,0.088,Holdings SPY
2021,"Mettler-Toledo International, Inc.",MTD,0.088,Holdings SPY
2021,"Williams Cos., Inc.",WMB,0.086,Holdings SPY
2021,"West Pharmaceutical Services, Inc.",WST,0.086,Holdings SPY
2021,State Street Corp. (c),STT,0.085,Holdings SPY
2021,McKesson Corp.,MCK,0.085,Holdings SPY
2021,"AvalonBay Communities, Inc. REIT",AVB,0.085,Holdings SPY
2021,"Corteva, Inc.",CTVA,0.085,Holdings SPY
2021,"Equifax, Inc.",EFX,0.085,Holdings SPY
2021,Phillips 66,PSX,0.084,Holdings SPY
2021,"Public Service Enterprise Group, Inc.",PEG,0.084,Holdings SPY
2021,Arthur J Gallagher & Co.,AJG,0.084,Holdings SPY
2021,"American Water Works Co., Inc.",AWK,0.084,Holdings SPY
2021,"Zimmer Biomet Holdings, Inc.",ZBH,0.084,Holdings SPY
2021,Southwest Airlines Co.,LUV,0.083,Holdings SPY
2021,"Keysight Technologies, Inc.",KEYS,0.083,Holdings SPY
2021,"Ameriprise Financial, Inc.",AMP,0.083,Holdings SPY
2021,Willis Towers Watson PLC,WTW,0.082,Holdings SPY
2021,Fastenal Co.,FAST,0.081,Holdings SPY
2021,"ANSYS, Inc.",SNPS,0.081,Holdings SPY
2021,Fifth Third Bancorp,FITB,0.081,Holdings SPY
2021,Ball Corp.,BALL,0.08,Holdings SPY
2021,"Copart, Inc.",CPRT,0.08,Holdings SPY
2021,Nucor Corp.,NUE,0.08,Holdings SPY
2021,Valero Energy Corp.,VLO,0.079,Holdings SPY
2021,"AMETEK, Inc.",AME,0.079,Holdings SPY
2021,"Stanley Black & Decker, Inc.",SWK,0.078,Holdings SPY
2021,Eversource Energy,ES,0.077,Holdings SPY
2021,"Corning, Inc.",GLW,0.077,Holdings SPY
2021,Synchrony Financial,SYF,0.076,Holdings SPY
2021,"WEC Energy Group, Inc.",WEC,0.076,Holdings SPY
2021,Kroger Co.,KR,0.076,Holdings SPY
2021,Equity Residential REIT,EQR,0.076,Holdings SPY
2021,Zebra Technologies Corp. Class A,ZBRA,0.075,Holdings SPY
2021,"Delta Air Lines, Inc.",DAL,0.075,Holdings SPY
2021,"PACCAR, Inc.",PCAR,0.075,Holdings SPY
2021,"D.R. Horton, Inc.",DHI,0.075,Holdings SPY
2021,Laboratory Corp. of America Holdings,LH,0.075,Holdings SPY
2021,"Skyworks Solutions, Inc.",SWKS,0.075,Holdings SPY
2021,"Old Dominion Freight Line, Inc.",ODFL,0.074,Holdings SPY
2021,Weyerhaeuser Co. REIT,WY,0.073,Holdings SPY
2021,"Alexandria Real Estate Equities, Inc. REIT",ARE,0.072,Holdings SPY
2021,Occidental Petroleum Corp.,OXY,0.072,Holdings SPY
2021,"Generac Holdings, Inc.",GNRC,0.071,Holdings SPY
2021,"ONEOK, Inc.",OKE,0.071,Holdings SPY
2021,Albemarle Corp.,ALB,0.07,Holdings SPY
2021,Lennar Corp. Class A,LEN,0.07,Holdings SPY
2021,"United Rentals, Inc.",URI,0.07,Holdings SPY
2021,"Gartner, Inc.",IT,0.07,Holdings SPY
2021,Fortive Corp.,FTV,0.069,Holdings SPY
2021,Realty Income Corp. REIT,O,0.069,Holdings SPY
2021,"Republic Services, Inc.",RSG,0.069,Holdings SPY
2021,"Etsy, Inc.",ETSY,0.069,Holdings SPY
2021,CDW Corp.,CDW,0.069,Holdings SPY
2021,"Consolidated Edison, Inc.",ED,0.069,Holdings SPY
2021,Kansas City Southern,CP,0.068,Holdings SPY
2021,Hershey Co.,HSY,0.067,Holdings SPY
2021,"Hartford Financial Services Group, Inc.",HIG,0.067,Holdings SPY
2021,LyondellBasell Industries NV Class A,LYB,0.067,Holdings SPY
2021,Kraft Heinz Co.,KHC,0.066,Holdings SPY
2021,"ViacomCBS, Inc. Class B",PARA,0.066,Holdings SPY
2021,"Paycom Software, Inc.",PAYC,0.066,Holdings SPY
2021,"Best Buy Co., Inc.",BBY,0.065,Holdings SPY
2021,"Caesars Entertainment, Inc.",CZR,0.065,Holdings SPY
2021,"Garmin, Ltd.",GRMN,0.064,Holdings SPY
2021,"Expedia Group, Inc.",EXPE,0.064,Holdings SPY
2021,"Tyson Foods, Inc. Class A",TSN,0.064,Holdings SPY
2021,Tractor Supply Co.,TSCO,0.063,Holdings SPY
2021,"Catalent, Inc.",CTLT,0.062,Holdings SPY
2021,Dover Corp.,DOV,0.062,Holdings SPY
2021,"Extra Space Storage, Inc. REIT",EXR,0.062,Holdings SPY
2021,Northern Trust Corp.,NTRS,0.062,Holdings SPY
2021,Vulcan Materials Co.,VMC,0.061,Holdings SPY
2021,"Nasdaq, Inc.",NDAQ,0.061,Holdings SPY
2021,Devon Energy Corp.,DVN,0.061,Holdings SPY
2021,"Xylem, Inc.",XYL,0.061,Holdings SPY
2021,"Dollar Tree, Inc.",DLTR,0.061,Holdings SPY
2021,Waters Corp.,WAT,0.06,Holdings SPY
2021,International Paper Co.,IP,0.06,Holdings SPY
2021,VF Corp.,VFC,0.059,Holdings SPY
2021,DTE Energy Co.,DTE,0.059,Holdings SPY
2021,PPL Corp.,PPL,0.059,Holdings SPY
2021,"FleetCor Technologies, Inc.",FLT,0.059,Holdings SPY
2021,"Mid-America Apartment Communities, Inc. REIT",MAA,0.059,Holdings SPY
2021,Hess Corp.,CVX,0.059,Holdings SPY
2021,"Martin Marietta Materials, Inc.",MLM,0.059,Holdings SPY
2021,Edison International,EIX,0.058,Holdings SPY
2021,"CarMax, Inc.",KMX,0.057,Holdings SPY
2021,"Essex Property Trust, Inc. REIT",ESS,0.057,Holdings SPY
2021,Cerner Corp.,ORCL,0.057,Holdings SPY
2021,Ameren Corp.,AEE,0.057,Holdings SPY
2021,"Ventas, Inc. REIT",VTR,0.057,Holdings SPY
2021,"Trimble, Inc.",TRMB,0.057,Holdings SPY
2021,"Monolithic Power Systems, Inc.",MPWR,0.057,Holdings SPY
2021,"Charles River Laboratories International, Inc.",CRL,0.057,Holdings SPY
2021,KeyCorp.,KEY,0.057,Holdings SPY
2021,Baker Hughes Co.,BKR,0.056,Holdings SPY
2021,"Cooper Cos., Inc.",COO,0.056,Holdings SPY
2021,"Ingersoll Rand, Inc.",IR,0.056,Holdings SPY
2021,"Church & Dwight Co., Inc.",CHD,0.056,Holdings SPY
2021,Regions Financial Corp.,RF,0.056,Holdings SPY
2021,Clorox Co.,CLX,0.056,Holdings SPY
2021,"McCormick & Co., Inc.",MKC,0.056,Holdings SPY
2021,"Expeditors International of Washington, Inc.",EXPD,0.056,Holdings SPY
2021,"Enphase Energy, Inc.",ENPH,0.055,Holdings SPY
2021,"NetApp, Inc.",NTAP,0.055,Holdings SPY
2021,"Citizens Financial Group, Inc.",CFG,0.055,Holdings SPY
2021,Carnival Corp.,CCL,0.055,Holdings SPY
2021,"Teledyne Technologies, Inc.",TDY,0.055,Holdings SPY
2021,Entergy Corp.,ETR,0.055,Holdings SPY
2021,STERIS PLC,STE,0.055,Holdings SPY
2021,"VeriSign, Inc.",VRSN,0.055,Holdings SPY
2021,"Ulta Beauty, Inc.",ULTA,0.054,Holdings SPY
2021,"Darden Restaurants, Inc.",DRI,0.054,Holdings SPY
2021,"Royal Caribbean Cruises, Ltd.",RCL,0.054,Holdings SPY
2021,"PerkinElmer, Inc.",RVTY,0.054,Holdings SPY
2021,FirstEnergy Corp.,FE,0.053,Holdings SPY
2021,"Broadridge Financial Solutions, Inc.",BR,0.053,Holdings SPY
2021,Halliburton Co.,HAL,0.053,Holdings SPY
2021,M&T Bank Corp.,MTB,0.053,Holdings SPY
2021,Bio-Techne Corp.,TECH,0.052,Holdings SPY
2021,"Arista Networks, Inc.",ANET,0.052,Holdings SPY
2021,"Hologic, Inc.",HOLX,0.051,Holdings SPY
2021,"Tyler Technologies, Inc.",TYL,0.051,Holdings SPY
2021,"Qorvo, Inc.",QRVO,0.051,Holdings SPY
2021,Hewlett Packard Enterprise Co.,HPE,0.051,Holdings SPY
2021,"Healthpeak Properties, Inc. REIT",DOC,0.05,Holdings SPY
2021,Duke Realty Corp. REIT,PLD,0.049,Holdings SPY
2021,Amcor PLC,AMCR,0.049,Holdings SPY
2021,"Take-Two Interactive Software, Inc.",TTWO,0.049,Holdings SPY
2021,"Quest Diagnostics, Inc.",DGX,0.049,Holdings SPY
2021,AmerisourceBergen Corp.,COR,0.049,Holdings SPY
2021,"Teleflex, Inc.",TFX,0.049,Holdings SPY
2021,"Domino's Pizza, Inc.",DPZ,0.048,Holdings SPY
2021,Pool Corp.,POOL,0.048,Holdings SPY
2021,Western Digital Corp.,WDC,0.048,Holdings SPY
2021,"Jacobs Engineering Group, Inc.",J,0.048,Holdings SPY
2021,Genuine Parts Co.,GPC,0.048,Holdings SPY
2021,CMS Energy Corp.,CMS,0.048,Holdings SPY
2021,MGM Resorts International,MGM,0.047,Holdings SPY
2021,Cincinnati Financial Corp.,CINF,0.047,Holdings SPY
2021,"W.W. Grainger, Inc.",GWW,0.047,Holdings SPY
2021,Avery Dennison Corp.,AVY,0.047,Holdings SPY
2021,"Raymond James Financial, Inc.",RJF,0.047,Holdings SPY
2021,"Akamai Technologies, Inc.",AKAM,0.047,Holdings SPY
2021,"Teradyne, Inc.",TER,0.047,Holdings SPY
2021,Celanese Corp.,CE,0.046,Holdings SPY
2021,"Bath & Body Works, Inc.",BBWI,0.046,Holdings SPY
2021,Seagate Technology Holdings PLC,STX,0.045,Holdings SPY
2021,"Viatris, Inc.",VTRS,0.045,Holdings SPY
2021,"Conagra Brands, Inc.",CAG,0.045,Holdings SPY
2021,Westinghouse Air Brake Technologies Corp.,WAB,0.045,Holdings SPY
2021,Kellogg Co.,KLG,0.044,Holdings SPY
2021,"NVR, Inc.",NVR,0.044,Holdings SPY
2021,"Diamondback Energy, Inc.",FANG,0.044,Holdings SPY
2021,"MarketAxess Holdings, Inc.",MKTX,0.044,Holdings SPY
2021,"Principal Financial Group, Inc.",PFG,0.044,Holdings SPY
2021,"Bio-Rad Laboratories, Inc. Class A",BIO,0.044,Holdings SPY
2021,"Quanta Services, Inc.",PWR,0.043,Holdings SPY
2021,IDEX Corp.,IEX,0.043,Holdings SPY
2021,"Textron, Inc.",TXT,0.043,Holdings SPY
2021,"Omnicom Group, Inc.",OMC,0.043,Holdings SPY
2021,"Boston Properties, Inc. REIT",BXP,0.042,Holdings SPY
2021,"United Airlines Holdings, Inc.",UAL,0.042,Holdings SPY
2021,AES Corp.,AES,0.042,Holdings SPY
2021,"Ceridian HCM Holding, Inc.",DAY,0.042,Holdings SPY
2021,"UDR, Inc. REIT",UDR,0.041,Holdings SPY
2021,"ABIOMED, Inc.",JNJ,0.041,Holdings SPY
2021,"NortonLifeLock, Inc.",GEN,0.041,Holdings SPY
2021,"Cardinal Health, Inc.",CAH,0.04,Holdings SPY
2021,"Interpublic Group of Cos., Inc.",IPG,0.04,Holdings SPY
2021,"CenterPoint Energy, Inc.",CNP,0.039,Holdings SPY
2021,"Evergy, Inc.",EVRG,0.039,Holdings SPY
2021,Alliant Energy Corp.,LNT,0.039,Holdings SPY
2021,"JB Hunt Transport Services, Inc.",JBHT,0.039,Holdings SPY
2021,Eastman Chemical Co.,EMN,0.038,Holdings SPY
2021,Masco Corp.,MAS,0.038,Holdings SPY
2021,"Advance Auto Parts, Inc.",AAP,0.038,Holdings SPY
2021,LKQ Corp.,LKQ,0.037,Holdings SPY
2021,"Citrix Systems, Inc.",CTXS,0.036,Holdings SPY
2021,"American Airlines Group, Inc.",AAL,0.036,Holdings SPY
2021,Westrock Co.,WRK,0.036,Holdings SPY
2021,"Cboe Global Markets, Inc.",CBOE,0.036,Holdings SPY
2021,Packaging Corp. of America,PKG,0.036,Holdings SPY
2021,J.M. Smucker Co.,SJM,0.036,Holdings SPY
2021,Fox Corp. Class A,FOX,0.036,Holdings SPY
2021,"Brown & Brown, Inc.",BRO,0.035,Holdings SPY
2021,Incyte Corp.,INCY,0.035,Holdings SPY
2021,"Leidos Holdings, Inc.",LDOS,0.035,Holdings SPY
2021,Whirlpool Corp.,WHR,0.035,Holdings SPY
2021,"DENTSPLY SIRONA, Inc.",XRAY,0.035,Holdings SPY
2021,"PTC, Inc.",PTC,0.035,Holdings SPY
2021,"Iron Mountain, Inc. REIT",IRM,0.035,Holdings SPY
2021,Kimco Realty Corp. REIT,KIM,0.034,Holdings SPY
2021,Mosaic Co.,MOS,0.034,Holdings SPY
2021,Brown-Forman Corp. Class B,BF.B,0.034,Holdings SPY
2021,"Fortune Brands Home & Security, Inc.",FBIN,0.034,Holdings SPY
2021,"Lumen Technologies, Inc.",LUMN,0.034,Holdings SPY
2021,"Jack Henry & Associates, Inc.",JKHY,0.034,Holdings SPY
2021,Pentair PLC,PNR,0.033,Holdings SPY
2021,Lincoln National Corp.,LNC,0.033,Holdings SPY
2021,Las Vegas Sands Corp.,LVS,0.033,Holdings SPY
2021,"Howmet Aerospace, Inc.",HWM,0.033,Holdings SPY
2021,"CF Industries Holdings, Inc.",CF,0.033,Holdings SPY
2021,"Live Nation Entertainment, Inc.",LYV,0.033,Holdings SPY
2021,"F5 Networks, Inc.",FFIV,0.033,Holdings SPY
2021,"PulteGroup, Inc.",PHM,0.033,Holdings SPY
2021,Allegion PLC,ALLE,0.032,Holdings SPY
2021,FMC Corp.,FMC,0.032,Holdings SPY
2021,Atmos Energy Corp.,ATO,0.032,Holdings SPY
2021,Hormel Foods Corp.,HRL,0.032,Holdings SPY
2021,"Host Hotels & Resorts, Inc. REIT",HST,0.032,Holdings SPY
2021,"Hasbro, Inc.",HAS,0.031,Holdings SPY
2021,"C.H. Robinson Worldwide, Inc.",CHRW,0.031,Holdings SPY
2021,"Snap-on, Inc.",SNA,0.031,Holdings SPY
2021,"Robert Half International, Inc.",RHI,0.031,Holdings SPY
2021,Loews Corp.,L,0.03,Holdings SPY
2021,Marathon Oil Corp.,COP,0.03,Holdings SPY
2021,"Penn National Gaming, Inc.",PENN,0.03,Holdings SPY
2021,DISH Network Corp. Class A,SATS,0.03,Holdings SPY
2021,"Comerica, Inc.",CMA,0.03,Holdings SPY
2021,"Henry Schein, Inc.",HSIC,0.029,Holdings SPY
2021,"Universal Health Services, Inc. Class B",UHS,0.029,Holdings SPY
2021,"BorgWarner, Inc.",BWA,0.028,Holdings SPY
2021,"Tapestry, Inc.",TPR,0.028,Holdings SPY
2021,WR Berkley Corp.,WRB,0.028,Holdings SPY
2021,Regency Centers Corp. REIT,REG,0.028,Holdings SPY
2021,"Everest Re Group, Ltd.",EG,0.028,Holdings SPY
2021,"NRG Energy, Inc.",NRG,0.028,Holdings SPY
2021,Zions Bancorp NA,ZION,0.027,Holdings SPY
2021,"Mohawk Industries, Inc.",MHK,0.027,Holdings SPY
2021,"Norwegian Cruise Line Holdings, Ltd.",NCLH,0.027,Holdings SPY
2021,"NiSource, Inc.",NI,0.026,Holdings SPY
2021,"Assurant, Inc.",AIZ,0.025,Holdings SPY
2021,News Corp. Class A,NWS,0.025,Holdings SPY
2021,"Lamb Weston Holdings, Inc.",LW,0.025,Holdings SPY
2021,"Wynn Resorts, Ltd.",WYNN,0.025,Holdings SPY
2021,"Juniper Networks, Inc.",HPE,0.025,Holdings SPY
2021,Molson Coors Beverage Co. Class B,TAP,0.024,Holdings SPY
2021,Cabot Oil & Gas Corp.,CTRA,0.024,Holdings SPY
2021,Campbell Soup Co.,CPB,0.023,Holdings SPY
2021,DXC Technology Co.,DXC,0.023,Holdings SPY
2021,"Newell Brands, Inc.",NWL,0.023,Holdings SPY
2021,Organon & Co.,OGN,0.023,Holdings SPY
2021,"Globe Life, Inc.",GL,0.023,Holdings SPY
2021,Federal Realty Investment Trust REIT,FRT,0.023,Holdings SPY
2021,"Invesco, Ltd.",IVZ,0.023,Holdings SPY
2021,Western Union Co.,WU,0.022,Holdings SPY
2021,Pinnacle West Capital Corp.,PNW,0.022,Holdings SPY
2021,Sealed Air Corp.,SEE,0.022,Holdings SPY
2021,"Franklin Resources, Inc.",BEN,0.022,Holdings SPY
2021,APA Corp.,APA,0.022,Holdings SPY
2021,A.O. Smith Corp.,AOS,0.022,Holdings SPY
2021,"Rollins, Inc.",ROL,0.022,Holdings SPY
2021,"Huntington Ingalls Industries, Inc.",HII,0.021,Holdings SPY
2021,"DaVita, Inc.",DVA,0.021,Holdings SPY
2021,"People's United Financial, Inc.",MTB,0.021,Holdings SPY
2021,PVH Corp.,PVH,0.02,Holdings SPY
2021,"Alaska Air Group, Inc.",ALK,0.02,Holdings SPY
2021,"Discovery, Inc. Class C",WBD,0.019,Holdings SPY
2021,Nielsen Holdings PLC,NLSN,0.019,Holdings SPY
2021,Vornado Realty Trust REIT,VNO,0.018,Holdings SPY
2021,"Hanesbrands, Inc.",GIL,0.017,Holdings SPY
2021,"Leggett & Platt, Inc.",LEG,0.016,Holdings SPY
2021,IPG Photonics Corp.,IPGP,0.016,Holdings SPY
2021,Fox Corp. Class B,FOX,0.015,Holdings SPY
2021,Ralph Lauren Corp.,RL,0.015,Holdings SPY
2021,"Gap, Inc.",GAP,0.013,Holdings SPY
2021,"Discovery, Inc. Class A",WBD,0.011,Holdings SPY
2021,"Under Armour, Inc. Class A",UA,0.011,Holdings SPY
2021,"Under Armour, Inc. Class C",UA,0.009,Holdings SPY
2021,News Corp. Class B,NWS,0.008,Holdings SPY
2022,"Apple, Inc.",AAPL,6.928,Holdings SPY
2022,Microsoft Corp.,MSFT,5.765,Holdings SPY
2022,"Amazon.com, Inc.",AMZN,3.324,Holdings SPY
2022,"Tesla, Inc.",TSLA,2.345,Holdings SPY
2022,"Alphabet, Inc. Class A",GOOG,1.904,Holdings SPY
2022,"Alphabet, Inc. Class C",GOOG,1.711,Holdings SPY
2022,"Berkshire Hathaway, Inc. Class B",BRK.B,1.598,Holdings SPY
2022,"UnitedHealth Group, Inc.",UNH,1.568,Holdings SPY
2022,Johnson & Johnson,JNJ,1.426,Holdings SPY
2022,Exxon Mobil Corp.,XOM,1.208,Holdings SPY
2022,"Meta Platforms, Inc. Class A",META,1.027,Holdings SPY
2022,JPMorgan Chase & Co.,JPM,1.017,Holdings SPY
2022,NVIDIA Corp.,NVDA,1.009,Holdings SPY
2022,Procter & Gamble Co.,PG,1.002,Holdings SPY
2022,"Visa, Inc. Class A",V,0.964,Holdings SPY
2022,"Home Depot, Inc.",HD,0.941,Holdings SPY
2022,Chevron Corp.,CVX,0.859,Holdings SPY
2022,Eli Lilly & Co.,LLY,0.846,Holdings SPY
2022,"Pfizer, Inc.",PFE,0.815,Holdings SPY
2022,"Mastercard, Inc. Class A",MA,0.805,Holdings SPY
2022,"AbbVie, Inc.",ABBV,0.788,Holdings SPY
2022,"PepsiCo, Inc.",PEP,0.747,Holdings SPY
2022,"Merck & Co., Inc.",MRK,0.724,Holdings SPY
2022,Coca-Cola Co.,KO,0.723,Holdings SPY
2022,Bank of America Corp.,BAC,0.701,Holdings SPY
2022,Costco Wholesale Corp.,COST,0.694,Holdings SPY
2022,"Thermo Fisher Scientific, Inc.",TMO,0.66,Holdings SPY
2022,"Walmart, Inc.",WMT,0.614,Holdings SPY
2022,"Broadcom, Inc.",AVGO,0.595,Holdings SPY
2022,Walt Disney Co.,DIS,0.571,Holdings SPY
2022,McDonald's Corp.,MCD,0.563,Holdings SPY
2022,Abbott Laboratories,ABT,0.562,Holdings SPY
2022,Danaher Corp.,DHR,0.561,Holdings SPY
2022,"Cisco Systems, Inc.",CSCO,0.55,Holdings SPY
2022,Accenture PLC Class A,ACN,0.539,Holdings SPY
2022,"Verizon Communications, Inc.",VZ,0.529,Holdings SPY
2022,"NextEra Energy, Inc.",NEE,0.511,Holdings SPY
2022,Wells Fargo & Co.,WFC,0.506,Holdings SPY
2022,Bristol-Myers Squibb Co.,BMY,0.504,Holdings SPY
2022,"Salesforce, Inc.",CRM,0.475,Holdings SPY
2022,"Texas Instruments, Inc.",TXN,0.469,Holdings SPY
2022,Linde PLC,LIN,0.446,Holdings SPY
2022,ConocoPhillips,COP,0.432,Holdings SPY
2022,Comcast Corp. Class A,CMCSA,0.429,Holdings SPY
2022,"Adobe, Inc.",ADBE,0.427,Holdings SPY
2022,"Philip Morris International, Inc.",PM,0.427,Holdings SPY
2022,"QUALCOMM, Inc.",QCOM,0.421,Holdings SPY
2022,CVS Health Corp.,CVS,0.416,Holdings SPY
2022,Union Pacific Corp.,UNP,0.405,Holdings SPY
2022,Raytheon Technologies Corp.,RTX,0.401,Holdings SPY
2022,"Amgen, Inc.",AMGN,0.4,Holdings SPY
2022,"Lowe's Cos., Inc.",LOW,0.398,Holdings SPY
2022,"United Parcel Service, Inc. Class B",UPS,0.393,Holdings SPY
2022,"Honeywell International, Inc.",HON,0.373,Holdings SPY
2022,Charles Schwab Corp.,SCHW,0.364,Holdings SPY
2022,"AT&T, Inc.",T,0.363,Holdings SPY
2022,"Elevance Health, Inc.",ELV,0.363,Holdings SPY
2022,"Intuit, Inc.",INTU,0.362,Holdings SPY
2022,International Business Machines Corp.,IBM,0.356,Holdings SPY
2022,Medtronic PLC,MDT,0.356,Holdings SPY
2022,Intel Corp.,INTC,0.351,Holdings SPY
2022,Morgan Stanley,MS,0.351,Holdings SPY
2022,"NIKE, Inc. Class B",NKE,0.349,Holdings SPY
2022,"Netflix, Inc.",NFLX,0.348,Holdings SPY
2022,"S&P Global, Inc.",SPGI,0.345,Holdings SPY
2022,"Advanced Micro Devices, Inc.",AMD,0.34,Holdings SPY
2022,"Goldman Sachs Group, Inc.",GS,0.333,Holdings SPY
2022,American Tower Corp. REIT,AMT,0.332,Holdings SPY
2022,"PayPal Holdings, Inc.",PYPL,0.331,Holdings SPY
2022,Starbucks Corp.,SBUX,0.32,Holdings SPY
2022,"Automatic Data Processing, Inc.",ADP,0.312,Holdings SPY
2022,Deere & Co.,DE,0.309,Holdings SPY
2022,Oracle Corp.,ORCL,0.308,Holdings SPY
2022,Lockheed Martin Corp.,LMT,0.303,Holdings SPY
2022,"Caterpillar, Inc.",CAT,0.287,Holdings SPY
2022,Cigna Corp.,CI,0.281,Holdings SPY
2022,"BlackRock, Inc.",BLK,0.275,Holdings SPY
2022,American Express Co.,AXP,0.269,Holdings SPY
2022,"T-Mobile US, Inc.",TMUS,0.268,Holdings SPY
2022,"Citigroup, Inc.",C,0.268,Holdings SPY
2022,"Gilead Sciences, Inc.",GILD,0.257,Holdings SPY
2022,"ServiceNow, Inc.",NOW,0.253,Holdings SPY
2022,"Chubb, Ltd.",CB,0.252,Holdings SPY
2022,"Prologis, Inc. REIT",PLD,0.25,Holdings SPY
2022,"Mondelez International, Inc. Class A",MDLZ,0.249,Holdings SPY
2022,"Marsh & McLennan Cos., Inc.",MRSH,0.247,Holdings SPY
2022,"Vertex Pharmaceuticals, Inc.",VRTX,0.246,Holdings SPY
2022,"Regeneron Pharmaceuticals, Inc.",REGN,0.246,Holdings SPY
2022,"Analog Devices, Inc.",ADI,0.242,Holdings SPY
2022,"TJX Cos., Inc.",TJX,0.241,Holdings SPY
2022,"Altria Group, Inc.",MO,0.241,Holdings SPY
2022,Southern Co.,SO,0.24,Holdings SPY
2022,Duke Energy Corp.,DUK,0.237,Holdings SPY
2022,"Applied Materials, Inc.",AMAT,0.237,Holdings SPY
2022,"Zoetis, Inc.",ZTS,0.231,Holdings SPY
2022,Target Corp.,TGT,0.228,Holdings SPY
2022,Northrop Grumman Corp.,NOC,0.228,Holdings SPY
2022,Stryker Corp.,SYK,0.226,Holdings SPY
2022,Progressive Corp.,PGR,0.225,Holdings SPY
2022,General Electric Co.,GE,0.225,Holdings SPY
2022,Boeing Co.,BA,0.224,Holdings SPY
2022,"Intuitive Surgical, Inc.",ISRG,0.223,Holdings SPY
2022,"EOG Resources, Inc.",EOG,0.217,Holdings SPY
2022,"Booking Holdings, Inc.",BKNG,0.217,Holdings SPY
2022,Becton Dickinson & Co.,BDX,0.211,Holdings SPY
2022,"CME Group, Inc.",CME,0.21,Holdings SPY
2022,"Crown Castle, Inc. REIT",CCI,0.207,Holdings SPY
2022,"PNC Financial Services Group, Inc.",PNC,0.204,Holdings SPY
2022,"Humana, Inc.",HUM,0.203,Holdings SPY
2022,3M Co.,MMM,0.202,Holdings SPY
2022,"Waste Management, Inc.",WM,0.2,Holdings SPY
2022,"Fiserv, Inc.",FISV,0.199,Holdings SPY
2022,Colgate-Palmolive Co.,CL,0.195,Holdings SPY
2022,Truist Financial Corp.,TFC,0.191,Holdings SPY
2022,"Dominion Energy, Inc.",D,0.191,Holdings SPY
2022,CSX Corp.,CSX,0.189,Holdings SPY
2022,Aon PLC Class A,AON,0.188,Holdings SPY
2022,"Micron Technology, Inc.",MU,0.185,Holdings SPY
2022,Boston Scientific Corp.,BSX,0.183,Holdings SPY
2022,Dollar General Corp.,DG,0.182,Holdings SPY
2022,US Bancorp,USB,0.181,Holdings SPY
2022,Eaton Corp. PLC,ETN,0.176,Holdings SPY
2022,"Activision Blizzard, Inc.",MSFT,0.176,Holdings SPY
2022,Pioneer Natural Resources Co.,XOM,0.172,Holdings SPY
2022,"Equinix, Inc. REIT",EQIX,0.171,Holdings SPY
2022,"Air Products & Chemicals, Inc.",APD,0.171,Holdings SPY
2022,Edwards Lifesciences Corp.,EW,0.17,Holdings SPY
2022,"Illinois Tool Works, Inc.",ITW,0.169,Holdings SPY
2022,Schlumberger NV,SLB,0.168,Holdings SPY
2022,"Intercontinental Exchange, Inc.",ICE,0.167,Holdings SPY
2022,Lam Research Corp.,LRCX,0.166,Holdings SPY
2022,"Estee Lauder Cos., Inc. Class A",EL,0.166,Holdings SPY
2022,Marathon Petroleum Corp.,MPC,0.164,Holdings SPY
2022,Norfolk Southern Corp.,NSC,0.163,Holdings SPY
2022,McKesson Corp.,MCK,0.163,Holdings SPY
2022,Sherwin-Williams Co.,SHW,0.16,Holdings SPY
2022,General Dynamics Corp.,GD,0.158,Holdings SPY
2022,Sempra Energy,SRE,0.156,Holdings SPY
2022,General Motors Co.,GM,0.155,Holdings SPY
2022,"Synopsys, Inc.",SNPS,0.155,Holdings SPY
2022,Public Storage REIT,PSA,0.154,Holdings SPY
2022,"Fidelity National Information Services, Inc.",FIS,0.153,Holdings SPY
2022,"General Mills, Inc.",GIS,0.153,Holdings SPY
2022,Occidental Petroleum Corp.,OXY,0.152,Holdings SPY
2022,Archer-Daniels-Midland Co.,ADM,0.15,Holdings SPY
2022,"O'Reilly Automotive, Inc.",ORLY,0.149,Holdings SPY
2022,"Cadence Design Systems, Inc.",CDNS,0.149,Holdings SPY
2022,Centene Corp.,CNC,0.148,Holdings SPY
2022,"American Electric Power Co., Inc.",AEP,0.147,Holdings SPY
2022,Ford Motor Co.,F,0.147,Holdings SPY
2022,Emerson Electric Co.,EMR,0.144,Holdings SPY
2022,KLA Corp.,KLAC,0.142,Holdings SPY
2022,Valero Energy Corp.,VLO,0.14,Holdings SPY
2022,"AutoZone, Inc.",AZO,0.139,Holdings SPY
2022,"Chipotle Mexican Grill, Inc.",CMG,0.138,Holdings SPY
2022,"Corteva, Inc.",CTVA,0.137,Holdings SPY
2022,"MetLife, Inc.",MET,0.135,Holdings SPY
2022,"Autodesk, Inc.",ADSK,0.135,Holdings SPY
2022,"L3Harris Technologies, Inc.",LHX,0.133,Holdings SPY
2022,"Moderna, Inc.",MRNA,0.132,Holdings SPY
2022,Amphenol Corp. Class A,APH,0.132,Holdings SPY
2022,"HCA Healthcare, Inc.",HCA,0.131,Holdings SPY
2022,Devon Energy Corp.,DVN,0.131,Holdings SPY
2022,"Freeport-McMoRan, Inc.",FCX,0.13,Holdings SPY
2022,NXP Semiconductors NV,NXPI,0.129,Holdings SPY
2022,"Biogen, Inc.",BIIB,0.129,Holdings SPY
2022,Phillips 66,PSX,0.129,Holdings SPY
2022,"Marriott International, Inc. Class A",MAR,0.128,Holdings SPY
2022,Moody's Corp.,MCO,0.127,Holdings SPY
2022,Kimberly-Clark Corp.,KMB,0.126,Holdings SPY
2022,"Roper Technologies, Inc.",ROP,0.126,Holdings SPY
2022,"Enphase Energy, Inc.",ENPH,0.125,Holdings SPY
2022,"Motorola Solutions, Inc.",MSI,0.125,Holdings SPY
2022,Exelon Corp.,EXC,0.123,Holdings SPY
2022,"Travelers Cos., Inc.",TRV,0.122,Holdings SPY
2022,"Constellation Brands, Inc. Class A",STZ,0.121,Holdings SPY
2022,"Agilent Technologies, Inc.",A,0.121,Holdings SPY
2022,"American International Group, Inc.",AIG,0.12,Holdings SPY
2022,Sysco Corp.,SYY,0.12,Holdings SPY
2022,Arthur J Gallagher & Co.,AJG,0.12,Holdings SPY
2022,Realty Income Corp. REIT,O,0.119,Holdings SPY
2022,"Ecolab, Inc.",ECL,0.118,Holdings SPY
2022,"Paychex, Inc.",PAYX,0.118,Holdings SPY
2022,Capital One Financial Corp.,COF,0.117,Holdings SPY
2022,"TE Connectivity, Ltd.",TEL,0.117,Holdings SPY
2022,FedEx Corp.,FDX,0.117,Holdings SPY
2022,"Williams Cos., Inc.",WMB,0.116,Holdings SPY
2022,"Xcel Energy, Inc.",XEL,0.115,Holdings SPY
2022,"MSCI, Inc.",MSCI,0.113,Holdings SPY
2022,Johnson Controls International PLC,JCI,0.113,Holdings SPY
2022,"IQVIA Holdings, Inc.",IQV,0.112,Holdings SPY
2022,Allstate Corp.,ALL,0.112,Holdings SPY
2022,"Charter Communications, Inc. Class A",CHTR,0.112,Holdings SPY
2022,Trane Technologies PLC,TT,0.112,Holdings SPY
2022,"Microchip Technology, Inc.",MCHP,0.112,Holdings SPY
2022,Monster Beverage Corp.,MNST,0.111,Holdings SPY
2022,Cintas Corp.,CTAS,0.111,Holdings SPY
2022,"Hilton Worldwide Holdings, Inc.",HLT,0.111,Holdings SPY
2022,Newmont Corp.,NEM,0.11,Holdings SPY
2022,"Kinder Morgan, Inc.",KMI,0.11,Holdings SPY
2022,Hershey Co.,HSY,0.107,Holdings SPY
2022,"Aflac, Inc.",AFL,0.107,Holdings SPY
2022,"Prudential Financial, Inc.",PRU,0.107,Holdings SPY
2022,"Fortinet, Inc.",FTNT,0.107,Holdings SPY
2022,"ResMed, Inc.",RMD,0.105,Holdings SPY
2022,"Dow, Inc.",DOW,0.105,Holdings SPY
2022,"DexCom, Inc.",DXCM,0.105,Holdings SPY
2022,M&T Bank Corp.,MTB,0.104,Holdings SPY
2022,Parker-Hannifin Corp.,PH,0.103,Holdings SPY
2022,SBA Communications Corp. REIT,SBAC,0.103,Holdings SPY
2022,Albemarle Corp.,ALB,0.102,Holdings SPY
2022,"Electronic Arts, Inc.",EA,0.101,Holdings SPY
2022,"Yum! Brands, Inc.",YUM,0.101,Holdings SPY
2022,"Keurig Dr. Pepper, Inc.",KDP,0.101,Holdings SPY
2022,Carrier Global Corp.,CARR,0.1,Holdings SPY
2022,"Consolidated Edison, Inc.",ED,0.1,Holdings SPY
2022,Hess Corp.,CVX,0.1,Holdings SPY
2022,"Global Payments, Inc.",GPN,0.099,Holdings SPY
2022,Cognizant Technology Solutions Corp. Class A,CTSH,0.099,Holdings SPY
2022,"Welltower, Inc. REIT",WELL,0.099,Holdings SPY
2022,"Ross Stores, Inc.",ROST,0.099,Holdings SPY
2022,"Illumina, Inc.",ILMN,0.098,Holdings SPY
2022,"Twitter, Inc.",TWTR,0.098,Holdings SPY
2022,"Simon Property Group, Inc. REIT",SPG,0.097,Holdings SPY
2022,"Cummins, Inc.",CMI,0.096,Holdings SPY
2022,"PACCAR, Inc.",PCAR,0.096,Holdings SPY
2022,"Dollar Tree, Inc.",DLTR,0.095,Holdings SPY
2022,"VICI Properties, Inc. REIT",VICI,0.095,Holdings SPY
2022,Kroger Co.,KR,0.095,Holdings SPY
2022,"Digital Realty Trust, Inc. REIT",DLR,0.095,Holdings SPY
2022,Nucor Corp.,NUE,0.094,Holdings SPY
2022,Bank of New York Mellon Corp.,BK,0.094,Holdings SPY
2022,"Keysight Technologies, Inc.",KEYS,0.094,Holdings SPY
2022,"Republic Services, Inc.",RSG,0.094,Holdings SPY
2022,"Public Service Enterprise Group, Inc.",PEG,0.093,Holdings SPY
2022,"WEC Energy Group, Inc.",WEC,0.093,Holdings SPY
2022,"Arista Networks, Inc.",ANET,0.092,Holdings SPY
2022,"CoStar Group, Inc.",CSGP,0.092,Holdings SPY
2022,"IDEXX Laboratories, Inc.",IDXX,0.091,Holdings SPY
2022,"Ameriprise Financial, Inc.",AMP,0.09,Holdings SPY
2022,"TransDigm Group, Inc.",TDG,0.09,Holdings SPY
2022,"Baxter International, Inc.",BAX,0.09,Holdings SPY
2022,Eversource Energy,ES,0.09,Holdings SPY
2022,ON Semiconductor Corp.,ON,0.09,Holdings SPY
2022,Otis Worldwide Corp.,OTIS,0.09,Holdings SPY
2022,Constellation Energy Corp.,CEG,0.089,Holdings SPY
2022,"Verisk Analytics, Inc.",VRSK,0.089,Holdings SPY
2022,Kraft Heinz Co.,KHC,0.088,Holdings SPY
2022,Fastenal Co.,FAST,0.087,Holdings SPY
2022,"PPG Industries, Inc.",PPG,0.086,Holdings SPY
2022,"AMETEK, Inc.",AME,0.086,Holdings SPY
2022,"AvalonBay Communities, Inc. REIT",AVB,0.085,Holdings SPY
2022,"DuPont de Nemours, Inc.",DD,0.084,Holdings SPY
2022,"Warner Bros Discovery, Inc.",WBD,0.084,Holdings SPY
2022,Discover Financial Services,COF,0.082,Holdings SPY
2022,"Rockwell Automation, Inc.",ROK,0.082,Holdings SPY
2022,"Mettler-Toledo International, Inc.",MTD,0.081,Holdings SPY
2022,"T Rowe Price Group, Inc.",TROW,0.079,Holdings SPY
2022,First Republic Bank,FRCB,0.079,Holdings SPY
2022,"American Water Works Co., Inc.",AWK,0.078,Holdings SPY
2022,"Old Dominion Freight Line, Inc.",ODFL,0.077,Holdings SPY
2022,"International Flavors & Fragrances, Inc.",IFF,0.076,Holdings SPY
2022,"Extra Space Storage, Inc. REIT",EXR,0.076,Holdings SPY
2022,Equity Residential REIT,EQR,0.075,Holdings SPY
2022,"HP, Inc.",HPQ,0.075,Holdings SPY
2022,"ONEOK, Inc.",OKE,0.075,Holdings SPY
2022,"Copart, Inc.",CPRT,0.075,Holdings SPY
2022,"Walgreens Boots Alliance, Inc.",WBA,0.074,Holdings SPY
2022,Willis Towers Watson PLC,WTW,0.074,Holdings SPY
2022,"W.W. Grainger, Inc.",GWW,0.074,Holdings SPY
2022,DTE Energy Co.,DTE,0.073,Holdings SPY
2022,State Street Corp. (c),STT,0.073,Holdings SPY
2022,Halliburton Co.,HAL,0.073,Holdings SPY
2022,"Corning, Inc.",GLW,0.073,Holdings SPY
2022,"CBRE Group, Inc. Class A",CBRE,0.073,Holdings SPY
2022,"Gartner, Inc.",IT,0.073,Holdings SPY
2022,Fifth Third Bancorp,FITB,0.072,Holdings SPY
2022,"Zimmer Biomet Holdings, Inc.",ZBH,0.072,Holdings SPY
2022,"Diamondback Energy, Inc.",FANG,0.071,Holdings SPY
2022,"D.R. Horton, Inc.",DHI,0.071,Holdings SPY
2022,Edison International,EIX,0.071,Holdings SPY
2022,Weyerhaeuser Co. REIT,WY,0.07,Holdings SPY
2022,Baker Hughes Co.,BKR,0.07,Holdings SPY
2022,Genuine Parts Co.,GPC,0.07,Holdings SPY
2022,AmerisourceBergen Corp.,COR,0.07,Holdings SPY
2022,CDW Corp.,CDW,0.07,Holdings SPY
2022,"Coterra Energy, Inc.",CTRA,0.07,Holdings SPY
2022,Aptiv PLC,APTV,0.07,Holdings SPY
2022,"Ulta Beauty, Inc.",ULTA,0.069,Holdings SPY
2022,"EPAM Systems, Inc.",EPAM,0.069,Holdings SPY
2022,"Alexandria Real Estate Equities, Inc. REIT",ARE,0.069,Holdings SPY
2022,Vulcan Materials Co.,VMC,0.069,Holdings SPY
2022,Fortive Corp.,FTV,0.069,Holdings SPY
2022,"Equifax, Inc.",EFX,0.069,Holdings SPY
2022,Tractor Supply Co.,TSCO,0.068,Holdings SPY
2022,Ameren Corp.,AEE,0.068,Holdings SPY
2022,"eBay, Inc.",EBAY,0.068,Holdings SPY
2022,Entergy Corp.,ETR,0.068,Holdings SPY
2022,FirstEnergy Corp.,FE,0.067,Holdings SPY
2022,"Hartford Financial Services Group, Inc.",HIG,0.066,Holdings SPY
2022,"Martin Marietta Materials, Inc.",MLM,0.066,Holdings SPY
2022,PG&E Corp.,PCG,0.066,Holdings SPY
2022,"Invitation Homes, Inc. REIT",INVH,0.065,Holdings SPY
2022,"Nasdaq, Inc.",NDAQ,0.065,Holdings SPY
2022,SVB Financial Group,SIVBQ,0.065,Holdings SPY
2022,Lennar Corp. Class A,LEN,0.064,Holdings SPY
2022,"Tyson Foods, Inc. Class A",TSN,0.064,Holdings SPY
2022,"Molina Healthcare, Inc.",MOH,0.064,Holdings SPY
2022,"CF Industries Holdings, Inc.",CF,0.064,Holdings SPY
2022,LyondellBasell Industries NV Class A,LYB,0.064,Holdings SPY
2022,"Raymond James Financial, Inc.",RJF,0.064,Holdings SPY
2022,"ANSYS, Inc.",SNPS,0.064,Holdings SPY
2022,PPL Corp.,PPL,0.063,Holdings SPY
2022,"United Rentals, Inc.",URI,0.063,Holdings SPY
2022,Regions Financial Corp.,RF,0.063,Holdings SPY
2022,"Cardinal Health, Inc.",CAH,0.062,Holdings SPY
2022,Laboratory Corp. of America Holdings,LH,0.061,Holdings SPY
2022,Southwest Airlines Co.,LUV,0.06,Holdings SPY
2022,"Quanta Services, Inc.",PWR,0.06,Holdings SPY
2022,"West Pharmaceutical Services, Inc.",WST,0.06,Holdings SPY
2022,Duke Realty Corp. REIT,PLD,0.06,Holdings SPY
2022,"Delta Air Lines, Inc.",DAL,0.059,Holdings SPY
2022,"Mid-America Apartment Communities, Inc. REIT",MAA,0.059,Holdings SPY
2022,Northern Trust Corp.,NTRS,0.059,Holdings SPY
2022,"CenterPoint Energy, Inc.",CNP,0.058,Holdings SPY
2022,"McCormick & Co., Inc.",MKC,0.058,Holdings SPY
2022,Kellogg Co.,KLG,0.058,Holdings SPY
2022,"Ingersoll Rand, Inc.",IR,0.058,Holdings SPY
2022,"Church & Dwight Co., Inc.",CHD,0.057,Holdings SPY
2022,"Take-Two Interactive Software, Inc.",TTWO,0.057,Holdings SPY
2022,"Citizens Financial Group, Inc.",CFG,0.056,Holdings SPY
2022,"Principal Financial Group, Inc.",PFG,0.056,Holdings SPY
2022,CMS Energy Corp.,CMS,0.056,Holdings SPY
2022,Mosaic Co.,MOS,0.055,Holdings SPY
2022,Dover Corp.,DOV,0.055,Holdings SPY
2022,"Broadridge Financial Solutions, Inc.",BR,0.055,Holdings SPY
2022,STERIS PLC,STE,0.055,Holdings SPY
2022,Waters Corp.,WAT,0.054,Holdings SPY
2022,"VeriSign, Inc.",VRSN,0.054,Holdings SPY
2022,"Hologic, Inc.",HOLX,0.054,Holdings SPY
2022,"Monolithic Power Systems, Inc.",MPWR,0.054,Holdings SPY
2022,Amcor PLC,AMCR,0.054,Holdings SPY
2022,"Ventas, Inc. REIT",VTR,0.053,Holdings SPY
2022,"Paycom Software, Inc.",PAYC,0.052,Holdings SPY
2022,"Teledyne Technologies, Inc.",TDY,0.052,Holdings SPY
2022,Clorox Co.,CLX,0.052,Holdings SPY
2022,"Essex Property Trust, Inc. REIT",ESS,0.052,Holdings SPY
2022,"Xylem, Inc.",XYL,0.052,Holdings SPY
2022,"Conagra Brands, Inc.",CAG,0.052,Holdings SPY
2022,Hewlett Packard Enterprise Co.,HPE,0.051,Holdings SPY
2022,"Darden Restaurants, Inc.",DRI,0.051,Holdings SPY
2022,Marathon Oil Corp.,COP,0.051,Holdings SPY
2022,Ball Corp.,BALL,0.05,Holdings SPY
2022,"PerkinElmer, Inc.",RVTY,0.05,Holdings SPY
2022,"Align Technology, Inc.",ALGN,0.05,Holdings SPY
2022,IDEX Corp.,IEX,0.05,Holdings SPY
2022,"FactSet Research Systems, Inc.",FDS,0.05,Holdings SPY
2022,AES Corp.,AES,0.05,Holdings SPY
2022,EQT Corp.,EQT,0.049,Holdings SPY
2022,Westinghouse Air Brake Technologies Corp.,WAB,0.049,Holdings SPY
2022,KeyCorp.,KEY,0.049,Holdings SPY
2022,JM Smucker Co.,SJM,0.049,Holdings SPY
2022,"Quest Diagnostics, Inc.",DGX,0.048,Holdings SPY
2022,"Expeditors International of Washington, Inc.",EXPD,0.048,Holdings SPY
2022,Cincinnati Financial Corp.,CINF,0.047,Holdings SPY
2022,Atmos Energy Corp.,ATO,0.047,Holdings SPY
2022,"Tyler Technologies, Inc.",TYL,0.047,Holdings SPY
2022,"Brown & Brown, Inc.",BRO,0.046,Holdings SPY
2022,"Expedia Group, Inc.",EXPE,0.046,Holdings SPY
2022,"Jacobs Solutions, Inc.",J,0.046,Holdings SPY
2022,"Skyworks Solutions, Inc.",SWKS,0.046,Holdings SPY
2022,Zebra Technologies Corp. Class A,ZBRA,0.046,Holdings SPY
2022,"NetApp, Inc.",NTAP,0.046,Holdings SPY
2022,Synchrony Financial,SYF,0.045,Holdings SPY
2022,"Trimble, Inc.",TRMB,0.045,Holdings SPY
2022,"Evergy, Inc.",EVRG,0.045,Holdings SPY
2022,W R Berkley Corp.,WRB,0.045,Holdings SPY
2022,"Match Group, Inc.",MTCH,0.045,Holdings SPY
2022,Avery Dennison Corp.,AVY,0.044,Holdings SPY
2022,"Jack Henry & Associates, Inc.",JKHY,0.044,Holdings SPY
2022,FMC Corp.,FMC,0.044,Holdings SPY
2022,"FleetCor Technologies, Inc.",FLT,0.044,Holdings SPY
2022,Hormel Foods Corp.,HRL,0.044,Holdings SPY
2022,Alliant Energy Corp.,LNT,0.044,Holdings SPY
2022,"Omnicom Group, Inc.",OMC,0.043,Holdings SPY
2022,"JB Hunt Transport Services, Inc.",JBHT,0.043,Holdings SPY
2022,"Akamai Technologies, Inc.",AKAM,0.043,Holdings SPY
2022,"Catalent, Inc.",CTLT,0.043,Holdings SPY
2022,"Cooper Cos., Inc.",COO,0.043,Holdings SPY
2022,"Best Buy Co., Inc.",BBY,0.042,Holdings SPY
2022,"SolarEdge Technologies, Inc.",SEDG,0.042,Holdings SPY
2022,Camden Property Trust REIT,CPT,0.042,Holdings SPY
2022,"Iron Mountain, Inc. REIT",IRM,0.042,Holdings SPY
2022,Pool Corp.,POOL,0.042,Holdings SPY
2022,"Citrix Systems, Inc.",CTXS,0.042,Holdings SPY
2022,"Etsy, Inc.",ETSY,0.042,Holdings SPY
2022,Incyte Corp.,INCY,0.041,Holdings SPY
2022,"UDR, Inc. REIT",UDR,0.041,Holdings SPY
2022,"Cboe Global Markets, Inc.",CBOE,0.041,Holdings SPY
2022,"Garmin, Ltd.",GRMN,0.041,Holdings SPY
2022,Las Vegas Sands Corp.,LVS,0.041,Holdings SPY
2022,"Textron, Inc.",TXT,0.041,Holdings SPY
2022,"NVR, Inc.",NVR,0.041,Holdings SPY
2022,LKQ Corp.,LKQ,0.041,Holdings SPY
2022,"Healthpeak Properties, Inc. REIT",DOC,0.041,Holdings SPY
2022,"Leidos Holdings, Inc.",LDOS,0.04,Holdings SPY
2022,"Teradyne, Inc.",TER,0.04,Holdings SPY
2022,Brown-Forman Corp. Class B,BF.B,0.04,Holdings SPY
2022,"C.H. Robinson Worldwide, Inc.",CHRW,0.04,Holdings SPY
2022,International Paper Co.,IP,0.039,Holdings SPY
2022,"Howmet Aerospace, Inc.",HWM,0.039,Holdings SPY
2022,"NortonLifeLock, Inc.",GEN,0.038,Holdings SPY
2022,Nordson Corp.,NDSN,0.038,Holdings SPY
2022,"Domino's Pizza, Inc.",DPZ,0.038,Holdings SPY
2022,"Stanley Black & Decker, Inc.",SWK,0.038,Holdings SPY
2022,Kimco Realty Corp. REIT,KIM,0.037,Holdings SPY
2022,"Host Hotels & Resorts, Inc. REIT",HST,0.037,Holdings SPY
2022,APA Corp.,APA,0.037,Holdings SPY
2022,"Generac Holdings, Inc.",GNRC,0.037,Holdings SPY
2022,"Lamb Weston Holdings, Inc.",LW,0.037,Holdings SPY
2022,"ABIOMED, Inc.",JNJ,0.037,Holdings SPY
2022,"PTC, Inc.",PTC,0.036,Holdings SPY
2022,Bio-Techne Corp.,TECH,0.036,Holdings SPY
2022,"Live Nation Entertainment, Inc.",LYV,0.036,Holdings SPY
2022,"Snap-on, Inc.",SNA,0.036,Holdings SPY
2022,"CarMax, Inc.",KMX,0.035,Holdings SPY
2022,Seagate Technology Holdings PLC,STX,0.035,Holdings SPY
2022,Packaging Corp. of America,PKG,0.035,Holdings SPY
2022,"Boston Properties, Inc. REIT",BXP,0.035,Holdings SPY
2022,Masco Corp.,MAS,0.035,Holdings SPY
2022,"Everest Re Group, Ltd.",EG,0.034,Holdings SPY
2022,"United Airlines Holdings, Inc.",UAL,0.034,Holdings SPY
2022,"Viatris, Inc.",VTRS,0.034,Holdings SPY
2022,"NiSource, Inc.",NI,0.034,Holdings SPY
2022,Western Digital Corp.,WDC,0.034,Holdings SPY
2022,"Interpublic Group of Cos., Inc.",IPG,0.033,Holdings SPY
2022,Nielsen Holdings PLC,NLSN,0.033,Holdings SPY
2022,"Charles River Laboratories International, Inc.",CRL,0.033,Holdings SPY
2022,Fox Corp. Class A,FOX,0.032,Holdings SPY
2022,Loews Corp.,L,0.032,Holdings SPY
2022,MGM Resorts International,MGM,0.032,Holdings SPY
2022,"Advance Auto Parts, Inc.",AAP,0.032,Holdings SPY
2022,Paramount Global Class B,PSKY,0.032,Holdings SPY
2022,VF Corp.,VFC,0.032,Holdings SPY
2022,Campbell Soup Co.,CPB,0.032,Holdings SPY
2022,Signature Bank,SBNY,0.031,Holdings SPY
2022,"Comerica, Inc.",CMA,0.031,Holdings SPY
2022,"NRG Energy, Inc.",NRG,0.031,Holdings SPY
2022,"Teleflex, Inc.",TFX,0.031,Holdings SPY
2022,"Globe Life, Inc.",GL,0.031,Holdings SPY
2022,"Henry Schein, Inc.",HSIC,0.03,Holdings SPY
2022,Molson Coors Beverage Co. Class B,TAP,0.03,Holdings SPY
2022,Celanese Corp.,CE,0.03,Holdings SPY
2022,"Bio-Rad Laboratories, Inc. Class A",BIO,0.029,Holdings SPY
2022,"PulteGroup, Inc.",PHM,0.029,Holdings SPY
2022,"Huntington Ingalls Industries, Inc.",HII,0.029,Holdings SPY
2022,Eastman Chemical Co.,EMN,0.029,Holdings SPY
2022,"F5, Inc.",FFIV,0.029,Holdings SPY
2022,"Hasbro, Inc.",HAS,0.029,Holdings SPY
2022,"Ceridian HCM Holding, Inc.",DAY,0.028,Holdings SPY
2022,"Qorvo, Inc.",QRVO,0.028,Holdings SPY
2022,"Royal Caribbean Cruises, Ltd.",RCL,0.028,Holdings SPY
2022,"Robert Half International, Inc.",RHI,0.028,Holdings SPY
2022,"Juniper Networks, Inc.",HPE,0.028,Holdings SPY
2022,"MarketAxess Holdings, Inc.",MKTX,0.028,Holdings SPY
2022,Regency Centers Corp. REIT,REG,0.027,Holdings SPY
2022,Westrock Co.,WRK,0.027,Holdings SPY
2022,Allegion PLC,ALLE,0.026,Holdings SPY
2022,"Bath & Body Works, Inc.",BBWI,0.026,Holdings SPY
2022,"Assurant, Inc.",AIZ,0.026,Holdings SPY
2022,"American Airlines Group, Inc.",AAL,0.026,Holdings SPY
2022,"Rollins, Inc.",ROL,0.025,Holdings SPY
2022,Zions Bancorp NA,ZION,0.025,Holdings SPY
2022,Whirlpool Corp.,WHR,0.025,Holdings SPY
2022,"BorgWarner, Inc.",BWA,0.025,Holdings SPY
2022,"Tapestry, Inc.",TPR,0.025,Holdings SPY
2022,Pinnacle West Capital Corp.,PNW,0.024,Holdings SPY
2022,"Fortune Brands Home & Security, Inc.",FBIN,0.023,Holdings SPY
2022,"Caesars Entertainment, Inc.",CZR,0.023,Holdings SPY
2022,Carnival Corp.,CCL,0.023,Holdings SPY
2022,Lincoln National Corp.,LNC,0.023,Holdings SPY
2022,Pentair PLC,PNR,0.022,Holdings SPY
2022,"Lumen Technologies, Inc.",LUMN,0.022,Holdings SPY
2022,"Wynn Resorts, Ltd.",WYNN,0.022,Holdings SPY
2022,Sealed Air Corp.,SEE,0.022,Holdings SPY
2022,A.O. Smith Corp.,AOS,0.021,Holdings SPY
2022,Federal Realty Investment Trust REIT,FRT,0.021,Holdings SPY
2022,"Invesco, Ltd.",IVZ,0.021,Holdings SPY
2022,"DENTSPLY SIRONA, Inc.",XRAY,0.02,Holdings SPY
2022,Organon & Co.,OGN,0.02,Holdings SPY
2022,"Universal Health Services, Inc. Class B",UHS,0.02,Holdings SPY
2022,News Corp. Class A,NWS,0.02,Holdings SPY
2022,"Franklin Resources, Inc.",BEN,0.019,Holdings SPY
2022,DXC Technology Co.,DXC,0.019,Holdings SPY
2022,"Newell Brands, Inc.",NWL,0.017,Holdings SPY
2022,"Alaska Air Group, Inc.",ALK,0.016,Holdings SPY
2022,"Norwegian Cruise Line Holdings, Ltd.",NCLH,0.016,Holdings SPY
2022,"Mohawk Industries, Inc.",MHK,0.016,Holdings SPY
2022,"DaVita, Inc.",DVA,0.015,Holdings SPY
2022,Fox Corp. Class B,FOX,0.014,Holdings SPY
2022,Ralph Lauren Corp.,RL,0.013,Holdings SPY
2022,Vornado Realty Trust REIT,VNO,0.012,Holdings SPY
2022,DISH Network Corp. Class A,SATS,0.011,Holdings SPY
2022,News Corp. Class B,NWS,0.006,Holdings SPY
2023,"Apple, Inc.",AAPL,7.005,Holdings SPY
2023,Microsoft Corp.,MSFT,6.531,Holdings SPY
2023,"Amazon.com, Inc.",AMZN,3.213,Holdings SPY
2023,NVIDIA Corp.,NVDA,2.991,Holdings SPY
2023,"Alphabet, Inc. Class A",GOOG,2.162,Holdings SPY
2023,"Tesla, Inc.",TSLA,1.924,Holdings SPY
2023,"Meta Platforms, Inc. Class A",META,1.858,Holdings SPY
2023,"Alphabet, Inc. Class C",GOOG,1.853,Holdings SPY
2023,"Berkshire Hathaway, Inc. Class B",BRK.B,1.779,Holdings SPY
2023,Exxon Mobil Corp.,XOM,1.311,Holdings SPY
2023,"UnitedHealth Group, Inc.",UNH,1.3,Holdings SPY
2023,Eli Lilly & Co.,LLY,1.193,Holdings SPY
2023,JPMorgan Chase & Co.,JPM,1.174,Holdings SPY
2023,Johnson & Johnson,JNJ,1.044,Holdings SPY
2023,"Visa, Inc. Class A",V,1.029,Holdings SPY
2023,Procter & Gamble Co.,PG,0.957,Holdings SPY
2023,"Broadcom, Inc.",AVGO,0.954,Holdings SPY
2023,"Mastercard, Inc. Class A",MA,0.917,Holdings SPY
2023,"Home Depot, Inc.",HD,0.846,Holdings SPY
2023,Chevron Corp.,CVX,0.833,Holdings SPY
2023,"AbbVie, Inc.",ABBV,0.733,Holdings SPY
2023,"Merck & Co., Inc.",MRK,0.727,Holdings SPY
2023,Costco Wholesale Corp.,COST,0.697,Holdings SPY
2023,"PepsiCo, Inc.",PEP,0.649,Holdings SPY
2023,"Adobe, Inc.",ADBE,0.647,Holdings SPY
2023,"Walmart, Inc.",WMT,0.636,Holdings SPY
2023,"Cisco Systems, Inc.",CSCO,0.61,Holdings SPY
2023,Coca-Cola Co.,KO,0.607,Holdings SPY
2023,"Salesforce, Inc.",CRM,0.55,Holdings SPY
2023,"Thermo Fisher Scientific, Inc.",TMO,0.544,Holdings SPY
2023,Accenture PLC Class A,ACN,0.539,Holdings SPY
2023,McDonald's Corp.,MCD,0.535,Holdings SPY
2023,Bank of America Corp.,BAC,0.527,Holdings SPY
2023,"Pfizer, Inc.",PFE,0.521,Holdings SPY
2023,Comcast Corp. Class A,CMCSA,0.508,Holdings SPY
2023,Linde PLC,LIN,0.506,Holdings SPY
2023,Abbott Laboratories,ABT,0.468,Holdings SPY
2023,"Netflix, Inc.",NFLX,0.466,Holdings SPY
2023,Oracle Corp.,ORCL,0.464,Holdings SPY
2023,"Advanced Micro Devices, Inc.",AMD,0.463,Holdings SPY
2023,Danaher Corp.,DHR,0.454,Holdings SPY
2023,Wells Fargo & Co.,WFC,0.416,Holdings SPY
2023,Intel Corp.,INTC,0.414,Holdings SPY
2023,Walt Disney Co.,DIS,0.413,Holdings SPY
2023,"Texas Instruments, Inc.",TXN,0.402,Holdings SPY
2023,"Amgen, Inc.",AMGN,0.4,Holdings SPY
2023,"Philip Morris International, Inc.",PM,0.4,Holdings SPY
2023,ConocoPhillips,COP,0.399,Holdings SPY
2023,"Intuit, Inc.",INTU,0.398,Holdings SPY
2023,"Caterpillar, Inc.",CAT,0.388,Holdings SPY
2023,"Verizon Communications, Inc.",VZ,0.379,Holdings SPY
2023,International Business Machines Corp.,IBM,0.356,Holdings SPY
2023,Union Pacific Corp.,UNP,0.346,Holdings SPY
2023,"QUALCOMM, Inc.",QCOM,0.345,Holdings SPY
2023,"Honeywell International, Inc.",HON,0.342,Holdings SPY
2023,"Lowe's Cos., Inc.",LOW,0.339,Holdings SPY
2023,Bristol-Myers Squibb Co.,BMY,0.338,Holdings SPY
2023,General Electric Co.,GE,0.335,Holdings SPY
2023,"S&P Global, Inc.",SPGI,0.331,Holdings SPY
2023,"NIKE, Inc. Class B",NKE,0.326,Holdings SPY
2023,"Applied Materials, Inc.",AMAT,0.324,Holdings SPY
2023,"NextEra Energy, Inc.",NEE,0.323,Holdings SPY
2023,"ServiceNow, Inc.",NOW,0.317,Holdings SPY
2023,"United Parcel Service, Inc. Class B",UPS,0.314,Holdings SPY
2023,"Booking Holdings, Inc.",BKNG,0.306,Holdings SPY
2023,Boeing Co.,BA,0.303,Holdings SPY
2023,"AT&T, Inc.",T,0.299,Holdings SPY
2023,"Goldman Sachs Group, Inc.",GS,0.297,Holdings SPY
2023,RTX Corp.,RTX,0.292,Holdings SPY
2023,Starbucks Corp.,SBUX,0.291,Holdings SPY
2023,Medtronic PLC,MDT,0.29,Holdings SPY
2023,Morgan Stanley,MS,0.29,Holdings SPY
2023,"Prologis, Inc. REIT",PLD,0.289,Holdings SPY
2023,Deere & Co.,DE,0.287,Holdings SPY
2023,"Intuitive Surgical, Inc.",ISRG,0.286,Holdings SPY
2023,"Elevance Health, Inc.",ELV,0.286,Holdings SPY
2023,"TJX Cos., Inc.",TJX,0.284,Holdings SPY
2023,"Automatic Data Processing, Inc.",ADP,0.276,Holdings SPY
2023,"Mondelez International, Inc. Class A",MDLZ,0.263,Holdings SPY
2023,"Marsh & McLennan Cos., Inc.",MRSH,0.262,Holdings SPY
2023,"Gilead Sciences, Inc.",GILD,0.26,Holdings SPY
2023,Stryker Corp.,SYK,0.257,Holdings SPY
2023,Lockheed Martin Corp.,LMT,0.255,Holdings SPY
2023,"BlackRock, Inc.",BLK,0.253,Holdings SPY
2023,CVS Health Corp.,CVS,0.25,Holdings SPY
2023,"Vertex Pharmaceuticals, Inc.",VRTX,0.249,Holdings SPY
2023,"Regeneron Pharmaceuticals, Inc.",REGN,0.245,Holdings SPY
2023,"Analog Devices, Inc.",ADI,0.244,Holdings SPY
2023,American Express Co.,AXP,0.242,Holdings SPY
2023,Chubb Ltd.,CB,0.238,Holdings SPY
2023,Eaton Corp. PLC,ETN,0.237,Holdings SPY
2023,Cigna Group,CI,0.236,Holdings SPY
2023,Lam Research Corp.,LRCX,0.233,Holdings SPY
2023,Schlumberger NV,SLB,0.231,Holdings SPY
2023,Charles Schwab Corp.,SCHW,0.227,Holdings SPY
2023,Progressive Corp.,PGR,0.227,Holdings SPY
2023,"Zoetis, Inc.",ZTS,0.223,Holdings SPY
2023,"Citigroup, Inc.",C,0.221,Holdings SPY
2023,Boston Scientific Corp.,BSX,0.215,Holdings SPY
2023,American Tower Corp. REIT,AMT,0.213,Holdings SPY
2023,"Blackstone, Inc.",BX,0.212,Holdings SPY
2023,Becton Dickinson & Co.,BDX,0.209,Holdings SPY
2023,"Altria Group, Inc.",MO,0.208,Holdings SPY
2023,"Micron Technology, Inc.",MU,0.207,Holdings SPY
2023,"EOG Resources, Inc.",EOG,0.206,Holdings SPY
2023,"T-Mobile U.S., Inc.",TMUS,0.202,Holdings SPY
2023,"CME Group, Inc.",CME,0.201,Holdings SPY
2023,"Palo Alto Networks, Inc.",PANW,0.2,Holdings SPY
2023,Southern Co.,SO,0.196,Holdings SPY
2023,"Synopsys, Inc.",SNPS,0.194,Holdings SPY
2023,"Fiserv, Inc.",FISV,0.192,Holdings SPY
2023,Duke Energy Corp.,DUK,0.189,Holdings SPY
2023,"Equinix, Inc. REIT",EQIX,0.189,Holdings SPY
2023,"Activision Blizzard, Inc.",MSFT,0.186,Holdings SPY
2023,Aon PLC Class A,AON,0.183,Holdings SPY
2023,"PayPal Holdings, Inc.",PYPL,0.179,Holdings SPY
2023,"Cadence Design Systems, Inc.",CDNS,0.177,Holdings SPY
2023,"Illinois Tool Works, Inc.",ITW,0.176,Holdings SPY
2023,"Intercontinental Exchange, Inc.",ICE,0.175,Holdings SPY
2023,"Air Products & Chemicals, Inc.",APD,0.175,Holdings SPY
2023,KLA Corp.,KLAC,0.175,Holdings SPY
2023,Northrop Grumman Corp.,NOC,0.174,Holdings SPY
2023,CSX Corp.,CSX,0.172,Holdings SPY
2023,FedEx Corp.,FDX,0.171,Holdings SPY
2023,Marathon Petroleum Corp.,MPC,0.169,Holdings SPY
2023,"Humana, Inc.",HUM,0.168,Holdings SPY
2023,Sherwin-Williams Co.,SHW,0.168,Holdings SPY
2023,Colgate-Palmolive Co.,CL,0.164,Holdings SPY
2023,McKesson Corp.,MCK,0.163,Holdings SPY
2023,"Airbnb, Inc. Class A",ABNB,0.163,Holdings SPY
2023,"Waste Management, Inc.",WM,0.156,Holdings SPY
2023,Emerson Electric Co.,EMR,0.154,Holdings SPY
2023,"O'Reilly Automotive, Inc.",ORLY,0.153,Holdings SPY
2023,Pioneer Natural Resources Co.,XOM,0.149,Holdings SPY
2023,Phillips 66,PSX,0.149,Holdings SPY
2023,"Freeport-McMoRan, Inc.",FCX,0.149,Holdings SPY
2023,3M Co.,MMM,0.144,Holdings SPY
2023,NXP Semiconductors NV,NXPI,0.143,Holdings SPY
2023,U.S. Bancorp,USB,0.143,Holdings SPY
2023,"Roper Technologies, Inc.",ROP,0.143,Holdings SPY
2023,Target Corp.,TGT,0.142,Holdings SPY
2023,"Chipotle Mexican Grill, Inc.",CMG,0.141,Holdings SPY
2023,Parker-Hannifin Corp.,PH,0.139,Holdings SPY
2023,Valero Energy Corp.,VLO,0.139,Holdings SPY
2023,Amphenol Corp. Class A,APH,0.139,Holdings SPY
2023,General Dynamics Corp.,GD,0.139,Holdings SPY
2023,Moody's Corp.,MCO,0.139,Holdings SPY
2023,"HCA Healthcare, Inc.",HCA,0.138,Holdings SPY
2023,"Marriott International, Inc. Class A",MAR,0.137,Holdings SPY
2023,Arthur J Gallagher & Co.,AJG,0.136,Holdings SPY
2023,"PNC Financial Services Group, Inc.",PNC,0.136,Holdings SPY
2023,Ford Motor Co.,F,0.136,Holdings SPY
2023,"TransDigm Group, Inc.",TDG,0.13,Holdings SPY
2023,Trane Technologies PLC,TT,0.129,Holdings SPY
2023,Carrier Global Corp.,CARR,0.129,Holdings SPY
2023,"AutoZone, Inc.",AZO,0.128,Holdings SPY
2023,"Arista Networks, Inc.",ANET,0.128,Holdings SPY
2023,"Motorola Solutions, Inc.",MSI,0.127,Holdings SPY
2023,General Motors Co.,GM,0.126,Holdings SPY
2023,"Charter Communications, Inc. Class A",CHTR,0.125,Holdings SPY
2023,Norfolk Southern Corp.,NSC,0.124,Holdings SPY
2023,"PACCAR, Inc.",PCAR,0.124,Holdings SPY
2023,"Autodesk, Inc.",ADSK,0.123,Holdings SPY
2023,"American International Group, Inc.",AIG,0.12,Holdings SPY
2023,Occidental Petroleum Corp.,OXY,0.12,Holdings SPY
2023,"Ecolab, Inc.",ECL,0.12,Holdings SPY
2023,Sempra,SRE,0.119,Holdings SPY
2023,"Welltower, Inc. REIT",WELL,0.118,Holdings SPY
2023,"Microchip Technology, Inc.",MCHP,0.118,Holdings SPY
2023,Hess Corp.,CVX,0.118,Holdings SPY
2023,Edwards Lifesciences Corp.,EW,0.117,Holdings SPY
2023,Public Storage REIT,PSA,0.116,Holdings SPY
2023,Cintas Corp.,CTAS,0.116,Holdings SPY
2023,"Aflac, Inc.",AFL,0.116,Holdings SPY
2023,"Williams Cos., Inc.",WMB,0.114,Holdings SPY
2023,Kimberly-Clark Corp.,KMB,0.114,Holdings SPY
2023,"MSCI, Inc.",MSCI,0.113,Holdings SPY
2023,"Constellation Brands, Inc. Class A",STZ,0.113,Holdings SPY
2023,Archer-Daniels-Midland Co.,ADM,0.113,Holdings SPY
2023,ON Semiconductor Corp.,ON,0.112,Holdings SPY
2023,"Crown Castle, Inc. REIT",CCI,0.111,Holdings SPY
2023,"MetLife, Inc.",MET,0.111,Holdings SPY
2023,Monster Beverage Corp.,MNST,0.11,Holdings SPY
2023,"Hilton Worldwide Holdings, Inc.",HLT,0.109,Holdings SPY
2023,Nucor Corp.,NUE,0.108,Holdings SPY
2023,TE Connectivity Ltd.,TEL,0.108,Holdings SPY
2023,"American Electric Power Co., Inc.",AEP,0.108,Holdings SPY
2023,"Ross Stores, Inc.",ROST,0.107,Holdings SPY
2023,"Fortinet, Inc.",FTNT,0.106,Holdings SPY
2023,Truist Financial Corp.,TFC,0.106,Holdings SPY
2023,Exelon Corp.,EXC,0.105,Holdings SPY
2023,"General Mills, Inc.",GIS,0.104,Holdings SPY
2023,"Copart, Inc.",CPRT,0.104,Holdings SPY
2023,"Travelers Cos., Inc.",TRV,0.104,Holdings SPY
2023,"Dominion Energy, Inc.",D,0.104,Holdings SPY
2023,Centene Corp.,CNC,0.104,Holdings SPY
2023,"Biogen, Inc.",BIIB,0.103,Holdings SPY
2023,"Paychex, Inc.",PAYX,0.103,Holdings SPY
2023,Capital One Financial Corp.,COF,0.103,Holdings SPY
2023,"ONEOK, Inc.",OKE,0.103,Holdings SPY
2023,"Old Dominion Freight Line, Inc.",ODFL,0.102,Holdings SPY
2023,"Digital Realty Trust, Inc. REIT",DLR,0.102,Holdings SPY
2023,Halliburton Co.,HAL,0.101,Holdings SPY
2023,"Corteva, Inc.",CTVA,0.101,Holdings SPY
2023,"Dow, Inc.",DOW,0.101,Holdings SPY
2023,"IDEXX Laboratories, Inc.",IDXX,0.101,Holdings SPY
2023,Johnson Controls International PLC,JCI,0.101,Holdings SPY
2023,"Dexcom, Inc.",DXCM,0.1,Holdings SPY
2023,"IQVIA Holdings, Inc.",IQV,0.1,Holdings SPY
2023,"Simon Property Group, Inc. REIT",SPG,0.099,Holdings SPY
2023,Realty Income Corp. REIT,O,0.099,Holdings SPY
2023,Baker Hughes Co.,BKR,0.099,Holdings SPY
2023,Constellation Energy Corp.,CEG,0.098,Holdings SPY
2023,"Yum! Brands, Inc.",YUM,0.097,Holdings SPY
2023,"Kenvue, Inc.",KVUE,0.096,Holdings SPY
2023,"Prudential Financial, Inc.",PRU,0.096,Holdings SPY
2023,"Verisk Analytics, Inc.",VRSK,0.096,Holdings SPY
2023,"DuPont de Nemours, Inc.",DD,0.095,Holdings SPY
2023,Cognizant Technology Solutions Corp. Class A,CTSH,0.095,Holdings SPY
2023,"Moderna, Inc.",MRNA,0.095,Holdings SPY
2023,"AMETEK, Inc.",AME,0.095,Holdings SPY
2023,"Ameriprise Financial, Inc.",AMP,0.094,Holdings SPY
2023,PG&E Corp.,PCG,0.094,Holdings SPY
2023,"Estee Lauder Cos., Inc. Class A",EL,0.093,Holdings SPY
2023,Sysco Corp.,SYY,0.093,Holdings SPY
2023,Bank of New York Mellon Corp.,BK,0.092,Holdings SPY
2023,"Agilent Technologies, Inc.",A,0.092,Holdings SPY
2023,Otis Worldwide Corp.,OTIS,0.092,Holdings SPY
2023,"L3Harris Technologies, Inc.",LHX,0.092,Holdings SPY
2023,"Fidelity National Information Services, Inc.",FIS,0.091,Holdings SPY
2023,"Rockwell Automation, Inc.",ROK,0.091,Holdings SPY
2023,"DR Horton, Inc.",DHI,0.091,Holdings SPY
2023,"Cummins, Inc.",CMI,0.09,Holdings SPY
2023,"Kinder Morgan, Inc.",KMI,0.089,Holdings SPY
2023,"Keurig Dr Pepper, Inc.",KDP,0.088,Holdings SPY
2023,"Xcel Energy, Inc.",XEL,0.087,Holdings SPY
2023,"CoStar Group, Inc.",CSGP,0.087,Holdings SPY
2023,Fastenal Co.,FAST,0.087,Holdings SPY
2023,"WW Grainger, Inc.",GWW,0.086,Holdings SPY
2023,Devon Energy Corp.,DVN,0.085,Holdings SPY
2023,"PPG Industries, Inc.",PPG,0.085,Holdings SPY
2023,"United Rentals, Inc.",URI,0.085,Holdings SPY
2023,"Global Payments, Inc.",GPN,0.084,Holdings SPY
2023,"Cencora, Inc.",COR,0.084,Holdings SPY
2023,Hershey Co.,HSY,0.083,Holdings SPY
2023,"Electronic Arts, Inc.",EA,0.083,Holdings SPY
2023,Arch Capital Group Ltd.,ACGL,0.082,Holdings SPY
2023,"Consolidated Edison, Inc.",ED,0.082,Holdings SPY
2023,Newmont Corp.,NEM,0.082,Holdings SPY
2023,"VICI Properties, Inc. REIT",VICI,0.082,Holdings SPY
2023,"Republic Services, Inc.",RSG,0.081,Holdings SPY
2023,Kroger Co.,KR,0.081,Holdings SPY
2023,Allstate Corp.,ALL,0.081,Holdings SPY
2023,"Public Service Enterprise Group, Inc.",PEG,0.079,Holdings SPY
2023,Lennar Corp. Class A,LEN,0.079,Holdings SPY
2023,Aptiv PLC,APTV,0.078,Holdings SPY
2023,"West Pharmaceutical Services, Inc.",WST,0.077,Holdings SPY
2023,"Diamondback Energy, Inc.",FANG,0.077,Holdings SPY
2023,"Quanta Services, Inc.",PWR,0.076,Holdings SPY
2023,"Gartner, Inc.",IT,0.075,Holdings SPY
2023,CDW Corp.,CDW,0.075,Holdings SPY
2023,Vulcan Materials Co.,VMC,0.075,Holdings SPY
2023,Kraft Heinz Co.,KHC,0.074,Holdings SPY
2023,"GE HealthCare Technologies, Inc.",GEHC,0.074,Holdings SPY
2023,Fortive Corp.,FTV,0.073,Holdings SPY
2023,"Ingersoll Rand, Inc.",IR,0.072,Holdings SPY
2023,"ANSYS, Inc.",SNPS,0.072,Holdings SPY
2023,"Extra Space Storage, Inc. REIT",EXR,0.072,Holdings SPY
2023,"WEC Energy Group, Inc.",WEC,0.071,Holdings SPY
2023,"Martin Marietta Materials, Inc.",MLM,0.071,Holdings SPY
2023,"Mettler-Toledo International, Inc.",MTD,0.067,Holdings SPY
2023,Edison International,EIX,0.067,Holdings SPY
2023,"Warner Bros Discovery, Inc.",WBD,0.067,Holdings SPY
2023,"AvalonBay Communities, Inc. REIT",AVB,0.067,Holdings SPY
2023,LyondellBasell Industries NV Class A,LYB,0.067,Holdings SPY
2023,"American Water Works Co., Inc.",AWK,0.067,Holdings SPY
2023,"Delta Air Lines, Inc.",DAL,0.066,Holdings SPY
2023,"Keysight Technologies, Inc.",KEYS,0.066,Holdings SPY
2023,"T Rowe Price Group, Inc.",TROW,0.066,Holdings SPY
2023,"eBay, Inc.",EBAY,0.065,Holdings SPY
2023,"Zimmer Biomet Holdings, Inc.",ZBH,0.065,Holdings SPY
2023,Dollar General Corp.,DG,0.065,Holdings SPY
2023,"Corning, Inc.",GLW,0.065,Holdings SPY
2023,"CBRE Group, Inc. Class A",CBRE,0.064,Holdings SPY
2023,"Equifax, Inc.",EFX,0.062,Holdings SPY
2023,Hewlett Packard Enterprise Co.,HPE,0.062,Holdings SPY
2023,Weyerhaeuser Co. REIT,WY,0.062,Holdings SPY
2023,"Church & Dwight Co., Inc.",CHD,0.062,Holdings SPY
2023,"HP, Inc.",HPQ,0.062,Holdings SPY
2023,"Dollar Tree, Inc.",DLTR,0.062,Holdings SPY
2023,"Take-Two Interactive Software, Inc.",TTWO,0.062,Holdings SPY
2023,"Cardinal Health, Inc.",CAH,0.062,Holdings SPY
2023,Tractor Supply Co.,TSCO,0.062,Holdings SPY
2023,"Monolithic Power Systems, Inc.",MPWR,0.061,Holdings SPY
2023,Willis Towers Watson PLC,WTW,0.061,Holdings SPY
2023,"Align Technology, Inc.",ALGN,0.061,Holdings SPY
2023,"Xylem, Inc.",XYL,0.061,Holdings SPY
2023,Royal Caribbean Cruises Ltd.,RCL,0.06,Holdings SPY
2023,"Hartford Financial Services Group, Inc.",HIG,0.06,Holdings SPY
2023,"ResMed, Inc.",RMD,0.06,Holdings SPY
2023,Discover Financial Services,COF,0.06,Holdings SPY
2023,SBA Communications Corp. REIT,SBAC,0.06,Holdings SPY
2023,STERIS PLC,STE,0.06,Holdings SPY
2023,"Illumina, Inc.",ILMN,0.06,Holdings SPY
2023,Fair Isaac Corp.,FICO,0.06,Holdings SPY
2023,State Street Corp. (c),STT,0.059,Holdings SPY
2023,"Broadridge Financial Solutions, Inc.",BR,0.059,Holdings SPY
2023,M&T Bank Corp.,MTB,0.059,Holdings SPY
2023,"Coterra Energy, Inc.",CTRA,0.057,Holdings SPY
2023,DTE Energy Co.,DTE,0.057,Holdings SPY
2023,Eversource Energy,ES,0.057,Holdings SPY
2023,Genuine Parts Co.,GPC,0.056,Holdings SPY
2023,Equity Residential REIT,EQR,0.056,Holdings SPY
2023,Albemarle Corp.,ALB,0.056,Holdings SPY
2023,"Ulta Beauty, Inc.",ULTA,0.055,Holdings SPY
2023,Entergy Corp.,ETR,0.055,Holdings SPY
2023,Dover Corp.,DOV,0.055,Holdings SPY
2023,"NVR, Inc.",NVR,0.054,Holdings SPY
2023,Ameren Corp.,AEE,0.054,Holdings SPY
2023,"Teledyne Technologies, Inc.",TDY,0.053,Holdings SPY
2023,Targa Resources Corp.,TRGP,0.053,Holdings SPY
2023,"Baxter International, Inc.",BAX,0.053,Holdings SPY
2023,Westinghouse Air Brake Technologies Corp.,WAB,0.053,Holdings SPY
2023,"Molina Healthcare, Inc.",MOH,0.053,Holdings SPY
2023,"McCormick & Co., Inc.",MKC,0.053,Holdings SPY
2023,"Raymond James Financial, Inc.",RJF,0.053,Holdings SPY
2023,"FleetCor Technologies, Inc.",FLT,0.052,Holdings SPY
2023,"Invitation Homes, Inc. REIT",INVH,0.051,Holdings SPY
2023,"VeriSign, Inc.",VRSN,0.051,Holdings SPY
2023,"Howmet Aerospace, Inc.",HWM,0.05,Holdings SPY
2023,Laboratory Corp. of America Holdings,LH,0.05,Holdings SPY
2023,FirstEnergy Corp.,FE,0.049,Holdings SPY
2023,"International Flavors & Fragrances, Inc.",IFF,0.048,Holdings SPY
2023,"Iron Mountain, Inc. REIT",IRM,0.048,Holdings SPY
2023,"Darden Restaurants, Inc.",DRI,0.048,Holdings SPY
2023,PPL Corp.,PPL,0.048,Holdings SPY
2023,"First Solar, Inc.",FSLR,0.048,Holdings SPY
2023,Fifth Third Bancorp,FITB,0.048,Holdings SPY
2023,"Jacobs Solutions, Inc.",J,0.048,Holdings SPY
2023,"Hologic, Inc.",HOLX,0.047,Holdings SPY
2023,"Expeditors International of Washington, Inc.",EXPD,0.047,Holdings SPY
2023,"CenterPoint Energy, Inc.",CNP,0.047,Holdings SPY
2023,"Ventas, Inc. REIT",VTR,0.047,Holdings SPY
2023,"PTC, Inc.",PTC,0.047,Holdings SPY
2023,"FactSet Research Systems, Inc.",FDS,0.047,Holdings SPY
2023,"Steel Dynamics, Inc.",STLD,0.046,Holdings SPY
2023,"CF Industries Holdings, Inc.",CF,0.046,Holdings SPY
2023,"Cboe Global Markets, Inc.",CBOE,0.046,Holdings SPY
2023,"Brown & Brown, Inc.",BRO,0.046,Holdings SPY
2023,"Nasdaq, Inc.",NDAQ,0.046,Holdings SPY
2023,"Enphase Energy, Inc.",ENPH,0.046,Holdings SPY
2023,Bunge Ltd.,BG,0.045,Holdings SPY
2023,"Akamai Technologies, Inc.",AKAM,0.045,Holdings SPY
2023,"PulteGroup, Inc.",PHM,0.045,Holdings SPY
2023,Clorox Co.,CLX,0.045,Holdings SPY
2023,Waters Corp.,WAT,0.045,Holdings SPY
2023,Marathon Oil Corp.,COP,0.045,Holdings SPY
2023,Garmin Ltd.,GRMN,0.045,Holdings SPY
2023,Regions Financial Corp.,RF,0.045,Holdings SPY
2023,"Tyler Technologies, Inc.",TYL,0.045,Holdings SPY
2023,Southwest Airlines Co.,LUV,0.045,Holdings SPY
2023,Cincinnati Financial Corp.,CINF,0.045,Holdings SPY
2023,"Principal Financial Group, Inc.",PFG,0.045,Holdings SPY
2023,Everest Group Ltd.,EG,0.045,Holdings SPY
2023,"NetApp, Inc.",NTAP,0.045,Holdings SPY
2023,"Walgreens Boots Alliance, Inc.",WBA,0.044,Holdings SPY
2023,"Skyworks Solutions, Inc.",SWKS,0.044,Holdings SPY
2023,Atmos Energy Corp.,ATO,0.044,Holdings SPY
2023,"Cooper Cos., Inc.",COO,0.044,Holdings SPY
2023,Kellogg Co.,KLG,0.044,Holdings SPY
2023,IDEX Corp.,IEX,0.043,Holdings SPY
2023,Ball Corp.,BALL,0.043,Holdings SPY
2023,"Alexandria Real Estate Equities, Inc. REIT",ARE,0.043,Holdings SPY
2023,CMS Energy Corp.,CMS,0.043,Holdings SPY
2023,"Textron, Inc.",TXT,0.043,Holdings SPY
2023,"Teradyne, Inc.",TER,0.043,Holdings SPY
2023,"JB Hunt Transport Services, Inc.",JBHT,0.043,Holdings SPY
2023,Las Vegas Sands Corp.,LVS,0.042,Holdings SPY
2023,"Mid-America Apartment Communities, Inc. REIT",MAA,0.041,Holdings SPY
2023,EQT Corp.,EQT,0.041,Holdings SPY
2023,Avery Dennison Corp.,AVY,0.041,Holdings SPY
2023,"Omnicom Group, Inc.",OMC,0.041,Holdings SPY
2023,"EPAM Systems, Inc.",EPAM,0.041,Holdings SPY
2023,Western Digital Corp.,WDC,0.041,Holdings SPY
2023,"Tyson Foods, Inc. Class A",TSN,0.04,Holdings SPY
2023,Northern Trust Corp.,NTRS,0.04,Holdings SPY
2023,"Expedia Group, Inc.",EXPE,0.04,Holdings SPY
2023,"Axon Enterprise, Inc.",AXON,0.039,Holdings SPY
2023,Pool Corp.,POOL,0.039,Holdings SPY
2023,Packaging Corp. of America,PKG,0.039,Holdings SPY
2023,"United Airlines Holdings, Inc.",UAL,0.039,Holdings SPY
2023,Carnival Corp.,CCL,0.038,Holdings SPY
2023,"Revvity, Inc.",RVTY,0.038,Holdings SPY
2023,"Essex Property Trust, Inc. REIT",ESS,0.038,Holdings SPY
2023,"Snap-on, Inc.",SNA,0.038,Holdings SPY
2023,"Quest Diagnostics, Inc.",DGX,0.038,Holdings SPY
2023,"Best Buy Co., Inc.",BBY,0.038,Holdings SPY
2023,Amcor PLC,AMCR,0.038,Holdings SPY
2023,"Trimble, Inc.",TRMB,0.037,Holdings SPY
2023,"Domino's Pizza, Inc.",DPZ,0.037,Holdings SPY
2023,LKQ Corp.,LKQ,0.037,Holdings SPY
2023,"Lamb Weston Holdings, Inc.",LW,0.037,Holdings SPY
2023,"Conagra Brands, Inc.",CAG,0.036,Holdings SPY
2023,W R Berkley Corp.,WRB,0.036,Holdings SPY
2023,"Stanley Black & Decker, Inc.",SWK,0.036,Holdings SPY
2023,Seagate Technology Holdings PLC,STX,0.036,Holdings SPY
2023,Synchrony Financial,SYF,0.036,Holdings SPY
2023,APA Corp.,APA,0.035,Holdings SPY
2023,"Citizens Financial Group, Inc.",CFG,0.035,Holdings SPY
2023,"Paycom Software, Inc.",PAYC,0.035,Holdings SPY
2023,J M Smucker Co.,SJM,0.035,Holdings SPY
2023,"Leidos Holdings, Inc.",LDOS,0.035,Holdings SPY
2023,Celanese Corp.,CE,0.035,Holdings SPY
2023,International Paper Co.,IP,0.034,Holdings SPY
2023,Zebra Technologies Corp. Class A,ZBRA,0.034,Holdings SPY
2023,Alliant Energy Corp.,LNT,0.034,Holdings SPY
2023,Masco Corp.,MAS,0.033,Holdings SPY
2023,Nordson Corp.,NDSN,0.033,Holdings SPY
2023,Molson Coors Beverage Co. Class B,TAP,0.033,Holdings SPY
2023,Mosaic Co.,MOS,0.033,Holdings SPY
2023,"Viatris, Inc.",VTRS,0.033,Holdings SPY
2023,"Live Nation Entertainment, Inc.",LYV,0.033,Holdings SPY
2023,Loews Corp.,L,0.033,Holdings SPY
2023,"Evergy, Inc.",EVRG,0.032,Holdings SPY
2023,"Host Hotels & Resorts, Inc. REIT",HST,0.032,Holdings SPY
2023,"CarMax, Inc.",KMX,0.031,Holdings SPY
2023,"Interpublic Group of Cos., Inc.",IPG,0.031,Holdings SPY
2023,Insulet Corp.,PODD,0.031,Holdings SPY
2023,"Jack Henry & Associates, Inc.",JKHY,0.031,Holdings SPY
2023,Hormel Foods Corp.,HRL,0.031,Holdings SPY
2023,"Match Group, Inc.",MTCH,0.031,Holdings SPY
2023,"UDR, Inc. REIT",UDR,0.03,Holdings SPY
2023,Kimco Realty Corp. REIT,KIM,0.03,Holdings SPY
2023,Incyte Corp.,INCY,0.03,Holdings SPY
2023,Bio-Techne Corp.,TECH,0.03,Holdings SPY
2023,Pentair PLC,PNR,0.03,Holdings SPY
2023,"Rollins, Inc.",ROL,0.029,Holdings SPY
2023,Brown-Forman Corp. Class B,BF.B,0.029,Holdings SPY
2023,"Ceridian HCM Holding, Inc.",DAY,0.029,Holdings SPY
2023,MGM Resorts International,MGM,0.029,Holdings SPY
2023,AES Corp.,AES,0.028,Holdings SPY
2023,Camden Property Trust REIT,CPT,0.028,Holdings SPY
2023,KeyCorp,KEY,0.028,Holdings SPY
2023,"Healthpeak Properties, Inc. REIT",DOC,0.028,Holdings SPY
2023,"CH Robinson Worldwide, Inc.",CHRW,0.028,Holdings SPY
2023,"Charles River Laboratories International, Inc.",CRL,0.028,Holdings SPY
2023,"NiSource, Inc.",NI,0.028,Holdings SPY
2023,"Gen Digital, Inc.",GEN,0.028,Holdings SPY
2023,"Caesars Entertainment, Inc.",CZR,0.027,Holdings SPY
2023,Regency Centers Corp. REIT,REG,0.027,Holdings SPY
2023,"Henry Schein, Inc.",HSIC,0.027,Holdings SPY
2023,"BorgWarner, Inc.",BWA,0.027,Holdings SPY
2023,"F5, Inc.",FFIV,0.027,Holdings SPY
2023,"Globe Life, Inc.",GL,0.026,Holdings SPY
2023,"Qorvo, Inc.",QRVO,0.026,Holdings SPY
2023,"Teleflex, Inc.",TFX,0.026,Holdings SPY
2023,Allegion PLC,ALLE,0.026,Holdings SPY
2023,Eastman Chemical Co.,EMN,0.026,Holdings SPY
2023,Westrock Co.,WRK,0.025,Holdings SPY
2023,Wynn Resorts Ltd.,WYNN,0.025,Holdings SPY
2023,"Juniper Networks, Inc.",HPE,0.025,Holdings SPY
2023,"NRG Energy, Inc.",NRG,0.025,Holdings SPY
2023,"Hasbro, Inc.",HAS,0.023,Holdings SPY
2023,FMC Corp.,FMC,0.023,Holdings SPY
2023,"American Airlines Group, Inc.",AAL,0.023,Holdings SPY
2023,"Boston Properties, Inc. REIT",BXP,0.023,Holdings SPY
2023,Pinnacle West Capital Corp.,PNW,0.023,Holdings SPY
2023,A O Smith Corp.,AOS,0.023,Holdings SPY
2023,"Catalent, Inc.",CTLT,0.023,Holdings SPY
2023,"Huntington Ingalls Industries, Inc.",HII,0.023,Holdings SPY
2023,Campbell Soup Co.,CPB,0.022,Holdings SPY
2023,"MarketAxess Holdings, Inc.",MKTX,0.022,Holdings SPY
2023,"Etsy, Inc.",ETSY,0.022,Holdings SPY
2023,Fox Corp. Class A,FOX,0.022,Holdings SPY
2023,"Robert Half, Inc.",RHI,0.022,Holdings SPY
2023,"Universal Health Services, Inc. Class B",UHS,0.022,Holdings SPY
2023,"Bath & Body Works, Inc.",BBWI,0.021,Holdings SPY
2023,News Corp. Class A,NWS,0.021,Holdings SPY
2023,"Assurant, Inc.",AIZ,0.021,Holdings SPY
2023,"Bio-Rad Laboratories, Inc. Class A",BIO,0.021,Holdings SPY
2023,Whirlpool Corp.,WHR,0.02,Holdings SPY
2023,"SolarEdge Technologies, Inc.",SEDG,0.02,Holdings SPY
2023,"DENTSPLY SIRONA, Inc.",XRAY,0.02,Holdings SPY
2023,"Franklin Resources, Inc.",BEN,0.02,Holdings SPY
2023,Norwegian Cruise Line Holdings Ltd.,NCLH,0.019,Holdings SPY
2023,"Generac Holdings, Inc.",GNRC,0.019,Holdings SPY
2023,"Tapestry, Inc.",TPR,0.019,Holdings SPY
2023,Federal Realty Investment Trust REIT,FRT,0.018,Holdings SPY
2023,Invesco Ltd.,IVZ,0.018,Holdings SPY
2023,Paramount Global Class B,PSKY,0.017,Holdings SPY
2023,VF Corp.,VFC,0.016,Holdings SPY
2023,"Comerica, Inc.",CMA,0.015,Holdings SPY
2023,Zions Bancorp NA,ZION,0.015,Holdings SPY
2023,"DaVita, Inc.",DVA,0.014,Holdings SPY
2023,Ralph Lauren Corp.,RL,0.013,Holdings SPY
2023,Sealed Air Corp.,SEE,0.013,Holdings SPY
2023,"Alaska Air Group, Inc.",ALK,0.013,Holdings SPY
2023,"Mohawk Industries, Inc.",MHK,0.012,Holdings SPY
2023,Organon & Co.,OGN,0.012,Holdings SPY
2023,DXC Technology Co.,DXC,0.012,Holdings SPY
2023,Fox Corp. Class B,FOX,0.011,Holdings SPY
2023,News Corp. Class B,NWS,0.007,Holdings SPY
2024,"Apple, Inc.",AAPL,7.279,Holdings SPY
2024,Microsoft Corp.,MSFT,6.571,Holdings SPY
2024,NVIDIA Corp.,NVDA,6.138,Holdings SPY
2024,"Amazon.com, Inc.",AMZN,3.576,Holdings SPY
2024,"Meta Platforms, Inc. Class A",META,2.57,Holdings SPY
2024,"Alphabet, Inc. Class A",GOOG,1.997,Holdings SPY
2024,"Berkshire Hathaway, Inc. Class B",BRK.B,1.732,Holdings SPY
2024,"Alphabet, Inc. Class C",GOOG,1.65,Holdings SPY
2024,"Broadcom, Inc.",AVGO,1.65,Holdings SPY
2024,"Tesla, Inc.",TSLA,1.492,Holdings SPY
2024,Eli Lilly & Co.,LLY,1.436,Holdings SPY
2024,JPMorgan Chase & Co.,JPM,1.233,Holdings SPY
2024,"UnitedHealth Group, Inc.",UNH,1.109,Holdings SPY
2024,Exxon Mobil Corp.,XOM,1.07,Holdings SPY
2024,"Visa, Inc. Class A",V,0.944,Holdings SPY
2024,Procter & Gamble Co.,PG,0.838,Holdings SPY
2024,"Mastercard, Inc. Class A",MA,0.837,Holdings SPY
2024,"Home Depot, Inc.",HD,0.826,Holdings SPY
2024,Costco Wholesale Corp.,COST,0.807,Holdings SPY
2024,Johnson & Johnson,JNJ,0.802,Holdings SPY
2024,"Walmart, Inc.",WMT,0.721,Holdings SPY
2024,"AbbVie, Inc.",ABBV,0.717,Holdings SPY
2024,"Netflix, Inc.",NFLX,0.625,Holdings SPY
2024,"Merck & Co., Inc.",MRK,0.592,Holdings SPY
2024,Coca-Cola Co.,KO,0.573,Holdings SPY
2024,Oracle Corp.,ORCL,0.56,Holdings SPY
2024,Bank of America Corp.,BAC,0.55,Holdings SPY
2024,"Advanced Micro Devices, Inc.",AMD,0.546,Holdings SPY
2024,"Salesforce, Inc.",CRM,0.545,Holdings SPY
2024,Chevron Corp.,CVX,0.515,Holdings SPY
2024,"Thermo Fisher Scientific, Inc.",TMO,0.485,Holdings SPY
2024,"PepsiCo, Inc.",PEP,0.48,Holdings SPY
2024,"Adobe, Inc.",ADBE,0.472,Holdings SPY
2024,Linde PLC,LIN,0.471,Holdings SPY
2024,Accenture PLC Class A,ACN,0.455,Holdings SPY
2024,McDonald's Corp.,MCD,0.449,Holdings SPY
2024,"Cisco Systems, Inc.",CSCO,0.441,Holdings SPY
2024,General Electric Co.,GE,0.42,Holdings SPY
2024,International Business Machines Corp.,IBM,0.419,Holdings SPY
2024,Abbott Laboratories,ABT,0.408,Holdings SPY
2024,Wells Fargo & Co.,WFC,0.395,Holdings SPY
2024,"Caterpillar, Inc.",CAT,0.39,Holdings SPY
2024,"QUALCOMM, Inc.",QCOM,0.389,Holdings SPY
2024,"Verizon Communications, Inc.",VZ,0.388,Holdings SPY
2024,"Philip Morris International, Inc.",PM,0.388,Holdings SPY
2024,"Texas Instruments, Inc.",TXN,0.387,Holdings SPY
2024,"ServiceNow, Inc.",NOW,0.378,Holdings SPY
2024,Danaher Corp.,DHR,0.367,Holdings SPY
2024,Walt Disney Co.,DIS,0.358,Holdings SPY
2024,"Intuitive Surgical, Inc.",ISRG,0.358,Holdings SPY
2024,"NextEra Energy, Inc.",NEE,0.357,Holdings SPY
2024,"Intuit, Inc.",INTU,0.357,Holdings SPY
2024,"Amgen, Inc.",AMGN,0.356,Holdings SPY
2024,"Applied Materials, Inc.",AMAT,0.344,Holdings SPY
2024,"S&P Global, Inc.",SPGI,0.34,Holdings SPY
2024,"Pfizer, Inc.",PFE,0.337,Holdings SPY
2024,Comcast Corp. Class A,CMCSA,0.332,Holdings SPY
2024,RTX Corp.,RTX,0.331,Holdings SPY
2024,"Uber Technologies, Inc.",UBER,0.324,Holdings SPY
2024,"AT&T, Inc.",T,0.324,Holdings SPY
2024,"Goldman Sachs Group, Inc.",GS,0.321,Holdings SPY
2024,"Lowe's Cos., Inc.",LOW,0.317,Holdings SPY
2024,American Express Co.,AXP,0.313,Holdings SPY
2024,Union Pacific Corp.,UNP,0.308,Holdings SPY
2024,Progressive Corp.,PGR,0.305,Holdings SPY
2024,"Booking Holdings, Inc.",BKNG,0.29,Holdings SPY
2024,"Honeywell International, Inc.",HON,0.277,Holdings SPY
2024,"TJX Cos., Inc.",TJX,0.273,Holdings SPY
2024,"BlackRock, Inc.",BLK,0.272,Holdings SPY
2024,Eaton Corp. PLC,ETN,0.271,Holdings SPY
2024,Morgan Stanley,MS,0.267,Holdings SPY
2024,Lockheed Martin Corp.,LMT,0.255,Holdings SPY
2024,Stryker Corp.,SYK,0.254,Holdings SPY
2024,Boston Scientific Corp.,BSX,0.254,Holdings SPY
2024,ConocoPhillips,COP,0.251,Holdings SPY
2024,"Elevance Health, Inc.",ELV,0.248,Holdings SPY
2024,"Vertex Pharmaceuticals, Inc.",VRTX,0.247,Holdings SPY
2024,"Citigroup, Inc.",C,0.245,Holdings SPY
2024,"Prologis, Inc. REIT",PLD,0.24,Holdings SPY
2024,Medtronic PLC,MDT,0.237,Holdings SPY
2024,"Micron Technology, Inc.",MU,0.236,Holdings SPY
2024,"Analog Devices, Inc.",ADI,0.235,Holdings SPY
2024,"Automatic Data Processing, Inc.",ADP,0.232,Holdings SPY
2024,"Regeneron Pharmaceuticals, Inc.",REGN,0.229,Holdings SPY
2024,"Palo Alto Networks, Inc.",PANW,0.227,Holdings SPY
2024,Starbucks Corp.,SBUX,0.227,Holdings SPY
2024,"Blackstone, Inc.",BX,0.227,Holdings SPY
2024,"Marsh & McLennan Cos., Inc.",MRSH,0.225,Holdings SPY
2024,American Tower Corp. REIT,AMT,0.223,Holdings SPY
2024,Chubb Ltd.,CB,0.223,Holdings SPY
2024,Deere & Co.,DE,0.22,Holdings SPY
2024,Lam Research Corp.,LRCX,0.219,Holdings SPY
2024,"NIKE, Inc. Class B",NKE,0.218,Holdings SPY
2024,Bristol-Myers Squibb Co.,BMY,0.216,Holdings SPY
2024,"Gilead Sciences, Inc.",GILD,0.214,Holdings SPY
2024,KLA Corp.,KLAC,0.214,Holdings SPY
2024,"Fiserv, Inc.",FISV,0.212,Holdings SPY
2024,"T-Mobile U.S., Inc.",TMUS,0.208,Holdings SPY
2024,Intel Corp.,INTC,0.206,Holdings SPY
2024,"United Parcel Service, Inc. Class B",UPS,0.205,Holdings SPY
2024,"Arista Networks, Inc.",ANET,0.203,Holdings SPY
2024,Southern Co.,SO,0.203,Holdings SPY
2024,"Mondelez International, Inc. Class A",MDLZ,0.202,Holdings SPY
2024,Cigna Group,CI,0.199,Holdings SPY
2024,Charles Schwab Corp.,SCHW,0.199,Holdings SPY
2024,"Intercontinental Exchange, Inc.",ICE,0.189,Holdings SPY
2024,Duke Energy Corp.,DUK,0.183,Holdings SPY
2024,Boeing Co.,BA,0.183,Holdings SPY
2024,Sherwin-Williams Co.,SHW,0.182,Holdings SPY
2024,"Zoetis, Inc.",ZTS,0.182,Holdings SPY
2024,"KKR & Co., Inc.",KKR,0.181,Holdings SPY
2024,Trane Technologies PLC,TT,0.18,Holdings SPY
2024,"Altria Group, Inc.",MO,0.179,Holdings SPY
2024,Colgate-Palmolive Co.,CL,0.174,Holdings SPY
2024,"Equinix, Inc. REIT",EQIX,0.173,Holdings SPY
2024,Constellation Energy Corp.,CEG,0.167,Holdings SPY
2024,Parker-Hannifin Corp.,PH,0.167,Holdings SPY
2024,"TransDigm Group, Inc.",TDG,0.164,Holdings SPY
2024,"PayPal Holdings, Inc.",PYPL,0.164,Holdings SPY
2024,"CME Group, Inc.",CME,0.163,Holdings SPY
2024,CVS Health Corp.,CVS,0.163,Holdings SPY
2024,"Chipotle Mexican Grill, Inc.",CMG,0.162,Holdings SPY
2024,Amphenol Corp. Class A,APH,0.161,Holdings SPY
2024,General Dynamics Corp.,GD,0.16,Holdings SPY
2024,"Synopsys, Inc.",SNPS,0.159,Holdings SPY
2024,"Waste Management, Inc.",WM,0.156,Holdings SPY
2024,"HCA Healthcare, Inc.",HCA,0.155,Holdings SPY
2024,Aon PLC Class A,AON,0.154,Holdings SPY
2024,3M Co.,MMM,0.154,Holdings SPY
2024,"Motorola Solutions, Inc.",MSI,0.154,Holdings SPY
2024,"Palantir Technologies, Inc. Class A",PLTR,0.154,Holdings SPY
2024,Moody's Corp.,MCO,0.153,Holdings SPY
2024,"Cadence Design Systems, Inc.",CDNS,0.152,Holdings SPY
2024,"Welltower, Inc. REIT",WELL,0.152,Holdings SPY
2024,"PNC Financial Services Group, Inc.",PNC,0.151,Holdings SPY
2024,Northrop Grumman Corp.,NOC,0.149,Holdings SPY
2024,Target Corp.,TGT,0.148,Holdings SPY
2024,"Freeport-McMoRan, Inc.",FCX,0.147,Holdings SPY
2024,U.S. Bancorp,USB,0.147,Holdings SPY
2024,"Illinois Tool Works, Inc.",ITW,0.145,Holdings SPY
2024,Cintas Corp.,CTAS,0.145,Holdings SPY
2024,"GE Vernova, Inc.",GEV,0.144,Holdings SPY
2024,"EOG Resources, Inc.",EOG,0.144,Holdings SPY
2024,Becton Dickinson & Co.,BDX,0.143,Holdings SPY
2024,Carrier Global Corp.,CARR,0.139,Holdings SPY
2024,CSX Corp.,CSX,0.138,Holdings SPY
2024,"O'Reilly Automotive, Inc.",ORLY,0.137,Holdings SPY
2024,"Air Products & Chemicals, Inc.",APD,0.136,Holdings SPY
2024,"Crowdstrike Holdings, Inc. Class A",CRWD,0.133,Holdings SPY
2024,"Ecolab, Inc.",ECL,0.133,Holdings SPY
2024,McKesson Corp.,MCK,0.132,Holdings SPY
2024,Emerson Electric Co.,EMR,0.129,Holdings SPY
2024,FedEx Corp.,FDX,0.127,Holdings SPY
2024,Arthur J Gallagher & Co.,AJG,0.127,Holdings SPY
2024,Newmont Corp.,NEM,0.126,Holdings SPY
2024,NXP Semiconductors NV,NXPI,0.126,Holdings SPY
2024,"Roper Technologies, Inc.",ROP,0.123,Holdings SPY
2024,Schlumberger NV,SLB,0.122,Holdings SPY
2024,"Autodesk, Inc.",ADSK,0.122,Holdings SPY
2024,"Marriott International, Inc. Class A",MAR,0.119,Holdings SPY
2024,Public Storage REIT,PSA,0.118,Holdings SPY
2024,Truist Financial Corp.,TFC,0.118,Holdings SPY
2024,Capital One Financial Corp.,COF,0.117,Holdings SPY
2024,"Hilton Worldwide Holdings, Inc.",HLT,0.117,Holdings SPY
2024,"Aflac, Inc.",AFL,0.116,Holdings SPY
2024,Norfolk Southern Corp.,NSC,0.115,Holdings SPY
2024,"DR Horton, Inc.",DHI,0.115,Holdings SPY
2024,"Airbnb, Inc. Class A",ABNB,0.115,Holdings SPY
2024,"Williams Cos., Inc.",WMB,0.114,Holdings SPY
2024,Realty Income Corp. REIT,O,0.113,Holdings SPY
2024,Phillips 66 Co.,PSX,0.113,Holdings SPY
2024,"American Electric Power Co., Inc.",AEP,0.112,Holdings SPY
2024,Marathon Petroleum Corp.,MPC,0.112,Holdings SPY
2024,"United Rentals, Inc.",URI,0.111,Holdings SPY
2024,"AutoZone, Inc.",AZO,0.111,Holdings SPY
2024,"Travelers Cos., Inc.",TRV,0.11,Holdings SPY
2024,"ONEOK, Inc.",OKE,0.109,Holdings SPY
2024,Bank of New York Mellon Corp.,BK,0.109,Holdings SPY
2024,Sempra,SRE,0.109,Holdings SPY
2024,Johnson Controls International PLC,JCI,0.107,Holdings SPY
2024,"Simon Property Group, Inc. REIT",SPG,0.106,Holdings SPY
2024,"PACCAR, Inc.",PCAR,0.106,Holdings SPY
2024,"Crown Castle, Inc. REIT",CCI,0.106,Holdings SPY
2024,General Motors Co.,GM,0.104,Holdings SPY
2024,"Ross Stores, Inc.",ROST,0.103,Holdings SPY
2024,Allstate Corp.,ALL,0.103,Holdings SPY
2024,"Digital Realty Trust, Inc. REIT",DLR,0.102,Holdings SPY
2024,"Fortinet, Inc.",FTNT,0.101,Holdings SPY
2024,"MetLife, Inc.",MET,0.1,Holdings SPY
2024,"Dominion Energy, Inc.",D,0.1,Holdings SPY
2024,Kimberly-Clark Corp.,KMB,0.098,Holdings SPY
2024,Fair Isaac Corp.,FICO,0.098,Holdings SPY
2024,"American International Group, Inc.",AIG,0.097,Holdings SPY
2024,"WW Grainger, Inc.",GWW,0.095,Holdings SPY
2024,"Ameriprise Financial, Inc.",AMP,0.095,Holdings SPY
2024,TE Connectivity PLC,TEL,0.094,Holdings SPY
2024,"Copart, Inc.",CPRT,0.094,Holdings SPY
2024,"MSCI, Inc.",MSCI,0.094,Holdings SPY
2024,"Fidelity National Information Services, Inc.",FIS,0.094,Holdings SPY
2024,Lennar Corp. Class A,LEN,0.093,Holdings SPY
2024,"L3Harris Technologies, Inc.",LHX,0.093,Holdings SPY
2024,"Monolithic Power Systems, Inc.",MPWR,0.093,Holdings SPY
2024,"Public Service Enterprise Group, Inc.",PEG,0.091,Holdings SPY
2024,"Cummins, Inc.",CMI,0.091,Holdings SPY
2024,"Kenvue, Inc.",KVUE,0.091,Holdings SPY
2024,"Quanta Services, Inc.",PWR,0.09,Holdings SPY
2024,"Agilent Technologies, Inc.",A,0.089,Holdings SPY
2024,Valero Energy Corp.,VLO,0.089,Holdings SPY
2024,"Prudential Financial, Inc.",PRU,0.089,Holdings SPY
2024,"Microchip Technology, Inc.",MCHP,0.088,Holdings SPY
2024,"Paychex, Inc.",PAYX,0.088,Holdings SPY
2024,"GE HealthCare Technologies, Inc.",GEHC,0.088,Holdings SPY
2024,"Kinder Morgan, Inc.",KMI,0.088,Holdings SPY
2024,PG&E Corp.,PCG,0.087,Holdings SPY
2024,Royal Caribbean Cruises Ltd.,RCL,0.086,Holdings SPY
2024,Arch Capital Group Ltd.,ACGL,0.086,Holdings SPY
2024,Otis Worldwide Corp.,OTIS,0.086,Holdings SPY
2024,"IDEXX Laboratories, Inc.",IDXX,0.085,Holdings SPY
2024,Ford Motor Co.,F,0.085,Holdings SPY
2024,"General Mills, Inc.",GIS,0.084,Holdings SPY
2024,"IQVIA Holdings, Inc.",IQV,0.084,Holdings SPY
2024,"Republic Services, Inc.",RSG,0.084,Holdings SPY
2024,"Howmet Aerospace, Inc.",HWM,0.084,Holdings SPY
2024,Fastenal Co.,FAST,0.084,Holdings SPY
2024,Vistra Corp.,VST,0.084,Holdings SPY
2024,"Corteva, Inc.",CTVA,0.084,Holdings SPY
2024,Exelon Corp.,EXC,0.083,Holdings SPY
2024,"Constellation Brands, Inc. Class A",STZ,0.083,Holdings SPY
2024,"AMETEK, Inc.",AME,0.082,Holdings SPY
2024,Edwards Lifesciences Corp.,EW,0.082,Holdings SPY
2024,"Keurig Dr. Pepper, Inc.",KDP,0.081,Holdings SPY
2024,"Ingersoll Rand, Inc.",IR,0.081,Holdings SPY
2024,Centene Corp.,CNC,0.081,Holdings SPY
2024,"Yum! Brands, Inc.",YUM,0.081,Holdings SPY
2024,"Cencora, Inc.",COR,0.081,Holdings SPY
2024,"Gartner, Inc.",IT,0.08,Holdings SPY
2024,Sysco Corp.,SYY,0.079,Holdings SPY
2024,"Dow, Inc.",DOW,0.079,Holdings SPY
2024,Cognizant Technology Solutions Corp. Class A,CTSH,0.079,Holdings SPY
2024,"Extra Space Storage, Inc. REIT",EXR,0.078,Holdings SPY
2024,"Verisk Analytics, Inc.",VRSK,0.078,Holdings SPY
2024,"Humana, Inc.",HUM,0.078,Holdings SPY
2024,Kroger Co.,KR,0.078,Holdings SPY
2024,Hess Corp.,CVX,0.077,Holdings SPY
2024,"CBRE Group, Inc. Class A",CBRE,0.077,Holdings SPY
2024,"Old Dominion Freight Line, Inc.",ODFL,0.077,Holdings SPY
2024,"DuPont de Nemours, Inc.",DD,0.076,Holdings SPY
2024,Monster Beverage Corp.,MNST,0.076,Holdings SPY
2024,"Xcel Energy, Inc.",XEL,0.075,Holdings SPY
2024,"Equifax, Inc.",EFX,0.075,Holdings SPY
2024,"Consolidated Edison, Inc.",ED,0.074,Holdings SPY
2024,Baker Hughes Co.,BKR,0.074,Holdings SPY
2024,"ResMed, Inc.",RMD,0.074,Holdings SPY
2024,Nucor Corp.,NUE,0.073,Holdings SPY
2024,Discover Financial Services,COF,0.072,Holdings SPY
2024,"HP, Inc.",HPQ,0.072,Holdings SPY
2024,"VICI Properties, Inc. REIT",VICI,0.072,Holdings SPY
2024,"Iron Mountain, Inc. REIT",IRM,0.072,Holdings SPY
2024,"Corning, Inc.",GLW,0.071,Holdings SPY
2024,Occidental Petroleum Corp.,OXY,0.071,Holdings SPY
2024,"Electronic Arts, Inc.",EA,0.071,Holdings SPY
2024,"Hartford Financial Services Group, Inc.",HIG,0.071,Holdings SPY
2024,"Dell Technologies, Inc. Class C",DELL,0.07,Holdings SPY
2024,Edison International,EIX,0.069,Holdings SPY
2024,Vulcan Materials Co.,VMC,0.068,Holdings SPY
2024,"Martin Marietta Materials, Inc.",MLM,0.068,Holdings SPY
2024,"Xylem, Inc.",XYL,0.067,Holdings SPY
2024,"Delta Air Lines, Inc.",DAL,0.067,Holdings SPY
2024,Targa Resources Corp.,TRGP,0.067,Holdings SPY
2024,"Diamondback Energy, Inc.",FANG,0.066,Holdings SPY
2024,"AvalonBay Communities, Inc. REIT",AVB,0.066,Holdings SPY
2024,Westinghouse Air Brake Technologies Corp.,WAB,0.065,Holdings SPY
2024,"eBay, Inc.",EBAY,0.065,Holdings SPY
2024,"Mettler-Toledo International, Inc.",MTD,0.065,Holdings SPY
2024,"Charter Communications, Inc. Class A",CHTR,0.065,Holdings SPY
2024,Tractor Supply Co.,TSCO,0.064,Holdings SPY
2024,"Lululemon Athletica, Inc.",LULU,0.064,Holdings SPY
2024,ON Semiconductor Corp.,ON,0.064,Holdings SPY
2024,Kraft Heinz Co.,KHC,0.064,Holdings SPY
2024,"CoStar Group, Inc.",CSGP,0.064,Holdings SPY
2024,"PPG Industries, Inc.",PPG,0.063,Holdings SPY
2024,"Rockwell Automation, Inc.",ROK,0.063,Holdings SPY
2024,"WEC Energy Group, Inc.",WEC,0.062,Holdings SPY
2024,CDW Corp.,CDW,0.062,Holdings SPY
2024,"Nasdaq, Inc.",NDAQ,0.062,Holdings SPY
2024,"NVR, Inc.",NVR,0.062,Holdings SPY
2024,Willis Towers Watson PLC,WTW,0.061,Holdings SPY
2024,"PulteGroup, Inc.",PHM,0.061,Holdings SPY
2024,M&T Bank Corp.,MTB,0.061,Holdings SPY
2024,Fifth Third Bancorp,FITB,0.06,Holdings SPY
2024,"Axon Enterprise, Inc.",AXON,0.059,Holdings SPY
2024,Archer-Daniels-Midland Co.,ADM,0.059,Holdings SPY
2024,"American Water Works Co., Inc.",AWK,0.059,Holdings SPY
2024,Hershey Co.,HSY,0.058,Holdings SPY
2024,"Biogen, Inc.",BIIB,0.058,Holdings SPY
2024,Entergy Corp.,ETR,0.058,Holdings SPY
2024,"ANSYS, Inc.",SNPS,0.057,Holdings SPY
2024,"Keysight Technologies, Inc.",KEYS,0.057,Holdings SPY
2024,Fortive Corp.,FTV,0.057,Holdings SPY
2024,Veralto Corp.,VLTO,0.057,Holdings SPY
2024,Garmin Ltd.,GRMN,0.056,Holdings SPY
2024,"Cardinal Health, Inc.",CAH,0.055,Holdings SPY
2024,"Dexcom, Inc.",DXCM,0.055,Holdings SPY
2024,"International Flavors & Fragrances, Inc.",IFF,0.055,Holdings SPY
2024,"First Solar, Inc.",FSLR,0.055,Holdings SPY
2024,Hewlett Packard Enterprise Co.,HPE,0.055,Holdings SPY
2024,DTE Energy Co.,DTE,0.055,Holdings SPY
2024,"Ventas, Inc. REIT",VTR,0.054,Holdings SPY
2024,State Street Corp. (c),STT,0.054,Holdings SPY
2024,Dover Corp.,DOV,0.054,Holdings SPY
2024,"Global Payments, Inc.",GPN,0.054,Holdings SPY
2024,SBA Communications Corp. REIT,SBAC,0.053,Holdings SPY
2024,Halliburton Co.,HAL,0.053,Holdings SPY
2024,"Church & Dwight Co., Inc.",CHD,0.053,Holdings SPY
2024,Equity Residential REIT,EQR,0.052,Holdings SPY
2024,"NetApp, Inc.",NTAP,0.052,Holdings SPY
2024,"Broadridge Financial Solutions, Inc.",BR,0.052,Holdings SPY
2024,"Take-Two Interactive Software, Inc.",TTWO,0.051,Holdings SPY
2024,LyondellBasell Industries NV Class A,LYB,0.051,Holdings SPY
2024,"Tyler Technologies, Inc.",TYL,0.051,Holdings SPY
2024,Weyerhaeuser Co. REIT,WY,0.051,Holdings SPY
2024,"Brown & Brown, Inc.",BRO,0.05,Holdings SPY
2024,Devon Energy Corp.,DVN,0.05,Holdings SPY
2024,PPL Corp.,PPL,0.05,Holdings SPY
2024,Smurfit WestRock PLC,SW,0.05,Holdings SPY
2024,Eversource Energy,ES,0.05,Holdings SPY
2024,Deckers Outdoor Corp.,DECK,0.05,Holdings SPY
2024,"T. Rowe Price Group, Inc.",TROW,0.05,Holdings SPY
2024,STERIS PLC,STE,0.049,Holdings SPY
2024,Ameren Corp.,AEE,0.048,Holdings SPY
2024,"Estee Lauder Cos., Inc. Class A",EL,0.048,Holdings SPY
2024,"Hubbell, Inc.",HUBB,0.047,Holdings SPY
2024,Seagate Technology Holdings PLC,STX,0.047,Holdings SPY
2024,FirstEnergy Corp.,FE,0.047,Holdings SPY
2024,"Raymond James Financial, Inc.",RJF,0.047,Holdings SPY
2024,"Moderna, Inc.",MRNA,0.046,Holdings SPY
2024,"Builders FirstSource, Inc.",BLDR,0.046,Holdings SPY
2024,Western Digital Corp.,WDC,0.046,Holdings SPY
2024,"GoDaddy, Inc. Class A",GDDY,0.045,Holdings SPY
2024,"Zimmer Biomet Holdings, Inc.",ZBH,0.045,Holdings SPY
2024,"Cooper Cos., Inc.",COO,0.045,Holdings SPY
2024,"Leidos Holdings, Inc.",LDOS,0.045,Holdings SPY
2024,"Teradyne, Inc.",TER,0.045,Holdings SPY
2024,"West Pharmaceutical Services, Inc.",WST,0.045,Holdings SPY
2024,EQT Corp.,EQT,0.045,Holdings SPY
2024,"Corpay, Inc.",CPAY,0.045,Holdings SPY
2024,"PTC, Inc.",PTC,0.045,Holdings SPY
2024,Kellanova,K,0.044,Holdings SPY
2024,Atmos Energy Corp.,ATO,0.044,Holdings SPY
2024,"Cboe Global Markets, Inc.",CBOE,0.044,Holdings SPY
2024,Waters Corp.,WAT,0.044,Holdings SPY
2024,Regions Financial Corp.,RF,0.044,Holdings SPY
2024,Cincinnati Financial Corp.,CINF,0.044,Holdings SPY
2024,CMS Energy Corp.,CMS,0.043,Holdings SPY
2024,"Super Micro Computer, Inc.",SMCI,0.043,Holdings SPY
2024,"McCormick & Co., Inc.",MKC,0.043,Holdings SPY
2024,Ball Corp.,BALL,0.042,Holdings SPY
2024,"Teledyne Technologies, Inc.",TDY,0.042,Holdings SPY
2024,"Best Buy Co., Inc.",BBY,0.042,Holdings SPY
2024,"Omnicom Group, Inc.",OMC,0.042,Holdings SPY
2024,"Molina Healthcare, Inc.",MOH,0.041,Holdings SPY
2024,Clorox Co.,CLX,0.041,Holdings SPY
2024,"Invitation Homes, Inc. REIT",INVH,0.041,Holdings SPY
2024,Synchrony Financial,SYF,0.041,Holdings SPY
2024,Genuine Parts Co.,GPC,0.04,Holdings SPY
2024,"Darden Restaurants, Inc.",DRI,0.04,Holdings SPY
2024,"Baxter International, Inc.",BAX,0.04,Holdings SPY
2024,Packaging Corp. of America,PKG,0.039,Holdings SPY
2024,"CenterPoint Energy, Inc.",CNP,0.039,Holdings SPY
2024,Aptiv PLC,APTV,0.039,Holdings SPY
2024,Zebra Technologies Corp. Class A,ZBRA,0.039,Holdings SPY
2024,"Essex Property Trust, Inc. REIT",ESS,0.039,Holdings SPY
2024,"Hologic, Inc.",HOLX,0.039,Holdings SPY
2024,"NRG Energy, Inc.",NRG,0.039,Holdings SPY
2024,"United Airlines Holdings, Inc.",UAL,0.039,Holdings SPY
2024,"Labcorp Holdings, Inc.",LH,0.039,Holdings SPY
2024,Carnival Corp.,CCL,0.038,Holdings SPY
2024,Dollar General Corp.,DG,0.038,Holdings SPY
2024,"Mid-America Apartment Communities, Inc. REIT",MAA,0.038,Holdings SPY
2024,"Ulta Beauty, Inc.",ULTA,0.038,Holdings SPY
2024,"Expeditors International of Washington, Inc.",EXPD,0.038,Holdings SPY
2024,"Alexandria Real Estate Equities, Inc. REIT",ARE,0.038,Holdings SPY
2024,"Expedia Group, Inc.",EXPE,0.038,Holdings SPY
2024,"Citizens Financial Group, Inc.",CFG,0.038,Holdings SPY
2024,"Warner Bros Discovery, Inc.",WBD,0.038,Holdings SPY
2024,Masco Corp.,MAS,0.038,Holdings SPY
2024,"Principal Financial Group, Inc.",PFG,0.038,Holdings SPY
2024,Northern Trust Corp.,NTRS,0.037,Holdings SPY
2024,"Steel Dynamics, Inc.",STLD,0.037,Holdings SPY
2024,"Align Technology, Inc.",ALGN,0.037,Holdings SPY
2024,Las Vegas Sands Corp.,LVS,0.037,Holdings SPY
2024,Avery Dennison Corp.,AVY,0.037,Holdings SPY
2024,Southwest Airlines Co.,LUV,0.036,Holdings SPY
2024,"Coterra Energy, Inc.",CTRA,0.036,Holdings SPY
2024,"FactSet Research Systems, Inc.",FDS,0.036,Holdings SPY
2024,"Quest Diagnostics, Inc.",DGX,0.036,Holdings SPY
2024,"Live Nation Entertainment, Inc.",LYV,0.035,Holdings SPY
2024,W.R. Berkley Corp.,WRB,0.035,Holdings SPY
2024,"Tyson Foods, Inc. Class A",TSN,0.035,Holdings SPY
2024,International Paper Co.,IP,0.035,Holdings SPY
2024,Everest Group Ltd.,EG,0.035,Holdings SPY
2024,"Stanley Black & Decker, Inc.",SWK,0.035,Holdings SPY
2024,"Textron, Inc.",TXT,0.034,Holdings SPY
2024,"Jacobs Solutions, Inc.",J,0.034,Holdings SPY
2024,Amcor PLC,AMCR,0.034,Holdings SPY
2024,Insulet Corp.,PODD,0.034,Holdings SPY
2024,IDEX Corp.,IEX,0.033,Holdings SPY
2024,Pentair PLC,PNR,0.033,Holdings SPY
2024,"Healthpeak Properties, Inc. REIT",DOC,0.033,Holdings SPY
2024,"VeriSign, Inc.",VRSN,0.033,Holdings SPY
2024,"Skyworks Solutions, Inc.",SWKS,0.032,Holdings SPY
2024,"Revvity, Inc.",RVTY,0.032,Holdings SPY
2024,Kimco Realty Corp. REIT,KIM,0.032,Holdings SPY
2024,"Conagra Brands, Inc.",CAG,0.032,Holdings SPY
2024,Alliant Energy Corp.,LNT,0.032,Holdings SPY
2024,KeyCorp,KEY,0.032,Holdings SPY
2024,"NiSource, Inc.",NI,0.032,Holdings SPY
2024,"CF Industries Holdings, Inc.",CF,0.032,Holdings SPY
2024,"Enphase Energy, Inc.",ENPH,0.031,Holdings SPY
2024,"Akamai Technologies, Inc.",AKAM,0.031,Holdings SPY
2024,"Snap-on, Inc.",SNA,0.031,Holdings SPY
2024,"Trimble, Inc.",TRMB,0.031,Holdings SPY
2024,"Domino's Pizza, Inc.",DPZ,0.031,Holdings SPY
2024,Marathon Oil Corp.,COP,0.031,Holdings SPY
2024,"Gen Digital, Inc.",GEN,0.031,Holdings SPY
2024,Celanese Corp.,CE,0.031,Holdings SPY
2024,Pool Corp.,POOL,0.03,Holdings SPY
2024,Loews Corp.,L,0.03,Holdings SPY
2024,Nordson Corp.,NDSN,0.029,Holdings SPY
2024,AES Corp.,AES,0.029,Holdings SPY
2024,"Evergy, Inc.",EVRG,0.029,Holdings SPY
2024,"Rollins, Inc.",ROL,0.029,Holdings SPY
2024,"Dollar Tree, Inc.",DLTR,0.029,Holdings SPY
2024,"JB Hunt Transport Services, Inc.",JBHT,0.029,Holdings SPY
2024,"Viatris, Inc.",VTRS,0.028,Holdings SPY
2024,Bunge Global SA,BG,0.028,Holdings SPY
2024,"Universal Health Services, Inc. Class B",UHS,0.028,Holdings SPY
2024,"UDR, Inc. REIT",UDR,0.028,Holdings SPY
2024,"Jabil, Inc.",JBL,0.028,Holdings SPY
2024,Erie Indemnity Co. Class A,ERIE,0.028,Holdings SPY
2024,Camden Property Trust REIT,CPT,0.027,Holdings SPY
2024,Eastman Chemical Co.,EMN,0.027,Holdings SPY
2024,"CH Robinson Worldwide, Inc.",CHRW,0.027,Holdings SPY
2024,J.M. Smucker Co.,SJM,0.026,Holdings SPY
2024,"Jack Henry & Associates, Inc.",JKHY,0.026,Holdings SPY
2024,"Juniper Networks, Inc.",HPE,0.026,Holdings SPY
2024,"F5, Inc.",FFIV,0.026,Holdings SPY
2024,Allegion PLC,ALLE,0.026,Holdings SPY
2024,Bio-Techne Corp.,TECH,0.026,Holdings SPY
2024,"Host Hotels & Resorts, Inc. REIT",HST,0.025,Holdings SPY
2024,"CarMax, Inc.",KMX,0.025,Holdings SPY
2024,"Interpublic Group of Cos., Inc.",IPG,0.024,Holdings SPY
2024,Regency Centers Corp. REIT,REG,0.024,Holdings SPY
2024,"BXP, Inc. REIT",BXP,0.024,Holdings SPY
2024,"Teleflex, Inc.",TFX,0.024,Holdings SPY
2024,"EPAM Systems, Inc.",EPAM,0.023,Holdings SPY
2024,Albemarle Corp.,ALB,0.023,Holdings SPY
2024,"Catalent, Inc.",CTLT,0.023,Holdings SPY
2024,"Tapestry, Inc.",TPR,0.022,Holdings SPY
2024,A.O. Smith Corp.,AOS,0.022,Holdings SPY
2024,Incyte Corp.,INCY,0.022,Holdings SPY
2024,LKQ Corp.,LKQ,0.022,Holdings SPY
2024,"Huntington Ingalls Industries, Inc.",HII,0.021,Holdings SPY
2024,"Assurant, Inc.",AIZ,0.021,Holdings SPY
2024,"Charles River Laboratories International, Inc.",CRL,0.021,Holdings SPY
2024,Molson Coors Beverage Co. Class B,TAP,0.021,Holdings SPY
2024,News Corp. Class A,NWS,0.021,Holdings SPY
2024,Pinnacle West Capital Corp.,PNW,0.021,Holdings SPY
2024,"Qorvo, Inc.",QRVO,0.02,Holdings SPY
2024,"Match Group, Inc.",MTCH,0.02,Holdings SPY
2024,"Dayforce, Inc.",DAY,0.02,Holdings SPY
2024,"MarketAxess Holdings, Inc.",MKTX,0.02,Holdings SPY
2024,Campbell Soup Co.,CPB,0.02,Holdings SPY
2024,Solventum Corp.,SOLV,0.02,Holdings SPY
2024,"Generac Holdings, Inc.",GNRC,0.02,Holdings SPY
2024,"Globe Life, Inc.",GL,0.02,Holdings SPY
2024,Fox Corp. Class A,FOX,0.02,Holdings SPY
2024,"Hasbro, Inc.",HAS,0.019,Holdings SPY
2024,"Lamb Weston Holdings, Inc.",LW,0.019,Holdings SPY
2024,"Henry Schein, Inc.",HSIC,0.019,Holdings SPY
2024,Hormel Foods Corp.,HRL,0.019,Holdings SPY
2024,APA Corp.,APA,0.019,Holdings SPY
2024,"Caesars Entertainment, Inc.",CZR,0.019,Holdings SPY
2024,MGM Resorts International,MGM,0.019,Holdings SPY
2024,Norwegian Cruise Line Holdings Ltd.,NCLH,0.019,Holdings SPY
2024,Brown-Forman Corp. Class B,BF.B,0.019,Holdings SPY
2024,Wynn Resorts Ltd.,WYNN,0.018,Holdings SPY
2024,Federal Realty Investment Trust REIT,FRT,0.018,Holdings SPY
2024,Mosaic Co.,MOS,0.018,Holdings SPY
2024,"Mohawk Industries, Inc.",MHK,0.017,Holdings SPY
2024,"BorgWarner, Inc.",BWA,0.017,Holdings SPY
2024,FMC Corp.,FMC,0.017,Holdings SPY
2024,"Paycom Software, Inc.",PAYC,0.017,Holdings SPY
2024,Invesco Ltd.,IVZ,0.016,Holdings SPY
2024,Ralph Lauren Corp.,RL,0.016,Holdings SPY
2024,"DaVita, Inc.",DVA,0.016,Holdings SPY
2024,"Walgreens Boots Alliance, Inc.",WBA,0.013,Holdings SPY
2024,Paramount Global Class B,PSKY,0.013,Holdings SPY
2024,"Franklin Resources, Inc.",BEN,0.013,Holdings SPY
2024,Fox Corp. Class B,FOX,0.011,Holdings SPY
2024,"Amentum Holdings, Inc.",AMTM,0.008,Holdings SPY
2024,News Corp. Class B,NWS,0.006,Holdings SPY
2025,NVIDIA Corp.,NVDA,7.984,Holdings SPY
2025,Microsoft Corp.,MSFT,6.752,Holdings SPY
2025,"Apple, Inc.",AAPL,6.627,Holdings SPY
2025,"Amazon.com, Inc. ",AMZN,3.737,Holdings SPY
2025,"Meta Platforms, Inc. Class A",META,2.793,Holdings SPY
2025,"Broadcom, Inc.",AVGO,2.721,Holdings SPY
2025,"Alphabet, Inc. Class A",GOOG,2.48,Holdings SPY
2025,"Tesla, Inc. ",TSLA,2.188,Holdings SPY
2025,"Alphabet, Inc. Class C",GOOG,1.994,Holdings SPY
2025,"Berkshire Hathaway, Inc. Class B ",BRK.B,1.617,Holdings SPY
2025,JPMorgan Chase & Co.,JPM,1.521,Holdings SPY
2025,Eli Lilly & Co.,LLY,1.064,Holdings SPY
2025,"Visa, Inc. Class A",V,1.017,Holdings SPY
2025,"Netflix, Inc. ",NFLX,0.893,Holdings SPY
2025,Exxon Mobil Corp.,XOM,0.843,Holdings SPY
2025,"Mastercard, Inc. Class A",MA,0.823,Holdings SPY
2025,Oracle Corp.,ORCL,0.817,Holdings SPY
2025,"Walmart, Inc.",WMT,0.793,Holdings SPY
2025,Johnson & Johnson,JNJ,0.783,Holdings SPY
2025,"Palantir Technologies, Inc. Class A ",PLTR,0.727,Holdings SPY
2025,Costco Wholesale Corp.,COST,0.72,Holdings SPY
2025,"AbbVie, Inc.",ABBV,0.717,Holdings SPY
2025,"Home Depot, Inc.",HD,0.707,Holdings SPY
2025,Procter & Gamble Co.,PG,0.631,Holdings SPY
2025,Bank of America Corp.,BAC,0.616,Holdings SPY
2025,General Electric Co.,GE,0.559,Holdings SPY
2025,"UnitedHealth Group, Inc.",UNH,0.548,Holdings SPY
2025,Chevron Corp.,CVX,0.525,Holdings SPY
2025,"Cisco Systems, Inc.",CSCO,0.475,Holdings SPY
2025,Wells Fargo & Co.,WFC,0.471,Holdings SPY
2025,International Business Machines Corp.,IBM,0.461,Holdings SPY
2025,"Advanced Micro Devices, Inc. ",AMD,0.46,Holdings SPY
2025,Coca-Cola Co.,KO,0.45,Holdings SPY
2025,"Philip Morris International, Inc.",PM,0.443,Holdings SPY
2025,"Goldman Sachs Group, Inc.",GS,0.423,Holdings SPY
2025,Abbott Laboratories,ABT,0.409,Holdings SPY
2025,"Salesforce, Inc.",CRM,0.397,Holdings SPY
2025,RTX Corp.,RTX,0.393,Holdings SPY
2025,"Caterpillar, Inc.",CAT,0.392,Holdings SPY
2025,Linde PLC,LIN,0.391,Holdings SPY
2025,McDonald's Corp.,MCD,0.38,Holdings SPY
2025,"Merck & Co., Inc.",MRK,0.368,Holdings SPY
2025,Walt Disney Co.,DIS,0.361,Holdings SPY
2025,"Uber Technologies, Inc. ",UBER,0.358,Holdings SPY
2025,"AT&T, Inc.",T,0.354,Holdings SPY
2025,AppLovin Corp. Class A ,APP,0.341,Holdings SPY
2025,Morgan Stanley,MS,0.338,Holdings SPY
2025,"PepsiCo, Inc.",PEP,0.337,Holdings SPY
2025,"ServiceNow, Inc. ",NOW,0.336,Holdings SPY
2025,"Intuit, Inc.",INTU,0.334,Holdings SPY
2025,"Micron Technology, Inc.",MU,0.328,Holdings SPY
2025,"Citigroup, Inc.",C,0.328,Holdings SPY
2025,"Verizon Communications, Inc.",VZ,0.325,Holdings SPY
2025,"Thermo Fisher Scientific, Inc.",TMO,0.321,Holdings SPY
2025,American Express Co.,AXP,0.316,Holdings SPY
2025,"QUALCOMM, Inc.",QCOM,0.315,Holdings SPY
2025,"Booking Holdings, Inc.",BKNG,0.307,Holdings SPY
2025,Lam Research Corp.,LRCX,0.297,Holdings SPY
2025,"Blackrock, Inc.",BLK,0.294,Holdings SPY
2025,"GE Vernova, Inc.",GEV,0.293,Holdings SPY
2025,"Texas Instruments, Inc.",TXN,0.293,Holdings SPY
2025,"Applied Materials, Inc.",AMAT,0.288,Holdings SPY
2025,Boeing Co. ,BA,0.286,Holdings SPY
2025,Charles Schwab Corp.,SCHW,0.286,Holdings SPY
2025,"TJX Cos., Inc.",TJX,0.283,Holdings SPY
2025,"Intuitive Surgical, Inc. ",ISRG,0.281,Holdings SPY
2025,"NextEra Energy, Inc.",NEE,0.273,Holdings SPY
2025,Accenture PLC Class A,ACN,0.269,Holdings SPY
2025,"S&P Global, Inc.",SPGI,0.267,Holdings SPY
2025,"Amgen, Inc.",AMGN,0.266,Holdings SPY
2025,Amphenol Corp. Class A,APH,0.265,Holdings SPY
2025,"Arista Networks, Inc. ",ANET,0.263,Holdings SPY
2025,"Adobe, Inc. ",ADBE,0.262,Holdings SPY
2025,Intel Corp. ,INTC,0.258,Holdings SPY
2025,Eaton Corp. PLC,ETN,0.255,Holdings SPY
2025,"Pfizer, Inc.",PFE,0.254,Holdings SPY
2025,Progressive Corp.,PGR,0.254,Holdings SPY
2025,Boston Scientific Corp. ,BSX,0.254,Holdings SPY
2025,KLA Corp.,KLAC,0.25,Holdings SPY
2025,"Lowe's Cos., Inc.",LOW,0.247,Holdings SPY
2025,Union Pacific Corp.,UNP,0.246,Holdings SPY
2025,"Gilead Sciences, Inc.",GILD,0.241,Holdings SPY
2025,"Palo Alto Networks, Inc. ",PANW,0.238,Holdings SPY
2025,Capital One Financial Corp.,COF,0.238,Holdings SPY
2025,"Honeywell International, Inc.",HON,0.234,Holdings SPY
2025,Stryker Corp.,SYK,0.223,Holdings SPY
2025,Danaher Corp.,DHR,0.221,Holdings SPY
2025,"Blackstone, Inc.",BX,0.221,Holdings SPY
2025,"Crowdstrike Holdings, Inc. Class A ",CRWD,0.214,Holdings SPY
2025,Medtronic PLC,MDT,0.214,Holdings SPY
2025,"Analog Devices, Inc.",ADI,0.214,Holdings SPY
2025,"Welltower, Inc. REIT",WELL,0.209,Holdings SPY
2025,"Automatic Data Processing, Inc.",ADP,0.208,Holdings SPY
2025,ConocoPhillips,COP,0.207,Holdings SPY
2025,"T-Mobile U.S., Inc.",TMUS,0.203,Holdings SPY
2025,Comcast Corp. Class A,CMCSA,0.203,Holdings SPY
2025,Deere & Co.,DE,0.202,Holdings SPY
2025,"Altria Group, Inc.",MO,0.195,Holdings SPY
2025,"Robinhood Markets, Inc. Class A ",HOOD,0.194,Holdings SPY
2025,"Prologis, Inc. REIT",PLD,0.186,Holdings SPY
2025,Chubb Ltd.,CB,0.183,Holdings SPY
2025,Southern Co.,SO,0.183,Holdings SPY
2025,Constellation Energy Corp.,CEG,0.18,Holdings SPY
2025,Lockheed Martin Corp.,LMT,0.18,Holdings SPY
2025,"DoorDash, Inc. Class A ",DASH,0.176,Holdings SPY
2025,"Vertex Pharmaceuticals, Inc. ",VRTX,0.176,Holdings SPY
2025,"Marsh & McLennan Cos., Inc.",MRSH,0.174,Holdings SPY
2025,"CME Group, Inc.",CME,0.171,Holdings SPY
2025,Parker-Hannifin Corp.,PH,0.17,Holdings SPY
2025,"Intercontinental Exchange, Inc. ",ICE,0.169,Holdings SPY
2025,Duke Energy Corp.,DUK,0.169,Holdings SPY
2025,Starbucks Corp.,SBUX,0.169,Holdings SPY
2025,McKesson Corp.,MCK,0.168,Holdings SPY
2025,CVS Health Corp.,CVS,0.168,Holdings SPY
2025,"Cadence Design Systems, Inc. ",CDNS,0.168,Holdings SPY
2025,Trane Technologies PLC,TT,0.165,Holdings SPY
2025,Newmont Corp.,NEM,0.162,Holdings SPY
2025,Bristol-Myers Squibb Co.,BMY,0.161,Holdings SPY
2025,"O'Reilly Automotive, Inc. ",ORLY,0.16,Holdings SPY
2025,"Synopsys, Inc. ",SNPS,0.16,Holdings SPY
2025,American Tower Corp. REIT,AMT,0.158,Holdings SPY
2025,"KKR & Co., Inc.",KKR,0.156,Holdings SPY
2025,General Dynamics Corp.,GD,0.151,Holdings SPY
2025,"NIKE, Inc. Class B",NKE,0.145,Holdings SPY
2025,3M Co.,MMM,0.145,Holdings SPY
2025,Northrop Grumman Corp.,NOC,0.144,Holdings SPY
2025,"Waste Management, Inc.",WM,0.143,Holdings SPY
2025,Royal Caribbean Cruises Ltd.,RCL,0.143,Holdings SPY
2025,"Mondelez International, Inc. Class A",MDLZ,0.142,Holdings SPY
2025,Sherwin-Williams Co.,SHW,0.141,Holdings SPY
2025,Arthur J Gallagher & Co.,AJG,0.139,Holdings SPY
2025,"PNC Financial Services Group, Inc.",PNC,0.139,Holdings SPY
2025,"Howmet Aerospace, Inc.",HWM,0.139,Holdings SPY
2025,"Williams Cos., Inc.",WMB,0.136,Holdings SPY
2025,Cigna Group,CI,0.135,Holdings SPY
2025,Aon PLC Class A,AON,0.135,Holdings SPY
2025,Bank of New York Mellon Corp.,BK,0.135,Holdings SPY
2025,"Equinix, Inc. REIT",EQIX,0.134,Holdings SPY
2025,"Coinbase Global, Inc. Class A ",COIN,0.134,Holdings SPY
2025,"Motorola Solutions, Inc.",MSI,0.134,Holdings SPY
2025,U.S. Bancorp,USB,0.132,Holdings SPY
2025,"TransDigm Group, Inc.",TDG,0.13,Holdings SPY
2025,Emerson Electric Co.,EMR,0.129,Holdings SPY
2025,Moody's Corp.,MCO,0.129,Holdings SPY
2025,"Elevance Health, Inc.",ELV,0.127,Holdings SPY
2025,Johnson Controls International PLC,JCI,0.126,Holdings SPY
2025,"AutoZone, Inc. ",AZO,0.126,Holdings SPY
2025,Cintas Corp.,CTAS,0.123,Holdings SPY
2025,"Fiserv, Inc. ",FISV,0.123,Holdings SPY
2025,"Ecolab, Inc.",ECL,0.122,Holdings SPY
2025,"HCA Healthcare, Inc.",HCA,0.122,Holdings SPY
2025,"Illinois Tool Works, Inc.",ITW,0.121,Holdings SPY
2025,"Autodesk, Inc. ",ADSK,0.119,Holdings SPY
2025,Norfolk Southern Corp.,NSC,0.118,Holdings SPY
2025,CSX Corp.,CSX,0.116,Holdings SPY
2025,TE Connectivity PLC,TEL,0.114,Holdings SPY
2025,"Zoetis, Inc.",ZTS,0.114,Holdings SPY
2025,Colgate-Palmolive Co.,CL,0.113,Holdings SPY
2025,"PayPal Holdings, Inc. ",PYPL,0.112,Holdings SPY
2025,"Corning, Inc.",GLW,0.112,Holdings SPY
2025,"Travelers Cos., Inc.",TRV,0.11,Holdings SPY
2025,Vistra Corp.,VST,0.109,Holdings SPY
2025,"Quanta Services, Inc.",PWR,0.108,Holdings SPY
2025,"United Parcel Service, Inc. Class B",UPS,0.108,Holdings SPY
2025,"EOG Resources, Inc.",EOG,0.108,Holdings SPY
2025,"United Rentals, Inc.",URI,0.108,Holdings SPY
2025,"Apollo Global Management, Inc.",APO,0.107,Holdings SPY
2025,"Simon Property Group, Inc. REIT",SPG,0.107,Holdings SPY
2025,"Hilton Worldwide Holdings, Inc.",HLT,0.107,Holdings SPY
2025,"Air Products & Chemicals, Inc.",APD,0.106,Holdings SPY
2025,"Cencora, Inc.",COR,0.106,Holdings SPY
2025,"American Electric Power Co., Inc.",AEP,0.106,Holdings SPY
2025,Truist Financial Corp.,TFC,0.103,Holdings SPY
2025,Sempra,SRE,0.103,Holdings SPY
2025,"Marriott International, Inc. Class A",MAR,0.103,Holdings SPY
2025,Marathon Petroleum Corp.,MPC,0.103,Holdings SPY
2025,"Cummins, Inc.",CMI,0.102,Holdings SPY
2025,General Motors Co.,GM,0.102,Holdings SPY
2025,NXP Semiconductors NV,NXPI,0.101,Holdings SPY
2025,"L3Harris Technologies, Inc.",LHX,0.1,Holdings SPY
2025,"Regeneron Pharmaceuticals, Inc.",REGN,0.1,Holdings SPY
2025,Allstate Corp.,ALL,0.099,Holdings SPY
2025,"Axon Enterprise, Inc. ",AXON,0.099,Holdings SPY
2025,"Freeport-McMoRan, Inc.",FCX,0.099,Holdings SPY
2025,Fastenal Co.,FAST,0.099,Holdings SPY
2025,Realty Income Corp. REIT,O,0.097,Holdings SPY
2025,"Digital Realty Trust, Inc. REIT",DLR,0.097,Holdings SPY
2025,"Kinder Morgan, Inc.",KMI,0.097,Holdings SPY
2025,Phillips 66 Co.,PSX,0.096,Holdings SPY
2025,"Fortinet, Inc. ",FTNT,0.096,Holdings SPY
2025,Becton Dickinson & Co.,BDX,0.094,Holdings SPY
2025,"Roper Technologies, Inc.",ROP,0.094,Holdings SPY
2025,"Aflac, Inc.",AFL,0.094,Holdings SPY
2025,Valero Energy Corp.,VLO,0.093,Holdings SPY
2025,"Chipotle Mexican Grill, Inc. ",CMG,0.092,Holdings SPY
2025,"Dominion Energy, Inc.",D,0.092,Holdings SPY
2025,"Airbnb, Inc. Class A ",ABNB,0.091,Holdings SPY
2025,"Workday, Inc. Class A ",WDAY,0.091,Holdings SPY
2025,"PACCAR, Inc.",PCAR,0.091,Holdings SPY
2025,Schlumberger NV,SLB,0.09,Holdings SPY
2025,FedEx Corp.,FDX,0.09,Holdings SPY
2025,"IDEXX Laboratories, Inc. ",IDXX,0.09,Holdings SPY
2025,Seagate Technology Holdings PLC,STX,0.088,Holdings SPY
2025,"Ross Stores, Inc.",ROST,0.087,Holdings SPY
2025,"Warner Bros Discovery, Inc. ",WBD,0.085,Holdings SPY
2025,Baker Hughes Co.,BKR,0.084,Holdings SPY
2025,Monster Beverage Corp. ,MNST,0.084,Holdings SPY
2025,Carrier Global Corp.,CARR,0.084,Holdings SPY
2025,"Xcel Energy, Inc.",XEL,0.084,Holdings SPY
2025,"DR Horton, Inc.",DHI,0.082,Holdings SPY
2025,Ford Motor Co.,F,0.082,Holdings SPY
2025,"Republic Services, Inc.",RSG,0.082,Holdings SPY
2025,"Ameriprise Financial, Inc.",AMP,0.081,Holdings SPY
2025,"CBRE Group, Inc. Class A ",CBRE,0.081,Holdings SPY
2025,"Datadog, Inc. Class A ",DDOG,0.081,Holdings SPY
2025,"MetLife, Inc.",MET,0.081,Holdings SPY
2025,"ONEOK, Inc.",OKE,0.081,Holdings SPY
2025,"Corteva, Inc.",CTVA,0.08,Holdings SPY
2025,Edwards Lifesciences Corp. ,EW,0.08,Holdings SPY
2025,Public Storage REIT,PSA,0.08,Holdings SPY
2025,Exelon Corp.,EXC,0.08,Holdings SPY
2025,"Electronic Arts, Inc.",EA,0.08,Holdings SPY
2025,"Take-Two Interactive Software, Inc. ",TTWO,0.078,Holdings SPY
2025,"Monolithic Power Systems, Inc.",MPWR,0.078,Holdings SPY
2025,"MSCI, Inc.",MSCI,0.077,Holdings SPY
2025,"AMETEK, Inc.",AME,0.076,Holdings SPY
2025,"American International Group, Inc.",AIG,0.076,Holdings SPY
2025,"Dell Technologies, Inc. Class C",DELL,0.075,Holdings SPY
2025,"Crown Castle, Inc. REIT",CCI,0.074,Holdings SPY
2025,"Yum! Brands, Inc.",YUM,0.074,Holdings SPY
2025,"WW Grainger, Inc.",GWW,0.074,Holdings SPY
2025,"Public Service Enterprise Group, Inc.",PEG,0.073,Holdings SPY
2025,Western Digital Corp.,WDC,0.073,Holdings SPY
2025,Entergy Corp.,ETR,0.073,Holdings SPY
2025,"eBay, Inc.",EBAY,0.073,Holdings SPY
2025,Kimberly-Clark Corp.,KMB,0.072,Holdings SPY
2025,Kroger Co.,KR,0.072,Holdings SPY
2025,"Paychex, Inc.",PAYX,0.072,Holdings SPY
2025,Vulcan Materials Co.,VMC,0.072,Holdings SPY
2025,Target Corp.,TGT,0.071,Holdings SPY
2025,Garmin Ltd.,GRMN,0.071,Holdings SPY
2025,"Nasdaq, Inc.",NDAQ,0.07,Holdings SPY
2025,"ResMed, Inc.",RMD,0.07,Holdings SPY
2025,"Copart, Inc. ",CPRT,0.07,Holdings SPY
2025,"Block, Inc. ",XYZ,0.07,Holdings SPY
2025,Sysco Corp.,SYY,0.069,Holdings SPY
2025,"Rockwell Automation, Inc.",ROK,0.069,Holdings SPY
2025,"Martin Marietta Materials, Inc.",MLM,0.067,Holdings SPY
2025,"Hartford Insurance Group, Inc.",HIG,0.066,Holdings SPY
2025,"Cardinal Health, Inc.",CAH,0.066,Holdings SPY
2025,"WEC Energy Group, Inc.",WEC,0.065,Holdings SPY
2025,"Delta Air Lines, Inc.",DAL,0.064,Holdings SPY
2025,"Prudential Financial, Inc.",PRU,0.064,Holdings SPY
2025,"Agilent Technologies, Inc.",A,0.064,Holdings SPY
2025,"Consolidated Edison, Inc.",ED,0.063,Holdings SPY
2025,"Xylem, Inc.",XYL,0.063,Holdings SPY
2025,Targa Resources Corp.,TRGP,0.063,Holdings SPY
2025,Fair Isaac Corp. ,FICO,0.063,Holdings SPY
2025,Otis Worldwide Corp.,OTIS,0.063,Holdings SPY
2025,"CoStar Group, Inc. ",CSGP,0.063,Holdings SPY
2025,"Verisk Analytics, Inc.",VRSK,0.062,Holdings SPY
2025,"Keurig Dr. Pepper, Inc.",KDP,0.061,Holdings SPY
2025,"Microchip Technology, Inc.",MCHP,0.061,Holdings SPY
2025,"VICI Properties, Inc. REIT",VICI,0.061,Holdings SPY
2025,Westinghouse Air Brake Technologies Corp.,WAB,0.06,Holdings SPY
2025,"Fidelity National Information Services, Inc.",FIS,0.06,Holdings SPY
2025,"GE HealthCare Technologies, Inc.",GEHC,0.06,Holdings SPY
2025,EQT Corp.,EQT,0.059,Holdings SPY
2025,Occidental Petroleum Corp.,OXY,0.059,Holdings SPY
2025,Arch Capital Group Ltd.,ACGL,0.059,Holdings SPY
2025,Willis Towers Watson PLC,WTW,0.059,Holdings SPY
2025,PG&E Corp.,PCG,0.058,Holdings SPY
2025,State Street Corp. (c),STT,0.058,Holdings SPY
2025,"DuPont de Nemours, Inc.",DD,0.057,Holdings SPY
2025,Cognizant Technology Solutions Corp. Class A,CTSH,0.057,Holdings SPY
2025,Hewlett Packard Enterprise Co.,HPE,0.057,Holdings SPY
2025,"IQVIA Holdings, Inc. ",IQV,0.057,Holdings SPY
2025,"Ventas, Inc. REIT",VTR,0.056,Holdings SPY
2025,"Equifax, Inc.",EFX,0.056,Holdings SPY
2025,Carnival Corp. ,CCL,0.055,Holdings SPY
2025,"Kenvue, Inc.",KVUE,0.055,Holdings SPY
2025,"NRG Energy, Inc.",NRG,0.055,Holdings SPY
2025,"Humana, Inc.",HUM,0.055,Holdings SPY
2025,"United Airlines Holdings, Inc. ",UAL,0.055,Holdings SPY
2025,Nucor Corp.,NUE,0.054,Holdings SPY
2025,M&T Bank Corp.,MTB,0.054,Holdings SPY
2025,"Interactive Brokers Group, Inc. Class A",IBKR,0.054,Holdings SPY
2025,"Raymond James Financial, Inc.",RJF,0.054,Holdings SPY
2025,"Iron Mountain, Inc. REIT",IRM,0.053,Holdings SPY
2025,Tractor Supply Co.,TSCO,0.053,Holdings SPY
2025,"Extra Space Storage, Inc. REIT",EXR,0.053,Holdings SPY
2025,"Keysight Technologies, Inc. ",KEYS,0.053,Holdings SPY
2025,"Ingersoll Rand, Inc.",IR,0.052,Holdings SPY
2025,DTE Energy Co.,DTE,0.052,Holdings SPY
2025,Fifth Third Bancorp,FITB,0.052,Holdings SPY
2025,"EMCOR Group, Inc.",EME,0.051,Holdings SPY
2025,Archer-Daniels-Midland Co.,ADM,0.051,Holdings SPY
2025,Lennar Corp. Class A,LEN,0.05,Holdings SPY
2025,Ameren Corp.,AEE,0.05,Holdings SPY
2025,"Broadridge Financial Solutions, Inc.",BR,0.049,Holdings SPY
2025,Hershey Co.,HSY,0.049,Holdings SPY
2025,"Teledyne Technologies, Inc. ",TDY,0.049,Holdings SPY
2025,"AvalonBay Communities, Inc. REIT",AVB,0.048,Holdings SPY
2025,PPL Corp.,PPL,0.048,Holdings SPY
2025,"Brown & Brown, Inc.",BRO,0.048,Holdings SPY
2025,"American Water Works Co., Inc.",AWK,0.048,Holdings SPY
2025,Atmos Energy Corp.,ATO,0.048,Holdings SPY
2025,"Diamondback Energy, Inc.",FANG,0.047,Holdings SPY
2025,"General Mills, Inc.",GIS,0.047,Holdings SPY
2025,"Dexcom, Inc. ",DXCM,0.047,Holdings SPY
2025,Veralto Corp.,VLTO,0.047,Holdings SPY
2025,Synchrony Financial,SYF,0.046,Holdings SPY
2025,Eversource Energy,ES,0.046,Holdings SPY
2025,"PulteGroup, Inc.",PHM,0.046,Holdings SPY
2025,"Old Dominion Freight Line, Inc.",ODFL,0.046,Holdings SPY
2025,"Live Nation Entertainment, Inc. ",LYV,0.045,Holdings SPY
2025,"Cboe Global Markets, Inc.",CBOE,0.045,Holdings SPY
2025,Northern Trust Corp.,NTRS,0.045,Holdings SPY
2025,"HP, Inc.",HPQ,0.045,Holdings SPY
2025,"Charter Communications, Inc. Class A ",CHTR,0.045,Holdings SPY
2025,"CenterPoint Energy, Inc.",CNP,0.045,Holdings SPY
2025,Expand Energy Corp.,EXE,0.044,Holdings SPY
2025,"Mettler-Toledo International, Inc. ",MTD,0.044,Holdings SPY
2025,"Expedia Group, Inc.",EXPE,0.044,Holdings SPY
2025,Cincinnati Financial Corp.,CINF,0.044,Holdings SPY
2025,International Paper Co.,IP,0.043,Holdings SPY
2025,"Ulta Beauty, Inc. ",ULTA,0.043,Holdings SPY
2025,STERIS PLC,STE,0.043,Holdings SPY
2025,"PTC, Inc. ",PTC,0.043,Holdings SPY
2025,"Williams-Sonoma, Inc.",WSM,0.042,Holdings SPY
2025,"Leidos Holdings, Inc.",LDOS,0.042,Holdings SPY
2025,"Super Micro Computer, Inc. ",SMCI,0.042,Holdings SPY
2025,"Labcorp Holdings, Inc.",LH,0.042,Holdings SPY
2025,"First Solar, Inc. ",FSLR,0.042,Holdings SPY
2025,"PPG Industries, Inc.",PPG,0.042,Holdings SPY
2025,"NetApp, Inc.",NTAP,0.041,Holdings SPY
2025,FirstEnergy Corp.,FE,0.041,Holdings SPY
2025,"Tapestry, Inc.",TPR,0.041,Holdings SPY
2025,"VeriSign, Inc.",VRSN,0.041,Holdings SPY
2025,"Jabil, Inc.",JBL,0.041,Holdings SPY
2025,Regions Financial Corp.,RF,0.041,Holdings SPY
2025,"NVR, Inc. ",NVR,0.041,Holdings SPY
2025,"Citizens Financial Group, Inc.",CFG,0.041,Holdings SPY
2025,W.R. Berkley Corp.,WRB,0.04,Holdings SPY
2025,Dover Corp.,DOV,0.04,Holdings SPY
2025,"Hubbell, Inc.",HUBB,0.04,Holdings SPY
2025,Dollar General Corp.,DG,0.04,Holdings SPY
2025,"Tyler Technologies, Inc. ",TYL,0.04,Holdings SPY
2025,"T. Rowe Price Group, Inc.",TROW,0.039,Holdings SPY
2025,Equity Residential REIT,EQR,0.039,Holdings SPY
2025,"Darden Restaurants, Inc.",DRI,0.039,Holdings SPY
2025,Kellanova,K,0.039,Holdings SPY
2025,Devon Energy Corp.,DVN,0.039,Holdings SPY
2025,Smurfit WestRock PLC,SW,0.039,Holdings SPY
2025,Kraft Heinz Co.,KHC,0.039,Holdings SPY
2025,CMS Energy Corp.,CMS,0.039,Holdings SPY
2025,"Trade Desk, Inc. Class A ",TTD,0.039,Holdings SPY
2025,Insulet Corp. ,PODD,0.038,Holdings SPY
2025,"Teradyne, Inc.",TER,0.038,Holdings SPY
2025,"Quest Diagnostics, Inc.",DGX,0.038,Holdings SPY
2025,"Church & Dwight Co., Inc.",CHD,0.037,Holdings SPY
2025,Edison International,EIX,0.037,Holdings SPY
2025,Halliburton Co.,HAL,0.037,Holdings SPY
2025,SBA Communications Corp. REIT,SBAC,0.037,Holdings SPY
2025,CDW Corp.,CDW,0.037,Holdings SPY
2025,"Estee Lauder Cos., Inc. Class A",EL,0.036,Holdings SPY
2025,"Biogen, Inc. ",BIIB,0.036,Holdings SPY
2025,"NiSource, Inc.",NI,0.036,Holdings SPY
2025,"Corpay, Inc. ",CPAY,0.036,Holdings SPY
2025,ON Semiconductor Corp. ,ON,0.035,Holdings SPY
2025,"Global Payments, Inc.",GPN,0.035,Holdings SPY
2025,"Gartner, Inc. ",IT,0.035,Holdings SPY
2025,"Trimble, Inc. ",TRMB,0.034,Holdings SPY
2025,Packaging Corp. of America,PKG,0.034,Holdings SPY
2025,"Zimmer Biomet Holdings, Inc.",ZBH,0.034,Holdings SPY
2025,"Steel Dynamics, Inc.",STLD,0.034,Holdings SPY
2025,Genuine Parts Co.,GPC,0.034,Holdings SPY
2025,"Lululemon Athletica, Inc. ",LULU,0.034,Holdings SPY
2025,"Constellation Brands, Inc. Class A",STZ,0.034,Holdings SPY
2025,Aptiv PLC ,APTV,0.033,Holdings SPY
2025,"GoDaddy, Inc. Class A ",GDDY,0.033,Holdings SPY
2025,Amcor PLC,AMCR,0.033,Holdings SPY
2025,"West Pharmaceutical Services, Inc.",WST,0.033,Holdings SPY
2025,"F5, Inc. ",FFIV,0.033,Holdings SPY
2025,"Snap-on, Inc.",SNA,0.032,Holdings SPY
2025,"Dollar Tree, Inc. ",DLTR,0.032,Holdings SPY
2025,"Coterra Energy, Inc.",CTRA,0.032,Holdings SPY
2025,"Jacobs Solutions, Inc.",J,0.032,Holdings SPY
2025,Pentair PLC,PNR,0.032,Holdings SPY
2025,Texas Pacific Land Corp.,TPL,0.031,Holdings SPY
2025,Waters Corp. ,WAT,0.031,Holdings SPY
2025,Weyerhaeuser Co. REIT,WY,0.031,Holdings SPY
2025,"Evergy, Inc.",EVRG,0.031,Holdings SPY
2025,Alliant Energy Corp.,LNT,0.031,Holdings SPY
2025,KeyCorp,KEY,0.03,Holdings SPY
2025,"Essex Property Trust, Inc. REIT",ESS,0.03,Holdings SPY
2025,"Lennox International, Inc.",LII,0.03,Holdings SPY
2025,Loews Corp.,L,0.03,Holdings SPY
2025,"McCormick & Co., Inc.",MKC,0.03,Holdings SPY
2025,Fortive Corp.,FTV,0.029,Holdings SPY
2025,"Principal Financial Group, Inc.",PFG,0.029,Holdings SPY
2025,Southwest Airlines Co.,LUV,0.029,Holdings SPY
2025,"Rollins, Inc.",ROL,0.029,Holdings SPY
2025,Centene Corp. ,CNC,0.029,Holdings SPY
2025,"Expeditors International of Washington, Inc.",EXPD,0.029,Holdings SPY
2025,Las Vegas Sands Corp.,LVS,0.029,Holdings SPY
2025,"Invitation Homes, Inc. REIT",INVH,0.029,Holdings SPY
2025,"Mid-America Apartment Communities, Inc. REIT",MAA,0.029,Holdings SPY
2025,"Dow, Inc.",DOW,0.029,Holdings SPY
2025,"Omnicom Group, Inc.",OMC,0.028,Holdings SPY
2025,"Gen Digital, Inc.",GEN,0.028,Holdings SPY
2025,"International Flavors & Fragrances, Inc.",IFF,0.028,Holdings SPY
2025,"CH Robinson Worldwide, Inc.",CHRW,0.027,Holdings SPY
2025,"Tyson Foods, Inc. Class A",TSN,0.027,Holdings SPY
2025,"Textron, Inc.",TXT,0.027,Holdings SPY
2025,Allegion PLC,ALLE,0.027,Holdings SPY
2025,"Hologic, Inc. ",HOLX,0.027,Holdings SPY
2025,Zebra Technologies Corp. Class A ,ZBRA,0.027,Holdings SPY
2025,Clorox Co.,CLX,0.027,Holdings SPY
2025,Deckers Outdoor Corp. ,DECK,0.026,Holdings SPY
2025,Everest Group Ltd.,EG,0.026,Holdings SPY
2025,Kimco Realty Corp. REIT,KIM,0.026,Holdings SPY
2025,"Best Buy Co., Inc.",BBY,0.026,Holdings SPY
2025,Masco Corp.,MAS,0.026,Holdings SPY
2025,"CF Industries Holdings, Inc.",CF,0.026,Holdings SPY
2025,"TKO Group Holdings, Inc.",TKO,0.024,Holdings SPY
2025,"Cooper Cos., Inc. ",COO,0.024,Holdings SPY
2025,Incyte Corp. ,INCY,0.024,Holdings SPY
2025,Ball Corp.,BALL,0.024,Holdings SPY
2025,"Builders FirstSource, Inc. ",BLDR,0.024,Holdings SPY
2025,"Healthpeak Properties, Inc. REIT",DOC,0.024,Holdings SPY
2025,"Domino's Pizza, Inc.",DPZ,0.024,Holdings SPY
2025,Fox Corp. Class A,FOX,0.023,Holdings SPY
2025,"Alexandria Real Estate Equities, Inc. REIT",ARE,0.023,Holdings SPY
2025,Avery Dennison Corp.,AVY,0.022,Holdings SPY
2025,LyondellBasell Industries NV Class A,LYB,0.022,Holdings SPY
2025,Nordson Corp.,NDSN,0.022,Holdings SPY
2025,IDEX Corp.,IEX,0.022,Holdings SPY
2025,Ralph Lauren Corp.,RL,0.021,Holdings SPY
2025,Regency Centers Corp. REIT,REG,0.021,Holdings SPY
2025,"Universal Health Services, Inc. Class B",UHS,0.021,Holdings SPY
2025,"Baxter International, Inc.",BAX,0.021,Holdings SPY
2025,News Corp. Class A,NWS,0.021,Holdings SPY
2025,"Viatris, Inc.",VTRS,0.021,Holdings SPY
2025,J.M. Smucker Co.,SJM,0.02,Holdings SPY
2025,"Skyworks Solutions, Inc.",SWKS,0.02,Holdings SPY
2025,"Stanley Black & Decker, Inc.",SWK,0.02,Holdings SPY
2025,"Globe Life, Inc.",GL,0.02,Holdings SPY
2025,Camden Property Trust REIT,CPT,0.02,Holdings SPY
2025,"Huntington Ingalls Industries, Inc.",HII,0.02,Holdings SPY
2025,Bunge Global SA,BG,0.02,Holdings SPY
2025,"UDR, Inc. REIT",UDR,0.02,Holdings SPY
2025,Mosaic Co.,MOS,0.019,Holdings SPY
2025,Norwegian Cruise Line Holdings Ltd. ,NCLH,0.019,Holdings SPY
2025,"Dayforce, Inc. ",DAY,0.019,Holdings SPY
2025,"FactSet Research Systems, Inc.",FDS,0.019,Holdings SPY
2025,"Jack Henry & Associates, Inc.",JKHY,0.019,Holdings SPY
2025,"Assurant, Inc.",AIZ,0.019,Holdings SPY
2025,"BXP, Inc. REIT",BXP,0.019,Holdings SPY
2025,"Host Hotels & Resorts, Inc. REIT",HST,0.019,Holdings SPY
2025,"Akamai Technologies, Inc. ",AKAM,0.019,Holdings SPY
2025,Solventum Corp. ,SOLV,0.019,Holdings SPY
2025,Pinnacle West Capital Corp.,PNW,0.019,Holdings SPY
2025,Wynn Resorts Ltd.,WYNN,0.019,Holdings SPY
2025,"Interpublic Group of Cos., Inc.",IPG,0.018,Holdings SPY
2025,"Molina Healthcare, Inc. ",MOH,0.018,Holdings SPY
2025,Invesco Ltd.,IVZ,0.018,Holdings SPY
2025,"Revvity, Inc.",RVTY,0.018,Holdings SPY
2025,"Paycom Software, Inc.",PAYC,0.018,Holdings SPY
2025,"JB Hunt Transport Services, Inc.",JBHT,0.018,Holdings SPY
2025,Pool Corp.,POOL,0.018,Holdings SPY
2025,"Hasbro, Inc.",HAS,0.018,Holdings SPY
2025,"Generac Holdings, Inc. ",GNRC,0.018,Holdings SPY
2025,Albemarle Corp.,ALB,0.017,Holdings SPY
2025,AES Corp.,AES,0.017,Holdings SPY
2025,Bio-Techne Corp.,TECH,0.016,Holdings SPY
2025,APA Corp.,APA,0.015,Holdings SPY
2025,"Moderna, Inc. ",MRNA,0.015,Holdings SPY
2025,"Conagra Brands, Inc.",CAG,0.015,Holdings SPY
2025,"EPAM Systems, Inc. ",EPAM,0.015,Holdings SPY
2025,A.O. Smith Corp.,AOS,0.015,Holdings SPY
2025,"Align Technology, Inc. ",ALGN,0.015,Holdings SPY
2025,"Match Group, Inc.",MTCH,0.015,Holdings SPY
2025,Fox Corp. Class B,FOX,0.015,Holdings SPY
2025,"Lamb Weston Holdings, Inc.",LW,0.015,Holdings SPY
2025,Erie Indemnity Co. Class A,ERIE,0.014,Holdings SPY
2025,LKQ Corp.,LKQ,0.014,Holdings SPY
2025,Federal Realty Investment Trust REIT,FRT,0.014,Holdings SPY
2025,Molson Coors Beverage Co. Class B,TAP,0.014,Holdings SPY
2025,"Charles River Laboratories International, Inc. ",CRL,0.014,Holdings SPY
2025,Eastman Chemical Co.,EMN,0.013,Holdings SPY
2025,Hormel Foods Corp.,HRL,0.013,Holdings SPY
2025,MGM Resorts International ,MGM,0.013,Holdings SPY
2025,"Franklin Resources, Inc.",BEN,0.013,Holdings SPY
2025,"CarMax, Inc. ",KMX,0.012,Holdings SPY
2025,"Mohawk Industries, Inc. ",MHK,0.012,Holdings SPY
2025,"Henry Schein, Inc. ",HSIC,0.012,Holdings SPY
2025,Campbell's Co.,CPB,0.011,Holdings SPY
2025,Paramount Skydance Corp. Class B,PSKY,0.01,Holdings SPY
2025,Brown-Forman Corp. Class B,BF.B,0.009,Holdings SPY
2025,"DaVita, Inc. ",DVA,0.008,Holdings SPY
2025,News Corp. Class B,NWS,0.007,Holdings SPY
2026,NVIDIA CORP,NVDA,8.158692,Holdings SPY
2026,APPLE INC,AAPL,7.440639,Holdings SPY
2026,MICROSOFT CORP,MSFT,5.56136,Holdings SPY
2026,AMAZON.COM INC,AMZN,3.777349,Holdings SPY
2026,ALPHABET INC CL A,GOOGL,3.110956,Holdings SPY
2026,BROADCOM INC,AVGO,2.575973,Holdings SPY
2026,ALPHABET INC CL C,GOOG,2.483125,Holdings SPY
2026,META PLATFORMS INC CLASS A,META,2.225033,Holdings SPY
2026,MICRON TECHNOLOGY INC,MU,1.740161,Holdings SPY
2026,TESLA INC,TSLA,1.556985,Holdings SPY
2026,BERKSHIRE HATHAWAY INC CL B,BRK.B,1.440074,Holdings SPY
2026,JPMORGAN CHASE + CO,JPM,1.409668,Holdings SPY
2026,ELI LILLY + CO,LLY,1.399288,Holdings SPY
2026,ADVANCED MICRO DEVICES,AMD,1.386003,Holdings SPY
2026,EXXONMOBIL HOLDINGS CORP,XOM,1.019807,Holdings SPY
2026,JOHNSON + JOHNSON,JNJ,0.986724,Holdings SPY
2026,VISA INC CLASS A SHARES,V,0.951972,Holdings SPY
2026,INTEL CORP,INTC,0.818519,Holdings SPY
2026,WALMART INC,WMT,0.72147,Holdings SPY
2026,ABBVIE INC,ABBV,0.70732,Holdings SPY
2026,MASTERCARD INC   A,MA,0.693265,Holdings SPY
2026,CISCO SYSTEMS INC,CSCO,0.654504,Holdings SPY
2026,CHEVRON CORP,CVX,0.62788,Holdings SPY
2026,PALANTIR TECHNOLOGIES INC A,PLTR,0.619922,Holdings SPY
2026,COSTCO WHOLESALE CORP,COST,0.602054,Holdings SPY
2026,BANK OF AMERICA CORP,BAC,0.569268,Holdings SPY
2026,CATERPILLAR INC,CAT,0.563871,Holdings SPY
2026,MERCK + CO. INC.,MRK,0.549428,Holdings SPY
2026,LAM RESEARCH CORP,LRCX,0.546839,Holdings SPY
2026,APPLIED MATERIALS INC,AMAT,0.535183,Holdings SPY
2026,COCA COLA CO/THE,KO,0.518145,Holdings SPY
2026,PROCTER + GAMBLE CO/THE,PG,0.515937,Holdings SPY
2026,UNITEDHEALTH GROUP INC,UNH,0.512949,Holdings SPY
2026,GENERAL ELECTRIC,GE,0.494402,Holdings SPY
2026,HOME DEPOT INC,HD,0.453829,Holdings SPY
2026,NETFLIX INC,NFLX,0.453233,Holdings SPY
2026,PALO ALTO NETWORKS INC,PANW,0.449461,Holdings SPY
2026,PHILIP MORRIS INTERNATIONAL,PM,0.44573,Holdings SPY
2026,GOLDMAN SACHS GROUP INC,GS,0.416031,Holdings SPY
2026,SANDISK CORP,SNDK,0.396791,Holdings SPY
2026,RTX CORP,RTX,0.396596,Holdings SPY
2026,WELLS FARGO + CO,WFC,0.394826,Holdings SPY
2026,ORACLE CORP,ORCL,0.38696,Holdings SPY
2026,GE VERNOVA INC,GEV,0.379676,Holdings SPY
2026,TEXAS INSTRUMENTS INC,TXN,0.369362,Holdings SPY
2026,CROWDSTRIKE HOLDINGS INC   A,CRWD,0.366889,Holdings SPY
2026,MORGAN STANLEY,MS,0.366581,Holdings SPY
2026,THERMO FISHER SCIENTIFIC INC,TMO,0.36517,Holdings SPY
2026,KLA CORP,KLAC,0.350758,Holdings SPY
2026,CITIGROUP INC,C,0.335074,Holdings SPY
2026,INTL BUSINESS MACHINES CORP,IBM,0.328035,Holdings SPY
2026,MARVELL TECHNOLOGY INC,MRVL,0.32475,Holdings SPY
2026,LINDE PLC,LIN,0.321721,Holdings SPY
2026,ARISTA NETWORKS INC,ANET,0.316599,Holdings SPY
2026,AMGEN INC,AMGN,0.316302,Holdings SPY
2026,VERIZON COMMUNICATIONS INC,VZ,0.302869,Holdings SPY
2026,SALESFORCE INC,CRM,0.295622,Holdings SPY
2026,SEAGATE TECHNOLOGY HOLDINGS,STX,0.295237,Holdings SPY
2026,AMPHENOL CORP CL A,APH,0.289879,Holdings SPY
2026,QUALCOMM INC,QCOM,0.287916,Holdings SPY
2026,GILEAD SCIENCES INC,GILD,0.282129,Holdings SPY
2026,ANALOG DEVICES INC,ADI,0.277382,Holdings SPY
2026,ABBOTT LABORATORIES,ABT,0.269318,Holdings SPY
2026,WALT DISNEY CO/THE,DIS,0.268708,Holdings SPY
2026,PEPSICO INC,PEP,0.26843,Holdings SPY
2026,MCDONALD S CORP,MCD,0.266255,Holdings SPY
2026,AT+T INC,T,0.263806,Holdings SPY
2026,DELL TECHNOLOGIES  C,DELL,0.260471,Holdings SPY
2026,DEERE + CO,DE,0.260255,Holdings SPY
2026,SCHWAB (CHARLES) CORP,SCHW,0.259316,Holdings SPY
2026,NEXTERA ENERGY INC,NEE,0.254909,Holdings SPY
2026,UNION PACIFIC CORP,UNP,0.251946,Holdings SPY
2026,EATON CORP PLC,ETN,0.250538,Holdings SPY
2026,WELLTOWER INC,WELL,0.250212,Holdings SPY
2026,AMERICAN EXPRESS CO,AXP,0.248925,Holdings SPY
2026,WESTERN DIGITAL CORP,WDC,0.241367,Holdings SPY
2026,CONOCOPHILLIPS,COP,0.240222,Holdings SPY
2026,PFIZER INC,PFE,0.239351,Holdings SPY
2026,BOEING CO/THE,BA,0.237614,Holdings SPY
2026,BLACKROCK INC,BLK,0.233703,Holdings SPY
2026,UBER TECHNOLOGIES INC,UBER,0.218422,Holdings SPY
2026,TJX COMPANIES INC,TJX,0.213207,Holdings SPY
2026,SERVICENOW INC,NOW,0.21244,Holdings SPY
2026,INTUITIVE SURGICAL INC,ISRG,0.210767,Holdings SPY
2026,US DOLLAR,-,0.20872,Holdings SPY
2026,DANAHER CORP,DHR,0.201011,Holdings SPY
2026,NEWMONT CORP,NEM,0.197046,Holdings SPY
2026,BRISTOL MYERS SQUIBB CO,BMY,0.195486,Holdings SPY
2026,VERTEX PHARMACEUTICALS INC,VRTX,0.195429,Holdings SPY
2026,PROLOGIS INC,PLD,0.194369,Holdings SPY
2026,BOOKING HOLDINGS INC,BKNG,0.191162,Holdings SPY
2026,PROGRESSIVE CORP,PGR,0.188255,Holdings SPY
2026,CAPITAL ONE FINANCIAL CORP,COF,0.188175,Holdings SPY
2026,S+P GLOBAL INC,SPGI,0.185673,Holdings SPY
2026,CHUBB LTD,CB,0.181202,Holdings SPY
2026,MARATHON PETROLEUM CORP,MPC,0.180787,Holdings SPY
2026,PARKER HANNIFIN CORP,PH,0.180603,Holdings SPY
2026,VALERO ENERGY CORP,VLO,0.180488,Holdings SPY
2026,CORNING INC,GLW,0.180464,Holdings SPY
2026,MEDTRONIC PLC,MDT,0.178684,Holdings SPY
2026,ALTRIA GROUP INC,MO,0.176196,Holdings SPY
2026,CVS HEALTH CORP,CVS,0.172346,Holdings SPY
2026,ACCENTURE PLC CL A,ACN,0.168087,Holdings SPY
2026,STARBUCKS CORP,SBUX,0.165786,Holdings SPY
2026,PHILLIPS 66,PSX,0.165115,Holdings SPY
2026,LOCKHEED MARTIN CORP,LMT,0.16439,Holdings SPY
2026,LOWE S COS INC,LOW,0.163649,Holdings SPY
2026,AUTOMATIC DATA PROCESSING,ADP,0.163434,Holdings SPY
2026,FORTINET INC,FTNT,0.158774,Holdings SPY
2026,BANK OF NEW YORK MELLON CORP,BNY,0.158077,Holdings SPY
2026,FREEPORT MCMORAN INC,FCX,0.155628,Holdings SPY
2026,MCKESSON CORP,MCK,0.154475,Holdings SPY
2026,EQUINIX INC,EQIX,0.153072,Holdings SPY
2026,CME GROUP INC,CME,0.15034,Holdings SPY
2026,ADOBE INC,ADBE,0.14989,Holdings SPY
2026,SOUTHERN CO/THE,SO,0.149224,Holdings SPY
2026,STRYKER CORP,SYK,0.145664,Holdings SPY
2026,VERTIV HOLDINGS CO A,VRT,0.145632,Holdings SPY
2026,QUANTA SERVICES INC,PWR,0.144999,Holdings SPY
2026,ROBINHOOD MARKETS INC   A,HOOD,0.143851,Holdings SPY
2026,TRANE TECHNOLOGIES PLC,TT,0.143008,Holdings SPY
2026,BLACKSTONE INC,BX,0.142276,Holdings SPY
2026,US BANCORP,USB,0.141938,Holdings SPY
2026,PNC FINANCIAL SERVICES GROUP,PNC,0.1411,Holdings SPY
2026,DUKE ENERGY CORP,DUK,0.139038,Holdings SPY
2026,HOWMET AEROSPACE INC,HWM,0.138727,Holdings SPY
2026,GENERAL DYNAMICS CORP,GD,0.136306,Holdings SPY
2026,ELEVANCE HEALTH INC,ELV,0.134983,Holdings SPY
2026,WILLIAMS COS INC,WMB,0.133803,Holdings SPY
2026,INTERCONTINENTAL EXCHANGE IN,ICE,0.132386,Holdings SPY
2026,CSX CORP,CSX,0.132151,Holdings SPY
2026,JOHNSON CONTROLS INTERNATION,JCI,0.131078,Holdings SPY
2026,3M CO,MMM,0.12957,Holdings SPY
2026,CONSTELLATION ENERGY,CEG,0.127303,Holdings SPY
2026,MARSH + MCLENNAN COS,MRSH,0.126681,Holdings SPY
2026,EMERSON ELECTRIC CO,EMR,0.126643,Holdings SPY
2026,APPLOVIN CORP CLASS A,APP,0.126612,Holdings SPY
2026,INTUIT INC,INTU,0.125604,Holdings SPY
2026,LUMENTUM HOLDINGS INC,LITE,0.125102,Holdings SPY
2026,AMERICAN TOWER CORP,AMT,0.123291,Holdings SPY
2026,T MOBILE US INC,TMUS,0.123137,Holdings SPY
2026,COMCAST CORP CLASS A,CMCSA,0.121879,Holdings SPY
2026,HEWLETT PACKARD ENTERPRISE,HPE,0.121844,Holdings SPY
2026,WASTE MANAGEMENT INC,WM,0.119031,Holdings SPY
2026,BLOOM ENERGY CORP  A,BE,0.11867,Holdings SPY
2026,TRAVELERS COS INC/THE,TRV,0.118328,Holdings SPY
2026,CADENCE DESIGN SYS INC,CDNS,0.118172,Holdings SPY
2026,MONDELEZ INTERNATIONAL INC A,MDLZ,0.117608,Holdings SPY
2026,DATADOG INC   CLASS A,DDOG,0.116798,Holdings SPY
2026,REGENERON PHARMACEUTICALS,REGN,0.116522,Holdings SPY
2026,MOTOROLA SOLUTIONS INC,MSI,0.114944,Holdings SPY
2026,SLB LTD,SLB,0.114886,Holdings SPY
2026,EOG RESOURCES INC,EOG,0.114752,Holdings SPY
2026,UNITED PARCEL SERVICE CL B,UPS,0.112504,Holdings SPY
2026,SYNOPSYS INC,SNPS,0.111812,Holdings SPY
2026,CUMMINS INC,CMI,0.110941,Holdings SPY
2026,SHERWIN WILLIAMS CO/THE,SHW,0.110817,Holdings SPY
2026,THE CIGNA GROUP,CI,0.110335,Holdings SPY
2026,DOORDASH INC   A,DASH,0.110117,Holdings SPY
2026,ROSS STORES INC,ROST,0.110064,Holdings SPY
2026,MARRIOTT INTERNATIONAL  CL A,MAR,0.109728,Holdings SPY
2026,GENERAL MOTORS CO,GM,0.109215,Holdings SPY
2026,TARGET CORP,TGT,0.109082,Holdings SPY
2026,NORTHROP GRUMMAN CORP,NOC,0.107094,Holdings SPY
2026,NORFOLK SOUTHERN CORP,NSC,0.10707,Holdings SPY
2026,ILLINOIS TOOL WORKS,ITW,0.105914,Holdings SPY
2026,WARNER BROS DISCOVERY INC,WBD,0.105871,Holdings SPY
2026,MOODY S CORP,MCO,0.105858,Holdings SPY
2026,COLGATE PALMOLIVE CO,CL,0.105767,Holdings SPY
2026,AIRBNB INC CLASS A,ABNB,0.105666,Holdings SPY
2026,HILTON WORLDWIDE HOLDINGS IN,HLT,0.104171,Holdings SPY
2026,O REILLY AUTOMOTIVE INC,ORLY,0.103944,Holdings SPY
2026,KKR + CO INC,KKR,0.103915,Holdings SPY
2026,CINTAS CORP,CTAS,0.103171,Holdings SPY
2026,ECOLAB INC,ECL,0.102925,Holdings SPY
2026,FEDEX CORP,FDX,0.101387,Holdings SPY
2026,SIMON PROPERTY GROUP INC,SPG,0.100764,Holdings SPY
2026,HONEYWELL INTERNATIONAL INC,HON,0.099505,Holdings SPY
2026,AMERICAN ELECTRIC POWER,AEP,0.099315,Holdings SPY
2026,DIGITAL REALTY TRUST INC,DLR,0.097109,Holdings SPY
2026,MONSTER BEVERAGE CORP,MNST,0.097057,Holdings SPY
2026,AIR PRODUCTS + CHEMICALS INC,APD,0.09629,Holdings SPY
2026,UNITED RENTALS INC,URI,0.095723,Holdings SPY
2026,ALLSTATE CORP,ALL,0.095624,Holdings SPY
2026,HCA HEALTHCARE INC,HCA,0.09551,Holdings SPY
2026,BOSTON SCIENTIFIC CORP,BSX,0.095074,Holdings SPY
2026,TARGA RESOURCES CORP,TRGP,0.095034,Holdings SPY
2026,AON PLC CLASS A,AON,0.094929,Holdings SPY
2026,KINDER MORGAN INC,KMI,0.094822,Holdings SPY
2026,COHERENT CORP,COHR,0.094434,Holdings SPY
2026,ARTHUR J GALLAGHER + CO,AJG,0.093101,Holdings SPY
2026,PACCAR INC,PCAR,0.092907,Holdings SPY
2026,ROYAL CARIBBEAN CRUISES LTD,RCL,0.092546,Holdings SPY
2026,MONOLITHIC POWER SYSTEMS INC,MPWR,0.090975,Holdings SPY
2026,TRANSDIGM GROUP INC,TDG,0.090862,Holdings SPY
2026,APOLLO GLOBAL MANAGEMENT INC,APO,0.090227,Holdings SPY
2026,TE CONNECTIVITY PLC,TEL,0.090206,Holdings SPY
2026,TRUIST FINANCIAL CORP,TFC,0.089783,Holdings SPY
2026,ONEOK INC,OKE,0.089564,Holdings SPY
2026,CENCORA INC,COR,0.089375,Holdings SPY
2026,TERADYNE INC,TER,0.088409,Holdings SPY
2026,COMFORT SYSTEMS USA INC,FIX,0.088244,Holdings SPY
2026,NXP SEMICONDUCTORS NV,NXPI,0.087206,Holdings SPY
2026,KEYSIGHT TECHNOLOGIES IN,KEYS,0.087184,Holdings SPY
2026,MODERNA INC,MRNA,0.086753,Holdings SPY
2026,CRH PLC,CRH,0.086738,Holdings SPY
2026,BAKER HUGHES CO,BKR,0.086409,Holdings SPY
2026,FASTENAL CO,FAST,0.085582,Holdings SPY
2026,NUCOR CORP,NUE,0.085289,Holdings SPY
2026,DOMINION ENERGY INC,D,0.085058,Holdings SPY
2026,WW GRAINGER INC,GWW,0.083251,Holdings SPY
2026,AMETEK INC,AME,0.08285,Holdings SPY
2026,CORTEVA INC,CTVA,0.081499,Holdings SPY
2026,REALTY INCOME CORP,O,0.081321,Holdings SPY
2026,DEVON ENERGY CORP,DVN,0.080909,Holdings SPY
2026,SEMPRA,SRE,0.080854,Holdings SPY
2026,CARDINAL HEALTH INC,CAH,0.07931,Holdings SPY
2026,HONEYWELL AEROSPACE INC,HONA,0.078848,Holdings SPY
2026,AFLAC INC,AFL,0.078733,Holdings SPY
2026,FORD MOTOR CO,F,0.078644,Holdings SPY
2026,METLIFE INC,MET,0.078374,Holdings SPY
2026,EDWARDS LIFESCIENCES CORP,EW,0.077307,Holdings SPY
2026,STATE STREET CORP,STT,0.076001,Holdings SPY
2026,PUBLIC STORAGE,PSA,0.075594,Holdings SPY
2026,CIENA CORP,CIEN,0.074847,Holdings SPY
2026,BECTON DICKINSON AND CO,BDX,0.074559,Holdings SPY
2026,FIFTH THIRD BANCORP,FITB,0.072762,Holdings SPY
2026,AMERIPRISE FINANCIAL INC,AMP,0.072734,Holdings SPY
2026,ENTERGY CORP,ETR,0.072204,Holdings SPY
2026,DELTA AIR LINES INC,DAL,0.071684,Holdings SPY
2026,WABTEC CORP,WAB,0.071601,Holdings SPY
2026,CARVANA CO,CVNA,0.070941,Holdings SPY
2026,AUTOZONE INC,AZO,0.070676,Holdings SPY
2026,HUMANA INC,HUM,0.070537,Holdings SPY
2026,ROCKWELL AUTOMATION INC,ROK,0.070335,Holdings SPY
2026,L3HARRIS TECHNOLOGIES INC,LHX,0.070076,Holdings SPY
2026,AUTODESK INC,ADSK,0.069675,Holdings SPY
2026,GARMIN LTD,GRMN,0.068947,Holdings SPY
2026,XCEL ENERGY INC,XEL,0.068659,Holdings SPY
2026,EBAY INC,EBAY,0.06794,Holdings SPY
2026,PAYPAL HOLDINGS INC,PYPL,0.06781,Holdings SPY
2026,VENTAS INC,VTR,0.067448,Holdings SPY
2026,CARRIER GLOBAL CORP,CARR,0.067369,Holdings SPY
2026,AGILENT TECHNOLOGIES INC,A,0.067261,Holdings SPY
2026,VISTRA CORP,VST,0.067207,Holdings SPY
2026,VIVMARK RESIDENTIAL,VMRK,0.066631,Holdings SPY
2026,IQVIA HOLDINGS INC,IQV,0.06632,Holdings SPY
2026,EXELON CORP,EXC,0.065871,Holdings SPY
2026,COINBASE GLOBAL INC  CLASS A,COIN,0.065721,Holdings SPY
2026,OCCIDENTAL PETROLEUM CORP,OXY,0.064992,Holdings SPY
2026,NIKE INC  CL B,NKE,0.064793,Holdings SPY
2026,REPUBLIC SERVICES INC,RSG,0.064627,Holdings SPY
2026,KEURIG DR PEPPER INC,KDP,0.064073,Holdings SPY
2026,CHIPOTLE MEXICAN GRILL INC,CMG,0.063968,Holdings SPY
2026,FERGUSON ENTERPRISES INC,FERG,0.062919,Holdings SPY
2026,WATERS CORP,WAT,0.062886,Holdings SPY
2026,NASDAQ INC,NDAQ,0.062654,Holdings SPY
2026,BLOCK INC,XYZ,0.062575,Holdings SPY
2026,ARCHER DANIELS MIDLAND CO,ADM,0.062442,Holdings SPY
2026,INTERACTIVE BROKERS GRO CL A,IBKR,0.062326,Holdings SPY
2026,PRUDENTIAL FINANCIAL INC,PRU,0.061759,Holdings SPY
2026,IDEXX LABORATORIES INC,IDXX,0.0614,Holdings SPY
2026,MSCI INC,MSCI,0.061217,Holdings SPY
2026,FLEX LTD,FLEX,0.060685,Holdings SPY
2026,MICROCHIP TECHNOLOGY INC,MCHP,0.060318,Holdings SPY
2026,CBRE GROUP INC   A,CBRE,0.060104,Holdings SPY
2026,AMERICAN INTERNATIONAL GROUP,AIG,0.059746,Holdings SPY
2026,DIAMONDBACK ENERGY INC,FANG,0.059663,Holdings SPY
2026,CONSOLIDATED EDISON INC,ED,0.059113,Holdings SPY
2026,VEEVA SYSTEMS INC CLASS A,VEEV,0.058983,Holdings SPY
2026,WORKDAY INC CLASS A,WDAY,0.058915,Holdings SPY
2026,NETAPP INC,NTAP,0.058871,Holdings SPY
2026,SYSCO CORP,SYY,0.057497,Holdings SPY
2026,YUM  BRANDS INC,YUM,0.05712,Holdings SPY
2026,PAYCHEX INC,PAYX,0.056196,Holdings SPY
2026,ROPER TECHNOLOGIES INC,ROP,0.055916,Holdings SPY
2026,AXON ENTERPRISE INC,AXON,0.055175,Holdings SPY
2026,ILLUMINA INC,ILMN,0.054883,Holdings SPY
2026,TAKE TWO INTERACTIVE SOFTWRE,TTWO,0.054774,Holdings SPY
2026,HARTFORD INSURANCE GROUP INC,HIG,0.053994,Holdings SPY
2026,UNITED AIRLINES HOLDINGS INC,UAL,0.05367,Holdings SPY
2026,DR HORTON INC,DHI,0.053091,Holdings SPY
2026,PUBLIC SERVICE ENTERPRISE GP,PEG,0.052885,Holdings SPY
2026,EVERPURE INC A,P,0.052508,Holdings SPY
2026,KROGER CO,KR,0.051775,Holdings SPY
2026,IRON MOUNTAIN INC,IRM,0.051743,Holdings SPY
2026,KENVUE INC,KVUE,0.051402,Holdings SPY
2026,WEC ENERGY GROUP INC,WEC,0.051116,Holdings SPY
2026,DEXCOM INC,DXCM,0.050942,Holdings SPY
2026,EMCOR GROUP INC,EME,0.05018,Holdings SPY
2026,ARCH CAPITAL GROUP LTD,ACGL,0.049742,Holdings SPY
2026,M + T BANK CORP,MTB,0.049593,Holdings SPY
2026,KIMBERLY CLARK CORP,KMB,0.049408,Holdings SPY
2026,NORTHERN TRUST CORP,NTRS,0.049368,Holdings SPY
2026,RESMED INC,RMD,0.049227,Holdings SPY
2026,OLD DOMINION FREIGHT LINE,ODFL,0.048973,Holdings SPY
2026,HUNTINGTON BANCSHARES INC,HBAN,0.048964,Holdings SPY
2026,CENTENE CORP,CNC,0.048787,Holdings SPY
2026,EXPEDIA GROUP INC,EXPE,0.048647,Holdings SPY
2026,BIOGEN INC,BIIB,0.048474,Holdings SPY
2026,STEEL DYNAMICS INC,STLD,0.048077,Holdings SPY
2026,HP INC,HPQ,0.047887,Holdings SPY
2026,JABIL INC,JBL,0.047617,Holdings SPY
2026,EQT CORP,EQT,0.047569,Holdings SPY
2026,VULCAN MATERIALS CO,VMC,0.04753,Holdings SPY
2026,CROWN CASTLE INC,CCI,0.047149,Holdings SPY
2026,MARTIN MARIETTA MATERIALS,MLM,0.044818,Holdings SPY
2026,ZOETIS INC,ZTS,0.044753,Holdings SPY
2026,P G + E CORP,PCG,0.044217,Holdings SPY
2026,GE HEALTHCARE TECHNOLOGY,GEHC,0.043937,Holdings SPY
2026,EXTRA SPACE STORAGE INC,EXR,0.043929,Holdings SPY
2026,WILLIS TOWERS WATSON PLC,WTW,0.043668,Holdings SPY
2026,CBOE GLOBAL MARKETS INC,CBOE,0.043514,Holdings SPY
2026,RAYMOND JAMES FINANCIAL INC,RJF,0.043477,Holdings SPY
2026,CITIZENS FINANCIAL GROUP,CFG,0.04312,Holdings SPY
2026,AMEREN CORPORATION,AEE,0.043023,Holdings SPY
2026,HALLIBURTON CO,HAL,0.042731,Holdings SPY
2026,METTLER TOLEDO INTERNATIONAL,MTD,0.042546,Holdings SPY
2026,TELEDYNE TECHNOLOGIES INC,TDY,0.042531,Holdings SPY
2026,CARNIVAL CORP LTD,CCL,0.042197,Holdings SPY
2026,ARES MANAGEMENT CORP   A,ARES,0.042054,Holdings SPY
2026,QUEST DIAGNOSTICS INC,DGX,0.041495,Holdings SPY
2026,ON SEMICONDUCTOR,ON,0.041324,Holdings SPY
2026,ATMOS ENERGY CORP,ATO,0.041091,Holdings SPY
2026,DOLLAR GENERAL CORP,DG,0.041052,Holdings SPY
2026,AMERICAN WATER WORKS CO INC,AWK,0.040966,Holdings SPY
2026,COGNIZANT TECH SOLUTIONS A,CTSH,0.040905,Holdings SPY
2026,DTE ENERGY COMPANY,DTE,0.040305,Holdings SPY
2026,LIVE NATION ENTERTAINMENT IN,LYV,0.040229,Holdings SPY
2026,WILLIAMS SONOMA INC,WSM,0.040152,Holdings SPY
2026,VICI PROPERTIES INC,VICI,0.039616,Holdings SPY
2026,OTIS WORLDWIDE CORP,OTIS,0.039564,Holdings SPY
2026,CORPAY INC,CPAY,0.039549,Holdings SPY
2026,CINCINNATI FINANCIAL CORP,CINF,0.039344,Holdings SPY
2026,LABCORP HOLDINGS INC,LH,0.039256,Holdings SPY
2026,WEST PHARMACEUTICAL SERVICES,WST,0.038934,Holdings SPY
2026,DOVER CORP,DOV,0.038421,Holdings SPY
2026,FISERV INC,FISV,0.038275,Holdings SPY
2026,EVERSOURCE ENERGY,ES,0.038233,Holdings SPY
2026,QNITY ELECTRONICS INC,Q,0.038203,Holdings SPY
2026,PPL CORP,PPL,0.038154,Holdings SPY
2026,XYLEM INC,XYL,0.038093,Holdings SPY
2026,CENTERPOINT ENERGY INC,CNP,0.038018,Holdings SPY
2026,EXPEDITORS INTL WASH INC,EXPD,0.037984,Holdings SPY
2026,HERSHEY CO/THE,HSY,0.037484,Holdings SPY
2026,INGERSOLL RAND INC,IR,0.037429,Holdings SPY
2026,VERISIGN INC,VRSN,0.037365,Holdings SPY
2026,COPART INC,CPRT,0.037222,Holdings SPY
2026,F5 INC,FFIV,0.037027,Holdings SPY
2026,REGIONS FINANCIAL CORP,RF,0.036995,Holdings SPY
2026,SYNCHRONY FINANCIAL,SYF,0.036835,Holdings SPY
2026,DARDEN RESTAURANTS INC,DRI,0.036044,Holdings SPY
2026,HUBBELL INC,HUBB,0.035933,Holdings SPY
2026,FIRSTENERGY CORP,FE,0.035841,Holdings SPY
2026,PPG INDUSTRIES INC,PPG,0.035434,Holdings SPY
2026,SMURFIT WESTROCK PLC,SW,0.035389,Holdings SPY
2026,ULTA BEAUTY INC,ULTA,0.03508,Holdings SPY
2026,ESTEE LAUDER COMPANIES CL A,EL,0.035033,Holdings SPY
2026,VERISK ANALYTICS INC,VRSK,0.034956,Holdings SPY
2026,VERALTO CORP,VLTO,0.034942,Holdings SPY
2026,PRINCIPAL FINANCIAL GROUP,PFG,0.034776,Holdings SPY
2026,TAPESTRY INC,TPR,0.034585,Holdings SPY
2026,CHURCH + DWIGHT CO INC,CHD,0.034061,Holdings SPY
2026,T ROWE PRICE GROUP INC,TROW,0.033945,Holdings SPY
2026,CASEY S GENERAL STORES INC,CASY,0.033648,Holdings SPY
2026,SUPER MICRO COMPUTER INC,SMCI,0.03346,Holdings SPY
2026,REDDIT INC CL A,RDDT,0.033429,Holdings SPY
2026,PULTEGROUP INC,PHM,0.03334,Holdings SPY
2026,NRG ENERGY INC,NRG,0.033264,Holdings SPY
2026,DOLLAR TREE INC,DLTR,0.032636,Holdings SPY
2026,EDISON INTERNATIONAL,EIX,0.032372,Holdings SPY
2026,INCYTE CORP,INCY,0.032362,Holdings SPY
2026,INTL FLAVORS + FRAGRANCES,IFF,0.032292,Holdings SPY
2026,KRAFT HEINZ CO/THE,KHC,0.032077,Holdings SPY
2026,FIRST SOLAR INC,FSLR,0.032002,Holdings SPY
2026,OMNICOM GROUP,OMC,0.031864,Holdings SPY
2026,DOW INC,DOW,0.031386,Holdings SPY
2026,TEXAS PACIFIC LAND CORP,TPL,0.031364,Holdings SPY
2026,PACKAGING CORP OF AMERICA,PKG,0.031345,Holdings SPY
2026,FAIR ISAAC CORP,FICO,0.031102,Holdings SPY
2026,CMS ENERGY CORP,CMS,0.031078,Holdings SPY
2026,STERIS PLC,STE,0.030585,Holdings SPY
2026,EXPAND ENERGY CORP,EXE,0.030527,Holdings SPY
2026,SOUTHWEST AIRLINES CO,LUV,0.030458,Holdings SPY
2026,VIATRIS INC,VTRS,0.029531,Holdings SPY
2026,NISOURCE INC,NI,0.029509,Holdings SPY
2026,GENERAL MILLS INC,GIS,0.029483,Holdings SPY
2026,SNAP ON INC,SNA,0.029323,Holdings SPY
2026,CF INDUSTRIES HOLDINGS INC,CF,0.029313,Holdings SPY
2026,AMCOR PLC,AMCR,0.029257,Holdings SPY
2026,SBA COMMUNICATIONS CORP,SBAC,0.028807,Holdings SPY
2026,GLOBAL PAYMENTS INC,GPN,0.028678,Holdings SPY
2026,KEYCORP,KEY,0.028631,Holdings SPY
2026,BROWN + BROWN INC,BRO,0.02838,Holdings SPY
2026,EQUIFAX INC,EFX,0.028311,Holdings SPY
2026,BROADRIDGE FINANCIAL SOLUTIO,BR,0.028214,Holdings SPY
2026,FIDELITY NATIONAL INFO SERV,FIS,0.028007,Holdings SPY
2026,EVERGY INC,EVRG,0.027981,Holdings SPY
2026,BEST BUY CO INC,BBY,0.027776,Holdings SPY
2026,INTERNATIONAL PAPER CO,IP,0.02775,Holdings SPY
2026,BUNGE GLOBAL SA,BG,0.027619,Holdings SPY
2026,ZIMMER BIOMET HOLDINGS INC,ZBH,0.027589,Holdings SPY
2026,CDW CORP/DE,CDW,0.027528,Holdings SPY
2026,C.H. ROBINSON WORLDWIDE INC,CHRW,0.027428,Holdings SPY
2026,CONSTELLATION BRANDS INC A,STZ,0.027116,Holdings SPY
2026,LOEWS CORP,L,0.026872,Holdings SPY
2026,GENUINE PARTS CO,GPC,0.026814,Holdings SPY
2026,DUPONT DE NEMOURS INC,DD,0.026613,Holdings SPY
2026,HUNT (JB) TRANSPRT SVCS INC,JBHT,0.026531,Holdings SPY
2026,ESSEX PROPERTY TRUST INC,ESS,0.026389,Holdings SPY
2026,JACOBS SOLUTIONS INC,J,0.025753,Holdings SPY
2026,TRACTOR SUPPLY COMPANY,TSCO,0.025693,Holdings SPY
2026,ALLIANT ENERGY CORP,LNT,0.025627,Holdings SPY
2026,FORTIVE CORP,FTV,0.025504,Holdings SPY
2026,IDEX CORP,IEX,0.025187,Holdings SPY
2026,NORDSON CORP,NDSN,0.02512,Holdings SPY
2026,ZEBRA TECHNOLOGIES CORP CL A,ZBRA,0.025115,Holdings SPY
2026,LEIDOS HOLDINGS INC,LDOS,0.024432,Holdings SPY
2026,LYONDELLBASELL INDU CL A,LYB,0.024413,Holdings SPY
2026,BALL CORP,BALL,0.024357,Holdings SPY
2026,REVVITY INC,RVTY,0.024343,Holdings SPY
2026,APA CORP,APA,0.024122,Holdings SPY
2026,WR BERKLEY CORP,WRB,0.024006,Holdings SPY
2026,GEN DIGITAL INC,GEN,0.023705,Holdings SPY
2026,NVR INC,NVR,0.023366,Holdings SPY
2026,KIMCO REALTY CORP,KIM,0.023112,Holdings SPY
2026,AKAMAI TECHNOLOGIES INC,AKAM,0.023111,Holdings SPY
2026,WEYERHAEUSER CO,WY,0.023097,Holdings SPY
2026,HOST HOTELS + RESORTS INC,HST,0.022696,Holdings SPY
2026,TYSON FOODS INC CL A,TSN,0.022647,Holdings SPY
2026,LENNAR CORP A,LEN,0.022262,Holdings SPY
2026,PTC INC,PTC,0.022167,Holdings SPY
2026,INVITATION HOMES INC,INVH,0.021938,Holdings SPY
2026,FEDEX FREIGHT HOLDING CO,FDXF,0.021796,Holdings SPY
2026,CHARTER COMMUNICATIONS INC A,CHTR,0.021735,Holdings SPY
2026,HEALTHPEAK PROPERTIES INC,DOC,0.021404,Holdings SPY
2026,ASSURANT INC,AIZ,0.021277,Holdings SPY
2026,MID AMERICA APARTMENT COMM,MAA,0.021051,Holdings SPY
2026,TEXTRON INC,TXT,0.021028,Holdings SPY
2026,INVESCO LTD,IVZ,0.02063,Holdings SPY
2026,GLOBE LIFE INC,GL,0.020479,Holdings SPY
2026,TRIMBLE INC,TRMB,0.02041,Holdings SPY
2026,CHARLES RIVER LABORATORIES,CRL,0.020373,Holdings SPY
2026,STANLEY BLACK + DECKER INC,SWK,0.02032,Holdings SPY
2026,SKYWORKS SOLUTIONS INC,SWKS,0.020305,Holdings SPY
2026,EVEREST GROUP LTD,EG,0.020277,Holdings SPY
2026,MASCO CORP,MAS,0.020159,Holdings SPY
2026,JM SMUCKER CO/THE,SJM,0.019947,Holdings SPY
2026,ALBEMARLE CORP,ALB,0.019869,Holdings SPY
2026,ALLEGION PLC,ALLE,0.019673,Holdings SPY
2026,ECHOSTAR CORP A,ECHO,0.019627,Holdings SPY
2026,FOX CORP   CLASS A,FOXA,0.01956,Holdings SPY
2026,AVERY DENNISON CORP,AVY,0.01951,Holdings SPY
2026,SOLVENTUM CORP,SOLV,0.019499,Holdings SPY
2026,TYLER TECHNOLOGIES INC,TYL,0.019497,Holdings SPY
2026,RALPH LAUREN CORP,RL,0.019164,Holdings SPY
2026,MCCORMICK + CO NON VTG SHRS,MKC,0.018881,Holdings SPY
2026,HASBRO INC,HAS,0.018736,Holdings SPY
2026,GODADDY INC   CLASS A,GDDY,0.018722,Holdings SPY
2026,GENERAC HOLDINGS INC,GNRC,0.018401,Holdings SPY
2026,REGENCY CENTERS CORP,REG,0.018289,Holdings SPY
2026,COSTAR GROUP INC,CSGP,0.01807,Holdings SPY
2026,BAXTER INTERNATIONAL INC,BAX,0.017996,Holdings SPY
2026,GARTNER INC,IT,0.017598,Holdings SPY
2026,PINNACLE WEST CAPITAL,PNW,0.017377,Holdings SPY
2026,LENNOX INTERNATIONAL INC,LII,0.017296,Holdings SPY
2026,BIO TECHNE CORP,TECH,0.017263,Holdings SPY
2026,TKO GROUP HOLDINGS INC,TKO,0.017015,Holdings SPY
2026,JACK HENRY + ASSOCIATES INC,JKHY,0.016733,Holdings SPY
2026,NEWS CORP   CLASS A,NWSA,0.016527,Holdings SPY
2026,COOPER COS INC/THE,COO,0.016406,Holdings SPY
2026,HUNTINGTON INGALLS INDUSTRIE,HII,0.016275,Holdings SPY
2026,AES CORP,AES,0.016087,Holdings SPY
2026,DECKERS OUTDOOR CORP,DECK,0.016007,Holdings SPY
2026,LULULEMON ATHLETICA INC,LULU,0.015619,Holdings SPY
2026,LAS VEGAS SANDS CORP,LVS,0.015516,Holdings SPY
2026,CLOROX COMPANY,CLX,0.015368,Holdings SPY
2026,FACTSET RESEARCH SYSTEMS INC,FDS,0.015315,Holdings SPY
2026,BXP INC,BXP,0.015298,Holdings SPY
2026,UDR INC,UDR,0.015244,Holdings SPY
2026,CAMDEN PROPERTY TRUST,CPT,0.015154,Holdings SPY
2026,INSULET CORP,PODD,0.014813,Holdings SPY
2026,ALIGN TECHNOLOGY INC,ALGN,0.014788,Holdings SPY
2026,DOMINO S PIZZA INC,DPZ,0.014762,Holdings SPY
2026,FRANKLIN TEMPLETON INC,BEN,0.014557,Holdings SPY
2026,ROLLINS INC,ROL,0.01449,Holdings SPY
2026,APTIV PLC,APTV,0.014046,Holdings SPY
2026,UNIVERSAL HEALTH SERVICES B,UHS,0.013854,Holdings SPY
2026,PENTAIR PLC,PNR,0.013745,Holdings SPY
2026,FEDERAL REALTY INVS TRUST,FRT,0.013306,Holdings SPY
2026,ALEXANDRIA REAL ESTATE EQUIT,ARE,0.012668,Holdings SPY
2026,HENRY SCHEIN INC,HSIC,0.012493,Holdings SPY
2026,MOSAIC CO/THE,MOS,0.011922,Holdings SPY
2026,FOX CORP   CLASS B,FOX,0.011767,Holdings SPY
2026,MGM RESORTS INTERNATIONAL,MGM,0.0101,Holdings SPY
2026,NORWEGIAN CRUISE LINE HOLDIN,NCLH,0.00993,Holdings SPY
2026,SMITH (A.O.) CORP,AOS,0.009694,Holdings SPY
2026,DAVITA INC,DVA,0.009433,Holdings SPY
2026,HORMEL FOODS CORP,HRL,0.009241,Holdings SPY
2026,ERIE INDEMNITY COMPANY CL A,ERIE,0.00923,Holdings SPY
2026,WYNN RESORTS LTD,WYNN,0.008855,Holdings SPY
2026,PARAMOUNT SKYDANCE CL B,PSKY,0.008444,Holdings SPY
2026,BROWN FORMAN CORP CLASS B,BF.B,0.006969,Holdings SPY
2026,NEWS CORP   CLASS B,NWS,0.006063,Holdings SPY
2026,TPG INC,2602335D,3e-06,Holdings SPY
