fecha,AAPL,ABBV,ABT,ACN,ADBE,ADI,ADP,AFL,AIG,AMAT,AMD,AMGN,AMT,AMZN,ANET,APA,APD,APH,APP,AVGO,AXP,BA,BAC,BAX,BDX,BIIB,BKNG,BLK,BMY,BNY,BRK-B,BSX,BX,C,CAT,CB,CCI,CHTR,CI,CL,CMCSA,CME,COF,COP,COST,CRM,CRWD,CSCO,CSX,CVS,CVX,D,DD,DE,DELL,DHR,DIS,DUK,DVN,EBAY,ELV,EMR,EOG,EQIX,ETN,EXC,F,FCX,FDX,FIS,FISV,GD,GE,GEV,GILD,GIS,GLW,GM,GOOGL,GS,HAL,HD,HON,HOOD,HPQ,IBM,INTC,INTU,ISRG,ITW,JNJ,JPM,KHC,KLAC,KMB,KMI,KO,LIN,LLY,LMT,LOW,LRCX,LYB,MA,MCD,MCK,MDLZ,MDT,MET,META,MMM,MO,MPC,MRK,MRNA,MRSH,MRVL,MS,MSFT,MU,NEE,NEM,NFLX,NKE,NOC,NOV,NOW,NVDA,ORCL,OXY,PANW,PEP,PFE,PG,PGR,PH,PLD,PLTR,PM,PNC,PRU,PSX,PYPL,QCOM,REGN,RTX,SBUX,SCHW,SLB,SNDK,SO,SPG,SPGI,STX,SYK,T,TFC,TGT,TJX,TMO,TMUS,TRV,TSLA,TXN,UBER,UNH,UNP,UPS,USB,V,VLO,VRTX,VZ,WDC,WELL,WFC,WMT,XOM,ZTS
2010-01-31,-0.08859667392618586,,-0.012286553942636225,-0.012289312619251258,-0.12180532057978444,-0.14629532113621047,-0.047407980577875874,0.047135388132152345,-0.19179434873992063,-0.1262551667493942,-0.22933886333059317,0.033763348602543264,-0.01758841497439001,-0.0677222212927151,,-0.04132189650893159,-0.06291629712127467,-0.13728936446940565,,-0.0497535427932736,-0.06653228428066071,0.11952743088907813,0.007967963892434149,-0.01857514145958572,-0.04425555885394539,0.004486012681622409,-0.10558128391164578,-0.07915563219341726,-0.03524758283683449,0.04319779407205715,0.16296407312145322,-0.04111109839545357,-0.0754570226154837,0.003021263546415298,-0.0770933280130961,-0.022420148392895967,-0.053791082373668364,,-0.042528877677776245,-0.02036460104726656,-0.05577100998551443,-0.14626739300799363,-0.03860246614335794,-0.06011344665765772,-0.029406722060479562,-0.138538764332236,,-0.06140346026643284,-0.11610633866302222,0.007579194297573588,-0.06325452355378891,-0.037512669703058665,-0.019544088875765198,-0.07653868002324649,,-0.05119667481283474,-0.08372091492342193,-0.03951232898264356,-0.08965990710941774,-0.021674144507327964,0.09315507405461898,-0.024882812998326065,-0.06929501181108721,-0.09345293339738048,-0.03741009489859526,-0.06650301434917771,0.0839998231198984,-0.1679137772872764,-0.06111460327289342,0.005119663805463803,-0.07095706805260993,-0.014033536706240968,0.0627894628192367,,0.11555353005020663,0.014094010241536337,-0.06369773636234133,,-0.14523058020859025,-0.11916646434402867,-0.029245504240605347,-0.03180054727064774,-0.014285742897426013,,-0.08619654043985481,-0.06501132132570298,-0.0490197472898517,-0.03644609962338974,0.08117196586256292,-0.0916850126492118,-0.02406501259027649,-0.06439192342220101,,-0.2201326002095374,-0.06780712645625442,,-0.0482457305280497,-0.062134740067246175,-0.014281792560175477,-0.011015536498209633,-0.07078444457213007,-0.15812270493350544,,-0.02318009244579755,-0.00016034967993705518,-0.05888023895098171,0.017659730031233334,-0.020301321859746313,-0.0008484179538642556,,-0.026369548675501675,0.011717163081018223,,0.044882338232168584,,-0.014571309786725162,-0.15999993520490363,-0.09361194541796525,-0.07545903615006089,-0.17424244669398592,-0.0768648151290946,-0.09406035296027582,0.1299694804527438,-0.0351144907803671,0.01342874648995318,-0.07235210816801352,,-0.17612438214177562,-0.05802781086743858,-0.03700006621471674,,-0.01940782601957347,0.025837857159910937,0.02246284435015733,-0.06950718546843748,0.0376766206858683,-0.060665464274389236,,-0.055613514321320445,0.051864430168905074,0.004622070365855935,,,-0.1528318990300631,0.10256401681342875,-0.027805583289532643,-0.05507350267975464,-0.028161528420683868,-0.02504188224646664,,-0.026661800253295675,-0.09774472263758438,0.05789262232093528,-0.0813635195752559,0.030771977498518677,-0.07721150105834362,0.10487197409231652,0.05995414877780014,0.03994511613346541,-0.03229204736457181,-0.26212323418884387,0.016245631549306028,,-0.1321824745948046,,0.082676938311806,-0.05320818320681697,0.006971956349044683,0.11417124040055149,-0.06208518541594876,0.09970136945433716,-0.10385057425217215,-0.0991485595298972,-0.13952422192674352,-0.029782997498199015,0.05335299487395573,-0.00037386261540672816,-0.055140482183256845,
2010-02-28,0.06539626721137903,,0.025311590840967124,-0.02488380344976271,0.07275549053642116,0.0845701751297987,0.020103280397143042,0.02716579429101551,0.022286666960273926,0.009772950200425568,0.060321689941561285,-0.031976758391852766,0.004946806944201798,-0.055896674360343956,,0.04930703670411085,-0.09715640472820453,0.045432093459228495,,0.04430398274514147,0.01407326440154577,0.04935944667812753,0.09749686005718616,-0.01146040161813544,0.03316961176391797,0.023632240480098154,0.16053257103018992,0.023290646493156375,0.006158017551738837,-0.01959459478828629,0.04841026996557041,-0.10312865950412697,0.15251435986013218,0.02409643951722118,0.09207457281068399,0.014613282911718706,0.023280726642833205,-0.02872997665288146,0.014509949254611909,0.036361105293146734,0.038534356136277426,0.05184440506734567,0.025596850456349518,0.010245720653338397,0.0649026034613478,0.06923678203051309,,0.0827774310985181,0.11300966982032379,0.042632043047739376,0.01209015370306421,0.026256243959048575,0.045034762387044625,0.14714716907140346,,0.03672027684600687,0.057191224192093104,0.003656003185428691,0.02914398886974534,0.0,-0.02903349228318941,0.14801981062749192,0.04014540584609594,-0.018289562957680472,0.12099924001781748,-0.03947195021641192,0.08302578274857364,0.12700537422014047,0.08181234047078845,-0.043293634974872375,0.07038184068625175,0.08526569790374272,0.00499013690000627,,-0.013672718598487177,0.00981579209190575,-0.022047979624583713,,-0.005925130275116319,0.05366218003213996,0.035286777315570284,0.11388771827193511,0.047492600128819396,,0.07903110487842713,0.0436207134118205,0.06671313632294518,0.09287379214521763,0.0581600637961206,0.0442756193143965,0.009895495577991076,0.07781211395103149,,0.038351236438389114,0.022731107652690152,,-0.028202906666835448,-0.0023898806563003028,-0.010659906316977996,0.05202366872821429,0.09514992643300735,0.027263829973636966,,-0.1021606496628571,0.031438303064366124,0.007650568284362391,0.027838342334667976,0.01189039367827216,0.030293955015232576,,0.0023152657490532746,0.013091700439480602,,-0.0340491705184891,,0.07699380036096759,0.10843317112704964,0.05227788511630105,0.02214600506422526,0.03899107314894623,-0.03874592435103408,0.14979012117398227,0.0610433437090705,0.06039222828844837,0.08992947010300156,0.06283625780639301,,0.05263185973802509,0.0689507252909276,0.019274410850899315,,0.04780259617713223,-0.050603303536296385,0.028107625887242138,0.03437896593110845,0.08352795491168541,0.014166475750578167,,0.07624676017366094,-0.03012827340480395,0.048409824722658756,,,-0.059900127618162435,-0.0825207236678901,0.023899113426074203,0.05139926073909029,0.004537826905336884,-0.034056611797780634,,-0.007187383198350106,0.0967258627285057,-0.028800495137965787,0.19150249831577293,0.02272745529708442,-0.02168796266309614,0.02368169912778062,0.008298232339816858,0.0987275433041086,0.05677097063643499,0.09591495288981666,0.037892058960546704,,0.08355596422563272,,0.02606079540152928,0.11810110430733145,0.025234545142500675,-0.018740159608826468,0.041182089494596896,-0.04621019022987849,0.055729148557617014,-0.016655492127127913,0.016846480805371877,0.0010430056710351021,-0.036666984995942564,0.01197807455786748,0.015428481090527413,
2010-03-31,0.14847034223130406,,-0.029476790282639942,0.0495372989396603,0.020779145001425636,-0.00766387899683485,0.07711962105499315,0.09787664906266125,0.3782800176744512,0.10048987206855298,0.17193434090855386,0.057056936384816126,-0.001172037204917542,0.1467060379504379,,-0.02064867997914699,0.08546144547319234,0.013309727251589631,,0.1327821910432645,0.0850958505388435,0.1496197475535459,0.07207967632505308,0.027316653071537633,0.015825921449670544,0.043264881671221556,0.12478468433862777,-0.0001258208260167537,0.10241665814367473,0.08274901071336949,0.014226874188490113,-0.06718346205472714,0.02209343904552541,0.19117653379078003,0.10166506737965286,0.05239262901213859,0.011375998874292526,0.1596638655462186,0.0689461792696513,0.027972062639035844,0.1453772790577259,0.05169719531309003,0.09695376132485256,0.06604172512283957,-0.020665692877004593,0.09565865423453168,,0.06987223523745656,0.07248191125156467,0.08325895403638328,0.04882450281343664,0.0821268267723323,0.04974620776825622,0.04251618575362759,,0.08086051112704995,0.11747759442649652,-0.0018344828478814579,-0.06224556350181476,0.17158963815238715,0.04056897674957938,0.06337165850672588,-0.011801896536239531,0.030380092076331522,0.11230139384808924,0.011778710998835429,0.07069858738946189,0.11149561750714665,0.10333512066100248,0.0421746461438699,0.052893575720516006,0.06409362928797924,0.1332504613706973,,-0.0449483342696152,-0.016941633895736996,0.14634142834617192,,0.07653753095772875,0.09133398523899028,-0.0006634537470753266,0.04457219065165274,0.12724106340540198,,0.048067161396532665,0.008571606424955469,0.08572792677362262,0.060568484397962585,0.0028518912471682256,0.04729629496183896,0.03492039545885173,0.0662378083610835,,0.061791889440181436,0.04668081582387007,,0.05178635495966155,0.11110098773516741,0.05474727408006097,0.07021648178244067,0.02235371509139572,0.10056066094958038,,0.13205844963952185,0.04494859387449823,0.11107303957393744,0.07383218456416807,0.03755790863679853,0.19098684833955581,,0.042669881313678326,0.03731888471116851,,0.023348387127347436,,0.05168002779936787,0.05693602264028397,0.03939010337961535,0.021624722722526135,0.14459147875085,0.042268880975747436,0.035506018282342344,0.1164279522799474,0.09163546934083433,0.07035599004231718,-0.06432884902469849,,0.07407389231953565,0.04300180086427963,0.06301655666973005,,0.06659172835762983,-0.02279203943647712,-0.0001583777138123299,0.11311927510524167,0.07345407112798052,0.1305450048710528,,0.07673185519366021,0.11049109642167143,0.15435997347051833,,,0.14394774601168736,0.08299265195588545,0.07225046119414191,0.05936229113911118,0.02075392106953111,0.03862542834288196,,0.043752226150560736,0.07165670044524286,0.04239747475026978,-0.08287314295914971,0.08039916332193431,0.04151553487854809,0.13529604469057577,0.020962768400843323,0.021378792266312008,0.05474675267345286,0.14748770003869094,0.03198361808188821,,0.0036910699784244994,,-0.03514459335415587,0.08802115306631508,0.09652684729297323,0.05362768648557581,0.06742522654590699,0.12442917070518034,0.008140059420448598,0.07224351496789216,0.009318992136883253,0.06775258630202163,0.1382588128158011,0.034092535470831464,0.030461404469331654,
2010-04-30,0.11102158383097982,,-0.020672374326509924,0.049416150434427264,-0.050042423274378245,0.03851491037602339,-0.024735894882422782,-0.06133736433858894,0.13942577576443949,0.02301433619679427,-0.02157505426787243,-0.04227900336918544,-0.042243910745744406,0.009796006270073487,,0.003993373701374425,0.0382689729935064,0.0952834878448876,,-0.002431975851891255,0.117789735185867,-0.002478526092257738,-0.0011198496533639801,-0.1886598187637457,-0.029975871389064768,-0.07144099177078278,0.02764703754120279,-0.15503295360857472,-0.05205982462203895,0.011043379400297981,-0.05254087387034123,-0.04709136920095491,-0.0014290357326739445,0.07901244987850342,0.0901309928262195,0.01701669850459986,-0.009940129406574849,0.0985507688660554,-0.12356485177311516,-0.007394458380845514,0.05523561505723107,0.04163075776964176,0.04829780919833171,0.15673246611134517,-0.0105507977032262,0.14976506214655316,,0.03457539178011748,0.10117963642457051,0.012241770521176365,0.07398136243351527,0.016784128023581646,0.0426105269821353,0.006054506606200771,,0.05468671689913518,0.055285101438624196,0.028186495134647327,0.04501006302679578,-0.1182793547627996,-0.1643368692362005,0.03754435224262864,0.20811377370226314,0.034004470967142986,0.01834542608277201,-0.005022398790939797,0.0357995760355625,-0.09427247785582571,-0.03629532111961653,0.12158704635403206,0.007289258447927827,-0.00548512526035716,0.03626351292615104,,-0.1266773916802918,0.012299596685386716,-0.047501366443492676,,-0.0730356675027295,-0.14903644877395095,0.017258412309846927,0.08902632772496699,0.048596548732457556,,-0.02220121744510173,0.005848325710438251,0.024674689393253013,0.05448689062784218,0.03570505425974946,0.07896994903698906,-0.013803074550310823,-0.047427529398927026,,0.10119571748730816,-0.02576341292138018,,-0.02818252974308888,0.009276760436355502,-0.034511339023912124,0.020067097665892986,0.12265498665079622,0.0862805281612744,,-0.0228981689682608,0.05800390151824919,-0.013846034095816084,-0.021164295409567324,-0.02536081105960597,0.05168418554600751,,0.061026347605871445,0.03265111671097265,,-0.06184748180117472,,-3.747776191964647e-05,0.011753388762990369,0.03347723516062007,0.04267690822856607,-0.09836051350036368,0.07697070799919037,0.10111869086017755,0.34119816861369445,0.03278906510603252,0.03446702228129661,0.08501736497361545,,-0.09712632038442559,0.008152444284797111,0.048734183412505905,,-0.014208345157997293,-0.025072685238044845,-0.00998288139855541,0.0523837451832605,0.06858134802664129,0.022760622879052006,,-0.05904871014524771,0.12755470248581835,0.05057855540957901,,,-0.0781697284298073,-0.03623993280688276,0.018204258950081043,0.07489192716522552,0.03210265023518066,0.1254328833087155,,0.05584415189052927,0.061024976827281696,-0.05413711015709788,0.004929303818412167,0.003844713659626242,0.030289603746998406,0.030854324809857836,0.08117856834665527,0.08983981436710575,0.07465012257851411,0.07768359746491149,-0.059324727065362404,,0.0677624329511215,,-0.07138455869917881,0.03219645584969921,0.07343579302836778,0.034389122937908745,-0.00878820370525113,0.05532947912493369,-0.051382396109699524,-0.053939850615614904,0.05386007870395648,-0.006632676342909316,0.06394648000988545,-0.03525151984656327,0.01179470516292569,
2010-05-31,-0.016125103629279436,,-0.07036700684243302,-0.1402382899210579,-0.045237997383753115,-0.017856133468748703,-0.0574130627948668,-0.12535490059664534,-0.09048836822457784,-0.05722150832640671,-0.055126793475563596,-0.0964929514957189,-0.006861021206988394,-0.08490156877685584,,-0.12008683370007178,-0.10054702622915646,-0.08244990404297137,,0.0068262993053491705,-0.13551618171431679,-0.10876067929969147,-0.11721850808007983,-0.10567549859289904,-0.06638742966526712,-0.10996435559534967,-0.27052078940270263,-0.08760900960433016,-0.08297142693348014,-0.12624492816113553,-0.08376619413301545,-0.12063952178778448,-0.2323011805176779,-0.09382136559786314,-0.10765165877445215,-0.07576592956270412,-0.021664175689843912,-0.0501319643636835,0.043980011567970045,-0.07146272293125444,-0.08497741722712293,-0.03832686053540546,-0.047501887771463025,-0.1148077626597861,-0.010661846398314245,0.010864439250587665,,-0.13999276897938573,-0.06334363547664301,-0.06202629569922391,-0.0844824958945769,-0.05693282753943851,-0.12714888670410585,-0.03577364067238986,,-0.05814025241998855,-0.09283409758124861,-0.035199006859293336,-0.05168575302484857,-0.09966341790206168,-0.046468221747907656,-0.10484601883657352,-0.0649303580487578,-0.08584159617517095,-0.08735951593694147,-0.10344677872067565,-0.09907855235626573,-0.07255370298565333,-0.07243634330489024,0.04678609711956816,-0.07001763653956139,-0.11079082707422305,-0.1330858145723911,,-0.09544221501914629,0.0009834108275621478,-0.09186669579249318,,-0.07622215118748554,-0.003988676269427116,-0.187058386261153,-0.0388871082356127,-0.09296133652688554,,-0.1146816788394942,-0.02401545332339916,-0.05555714073497264,-0.012433860058017832,-0.10480913716923068,-0.09138983322924821,-0.08503132267882985,-0.07045583247152987,,-0.09249625338499101,-0.009141567029926634,,-0.038352996754491,-0.07365375290818121,-0.04913288795043114,-0.0510481992835109,-0.0873895900117172,-0.06610723358685855,-0.20313943386370836,-0.18654246075499215,-0.04473892721868966,0.0800800595095319,-0.033783736591919244,-0.10322734243252507,-0.11167148523432768,,-0.09993550624748682,-0.04247277081255296,,-0.038527157220694,,-0.0995043462174614,-0.08131698358618822,-0.10291147652173849,-0.15139425222737835,-0.027807439981498705,-0.04073003488335414,-0.04029917971097363,0.12386246125517109,-0.04650243201247162,-0.10119223057143512,-0.13399954501625067,,-0.16359001879744317,-0.1275605697121006,-0.06936606808893009,,-0.03572520507750199,-0.07951536255374336,-0.017213331909362473,-0.02488830203492398,-0.1080934397553377,-0.06927504273203777,,-0.10105938501636691,-0.0663587832580651,-0.09203951772875918,,,-0.07573047935533317,0.11907539874040185,-0.09574545475656537,-0.003464218541812558,-0.1502328261731255,-0.21104541931982534,,-0.05381971725463586,-0.038454834926980985,-0.16868710103595708,-0.16294326826589012,-0.07677545357171411,-0.06753649159283304,-0.09025242245219389,-0.0382293017581159,-0.01576352442346829,-0.05824870778282276,0.17824382780712988,-0.025029907623489556,,-0.061130384262765736,,-0.04091108010987876,-0.051342559282059996,-0.08598039184893902,-0.10496810754670893,-0.1957468569463937,-0.09925359013602797,-0.10781532772302915,-0.04775087885714957,-0.15283514492266181,-0.02595926606189436,-0.13217711710303837,-0.05194395154070697,-0.10180613577580888,
2010-06-30,-0.020826909871947796,,-0.01640114482323074,0.030117596652215584,-0.1761222320258562,-0.0449092625947739,-0.0069472504494619836,-0.03679445635191525,-0.026568941983371452,-0.0696592324098727,-0.14585759249417107,0.01583622351099745,0.09795269395896189,-0.12912481640666507,,-0.05974948510436662,-0.05470804362277437,-0.07324547870466891,,0.01985420986063935,0.00022764087908555553,-0.022281266406102063,-0.08644784437239916,-0.030842371297358007,-0.046578669220457614,0.0004216836946022706,-0.07648052691574603,-0.14060259641215633,0.08830775179506856,-0.09227905790008584,0.1295534938948626,-0.04132231274684206,-0.10234717605629162,-0.05050531008339609,-0.011356017556704567,0.04719324332656272,0.00621127579061298,-0.01944446563720703,-0.07200458142475086,0.00858001614424353,-0.039800969794983376,-0.10742114166547223,-0.02421306844245108,-0.05341282690899751,-0.05871263605724042,-0.00820526109646147,,-0.079878936821968,-0.050143920088920435,-0.15333527896956245,-0.08135921562425885,-0.005646412764802933,-0.11329239664173729,-0.029802282464051588,,-0.06427977613882219,-0.057450501942942545,0.0025061651870827983,-0.04363311584414753,-0.08407290305894977,-0.04619857728505772,-0.059216293592844194,-0.06171299464194202,-0.11727034073757225,-0.06447465469395486,-0.0163216880771212,-0.14066497899570085,-0.15588898275851315,-0.15902023420038947,-0.023642138266838475,-0.0397476218711561,-0.13141705265914716,-0.1124428016605109,,-0.04565680331574151,-0.0026675838679171004,-0.07343619259459444,,-0.08376752983116309,-0.09004595745355293,-0.011276961107309247,-0.1651797882276721,-0.08744411971740151,,-0.05773723109654827,-0.014210569886049629,-0.09196991835388213,-0.027140429378227582,-0.02215201250712928,-0.1046342603693392,0.013036476751876469,-0.07503736401670291,,-0.09392245707561031,0.009750689277321811,,-0.0166539116917096,-0.015068300936044055,0.021652507291177292,-0.06781770975429513,-0.17494933887399688,0.0052826221030024545,-0.09116494461392843,-0.011101665193027799,-0.014954657249745096,-0.0380598587392611,-0.011202198912183992,-0.0742725931006587,-0.06742417724504013,,-0.004034687445691576,0.004988807283514918,,0.04950313383561955,,0.033929159074648885,-0.16965190370327476,-0.14385847894589654,-0.10813943876565613,-0.06600677642530439,-0.013353165891834218,0.14920541257683606,-0.02249196878957882,-0.06326652214907835,-0.10001630898650293,-0.13024691410192824,,-0.2229832947443926,-0.04918014328524778,-0.06042706231626749,,-0.02337764664716724,-0.06369000177586492,-0.01816973239562336,-0.04441048479723175,-0.0976246086446586,-0.08561508063656076,,0.05216768597953725,-0.09960188309075557,-0.07017843656906764,,,-0.07649023164463387,-0.21876090884511723,-0.036658258524716825,-0.06141371217650615,-0.13219105086241323,-0.014425139274226062,,0.01773682334658888,-0.0503353352748539,0.012229722513598329,-0.15104157082959457,-0.05317131652771667,-0.00452649113736503,-0.12996032842194727,-0.09829418504297416,-0.07721100504736489,-0.057817834534562795,-0.08898775901480704,0.003033274411455622,,-0.04668272561676767,,-0.018947538896177063,-0.026878933099565017,-0.09353097779608543,-0.0651945983016543,-0.023599089108090165,-0.037473317481081514,-0.048858011542464164,0.01816860521042951,-0.13358251982642355,-0.022284724101777065,-0.10770296996955264,-0.04924851062987745,-0.05607023783217491,
2010-07-31,0.02274062338453886,,0.05891017455728598,0.02561453965302296,0.086643926664286,0.06640386764539352,0.02508685614318895,0.15280001903875418,0.11701509014290479,-0.018302324107892898,0.02322398845220297,0.036692181486092545,0.03910092948080557,0.07898590009148299,,0.13728205341207422,0.11988927662891258,0.1405293274185051,,0.0332386735718444,0.12443276217969546,0.08589640288811728,-0.022964292229616934,0.07701759443978728,0.017450322921366723,0.1776606990438654,0.27109998945824,0.0982566634130364,-0.0008022677043738602,0.018897570442266698,-0.019701338269861313,-0.0344828068146934,0.1663177154265083,0.09042543150937976,0.16887874077226916,0.037551234135258404,0.060386519128080574,0.03399435662535666,-0.00965902977537958,0.009235523217686392,0.12693341270219216,-0.00976731169848677,0.05037201530077606,0.13635257201624995,0.03428764516989946,0.15299464580300381,,0.08259055439678264,0.06226068993556044,0.04978927390646293,0.1230474348104893,0.08389268851879139,0.1521925272214515,0.19755778120756018,,0.03475252992936584,0.06952365841055297,0.06875074882118581,0.025772210813723273,0.06629250922083263,0.0365828112167359,0.1338979642503153,-0.0074040257750351834,0.15131753334089204,0.19896012269005992,0.1016593768093843,0.26686545103938797,0.21564513976477806,0.1774360146963283,0.06897856478532649,0.09724044331026449,0.04593591819920895,0.11789136977353865,,-0.0280045687936068,-0.029706209750258283,0.12198070100379521,,0.08967295326351188,0.14892936061470974,0.21710824964055853,0.01567527524356671,0.0981291110872875,,0.06377053826592816,0.03984486070736648,0.05912590168361587,0.14322657804691197,0.040396714970653225,0.05377938338039101,-0.016424117583631048,0.10175026565082379,,0.1359398236339524,0.057562674373605516,,0.09956161186175172,0.14251875236024958,0.06268688955210266,0.008725248140097452,0.021276699064638693,0.10851265870268412,0.11455164126218542,0.05346563662699677,0.05860041062358201,-0.06462203898121255,0.043213999635071776,0.025674748606939524,0.11387693995094139,,0.08292192179288627,0.1057882217655941,,-0.01458430004839828,,0.052429335246785724,-0.053299491483600026,0.16501808943295093,0.12168573184929254,-0.14252060604042982,0.07260081393448647,-0.09459015566651086,-0.0561436321183838,0.09015515729544465,0.0771482073799501,0.18415497422694194,,-0.09990211437919183,0.1039454524708423,0.010109935110962143,,0.0649711256185519,0.05189331166993516,0.027653438984929224,0.049145594330516795,0.12008689725018185,0.06530117141610292,,0.1134381754881435,0.052851625436437955,0.0676482679364514,,,0.1595615208945187,0.08378135914725715,0.09536319039974872,0.022634000096765305,0.043018276025716284,0.07806258549687439,,0.07496631265152964,0.10489186589232902,0.09061875541205344,-0.037576576903933345,-0.06971608442241439,0.097342461196265,-0.050886186281062784,0.043725296807428427,-0.010250168076625599,-0.08542328719857106,0.09279619404392547,0.024365822817475236,-0.1632400507102092,0.06556549965581504,,0.07218302585655811,0.07423323407212878,0.142555754587532,0.06935149589696143,0.036748555903795666,-0.05506134109528915,0.02310025186276632,0.12589620261945256,-0.12499986908612315,0.07573589348148402,0.08320288211110749,0.06490549306999327,0.04573383442273404,
2010-08-31,-0.05500466905949253,,0.005297120017849766,-0.07669054632165107,-0.03551527071035654,-0.054501331477331494,-0.06445339314450893,-0.033773869377855315,-0.11801382765998314,-0.11560427796018957,-0.25100129439965246,-0.06400147748125118,0.013408340275260722,0.05886845959709941,,-0.05994983400291576,0.019977814685415485,-0.09107141847989286,,-0.07398880308702205,-0.10685496884440226,-0.09742474091862818,-0.11253565709749747,-0.027872577843379376,-0.008866576878950982,-0.03722265195591623,0.29893057905658615,-0.09228800451927033,0.04654905929830444,-0.03230933761450949,0.008448489625068722,-0.07321425971327955,-0.08675731771739337,-0.0951218225365027,-0.06580687530246021,0.007346976529903015,0.04074906953865054,-0.07534246575342463,0.04746438491950156,-0.06507992002188545,-0.12172603902765566,-0.10989970001788796,-0.10426819681528499,-0.05052522855891495,-7.860164365414146e-05,0.11045988644274773,,-0.13350701676463306,-0.04896943416903621,-0.12088659034461047,-0.018858514152532035,0.02822745631965362,-0.10830572968030105,-0.05113992957300195,,-0.05415275213016646,-0.03413466575968915,0.018787896055131537,-0.035365819467123805,0.11095190972642488,-0.020899609406113573,-0.05207935260612506,-0.10902544235930045,-0.024595985671903686,-0.10803862327512159,-0.014210507430246988,-0.11589664314437753,0.006290355987553564,-0.0545128909031235,-0.09836082940919055,-0.0017964102860076325,-0.0878366950119327,-0.10173665930755149,,-0.04471771897435051,0.057309894299350184,-0.13197542331595513,,-0.07183661408622732,-0.0898165940070429,-0.05297655627731912,-0.01590472718242919,-0.08209937421126134,,-0.16485674449949905,-0.036291794566947755,-0.13568957034602636,0.07522008461952212,-0.19289218325740976,-0.05149480474001067,-0.009162941268444635,-0.09731884979578642,,-0.10807903853359435,0.004366593495630733,,0.013972013513473547,-0.009099334966116368,-0.04405866707754735,-0.06678226101543694,-0.022179801645345276,-0.1441099122094598,0.1388885349613702,-0.05560820439759617,0.05560211398573456,-0.07316724371983963,0.02396444165536038,-0.14931011767013758,-0.10484986663744889,,-0.07594728051965927,0.007220199779059078,,0.020313633357220473,,0.008503520840121404,0.06635359119756079,-0.08521649041731894,-0.08581156206109242,-0.11263743663468306,0.03689202325572727,0.09695865025664685,0.22398839121249337,-0.049429298816259015,-0.0691702815308447,-0.03907075912302915,,0.015233859595184196,-0.07614204394108137,-0.06223552253162423,,-0.011246725264096424,0.07248089939619207,-0.024362461154222248,0.00814633015354449,-0.04373000213556866,-0.04687487802673129,,0.006269575989397813,-0.14143786836897587,-0.11677434252628205,,,0.010826237029794017,-0.09136002708699509,-0.07727914519087309,-0.07038852429546916,-0.1338402686106851,-0.10272178991805148,,0.03849397809137911,0.020618490213149876,-0.09142438822284682,-0.1920319211250996,-0.07257919501078747,0.04201952342948467,-0.10914214047656134,0.001800098527986238,-0.040727242435918964,-0.06107870643827529,-0.001117310652668957,-0.028939650572142095,-0.023068708063569532,-0.0676384869461446,,0.041707547633997866,-0.01869619466853556,-0.011335763316652647,-0.12970724877234874,-0.05801205598197512,-0.06904419242241067,-0.010398053348416592,0.016173674032994967,-0.0845017083435543,0.02911713868165533,-0.14922630532327785,-0.01479548573335654,-0.002464583069803572,
2010-09-30,0.1672149626165429,,0.058776151101678,0.16092882374812967,-0.05595671847355932,0.12553796677537865,0.09798592340162537,0.09439123610165479,0.1523720177370087,0.12632613408292448,0.2673796727809201,0.07974119902785604,0.09389684365847684,0.25819118622479587,,0.08803561688630657,0.12530218893861633,0.20324255288677295,,0.117121344766147,0.054176309780952,0.08849983575988696,0.052208730375461476,0.12864401756209842,0.09239348367898015,0.04312267151903737,0.19507359521155765,0.19936530009035147,0.05154159912795975,0.0770813217200268,0.049504970630994904,0.18111754274698066,0.257680638405952,0.05390822290140673,0.20748909210962085,0.09558486593110094,0.07368682545926264,-0.03703703703703709,0.11049039715343856,0.040898957307135,0.057309532028800625,0.05421544067646966,0.044362085684852115,0.0953659991664193,0.14141622917613983,0.0174736055111937,,0.09554827568220747,0.10883940316088037,0.1664195747677939,0.0940872452093251,0.021764401722346838,0.13288157279372692,0.10750057613184816,,0.11835458195650839,0.01720954302271216,0.030849729325570063,0.07674285936495862,0.050365401100572305,0.14055635410765333,0.12883146404714552,0.07022018820469289,0.12213531971126756,0.18724866308336074,0.04567800512998499,0.08414505916065806,0.1861367707116921,0.09705786061070643,0.051416545862309926,0.07618479306467996,0.12421657527491958,0.13054036443550054,,0.11875558753912263,0.010508651272044922,0.16581669363227247,,0.16837029236068513,0.055867668968981654,0.17227961852959006,0.1387488875164553,0.12493575732992968,,0.09643987466566584,0.08941762086690486,0.08658746262098371,0.025035253192691176,0.07059574715315642,0.1479175744365686,0.08663640700080744,0.04675479953627004,,0.2577643605096305,0.02024145590379911,,0.055177622036250096,0.054617570294938744,0.08752562518691431,0.025316913496860494,0.09911274226392597,0.15895935091094593,0.16585366428116366,0.12925994330248858,0.019846994619902913,0.06425472526139187,0.041257801341400224,0.06772641415539571,0.02124820378886305,,0.10388300131050476,0.09359653101080134,,0.05789712080513709,,0.016863530780541147,0.1005657852261197,-0.0004054847331466105,0.0434596528823481,0.11609891899555591,0.012283325236419396,0.02680198272323464,0.2919053044500677,0.14915880583054109,0.12028827522362695,0.18476567698100177,,0.25187544066543555,0.22939549453949226,0.0767812727092021,,0.043014330711328874,0.07919567481148526,0.00502795033770731,0.05404038859546856,0.184245641930725,0.11265163271056533,,0.10333248875419976,0.018042751732706197,0.07075100878148577,,,0.1783290598099363,0.24658791661159118,0.09231621472158147,0.11183622140597338,0.0893417395612015,0.15525924526515644,,0.014990889557378928,0.025317486396019495,0.19566010364941788,0.1617357542757918,0.16238020182803603,0.058083875028890786,0.08860710894993451,0.044566227970618044,0.12446467762026225,0.13675222855202973,0.17002247208964616,0.07117491269705178,0.047741290441497775,0.17897458772165886,,0.11095482948289326,0.12146963089259466,0.04529789562195985,0.04180613494857588,0.07654360216819511,0.11033591938898901,0.037826426586205386,0.10362334781633065,0.1750825936528253,0.030699431650712095,0.06666608733003221,0.06741132352344947,0.04533973215153009,
2010-10-31,0.06072279338401487,,-0.009466130941314543,0.06270473965203638,0.07648183667975172,0.07297651476160949,0.0585297184410134,0.08083576447028129,0.0744248092348534,0.05736285014039266,0.03234880657587258,0.03774254732091831,0.006827708799963084,0.052018360628662386,,0.034865067002897376,0.025959889560069893,0.023478713684794705,,0.09640154236783194,-0.00890126411479819,0.06161714690678366,-0.12595422135794154,0.06749076585732716,0.019162922460747467,0.11742694722048119,0.0817301089848761,0.004347289041152891,-0.007745968182235163,-0.037488239142353885,-0.037735882136743504,0.04241431438674459,0.06225423827149679,0.06649642857714877,0.0044859743273517605,0.020085910438605525,-0.023329587485481307,-0.0006153987004207107,-0.01732794330132048,0.010320992878386281,0.14715600637790693,0.11211325761917368,-0.057648426587077806,0.04347941751417039,-0.02352731260344809,0.038193186129131584,,0.043835244470292745,0.11080929723283695,-0.03981447090853363,0.01912400028523442,-0.004581017722559255,0.12308814548693459,0.10060210242515377,,0.06771686393906773,0.09154095744096535,0.028232841665061237,0.004325073998920681,0.22377070733631288,-0.04060744440879127,0.042537181209693964,0.03119492039046401,-0.17694145699043873,0.07685777625468004,-0.04133444318908319,0.15441166674634066,0.11358403183682686,0.025964550330983105,-0.0011054880929017852,0.01300633160365483,0.09177228814506777,-0.014153998649770627,,0.11401341625155315,0.03570667952699802,0.0,,0.1671961287815964,0.11446951936062466,-0.03658907049245663,-0.024621225799008162,0.0721435985678529,,-0.0007129439290330941,0.07052352657029437,0.04427097903540145,0.09518390042873848,-0.07327128783482029,-0.0284990861747354,0.028728299582166716,-0.010022277137697433,,0.013909044688420025,-0.02628727999212732,,0.04784682801299889,0.011965580693627409,-0.03640827098801913,0.00013978331926600696,-0.037710387797866396,0.09414527664336036,0.12384938557128944,0.07241671735263888,0.04375235850265602,0.06798332555645503,0.045690128047685574,0.0561502183845044,0.048894989702355396,,-0.028716680883082546,0.058285081221390866,,-0.013583591779774973,,0.04479261383963351,0.10108508816569306,0.00978584549360395,0.08901583905914956,0.14563120887244585,0.01195075765346254,-0.031046178579237083,0.0703626640434738,0.016221770335298258,0.04271840206212674,0.20890489247134236,,0.02910978297097122,0.09623930351986987,0.0042140428831527466,,-0.017158252766105053,0.01456013133017997,0.06817847595949145,0.01389577742350534,0.09263551929996194,0.07636551481610465,,0.04444835511793732,0.040296717563125695,-0.029531054564729042,,,0.0006645905701181398,-0.047080301613441344,0.04969858051398446,0.11780897882309271,0.10863344129935038,0.1343938800084139,,0.02914289256987912,0.03536798150535425,0.1388382947236606,0.24872626557217759,-0.011188761725796637,0.01645452824912308,-0.02166290627584644,-0.028069356436374093,0.028231899500721358,0.07393457142806525,-0.00573644437202081,0.05950102214518038,0.07006341804199767,0.09436793880641958,,0.026773218559727807,0.07188272906974347,0.00974668393631628,0.11933387691167852,0.05251831011008434,0.025128620785939138,0.10789700824888282,0.011325894828696281,0.1275099430868354,0.07942544669489715,0.037420808971115216,0.0121449654751562,0.07606408692819677,
2010-11-30,0.033789318323486084,,-0.09372568896715705,-0.031088858504057737,-0.012433406259775737,0.05613313178317414,0.0017982054102176903,-0.07346103752944366,-0.017138943103294446,0.012132115226135776,-0.006812014944881817,-0.07868487463110663,-0.020151062362416483,0.061550575211672065,,0.06553194532355633,0.014711210664871022,-0.0019946028904419544,,0.05794164832750193,0.04245013461963487,-0.09178756481089412,-0.04366873516908154,-0.046730595436930034,0.031912532881420486,0.020092523594733125,0.0457526720484398,-0.046728189592131986,-0.06171047444973743,0.07701537698200256,0.0015083301943750183,0.004694868612704628,-0.04356463637446517,0.007194141513755081,0.07633594502873042,-0.01514633436804258,-0.03664181334850425,0.032019733072192524,0.04692835317925925,-0.0073910571073751985,-0.028599617419110324,-0.005489144881354879,0.00017440449611116904,0.013133994024500772,0.07710722794966429,0.19944859972222329,,-0.161854345709181,-0.00624064867463392,0.028875066026949003,-0.011344762486577342,-0.03399614448391264,0.011024473929957868,-0.027343552170372765,,-0.002536875936337113,0.010517330068784636,-0.023259655610036956,0.0853587060302694,-0.02411213180784677,0.025763326371035067,0.00921991112956122,-0.07072701226967837,-0.07882296571092207,0.09212570580638979,-0.023179119544724847,0.1280963184420041,0.06888924037616895,0.04021776223845119,-0.007380427300463954,0.01430665393888142,-0.029800353805010116,-0.011860641710017661,,-0.07990947439479312,-0.059372232573627115,-0.03128040436804547,,-0.094492400900271,-0.028834763961786747,0.18769665698318239,-0.014753453122670623,0.06183265713685859,,-0.0026163432809322984,-0.010525346824917792,0.0636234700023286,-0.06440212123603728,-0.010116041652576513,0.04268910782687274,-0.02604850844752926,-0.0061124120285885875,,0.03350031749362525,-0.0228923122822009,,0.037288951195337594,0.0077736046620056065,-0.030469037894852002,-0.03506962261683566,0.06373020253582351,-0.008517371050313804,0.08749034246543319,-0.01262170899652848,0.014695912111041043,-0.028815015630093477,-0.06259647245987243,-0.048254228282651135,-0.0374512692954615,,0.0034039004727606237,-0.055861563480794296,,-0.050674666666915336,,0.004003372553860185,0.0,-0.016485647385840463,-0.04704892867234578,-0.11985480755500844,-0.07139160461922467,-0.03335550932967357,0.1862651952029193,0.05758773284826857,-0.016820246697807018,0.14006655100844534,,0.13227937634318354,-0.07930562538225783,0.1213277977127567,,-0.010260505595883984,-0.0546195072403628,-0.03932681454459186,-0.03875231017481906,0.05180760053291977,0.03547317699471808,,-0.02768744911502874,-0.0009276333732520792,-0.015346806512256062,,,0.040882114089317856,0.10379165186646278,0.012489641160772225,0.07597127981470919,-0.02093913736820563,0.1096632761366072,,-0.0039604455158025464,0.03398064815837598,-0.07774011626797339,-0.08837514637967359,0.012123815008770134,-0.025595624870776157,-0.008970344502155836,0.10138390284966992,-0.002925322451365009,-0.010890678218871352,0.16826931695087533,-0.021920823569879455,0.6176738582783283,0.0754143396485969,,0.013037209269801231,0.03203608882779507,0.04857480307841233,-0.017355347342919658,-0.05324950383877447,0.08796081270169198,-0.13498690005044778,-0.014470159878276267,0.04654808835646551,-0.0817486537539639,0.046142662018404224,-0.001476668635557954,0.052759488349829464,
2010-12-31,0.036670695313577584,,0.030101102240949196,0.11934422280746504,0.10719429968948635,0.06593085277837019,0.04646693830875215,0.09572813788487444,0.3954954406279314,0.13032965891198534,0.1220850957448465,0.04194374133955181,0.021158662990375277,0.02622571610389368,,0.10767335849883564,0.06055442496880925,0.05526386323976418,,0.09098153659867037,-0.006941028938165172,0.023365233881891934,0.2193790926173711,0.04921666578083905,0.09005447535268662,0.04814759687792369,0.013957610348888316,0.17641915062406843,0.04912907513206877,0.11893287635530236,0.00539659015472993,0.17912773858272124,0.10546868009203325,0.12619042042350048,0.10709242193274138,0.0695292707742794,0.055127343983333965,0.16169445390595039,-0.0040754551731176925,0.04990230612383306,0.09630772422397627,0.12106093727578648,0.14316401644797372,0.13179303514676244,0.06803719433337108,-0.05186022975297555,,0.05584498488100653,0.06248957520846821,0.1216128921282209,0.1269602743420799,0.028653863239701982,0.09973060099412367,0.11645779466854167,,0.09109792437731312,0.0386271802523388,0.014814942809224352,0.11494649204265261,-0.04495543976939964,0.020093415751191834,0.03813325931598199,0.02765599194796886,0.04716550808739983,0.05300864382782433,0.057658095766211837,0.05332510193516282,0.19592751772419503,0.020741811581129088,0.020050172312827685,0.05895121485002974,0.07368680030371144,0.16450968681531908,,-0.007123262665782781,0.007359312739158019,0.09399799397465247,0.07777736539416003,0.06884874877602476,0.07698253179442993,0.08158861589196786,0.16054234459817818,0.06940228966304662,,0.005941950324993117,0.037466786625387716,-0.006143587104274428,0.09824016255298695,-0.009758299005783067,0.12828139776995262,0.004873856950594835,0.13422424142830924,,0.053722296366944144,0.02955201667586982,,0.041158634208820155,0.04211934740395917,0.040998436665042215,0.027484055014069142,0.10484599776505421,0.14052836823861758,0.177679428020187,-0.054507538504273145,-0.019668083773652256,0.1014090949140507,0.05122110952136483,0.10617376207072815,0.16487557159589028,,0.02762559221062877,0.04150089236479637,,0.05670413002568231,,0.0901116184393822,-0.03786330256878501,0.11242820950455412,0.10490940254164527,0.10316396616288737,0.027064471939177936,0.04671329716733097,-0.1466732407967516,-0.004722262532824373,0.05025973671224904,0.09921558438253153,,0.13152099346507362,0.1571166474225929,0.11720219048635583,,0.018394316042062542,0.07423274802735746,0.05338199475972094,0.026355719358098106,0.07565714141839952,0.09612441085878687,,0.04000095521343927,0.1275762918742387,0.15844543748441264,,,0.057027163590743335,0.13913950586973844,0.04583513534785677,0.04999992455245739,0.1383897077021532,0.07964826439340689,,0.01352032535318548,0.010050564101881099,0.055668667092016566,0.12080552213669882,0.07565249265094232,0.0572144508537451,0.13318915400904596,0.05602451840906486,-0.02674925767396108,0.08847816779445017,0.039506102479570426,0.038676603806753196,-0.24624968987192308,0.022012734890797025,,-0.007967758655238244,0.02829866676959969,0.03493501918145614,0.13623644195462759,-0.04698723247165837,0.18685807028448553,0.057349763052384484,0.11777546102606529,0.011940127098100106,0.029386160224286417,0.13891969010709704,0.002556484463146491,0.05117879050063401,
2011-01-31,0.051959141167789324,,-0.04864944788662551,0.06145650990427609,0.07374913904403901,0.030793934115660893,0.035004016450337794,0.02037898652260406,-0.15576137642949517,0.11672625399475822,-0.04278733110171995,0.0032783990668483476,-0.015103950982028214,-0.05755551656087243,,0.002269068753551595,-0.04068184104018091,0.04850342499833893,,0.010560158772144224,0.014873937206503651,0.06466471360122505,0.029235354590758433,-0.042078571568400336,-0.01857548205929005,-0.023564530337680023,0.0725066260531011,0.039039397491747785,-0.03710325676866011,0.037049177489414165,0.020471843429701764,-0.07793925220722997,0.11166087504964328,0.019027159211246758,0.04063815604639376,-0.010602214396382537,-0.03787398454310187,0.07858247255284101,0.1462087931114222,-0.038340700284999585,0.03999985341229517,-0.0409949695735764,0.13157906543062348,0.04933927758025769,-0.005124114152765813,-0.021666740097602832,,0.04547688029677577,0.09271044215233881,-0.012882310232462335,0.04032836904851722,0.01919500837572463,0.03925019608137137,0.09452107186220027,,-0.023532114621478528,0.036257317604119876,0.003930316099493014,0.1296650172064806,0.09090870481187441,0.09250810319647651,0.029910998228589003,0.16574477597771775,0.08811191932671725,0.06354074084550265,0.020893740808927808,-0.05002967925268842,-0.09069660736913365,-0.02892151079396177,0.11098994244349014,0.05481555685100692,0.06887171731221198,0.10114803575783737,,0.059050433341641284,-0.015229800299294771,0.14958571305223312,-0.010037689795339921,0.010758108657953125,-0.026998641939112167,0.1021313265269379,0.048773819734321266,0.053611806288779595,,0.0852736525197697,0.10384275770871354,0.020446978501019952,-0.048072829554521634,0.25280302544930655,0.0016856795155928417,-0.03362982270696213,0.060623250205443124,,0.14078698190091132,0.026808092462726085,,-0.04439737062549942,-0.025453107308853196,-0.007705280426315464,0.1386066769814991,-0.00671420401962175,-0.03650045566757143,0.044767553371677815,0.05601693239177097,-0.040255318870966006,0.06805905232339904,-0.029831761856692007,0.03946684880902018,0.02992814883263417,,0.018771682918723664,-0.04508522622722699,,-0.07963373727096379,,0.02745741062617091,0.024798334222619678,0.08235065194395319,-0.006449254556788797,0.3142142412396136,0.02827458898063573,-0.10353281540475623,0.21844062280252396,-0.03441839028506932,0.0697745968304957,0.09888490132768335,,0.5532474140038708,0.024966086019413858,-0.014474706520090974,,-0.015613203356155791,0.040548307616886214,-0.011379501122745661,0.017410330462685364,0.036037403620710506,0.05802575184040637,,-0.022039885720995578,-0.010253931254823212,0.04769170397878941,,,0.0937555118073119,0.025890911667066918,0.0327742208641113,-0.018674345869761133,0.05493832861006065,0.06574880405200156,,-0.01595614852113647,0.019700485912858667,0.07058468385096162,-0.06852957147109717,0.07188078824810518,-0.04517629242345389,0.0572591213346203,-0.08814234972190216,0.06758331886559077,0.03450140442726024,0.023753192009801083,0.009872704652664988,-0.09500527544837312,0.04735141379804153,,0.13680449605755896,0.02126073571050302,-0.013226661598047307,0.0011126890150752189,-0.007530460662346861,0.0968862606006975,0.11019128589387384,0.008594624509043802,0.0035399684634203066,0.030226709268523777,0.04614396102314977,0.03968081757286712,0.10339182450341111,
2011-02-28,0.040934965831851855,,0.06510201054137466,0.00019370741511615108,0.04387294391563845,0.027041200788079145,0.0438410908537763,0.027669446407647902,-0.0815368512735466,0.051730526939895105,0.1762452270609658,-0.06808253953495713,0.060951240785458216,0.02151613746851533,,0.044068284714156025,0.05444138674782262,0.03866983773625354,,0.18390719531838795,0.004380225935245452,0.042434652994919775,0.04078711242390787,0.09610229060984055,-0.03556381712140899,0.044753325959145496,0.05918023955786067,0.030148083314551988,0.025019915698352824,-0.02689699297124748,0.06764524500668956,0.02578794095225745,0.13159586019112757,-0.029045132341797286,0.06102425465117722,0.026952347743409932,-0.00047413296922349524,0.08976191566103986,0.001189778247678186,0.022795769588137116,0.13230804359780368,0.008815454757488128,0.03443305447986433,0.09938135859815023,0.04392460914033669,0.024237067341763785,,-0.12245866887623458,0.06136420595726655,-0.03333303936574861,0.10113053267787708,0.0480020844210749,0.04735073015960034,-0.00825068780122784,,0.09856758332719506,0.1252891155973852,0.01993510492422823,0.031006706085782154,0.10375494154776321,0.07002582782458777,0.018979064571083004,0.05564494542502718,-0.022393342358310475,0.03257116101114077,-0.0055780205415756345,-0.05642629043606906,-0.02620689126099729,-0.0033216885018407805,0.06440950784694466,0.02428363265151101,0.009549111721693038,0.04591710529916626,,0.01563324323550863,0.06785534508585833,0.0405966115824965,-0.08111834359147929,0.021720328336431338,0.0031044890070324183,0.04511067857943796,0.019037380149522498,0.039958380578410946,,-0.04508627789814468,0.0032156542360199936,0.008935949904244955,0.12039194116141672,0.015608103187146671,0.011403842346975113,0.037237074806645065,0.03894063123845126,,0.11323215217490445,0.01807521560992109,,0.017024698706162855,0.06814286732009789,0.007823838736345179,0.0038577777186619144,0.055242185369343,0.10042101853735641,0.059543529276472995,0.017124539164191432,0.03568412660147713,0.05710840891036395,0.04154377859007363,0.04175340410711814,0.03473863014619538,,0.05533151910636258,0.07911471510194135,,-0.018088333393088796,,0.09182197438596851,-0.0384014214951397,0.009523986373690008,-0.03580585006264558,0.055977309889037485,0.03759814513776316,0.0036319645763573938,-0.03461314511512503,0.07941291110873583,-0.03100087324533618,0.07672564770800583,,-0.052675613893198636,0.027162351468506207,0.05471616448121752,,-0.013838778384958172,0.06708651338435101,-0.001266323674034786,0.051488929121562776,0.0009195534179911036,0.09343949109525984,,0.09678573557943526,0.02833311489614765,0.07023262865426272,,,0.10428637566054144,0.07690026332903144,0.032719988710065984,0.05017843025794422,0.05429245274809125,0.052692762606484145,,0.02542738940663747,0.09290059232264247,-0.0012694244566646695,-0.09285719940675685,0.0990270484035114,0.0312494718644325,-0.0014468616646320376,-0.037158166571769624,0.055511763726559415,-0.02531842516766114,0.11368909795156812,0.06523309324194693,-0.008713727119612269,0.05013328322322086,,0.03727164544059591,0.012399961610307209,0.037673728847763766,0.02703672912615529,0.047920162241608555,0.11318826190777176,0.2000513988531385,0.03649651713694535,-0.1011170450269171,0.07906729586608652,-0.0034451107994145636,-0.07294497537660749,0.06570094922439851,
2011-03-31,-0.01330627441648602,,0.019750491544000548,0.06779388564392352,-0.0388405841329823,-0.006960625164445733,0.033512886741595915,-0.10329597697330273,-0.051807595583086674,-0.04929989588802586,-0.06623231858313616,0.04130138761037405,-0.03965945369999424,0.039471406116217134,,0.050553331934508616,-0.013444748438893206,-0.05350549598753529,,-0.08266259592477798,0.03741065362584006,0.026662641579506374,-0.0665100409174817,0.017605259823422204,0.0004151406502070909,0.07412280090236556,0.11580162329798704,-0.007747415291167847,0.036768991356224134,-0.017110889006964336,-0.04181944978148533,0.00418997352621342,0.023138969530299258,-0.05555598301506348,0.08180375266759099,0.028225937365176534,0.009490046276499964,0.10618310163305189,0.05350079928033935,0.02852679972256089,-0.04037260719682412,-0.026774092796986615,0.044002583057271005,0.025555783893497663,-0.019655249083460613,0.009904111925811199,,-0.07273280096527679,0.05277243308246793,0.038112255755926805,0.03604869973887337,-0.00966782471572647,0.020007932440470277,0.0788105101112111,,0.02609166408514807,-0.014860288445194159,0.00889364360430589,0.005477864866313409,-0.07370935685608149,0.05382710438927485,-0.020616527643561255,0.055203730195648726,0.053910521546163714,0.0009023939548760129,-0.012452357293562644,-0.009302135560609437,0.04910335420153089,0.040636096838065905,0.01089322258109493,-0.008692891308381134,0.005780505829628302,-0.041586967331179614,,0.08953349479549755,-0.015885849049728562,-0.10537777849452712,-0.07456005838295998,-0.04343009860333713,-0.03162753080443037,0.06178118913158892,-0.004190147950468015,0.031082997023528458,,-0.05916401360095491,0.0073510463075514565,-0.06008372833954867,0.010079618908513721,0.016801301810382308,-0.000763979631957179,-0.035644541867313806,-0.012636419406862442,,-0.030724610816129427,0.0011438143533277767,-0.02819689696399752,0.04538548472588788,0.02758248034939159,0.01765045396153364,0.01566461869947733,0.009934987891479174,0.032058595288879,0.03860289188062249,0.046391516628429885,0.0054175192155918594,-0.0029012438481316183,-0.005914551331820728,-0.014278553705404873,-0.05553186216784456,,0.013769734479372797,0.04145036212881892,,0.025352064580178135,,-0.0206962490528092,-0.1493433492467534,-0.07951474475506382,-0.044770491605820695,0.03054808296834488,0.003890643309740982,-0.009599226819955842,0.15052960075132926,-0.14672989204747855,0.04090945133861257,-0.0023960876099271555,,-0.1853489299273643,0.016109226963710865,0.029286557595772145,,0.023381372645030485,0.05561339380206842,-0.02299794392663279,0.014402371776738976,0.06167330885361588,-0.011269578874073871,,0.056133988553473735,0.02090797150613577,-0.06456013286991313,,,-0.07972485057153511,0.23904038165943664,0.01328744151593897,0.12037610750072192,-0.04955237806414037,-0.0017126209480564647,,0.0,-0.026172518971978476,0.018614411023321065,0.134645949894872,-0.03602886150249862,0.07857642354519223,-0.005434548756818258,-0.04833466170549372,-0.0028069392530113424,-0.004837232215729181,0.12777772687023514,-0.001411770697300696,0.16157366410336826,-0.02948614557535667,,0.06458553603333761,0.03060407858657954,0.007046251425179673,-0.04242603950056467,0.007802576792047766,0.05819735791227365,0.02699811839866073,0.04387796440436209,0.21942426536460125,0.004212971628245743,-0.01485632867246256,0.008365461566235632,-0.016368537221805868,
2011-04-30,0.004648332983383741,,0.07103278671223268,0.04773726589259453,0.01176113966957315,0.023616396860575595,0.0594424137062608,0.06460759256288728,-0.11354586981972903,0.004481403001544537,0.05813953230482882,0.06361078514214591,0.009456134938937932,0.087048178737823,,0.019979031091829302,0.05921512000467,0.027946668591119828,,0.07588392655467202,0.09016160631088677,0.07912885837284778,-0.07876943947292303,0.05821075771063766,0.07937735988293793,0.32911392273615614,0.08010838524415398,-0.025222612807924594,0.06318549831105535,-0.026053893645952342,-0.003945883205761613,0.041724577400584995,0.05928392204153554,0.0384618881324883,0.0407774815821631,0.039412155459292775,0.0072856108714638435,0.16413188590325856,0.05758853223530669,0.05196100489273037,0.06504861558896957,-0.019167423746003553,0.0533099494892777,-0.012146288252614879,0.10324631731037126,0.037580491875262245,,0.021574055716434115,0.0011454919453854906,0.05908317481051384,0.01814134598134154,0.0384789516249211,0.08582809398078028,0.006296384952691136,,0.06435487826280828,0.00023196154229010446,0.027547956948101415,-0.00839059639496964,0.10792544043906283,0.10030108290681805,0.040047581716264435,-0.04467238376260152,0.10493994048451949,-0.03391033874150862,0.022551180508543656,0.03755836135988888,-0.004908723278574723,0.02266144244549273,0.012848318831488514,-0.02248086447655695,-0.04281982753886737,0.019949540310336245,,-0.08547225142521409,0.06370677099885302,0.015027108884172469,0.03416026772023617,-0.07270421259723248,-0.04785619573788258,0.012841180721551826,0.002428518099393928,0.025456389671981716,,-0.014644338837737414,0.0460536569093799,0.14717563200879047,0.04613059740969816,0.0487015694666979,0.08730462774857362,0.10919801878496505,-0.004827800349484712,,-0.07227441486217157,0.0121036422641434,-0.031061995402635878,0.016882782363896176,0.04744057988987049,0.05231770177882722,-0.014303830783244709,-0.0027550533708802227,-0.14737019280420083,0.12515780541184185,0.09664525184691364,0.02917548285368654,0.05009514764852008,0.07110966635677984,0.06710850747898878,0.046053987256322815,,0.03967836875235098,0.0311179464055662,,0.08906427082934187,,0.022960760536673286,-0.007717105929642698,-0.04097100656237618,0.02087405750519844,-0.013077780384045834,0.026306214462368027,0.07383687010565132,-0.02149044064092598,0.08745072399861642,0.014351590353385735,-0.03254680163758461,,0.08342373619900156,0.07760819840207644,0.09378912729158873,,0.06955432067397926,0.032496019077306926,0.062308740585550915,0.03833445107864497,-0.003802473561943742,0.011953925645393104,,0.05805266663160347,-0.004749712875177559,0.029879364685059917,,,0.04121821328538822,0.13573668506672032,0.058239721212189455,-0.020297681909635212,0.015529812880450411,-0.03763666167976476,,0.03700892212265705,0.0688695699929267,0.027157185170107123,0.23514124534965353,-0.029605279143537833,0.035871670518228704,-0.013197065379694006,-0.018196027403141968,0.07822169838705806,0.07992815916961282,0.03632998376089103,0.06388687827145256,-0.005405400180747089,0.03180305768651337,,0.08915963717864628,0.052273681605639055,0.00874558711757989,-0.023079782518283798,0.061125056890200424,-0.05097210418240383,0.14854994547362654,-0.007094883466989943,0.06731024652179851,0.02536266934791631,-0.08199320153600753,0.05629182818763012,0.04576215481466317,
2011-05-31,-0.006569187654050568,,0.00403516494298839,0.004551119320961972,0.03219081536853419,0.02768621031238161,0.013797279937264317,-0.14474260147530627,-0.08507213687659865,-0.11655216015691083,-0.04615385260303817,0.06490735556507543,0.06059993430559696,0.004494216538089457,,-0.06575678228789494,-0.00450174313236007,-0.03308909794377368,,0.009862572338801723,0.05134440259606654,-0.016770171178249083,-0.04315966235961677,0.04604544520599618,0.018733876677528016,-0.029902694555221987,-0.05817076204832483,0.049097066376416976,0.023487840673316995,-0.02935065677472637,-0.050780350563796706,-0.041388511649214865,-0.07940717244738371,-0.10326455608899976,-0.08326855637205077,0.023346266694568296,-0.03383087827854414,-0.041567645153149924,0.0653421643986456,0.03769987873828384,-0.03700835997310781,-0.03384416737011953,-0.006227917025928176,-0.06338236979014822,0.02264076763406453,0.09855689400453449,,-0.0410957026654758,0.01250604678314704,0.06819474094657751,-0.03398047074709931,0.03869325662361822,-0.11856597585614437,-0.11712836629036838,,-0.012853460517710524,-0.034106818761658,0.01816725507536887,-0.07615415009413751,-0.09363216379145156,0.01797044666865877,-0.09672480815591844,-0.03458675206552975,0.007351320970094832,-0.028971014106712434,0.0049472427398626895,-0.03555282429748785,-0.05225027610113131,-0.021218609101532282,-0.02808823546327588,0.0523567965727334,0.019224633394259172,-0.039608179966512,,0.07466506982684362,0.030845290971941663,-0.03526327412143271,-0.008725270050594314,-0.027715638472698312,-0.06567551588040366,-0.0047689618408165435,-0.023418555239535066,-0.021915155103563788,,-0.07406481936603049,-0.005244193208090886,-0.020010235295514822,-0.02861753323493743,-0.0020017178900210153,-0.01866134314742507,0.03277001100973931,-0.052377772729035765,,-0.012651450954863752,0.033908510380978196,0.024842305522200236,-0.009635419266482481,-0.005449942497759874,0.05304458651698907,-0.007459340511534518,-0.08038033562592839,-0.02732425254083426,-0.013342651445636733,0.04045057746918479,0.04900964174826239,0.0313215795550803,0.04108373730445236,-0.025150189402470602,-0.057490343750342676,,-0.02338927993757789,0.04545471666894407,,0.02225314215701002,,0.01287951642580909,0.05249521590476225,-0.07609976029506405,-0.02878342705769321,-0.0989396841869451,0.02439475855979545,-0.03480675033672198,0.1638800834959977,0.025874103436843487,0.03437768142881925,-0.05359211702996147,,0.0019997368698685403,-0.048386915951451503,-0.056348286818921456,,0.032370715851798515,0.03279238413121699,0.03235743927102397,-0.013218056247804921,-0.05406668455634389,0.024260399640933628,,0.03326613894158914,0.0012831745269576977,0.0056769901613160645,,,0.030208315947509723,0.17594033655409103,-0.014820614443647129,0.019928075168387238,-0.013101816741672878,-0.04209121073695443,,0.026639804422921243,0.037830725358964035,0.05565257962117265,-0.04653873147122356,0.05762695074163404,0.014138428747463072,0.02303120315265006,0.013676104105789344,-0.007642960805172683,0.09101521177803673,0.06357704867399172,-0.018963266231311615,0.09202872762420644,-0.006473233202499484,,-0.005687651177085584,0.019215830607408835,-0.01286509073999531,-0.00852071102941454,0.039568923391118505,-0.026444135172247196,-0.019255178442947996,-0.022498578487334164,-0.07914565536107043,0.002844785531275429,-0.021441177398756617,0.011011168430320684,-0.04588050360695595,
2011-06-30,-0.03495939893073774,,0.007081212126273995,0.05279672042766426,-0.0918279008689864,-0.04930789032631222,-0.03755532498916481,-0.023226927285076027,0.028771688436761922,-0.05587814998199636,-0.19470051551149026,-0.03617423906266459,-0.05677679279768544,0.039656248639356795,,-0.009711106756917665,0.011337864151808041,-0.0010026291181468583,,0.12755851014587272,0.005571238872948081,-0.052543787649957485,-0.06643968830376401,0.00823230078863646,-0.011003471482460836,0.12868145656113805,-0.006327779629086261,-0.06041780182197343,0.018708194526086963,-0.08858051729121186,-0.02124700027393256,-0.03760445506709553,-0.03944344969025826,0.01190760865706375,0.006238039090652681,-0.03839242756892303,-0.014972047828780588,-0.03947607170604206,0.0308679489681849,-0.0013709357635385278,0.0039617755404712796,0.025697647360702236,-0.04913503037070044,0.026905580865996814,-0.015033486494518078,-0.02154216676009746,,-0.07083331568791018,-0.008070793144951516,-0.02868954009427338,-0.01973093669176662,0.011525989686084426,0.0035477598317392722,-0.037278416744575216,,-0.02787481143042414,-0.06221477115147678,0.004267319124583446,-0.06055864084013152,0.035290635038699,0.010993218752390677,0.031164199892737443,-0.04205555645015857,-0.0037477734104007787,-0.004258216426777928,0.023655571448786272,-0.07573709326940758,0.024399854567503043,0.01443032763948171,-0.041668037577555106,-0.029293175345418643,0.010483049531793798,-0.03181812118812555,,-0.007905670285635269,-0.06411855669933275,-0.09925594941584037,-0.045583003519079957,-0.04279617158727633,-0.054288270786134074,0.016948771611329683,0.0058506233658841555,0.0006713539080005493,,-0.022891639852384404,0.015509859305968599,-0.015548400070444335,-0.039095858212776835,0.06621771069244753,-0.00832184650725254,-0.011443262687128919,-0.053191299908976974,,-0.06078825226527895,-0.015013107977143059,-0.019118751921532673,0.014476308857858333,0.02908137868798555,-0.024687468252162836,0.039410092891065895,-0.034383473408529985,-0.057671054386670084,-0.12074878426724545,0.04978270976336541,0.034093767470072756,-0.020572110026017776,0.01597501488938291,-0.05331674195108349,-0.005215736469375121,,0.00498016821104641,-0.04537216102145114,,-0.029322932951053038,,0.016954909852871847,-0.09051681999826044,-0.04759900053308064,0.03958417558982452,-0.266666768940116,0.001045182940173861,-0.04226956328708309,-0.02994829952465672,0.06951886524574613,0.062184262379761046,0.07923620992466063,,-0.20459081388492362,-0.038281139337273395,-0.03093318300396053,,-0.0024787620877122496,-0.03962736423237623,-0.05119406654791747,-0.012470883645568809,0.01001716033030653,-0.03108946786662603,,-0.060705265191478563,-0.045017316869117585,-0.002979366047107357,,,-0.03072275975316252,-0.055148223553862286,0.008430966012406893,0.07338967549924069,-0.0866188836515781,0.007932607371053946,,0.0074845849894511485,-0.015500633787280282,-0.013186185911846393,-0.03809477468145317,-0.056524276167386533,-0.004752670051428987,-0.025417630536384128,-0.052897153936868335,-0.0092413992030832,-0.016196039507538784,-0.03854758948054804,-0.05326126136188036,-0.03351005896826875,-0.0699713914064386,,0.057217411410785735,-0.005430029945152404,-0.007619919255035579,0.0015802936752438157,0.0394768963390455,-0.0701815000631596,-0.03704389586632806,0.008123851763604195,-0.007367115482120545,-0.014288074329434575,-0.010927371261709729,-0.03766799198999238,-0.025039452617724,
2011-07-31,0.16328487593398555,,-0.015840732396591672,-0.021185194870067092,-0.11891896940346003,-0.12110360023236078,-0.022589320774613397,-0.01328196406601867,-0.02114599508132986,-0.05303642247877449,0.05007158697141678,-0.06255370309929342,0.003821728828338866,0.08817064190318913,,0.003871639506303204,-0.07166768285201386,-0.09446221479913197,,-0.11500008085894575,-0.032108325045210995,-0.04680104018497466,-0.11405123155347718,-0.0254648367294541,-0.02970899331053134,-0.04723153300455307,0.05024127724613514,-0.06959959003786342,-0.01035901743332479,-0.014925444751574313,-0.04160745892361162,0.03617945087128027,0.0030194611163125717,-0.0790101381023004,-0.06812584550279233,0.01762360390480744,0.06398608850190657,-0.004791712671874948,-0.032276633307674274,-0.02833232984069689,-0.047845809922788196,-0.00823082754823068,-0.07489859129620624,-0.03407160905438522,-0.03680480556141874,-0.028661401543005005,,0.026946791786797153,-0.06292916559632222,-0.029462047727871643,0.011474050473623043,0.0037287635293672405,-0.031388831770034376,-0.04778629628770781,,-0.07322150664459603,-0.010758210089477194,-0.01221483443296445,-0.001395729782701638,0.014874544280014224,-0.14243986617345017,-0.1272889529157264,-0.02280943762760046,0.03415173138458871,-0.06802723723851711,0.02871136700434307,-0.1145759723889418,0.005783476683094424,-0.0840276357433879,-0.02500824966210946,-0.036244617899572895,-0.0856146353070788,-0.050370953309177735,,0.022941100683396387,0.011765400584107688,-0.1234158069498894,-0.08827402256101058,0.19216805885576038,0.014126143413249581,0.07313738526677271,-0.03561573187534106,-0.10891040712893363,,-0.03379089048593431,0.060040566063247036,0.007671022056495724,-0.09949849825396351,0.07642901146091496,-0.11842776347467543,-0.026007133979995545,-0.0058983162616795815,,-0.01630451446631942,-0.018028551026701867,-0.006830591640496486,0.010700246752275211,-0.04382337024384597,0.02051648575927234,-0.06471571893881911,-0.06851181960206854,-0.07678423897146569,0.024402850142634547,0.006816130272581544,0.025616554061528962,-0.0302450474271847,-0.024127169608280763,-0.058337543612341114,-0.06063406708587138,,-0.08128619063301334,-0.004165323837842405,0.057729335498677425,-0.03287061253379453,,-0.04781617406531247,0.0033847611710395853,-0.030968651288646343,0.05384610900004816,-0.014705870816412503,-0.0384616913449346,0.030387549385259893,0.012562370461593142,0.0018891687657429657,-0.1274695480567335,0.030175318566198595,,-0.13237109932699276,-0.06915399042064074,-0.05632421730912407,,-0.09072852745812987,-0.06553355307503295,-0.0247955285199285,-0.07951375787353776,-0.11945656526568105,-0.0058595322999707156,,0.06589794990319842,-0.0837184985498497,-0.0772132608554913,,,-0.03539305743262067,-0.06436263216182847,-0.06406052375440485,0.015193515844719174,-0.09240125425334378,0.045949172987539644,,-0.00914323748591761,0.03682313023776951,-0.007396446660886125,-0.14047007839958825,-0.07411825788370596,-0.05137492831406709,-0.0375427016996327,0.09763390970723562,0.052731598279923686,-0.0667799081333933,-0.054038155040179725,-0.05567006470678448,-0.032955720624747276,-0.08992372558681161,,-0.03780541206666077,-0.018390654394609962,-0.05087084514555684,0.021559729432535146,0.015191588244125365,-0.017599444980520462,-0.00250050132560542,-0.03971794752230706,-0.05277608300391223,0.0066754369403521086,-0.004276683069491916,-0.008091649293166636,-0.019537350483320504,
2011-08-31,-0.01446927207795512,,0.023188047329649075,-0.0938447445826478,-0.0891374736543592,-0.03273506813373617,-0.02835491531094758,-0.17443728574717576,-0.11742149791113743,-0.07447380143986371,-0.06948231856671327,0.01832282635147542,0.0253191822469514,-0.03276110304953794,,-0.16690881165484772,-0.07731311016599673,-0.03906732199800267,,-0.015462147547936067,-0.006594742830819622,-0.044791779149501276,-0.1575616498377972,-0.0376484070267914,-0.026671551620013667,-0.07529209376208801,-0.000725426583061739,-0.06916011377387987,0.03803204353816869,-0.17682201120798047,-0.015774547631513758,-0.05307257621536199,-0.16783905366176155,-0.19014096866315466,-0.07885407298189784,-0.035831543982023484,0.000690747643514289,-0.07629627651638471,-0.06088037486369158,0.06624867429347558,-0.10449590145054644,-0.07631678854628954,-0.03542966257279201,-0.05445168656852162,0.006892870894944059,-0.1102895317674718,,-0.018785014557586188,-0.10201706103891817,-0.012104765855900812,-0.04218543936827779,0.016188713502245378,-0.1841123976215372,0.029423162052798046,,-0.06719618988558784,-0.11807327214536933,0.03110006038746005,-0.13811940698529834,-0.05740471632105437,-0.06291627823941193,-0.04437066025509673,-0.09225471652048556,-0.09983726398363924,-0.09752848128451874,-0.008651907327796304,-0.08927116101114507,-0.11046043398002947,-0.09392255451078091,-0.06129264968688697,-0.07504968080666319,-0.05958321633328301,-0.08933517286736836,,-0.05854601354494127,0.014993633563778586,-0.05201270447359174,-0.13186442043249946,-0.10391098129460896,-0.136315739593724,-0.18758489985751947,-0.03729377584321614,-0.09306225337339968,,-0.2598806665144331,-0.050543758220338075,-0.0897210512893265,0.05631727647311813,-0.04793404637270149,-0.06546169139709734,0.02463685660592252,-0.07144614563055851,,-0.06964601424203087,0.058139238705484875,-0.08430742345568853,0.035876394916069865,-0.04969134865966851,-0.006511761006152139,-0.010313991641722642,-0.0764601912845898,-0.09099835838310211,-0.1166842264913992,0.08725477299764339,0.052515599009878455,-0.012140987784932444,0.018615490681881175,-0.027184416894265206,-0.18466373823629734,,-0.04131920741651118,0.03384032112369617,-0.14913954002677343,-0.030178819675730995,,0.007799030414130881,-0.11268546394507006,-0.21348330862491272,-0.023069538092303055,-0.19810036393302988,0.03695343117198191,0.12605620272932105,-0.11647041882623987,-0.03882420338773074,-0.08869645933263737,-0.17934732111322915,,-0.03759965464771986,-0.08208000294293138,-0.11652094414381275,,0.014185190337423048,-0.0030347008077695747,0.03561571714807399,-0.025406617082435856,-0.0656461649827016,-0.23575619899236755,,-0.025994150935409577,-0.0764410990364578,-0.1443424269570156,,,-0.056384407014823834,0.11251419517700723,-0.09772434522148787,-0.0332450856066876,-0.16884189622203838,-0.1327470466929629,,0.046029030868581566,-0.018101981063898598,0.01884271438715701,-0.1547815653673934,-0.10121455672541602,-0.026657425591502637,-0.13200977873602437,0.009751846324901337,-0.008586270365158799,-0.08587152393879038,-0.3144963979908374,-0.0847088261283806,-0.12176092558204687,-0.11899165335579032,,-0.042514696776988825,-0.09580956528682993,-0.018595972944186356,-0.10936300182920389,0.029153543422746564,-0.09337249040076878,-0.1270728899928414,0.02493611096813919,-0.14422551979048182,-0.019663842015294808,-0.06171245599173114,0.01640685991506552,-0.06618883642760953,
2011-09-30,-0.009120791221451041,,-0.026090416687686746,-0.016980987126536062,-0.04239301523483374,-0.05360370658927327,-0.05044525051562054,-0.07343570284277567,-0.13343881584085127,-0.08480567195402366,-0.25622255044630005,-0.00794230620446601,-0.0011143938139143161,0.00464612139520848,,-0.22150000727876207,-0.06028004470983561,-0.13188095946733935,,-0.007281815276341863,-0.0967611809583544,-0.09497465281873563,-0.25091805732168393,0.008641090609168733,-0.09430646855217784,-0.011146448581523805,-0.16342197079669218,-0.10160864373384193,0.054789880790170775,-0.10062941214759547,-0.026849302527022667,-0.1283186335507256,-0.12618512866860532,-0.1748791693523989,-0.1885715315831088,-0.05619314267052722,-0.06355006972060129,-0.06094628810003366,-0.10269551657807585,-0.014338172050125109,-0.027429345612830613,-0.07247155128642413,-0.13941371993165474,-0.06978092834496386,0.04570896199737473,-0.11238850591066196,,-0.010848784087909347,-0.14904314482637782,-0.06460603580163915,-0.06323344861765179,0.04164979500198074,-0.2027564085172021,-0.19632180324836312,,-0.08396173029189102,-0.11450401056610726,0.05711221082068785,-0.180478282666235,-0.0447035045613855,0.03546151353605631,-0.11256777074126367,-0.233070695145686,-0.05540175170139283,-0.1734573464524236,-0.01182709713703245,-0.13039603276288214,-0.3536404527570811,-0.13877592076361622,-0.13528390535645518,-0.09063229817908491,-0.1122037291628345,-0.05788056840265687,,-0.027080982322453595,0.015299507815101254,-0.17764479092382357,-0.16021651956810523,-0.04791466072242201,-0.18645647694394196,-0.31214772009279423,-0.01527860002535597,-0.08157300417668245,,-0.13294001895156093,0.01721802043312448,0.06010945439063797,-0.038313720510015914,-0.04476204812118201,-0.09893079759544776,-0.03206695704274298,-0.19808313850885584,,0.043620314870172594,0.03738812234194855,0.0015479580549473404,-0.03448105383269773,-0.04601009725084759,-0.014396278889030945,-0.020892351702786804,-0.029603354922991043,0.02206703257178355,-0.29494906674779253,-0.038063887056406065,-0.028647084472885442,-0.09045446236872978,-0.03309184683606048,-0.05218117374439124,-0.16636881490509414,,-0.13485180769094518,0.0014959634202027505,-0.26983239574606055,-0.00021218609274553657,,-0.1066622059858614,0.10418262619776919,-0.22800000741964854,-0.06428583695648638,-0.1472080869672996,-0.04760200092899103,0.009969214567582929,-0.5180205160282179,-0.009612937760363982,-0.044855528656334576,-0.2240076250523788,,-0.06010453183434805,0.023869250674418474,-0.171087709455243,,-0.03926738919818129,-0.06849273788953747,-0.007852134652009068,-0.07403516911117614,-0.1402696928448245,-0.09994992685557313,,-0.08932060210834813,-0.038891393130820906,-0.0667195094319436,,,-0.0549945615467744,-0.014060681430253963,-0.05239044418369465,-0.03443844857768785,-0.08744981135590857,-0.2354073754351994,,0.02441944294184073,-0.06400000755769031,-0.026359262693313346,-0.11226199548963123,-0.03146572459339869,0.0014042135762390995,-0.04306820419177615,-0.05089973935009795,0.015562026905826976,-0.07809918148446382,-0.21953409897316156,-0.026055833487147018,-0.014146902687615315,0.016787143939110294,,-0.026096367787611263,-0.11391919516732885,-0.0629173914184249,0.019512979829615196,-0.0245790495462197,-0.2174293851873177,-0.017892674289825328,0.017417572042447427,-0.1278395145234965,-0.08163210882817107,-0.07586210781015135,-0.024252786257489167,-0.018778527592660077,
2011-10-31,0.061522981929244436,,0.06306526493208531,0.15759077295540913,0.2167976729241956,0.170240062794903,0.10986195426878842,0.29012871436748,0.12482896611021821,0.18918937277624726,0.14763779749288775,0.04203105937938156,0.024163731976573066,-0.012579168908284366,,0.24371317523577818,0.12792912541890722,0.1648272503793773,,0.030515497976327577,0.13208615814263647,0.08725811301361941,0.116013000428145,-0.02066269052788594,0.06696644125861506,0.2491679946781804,0.12962249177605178,0.06607686265238022,0.016945640852292332,0.1518459725677057,0.09600224671919388,-0.0033840916147013234,0.22787992896946396,0.23302136991968525,0.2863340027089132,0.19059368505767926,0.016965530520764105,-0.019214379226025424,0.05722460527424067,0.025549087311169227,0.1270245458610042,0.11834437424666766,0.15215750094338776,0.11077274557974293,0.013637093377480314,0.1652959877297473,,0.2002249589121794,0.18960900475575682,0.08543236899634721,0.134571246296755,0.016151456611680715,0.2413184176349521,0.17546827565282053,,0.15283756026955242,0.15649889989141497,0.021510648040772518,0.17153690491440288,0.07934911097729835,0.05545378019898917,0.16485164249233586,0.26189461244645185,0.0808281691370405,0.26253542815759023,0.04177445330056129,0.20785997247920474,0.33155700642601027,0.2090723010615272,0.07647980785015496,0.15954300573346636,0.13768085913558425,0.0978971722835078,,0.07371136653048915,0.009130454929219045,0.15614878874401183,0.280971713536039,0.15066775653181486,0.15864643888878582,0.22411519122233847,0.08913946832120012,0.1933501050327362,,0.18530064809718927,0.05581311101275532,0.14995322438594805,0.1349540243065943,0.19100697578155224,0.16899090540071815,0.010990642842629406,0.16420949675462415,,0.23014600761644766,-0.01830711426215159,0.1159601866073312,0.011249069182910798,0.08761236935710293,0.005139451258332262,0.044878837631315616,0.09418555453996103,0.1319111598070477,0.34506671361221186,0.0953755695377756,0.05727581084679212,0.12173340510063113,0.04764750719841193,0.05308802485765174,0.25526587609118967,,0.10071058883167416,0.027601530886824044,0.32668186400637955,0.05504616125962358,,0.1626790425255642,-0.0365013902179242,0.3096343806692683,0.06990753059280364,0.10912698393447862,0.04405761436482325,0.0616363030371867,-0.2753601065922737,0.1267685704985151,0.10695786597257273,0.3926207580337828,,0.18305302460480033,0.14250211758786935,0.2998596390504933,,0.01696291881746359,0.08936634663151688,0.021078043937577284,0.07038279471744513,0.29177895712049495,0.22721653627008154,,0.12006996371314105,0.12222341971376638,0.15663650749447022,,,0.06107342339059918,-0.049828068422230865,0.10829976552819542,0.13596148029502042,0.08961878443450577,0.2300351752669778,,0.019589255406033068,0.16784861318339428,0.03658570907647829,0.5710110398028978,0.0165495913219309,0.04879148172587855,0.10210590015128629,0.1164354239503258,0.06237627161792325,-0.007306343996394737,-0.024110191252330382,0.1974141243834744,0.2041819731952128,0.1594540871462522,,0.04054665963607329,0.21917487745383935,0.11227278594779522,0.08708600185168036,0.0879610840878251,0.3835767509363701,-0.10953664039965272,0.018887123268702677,0.03576963602064853,0.1258542304901924,0.074212555727446,0.09287087370017222,0.07517527995011442,
2011-11-30,-0.05578325818516339,,0.012623573191665738,-0.038665562687611565,-0.06766405241220252,-0.03953408403811853,-0.023696011223356295,-0.029455261731355598,-0.05589282815806795,-0.1187218771804458,-0.024013699539913502,0.01613757816422301,0.07077999714999694,-0.09938643423175819,,-0.001907260057958049,-0.02774507368746726,-0.045482992187106164,,-0.1140064334811367,-0.05096845568254793,0.05073684103931697,-0.20194319628964996,-0.06038545648839555,-0.05688370346264038,-0.012117597582617767,-0.04299625769199855,0.09030970686989437,0.03577039870994758,-0.08552645525178315,0.011559228343484662,0.0016978317671512144,-0.059598836331199,-0.1298129165406955,0.036205370089988254,-0.03631300241661839,0.023211284409177857,0.15084894454365028,-0.0024810382657535213,0.012504285692694905,-0.03326225393578375,-0.09536909659510895,-0.020736833362532958,0.02397756280359542,0.027555117751885128,-0.11076061701492135,,0.005935726392881424,-0.01661193153251328,0.06908857940155921,-0.013490293259529551,0.010377101143524747,-0.0060974451899035165,0.044137047382993844,,0.00062052013093572,0.02780966940461771,0.03355275843150318,0.007852318621297982,-0.07037380686411254,0.023947889632468966,0.09442931023840195,0.16001322039845456,0.041766231690864686,0.009588551755957075,0.00998593893412858,-0.09246550873719528,-0.01639279208984179,0.015275352685291343,-0.07983186536859543,-0.02055374734884341,0.029132264044865464,-0.04787553083241991,,-0.043446870965261675,0.036854300747367175,-0.06677078868700459,-0.1764022093839055,0.01138979505366744,-0.12157962994643179,-0.012346182492973368,0.10411438228869008,0.04048108452895138,,0.050357539749966485,0.022346521332322622,0.02409443481719964,-0.008012077264154982,0.000806673119101875,-0.06559707289145078,0.01445338144300945,-0.1090332723761217,,-0.013803822257513976,0.025247361883209418,0.031468910855126486,-0.008805778628192096,0.003245918927821556,0.03192723714155821,0.043016451546209034,0.14224502473909606,-0.0516398007254556,0.15290524334830824,0.07864949713094305,0.03649445610495361,-0.00038744417765679273,0.027572248136829236,0.04864733387731013,-0.08519491050533667,,0.0328091505117325,0.04137945235042806,-0.06371939322054365,0.03623173380397793,,-0.014042874524045401,0.009292800830340564,-0.16156458723820089,-0.03219624227882345,0.07155640617932146,-0.007037495684898865,0.0306750153624209,-0.21381558681276291,-0.0017642980168449673,-0.0026073005821140027,0.006973231491149923,,0.056080654769636196,-0.043332452949328415,0.06412777369071887,,0.024971752459899355,0.05254471424000151,0.009063950293772605,-0.007890255851231376,0.019630034824523745,-0.06518806500247765,,0.09116991621656423,0.009310116822146108,-0.03805684548523447,,,0.06613273027124378,0.07450252742784791,-0.011716690751977565,0.030454613509645068,-0.021442982745835226,0.02903283507359311,,0.02768017625382435,-0.02506457759793801,0.01048749325969145,0.07075749032965395,0.019203333614720375,-0.011259109376311804,-0.007283891120638986,-0.03197096211117478,0.05029864787690963,-0.060075931364474755,-0.01411740712259324,-0.03598939051025052,0.11474314537433195,-0.020501056014756047,,0.01625313463623579,0.045155395288043465,0.02897578701502246,0.012895419021050403,0.042179033186943826,-0.08919979755627572,-0.2677443884974786,0.020281179869980015,0.09121629352669025,-0.03480333565525762,0.0029287798960608846,0.038434489504897584,0.03623170684477639,
2011-12-31,0.05965450535574357,,0.030796814849970877,-0.08113273113827257,0.030999284431242113,0.026391457803607077,0.06522394206757309,-0.004143439638324753,-0.004718558408312368,-0.006493757595238847,-0.05096660086760896,0.10878949150363537,0.023157573946117616,-0.09979721340026226,,-0.08909840484758802,0.02418432824165695,0.0016580160228729657,,-0.031379002371534015,-0.018109711437092613,0.06784149280970442,0.022058892228866478,-0.03595122079842061,0.018927044668606063,-0.042627177264656146,-0.03741573244794161,0.044385526420422705,0.07701726045655155,0.023124421389758343,-0.03123411652805208,-0.094915243004698,0.020393586818274745,-0.04257634702204294,-0.07437631062079098,0.008485375950061824,0.058601020859971875,0.07698127060807769,-0.050418138459452644,0.009726691201913606,0.05085856245095077,-0.01674290018995317,-0.05306760235756558,0.021732754884819627,-0.023212055663995312,-0.14321917269026574,,-0.030042344790082165,-0.029940167390500094,0.049948706472321414,0.03481807061760045,0.02828390053733343,0.04696784535745646,-0.018846569105062105,,-0.027187358629442215,0.06359031185788044,0.05515535552062745,-0.0503434463251059,0.02500815824157865,-0.05749536767984431,-0.10832546408195087,-0.05041469757052841,0.013797776353347446,-0.03072792411679215,-0.021214262306131326,0.01509377276449797,-0.07095947660469326,0.006762665173749793,0.10596930952791794,0.018730520879513213,0.005298347908398782,0.13662995386723265,,0.0271018502063487,0.011514234949795421,-0.02185366147374579,-0.047910017074634936,0.07759560049686387,-0.05664464029648231,-0.06222871252062501,0.07190192425532271,0.0036937107153851567,,-0.07437308690678346,-0.021915651134103986,-0.026495459836297308,-0.012208951673872925,0.06632736849487753,0.03573757113324705,0.013287599077514312,0.0736199111649305,,0.04663809675353803,0.0395219988708726,0.09050787821545203,0.04075612458956179,0.05328121527960317,0.09801878623506366,0.03518867394503533,0.057059710132400854,-0.09197932695293365,-0.005509713266850569,-0.0046192121385996154,0.050356084119792976,-0.04181538288963649,0.04148276398027062,0.04995879913141099,-0.009529861939814754,,0.008514562325695252,0.04763210224369341,-0.0029948290484916873,0.06720335256199772,,0.04736677733376471,-0.019122356451598765,0.02298873944821933,0.014855772031432624,0.05008344751378324,0.09812455915508522,-0.12415400207806537,0.07376417236199151,0.005739583929751602,0.02470676692126461,-0.05174357237253013,,-0.11324340798021493,-0.18181816138559093,-0.048071593995995365,,0.036718554269396186,0.0782260692729857,0.03314262703382531,0.03446408576692139,-0.0788838848321528,0.03845917018387701,,0.039888618252367,0.06382530545766785,-0.01026883188239791,,,-0.001824687657970392,-0.06714902108920273,-0.045822700877050315,0.058188020589296174,-0.05852799197302383,-0.09318977816990537,,0.05420136235808437,0.03871857391826761,0.0531614834443237,-0.04093517169612815,0.02237550074519623,0.043477985629728044,0.08631835691110878,-0.028083323390455717,0.0461916217035887,-0.04825360850582061,0.035799266679509056,0.05976059870715167,-0.12767269168670414,-0.032890337427364136,,0.042687105695316196,0.024465965616372598,0.02006964564582492,0.0483939912501965,0.047024737820400064,-0.05478220053552019,0.14556741451094313,0.06334462399018936,0.06467131375402202,0.08690454296533257,0.06573850045457319,0.02094075664305639,0.0537043799543917,
2012-01-31,0.1271112328784385,,-0.028681860147232396,0.07721239158509952,0.0948001507527314,0.0936279015916317,0.014257119094281956,0.11488657359804533,0.08232716234789117,0.14659156261461792,0.24259257771187226,0.057935219597526455,0.05832379261774223,0.12328138902585839,,0.09335018679705365,0.03333688753080799,0.19916226595195496,,0.17602169537452772,0.06693292252612348,0.01131540889549143,0.2823741436277343,0.12126117586325069,0.04938438588379501,0.07178549456985417,0.13209009511106418,0.02109531846001289,-0.0761584012066524,0.017479744782702422,0.027129745898175628,0.11610484416533495,0.12847979868109993,0.1676167465628271,0.20979870704034997,-0.0007399494514964688,0.08214275088129686,0.012293656126136865,0.06738118928414671,-0.011703817124088856,0.12104664764597883,-0.017072281105120934,0.08181593397567855,-0.06394930939124654,-0.01260216158390759,0.1511926021698391,,0.09045465024582611,0.0707501883753523,0.027672469582760595,-0.030826672201065053,-0.05727216174596084,0.1651603207505583,0.11376933825886426,,0.11628431924274674,0.037333304897035235,-0.03136307865630128,0.02919388713864568,0.04187249104219726,-0.029132417604111782,0.10281187483169996,0.07912775041573061,0.18303720338393314,0.12634955144317406,-0.0827760154849112,0.15880584582265866,0.2638297860589165,0.09555762785582456,0.07408820575271102,0.07065028247527216,0.048305317250728175,0.04466827112211602,,0.19374504405275061,-0.0069144807508378925,-0.008474387390741578,0.18500243273585415,-0.10185792282027262,0.23266548766911077,0.0657783037087849,0.05589895895759178,0.0678933183818844,,0.08618007393848237,0.047422560710927764,0.08948448577236978,0.07628033548572755,-0.006695316318734101,0.1353032997915733,0.005032456785477368,0.12987906378642888,,0.05927431944056538,-0.02718869127004586,0.01894418690247024,-0.034872481308171666,-0.006547929897343985,-0.04379218978610966,0.017552521188473058,0.06273946247186157,0.15045935546154854,0.3265621144711419,-0.04586697861758515,-0.012758075455299833,0.04890253893467733,0.02516130819569473,0.014739306324726975,0.13309809144957518,,0.06093223820872118,-0.04215829712302055,0.1480927724735348,0.015119703414186558,,0.0060752317340388995,0.12202166649071722,0.23604541289121594,0.1375191545352643,0.20826698408061062,-0.016918965625337345,0.02449629797491215,0.7347384799643761,0.07907032593617469,-0.007353179323092207,0.0881015912241836,,0.06565638519305339,0.10226097635771247,0.06478108165584429,,-0.010248273000200148,-0.011090229654570072,-0.04746697550182344,0.06032484746324074,0.05809866534559105,0.10912910282827815,,-0.047273245201996605,0.027508606977367567,0.1420593151544658,,,0.07532027282473308,0.6391846167804183,0.07196606934142125,0.04151242092645946,0.034635390078047834,0.10042455410876472,,-0.01576985562300226,0.053667945618595114,0.022904629534003185,0.2890240221704625,0.11506754796226315,-0.008445027578028896,0.08697974606567338,-0.008004844522148225,0.055615563034790316,0.1763394344794611,0.01843305246805027,-0.014703318505344565,0.017857100371840184,0.11820698233077631,,0.021902573540876658,0.07900668997932847,0.03361121439523074,0.04325331351092476,-0.00876566852804117,0.13966714326075524,0.11261673536797612,-0.04910637166428711,0.17447531557812823,0.04914739426983461,0.05986913813187944,0.026773600970878997,-0.012033911882190718,
2012-02-29,0.18831024413740782,,0.0454297622138331,0.03836770192341166,0.0626816988331711,0.002043859936636805,-0.008397433111700048,-0.01358388668439614,0.1636792276430985,0.0037389996731713726,0.09538000936619029,0.006556928460537126,-0.014643322659189328,-0.07585889544072666,,0.09152499203536335,0.025105119077479143,0.028109756761377724,,0.10813194936311787,0.054846500650532315,0.016327031077927545,0.11919057514575293,0.04776479133322664,-0.027930400617505513,-0.012547653801030179,0.18419629978384866,0.09340627993613593,-0.00217133279449655,0.09836116505061487,0.0010207247525411134,0.04362411919136733,-0.012017780416240242,0.08497872981454102,0.046645858011395536,0.030316159901011996,0.06868801496877275,0.10010410338067954,-0.016060794322642846,0.02711583486077318,0.10647100000494936,0.20867622066996772,0.10718137332990763,0.13244491371777567,0.04904459242821657,0.2256848227197361,,0.011705229284662444,-0.06310195593749546,0.08024016544405166,0.06629503909829859,0.01909224162504608,0.0,-0.03737650200733367,,0.006093868544118086,0.0794346318492909,-0.006752153455167664,0.14887938351716512,0.13101306726113737,0.020367236005196965,-0.013178224851080889,0.0727339604987105,0.16855647395845597,0.07263152063496725,-0.004732720386930067,-0.003220902292681127,-0.07898723716579648,-0.016395211344589544,0.11099416264579598,0.054221715617803534,0.058849013612478185,0.027177485006063984,,-0.06794909766401502,-0.038162491787976593,0.01876548934529998,0.08326420535698476,0.06574606014256168,0.0360436279953662,-0.005165617163109926,0.07163798123084986,0.03283489380616711,,-0.09542523718590268,0.02542144509515376,0.025541475008194814,0.02480538002169186,0.11243504518190317,0.05015988399959248,-0.00387132989803729,0.052010983771193064,,-0.04645255973275053,0.018445889958562,0.08531008068692691,0.03450293399420601,0.026365294081829527,-0.0001186096573330131,0.08612735385580206,0.0577715944104813,-0.02089727172067768,0.0018562470749088344,0.1812015511787155,0.009362054955579069,0.024399442153569817,-0.006006024661477372,-0.01166726744917701,0.0911406300680282,,0.017083931781239015,0.059859212893856206,0.09341319891009614,-0.0026130633610825793,,-0.012345311737426923,-0.034748959866484186,-0.005897817077970879,0.081915061639948,0.12500024128041543,0.004282300594619537,-0.0333446258137482,-0.0787855688940351,0.037792315080337424,0.038969347381372144,0.11557167561197068,,0.025727885401208406,0.03686661096336108,0.046105689936706495,,-0.033712618924297555,-0.002360619570071276,0.07265210944213396,0.056213336229530064,0.11813276048540766,0.06149438222866066,,0.11702540607954348,0.01018363174876602,0.06848318983599344,,,0.06076157705508667,0.1533127719929761,0.07655870507896112,0.016933277056066176,0.197237993822325,0.036110004431872955,,-0.019854470912583078,0.004178773036332517,0.01741237232422721,0.2541621510882448,-0.03229257611526126,0.04012222243009145,0.07576307791478776,0.12214635698318577,0.07753517008188626,0.07032136146275336,0.16515841550058386,-0.005659914451370929,0.14929469065926892,0.029956816080121795,,0.07646253028036565,-0.030351732566718748,0.0253303399188336,0.04181466031280756,0.1585112662513546,0.027051834498548644,0.053315219630029054,0.011949203852089862,0.07977988065456376,-0.035953086356713015,0.07562753292483126,-0.03715766165558365,0.03861269971352321,
2012-03-31,0.10528393545322112,,0.08267066083990238,0.08330524182856558,0.04317427819988051,0.03853134181355311,0.02351979659574721,-0.026667054928151468,0.05509968782770369,0.016325807864281616,0.09115653902373722,-0.000588222738358235,0.007031189527257675,0.1269964720047312,,-0.06939699964998625,0.024481943049232235,0.07006152410896549,,0.03980321182404767,0.09396859441447658,-0.0077385514344927575,0.20075275252571334,0.03441331842719042,0.024874682415776617,0.08182363423555028,0.1443015261859708,0.03749765116093551,0.04911429643833687,0.09136149908732527,0.03441688569367396,-0.03858517350701862,0.035493619427737766,0.09693932904643465,-0.06733209067404244,0.0273527355215053,0.02953135132935447,0.0006308297685475583,0.11755249668618206,0.04936699454684845,0.0204006638055787,0.01882864799153694,0.10158117822964319,-0.007054282448612503,0.055078402046021546,0.0792818589628217,,0.0638826269657955,0.024274037086993827,-0.006652403184039257,-0.017503910947998635,0.014662013251437012,0.04112373141089298,-0.0190023462807537,,0.0604831886843431,0.04262912220998616,0.004302286895919494,-0.0271370669803479,0.03245658363170967,0.12954186907966303,0.03716913870780769,-0.024240214915802194,0.12319863603698211,-0.045219627389922024,0.00727732300831363,0.008077426102730545,-0.1062031277023745,0.02337327394883082,0.05035752639718982,0.0466062774609286,0.0020481500215705495,0.05354352036537313,,0.0729027754747249,0.029757092186147194,0.07975448068855862,-0.014220007237203625,0.03718567511420856,0.08016334581708073,-0.090651367354733,0.0641111494255604,0.024844467470633846,,-0.053779011108896935,0.060590160680072724,0.04613065999207344,0.04011058204762996,0.05889130549007038,0.032106547162070065,0.013521923531264024,0.17176313517241937,,0.12461220405111018,0.024299335520540977,0.09676462936661379,0.06716329808747079,0.057042748656355835,0.02624863348501094,0.016400871889945323,0.10570814524578553,0.07002424630031401,0.01714786967274673,0.0012860079002987579,-0.011885173799567217,0.051011366056069596,0.006030127827335363,0.02806935383274034,-0.031128676804045408,,0.018378967881502062,0.03958328120007715,0.04356234787672264,0.017239196257229583,,0.05096116503684622,0.048666963302883115,0.05933112333333379,0.016383041203043458,-0.052631518744860495,0.026382564081408155,-0.13185380790365742,0.03892392056476801,0.008181389706741538,0.021233894796888197,-0.03566389462643449,,0.01650154426699424,-0.0030771459321256023,-0.08266989085849086,,0.054178449742220636,0.07193554664095103,-0.006063147191310514,0.08216593395347593,-0.05856792030172664,0.07894401208585222,,0.07029286511204935,0.08350127357919157,0.03646207962754722,,,0.09456420516845454,0.11289251352630725,-0.011088731378423589,0.1509471767850037,0.035302465428276975,-0.09895651538440664,,0.016745964654065082,0.07528803019471786,0.04146978626493403,0.02665687463279065,0.038298903581087895,0.020921665982083226,0.07316227097957828,0.02787083120338929,0.08467640824835687,-0.0018960545756673275,-0.1242717027097896,0.02861787108748759,0.11463660465642023,0.007796131842642495,,0.060319600278532226,-0.025124434528695505,0.048447530525243865,0.0842224111345562,0.014007162139811014,0.05226675064933306,0.05369990367202848,0.0031488983580034713,0.054521870642467496,0.009551789641052189,0.09430010903862929,0.04281675519172867,0.0026593806865076175,
2012-04-30,-0.0259696622983433,,0.021223592476105946,0.017856322720110063,-0.022151037767725312,-0.035148223371002096,0.0077910856445218,-0.02065651257669754,0.10379507121417442,-0.036947476957694514,-0.08229430007206062,0.046196867786719276,0.0440797009326972,0.14512869305691534,,-0.04304017088864032,-0.06873648973869484,-0.02727115164314209,,-0.11521654583266949,0.04421553326259975,0.032674330212500546,-0.1525602621144111,-0.07310106309079911,0.010302939948080958,0.06357138497488823,0.06037629202921857,-0.06500681462608537,-0.0012393885389426762,-0.014475121933964386,-0.008626057479659832,0.04682277741058116,-0.14930987280249786,-0.09603311351924049,-0.03112395180707106,0.0378418653274204,0.06130433291277537,-0.04696610727193129,-0.061319680798113674,0.01829391763600885,0.016852481181497403,-0.08125704518183774,-0.004664472497871719,-0.05762376598487029,-0.028854578475664083,0.0078961140386542,,-0.04319581869748046,0.03578046925876377,-0.00028043541490496704,-0.006062520068043309,0.019136757623611667,-0.02193995041872432,0.018046650494127237,,-0.031785295587318574,-0.015303623357440177,0.019990225439206144,-0.017857180145339324,0.11165320046882887,-0.08102998524960925,0.006899358681463852,-0.009976215825644785,0.04287079216274314,-0.03311214759078562,-0.005100718471893084,-0.09224106970391832,0.015512454271253695,-0.040452271651384875,0.01660624798469712,0.012970190716173668,-0.07332838661629193,-0.024414390533222696,,0.06467409502426791,-0.006560745064543516,0.01917620402279141,-0.1033137182551519,-0.056749477529979164,-0.07413359261736063,0.031033582189024633,0.029417906291203444,-0.006387942229644117,,0.03902659573836864,-0.007524588008977595,0.009957045556869604,-0.03396253859043563,0.06728200921543581,0.004551854498547447,-0.013038323880374736,-0.05912675975410053,,-0.04208012945659567,0.06198391526660241,-0.06280214544533902,0.031211798868927332,0.00924607206574013,0.02781236288594835,0.007566976024055316,0.00732401841097885,-0.06611370733746114,-0.04284083566801222,0.0761871542881214,-0.006626166931882116,0.0414722315473004,0.04893445300540389,-0.0192343769144373,-0.03534111231692971,,0.0016812367259599892,0.04340790107135506,-0.040360178663689794,0.02187506821826024,,0.027076345891697606,-0.04577255544185188,-0.1175887174472291,-0.007439713234682954,-0.18641980436342775,0.053535871354181586,-0.07060650609805452,-0.3033729960404994,0.031630576060033944,0.03601850775608728,-0.04668413130848936,,-0.15584415364602855,0.010281232027995912,-0.04210850905785024,,-0.00527501100800476,0.011037722097941405,-0.04510738957223681,-0.08110431819335095,0.03713742692403299,-0.007218179377606937,,0.010156796668046475,0.034904634227431286,-0.044959758089378354,,,-0.06215095635599688,0.15983535322584053,-0.01567403565563319,0.026480762893663634,-0.006263136087988563,0.06020318592013463,,0.022479482036528387,0.06809419932428207,0.01444157984292671,0.1506743280883589,-0.016402202591562887,0.07360580032538966,0.027190409017700423,-0.005663347825738851,0.05036504303731992,-0.012948297796196995,-0.19068743983208736,0.08648620949895669,-0.11036515683190129,-0.04460740707868771,,-0.04733615171550287,0.046148430869245693,-0.031962220234158734,0.015466919087782083,0.042203123278843346,-0.04152124347589947,-0.06169224293697284,0.07017675137071544,-0.06233372803607429,0.031659837314826245,-0.02108966993462602,-0.03741829196903845,-0.00449708744483035,
2012-05-31,-0.0107028720152198,,-0.004350546578196779,-0.12086222275813019,-0.07451564998065352,-0.05930972029464954,-0.062387728420134514,-0.10329986701243488,-0.14252137077554838,-0.13111223474216838,-0.1739130688299524,-0.01736178999356952,-0.010674189361334463,-0.08188875050079203,,-0.15176140924491344,-0.07544719023805857,-0.08513904758342772,,-0.04002308159436618,-0.07274554925018151,-0.08829936908978042,-0.09249161045007925,-0.08644661461269931,-0.06781390937822473,-0.0243265028017714,-0.17787371126579377,-0.10846630357206188,-0.0008991661709089049,-0.13911207923179092,-0.013548743060759594,-0.08306716273979342,-0.10504775686990908,-0.19739382075674483,-0.14741636249009948,-0.047913482517246475,-0.03550595275155566,0.036877782325442476,-0.05018387592589868,-0.006468511881689176,-0.047446428994830314,-0.031036005020043667,-0.07317699587788884,-0.03256768901329277,-0.01705790712928479,-0.10986957422151233,,-0.18997995553578473,-0.056627822137726214,0.0071717541617031255,-0.06911810841602961,0.007643678111044716,-0.08323490018519297,-0.10308345086652415,,-0.04149788375040164,0.06031056833215809,0.03763031588891064,-0.1478883097378172,-0.04461256641052935,-0.006340034213833334,-0.102518256128462,-0.09571099591322196,-0.00663824852717354,-0.10744959890430417,-0.04272088165065968,-0.06382962573251127,-0.1634463337566614,0.010199542765057856,-0.026432990907718446,-0.040688584053208854,-0.05170403660716161,-0.025025474591134467,,-0.03979227024123533,-0.015685080728912837,-0.08948359820629892,-0.03478291142733436,-0.03966271563273083,-0.16493773290871006,-0.12156659132359882,-0.041685384749197474,-0.07643344887888304,,-0.08400680912952219,-0.06457350445276733,-0.08354495497257752,-0.030015569238193707,-0.09529575396097789,-0.0214361773605366,-0.03167842690026479,-0.2287110963157808,,-0.11465830565168755,0.011214057633600838,-0.04763216457084485,-0.020832966254701768,-0.08176293098958565,0.0011193642191373865,-0.07442318160719086,-0.15093747502874066,-0.10487170662173428,-0.04579716119357369,-0.10117827587192729,-0.0760442356650396,-0.04518100567181471,-0.040130481265897466,-0.03560137809116448,-0.18928650797064717,,-0.048851900252259606,-0.0006210026614811293,-0.12727750188150833,-0.042303706907934724,,-0.04394618133327788,-0.16522326421094946,-0.2268519696819209,-0.0824003686487369,-0.11380891831663476,0.024819740706384374,-0.010283088883399572,-0.2083850101580036,-0.029768860520752227,-0.0628654448181768,-0.1189283066881146,,-0.04384580473951083,-0.0996599048293546,-0.13100177360328313,,0.03607039114632182,-0.035514244086566005,-0.02121340966432239,0.020187781290324613,-0.06331908407064979,-0.1057047473096201,,-0.05585925038942996,-0.07388411325505528,-0.2327386624770703,-0.11806153591091051,,-0.09828560181084522,0.0028832102283757877,-0.0864776341440524,-0.04029156789066268,-0.12351210425452308,-0.14338103178286765,,0.010131026352732997,-0.04574989761678361,-0.11271345675824984,-0.2382963986711084,-0.05717450833665183,0.038285997253011406,-0.056803827340251356,0.004921460856751381,0.020810835885412216,-0.09290183371335359,-0.12328781775549524,-0.028451145411361733,-0.10956834118448544,-0.10832825149789538,,-0.006767758479429342,-0.003907789674435502,-0.033813904540779705,-0.032949891344153937,-0.061491604740766204,-0.13973032248626627,0.5602911026448005,0.031203570190454943,-0.1911875729444915,-0.008820684150971814,-0.034764414148361955,0.1248795501935831,-0.08302439356936275,
2012-06-30,0.01085343279397466,,0.04337247846690939,0.052364494201417866,0.04251206851073608,0.035743783146947816,0.07550586043796526,0.06262498142980344,0.09972596385029986,0.10842154864976639,-0.05756577451060663,0.04876320086230623,0.08094300533456256,0.07251884325323021,,0.07999561536768707,0.029919883167390582,0.03450466553391851,,0.08939207996334497,0.0426292837034703,0.06737482345669354,0.1129255717573987,0.05702991189240758,0.02852826163465716,0.10424477921845132,0.062398989830013685,0.0033836509314404406,0.07828442718709572,0.07809447017447257,0.05002521661000703,-0.012195069270984127,0.08554853411772312,0.033949470016828354,-0.030929106440312326,0.02488551287878482,0.07435880883747581,0.1303030603545332,0.0020495486248028882,0.059003276699658436,0.11168367095955367,0.049648702797436606,0.06404532540987229,0.07131925759049418,0.0996648622027867,-0.0025972516673262724,,0.051438843902597675,0.07036843421734784,0.03983065006187636,0.07313592978919581,0.0372645916585439,0.02463494501466945,0.1014267781087832,,0.002615132985352764,0.06103698864180385,0.049135660636158596,-0.022308104728796296,0.07195724714049723,-0.04928279902295385,-0.004062468532561869,-0.09254729150982899,0.07688074434514203,-0.07102656586433242,0.017306705603534533,-0.09185614267678244,0.06335839205890359,0.029380862818237707,0.04617663658720872,0.07103664383580988,0.0304636105005871,0.10406162240438288,,0.02662668922018896,0.006791641222782641,-0.004619079072027521,-0.11171137370787587,-0.0013600719437323328,0.0016721041200566944,-0.05271067778812766,0.0739767724870175,0.0032338385075434406,,-0.10803807807131194,0.013893081349522829,0.03134652360896095,0.055486510782996934,0.058669467154691235,-0.051478036477199174,0.08217256040425025,0.07782828092666438,,0.0746236134729601,0.06565334980344817,-0.05761925988386196,0.053443810968841765,0.028879698796293374,0.04786335583866186,0.051690550390346424,0.06437133277296803,0.011796432553408343,0.020527174748475874,0.05805524147001617,-0.009066387582467361,0.0765875950508017,0.016955962357607435,0.05130210739603447,0.056145119240501584,0.05067566380760291,0.06148629804978789,0.08664205667957914,0.24535683085888538,0.12310522763194087,,0.007817314141286058,-0.09523683060320387,0.09206613877766179,0.04796179365307607,0.08047927197362359,0.05310718319472785,0.035777360249921175,0.07960292683517145,-0.188574619730268,0.0857870007205852,-0.03287231965805881,,0.11182574817670732,0.12202468281057222,0.08924360919405694,,0.04141491622860283,0.05166895351617273,-0.016696487852190356,-0.04141744636799405,-0.05945689471979876,0.04825893276418025,,0.0418671596561242,-0.0050473147608298685,0.04262646418720717,0.106892836473935,,-0.02844209278387555,-0.15797998149167958,0.019161104005649854,-0.02860279497898599,0.037721263471001354,0.026245450740469245,,0.00849427199577879,0.05517889817781607,0.03734461109679188,0.05548427403138323,0.07519773418446962,0.043605465742687866,0.020846626343968166,0.004834857126315928,0.011069271881724463,0.030992260855633447,-0.05468722735522713,0.029391335191778944,0.060677738621238486,0.007373800376208051,,0.05282833897953765,0.0710053312475789,0.050973754506708824,0.040229711059332596,0.07317694106992434,0.14454989914717675,-0.06862096408656992,0.06724314941508025,-0.028990302352624342,0.051018353898417246,0.0433698454313729,0.05925262963878941,0.08826148836332992,
2012-07-31,0.04582240146357419,,0.036590744910151685,0.0034948961433718395,-0.04603026939400068,0.03743054778723631,0.015989966689955448,0.027940497370650297,-0.025553322589940253,-0.04890788025694204,-0.2914485289240848,0.1329030016113637,0.034330010824514146,0.021677287456954186,,-0.01819133776703119,-0.003716578959510941,0.07210498528347098,,0.027855388291118555,-0.005220333530298493,-0.00524856922458794,-0.102689589850812,0.10084631638129227,0.0128427050822979,0.01004292075913904,-0.004183425466637414,0.002591200687089401,-0.00030742126713567686,-0.024367247510404644,0.018120658510212717,-0.08818342033018323,0.05967865579688181,-0.010215123881500143,-0.0019077610598783323,-0.0017272990604478844,0.054892581877143076,0.08536750653159908,-0.08454556023297277,0.037405320126140174,0.018141978096980038,-0.02819703530336959,0.0334791893889943,-0.01431041474357253,0.012420692612343576,-0.10053513165160866,,-0.06670539414852106,0.025939011569503068,-0.02841334176038668,0.03867341969530225,0.005740580925329253,-0.08634954055448141,-0.05008005475388433,,0.014016637016035727,0.013195902367972412,-0.020237071912304172,0.019486402412875137,0.05451078486377714,-0.1646023416080633,0.025547089774841547,0.08970462342931351,0.01440368020995808,0.10623250177806232,0.039872402303470666,-0.03649638729434712,-0.0023030623486256507,-0.014299481851418938,-0.07746470628694202,-0.028939406424241865,-0.030721634741635695,-0.004318363448531315,,0.05947777262571452,0.012712175675266169,-0.11755596507257371,-0.0005074938245885896,0.09119586765584708,0.05257665024345837,0.1669600789633945,-0.01528610737738334,0.039577541963451424,,-0.09298864922113459,0.0020456195665503607,-0.035647006852353336,-0.01995646479692237,-0.13053685352345823,0.027414987449553507,0.024570855495148702,0.015957615580195927,,0.03370593892785889,0.0374835475052564,0.12241935150918537,0.03338059786100289,-0.04570930549879704,0.026101112939463933,0.02514893421204656,-0.10237786788812164,-0.08823535550522155,0.1057858862225769,0.01570894121294919,0.009374575241426486,-0.03221331675376293,0.028223404417758058,0.02461728741176339,-0.002593486207428608,-0.30192928850191925,0.018191682001816867,0.04109990156071075,0.05298283465711262,0.05796362724998816,,0.03771444758847986,-0.0017732254033168138,-0.0601276388593911,-0.036613232863074385,-0.015847778253856748,0.030373289199587816,-0.08328204066648659,-0.169952023461018,0.06345403328370702,0.03778074746108695,0.12197373251948829,0.09756097797361263,-0.020260093810911206,0.01893967193431023,0.01469056654178491,,0.029295157352164702,0.04521729879791048,0.06285494960489313,-0.0523281669280633,0.044745027680713534,-0.027083541946647527,,0.04790317606631955,-0.02643842236041638,-0.003097109567119505,0.1372987174987541,,0.07183936395844404,0.17886509742238754,-0.014431496699447433,-0.1507875077496521,-0.023201895231154346,0.09782769990953466,,0.03995696156947881,0.031029042149602226,0.04355537344948579,0.2139103837337466,-0.05571689527977075,0.08098151491919348,0.02343532800591741,0.04227523891252605,0.03144603018231917,0.07243304566943176,0.44793354860171375,-0.018640223530989708,-0.12368169724771716,-0.04453546726713953,,-0.1266665070158286,0.02765921760373713,-0.03999474627528854,0.04166705127700365,0.04400227407374069,0.13871592640187136,-0.13251073122400758,0.027192886115577686,0.3047895803047014,0.0674101898599202,0.011064821271646208,0.06755580318278409,0.014958750669500365,
2012-08-31,0.09387624651631099,,-0.011612007971273264,0.021558788029647502,0.012629576023194033,0.024660258055796858,0.02705570257930967,0.06246509644816056,0.09785777281330055,0.08159391833631724,-0.0837438224042295,0.020447838949793518,-0.0264140011470132,0.06416629856391265,,-0.004296712717161477,0.026731384406269987,0.03379754162702975,,-0.008943066421846724,0.010223418886533775,-0.02816682950233118,0.08855569386896134,0.0029055316987507407,0.003566468890715102,0.0052115099588105895,-0.08639351043972476,0.044732336155558494,-0.07275236715901878,0.05921082727655391,-0.005893446741895847,0.04448743049891002,-0.018851874685285708,0.0955065244136093,0.013300122944357895,0.003129210486879641,0.025533733170852058,0.011440521369744161,0.1362960660895438,-0.00978027033290163,0.030107295083428687,0.05354081094336838,0.0015933443489197785,0.04316698495192117,0.02050123364333012,0.1674172245052601,,0.19623843420586118,-0.014847845776714719,0.00663037099442243,0.03173821716838865,-0.02414498357510897,0.018415727416779326,-0.022260077961313574,,0.014391059553022778,0.006715550554511118,-0.03341877613420774,-0.0218198570862691,0.0715574596113484,0.12347521983922172,0.07001547806861885,0.10498969118607171,0.10927126788276298,0.029035435662581932,-0.05499280744181334,0.01632206424362348,0.07246757008464333,-0.029568335039774962,0.0019082253005024974,0.016825899777406672,0.03262923278528218,-0.0019278033485929935,,0.06184401911690007,0.01627916564915255,0.05762372136139016,0.08320645532821969,0.08234206383088405,0.052374994074612546,-0.008448816989099273,0.09317562308764793,0.013355317812256295,,-0.07456162816661793,-0.001520804621034877,-0.025389146923436856,0.008962865737487613,0.021370718412309975,0.0910935566872304,-0.01700802833048065,0.03166640064153747,,0.015534837568609294,-0.03808520094817369,-0.0011168121450310098,-0.07425764009765246,0.016769370055117916,0.03157940611457244,0.03217695981256319,0.12258567629319028,-0.00813723726033988,0.10614525241606243,-0.03131209451504968,0.009336118810124194,-0.03770923880589505,0.045328699033205355,0.03145580520218694,0.1091975306192714,-0.16812498220511773,0.02148256517181424,-0.055879819360089344,0.10186218238568201,-0.025356593253349935,,0.028906649908541304,-0.0976910388092761,0.09809688361391644,0.052737456782516956,0.0,-0.04223192609218329,0.1396451052818577,0.050483655681160755,0.046774953599142854,0.018620267960253845,0.08990363611914054,0.15185179265601922,0.03618892092090942,0.04801308100152668,-0.023210474285397686,0.1267063745038275,-0.004125226925029368,0.0016792205710540742,0.04105986123054728,-0.010638326981423862,0.0007857137156608296,0.0569126397277373,,-0.023403106114152528,0.051776077359125816,0.12903865938595294,0.11702121676314459,,0.029825773013296253,0.09951742899676819,0.08010532751228094,0.09988496970780303,0.07296904362927759,0.01948623340485245,,-0.04883482614908974,-0.004518882521714285,0.09593460153812061,0.07670128792480813,0.023640226784292784,-0.03375557615257496,0.005418900217021072,0.06280730194025042,0.03673637522630946,0.030177718574352808,0.11073053476477557,0.03335992017451517,0.04011653556144301,0.06607925406300708,,0.06283016821612297,-0.0047070048811654885,-0.01648582896813322,-0.0026866375318888025,-0.004667170492936856,0.14360466354019397,0.0993610322880989,-0.04873735322509254,0.05154685683301308,-0.0495943584649865,0.013069599905047857,-0.01931165042505001,0.0117134231366538,
2012-09-30,0.0027961385530848037,,0.04607864639402037,0.13685064928541868,0.03741599462160616,-0.014090953393831485,0.01681189147574802,0.03681265291119651,-0.04485888008360761,-0.04448269401321481,-0.09408605923637725,0.004409757440095863,0.017371072080344163,0.024368612817364355,,0.008396799742610872,0.00921869696120603,-0.031052329785807187,,-0.042142134850211344,-0.024699259478294766,-0.02521050881345288,0.10651458193942154,0.03500416327447642,0.04006760731277992,0.017873050286033587,0.023984103504850918,0.010942265981874755,0.022417197238235653,0.003549012512393146,0.0457671422570054,0.06296290180483743,0.05856154215106324,0.10131275979375642,0.008320546995306488,0.032056765867858106,0.010084780379383318,-0.035218578222178554,0.03058771132990823,0.008559999277176322,0.06591116732571756,0.05209283814724852,0.008491196892293384,0.00686727481242988,0.023397600428755272,0.05172892644129856,,0.0010476571241904153,-0.0761356884915475,0.06300754574204026,0.039229984681325325,0.008765164764546585,-0.0012119981570133387,0.10421089492026914,,0.029966185093567743,0.056802085692839954,0.0001541525675385902,0.049632468288496545,0.018959575243158833,-0.026326430926793543,-0.04830434887255908,0.034625989926741374,0.04249924035423902,0.057021353476238934,-0.024403525807146886,0.055674360058859174,0.09609538441703114,-0.03277053843531319,-0.002647538902648794,0.038143336331881716,0.009311574055290706,0.10494639583641452,,0.1497660764942994,0.013221318881590172,0.09674719432459211,0.06557361134735817,0.10131500063904753,0.07529336029087119,0.028388854260175567,0.06378834122579247,0.02224102383574822,,0.018380240621717725,0.06466503240836086,-0.08739376987278924,0.005807879639720515,0.007808203360666344,0.009455691210279449,0.021948866075477413,0.089930209386752,,-0.07016203430013634,0.03522600382944607,-0.006989096949501117,0.021065063343804757,-0.010132004160832264,0.055667030664724226,0.024577803074218307,0.061797438525587944,-0.06885442617286375,0.057739370279425994,0.06758080275051692,0.025254651913225512,-0.01239771392281419,0.003433764371209014,0.060501898191724246,0.009668914260798855,0.19933528923053823,-0.001943676461809818,-0.0040420234941432875,0.05487917972416989,0.057594014396922466,,-0.007023397703086576,-0.09309578071525837,0.1159999992876315,-0.03439320807725199,-0.037036920380515204,0.04486696290257597,0.11305326232488078,-0.08841303833256808,-0.025164092439018404,-0.006876616167294403,0.01809383065007153,0.2437299553022645,-0.04918044969393598,-0.006003042853320983,0.01900962970714426,-0.043647000058660845,-0.015611338690090348,0.04149198721970837,0.03229630958556551,0.06195567558589521,0.0450112802960656,0.03316437948133655,,0.01654545659029738,0.015122213253782046,0.0,0.10404702479633765,,0.020629333209818412,0.0311380684360012,-0.019536506886900118,0.022173224618738496,-0.05189056722039109,-0.0006905304824584846,,0.016765945316964403,-0.04341500782793317,0.06621076341094811,-0.03280204256721342,0.04905425608578495,0.028930666656209914,0.05136325329261737,-0.009673669553236008,-0.021838715764061822,0.02805888596216799,0.20349453541051665,0.06194151849585672,0.026648171667929876,-0.05096430930163054,,0.024575052965470467,-0.02256256796416556,-0.030348099106680126,0.03253974694148831,0.047017196995972954,0.013435501861690069,0.04800295276012978,0.06124796652335185,-0.06801196706564427,-0.01197818738403933,0.014692738104070902,0.01652890769243176,0.04753745274263599,
2012-10-31,-0.10760073996621877,,-0.037657814490936636,-0.026208369644698304,0.04901357028045017,-0.0015317307336317754,-0.014831078195019498,0.039681975722713814,0.06526354055403916,-0.05102944111905805,-0.3916913881508367,0.02609984407009458,0.054629751280284466,-0.08426390830086627,,-0.041531384050731535,-0.06251511497469087,0.021229496047394436,,-0.05276758089381173,-0.012197720442014504,0.012069314522635377,0.05549249562772318,0.03915675277626951,-0.036659870318619836,-0.07372159711174175,-0.07317440885098014,0.0638256835313793,-0.004848566910691465,0.09819456120401493,-0.02097504011487339,-0.10452960427830937,0.07563065394729529,0.14272598202211806,-0.00834302075779969,0.04034422716631636,0.041341919044128206,0.031308369037464256,0.08119563237159477,-0.015560809960714073,0.054894964693997794,-0.023738770440528967,0.055428833886578266,0.023519193209635247,-0.017271907057649027,-0.04394545362518343,,-0.09544318405282604,-0.013493839710246314,-0.038358460049643495,-0.0542212593172291,-0.003022001486841508,0.011740207154983917,0.03601307401658449,,-0.06201277599850419,-0.06044368093489616,0.013891344758617086,-0.03785106095181079,-0.0022742291567947603,0.05671444868870501,0.0033145432163723676,0.04125191190328259,-0.12356205696988554,0.00714824814718118,0.0056207818230320505,0.13733495653028416,-0.009981146576986899,0.08709444327025495,0.05285044089988866,0.011211695863039939,0.03750532322865063,-0.0726552212486149,,0.01281484631866836,0.014071497622082152,-0.10646408103425298,0.12087961958554594,-0.09834305020309053,0.07661853605118463,-0.041555234934749774,0.01673042927419366,0.024937454538411563,,-0.18815935360332348,-0.062280176067140425,-0.04545498868924491,0.01215869814813475,0.09400156688673733,0.03127658005055345,0.027717456417635677,0.03724916292151925,,-0.024313468774492364,-0.02716294505961514,-0.012559352156519377,-0.019773050626614497,0.022429505080999945,0.025732868258996566,0.003105481572864166,0.07604236161093891,0.11390822767021769,0.03348786359124145,0.021576574617989674,-0.0539508994901956,0.08462113569842167,-0.03689217599416594,-0.029944148206785703,0.029889370288898043,-0.025392357720180114,-0.05215307396957147,-0.04761877227594524,0.006228108078148775,0.011752135430476596,,0.00963368525702557,-0.13864582294211147,0.04128715021678242,-0.0409946603939666,-0.0919734837191678,-0.003838893443884994,-0.025704334097653825,0.4555478608165806,-0.03719345656659656,0.034020995276829336,-0.0800150717716106,-0.2076008187594739,-0.10194880827027208,-0.010140769546518325,-0.08250103477405524,-0.10703273508202182,-0.02161950673061286,0.0008051017086267986,0.006467614381147957,0.07521712822993987,-0.05886572098853715,-0.02112485545672882,,-0.01534389037939965,-0.07193872864652862,0.046597387803775536,0.022699814822048303,,-0.06178963511431501,-0.06786315193443915,-0.0016607493855130828,-0.09485317896818624,0.061767516089461516,-0.03871148947416758,,0.016272807768467512,0.0026344376070914777,0.01263989089947537,-0.1172480745038822,-0.05497706873185637,-0.06833751685476674,-0.12163623145327573,0.004411584044987649,-0.07055134947993291,0.03790628423274378,-0.12809579791901526,0.03926115261279217,-0.03927616266766931,0.026685994300590155,,0.01064778466234828,0.03647804580314662,0.02347355910290938,-0.031778233935506606,0.0333634337299169,-0.08143898805831173,-0.13616032731181293,-0.00961553127579784,-0.11618884314673517,0.029269309938129373,-0.024326672034269414,0.016531054525013023,-0.003062089009379876,
2012-11-30,-0.012374133961015832,,-0.007633760685181956,0.007565213982586361,0.017043839314138998,0.03783204060060452,-0.018168697939608958,0.07203037417311053,-0.051531684072059214,0.021319631552849216,0.07317077992999343,0.03104880455713177,-0.00478164578093343,0.08227061714183037,,-0.06806083000126095,0.06977938642259796,0.029768869835971934,,0.06267031119851585,-0.0012508558313938378,0.0609961600322928,0.05794032830898277,0.058119122630595266,0.01308163091218173,0.07872070830984024,0.15584640870854538,0.04675482001736553,-0.018646693485906307,-0.03116172687774066,0.020034781557663583,0.07782103224857195,-0.03697848482559973,-0.07517420091880811,0.005069897627419717,0.007374372903133031,0.011535772636686703,-0.08474363619232417,0.02490196408659795,0.033727202707424464,-0.00879279003974609,-0.011800020440194015,-0.04192810183486495,-0.015730331693609045,0.05881865213776227,0.08007952934308937,,0.11078354671945934,-0.027883412340065195,0.002370707662696425,-0.033007096479280906,-0.021437356218792614,0.030374805601800503,-0.016268894880945406,,0.04330137267462253,0.010993376902833196,-0.016331837030636676,-0.11235172306840868,0.09448819903793115,-0.08809177887587205,0.0457575732344615,0.009700369397427577,0.02862790841294882,0.10461679912153365,-0.14073316271036318,0.02598581013574508,0.003343509773608977,-0.025157052907542443,0.09826597439332496,0.02845307555505716,-0.02320825522076342,0.0033235682479546558,,0.11640367743126623,0.022704475945600544,0.04931352316573512,0.014901942570509696,0.026561645200580353,-0.033503767219254854,0.032827621859369716,0.06489248961679506,0.008438280180642188,,-0.06209369222527816,-0.018651117149078633,-0.08591473749785161,0.008076405177656065,-0.024381221862280533,0.003913188440925142,-0.006684210956813819,-0.014395831346498467,,-0.014466075081777219,0.027202286243917406,-0.02592953754766425,0.02690053853966412,0.009415474005009639,0.018766550183339392,0.008427013322963806,0.11457691586329943,-0.007909670609594466,-0.004850960352976164,0.06020434744075409,0.011769265114891736,0.014615155125602852,-0.024858622861576696,0.012746738284169057,-0.044624590998425306,0.326385515715393,0.04512574024160587,0.06320758928491732,0.09095180468370234,-0.029147582566703134,,0.034968835647496865,0.0735104253527632,-0.029343893720586545,-0.05960952157944033,0.09944772377309308,-0.01051519090155073,-0.13723014859765237,0.031171439812365476,0.06675457599702161,-0.020694886476101626,-0.07326997657876533,0.06460031012305811,0.0056114558030135875,0.03539234778521183,-0.04749208607072464,-0.010185512732489355,0.01400939808241386,0.015068500447319888,0.008521209559217091,-0.0028663302542362157,0.04971932164107917,-0.010206774971453614,,0.014905282269511044,-0.03539499132149826,-0.0564742954310391,0.1104749149077886,,0.08548012553684758,0.24068865046628862,0.03212024207241737,0.13476761504674117,-0.031161423384197806,0.0340789899465479,,-0.06041059298067886,0.00676975710233374,-0.03451440459754607,-0.07156164275736976,0.029657964842809026,-0.013298395800266483,-0.026943265119111937,-0.0039884583669378415,0.06802198984362695,0.040779366473277845,0.04309507190337447,-0.0016913711081890659,0.2022755968893617,0.04912787771736493,,-0.02874965633376847,0.0036330732388911713,0.006247595239707637,-0.028606101015747676,0.08141834942873638,0.11523846556406969,-0.1758491731240509,-0.01164895174402436,-0.023371618173707254,0.0034205506737798874,-0.01386224548981696,-0.03998914792194097,-0.027181080130975532,
2012-12-31,-0.09074250890794477,,0.0076924832614748695,-0.020906314964789563,0.08870267670281429,0.043663013501644254,0.010926077002026524,0.002453254723987497,0.06549985777769374,0.06616990575508219,0.09090911061310547,-0.029279369510118225,0.03448787997899894,-0.004681612016455339,,0.018290108057064547,0.020724681001445422,0.04667965915161898,,-0.09383459038093989,0.02826470042472562,0.014539839559968515,0.1786738538451731,0.0128736969337786,0.02639028577072433,-0.018244022318832265,-0.06453658652558403,0.04907624994849025,-0.0012259809506955932,0.07351753947333495,0.018392314753748584,0.03429603944562265,0.06126601024302958,0.14434579056660213,0.05732296618266419,0.013333277172395741,0.06872018550157288,0.07607621038435464,0.022766264668198755,-0.036497538073330005,0.008746318601734027,-0.05229252621104152,0.005729286249890109,0.01844029437994732,0.01726704909933119,0.06615102625919733,,0.039132167284552155,-0.0015178333407208644,0.03956149096288675,0.023181247128643445,0.013500412082971147,0.08155724495554262,0.03369388813805063,,0.036244750980493734,0.01801416118929411,-0.00031361188290934816,0.011014701074647082,-0.03445668440686123,0.09544979165398004,0.05435007027791294,0.026951223713189254,0.11003432940722058,0.03872699673678692,-0.015883423720737477,0.1310048993908144,-0.12330152422305318,0.02446129098722505,-0.03040041296104612,0.02649696028225712,0.04952570322438743,0.0024397984781403537,,-0.02066674561545434,-0.013905592863990957,0.03188875702024885,0.11398757388773406,0.012901382685271079,0.08294445667080863,0.04301755608529656,-0.04948516309461981,0.034893245006113016,,0.10748446881287088,0.007786743401861251,0.05365354243999043,-0.007177286561686813,-0.07302455400168306,-0.006257933739876154,0.005305660063605666,0.0703506925038706,,0.05036302747341104,-0.006480921993132216,0.04495691332776919,-0.04403963274835965,0.02623285444338319,0.005709629460785459,-0.010825557918690887,-0.015793853494208254,0.028758340925763015,0.1479991486819927,0.005320699572646914,0.013441721524129147,0.02635709018151955,-0.01193592615938499,-0.01990686237323369,-0.007532438305331235,-0.04928574410329789,0.02089090791157311,-0.05739927503770903,0.05811225468593029,-0.06698254158898542,,-0.021294671703252277,-0.1368556753301725,0.13337266810622284,0.00338063766793395,0.06197662899002876,0.00698589416635631,-0.0061885155041023765,0.13315325261019129,0.06325016720551369,0.013193578111193816,0.0026268988325459652,-0.07968127169824613,0.024227245598668068,0.04122100969150333,0.026052848397744466,-0.01653799598426342,-0.017802858400588706,0.002398454224071145,-0.02778181814657621,-0.007058896561170647,0.035423564051697554,0.08373586846125436,,-0.06806425755249923,0.038653347316110365,0.023215794307649196,0.01393967018758957,,-0.023819159733960982,-0.03103928865406924,0.02371707661039446,0.033930810785897325,0.09618337592832682,-0.03239276589352258,,-0.016991555786405876,0.03917666794885233,0.07844638402101767,0.22802703271283153,0.017048351187201494,-0.012306141134932336,0.033368664132875425,-0.06272807506979916,-0.04262525882569368,0.00593507690022177,-0.06666667045562558,0.02046368144224542,0.0014782019928814005,0.048184603918241864,,0.001217029173227413,0.023945142778163175,0.008480267006789388,-0.003898316082432962,0.012490464982715999,0.057656364560665585,0.053028413214441183,-0.0192656593447722,0.2793961498142601,0.04075414033948088,0.03544354425117735,-0.04736734579549373,-0.018039580193038973,
2013-01-31,-0.144089579933122,,0.08253461255370054,0.08105206813926857,0.003980932183227814,0.03756581214344301,0.04145448373491245,-0.0011295692552056869,0.0716714363846811,0.12849644691903284,0.08333325054910734,-0.008584471346131717,-0.014494426013311634,0.058317030737074615,,0.06925572687830117,0.04058594741263821,0.04435915154177428,,0.1301739313634378,0.02671101680831467,-0.01977163362071721,-0.02497824571351026,0.017701871216666776,0.07481756218400148,0.0663387786963654,0.10490199819736934,0.14305073116787348,0.12096776352156535,0.06193563210743935,0.08060204685520089,0.3036648805106834,0.18665801353860156,0.06597676408381825,0.09798023763043795,0.06929796997348747,-0.0227277571348391,0.02269154519160499,0.09128327371961742,0.032945907276789255,0.019271844784072067,0.14150369715251787,-0.027792246880479654,0.0001727438838066142,0.036564202885040364,0.02397376633787629,,0.046819572409325216,0.11657313723987839,0.0635370458369624,0.06482347821170609,0.044594439334112446,-0.004021252138639464,0.08840511762787662,,0.07209303287940183,0.0821451640115669,0.0774296370107721,0.09896251877856033,0.09745111845836196,0.06401834591939615,0.08100445302445558,0.03610158905993699,0.04476281087559997,0.0511258504508294,0.057161855420306384,0.007363743371096687,0.039843875977087384,0.10608356200990521,0.06607279190048221,0.016196365925190914,-0.042875397978369145,0.06145782867796634,,0.07419991743194321,0.045901521105808474,-0.049128538277139144,-0.02566776235678825,0.06829448588404397,0.15914060487610238,0.17267179493899087,0.08197255553165195,0.0751534510581151,,0.15859663363912846,0.060140567477358076,0.02036897196861287,0.0516259200210869,0.17131956719084473,0.033218115042483065,0.05449376347198576,0.07739853226139704,,0.1497066893090515,0.06016750022723816,0.07084578443674405,0.027309943029970585,0.008405511821602873,0.08860522729421305,-0.05872787958670411,0.07983823607390295,0.1386658805540133,0.1108773075552365,0.05582238324180211,0.08026341881266341,0.08529253656783031,0.0919448598793724,0.13603145501005143,0.13357608759954775,0.16378671719469362,0.08292913141608094,0.07124731189386457,0.17793616438926563,0.05642455767056198,,0.03608443446398413,0.2741039881909981,0.19508367075162747,0.027704981813898355,0.19242906295770967,0.041335803656331827,-0.07493565905229893,0.7846420005391266,0.047480554749195214,-0.037584919539701445,0.08471131960556622,-0.07692305860150794,0.0,0.06572608427520565,0.1521991797640614,0.034379744984068816,0.06459190727522235,0.09722573806227497,0.11606066428537187,0.07927953089525519,0.09299319928594918,0.09345053199953979,,0.054041010634813036,0.06683193824483169,0.08531747891615615,0.14067781355856734,,0.06724889101044873,0.016776668951228313,0.06779684365920957,0.046429290841587534,0.1511142537824932,0.1262622844888297,,0.04466500566584397,0.013220583015220999,0.052131011695949914,0.11702830938187336,0.14283118194888678,0.049710395408026686,0.047388626412604884,0.020957085459188285,0.06431086758487514,0.13107604160870134,0.009054325649427097,0.09245358367697798,0.10746997752445475,0.0777470009989194,,0.017883460774045234,0.04565708281230263,0.07541003926562673,0.036317914610920043,0.04176084056374507,0.2816523415796608,0.06873501547820182,0.019607608609399696,0.10614228681118965,0.02528934473622968,0.026291624618707488,0.02520898638732838,0.0395146818137837,
2013-02-28,-0.025285775761519802,0.006269004045299953,-0.0026566956631667304,0.03435783037626794,0.039122375643698915,0.04409379798097768,0.03491312187832918,-0.051909113238963744,0.004757955341344822,0.06889372032225283,-0.04230765351176813,0.07709561953430533,0.01904131459055325,-0.0046327380346018465,,-0.11330027565273948,-0.012467156516401512,0.04869001137918061,,-0.04333226802633017,0.05679297356732893,0.04770475261648355,-0.007058734547813361,-0.0035380379056216826,0.04783413397847802,0.06573548428030906,0.005310122339259538,0.014686125337693978,0.022966341475183283,-0.0007363977417907952,0.05395649788989387,-0.010709494772824124,0.04517171025854405,-0.004506659805350144,-0.06118504545158088,0.000703189509804858,-0.010209626764761448,0.1079902274864859,0.0020569552557931914,0.06575376100214214,0.04490529847544744,0.03163868911328871,-0.09313821912784159,0.01051705930534852,-0.007618144631359014,-0.01690571164910093,,0.014097868960304183,0.04790995689185218,-0.00156211400320172,0.025289114581337646,0.045494521184414216,-0.014906612146515452,-0.06623453483122077,,0.027865918103425313,0.013177397741065633,0.018631653526241188,-0.05123274853993498,-0.02251196365546171,-0.040727875832657134,-0.002565843213420016,0.005840935413007342,-0.01801058803151867,0.08814748519044002,0.002345148902827887,-0.026255379072050555,-0.09446783051363261,0.039230990971531376,0.014551573038572796,0.024031881009181078,0.02518854321256825,0.050718234055178835,,0.08288976142329907,0.10276588265548314,0.0585476847540618,-0.033463964655116585,0.06022305491313995,0.016291450294189103,0.0204034382555065,0.023609921639118125,0.03327897472348251,,0.21986643207441858,-0.006867661282377924,0.0030605861947643476,0.033504262945833974,-0.11227756316037685,-0.021168321489690833,0.0378627427498206,0.03974521062970138,,0.004365034758255781,0.053290657688933374,-0.01041068384932664,0.03974213372685842,0.024282063441997126,0.027423981469597125,0.026530775148000396,-0.0010471901109895265,0.028196529484325605,-0.06950890919576469,-0.0011185297645175396,0.014520096014977835,0.010494959196887699,-0.005397575333618176,-0.035193460888348294,-0.046264787612438685,-0.12040025971581703,0.04069858377446378,-0.0038600320882050676,0.12155110764413779,-0.012023538681592338,,0.04678669201881647,0.09189235623213965,-0.010965061056368075,0.02113567342130218,0.10846540723314013,0.0066951391526981485,-0.06215079932345646,0.13822337488354686,0.011494676680265492,0.01833007298171685,-0.08106324641886853,0.171356382354239,0.03896163016505816,-0.03576456992444388,-0.06729344975036577,0.10422670628273534,0.047520686749586316,0.0032987547826486274,0.013571216228266403,0.08314799648893145,0.0209142361440402,-0.024060522235218817,,0.04072122765327557,0.00954675438520658,-0.03289075476131942,0.044553416175196814,,-0.005755896201392385,-0.03989882017380153,0.04021474857303842,-0.018957201700728232,-0.013990934626918583,0.0012802946892538358,,0.01763522514016791,-0.0012156157206774099,-0.18574394991934418,-0.05356113445204347,0.01963280200039552,0.032193457941491754,0.010131773811939082,0.048192562951553164,-0.002120214284396016,0.023010820797629616,-0.022930870347768195,0.024980711889101226,-0.07144776240928452,0.04080992734666267,,-0.031878230802067975,0.04841060480885884,0.050144920030700035,0.02658643585294329,0.006741458509164522,0.04707370700395108,0.04555607349570745,0.06695694530018748,0.0034044230165108935,0.03326635784909926,0.007177752527014469,0.01186537049469849,0.0016904508603738932,
2013-03-31,0.002854407086230637,0.10455020906722035,0.04527980467282111,0.021651636940642982,0.10709740364784404,0.028084878355002063,0.06721973589786523,0.04144141705184534,0.0213099835611823,-0.0167761665113072,0.0240963624697752,0.1197161685650403,-0.008762856081848347,0.008400504093759142,,0.0389123232719526,0.01724863502777474,0.05499832725692122,,0.05525870247208431,0.08543848484505912,0.11638500611183744,0.08459486409492745,0.08148455093683493,0.09179655838561684,0.1579896558727445,-0.0013786222037509566,0.0789622490442159,0.11414653982268952,0.031319048860204424,0.019968610150798316,0.0568335702140792,0.04656070744867957,0.05408612507619148,-0.05846079652802816,0.04772832265916627,-0.0022922391449847757,0.20592662392886907,0.06760809778462384,0.031460141276044906,0.05503918902167615,0.03673082983014231,0.07681706431792756,0.037100606064594865,0.047586661809205344,0.05678995510031504,,0.0019177732490445187,0.07367077822056523,0.0757038502779992,0.014254932061559256,0.03892854981556204,0.013830258633639403,-0.015283085179877531,,0.009342015526879077,0.04048352442543757,0.048231067604321165,0.04354480488594037,-0.00895648984349684,0.07158672515127829,-0.014638742577469,0.018773346517249045,0.022500382580803224,-0.004944835515174106,0.11261721976120365,0.042823214481226834,0.03696745257391121,-0.06736769796792774,0.05837481864664351,0.0683366110477237,0.03736933590027003,-0.004306671458493505,,0.14559943372131956,0.06616237952294246,0.05709742170097498,0.02467776431273272,-0.00874932715766874,-0.01742771362197837,-0.023495336150517798,0.024287437740643236,0.07489264726390199,,0.19120227943590717,0.06209231665953174,0.04597761942404999,0.018458447130474953,-0.03667457758657089,-0.0029392555547963495,0.07121272872573958,-0.029844768894576768,,-0.036888653693985196,0.048100289505191185,0.043431306751125165,0.051981968478489016,-0.008085465881427334,0.03896838579972073,0.09681777929604984,-0.006028898495041846,-0.01985832554876721,0.0796652213742095,0.04501527938040528,0.03952025285338645,0.017242717819651254,0.1174060443428444,0.04448403509567278,0.07279913531008253,-0.06128442366333231,0.02221216306618934,0.03841281042812916,0.0810809366636922,0.04437289396970234,,0.022347997737380387,0.053437038460859565,-0.025277242273086586,0.029136460387570118,0.1909309519238569,0.08084005278757678,0.051093198986642996,0.0063803213897342115,0.08354763050723246,0.06805692806413188,0.04045605078554937,0.1148752414382801,0.013428205422498563,-0.055782363272290025,-0.04065234929219419,-0.07410429101056493,0.04408115804929014,0.05443956929456828,0.011551495995177241,0.037356431416791125,-0.030694455572933266,0.03404709749982482,,0.01988715833864485,0.06587614518881635,0.06154424960083538,0.11134065076901689,,0.023569848809815497,0.056287300442889876,0.031805948059738576,0.03828645108155482,0.08928577341457578,-0.038021660913812094,,0.042434926105867854,-0.0018888828660312829,0.11879725669433072,0.13681580616492517,0.025500536517012007,0.021720556425915305,0.0339260785996538,0.08719803628902678,0.03958203832013063,0.038454273240412284,0.11224465657589122,0.05282400625376793,0.08785529450444174,0.03049676151700198,,0.07450075021394653,0.038655075682737516,0.03932275415794928,0.004344832216018446,0.07059990218698298,-0.002193250916194378,0.17407094359250608,0.05630779670084207,0.07200824857929988,0.05877722661835616,0.05444725542220219,0.06404062967567903,0.006253682916094405,-0.0014948473022800002
2013-04-30,0.00027122664361312054,0.13968139092446075,0.04925960074853597,0.08351846334947433,0.035845619413653385,-0.05377457503692573,0.0355222522716212,0.04652037966254463,0.0669757525127821,0.07640961016188763,0.10588234744132441,0.016583391085070343,0.09557383911720563,-0.04758150928970917,,-0.03982121441460462,-0.0018364589776530549,0.011654304847912966,,-0.11024466193307159,0.017090055041135477,0.06476399075117767,0.010673472516607774,-0.03813304586308386,-0.013701435006508,0.13659016833941373,0.011378020732850214,0.037449434625194344,-0.02752222328340348,0.01367722572821295,0.020345516397999974,-0.04097313367552857,0.054297356489496185,0.05470155539479449,-0.02019189927877052,0.0019105660734022312,0.10568663687679125,-0.03301979680677147,0.06092657922112199,0.01752780236425089,-0.011606910683336635,-0.008956296314586276,0.05150156036032172,0.005824301766993223,0.02186371484379679,-0.08046755804346006,,0.009048041908364945,-0.0016244013276457414,0.06221338154218903,0.02684747348426808,0.06015850135806744,0.06501228576140017,0.038614203759552046,,-0.01946893207539835,0.1063381273300481,0.03595521179374006,-0.024104858704515064,-0.03375133390573948,0.1010112420922129,-0.0064430629581715415,-0.0525660360190342,-0.010216333586180126,0.0026123510423119445,0.0878763265207343,0.04258553316790681,-0.07204348621289336,-0.04266806625067532,0.06133246452725638,0.03699066671321072,0.05747021753537185,-0.035899708316101786,,0.03473642649530695,0.029481041729621627,0.08777195603594024,0.1085550640032884,0.0382525970011649,-0.007339454697531833,0.058401482443610764,0.051160865463783844,-0.024020957437220547,,-0.13590649080537498,-0.0504450832134441,0.09661129100864896,-0.08928274217765642,0.002239471652440761,0.05940294877072194,0.045381587726417205,0.03911572022006071,,0.028631567100646738,0.05317404479254639,0.02055853601238855,0.04673582865029968,0.024744638467870228,-0.024828371576726793,0.02662654896123917,0.01745612044390854,0.11480909775553916,-0.04092253785022859,0.022955154739375594,0.02457634859286295,-0.019822042254753813,0.027106592036777233,-0.0004719646396758037,0.025513053350736392,0.08561383017251423,-0.015050714201431004,0.06164555724499521,-0.12544611649735282,0.06334871482218807,,0.007249363922115837,0.01701367716309421,0.010091706345505047,0.15693808921828656,-0.056112313999414964,0.05599934801775208,-0.22654556879610477,0.14153625505427092,0.07778352919518339,0.0796861879259887,-0.07816279888265665,0.13149180222058598,0.07326599504934017,0.013918721219547736,0.13895613839212473,-0.04416954361225067,0.04247233497835645,0.007276607201348373,0.0035562872642636023,0.0007916811613954966,-0.032866963221041434,0.049274670052224634,,0.031064906503361023,0.02746830010857715,0.02424106025715944,-0.12891238019575113,,-0.07977319556993712,0.21961462478634552,-0.022905026007287055,0.06830549553591192,-0.041266048349237416,-0.006142734528359561,,0.027919739895566398,0.12304575124710349,0.038978563063292615,0.0038295593171722153,0.005211874008610895,0.0372412835961109,-0.019751283856597968,0.03082537266839691,0.043208548080116094,0.05477858423055082,0.08623871571845743,0.014491351565617538,0.42491409946679526,0.028550360142817865,,0.047544196519016424,0.03897192608555344,-0.000698866255501196,-0.019156945285206395,-0.008124919750887138,-0.11365135368706214,0.3974895031636243,0.10836353976237989,0.09922484980678603,0.10396127765603991,0.0267633644536871,0.03862093182433979,-0.012429489525891402,-0.009404815447697334
2013-05-31,0.022419557085852748,-0.07296470692639279,-0.00677132166105332,0.008226964048854368,-0.04813668801024118,0.051964786224125925,0.02049300351271155,0.029484250425787506,0.07339495117265082,0.05462654252669985,0.41843974989044996,-0.03105297052710554,-0.07322308700538516,0.06063589007672254,,0.1116672406932413,0.08567133614618427,0.03151493533444283,,0.18053780687837384,0.10670958544043763,0.08882233672133166,0.10966693557842788,0.00658393645978772,0.045811471688647076,0.08477601716667893,0.15508846899476914,0.047654640306865836,0.15835843724238163,0.06520187985991543,0.0728931529556549,0.23364486695287923,0.06520686682250298,0.11447404861974175,0.013345660647885671,0.006058122316784598,-0.07467562731471844,0.11177290425851871,0.02614470625133425,-0.031237146988355557,-0.02736118375004959,0.11616828136165269,0.05983040499059822,0.025244413913825925,0.013888405916940183,0.0296764100228617,,0.1529640662827696,0.03132836560906482,-0.010312740941761156,0.01417866939533119,-0.08317153097053998,0.01621958522290834,-0.024524099190189497,,0.014440502541630318,0.0038192690612555147,-0.10042625935904503,0.03251000923274616,0.03263967088716835,0.055540629409473796,0.04237208492370015,0.06553316794955144,-0.05352674272974289,0.08339800088462468,-0.15718042069791305,0.152094462084996,0.020374712650977234,0.02478485155996779,0.0677763909138267,-0.04335415346044258,0.04245581421990141,0.04620929232710469,,0.07582932111233998,-0.06624374938695565,0.06676869837333244,0.09889751271227376,0.05657498218892232,0.11311164394046114,-0.02151070266085231,0.07239266805954148,0.07240591879115121,,0.18543745070230044,0.03186979819266389,0.02332881706192036,-0.020120834935219212,0.0106441278344227,0.08627604013844237,-0.0048944092269360695,0.11385412298977449,,0.04524696132718686,-0.0616339707191359,-0.02864501906147776,-0.05527991883358829,0.0002621738727226486,-0.03165596933160808,0.07958822172496838,0.09604377802731578,0.012116685177998576,0.1063691355940406,0.03132429340214271,-0.04712554246728684,0.07597810971477248,-0.0626391248532504,0.09275914209356051,0.14158390892211048,-0.12315457714239886,0.05910360335758824,-0.011229796586671337,0.05767481477024816,-0.006383411372933967,,0.052880556065590945,0.008364272945556861,0.16929965611118636,0.061774539136624895,0.23991515366329375,-0.07003636358290843,0.058024792765506206,0.04711447013532566,-0.027257496846667006,0.09606951454422319,0.07789027619031508,-0.10253907625610681,0.05617243772025127,0.030506367585656946,0.03148079140171789,-0.10314235486602852,-0.02061356399420622,-0.05548690071082474,-0.00013028306509688115,0.007908309301569272,0.13180823564334698,-0.03933266202289576,,-0.04895912330327212,0.055392049360857065,0.14836675218868334,0.09749556921107283,,0.030519914263459125,0.12429123501908634,0.04537441020828825,0.041303961489643104,0.17503333801003507,-0.018809366097001234,,-0.08002811863217818,-0.0592758795940892,0.013383356698492221,0.18495990167925536,0.012351357139836372,-0.06593716732634325,0.07773939165582666,-0.00991143572316866,0.0407073502518287,0.09444702773590441,0.09225273838221604,-0.019786946050711296,0.810705745766773,-0.008284995450810961,,0.045052507452076895,0.04960334631672403,0.007717225478729217,0.05348565189780086,0.05940045935927052,0.10778858940397495,0.045691254232938405,-0.10072277075485025,0.14544116046248812,-0.08329175168035263,0.07607455033956256,-0.0312808644756164,0.023663960170929865,-0.030890279727226688
2013-06-30,-0.11829313128440067,-0.03162287743326919,-0.04881390937712926,-0.12361480124011925,0.06175720194132639,-0.018941966404380395,0.008477873628746968,0.04363411438947362,0.005397914099185108,-0.01842081451943356,0.019999980926513672,-0.01860097042551756,-0.05658041271713088,0.031537853678727856,,0.02069886359699047,-0.022864272321080903,0.001866744891321881,,-0.0034602256446849555,-0.012548275331777936,0.03453842455288525,-0.05786005937867955,-0.008106800556331617,0.007197698184832513,-0.09385661724431393,0.028286057333537284,-0.07422435744208356,-0.02868915382445736,-0.0668665851608996,-0.01884808917007874,0.003246827639463934,-0.03791701635574096,-0.07732241892489378,-0.03857776070414254,-0.0022303233502216635,0.016000201470827147,0.10580355780465256,0.06759924089884328,-0.009508923305455386,0.039333216651712855,0.12537323936728995,0.0308550142865045,-0.013694251683643466,0.008574762861350838,-0.09803935974655531,,0.009121534259356912,-0.08012715284884675,-0.006946927478278742,-0.03592650816480658,0.015041949494961626,-0.05717096915740738,-0.06146607170333884,,0.02435132135648299,0.0011095522278896652,0.008516822616749353,-0.08377517279617086,-0.043992499214670855,0.06856585399372883,-0.05081777968896439,0.019984054818176666,-0.08843255530120875,-0.0037844810661270545,-0.014677979271191965,-0.013392924776632675,-0.07053903431760122,0.024827733445438316,-0.041147706205128864,0.0028682880850849912,0.01595324829019984,0.0023673729534627874,,-0.05892075569262589,0.030798519351703302,-0.0741702665864834,-0.01711398660513075,0.010502573580940311,-0.06681876167590917,-0.0001195734522716485,-0.01024765231833935,0.01121626483981486,,0.021530866588638897,-0.08128983766685505,-0.0020595824309403987,0.044490227206823274,0.017285378603843382,-0.008131078687829696,0.019957191180665967,-0.03297295782073706,,-0.00994862405852981,0.011598756317039438,0.00447605250008376,0.009933511480350932,0.012467266708073632,-0.07599725495087917,0.02485170413199822,-0.028734239175136733,-0.05215908112313172,-0.005851516187209471,0.007452946671602012,0.02516318923826244,0.007415102957543773,-0.027844615031256348,0.009017899690767717,0.03505998764353402,0.021765794405826266,-0.008343041511168492,-0.01880857728671015,-0.13866657828504025,0.0037814651105068098,,-0.002498593787612191,0.08510157152894604,-0.05675706969257488,-0.010315395702189645,0.226883434325301,0.07749262501053455,-0.11725508985206379,-0.06700564079905047,0.03276039466170366,0.0049763534484439376,-0.016216862102121254,0.09874861381911937,-0.029716797339077283,-0.09088222926901646,-0.024158230614025333,-0.13107995355850033,0.019723962652038907,0.028644673964032252,0.0029960327580524915,-0.002746301636759374,-0.043704678110176864,-0.057296359113627626,,-0.037772314310956845,0.017866914489373942,0.05886620176169255,-0.11506711179646856,,-0.03231428853623741,-0.07028273732672585,-0.02065330217821615,0.03753538824426528,0.06898239352613111,-0.01453557283514495,,0.005239025087224958,-0.05118944858430541,-0.024931231138462295,0.040622534804049204,-0.021762271188310978,0.011717397308957045,0.029161865481459603,-0.009208601952920725,-0.01086733522216965,-0.039855377584140594,0.1577227236470955,-0.039550255677463175,0.0981996567416148,-0.029518391469243066,,0.05011152213479808,-0.0021988080236241547,0.006751732214832273,0.03773063702496593,0.0258786463112346,-0.1442284591533829,-0.003361188426570627,0.03836618916163337,-0.015326425749680683,-0.014699181256981442,0.017755771187263347,-0.00467653191975359,-0.0013261333653775687,-0.0346877261991696
2013-07-31,0.1412247184368698,0.11025865763135045,0.05442142534485539,0.025708873495907003,0.03775235632486584,0.09587222364656833,0.04690720983941077,0.06125277186699085,0.018120981335811637,0.09383383532813894,-0.07598037955303516,0.09760769825249471,-0.03252689998562419,0.08473480201495254,,-0.04037929338473911,0.18641441512960188,0.00795486006294066,,-0.018726513417094637,-0.010232881042061215,0.025966400722390537,0.1353035221338088,0.05442437250585441,0.0494791255482705,0.013615278699446343,0.05927397082802699,0.09776145741491504,-0.02483060840995721,0.12650604428815782,0.03529310795443452,0.17799347756756534,0.08122144440006696,0.08692878962469419,0.012098011567539535,0.026730499095719562,-0.029562162400943115,0.015260390899749066,0.07366564159510691,0.051111528304212284,0.08482738491492015,-0.02488464661918799,0.09886970385072447,0.08346933530814038,0.061951849185891694,0.14588824872968265,,0.058750660045990166,0.06985793515084948,0.07936063588466569,0.06379902359268708,0.04382266759078779,0.08921378998234863,0.022400109027738813,,0.06382302347368585,0.023753135489682498,0.05185138693211089,0.06033143481015624,-0.0005800699760331041,0.04545465352197575,0.12522925588914147,0.10631301977996954,-0.0290708907168975,0.04771290043585963,-0.00939132596757919,0.09757010471454808,0.03601552346497883,0.07526900140181603,0.0074697202116136285,0.10101811957122475,0.09727044610764946,0.0508839581580256,,0.19758158327091868,0.07987193922886804,0.06746315908491307,0.07685352377458687,0.008382728715674803,0.0844954096412267,0.08317357248089041,0.020137702353919762,0.04587814992606343,,0.035483754829622516,0.020563322834225684,-0.03673092036014658,0.05003585637567309,-0.2333985546840156,0.041492055743168166,0.08898206017626875,0.06339059277460346,,0.05203688352762614,0.01708862515769005,0.00011160488596373419,-0.0007480954736066581,0.043504504285929,0.0812297510993869,0.10750489101550897,0.09442544065517522,0.11005840693602131,0.03697557043570088,0.06394350615917288,-0.009293155598316116,0.07126654258053233,0.09603935541742792,0.07905104960579412,0.058129751765357396,0.47909989795314223,0.07389067546624428,0.002000665556323389,0.03194536758756228,0.03702909188635961,,0.055315586565334085,0.10845419824621882,0.11580885465349255,-0.07817014217139828,-0.07606421074025405,0.06296024276078138,0.0016694878973499971,0.15817899148196468,-0.011934690940778814,0.11183533716904637,0.018432686164501888,0.07897988724731553,0.028489729930774255,0.05742868782367294,-0.002016835909414594,0.16081587737341563,0.021396498875176917,0.05206583590792535,0.0508050143125518,0.023209871041416807,0.08259993844972158,0.016967034855085217,,0.029554438080901413,0.04911204984299977,0.08133630174024287,0.043965764326885814,,0.056801221219994424,0.20090718050548206,0.13589389041103161,0.08823100232454428,0.040508756144236324,0.13494226566932666,,0.016088952242680588,0.013551027069566235,0.16300041001094945,-0.08744151880671935,0.08936297968478124,0.013175330595406987,0.053424009851593235,0.03470795147398764,0.039552379804778104,0.07656835702399856,-0.028214390133780687,0.04542025891568935,0.25074518579761573,0.1323541647470292,,0.11255342222708697,0.027935905112933312,0.003700145916825992,0.03236506831099417,-0.031409445710481765,0.0287607200088682,-0.0032474958126954556,-0.007116442547260404,0.03688190947524039,-0.03789345348932294,0.05403391118571377,0.046314904924376954,0.03763132494953103,-0.03287347694941234
2013-08-31,0.08376679347652138,-0.06310448279386094,-0.09009002900081087,-0.021135482247623516,-0.032360381108276215,-0.05582393966322852,-0.012900759723035393,-0.05761947169942627,0.020874083501746243,-0.07431663726020299,-0.13262599536595232,0.01040517401502794,-0.018364176227603668,-0.06719341960283565,,0.06766376599069979,-0.059830305183021015,-0.03551397414605617,,0.04989087561703309,-0.025213178836581696,-0.006726715833613395,-0.03287669152761996,-0.04764495767999921,-0.06112648520792252,-0.0234263993763576,0.0717850686789574,-0.07073106287300546,-0.03584642506343072,-0.05437184150373986,-0.04013119371412177,-0.03113554489124981,-0.031485910206731416,-0.07289447535483384,-0.004462884849921078,-0.04005232874938747,-0.011815247517580896,-0.03435660703211263,0.011049921026755838,-0.035075400047818395,-0.06632699090601835,-0.03983313686718948,-0.06068110818378292,0.02220173438002493,-0.04478853733238353,0.12297136981370382,,-0.08909815280323552,-0.0020279408993968406,-0.05594449221651954,-0.03546839750488684,-0.016186306626026048,0.06735191600039236,0.00686132951466778,,-0.0270271160069383,-0.05908737661427932,-0.0657664560914546,0.03781066787920806,-0.0328883184462041,-0.004908838334724552,-0.009789714396171267,0.07945572435358406,-0.0312794828076981,-0.07602521072366442,0.0067798137970200845,-0.04087681474255456,0.06859963632709132,0.012829994526710076,0.030120815439248272,0.00031170802122582053,-0.0244904877137907,-0.05047206790422176,,-0.018404069676672186,-0.05153891785708575,-0.06916169426496721,-0.04990220953058022,-0.046015032537041756,-0.0695113205246386,0.06492382325442692,-0.05744696634990476,-0.03627628314249487,,-0.13006193398627497,-0.06080167657433111,-0.049054409334706395,-0.006101196089748906,-0.0038144220156957065,-0.007912566933063525,-0.06886625246352629,-0.09330695546985912,,-0.05216895190033766,-0.053846376923303074,0.004502403184899917,-0.047404954808885735,-0.023050578228225316,-0.023342569300785154,0.028742026239188423,0.027814813644417402,-0.051807906937240134,0.02095783146805008,-0.007418809829574768,-0.03015589821498399,-0.008227412907847231,-0.01918774373738319,-0.06317871209047854,-0.040734754022770825,0.12201072882389541,-0.02743471075803927,-0.03365628779631957,-0.005213805600197352,-0.0182681682884821,,-0.015285506492657586,-0.06702620965036743,-0.05328904543815094,0.05638688149433735,0.02492441444881166,-0.06454887617089833,0.058999922963866025,0.16128120156421266,0.0017305307286035188,0.00890239717531438,0.058856701872192385,0.07572290398438053,0.02661893878958299,-0.015146966187815414,-0.009432701199693971,-0.018798569137782217,-0.04560693145561934,-0.03489548084619021,-0.030012045840642876,-0.03613994483495109,-0.02802482142247531,-0.0813348377030697,,-0.06436426753185431,-0.04970360903970028,-0.046997521485864335,-0.06660052767879365,,0.03205672270063453,-0.10275507069503231,-0.04704012983024797,-0.007984497995377704,-0.05223930986688852,-0.0009628562154005982,,-0.061196249387346136,-0.08336121527755191,-0.05199445024622085,-0.05456874098540565,-0.05066704567935332,-0.04082756237575036,-0.04236839561714145,-0.10583236029945331,0.015878153415363583,-0.02502431435445629,-0.03152224911261581,-0.0436861013129648,0.25856431953971337,-0.025012687198505912,,-0.01523680596557253,-0.02683745532589432,-0.007014965667633377,-0.031886472395805554,-0.012814212627992538,-0.0006537026490630593,-0.058270693584597244,-0.04244139861865193,-0.03696803590222675,-0.03569175591953255,-0.04915293087946593,-0.05795240883210895,-0.06386744840708158,-0.02214030486617724
2013-09-30,-0.021488843210226927,0.049753381819692244,-0.004200654812513083,0.019238637778466128,0.1353005164307972,0.01663784111835298,0.0231803114776008,0.0726771467427485,0.04883944698481946,0.1678880149141473,0.16513760397638433,0.027354574289352174,0.07073010661663859,0.11267707361206436,,-0.006302054144955216,0.05016359247614299,0.023973686436948194,,0.1252590115460377,0.05020152260394517,0.13067742280056827,-0.02197673943922185,-0.04893352343127699,0.0322862234708583,0.13022246586238206,0.07716312136414571,0.03956669999218154,0.11009829855355568,0.015131199262039319,0.020589829980159458,0.1096408181263746,0.13965227779669065,0.003724464770388236,0.010419323468100483,0.07231593518304935,0.052002414917097894,0.10986655031347614,-0.02325613794989334,0.026484006848627173,0.07668199292738676,0.04536541628938018,0.0649108371059377,0.04841611457361927,0.029498605405931855,0.05658450834618112,,0.005148224662040457,0.04591679343977817,-0.0223942382242015,0.00888471538441915,0.08131618639250449,0.035047077181001196,-0.021001772502341698,,0.05838178816040385,0.06016755879338609,0.017987744554746943,0.015542518847908582,0.1162230296107214,-0.013761294168679772,0.07172439725567092,0.07787334353836228,0.05703878267670004,0.08717660039657926,-0.02787833749954205,0.0420013944092803,0.09463924326768924,0.06433675425602536,0.049571473070915806,0.04965208866074744,0.0512914486681364,0.04036285166172515,,0.04313924720248319,-0.02838591353294939,0.03917368471232052,0.05545775013657206,0.0342544496333288,0.03996596785800355,0.0031252630969005324,0.023616583592133145,0.04360934476755429,,-0.054313985300226686,0.01596550301874733,0.04276594591920624,0.04375872537832737,-0.02651868933705348,0.07299607046411483,0.00324057109004805,0.022956416647138767,,0.10335498661008113,0.01680692942029327,-0.06221980718257902,-0.0006418278437957392,0.029192158967838777,-0.020817441875793707,0.041905433415050375,0.039066434502657454,0.09706400680717753,0.05106876806318206,0.11005141201199042,0.01960601413147267,0.05675022840972477,0.028941446109954416,0.02898575324715691,0.016453721237708052,0.21651739910681944,0.05132942083901426,0.027804474105278976,-0.11295004390112495,0.01584047625859153,,0.056269668625693825,-0.04581710334532518,0.04619569684595359,-0.003592755362595401,0.2873988398313936,-0.002488835047883553,-0.10850262514548847,0.08911278712785897,0.15631980395525114,0.03240474718990427,0.05476650724787624,0.1081484529899912,0.054915131725450594,0.041117406466032236,0.06804079752929537,-0.04581420175610329,0.004227466708976779,0.01843326596302064,-0.02952865430313123,0.08615859353712851,0.08774423959618849,0.07558295289926575,,0.04873535840688881,0.0024906543538321113,0.04139975012317865,0.012609138475792259,,0.015690805353571813,0.2911971358490344,0.0771228403312727,0.09146306073417154,0.012452110344421508,0.09167220020456623,,-0.01057183480649393,0.017853454985872652,0.12369372834127002,0.14196227881087897,0.014372744445678709,-0.0002959279864750419,-0.006183684790904476,0.010582759535206598,0.06961310406894827,0.03909107644315024,0.11220543216427026,0.06756879299661822,0.1442010496567745,0.05471150311732553,,0.0019472120821488748,0.01172305818943764,0.06765562019614468,0.018829698818128682,0.09563121834445698,-0.038840440985957736,0.00891547778232038,-0.014985098026214061,0.026502945762634456,0.015299809536539533,0.005841992011550445,0.013428423325492433,-0.012850098068429072,0.06758156043112384
2013-10-31,0.09638142476594713,0.09292172072489491,0.10590313127873263,0.01132937554905622,0.04389685510737973,0.04782177436195201,0.036612595057259556,0.04823347542088152,0.06210160648943419,0.01882453034026721,-0.12335958941441505,0.03770537887687997,0.07041651172605179,0.16437435865524108,,0.04529554919369683,0.022895905887529322,0.03760636770616288,,0.054549898492846305,0.08644780985028544,0.11063833486110441,0.012318919297847453,0.002740031405390031,0.05108960035204313,0.014246585864882588,0.042415530549030356,0.11155916742967587,0.14330226128820645,0.05835601570156834,0.01391942711589289,-0.004258960111555243,0.06471504961264118,0.005767500602401832,0.006520997508562054,0.020094027152779415,0.04094210290545064,-0.005342840976938268,0.0015612517656684588,0.09745294159810314,0.05496428999879033,0.004467245567887135,-0.0010183692496964492,0.06549383154518917,0.02457243323283409,0.027932932444163727,,-0.03009429230192051,0.012431740208604047,0.10128065275345666,-0.012674929911297594,0.020326229501485438,0.027864691150990994,0.005528477254009845,,0.03995955924942041,0.06357568819683879,0.07412399932854208,0.09452945404611812,-0.05537630095935442,0.01423292106299523,0.03508524842125249,0.054970527609564446,-0.1219708456557822,0.031059749328790076,-0.03711167442928087,0.020018360371170774,0.12192610680460114,0.14801505237484536,0.04974158336761869,0.03641761696227652,-0.003602394787855401,0.09418159197866816,,0.13217750886303192,0.06056805839349111,0.171350291778384,0.027244861753598082,0.17658181346702362,0.016749956207062544,0.10134965213361569,0.026895449212010814,0.04443649031409236,,0.16102979456420297,-0.03223902717070681,0.06762634816138613,0.08000914428468708,-0.012677037914869405,0.03304059451806407,0.06828944650324931,0.004444351804566926,,0.07806023957088848,0.14625325211160423,0.004094383627535558,0.04461406465035722,0.037434348717356514,-0.01013309463030554,0.045393774194686376,0.04954219734129439,0.05996122154336225,0.018708048886533213,0.0668267187608993,0.0032221415694437816,0.21855021152620702,0.07097379728927233,0.08360284930034467,0.00766774224353739,-0.0003982342443878961,0.053932199507608525,0.08384275711110556,0.114117163728358,-0.05293026942138246,,0.057868807511812115,0.0434784779381745,0.06789120028912721,0.06400189170361048,0.012020598807490623,0.05726057903164672,-0.029893124689999384,0.042915696933845116,0.04295119628987387,0.1285958026841192,0.039303640968014086,0.051203038540282186,-0.023778993350161537,0.013608097099522487,0.0271536032040276,-0.07987773654000174,0.057735676403371405,0.0682214781632633,0.07661502502985451,-0.04627246549973618,0.07358313121556503,0.06193510665637714,,0.029218343756803433,0.02124703578455578,0.043729231498158994,0.11432077787217976,,0.03223426689045006,-0.08076824577815445,-0.014561149051096511,0.05300746250918631,0.07142834569823897,0.0606612371942965,,0.005611605536355757,0.04263623972763919,0.06235699784765858,0.1126601561396059,0.09276529753695839,0.08946392845922646,0.0065184364505073145,0.012660198259592637,0.07802791459163028,0.061096189729716865,0.06777046103221496,0.018048866995567403,-0.1728809128168416,0.05237468124603728,,-0.04678118776156226,-0.025363362532452194,0.07518911479751988,0.021323319824812392,0.02914714914468619,0.20556383967019065,-0.05895543707062645,0.09454696790508277,0.09826485792992234,0.03959580964523046,0.0331559406824804,0.03772272606457383,0.041608205056772096,0.01942122351404363
2013-11-30,0.07005253254718435,0.0,0.0448698243643979,0.05401353068639736,0.04721500370634946,-0.021906909306254385,0.06650642944489915,0.027022754103559476,-0.03678603679258041,-0.02560291383142177,0.08982041869587154,-0.013640569982171447,-0.01991139699444966,0.0812844997311073,,0.030292584074120166,-0.001651601973418737,0.05866267072748044,,-0.015408292371288934,0.04889999652855348,0.03248465740453921,0.1324264745463788,0.039167860590114456,0.03291223241240315,0.19157212953680136,0.13142558413516925,0.01197571174390899,-0.021706035086919373,0.05974813193786277,0.012511968782922045,-0.009409722893561012,0.08751918715581053,0.08487014256653036,0.014874898836102712,0.07690710695415603,-0.023546329037777758,0.007908183157842918,0.1360094147311619,0.016684368718413722,0.047689174729915296,0.10429850364406601,0.04759684615153059,-0.007227572433523899,0.06566397909992272,-0.023800573103311184,,-0.058067691647496145,0.05219153004638466,0.07549021184733151,0.029244175945227546,0.018196098023085527,-0.010387777155183464,0.029325688480891454,,0.037591623851691125,0.02843008745496234,-0.013951852774665374,-0.04112676180629804,-0.04154803163670162,0.09528276350672704,0.006828385499074496,-0.0751122098229845,-0.0034106144807222183,0.029761898252314678,-0.04662159481077599,-0.0017532562080730951,-0.05631156546808225,0.05877840969716286,0.039589950489914205,0.049269510811805306,0.058063064891094474,0.019892951436103257,,0.050997537723341146,0.00019851681637383933,0.00542455534003583,0.048173336213443996,0.028149216613154282,0.05367872504248017,-0.006599892892227066,0.03569132508463135,0.025728508653477755,,0.12228092445442384,0.008006977956873662,-0.01662566332002946,0.03949067268976858,0.014535628953410207,0.010026441869035896,0.029271312751029788,0.11020556262959458,,-0.01946978867918392,0.010740532742880893,0.006513429150552641,0.02278340717409133,0.012428892128094837,0.017993137615688104,0.07244223931616123,-0.04620306927505913,-0.03980098986692193,0.04265550750947744,0.060953658611205164,0.017196975050613128,0.06263644174591088,-0.0035661923582772648,-0.0013932900150634975,0.10949671826159024,-0.06373227874524812,0.06607113345380822,-0.0067149957083266765,0.16080270813098774,0.10512354269005209,,0.03602647856800689,0.18583302903275722,0.08945366579869862,0.08498142103812856,0.1934388824894222,0.005822017460010986,-0.08914201717541392,0.13433397379373901,0.044614840755623275,0.05382944821950253,0.003942149085857105,-0.027467514431505635,0.032553490019982645,0.0534328427866857,-0.011656654010960832,0.18477219275883017,0.004400121840617555,0.04189118927288549,0.042972018908601584,0.07547194090786302,0.013529333930125231,-0.050563139940146606,,-0.040170920377039065,0.04651188829809061,0.09699735739475379,0.08686964087801519,,0.06391326292416655,0.021766229904618406,0.049148474172853174,0.008295911754779617,0.08358662539271955,-0.056551222179231364,,-0.006844267443544494,-0.022580630155407788,0.0732482457318191,0.016203074030619158,0.007581530016756766,-0.02734804157661075,0.029703183724927085,-0.006889140530306759,0.03681762779722497,0.03139670422767038,-0.06202656485211966,0.05144848231939991,-0.20420161069822906,0.021620015898594858,,0.09112237245048727,0.07549519407758254,0.048575716986886786,0.049785913852832264,0.03661617021334518,0.116211021507862,-0.02704975958585054,-0.01762023062431395,0.07769660180445159,-0.1260558887713481,0.0384625826244378,0.05550476906019086,0.05016827981355565,-0.016109252709609834
2013-12-31,0.008901773779248279,0.08998947981580074,0.0036660033734077224,0.06131417384900617,0.054596730459048004,0.06349719414340993,0.015959349275654455,0.006478677756640572,0.028199096378907385,0.021965299898374147,0.06318675110614103,0.0,0.030199083975022134,0.013134548857431927,,-0.0606624993779914,0.03357634942880816,0.051618740139880215,,0.18774825807971696,0.05745912158370614,0.01668511296013686,-0.015169275933889281,0.023516618226181008,0.02270620295844017,-0.03917927569391366,-0.025102233803384055,0.04531825551435742,0.041467583721733314,0.03679537450458059,0.017420396469252752,0.03799659213786977,0.1021686990872317,-0.015305660926490772,0.07340390863694046,0.007296663959740268,-0.010777285237106748,0.012287108277762915,0.0003431440861143553,-0.009117051932315712,0.04604799172236751,-0.0060178633928256176,0.06952450703924185,-0.02953327373862502,-0.05110458871858137,0.05951227550482918,,0.055529417875114895,0.05500555473676472,0.06884740800813449,0.020173162328141814,0.005346947345532316,0.1448794411601606,0.09026665247708587,,0.032421689551846766,0.09644451482386263,-0.013579500919812415,0.02432572553445267,0.0861043545626845,-0.0011858116611633829,0.04761945693737024,0.01721210413997576,0.10423082156800678,0.04761926339126732,0.017837073048304175,-0.09660436072158407,0.087921630519181,0.0376669024389209,0.06382910673608766,0.07471106679472794,0.04243912360611457,0.05989452288373687,,0.003876647519158505,-0.010311400018022665,0.043325535624108236,0.05525409419218019,0.057682753135947396,0.0492481298043399,-0.033850425413729734,0.025716190978096964,0.03231276210097822,,0.02841801435933955,0.043911307670939426,0.08892635735600729,0.028155513682994515,0.019050177409234648,0.06187474139445781,-0.03243199866667079,0.02202034658903096,,0.009237503228551214,-0.03572019932258985,0.012943164682549746,0.027868036348655867,0.03485629349764907,0.015531883358961496,0.049339982086615164,0.04359704082461047,0.044904804625791384,0.040165529031136904,0.09811908242825518,-0.00349231790399418,-0.027066151103663505,0.05702749093373205,0.006131205257900563,0.033147863021565804,0.16251869191762847,0.05048278106535253,0.05121106879212056,0.10865347934426173,0.013524904687554073,,0.019177746412128993,0.015079653034909546,0.0019169594991341743,-0.0188831580478247,0.03080566347950131,0.012176665297512601,-0.06464224499724902,0.006478897889309776,-0.003204490393392767,0.017128140855306784,-0.0210915361841022,0.05460364694692199,0.026923071299284063,0.0841597027597969,0.008381992010042971,0.15055052497910792,-0.011295242320026322,-0.03466737899629513,-0.033365315227087744,-0.02363074520699371,0.09165008175243661,-0.018262455187887827,,0.029907915181806466,0.008187216870230829,0.03898134267454023,0.10803046115939807,,0.009105602057734696,-0.06336348440668671,0.026520274479852946,-0.037687214757077925,0.06209107331940267,0.022733552049867045,,0.011813772360027786,0.015414849088323024,0.04966371629301225,0.1451878571228442,0.013776101880637937,-0.0014202404447678507,0.07426580611735245,-0.010324018016466652,0.013517479170816138,0.10575408669113506,0.29334883348934504,0.003502932633355993,0.1818825409381064,0.021163422277990618,,0.014863193923939644,0.03678090682820012,0.026372643987028654,0.03596668463737074,0.09446567196678268,0.10236175703436823,0.07029681664548848,-0.009673730261880342,0.12214435808202517,-0.043222573948088705,0.031349559288634365,-0.022984015972188354,0.08258394769267996,0.0494386810755294
2014-01-31,-0.10769674962966813,-0.060406291255078015,-0.03822206922874083,-0.028460397187503816,-0.011523086658287718,-0.05222912164959048,-0.05198062734606035,-0.06017972711063402,-0.06052882484213784,-0.048642611473969866,-0.11369504698016675,0.04268928826730711,0.013280215651119587,-0.10055422587303786,,-0.06391305705271355,-0.05940243423235125,-0.02579043759310551,,0.03328328264253022,-0.06051606140172694,-0.08227684803583557,0.07578708161620762,-0.017972380899700324,-0.021450319442155807,0.11828882375736116,-0.015063623532455162,-0.05055765453280403,-0.05983068811113024,-0.08101058937126826,-0.05870444692808796,0.12562389498348292,0.0396826027788848,-0.08962076456188894,0.04089616471645874,-0.08806291711176939,-0.03363737480271023,0.0017549393302447314,-0.01337462861881411,-0.05607637009323185,0.04772028193899458,-0.04715802390239476,-0.07831907495439572,-0.08067903442406121,-0.05595708064346716,0.09675665654319299,,-0.015722782864315166,-0.06465046581255018,-0.049949882213937924,-0.10631657343175749,0.04977577393671018,0.025000274649714438,-0.05879790401928142,,-0.03639904971995711,-0.0496073449454314,0.02333066290251251,-0.04283172777839517,-0.030435600274452135,-0.0691634408798909,-0.060416146892033895,-0.01439171994816324,0.04367472144113793,-0.0398054231623155,0.058780667833845834,-0.022688651209938904,-0.1337331200567179,-0.07268564132684796,-0.05551412946674883,-0.050804403704668655,0.0665067503966894,-0.10346047481618958,,0.073901269675686,-0.030477064919176566,-0.034231355167024025,-0.11720085237212596,0.053769413889311,-0.07412857569396158,-0.034285557064734684,-0.06667447866638643,-0.001531826459910901,,0.03645460962510061,-0.058058678154394916,-0.05469945090105777,-0.037853231966130996,0.061185158924876415,-0.061964912872370825,-0.03406473368003593,-0.0471602009310601,,-0.046385270359804665,0.04700332376259486,-0.04436069566203671,-0.08448344844601796,-0.040836421993104,0.05901956614267134,0.015134823178003964,-0.06228900283043204,-0.07052347763566502,-0.018933227319745227,-0.09294481371143981,-0.02947544593875362,0.08060728686676222,-0.07195440128624742,-0.014461969023848775,-0.09031919042935366,0.14492215082739857,-0.085988601354415,-0.08257353142575274,-0.051018724690968686,0.05834186357168791,,-0.04967356258079214,0.03824746342601193,-0.05742832654243524,0.011494600461616988,0.05931043748661158,0.07369772957836629,-0.06209300548477592,0.11179615452959712,-0.07362664502331595,0.008201921953725488,-0.05683381711924784,0.13247636586904887,-0.01997489907660055,-0.0324777591023484,-0.07917979121949459,0.034452751550488214,-0.03110678957456603,-0.007509078522185297,-0.051718136558857264,-0.09318984839304856,-0.11870329739843577,0.048985190660702393,,-0.10317866173407542,0.03543001486666042,-0.08490539706231492,-0.05237925093429496,,-0.00040381704013203734,0.048502985366460694,0.0019330124641174784,-0.0927414993307819,-0.04538462524187259,-0.02818770464483078,,0.015757154811835372,0.017613217925355418,-0.027620670244446033,-0.058760547990341805,0.032739210363199156,-0.035525359137375756,0.0024118481324284513,-0.10478899981961631,-0.09995260314292942,0.03403707529049238,-0.09126052063816159,-0.10227543316727217,0.20594285562134051,-0.02758877688318362,,-0.04010573470718948,0.03714287380029835,-0.09373814338608089,-0.01658392401046782,-0.0325581719849638,0.013889151049161441,0.0637953925852146,-0.01217248244841962,0.02705606357475876,0.08120239921432315,-0.001321626750533822,-0.050959069956665104,-0.08932766193694675,-0.0691385980092123
2014-02-28,0.05751089613429694,0.03412576011770829,0.08510679144201738,0.043440274706692206,0.1594863802285893,0.0605526417722142,0.015405146154462424,0.026794789231752825,0.03773982190138914,0.13323511890011375,0.08163264313125485,0.04793657454149658,0.007294569441369081,0.00950680554806671,,-0.012085347392521317,0.15389013281025554,0.013121825520184371,,0.12920948842337587,0.07362935299584517,0.03502392555906808,-0.01313415461790124,0.01756904850818164,0.06566793524125503,0.08968774537345947,0.17813949538040919,0.014544052484895653,0.07604535459443529,0.0012515529601717645,0.037455200379282294,-0.03178117959999627,0.03726934398640336,0.025300571171601227,0.03258438537882924,0.04327879129873935,0.06961637441181145,-0.07467155734988029,-0.07785884100966967,0.02613112381661753,-0.050689140249235654,-0.012573516088818959,0.04450171737442776,0.03481198759780968,0.04232602222363724,0.030398191843540312,,-0.005020654099784472,0.03541554526614843,0.08003543866009455,0.04232216633042918,0.03061874930469366,0.07031436693578885,-0.0003490004029155225,,0.028229627567657012,0.11293180425725424,0.01478247921732101,0.0878078338115178,0.10469917932223138,0.0533717024431728,-0.003716753724050892,0.14633218098079648,0.025702035983143023,0.02216425107444242,0.0597687515855676,0.028743203734528322,0.006479310167487595,7.530487024065557e-05,0.09684405748924618,0.03568242689069634,0.08123588853835373,0.02238502533066411,,0.02653422322022614,0.041856862660202054,0.12553638950066803,0.0033260324605182134,0.02936577292688436,0.017620801995066104,0.16302796858515056,0.06740374252109449,0.040177466036934506,,0.030345198234220883,0.05379901527799413,0.01858651435938974,0.06689425586468722,0.09139310968975778,0.04602490195381059,0.04874971203745493,0.026373129853513033,,0.06739618913229894,0.008960305487257347,-0.06351068384596348,0.010047854884014162,0.04530118551931284,0.11369588370703987,0.08444341124085786,0.08079521111500632,0.022130428382943768,0.12606253627449404,0.0269559122511438,0.019015082358393887,0.016532755616077033,0.03876659190697862,0.04773664944915201,0.039099961112501136,0.0941344982191199,0.057923747419460714,0.029528493794736654,-0.030278780933934546,0.07589159311169258,,0.05359876371160888,0.024112753043411983,0.04371379649271345,0.02001250517915798,0.049913224621947805,0.002053278911203993,0.07685213041336847,0.0886816662310832,0.0781105149810446,0.05283498942287035,0.027063044599623165,0.07299389914552012,0.17598679112727433,0.05989182581820063,0.10220382907370307,0.1968040278585208,-0.0036090624472863153,0.06505782650742464,0.026624886191564334,0.05378682506351873,0.06788378165990361,0.06269343327628851,,0.03544930066414631,0.023785856460294852,0.008578027719526649,0.02966963344217821,,0.014416377306694539,0.15215372661575,0.03170004892334766,0.0015261219045248353,0.07075272200544513,0.06673504079824122,,0.02691544032362625,0.049899346334107975,0.05153869774866049,-0.003953820030315414,0.03402043230758678,-0.04171636518825905,0.0166404677844747,0.11258088981840508,0.07410639708502864,0.08163936293399576,-0.002289712064425853,0.03149622177714728,0.3494846578608577,0.06037765937784134,,0.06903707967310324,0.040537777655177853,0.012799750699128642,0.0354896876868358,0.05067673535201789,-0.05622371094706047,0.023026311661728194,-0.009162985163413406,0.009515926364323413,0.028525400950467183,0.030726597763568675,0.00026765353429403227,0.05199458839887994,0.02173933732599287
2014-03-31,0.019953133256903177,0.00962505397756619,-0.03192553711778956,-0.04355123732643151,-0.04210985728262584,0.045651247292867625,-0.0005273955930592544,-0.016229851288541597,0.007278332316078995,0.07700389034247568,0.0808625842722912,-0.005482912736848089,0.004909686949032599,-0.07105766671997338,,0.04615950172219696,-0.012372653220432905,0.043549095153720074,,0.04838598944519612,-0.013693675236795766,-0.026605528149058588,0.04115486314266814,0.06627436250573826,0.020927865928712652,-0.10217799197771416,-0.11635947335476937,0.0381444788150338,-0.03384737743886823,0.10281248224676687,0.07937469803333164,0.0320610735926421,-0.002998674544611113,-0.021180488101280037,0.024749506396776644,0.018632729516854463,-0.023366313895529567,-0.02816123522410352,0.0525494164017426,0.032468439722937115,-0.027506064049109713,0.008914346181184252,0.05079653446290666,0.05789479792988428,-0.043835460315523544,-0.08465607937947262,,0.028440097300640677,0.04547095980780824,0.023516483127686616,0.031041581109461536,0.02291030104268943,0.0050594553853520186,0.06281069149828822,,-0.018160377867197597,-0.009157014037862843,0.0047970451207803855,0.04257239065470997,-0.0600642312717522,0.1041897894186905,0.023597850464543768,0.03563515088867386,-0.026953851637437798,0.012154042556707711,0.10358446002844324,0.013645418727157521,0.013795572121939603,-0.004687459986700504,-0.034610243111746986,-0.023428090064182228,-0.005659902618861623,0.01649003106467184,,-0.14409947516337973,0.03577868314186139,0.08043560333213962,-0.04072972393602803,-0.08319834909935686,-0.015620150630679008,0.035884192271703474,-0.029803814925507432,-0.01778900370940406,,0.08819925251305594,0.039531329431801154,0.04240687467395832,-0.005373940057216919,-0.015376626592150444,-0.009022336168676204,0.0663263729316268,0.0684615394685193,,0.06124337276985603,0.006721770652539982,0.020094199999509232,0.02006039756587974,0.009612075542428045,-0.01258209631467977,0.005791914537435439,-0.022586484058052192,0.06321293003121564,0.009763928385521758,-0.03885726906459208,0.030267265321154868,-0.002711320306579723,0.019457546646551194,0.03847451199817531,0.04203638646971131,-0.12007000176978999,0.0069024644605073515,0.04592418432086598,0.03619047332715408,0.0039151552275233925,,0.023670823136063834,0.03406475251969043,0.012013190941325247,0.06995535058172764,-0.021910207028201567,0.04628535528019628,0.013995255520019567,-0.21003979545749063,-0.05670481847992059,0.019416234003089006,0.01415044736742277,-0.11960036759757842,-0.02557127200267517,0.04602356182083023,-0.0053490035635438415,-0.03583971289884358,0.0502161950168758,0.00031134016783762597,0.024662797012945603,-0.011025177629733096,-0.006968144386673147,-0.000671027805595914,,0.023832021325044028,0.06382980182314824,0.0008275295710618025,0.02938838365079599,,0.05230878742904177,-0.09690217375191579,-0.0015383738660872393,0.034103475858202614,0.03093178302218713,0.04838721543322011,,0.03754408279950128,0.016801964721330442,-0.042179040959983594,0.07606905766673022,0.019234586783897223,0.098339755907773,0.0626982949694197,-0.032459486626056466,-0.01317899582871751,-0.033380576118618555,0.0829506908677049,0.021080121444758015,-0.14852338451721625,0.048931974793960276,,0.06491828313110881,0.040358967669986034,0.01681146845846926,0.04742067450720566,-0.04461358744194088,0.10671082283455857,-0.12540192076563417,-0.00020999200554083775,0.05905958501085684,0.014641035819915382,0.07152090677508482,0.029760448898382696,0.014646558765545548,-0.0670532688294766
2014-04-30,0.09939603255890272,0.022297116241906556,0.011947444674985874,0.018369093053189234,-0.06160631835512398,-0.034813482133660756,0.009060557603655983,-0.005076154910303332,0.06238750078622668,-0.0666014324918951,0.019950104523650314,-0.09396795725359897,0.024216809114910642,-0.09584686004505949,,0.04953064439991417,-0.01276893238957788,0.040370807360069705,,-0.014128188109512552,-0.026423386236034463,0.028129709897711352,-0.11976751125190521,-0.010736794835706887,-0.03459178845214361,-0.06130055350089614,-0.028643329726261935,-0.04286444041756898,-0.02906508089857507,-0.0353792853803615,0.031047490156939528,-0.06730774928072325,-0.10221432563183563,0.006512418765532546,0.06692771994636915,0.032909402658733766,-0.014231400131649474,0.10008118617271311,-0.044070241645870145,0.043049265259799574,0.034372760434258964,-0.04904084525989738,-0.04224996579834073,0.056290225226729884,0.0358166948208134,-0.09528797615490492,,0.03958656578743858,-0.025889153698294032,-0.02495912198230954,0.055588021333109916,0.021834126172708412,0.02696053144027566,0.02797341006268561,,-0.021599995832334073,-0.009116915901023814,0.04591399642627425,0.04586895419570691,-0.06173080234572248,0.01135092494767509,0.020658946800220956,0.0004014154959079974,0.01606832794925528,-0.03301413337415182,0.04380229641706679,0.04334678689474725,0.04920481223523576,0.02783609190065328,-0.00037414791794398994,0.07214676753689209,0.010756762629404282,0.03862453183749448,,0.1076774598386645,0.03131209634476928,0.0043225208067998455,0.0017430417349837413,-0.041112071652025794,-0.024595981036911296,0.070979681924078,0.004802038632099048,0.0015094157394444085,,0.02163154656185995,0.020676089566448397,0.034095490801821615,-0.022990961400188414,-0.1741821050459874,0.047953333840700774,0.03115186773400147,-0.07209938511776892,,-0.07448642760866497,0.01814061707319592,0.01819131116466699,0.05509563526289951,-0.0032069680221223917,0.004077536255264302,0.005513489762993817,-0.05752027898922596,0.04745375224827186,0.04797491996407732,-0.013892500065607605,0.03417335793688503,-0.04179613773229518,0.03183800540340842,-0.039835103684972006,-0.008522408288521022,-0.007636169447356234,0.02528374144926948,0.07160078804476266,0.06790004897828394,0.031530962552378305,,0.005409203212605185,0.0069839117449754795,-0.004444277074022951,-0.014393580952955176,0.10397350051702059,0.044237571357454986,0.059299804947107404,-0.08519162188831486,-0.012320790910849144,-0.01515619827940895,0.008475694149574053,-0.1702269631831903,0.031267175688659776,0.0022456560863195474,0.00482752487991478,-0.07317779322377937,0.028622548147769544,-0.026151635010525642,0.032376751820980765,0.0012387007839791409,0.05989488437226376,-0.004898173230444947,,0.04348405944366829,-0.028349870252752374,-0.04689890712483247,0.07993746409043134,,-0.0019021170757670403,-0.011289559778365876,0.012752595971525782,-0.03761229504209118,-0.02853983208439459,0.04153842712664568,,0.04301338530581966,0.056097776262903576,-0.03106175547086598,-0.06374719304869403,-0.04566053299876438,0.03573873208751266,-0.07069962178363909,0.02049252977646354,-0.040725391992605275,-0.0518961059813855,-0.11323025009816079,0.06439431313734989,-0.0026865067527069852,-0.02997932753521293,,-0.08476660420307913,0.014760875339843604,0.011500871668537416,-0.04852961210880802,-0.06138242969809704,0.07664771719704677,-0.04270367958614851,-0.00671807924091028,-0.040731562609779615,0.05855715690750096,-0.0020103240356165175,0.042914968723527736,0.048423461015665525,0.04817900245098916
2014-05-31,0.0787094411297502,0.04320328094875103,0.0327824422753582,0.015332695731500978,0.04619877374392489,0.02842801116104221,0.022062026167713134,-0.017843516940938775,0.017692168040236878,0.0645784173253392,-0.022004926462152907,0.043640063350638636,0.07315611438272329,0.027685498010651788,,0.07396360129626922,0.020847302905113274,0.004719527894489595,,0.11291314851483136,0.04655176235156144,0.05416899728169433,0.0,0.022256180446104334,0.04131659272522925,0.11232237583048588,0.10440934814559077,0.012956738139673352,-0.006987362958323917,0.02037197230525223,-0.0039581664064126665,0.01744649270567633,0.05248965790703086,-0.006889197242279765,-0.030075432299102922,0.013584876574397331,0.05499785046799466,0.056149934913996224,0.12168897276891744,0.016344403668188567,0.008500373662015726,0.022872463772239504,0.07173155151164878,0.08529825494664123,0.00601016423614853,0.018973882864842695,,0.06533921703818169,0.04750564982859751,0.07700827084401385,-0.013399149458530824,-0.04106433897765216,0.04448870465293253,-0.023248254455758177,,0.06881953887222814,0.058860455359632136,-0.03528626458725714,0.05571424096441202,-0.021223299345965563,0.07628120551629913,-0.015064789384492072,0.07959193945839949,0.05825041956365351,0.021344569042548223,0.060612336260528865,0.017956643122689853,-0.009310474783589262,0.058054992512685644,0.013476257250084611,-0.011023333043789663,0.07921412568775166,-0.0037182949498747453,,0.03465413411487295,0.036024512571901646,0.023424733220510197,0.002900261426908024,0.0687444157014816,0.0033487260989648604,0.024892840669484384,0.009055442153413251,0.007625492738618345,,0.013308994316552969,-0.05617429297892118,0.032399798845216043,0.046732611016837566,0.022228368767937434,0.015487070971465622,0.008658794739386577,-0.007324142119876864,,0.03127708874179436,0.0008907551636476718,0.022351188462211846,0.002941877434018414,0.012945354607177384,0.021281441878494345,0.005262878820933681,0.025484681367456075,0.07689663995874652,0.07643232939953815,0.039428724396108006,0.00855824102274294,0.12086983451918987,0.05525928561033577,0.037572076265405485,-0.02025856308534235,0.05888263981497577,0.03116323583619951,0.03615022726663297,-0.033743166897513,-0.01195359407623553,,0.019468658899414848,-0.018285000613693536,-0.0022631271190785007,0.020515136578875826,0.09456314114113584,-0.017621858369020194,-0.07813058994445088,0.2974475691942151,0.05761185150838766,0.00618564670232824,0.04253191178626081,0.05209167702435247,0.03343332698127788,0.027886841423893083,0.041148479803206905,0.17820059036606595,0.028408408498235005,-0.04430628405145054,-0.021320490788677038,0.032164729530225866,-0.009150328336176905,0.021658728129635874,,0.036403967370024715,0.014636411771643543,0.025043864637962043,0.02499965397365944,,0.022106060102266234,0.03391839248671635,-0.01292687313695906,0.04091587000050212,-0.04826425709091886,0.024519891000716276,,-0.0336607528817936,0.02929807869158907,0.11022818821166003,0.03081722607136217,0.0866878271931113,-0.00644292971749616,0.022278225233340665,-0.07401936558506761,-0.06136761268926627,0.025526031068525912,0.17207216703064976,0.03168461955182478,-0.0005772553281030435,0.033663303817043744,,0.06116706963526641,0.04642118916076443,0.06158994886229885,0.03457570773818852,0.06231665206631942,-0.015121668982800318,0.06735606194302313,0.06912078768741337,-0.0026114185955457003,0.014899249227509292,0.03031129865344906,-0.030921043080608168,-0.01169271813113526,0.014540625546727526
2014-06-30,0.027662048349100576,0.03883679323236788,0.022244822226754835,-0.007489074423764008,0.12116516244025721,0.032264487974778655,0.0010320177059839342,0.016658489497323403,0.011734336499846343,0.1168892918834088,0.047500014305114746,0.020518358631716582,0.0077878457911608745,0.03912978764810626,,0.07938177471870755,0.07854822503922798,0.007701754613421263,,0.02399956031117978,0.0368305750597413,-0.05929745384533813,0.015844558246854046,-0.021480421051851106,0.009713614322443664,-0.012712520339000388,-0.05914934068367328,0.0547638215689763,-0.024728932478727428,0.08449036150044442,-0.013869400265607346,-0.004676497762990506,0.07593269454642781,-0.009880226917755142,0.06299498891915079,-9.607609820494467e-05,-0.02754515239666455,0.10646922983196694,0.02439275454118417,-0.0032160151662504743,0.03264514306481092,-0.007874659831628605,0.04702733227851619,0.07242957129415961,-0.007412401476332486,0.10355295543851706,,0.00934218132242215,0.04795925139992985,-0.03766619683701988,0.06319748212451626,0.03712358612518529,-0.005670389068671788,-0.00018910960494056273,,0.005093811187766084,0.020592668841758144,0.043753751030093824,0.07787684418845142,-0.013207105271901498,-0.00284939472935386,-0.0055445495513901655,0.1045367130545869,0.05705694650152182,0.04736020149120801,-0.009503542959912625,0.04866202284636567,0.07195311291626783,0.051591465752904186,0.015372205014261064,0.003493579809355163,-0.013291355853111808,-0.010945280542264069,,0.020933249941444965,-0.0435099891318903,0.03051672203837863,0.05849512134137469,0.02277615619506257,0.047744278521098193,0.10110098207666862,0.014999757913884526,-0.0021467790432058154,,0.010149439407723726,-0.016760501809942818,0.13103959776184415,0.015638722504793146,0.11375558547143227,0.0164870349059143,0.03114554785841639,0.03689042977996748,,0.10866947077442868,-0.002515809117801582,0.08595402950488218,0.04323093112092824,0.009445391840875006,0.03858971121734367,-0.0178433433785099,0.019329054918726385,0.09232235346846163,-0.01928274159887522,-0.038979686065194974,-0.00680287171028815,-0.016843340696657605,0.0035200786254823146,0.04473259324263612,0.0909088736575483,0.06303318740830521,0.0048402089193650966,0.020646095415869592,-0.12663587984299696,0.0073638593447951095,,0.03083357101606432,-0.07590390516451839,0.04763474803982959,0.018563868827178975,0.15250111293831914,0.05258834245262456,0.11262890955927407,0.05449588189712329,0.008321244882131262,-0.015795971549780963,0.1220805071055342,0.1844771864729562,-0.02421062197525825,-0.03545914624443813,0.0368906226571164,0.11934327318908622,0.01900017274551291,0.0016871028206604244,-0.027231429253250616,0.013184447861835258,0.003992651341467868,-0.0023144077498626903,,-0.037773324505435135,0.04432960081738635,0.08045261116011515,-0.05142149791642825,,-0.010370720127576116,-0.07978245427688102,-0.00662548870911861,0.05652620240203943,0.06822674814710994,0.13807370544148756,,0.03654619908535728,-0.0010817318624690708,0.015409062910842986,0.05750979462974204,0.001561218254664265,-0.0031010044067912856,0.039820885446253174,0.02096520805949975,-0.023875004005400657,0.01058445293549215,-0.020681653770324826,0.012498526533416099,0.15541226954370901,0.017241394914010444,,0.03144801681433118,0.005632197224404223,-0.011744635640041912,0.03261824796886814,-0.01917789625435251,-0.10615550995276168,0.31026844043925284,-0.02061684917475748,0.05531325713907265,-0.008856716249739827,0.0350535855555576,-0.022143806611223726,0.0014919149347984995,0.05114033815446328
2014-07-31,0.028731205670568638,-0.06560964889231802,0.03535196113237582,-0.019297785758122243,-0.04297955478329085,-0.08211560493622727,0.02560512635394141,-0.04032143628998741,-0.04763681211846493,-0.07051022380711736,-0.06682576791550587,0.07620187846847037,0.04901105874726852,-0.0363015219911218,0.05978527638120923,0.02285963899402188,0.025889894023785498,-0.0017647610518504164,,-0.0373244527774077,-0.06985765073264927,-0.05305357551450507,-0.007807503941398286,0.03305619037220353,-0.01741327469830234,0.06051193186888426,0.03279317934980397,-0.046527099503793634,0.05129795670629589,0.04609440643667306,-0.00892854989899039,0.0007830285707970397,-0.0075736790173792645,0.03863685554259866,-0.06701881317115643,-0.028649658883167617,-0.0010769144102653616,-0.024371767213971607,-0.020984849842225484,-0.0652781909038147,0.0009315250233998817,0.042142074407578,-0.03704631729287511,-0.029504256464021328,0.023761070348672586,-0.06594353965438282,,0.023042223518553007,-0.028887026037312302,0.016765202434866566,-0.010034481335282286,-0.054250737908620006,-0.0075781336109815856,-0.06007752140392453,,-0.06160337658570081,0.0016329571133106846,-0.027766703648318902,-0.04911831866055805,0.05533359065749033,0.02044400738968566,-0.04083795245466204,-0.062481830861841114,0.021086213351281025,-0.11376652649477614,-0.1480259691677953,-0.005687206075040141,0.028005896516536843,-0.02972616394106986,0.030325415959190805,0.022380611421603414,0.007245518826338282,-0.042998434710835975,,0.10420929365548592,-0.03810666899045201,-0.10478368585283238,-0.06831953683305458,-0.008757038293665587,0.03242931471790622,-0.028446746979305382,-0.0013587435344675214,-0.012049664220176948,,0.05730397098243811,0.05737265650513468,0.09676347761608173,0.02026885418499269,0.11109767907808732,-0.05927360538002069,-0.0432994381763514,0.007864477610901144,,-0.01583149436489173,-0.06608550233610455,0.003698773138495648,-0.07247404014523462,-0.03538091222124262,-0.017853950114063766,0.038823474778378664,0.0019025046148732905,0.035809672970533946,0.08806949654479923,0.01070450094561437,-0.06134586058661051,0.030341938976733207,-0.04227567542878008,-0.027026940824268708,-0.053276055149669155,0.07965522163448635,-0.016405881730351846,-0.03194993337346197,0.06929655882559227,-0.019187202204142717,,-0.014946182583711831,-0.06908617936684336,0.003343322966364859,0.03501210343943306,-0.07283789445640332,-0.08382127779752158,-0.02083333333333337,-0.04058106037890408,-0.005415641820735173,0.03042703066542307,-0.01590777105600072,-0.051000642298718146,-0.056094889037658247,-0.0005533222450881947,-0.04793942705619347,-0.035658888278507606,-0.013879726822284555,-0.0244874992304962,-0.00830004236876114,-0.07570956662739681,-0.08573940171121619,-0.006814072496578616,,-0.027280283793784887,-0.06776362890133658,-0.02027706698541254,0.008454775196801823,,-0.06919164361723751,0.1194816873907445,-0.0892157726748487,0.003877061892006095,0.030449362777666078,-0.08105135473222935,,-0.03463550194512244,0.011486953176063741,-0.03384290088151598,0.03132694807481484,-0.05396131612620991,0.023815579535429343,-0.06112095480917068,0.028300286328253987,0.0026340446517769678,0.029661166991953536,-0.020226144693198833,-0.04794324089247037,-0.06981582596456481,-0.026053862605959877,,-0.00856261427424354,-0.014435826855101697,-0.05425671492577444,-0.029778191781655416,0.001423851511228813,0.01397233131274822,-0.060942085176049376,0.0415474703261931,0.08223122613086198,0.01531833857352427,-0.03158346972551862,-0.01984822156610344,-0.01728269417820527,0.019832656806829663
2014-08-31,0.07750862146072013,0.05617145976140692,0.0028491982992389087,0.02245246893545305,0.038267170048792876,0.030021869916785793,0.02668815506697708,0.03145918466513842,0.07849183941133431,0.1075885271453163,0.06649615978410384,0.09938804151190217,0.04460246874474638,0.08322948209259251,0.2681487445711819,-0.008085000565433376,0.009549363997682025,0.07112447503118169,,0.1831940605535931,0.017613400813538682,0.05883050693350378,0.05508186008699134,0.0038830074490507904,0.008000326403741598,0.025867979059059465,0.0014971344408343246,0.09097786388407259,0.0005931910169496568,0.003585847546589749,0.09423582608678704,-0.007824681524634225,0.02600966549715733,0.056021420514646536,0.08258082818522983,0.062238116789743,0.07185169762646293,0.015208327593512871,0.05064439426750189,0.02097807903851323,0.01842536270551154,0.03529915122027005,0.03562705852667203,-0.015514957443683808,0.030117176418608782,0.08921648366058976,,-0.00951271500920714,0.03847782972510094,0.040465529012439605,0.010138371619135667,0.047192743450496843,0.04856047448627043,-0.011984876811574119,,0.03695194940742019,0.046576554915550794,0.0373401863120868,-0.0010598729965585196,0.05053928387303874,0.061014363355389456,0.012762069727382697,0.004020477066073669,0.01743396608516501,0.027826818870428704,0.08585138085030897,0.022914232307113425,-0.022836733214508298,0.006807871572713342,0.006205396035690258,0.045403002025185435,0.055493698376199774,0.03300199892920519,,0.1748774030947171,0.06440679805496186,0.06672124539615498,0.028976639862831055,0.004848581500197513,0.03930991457182098,-0.017816337818364114,0.15646268706095134,0.041946597584717527,,0.06711617570320239,0.009220674055806066,0.03724675694962709,0.014760756128524566,0.027231935505897642,0.07089945896347882,0.0433772044974845,0.030864965254253862,,0.0763394448927508,0.03976106856618977,0.11895479634842099,0.06184773734562854,0.02661168038194006,0.049321441979691905,0.05001467627246092,0.09738743378158654,0.02728549888620546,0.08299353617968874,0.022387266235846193,-0.00032830281803564176,0.017794605781014106,0.004719276198342781,0.03417527524894837,0.047782243934138435,0.029869241492088028,0.02816809940060394,0.06108367458738995,0.09635491377856198,0.05939352336447379,,0.04589317949870786,0.042728857904133166,0.06091510197068217,0.059169089908771344,0.06710331231652278,0.056486555307150965,0.08751490861342726,0.12992063343540705,0.02148548146909479,0.03773538309750624,0.06651007256207131,0.039625815833490785,0.116345483400913,0.02822490340270023,0.06161081223831277,0.051075873362059765,0.049829530388342924,0.02404180282913826,0.07488418809779374,0.06740551989309118,0.008923020123511094,0.003185096024472811,,0.04353146139452457,0.026526208739297452,0.037491738182347856,0.07940091715569242,,0.037994806549981996,0.10827919806940622,0.03272149307727057,0.00504414236955264,0.0296401674920026,0.015219152973208416,,0.025641578600573478,0.018865060196791017,0.01517590605746233,0.07598127049913561,0.044377483094061754,-0.017701388294455445,0.015057505578504715,0.01714294443397768,0.12220211812932624,-0.010617194412576025,-0.08682438283732252,0.057503669103562416,0.20779212958626947,0.04172983902552496,,0.06946341735952277,0.0758922976129437,0.009471824856423172,0.005948238968662922,0.009075209807435813,0.07136081519440718,0.05241250523871921,-0.011899628975692633,0.031234241185220668,0.07541547619489664,0.01767631775406442,0.032854219876394586,0.012258770478675629,0.07918209417809896
2014-09-30,-0.017072916107528813,0.04486216856689307,-0.01538852166394078,0.003207471472445489,-0.037691224297085046,-0.024756914562485632,0.0009548763970872454,-0.04882450696840024,-0.03420767370525013,-0.06490736059340518,-0.1822541910211909,0.007748455205978111,-0.04682695839765849,-0.04896177089087972,0.05342878280810304,-0.07816954238559637,-0.017130626131657722,-0.028246634373291668,,0.06368390508672284,-0.022445113930769867,0.004574296105251063,0.06293117915354007,-0.03606445207899356,-0.024107660431543,-0.035651850168160526,-0.06889775224169747,-0.006686340477049968,0.010463384221800487,-0.01148559310098718,0.006484512857183322,-0.06861197670507624,-0.061139293077311585,0.0032911229788019636,-0.09205107360805598,-0.007616981232647757,0.017323695645092396,-0.03506087952569448,-0.0413320907607172,0.007569699885710213,-0.013084317797916967,0.05100758812513351,-0.005361646020718203,-0.05786789099062917,0.035018259326364154,-0.026400339791306737,,0.01487895591375099,0.03720502852032159,0.0017627181210426723,-0.07825458875098501,-0.016092535644041783,-0.01386101336084744,-0.017884472120103023,,-0.006940579446790052,-0.009456889299762516,0.010541850865221303,-0.09291850506425736,0.020360728783588744,0.030486893610635057,-0.02249293337586522,-0.0988350883924719,-0.026481972510965623,-0.09225026629842759,0.020047972615381937,-0.1504884044808249,-0.10228197606852141,0.09318979031729091,-0.0037702577612976906,0.0026368569214594295,0.031156337092882902,-0.005528337075299872,,-0.010320022017155539,-0.05488938385077147,-0.0728667584671907,-0.0741514237265356,0.010388817375748927,0.024900919191329418,-0.04585122878176984,-0.01386606933067358,-0.022156993873658326,,-0.06258777326532983,-0.01284448001266647,-0.002863625308651807,0.053739173270833884,-0.017425158872882207,-0.03747058845079787,0.027571371403871225,0.013288765521227708,,0.030882569173107166,0.003826076212173346,-0.047689780221133904,0.02998061579090394,-0.014540434020879678,0.02029563014459268,0.05045977622661213,0.007808158609075244,0.04140304910258319,-0.049759657549269476,-0.024930923770131175,0.011630289184792364,-0.0018462252749879005,-0.048947079626833756,-0.029757243475899475,-0.018633448687958354,0.056401879722933534,-0.016111084165506773,0.07918273546460242,-0.06966252610278267,-0.0066143311315949305,,-0.0143124841471296,-0.026748019347542118,0.007577645521704257,0.020471576897600263,0.05092039653832381,-0.046419236567724176,-0.14829060237215863,-0.05539740406692828,0.13558269186240257,0.03568613400738063,-0.11453625008022461,-0.03844268554566399,-0.05141400518264805,-0.07825645662318914,-0.06643932815487175,0.15425347162026148,0.01366685143592572,0.006124665381024741,0.007579498237036741,0.010391760885781087,-0.011688174656982908,-0.07127943347754273,,-0.014014786371206456,0.009793405871071803,-0.01962118883158448,-0.06561732798835473,,-0.01747713752446467,0.028705006989397486,-0.022040940094461003,-0.03020195043691487,0.030866485524611464,-0.07251012726412998,,-0.016892339218607,-0.03299417587774489,0.04092238400734516,-0.08485120298669335,-0.027075587757980912,0.008008860134150586,-0.0032146534320719455,0.0434491143235296,-0.007381077777427469,0.013624906086133537,-0.04022582272180053,-0.0023054695168261974,-0.10018534591858141,-0.010170282575929224,,-0.0007295440290453481,0.029923096176254216,0.009863760485147921,-0.0048202973068059984,0.003999574771107461,-0.14536389502834024,0.20027784466056997,0.0034123338938287784,-0.055237202383624395,-0.07709406715647549,0.008359145829692105,0.012847620021354533,-0.05439342515340395,0.04260776776962638
2014-10-31,0.07196048363634211,0.10688060443689329,0.053656374881787317,0.011080177048737205,0.013441252671776649,0.0026265570396992732,0.12117725475202978,0.02540733771754411,-0.008330103118236343,0.022212091238442477,-0.17888566514971382,0.15463498400267395,0.04133278037674848,-0.05266095960625494,-0.08015398714240185,-0.1747538997178094,0.03441376182823652,0.01301856007536828,,-0.008620774872431292,0.030591154946977284,-0.019390825755816743,0.006451628659488229,-0.022711350196175206,0.1308326786493672,-0.029412687216639477,0.04111066113277606,0.03895587760809627,0.1450221961120557,0.004422811767984536,0.014622877380817245,0.12447072490469901,-0.029344130997387308,0.03319503490408837,0.031833598327776214,0.04224316212499102,-0.02992711808646753,0.04637645833988535,0.09791576849556538,0.031216062700661906,0.02919282631879372,0.04814884182947865,0.014089354246621166,-0.04778219355528546,0.0642356119403622,0.1122893429022338,,-0.027810489924287363,0.11135342722468411,0.0817890123897358,0.0052801213959901006,0.03198764758683348,-0.05797021978358197,0.04329779158360103,,0.0581732868593039,0.026395308456824695,0.09870277602832545,-0.11997672069134346,-0.07292949968384044,0.05910427052833489,0.02364971809737848,-0.038165735715029014,0.021734954425663755,0.07921731037477264,0.07333539672761669,-0.038844410872012625,-0.11824316250193267,0.03685364235412347,0.037121957174440556,0.07487629970584808,0.10537174349725142,0.0074158724735600146,,0.05213691702198209,0.03841486459025556,0.05635962883720658,-0.0169067064077838,-0.03490760546489302,0.03497319848019309,-0.14524905410584477,0.06300419986740513,0.032216745730661245,,0.01155877424068863,-0.13396238805933502,-0.023262610998315947,0.007160627345291548,0.07357850978799174,0.07853525198305156,0.01116418584142509,0.010747982615438856,,0.004696266270527216,0.06228531010693694,0.020857204859737077,-0.018284199864066042,-0.02333297041139526,0.022821570138656044,0.04261937458131104,0.0856318119577848,0.04230253090970226,-0.15672723269322508,0.1346566579631563,-0.011391063317376826,0.044896696504426625,0.028888509560065945,0.10568596607593395,0.00967986565440837,-0.05123982534187743,0.08533293421445642,0.05224208807514463,0.07357977640515578,-0.02260511810900656,,0.044506288256513926,-0.0029674120525013947,0.013943396153453413,0.012726097155546734,-0.034150855926629586,0.06753303235860608,-0.18611711847373436,-0.12946055365359466,0.04226426973725306,0.0470551981579963,-0.0454660848725017,0.155665272633156,0.05907815280907536,0.023271854318865914,-0.07509065943904236,0.07747195001836715,0.0330861935698723,0.012850566712767852,0.050147708117301404,0.04469960618501667,0.11283386035566023,0.10477451837962315,,0.06726614903044847,0.015335022727526182,0.006823161221387375,-0.0345586974877945,,0.05002022831562325,0.09208934741965358,0.01325784011840958,0.0013250667076327716,-0.02449796393775794,-0.0297964753049198,,0.07423405795740146,0.08995205001610174,0.07140253470567748,0.09708393896164424,0.08396320531517265,0.005991225180848936,0.018005985104555977,-0.013720216824890774,0.07013677776345673,-0.03393574457903714,0.011083970267643739,0.07302522356232521,-0.004038300546751472,0.04865986354406515,,0.10156490671998886,0.07406381522665817,0.06735160759450665,0.018408255406533458,0.13150845314220483,0.08255891805855442,0.002938312155891687,0.016453627278875782,0.014960792767343412,0.14013200835110262,0.023520534653390435,-0.002615707054256844,0.02828258661167693,0.0056831033443867085
2014-11-30,0.10597846775735276,0.09045064993659957,0.021106044659093603,0.06422586047755163,0.050770071579429255,0.10116902236429715,0.04719963413545458,0.0066197798401888,0.02296094837838969,0.09359288607303795,-0.003571425226270075,0.023194007255290527,0.07702593768669908,0.10862302551854675,-0.06621535081129803,-0.16981863009625264,0.0680976379444469,0.060300338354202676,,0.08289883075209503,0.02745944552216928,0.08193077577789354,-0.006993218606275553,0.040775851457324874,0.09036484290593227,-0.041702954686793414,-0.03815264099674398,0.05268098366889151,0.014779170794594565,0.03383257969411746,0.06085900796535704,-0.03087348310664295,0.11288154815211615,0.008219632576236924,-0.007987289041081924,0.04611116982113295,0.0636199563511346,0.07140600796878926,0.03334327172808216,0.04052042792462496,0.030533014065961206,0.009903154170083805,0.008904291945047271,-0.0842691668259884,0.06837407568433473,-0.06438527118841364,,0.12954574099172844,0.028480966803793528,0.06467793926580878,-0.08395472661499559,0.025958313320569415,-0.014777739238390764,0.012625777291118911,,0.039303290067145724,0.012366090626652726,-0.005652440571013995,-0.01716640033354877,0.045333012532098094,0.009629649629546044,0.002458606681841946,-0.08763799124162197,0.08745846351443576,-0.0010363093736874829,-0.0032500357232929655,0.11639476790461334,-0.05789484806415346,0.06439694608827673,0.0479539361481669,0.028929107796817233,0.04006853696426904,0.02634607220918328,,-0.10428540229944716,0.015203907456499133,0.03384716952155986,0.06464957747653766,-0.033088583094065926,-0.005150104408703671,-0.23467517254548687,0.01927782490809582,0.03625216015183752,,0.08862892217309848,-0.006813105560496746,0.1024479127387774,0.0665829696391873,0.04431217801374454,0.04261425732764601,0.010902187477508374,-0.005291055863802185,,0.09809401580949073,0.06417561026769159,0.06847540319757961,0.0778385596288742,0.018969611137432008,0.034457347752444134,0.013250474645188248,0.11590925052694545,0.06139208754907011,-0.13256919522636368,0.04226855442951849,0.04199097254417716,0.03732559998808549,0.1117412171943235,0.08377293569727762,0.03192646030881541,0.0361380145651502,0.04668850417177284,0.03971854762968241,-0.003517996361975251,0.04245801284730644,,0.040831005290923095,0.06547617443360099,0.006580892148612794,0.024739969070332934,0.08643126730841422,0.04897638700319873,-0.01918984757572406,-0.1175751585774597,0.06797908156886501,0.026604433883827383,-0.07709271735067891,-0.05844255849766178,0.07772496450091726,0.0860436654602652,-0.10300282469253541,0.1636707579204324,0.04086509650779746,0.04907478163342671,0.03620956312835211,0.03142720457392678,0.020777219708411288,0.015126145768123767,,-0.023368228758787524,0.012501740296356312,-0.03353881580041129,-0.06345038925938362,,-0.06602815196373968,0.0568677616573412,0.0344223744723986,0.07921512717623824,-0.010128546701183128,-0.1288260004179308,,0.023080395872633996,0.016186940707529462,0.036356954484448645,0.06119339518371447,0.06146414798587818,0.015499377042368145,-0.0013351131636051283,0.20622990596493507,0.0477163631119486,0.09968534095405013,0.0,0.036210276960178645,0.01166733960485633,0.09585188073093187,,0.038101479151298356,0.0068303312283679585,0.054258110636842494,0.03755830295130047,0.07147951808687947,-0.024126234407747527,0.04651986765059557,0.006766389669284667,0.04981155338577459,0.04749557373282287,0.032968881665612626,0.1477649009335198,-0.057039448411043026,0.21144277304535053
2014-12-31,-0.07189107820368612,-0.0543350282002284,0.011458090163322776,0.03451856791977992,-0.013300805549328332,0.022960669006502288,-0.02087854230186159,0.02276904143777969,0.024432706657769865,0.03617467613850911,-0.043010712257996575,-0.03641645618452127,-0.055068938619228125,-0.0835400040823484,-0.19915650293988607,-0.022156498825694926,0.008013289566985993,0.00571963348868465,,0.08086715498693997,0.006708987674276079,-0.03259893389755819,0.05295262444166138,0.01110758733317363,-0.004043016355359086,0.10322080507530651,-0.017221279383035304,0.0011478267942162113,0.005883479772859079,0.013489852702515348,0.009819029061174156,0.029526038680645517,0.009248230060223017,0.0025939763720512765,-0.09015853700840293,0.010519194901353224,-0.04242949018195186,-0.018149687014986093,0.00019458317427645255,-0.005748197707576508,0.017005548177887908,0.07616720493820495,-0.007812277024262904,0.04525517913159249,-0.0026035696292311394,-0.009353361783815628,,0.006512683599873004,-0.00712542735845445,0.05418132275401644,0.030403738359209953,0.05995842482038238,-0.05432700566912896,0.02819413991993658,,0.026909554425313287,0.031101017097282746,0.03263276932954251,0.0423586131221394,0.022594736147691696,-0.014157920422656844,-0.03168636058999241,0.061693241889549943,-0.0019368379784477918,0.0019163687103727067,0.025159183644120953,-0.014621799712492112,-0.12998098256735358,-0.02427617572674401,0.020521571661541227,-0.00727369784032339,-0.053247143754784676,-0.03707381548550026,,-0.060406982613891325,0.010995264353624856,0.09086547409075618,0.05358720403522499,-0.03354690275938754,0.028767094598839638,-0.06383220578426074,0.061079657304234924,0.008579447040786947,,0.03156673873794391,-0.01066774745872745,-0.02577199629759719,-0.017896883757114512,0.021573297092050803,0.0025884125725073037,-0.033995453500310635,0.040226293460730034,,0.012672911141430765,-0.001790827636366843,0.023216350257746043,-0.05822015281165416,0.014324190470405895,0.012771540034978157,0.005273094426960778,0.07786351921015244,-0.03787790488395215,0.006721120970516914,-0.012945415533277327,-0.03212448847672955,-0.015088127542261964,-0.0695178086709457,-0.018544942886315474,-0.027333233074194108,0.0041185898516169495,0.026422996800774978,-0.00951053709848615,0.0018874596556621714,-0.052660568161056354,,0.01148609843982129,0.016574974888825533,0.10289932637004884,-0.028446024041228757,-0.026147664865134423,0.01820083139084616,0.028514928339914425,-0.01436852482458173,-0.02883983488229569,0.04583864548664196,-0.015725551573330332,0.06081925336663763,-0.04387201851904854,0.06036307934561069,0.06236015760888858,-0.0034959374404537336,-0.049140272339199376,0.0,0.00729826863852856,-0.009177275453785216,-0.0006200392662967236,0.02575255797470799,,-0.051619688443660605,0.042986213046646515,0.06448536189563958,-0.01807711742753726,,0.019615859357046128,-0.014082786574249773,0.044694585063137504,0.01034284353689019,0.06603137085258437,-0.0016369064979429027,,0.03542036220475442,0.007245802941877821,-0.04793497769891086,0.0058989716874999765,0.018959791671194326,-0.05059364488662521,0.03458357956566127,0.025810896410549455,0.0365779153607384,-0.029795494192305316,-0.07708126733974241,0.01872967751242105,-0.09042199622703462,-0.017456464835566843,,0.028805925881146166,0.02021071159139587,0.011371937464805804,0.022444742268389772,0.01553108995367336,0.018309013234045324,0.007804596367286809,-0.0753113583974434,0.07575455487138916,0.027287435071225108,0.006240336116531742,-0.013482178559780844,0.021095249284226902,-0.042288002599170205
2015-01-31,0.06142416155724795,-0.07085795258438499,-0.000512460363063294,-0.05911987488091186,-0.03535075381989217,-0.06141928599937885,-0.010075825732395849,-0.06564109640499693,-0.12747725078239935,-0.08346742669790286,-0.03745323602759998,-0.04413331386949526,-0.01922090746566607,0.1423553822877348,0.03884135410706846,0.002430021499344237,0.009568427399852864,-0.0018586257079137303,,0.022765887617014702,-0.13018739094150666,0.1184028099583645,-0.15315805787288794,-0.04066090543966905,-0.007760517918136478,0.14644274463822948,-0.11465437117237454,-0.04768408926444656,0.021006814208605507,-0.10848555640319524,-0.04155837820863939,0.11773588072578867,0.10375428063965098,-0.13213884390269937,-0.11913337316419115,-0.06023657795986548,0.09923750647762852,-0.09302605001937803,0.03809159378508187,-0.01901505194062303,-0.08016977041791251,-0.03778925909084496,-0.11314374202809951,-0.08803961548632333,0.008748528826943103,-0.048221244803530294,,-0.04560276321120815,-0.08087192270656851,0.022834362041916023,-0.08602248834957937,-0.00012984581687691676,-0.00986651791750115,-0.037074629345422716,,-0.03885226846533374,-0.03429240376242093,0.04309311486904144,-0.015356926298205842,-0.05559503784943354,0.07392439240232873,-0.07759612862878007,-0.031105346550564184,-0.043532177763426105,-0.07165940023516504,-0.028047178958210073,-0.04128383828366,-0.2704965619815286,-0.026200687220307994,0.0036977979336048072,0.0219810840039647,-0.027669691280119202,-0.054610201510961964,,0.1121366266055035,-0.008283809225390959,0.03663333615814213,-0.06559724262378985,0.012983777498834836,-0.11050956327984962,0.016781139778700105,-0.005239843729422988,-0.021617394537957635,,-0.09967603487951415,-0.04444008135645383,-0.08955630509930368,-0.05556818428920163,-0.0651491507412395,-0.017001057548176268,-0.04236372910524355,-0.12544255787487368,,-0.12585325279763993,-0.06560519107287222,-0.01910808201891212,-0.024869293830908412,-0.06923420085373078,0.04362947471133993,-0.021810994111615134,-0.011690720995115256,-0.03655134780970104,-0.003779010612565581,-0.046097158104273395,-0.013447635938118485,0.024423891564991917,-0.030002785678409527,-0.011080370489582658,-0.14032184193362274,-0.02704432511753374,-0.012293620720585707,0.07773483441508988,0.025814482320102528,0.06145457108711838,,-0.05595056678402721,0.0682756861727678,-0.12608693104204793,-0.13024749298256177,-0.16395308195628833,0.027754321680760974,0.3306875467874313,0.29328767816624746,-0.04056171072961645,0.06486179943966719,-0.16938802885343074,0.07442890579187389,-0.042394079532301454,-0.06596160801055484,-0.007567358559688486,0.031165893114404764,-0.008249009037476385,0.0032103033682708837,-0.06806969189835055,-0.03853294984495015,-0.09685916983673404,0.04903535796786729,,-0.014855999842083412,-0.06814003193342755,-0.16117581571696682,-0.019246722594104648,,-0.15969325089111963,0.015624596392689316,-0.0019131571886882304,0.06678894828795312,-0.13945040411890697,-0.03535849337974972,,0.03278364488441032,0.09087892315648705,0.005170085011246606,-0.1512781808191328,-0.03477183396134431,-0.0014531957316639144,-0.09256899609482516,-0.030299021027945905,-0.03849496695565702,-0.0006383809366523607,0.12026731912122957,-0.0286255087174887,-0.08457357946114563,0.0058629332299768855,,0.05104380915376061,-0.01611658866899046,-0.11091135965936127,-0.06763060638510776,-0.027803220960430086,0.06828259026847983,-0.07289565184890179,-0.011313171000148725,-0.12168030141086172,0.0829917059429679,-0.05289993816861571,-0.010479901965648408,-0.05440773055008408,-0.005104623042429091
2015-02-28,0.10077659456809407,0.0024855805364687455,0.05831086266089658,0.0714027309956129,0.12790534110944862,0.13098237381517852,0.07645703140290405,0.09749705754399218,0.13218755698489826,0.10132192123332784,0.2101167221322302,0.04134416674671271,0.02258873177719445,0.07229288887602481,0.09648289378394703,0.05226163720182386,0.07231629265980533,0.0512009274713654,,0.24047467224915886,0.011153621937217917,0.044114955614177775,0.04356415532787983,-0.016498134655190122,0.06257197443402118,0.05249766801194644,0.225858891154735,0.09077537543226133,0.010784681922458628,0.08722214339956369,0.024320755409177552,0.14112080619155454,0.024698961987176027,0.11650704285231295,0.03663860155075205,0.05603891333379862,-0.0023124059666015384,0.19507683919303687,0.1385376791226789,0.048874121402724846,0.1172153142382184,0.12461989066724022,0.07942724841352478,0.04650394749734432,0.06436284617532273,0.22905215296322012,,0.11907485418828623,0.03498635504467096,0.05817019156839165,0.050697405531349604,-0.054151429527389716,0.09034544695078783,0.06350507942541483,,0.059480737832827923,0.14423952375935678,-0.08998252953955488,0.02190156070474991,0.09264168559272656,0.08513567783844822,0.025515807131642365,0.00775079161399983,0.03375471537727037,0.12553494645042584,-0.05041313647710943,0.11080892804073783,0.28673402187582386,0.04653788980734053,0.08265277617022271,0.07638220058965017,0.04181360234799447,0.09790371444536827,,-0.012400909124161252,0.024961828326371505,0.03149933667499716,0.14377718573976672,0.046655980399356256,0.10426214991213345,0.07376847979650103,0.09892774508159263,0.05659364932757538,,-0.03570406805578219,0.06370117171611445,0.013574399156317973,0.12451052597108547,0.011163266187472098,0.06198328436214329,0.03083234763774767,0.12688536998094668,,0.06510179925085202,0.015746556249653265,-0.0009744370772937216,0.05173640104735222,0.06061865855150783,-0.01845528376146577,0.0698394256376016,0.09341807278542102,0.07875471698388892,0.09478493961543166,0.09874476144161615,0.07918107308698374,0.07660148880425788,0.04824047524587738,0.08669446147428195,0.10096500859122948,0.04031085859008643,0.045588212197821054,0.06007547019677051,0.13965106523753246,-0.028865580394314083,,0.0580245583220671,0.04067148343128224,0.058562871842209985,0.09312025762428133,0.04783055641444789,-0.04598646191034517,0.04691854872765355,0.07494341579564745,0.05584459319510415,0.060214875480276264,-0.0014698746497575632,0.04609053051110279,0.15338244527298395,0.04607316252775551,-0.02649987337243509,0.12524720152167745,0.0554488640650892,0.10792828488920758,0.009965744470966653,0.05486055319637351,0.05903961492115628,-0.05383230524698612,,0.033898339046173565,0.08776892932971592,0.07324981958897725,0.12332694281684975,,0.16090330471834413,-0.00676818913400401,0.06784283176636752,0.0719895741274954,0.1317898166326965,0.02744543293321189,,-0.08720582369365781,-0.0348417085456294,0.15637506285378633,0.0926875632357893,0.040637201792939504,0.049817921433083834,0.08509700621163274,0.05085271363542043,0.043651909144045486,0.03825524511748668,0.09443335262483488,0.044933006839115164,-0.0012769915077778249,0.1000934750477589,,0.06945894274988729,0.03064160361447099,0.03661326325359804,0.06442359789336782,0.06627085769739605,0.17517225523232005,0.08434720325956824,0.08181990815009654,0.1002778834851712,-0.04945352818216042,0.06223259285737037,-0.012355582808325938,0.020435456035249544,0.0786335960090232
2015-03-31,-0.031371490793674406,-0.032396896174933576,-0.021954798541792386,0.040653093628630455,-0.06523383226616652,0.07618692327966103,-0.030440827306070672,0.02827308909733639,-0.007548744856103018,-0.09940084717082331,-0.13826361506207507,0.013505110553918342,-0.05033272576300918,-0.021201593551299025,0.019072384226058503,-0.08368725914826403,-0.02596095016982536,0.0460110050540854,,-0.0020779508613215647,-0.039329109460364164,-0.005104429367463137,-0.023521492607172956,-0.0017353017748263921,-0.017389462439473702,0.030884528454276028,-0.059257445305683776,-0.009242727515785143,0.058765600697721077,0.028103848083035343,-0.02096191751662546,0.05029588169562649,0.038174255604072505,-0.017168848111209778,-0.03462028328098765,-0.016356389533070392,-0.03442107501561542,0.06926907023284135,0.06456012558711866,-0.02089793131275508,-0.044736818088896624,-0.007593058355460758,0.0013969710452992334,-0.04509223423059705,0.030893019400047628,-0.037042503298901464,,-0.05995642722227723,-0.03468445721916147,-0.006354525694775792,-0.015935229976517196,-0.016922936681123657,-0.01677673870541274,-0.025475681597370237,,-0.02573787659025273,0.007782265299838276,-0.022533689503281162,-0.016641016693567656,-0.003971929650194217,0.05886000184243567,-0.022444803268408253,0.021956840257532972,0.046181230141215,-0.03561807179626686,-0.009138898022107211,-0.012239805751342425,-0.12390179561964187,-0.064067889266758,0.010920758430829958,0.017036016859916403,-0.02197724833268022,-0.04540225241343754,,-0.05215887678004172,0.05224006444066953,-0.07049175391476803,0.013344256202467486,-0.014094472252294876,-0.009589439817825784,0.026192443891486228,-0.004840038750559161,0.014886301843492822,,-0.1012920265735241,-0.008892459247855644,-0.05954878432630184,-0.006862751592428995,0.010059974363404223,-0.012436299287360564,-0.018632338592727393,-0.011422948004534916,,-0.10267852666716104,-0.015395277404411711,0.025603405759145437,-0.05573958286343483,-0.05072164632707565,0.03534303369363978,0.014546292050436227,0.004049390859123481,-0.1462763931003621,0.02200004604876904,-0.041495856607452475,-0.014762228805439648,-0.010931400747123954,-0.01881502713870198,0.009122135393451858,-0.005508688252214622,0.041154989583089385,-0.021938803742539315,-0.10244982948701742,-0.024857317278027313,-0.010161403971435834,,-0.014062264237589606,-0.084761155803182,-0.0027942563051346347,-0.07274774457812538,-0.11542219604045156,0.005702561082968405,-0.1745447877023607,-0.12259176092402158,0.03305212922932399,-0.028664943156600287,-0.0717958665426165,0.033044827883106365,-0.05122400526382309,-0.015289420513809882,-0.05386932106770825,0.02714105386552723,-0.027472324085137112,0.013694955602813419,-0.03747252851907357,0.020637879714672236,-0.03186904157078385,0.028624809854925104,,-0.0804574877338956,0.013919232958868655,-0.006678921991294717,0.0017845637997233599,,-0.038146822700235505,0.09095316517809815,-0.03863496997909743,0.012942443758977351,0.03749150579387539,-0.008555452397897678,,-0.03297681406794095,0.027736597472439728,0.002909761874589467,-0.1487239866901463,-0.02270140276729482,-0.05526619065953353,0.024704247942855417,0.06820249008805446,0.02054173091004552,0.03459813517524446,-0.04056917153522821,0.011592914241909114,-0.07165333192256707,-0.027380808989405425,,0.04449334194680099,-0.09936825325936627,-0.047085128113985686,-0.015494252649723261,-0.03564182578048969,0.03128553654838484,-0.012224726456853463,-0.016582084505654904,-0.14467854110821687,0.0032423753215202744,-0.007117807139296328,-0.01413074746681664,-0.03998236734168781,0.00433972125260329
2015-04-30,0.005786176986505964,0.11370530408210722,0.007068690806464106,-0.0005237395100454734,0.028671829147794314,-0.018412801608217455,-0.012844169474837908,-0.015153432953990631,0.027377258674325056,-0.12278335673650309,-0.15671644247462468,-0.01213674005912646,0.008408239482677216,0.13351256225666042,-0.09244288608977347,0.13780555007946527,-0.0518905370326862,-0.060410495590534685,,-0.07953993913157986,-0.008576785288889721,-0.04490945947413483,0.0350878233751184,0.0035035417287190285,-0.018942711786483768,-0.11441360050188076,0.0632736990400522,-0.00519382608122021,-0.006237450577125658,0.056377038733919305,-0.021549337947058933,0.003943644778829247,0.07616244667409089,0.034937533427211065,0.09459017276105341,-0.040362598674362316,0.011994371862432462,-0.0313293098888503,-0.03708258573229917,-0.02429255913304218,0.02284375086878221,-0.04012259379672867,0.025755310086574612,0.09090902660944988,-0.05319249182202834,0.08995681191367866,,0.04722121082111275,0.08967416722535893,-0.03464859916731966,0.057916053145803614,0.011429438800922842,0.06294342448501622,0.03227294521390833,,-0.035570826938083555,0.03651456938055553,0.01028893691299615,0.13098946770371933,0.010055709733126417,-0.02253731212735277,0.039032354596663765,0.08109771465953775,0.09911945758826901,0.019692605933621543,0.012198498575348937,-0.01183635627613322,0.23133238152865876,0.024901899098699776,-0.08183929889118002,-0.022670063188489187,0.016912213571043555,0.09149550963302677,,0.024253589155029065,-0.01452971477934617,-0.07716033759830587,-0.0650667904619654,-0.010690455880399963,0.04495422883357891,0.11554236886961422,-0.05835764224324058,-0.03249917313724271,,0.05808723965685525,0.06722751780018488,0.040933397692159756,0.03742081369962946,-0.017919703277993637,-0.03664833543784807,-0.013916677865403293,0.05117951370749263,,0.008749444326330291,0.024087413764513288,0.0323947175108279,0.00024646894380264683,0.009855906261124536,-0.010736367712724015,-0.08060714788236911,-0.07139441442067729,0.07602488382513295,0.17904298348891978,0.04613467964343876,-0.009134559045165469,-0.01237827153118698,0.06317556357185028,-0.045390812402244185,0.014639306239891514,-0.04196082553343927,-0.05189442886001816,0.0005996406176949076,-0.03730840819139036,0.03618642826317542,,0.006213674825530369,-0.04693872706976299,0.04964018659446978,0.19626162776694445,0.036859367077263894,-0.029985668952708378,0.22017463418794558,0.33552525019333146,-0.014851168401769366,-0.04299184288800362,0.08841750540455307,-0.049758788061251336,0.06067903925111273,0.014435375173913911,0.0972599451847207,0.011226773283905311,-0.005229059221541266,-0.02471994852517634,-0.021850870508838716,-0.019853035881544856,0.004882908062231239,-0.0771350868288152,,0.10805782237265427,-0.010797592581531568,0.01606282455780117,0.009033266505327209,,-0.019325486774804612,0.01324513613898115,-0.029437279525187487,0.04709608547887889,0.001971217952376536,0.13386879062670998,,0.0004514754128732701,-0.07232650503268745,0.008704133580523798,0.13900468716742775,-0.00010854281830774415,0.08123983191586359,-0.017953055778507587,-0.039478554721751435,-0.07865791169732828,-0.06446345127650444,0.07415623506474178,-0.06492158376478407,0.19748893223542296,-0.04627104352788869,,-0.05824680658589654,-0.019203746987241477,0.03703318739385497,-0.018319400727130786,0.009784737297575008,-0.10562723910750271,0.04501142242644929,0.04892897056595347,0.07394795855181568,-0.06902830523079795,0.012867404164304874,-0.051063811892561595,0.02788268735502375,-0.03867573040777006
2015-05-31,0.04533910190102475,0.029848369764183813,0.04696259162331495,0.036589247177890805,0.03983695604200732,0.10558039970153477,0.011473857908159468,-0.006924853602712777,0.04121485236399791,0.022243360120113964,0.00884954911987168,-0.005571118247612916,-0.018407184914148167,0.01766321084662592,0.09217311871544887,-0.12514634971341831,0.02321679056760484,0.03034124878168143,,0.26685462677961613,0.02930916552272511,-0.013390956288647837,0.03578147273200538,-0.023411262411086486,-0.0025557218227175715,0.06166929107125174,-0.05313435001855471,0.00505588668929291,0.013651411304328454,0.02409063208806339,0.012676107931641534,0.025252568498648875,0.06933610319827843,0.01521504291928566,-0.01795557755070698,-0.004766560936157349,-0.023703682840071738,-0.042980826425032315,0.1298940265004258,-0.007283254237888781,0.012118976121647362,0.036189779084394136,0.03854536530766217,-0.05179657480668498,-0.0032155941949693068,-0.0009612564432102122,,0.01664921429036803,-0.050781400671149446,0.031120718424675564,-0.06333231633579484,-0.007186475567251827,0.020980022129581055,0.034909507154421204,,0.05422527019473389,0.015176333719523205,-0.013440873972536127,-0.04383516391664566,0.05320969852791779,0.11210486201788372,0.03322660763726937,-0.10368837544669396,0.05407631938366286,0.04161195040434862,0.0036616493026015995,-0.039873615985846045,-0.15556524788170245,0.02152480851558458,0.003360562334198125,0.0328608647152,0.020681441574577297,0.007016275502469416,,0.11700356136288304,0.014637158119156224,0.005209205924894489,0.025955612161912,-0.006286773046910388,0.053014200141470846,-0.0725228569049764,0.04150304169090413,0.03753432909435017,,0.01304220315839455,-0.002079048879115697,0.06633426156215139,0.038074576357233214,-0.016593471136364668,0.002671418026037875,0.016837343429190632,0.03983548764247713,,0.023315594237747872,-0.007566879280295313,-0.03399293132751702,0.009861911842501181,0.007627199284465869,0.10540733752667908,0.01654340205869076,0.016265023891981034,0.08825113687972963,-0.02337699205872057,0.022724749357784013,0.0022137524389802543,0.0619070365142802,0.08391976784236288,0.025117956828182963,0.026344566975306183,0.005332078826252307,0.02363264605232085,0.022976895324440694,0.05470725489372419,0.022330253200554928,,0.03685856118991171,-0.0014276497347375239,0.023854496116308743,-0.0303342190176068,-0.007109601706688284,0.021757711586225748,0.028312601122888692,0.12140166375985939,0.031440431453838125,0.03858319908737662,-0.09593820403276987,0.02337693193573198,0.0014608344420405928,-0.002980462733503275,-0.023845242884538376,0.14737335558005182,0.013772006639583001,0.032641715319030595,-0.014086369327898973,0.025506515131766605,0.014192399980217152,-0.015174417667349283,,-0.004792100080441841,0.04317008609080242,0.04395767748381196,0.004569049095934696,,0.024705926083098184,0.12044797838209553,0.03571429068230003,0.05133737977692987,0.039700574914598,-0.040587977816044396,,-0.00126839226215969,0.0076998863756641,-0.002191944485148034,-0.052452317165223694,0.042172615926013624,-0.0028868093490387325,0.037981268085194975,0.012922876077584133,0.0006648915908114006,0.03142903301037281,0.14218535617852557,9.83529031755026e-05,0.10948902799891624,0.03154416133858606,,0.07908404180346773,-0.044975465968228434,-0.005731178044132923,0.005598034503824678,0.041637726000294695,0.04822042058407994,0.04063915117167616,-0.019825563083825104,-0.003887882550997923,-0.013044769150035829,0.022489564949275342,-0.0424249346981026,-0.016771930958187853,0.12044131338842701
2015-06-30,-0.03722751708239114,0.009010174771781898,0.00987679732552782,0.0077052300565110254,0.024276215542318846,-0.05547372753341184,-0.056185959651347095,-0.00032167291605778026,0.056983695485867125,-0.045206512538730426,0.052631633983975634,-0.017534682457907902,0.010157937816395624,0.0113226022699775,0.16921747363706574,-0.03693178699094801,-0.06231562611275632,0.01835383271103086,,-0.09971289050345122,-0.02144017852823965,-0.012809551439493028,0.03460905764829225,0.04984204611891441,0.012446065519599925,0.01750676938460849,-0.01763582928797114,-0.048333047610831126,0.030030852751594006,-0.032056890378003855,-0.04818181391362519,-0.031198668885747183,-0.06689499647850161,0.021449872116990676,-0.00585993815246133,-0.03881112027280875,-0.0054950419429787845,-0.04340299456498331,0.1503229881614423,-0.020661741324709992,0.03295244599071645,-0.006926869364429322,0.052776459123896835,-0.03564707461061323,-0.052808564978966466,-0.04288669793640265,,-0.06311812648822779,-0.04196046361329986,0.024418693081846188,-0.06339816597316217,-0.0517582271477649,-0.009467266853729672,0.04262859633482541,,-0.006893173388796581,0.03415792338674528,-0.06747647125909051,-0.08441274959108713,-0.018253003390570566,-0.018335003581709364,-0.08091532405731572,-0.012853991218281569,-0.052486196206360414,-0.05727042008954053,-0.07123910116256238,-0.010547157943713192,-0.05241748976439842,-0.014931485583887238,-0.010343771495435528,0.03343730822401092,0.015857927123887228,-0.017381805454570687,,0.04662084064860861,-0.007658142793639411,-0.056883605427588746,-0.06379769278336833,-0.009682292067576759,0.012610139264437104,-0.04754524064184562,0.002695011741572939,-0.02140114208790367,,-0.09666776420676448,-0.041202334234498594,-0.1172370977422652,-0.03245345079686368,-0.0066632420030255934,-0.01660801737495199,-0.026762358786782237,0.030100314846092324,,-0.05782780052942893,-0.018578407538122343,-0.07471682343486952,-0.03433485571947925,-0.021230356733315636,0.058174796858109445,-0.01222130230356655,-0.04301238157566789,-0.007373227431262341,0.02393655675591666,0.013223306909683208,-0.008965024519720699,-0.05139370273117261,-0.007194601591459571,-0.02416188661354246,0.07137434425680755,0.08309122292294546,-0.03004791392645767,-0.03452635392822112,0.011212182342017929,-0.05792350197162199,,-0.02627497397280143,-0.053093398406170556,0.015444535127720593,-0.05783188069638967,-0.32545658782754605,-0.04211466722675272,-0.1416066864477653,0.05268722712007268,0.06245688012673023,-0.0034554003702857994,-0.008982369908728138,-0.030022131444109257,-0.09127913962486955,-0.0733502886131342,0.004150908392589914,0.030739294146180596,-0.024907311309169455,-0.03510792012965758,-0.0019133363051483387,0.01792235494354899,-0.03404456711665449,-0.05434048517432688,,-0.023159521123189086,-0.00041782464787132323,0.03439275619962334,0.018200334862569667,,-0.09494192235486432,-0.004741036706613078,-0.05325609207974735,0.031947983642279576,0.03159548635315601,-0.0451972692356144,,-0.040970304972230864,-0.046196153410749674,-0.031807225784092896,-0.14629747014112404,-0.0022565386592459102,0.028372926149346833,0.021281976820929582,0.029123293059552635,0.027803555969237115,0.002157361736381924,-0.0028293933299418095,-0.03819798068566027,0.0696173153496511,-0.07886241432544105,,0.019189432710938092,-0.05490064122394045,-0.023281372934986666,0.01252193333847007,-0.022277204501121806,0.056718252157991644,-0.037493102977028125,-0.05724108912806758,-0.18959163780053756,-0.0658981402587061,0.0050037237598790085,-0.044971155577975264,-0.02347362188221469,-0.031143021787058855
2015-07-31,-0.03292660296338967,0.04970356970142009,0.03779162040454609,0.06540612009858182,0.012097218882812122,-0.0912915035763181,-0.005733417014970432,0.02974270249919142,0.03720484848623262,-0.09677421545355225,-0.19583338714307996,0.15027344214218497,0.019509282273410644,0.23511256164533667,0.03339862280744743,-0.2002859349738655,0.04151144838967813,-0.026910466219593365,,-0.058601892582251014,-0.021358730913135893,0.03928771273480591,0.05052856240794412,0.05515962542880981,0.0741265738627348,-0.2108233974040793,0.0800785287617991,-0.027920919605374017,-0.008009651083754177,0.038102893051748854,0.048710637374784316,-0.020339016657294984,-0.022202579285185986,0.05918978602431668,-0.06441861883809796,0.06972805403911808,0.020049982773905572,0.08531387217723552,-0.11074095145184648,0.04576366460516579,0.03774505109184356,0.032022765446444446,-0.07582125232771464,-0.16925268015428174,0.07581794252040241,0.05270725656040787,,0.04293575389052884,-0.04196006369748562,0.07576134196536533,-0.08282341086225442,0.07222955489134364,-0.08032046993709163,-0.02555377368421552,,0.06975148390037322,0.05745508965647361,0.05097712256476772,-0.16927225202706986,0.10911577560170294,-0.060131459117958364,-0.06639041650617106,-0.11659093814842714,0.09807113486816466,-0.09432519428655062,0.02132400784253652,-0.00189638182701235,-0.36282986894301383,0.005986009660777558,0.058737717774897336,0.04865385355799856,0.05236774394902932,-0.017689069697865767,,0.006661991618210905,0.05268865159689007,-0.05321850585419596,-0.05460588390486243,0.21750213785773798,-0.017817200747827222,-0.02971897673310675,0.053091238910889516,0.030205413148511884,,0.016994268426236303,-0.004119116748065088,-0.04832338782271184,0.05215756150171136,0.10045411432825113,-0.025274845794826528,0.028216224057246553,0.017973860051904156,,-0.05621742402514407,0.08492977595722762,-0.08507814785852363,0.04715819517466602,-0.045252994248274225,0.012217280317470935,0.11404023350470394,0.03999982053335405,-0.0550709250329503,-0.09360514432765255,0.043701030692683496,0.05038374389155864,-0.018860638809947372,0.09698575141004717,0.05789516471704692,-0.004465180461775131,0.09607105918937942,-0.0191831327468458,0.11183820863970562,0.04511576260338801,0.035657851324049306,,0.027409799193157003,-0.05686100873771127,0.005130743289335271,0.0577580359820391,-0.017515675091811178,0.07314106092701356,-0.26498306805712635,0.2180259687893269,0.06665447683652226,0.0906508726003088,-0.1273821086503315,0.08329968223049145,-0.007956157099389016,-0.00523580914346411,-0.09733833537832048,0.06370919979857881,0.032247501753925434,0.07545460469866039,-0.01165581794981796,0.0959398747424609,-0.030774434820032504,0.09460910682879464,,0.0668577770085681,0.031914993054622975,0.009597971358630941,-0.013158143476988182,,0.028101200862414633,0.08533122427371898,-0.0957360807987836,0.08038026765914785,0.06830004119556277,-0.03909994615363788,,0.06754132120123968,0.0820715525346265,0.012941435349512975,0.06526281536345024,0.07010565939759794,-0.004643635510919508,-0.0009922599294124312,0.0026942682364976545,0.055161194285345605,0.07529317838242977,0.04874934171386314,0.09786861745969411,-0.00786551976901051,-0.02307061287006218,,-0.00491789415825028,0.023278104254163434,0.05623724316243761,0.04170454270268653,0.12196553145617206,0.054490609408758495,0.0932944309190411,0.015684741410894487,0.09742412715834248,0.05698623814933135,0.028982909933455314,0.014803318956147837,-0.04795672872042689,0.015761134269952404
2015-08-31,-0.0661960842522038,-0.10855603521823709,-0.10652954771596146,-0.08573383561473613,-0.041712382705849205,-0.034715902763983175,-0.0307134406549483,-0.07954658919004709,-0.058952152360279064,-0.06768172346432044,-0.062176169963545025,-0.13649698257514575,-0.030701533017647664,-0.04338338414259946,-0.11459690026384495,-0.013519131194655643,-0.02091081437177056,-0.071795695772093,,0.006632696442910202,0.00867721616079642,-0.08778708898078691,-0.08612959355547023,-0.04066907382198315,-0.07315119375335666,-0.06738192819054334,0.004077004609043922,-0.09430368063596628,-0.09399764150344936,-0.0829491167872699,-0.06095006215652643,-0.03460209781948498,-0.12738851308672017,-0.08518672066956345,-0.027851961025302296,-0.06077042888449691,0.018068539975515607,-0.0228666737654325,-0.022698816599088345,-0.07659536917974541,-0.0974200956071124,-0.0166602196400657,-0.038969400116836805,-0.023639216477858827,-0.03348214102866176,-0.05375152093273339,,-0.08937389788437677,-0.1186643401755394,-0.08953490413660892,-0.07311801344890512,-0.018137216922088695,-0.07012337263288604,-0.13524374018189167,,-0.049584987553456306,-0.15099997313893343,-0.03401246650926493,-0.1367868185822495,-0.035917693819729424,-0.08569399136869893,-0.0689307172917838,0.014509872827581427,-0.026708214765203686,-0.05810522912653315,-0.0320954136280559,-0.06473338091923297,-0.09446776103880339,-0.1213979964655223,0.055479295611180035,-0.01830536444983244,-0.047481683441503386,-0.04904175694848134,,-0.108518396778572,-0.02491003811193293,-0.07195225530937699,-0.06569336279555482,-0.014722347497583943,-0.07714383254344115,-0.053974907301052144,-0.004870908468030732,-0.0503931483059783,,-0.08060268487176503,-0.07946361261616941,-0.0059728514601107285,-0.18927864763953695,-0.04167530065934277,-0.05521419705532238,-0.05499508038411016,-0.06464286536710362,-0.08569272327462307,-0.04610974554388414,-0.07341071938042876,-0.06437630496543811,-0.04284346542622308,-0.07350629697076416,-0.019691854103641715,-0.02144020518708689,-0.0027396575114665422,-0.053336867773418284,-0.0815184272291104,-0.05164258079599093,-0.040084655053994056,-0.10296654869717048,-0.061378200400052596,-0.07781594129969227,-0.09511677536323815,-0.04871815922122258,-0.05425431611026077,-0.014711315220869103,-0.1296222500156864,-0.08666888641553938,,-0.07266179024146546,-0.0940512390522763,-0.11302797392310959,-0.061949274350279304,-0.11345240397367073,-0.05732192031820582,-0.005824187718281082,0.0062987057193422125,-0.030116551838613503,-0.048954483503800605,0.00474726258397018,-0.11850931348837856,0.13155824440171027,-0.07135676869620944,0.04002851896994941,-0.11628904488851599,-0.035495753847393674,-0.09950666760540439,-0.07861773523510196,-0.017704999703921365,-0.03911615603206986,-0.06426996749210179,,-0.0669939410129814,-0.07190841121412739,-0.08040792062139113,0.0012411844817965534,-0.0956071741037603,-0.11388838195919382,-0.07253556610882894,-0.08076506343956169,-0.05298034798719997,-0.1275270353599557,-0.0596232121641489,,-0.01806079682769568,-0.034401665971323214,-0.04350960731481068,0.026612529817233055,-0.0353966575130632,-0.044329376006325805,-0.07699083064746759,-0.043831819816682605,0.010184135038105113,-0.10148371080743324,-0.025823842340267245,-0.06191105544030051,-0.06421193090073496,-0.0428171488452902,,-0.046952449493923964,-0.1156434215010439,-0.0391919919262661,-0.06326014342687836,-0.05207286233809982,-0.09542690477357962,-0.055407432273582136,-0.01667017076851196,-0.04764136061181912,-0.07564665104085555,-0.07243580010702144,-0.09458177975768378,-0.041232348564624655,-0.08233802602588713
2015-09-30,-0.021816187896689154,-0.12818456638962983,-0.11194583003827574,0.042325388290570976,0.04645540969907058,0.00984588418833976,0.04587082050544078,-0.00802036924516647,-0.053809726640940525,-0.0870108686558323,-0.049723711057748865,-0.08868092450391751,-0.040790362359256815,-0.0019497803810220038,-0.18184252068908346,-0.13439465403124706,-0.07969298502613864,-0.024109699183864852,,-0.004509761798646261,-0.033759236562304284,0.0020663514509660086,-0.04344202989243906,-0.14299640411871783,-0.0551303020997177,-0.018466163672357983,-0.009434221169119072,-0.016530913025732064,0.0017474722428438838,-0.016331880463971604,-0.027156069620789758,-0.0197132573606964,-0.07532889374641705,-0.07236339190538177,-0.14495020013031745,0.01873776308092001,-0.04420260104378437,-0.03171628482725575,-0.040982815084280144,0.010348660388230346,0.009763580229956492,-0.012659905206819921,-0.06726706400941596,-0.024211558756571883,0.03227414248165639,0.001008984004335911,,0.014296901100001369,-0.017531141373787862,-0.05781264678976239,-0.02605302451865854,0.009032143347825983,-0.02136603881523358,-0.08791474136129351,,-0.01920861519748107,0.0031408601759841392,0.014525592240473895,-0.12531779239156682,-0.09848758581531025,-0.0030576483464029858,-0.07439226602778604,-0.07036125202617738,0.013456224060401034,-0.10094637116020344,-0.03445997546534396,-0.02162959266588893,-0.08928589447292257,-0.04240995989077645,-0.0250293210523177,0.01571483546427599,-0.028726375353808176,0.025209526990761066,,-0.061800208355927144,-0.01109908582218433,-0.005229302354846865,0.032247330060215074,-0.014587384790209157,-0.07868476698739546,-0.10165142774267544,-0.0032796010597546665,-0.04613699646235203,,-0.0815666619221529,-0.019744534975814854,0.056061568473799506,0.034985663977750825,-0.10053816909890867,-0.019722544293906852,-0.006703404205178565,-0.0488303017265419,-0.02862649123327743,-0.002195365576943664,0.03229377563286784,-0.1459426175031765,0.02918575763052389,-0.030048064120002826,0.016271693932789377,0.030470384986990284,-0.0036144025353338494,-0.0984705354362021,-0.023659280264544225,-0.02435933025152126,0.03693948227929811,-0.0635190975069877,-0.007625801482801231,-0.0689637450024777,-0.05888250953480223,0.0052554707056535754,-0.002602901073264996,0.02618811682993183,-0.020714082634098907,-0.07492626149258663,,-0.028103227028361433,-0.19698334788227667,-0.08563118105012091,0.017003389968027305,-0.08714200115690074,-0.008738847269029182,-0.057080735803204496,-0.10232113528943043,0.10319335242716665,0.013496539080697367,-0.10037192593645983,-0.021279596779629095,0.09653032588141763,-0.026152771770565852,-0.08409716095929476,0.04737548627109711,0.022614175107104062,-0.02513921919970208,0.017970885271780146,0.02269704863813926,-0.0962287238461692,0.0346503109027283,,0.006852035733485584,-0.021070949802523553,-0.05563798851729562,-0.02820291782454798,-0.11314297534751216,-0.05037122785888515,-0.0941771422586003,-0.02859933244046642,0.03893253808011776,-0.05990759278070035,-0.10856928487640205,,0.029716636987172418,0.02453691889825893,-0.10815560700925919,-0.1284046179338557,-0.04271458187903665,-0.018674014624733726,-0.035752783469515936,0.01222461775752448,0.015643030226260235,-0.023446386929367402,0.005048961669440244,0.006076909958156795,-0.0026500015278088096,0.03511678928033857,,0.00701665022365261,0.0311412698914606,0.01064996761882342,-0.02567902226184604,-0.023000969868156917,0.012807939236297639,-0.18334377249757594,-0.05433629643138849,-0.023709915067308907,0.06898152846207273,-0.03712725679427897,0.001698958173232068,-0.01182884565215403,-0.08223753899269926
2015-10-31,0.08340855191000851,0.10456890829151666,0.12034196392289043,0.10270502411474514,0.07832646978585367,0.06576837222824738,0.08250367110396684,0.0966799314890745,0.10982077638957355,0.141593079937667,0.23255805249727546,0.14358052472334037,0.1619688438594038,0.2227236546930227,0.05425729014598013,0.2101985588657902,0.08935560982038915,0.06397193479900265,,-0.01503887220285205,-0.007995528352807924,0.130737135727804,0.07702198532706817,0.13820365320234984,0.07432545248336764,-0.00445491177082713,0.17575140180158688,0.18321143532466078,0.11402025500014457,0.06807230748390203,0.04309824109683502,0.11395495774659037,0.07945707352602116,0.07273952873968348,0.1292186857415054,0.09806585280182323,0.08355509272362571,0.085811747592478,-0.007258016385361388,0.051498776135137314,0.10562157615799705,0.018654547777541275,0.08797604572771411,0.12742827099546306,0.0937261721163527,0.11925679428649238,,0.1079110957170839,0.003345888613577319,0.027312753536611112,0.1521296209606815,0.014919286725721737,0.21863174451690437,0.054054299171278464,,0.09505922871366956,0.11291586647723273,-0.006533503294712029,0.13049337674899597,0.14157119715252975,-0.006071543406771185,0.06927780821666829,0.1815858435485278,0.12875667285689008,0.08986359493014673,-0.05993315160501966,0.10248447402374605,0.2193658653777597,0.08383116820971592,0.08705968670353315,0.11430552425946594,0.08236657304159478,0.14670893882347857,,0.10123173688595921,0.04351863766996944,0.0864484596263182,0.16289088667534823,0.15511372647480237,0.07907417045223175,0.0857139351453815,0.07056893014293153,0.09071718051918753,,0.05271374425530717,-0.033730884079750556,0.12342408624701195,0.1014413312581548,0.08055175770817757,0.11699737862201243,0.0822711644231513,0.06140091501032052,0.10470349638305976,0.34240001437991263,0.09785395087192805,0.0065844873334670595,0.0555835412533594,0.0906145366090878,-0.025331293130271715,0.06039270725405399,0.07537974146849447,0.17235605871271487,0.11456354207158737,0.10029923307102373,0.13924683557602147,-0.033669885935549204,0.10245992939972459,0.1042725175483592,0.06850478902805035,0.13426031952638473,0.10890892083499248,0.11158110098797969,0.11806579423367314,0.10670149722993738,,0.07368703710023938,-0.08681636342274579,0.05156068997879948,0.18933610221679542,0.10547399509738509,0.052383012046337996,0.21095250481487726,0.04958358254223749,0.06554424259039471,0.13136501759632813,-0.0002662584982219274,0.17566591217229632,0.15091257489425636,0.07957836289228837,0.12683267684696187,-0.06395357424919756,0.08366907009588931,0.0767269350987132,0.07126021561990314,0.08126612218346474,0.07605301030126665,0.09845756060841682,,0.11433263993793208,0.017668799585250694,0.08253516278872874,0.15890150585073726,0.16011583395658247,0.1058994807758904,0.19832751636657275,0.10585484187635696,0.10080921999077819,0.0686271392370068,0.1332462080340373,,0.00894863398840573,0.0965594535980181,0.0709827565119403,-0.15044656249604804,0.016153312688396593,0.0481253273529767,0.043539166476860736,-0.018815046144056602,0.024782751495080246,0.06951239029608325,-0.0482290374368739,0.13423089958871293,-0.16694846898986182,0.15289535187284642,,0.015257396322226446,0.010632469215863471,0.043874808721309,0.02853007856179035,0.11369489679340328,0.09683816864745887,0.19781062603087318,0.09144956410787586,-0.158862057583392,-0.04208476055127797,0.054332907421434484,-0.11721125034423885,0.11284427732542879,0.044438927279632834
2015-11-30,-0.005804054526090452,-0.02350948585571766,0.002678672772195023,0.00018647875869115538,0.03158126896807145,0.025116450360579856,-0.008392118066320786,0.030052725654398094,0.008245981975450567,0.1256052162118091,0.11320755777939628,0.023615038290147883,-0.02787856041925063,0.06215055431957617,0.1396681787083014,0.04349668767356141,-0.015038125161463856,0.015307956379214893,,0.05944976688960746,-0.02211280142697436,-0.011621143440045723,0.0387369133827451,0.006953867845211015,0.05423816384651259,-0.012564195006592782,-0.1412353183726427,0.03338382406931828,0.01607291631199792,0.05258097318033528,-0.014189147727891038,0.0,-0.055353908662716944,0.01730331897028714,-0.004658468444773023,0.01153782204896614,0.005265937323215564,-0.018749354694039044,0.00701257838526681,-0.010097929841464626,-0.02810591852882205,0.03366101504417207,2.2617587601025946e-05,0.013121014869543313,0.02350888048973876,0.02547934416309605,,-0.05545940090560275,0.05992536167885887,-0.047479001803102605,0.017114043355451525,-0.04789775146405151,0.008903031097589054,0.020128422102761778,,0.03300849884204937,-0.002373871034876851,-0.04026057979162567,0.09730485243891906,0.06057317019945363,-0.06302541581959142,0.06915927101640396,-0.028188522382120995,-0.0006067419797390894,0.050425522811986534,-0.011208248716180313,-0.03241062919193671,-0.30501259062868613,0.015956493684941897,-0.12685101710442026,-0.0027976817582054947,-0.014268469927169236,0.03526969465957275,,-0.02006815833262965,-0.006022957902617199,0.013468406880278172,0.03695219960855356,0.03452741974264928,0.016909928360943294,0.03830186122792134,0.08282102328085417,0.012337279095983034,,0.024224200650640126,0.004623940057358,0.034108950678184646,0.028430649455151835,0.04716069793659994,0.022188018978313018,0.00946555190637044,0.03782091166423762,-0.04729597426154164,-0.0019262024388033705,-0.0046775752295723505,-0.13820890371631667,0.014093268108800627,0.015392727470338263,0.012138614281638205,0.004290564839443345,0.03751851724050259,0.021020976362545962,0.03985172474315091,-0.010809072023989064,0.02499005668757248,0.060570895561113725,-0.054159610313305295,0.019209964075561636,0.02154562863677789,0.0222611604927343,0.0025365482609081003,-0.04746181131220839,0.134368417776505,-0.030186540180807908,,-0.00789386718707219,0.07917123875216014,0.04033936849197728,0.03944401495192951,-0.0380433941683217,-0.019763401026472893,-0.053957252442243364,0.13794056509645358,0.009539714152305923,-0.0031615958701626257,-0.007969245339294329,0.06564608135630357,0.12232800073072614,0.003347000405455658,0.014086515860010751,0.1636025405600665,-0.01986515213190765,-0.023225980153063652,-0.020162101798186893,-0.06972518280696671,0.0055841048450393505,0.00046780821374881043,,-0.011425654046828382,0.05816492026028519,0.05756119428907347,0.03414369024950359,-0.020827482134697206,-0.17078932788924328,-0.023125806767529178,-0.01767303456203073,-0.015682033101276027,0.1066304176835613,-0.0064983792706974075,,-0.0003626701008867528,-0.06784286642647008,0.04490155203327362,-0.04073160877124227,0.008784856297031407,0.004774345950639969,0.04688278094835385,-0.05326260378100511,-0.03260159705299126,0.05826569159223105,-0.0630772042481087,0.014881534159517651,0.11274349821695862,0.024682529613268667,,-0.043046500724088,-0.054303435586290694,0.006916942076677257,0.04054057562511404,0.020263121331784095,0.09787834151659114,0.03703705968976889,-0.030503204226095093,-0.06599796064350594,-0.01335993641358324,0.024727264937345117,0.027952639964790693,-0.004448898137383361,0.08783494744339482
2015-12-31,-0.11022853128292531,0.01874442327149306,-0.0002224349336050757,-0.02536854584404269,0.02711571596062501,-0.09651541540076258,-0.011785211205626145,-0.08185152188033651,-0.02100546396167713,-0.005327503293030111,0.21610170048018107,0.0076347587914677995,-0.01932196621312665,0.016681610623862753,0.05875951975076199,-0.09577052528433028,-0.04371342167616743,-0.04873954970254579,,0.11611459503359822,-0.02917374653485172,-0.005912755535685599,-0.03170543000994808,0.016361273131665355,0.02998219530888102,0.06794262618422375,0.020899219933918856,-0.058140227242335474,0.032187066799091335,-0.05976262105406738,-0.015288262418861054,0.008752726553724832,-0.06372081884407799,-0.04326134290782002,-0.06455630466115647,0.02321089821090827,0.01677333331262143,-0.02273694754994915,0.08408663233684477,0.014312021896462523,-0.0727900114042207,-0.03805153967657593,-0.08062646002355234,-0.13617034751778334,0.0004954655480500225,-0.01618767734465698,,-0.0033028002897669273,-0.08723191241798667,0.0391113198016555,-0.014892795243347634,0.004007863217212693,-0.0036946070299670453,-0.034040252726513676,,-0.03503089343209009,-0.06800384143814509,0.05357129629508606,-0.29976629718519765,-0.07130765257813076,0.07443335794674222,-0.04339944073675539,-0.1515045900559998,0.025653456623302207,-0.1052270347713129,0.016843293743358023,-0.016748251269055103,-0.1723719008371445,-0.05863679406572886,-0.04415669384924803,-0.0496674863403791,-0.062132890588821876,0.04819615609525996,,-0.04089398231837971,-0.0017313850262962172,-0.024025411504497995,-0.050601842984882794,0.019872927473956414,-0.05152041356296633,-0.1419210636373477,-0.007802254527190078,-0.0036553100619990397,,-0.046221529889097,-0.012910642677966377,-0.00920314788054466,-0.0369261225663462,0.05026731930693695,-0.008011677141462559,0.01461844770730858,-0.009748159801290845,-0.004520724221774186,0.04332778004434834,0.07621944301140049,-0.36699182338049885,0.007977082076518816,-0.08627889894962981,0.027059965066308367,-0.00917157333541263,-0.00731081488042673,0.019538586130433355,-0.09309077411373257,-0.005718980469774371,0.03486277895808132,0.04161582652763518,0.03091572836671852,0.026056212470354723,-0.05637096652967477,0.004029238934259993,-0.037935766606682964,0.020629942586138705,-0.11248069704516062,0.005026221418970467,,0.0027123485359155097,0.0027962569888717592,-0.0725946715348127,0.020791040280437434,-0.11111118614694959,0.040356609601103655,-0.02155157617712733,-0.07256956494573796,-0.05274396831962469,0.01314657900527938,-0.09203428796163138,-0.005171827972546117,0.03909218089976707,-0.06261232835812991,-0.09578641683305245,-0.05978435333520371,0.004592441884753828,-0.014952733728621603,0.061063388706871446,0.03179726334539268,-0.07338037862548741,0.013632692961577764,,0.017895537431743325,-0.0020939634779167937,-0.059387771508870424,-0.1063040253952291,0.026659140347796928,0.024595366934427654,-0.0029936559206824587,0.00020790558773553514,-0.022153372268005844,-0.023138602445828105,-0.09591691844423866,,0.050516494991280414,0.0440291701177391,0.02187178729985062,0.020033459764967176,-0.032579008189809855,0.021978336915082552,-0.020973771323459456,0.0015174787228153797,0.004391124636271337,0.02606671668983318,0.10197153988240903,-0.00960653863343286,0.04234347420944928,-0.056951200037145044,,0.04824889684838696,-0.0684928526648082,-0.06581892924583377,-0.02200401494452997,-0.018478774811135246,-0.016003483707814792,-0.027288178437241073,0.01694166027899424,-0.02976954029023826,0.07659477007137117,-0.013430019418660843,0.05053453460991553,-0.04543235552156799,0.026124412991760826
2016-01-31,-0.0752420305300755,-0.063527707048463,-0.15188463106860195,0.009952501290076077,-0.05120294936109304,-0.02639191514976791,-0.019239787255250884,-0.03238742377929715,-0.0885912601411557,-0.05463304623602039,-0.23344943017126596,-0.059138604069555956,-0.026921012716106363,-0.13151543200295757,-0.2288026515479712,-0.03641370173897707,-0.026131636592619523,-0.050928522017895106,,-0.07881540147809085,-0.22740261493778657,-0.1691678848573569,-0.1598334962167418,-0.04062925446534338,-0.056590280949816774,-0.10866658358633463,-0.16469662586658218,-0.07711723993031261,-0.09638018441193053,-0.11705642474453737,-0.017191677742309452,-0.049349231076831646,-0.10157318872556931,-0.17618245519134312,-0.07270046930714535,-0.0323491629850543,-0.0028920403544002715,-0.06411799618688596,-0.08699532276908828,0.01986515258630317,-0.008365993267461347,-0.00827801091839031,-0.09088364590100084,-0.16298960204443091,-0.06427244079942107,-0.13188790294844632,,-0.11725421700640648,-0.11290927481953261,-0.007632446454953312,-0.03879473665102251,0.06697250360472418,-0.18414904876832372,0.00970287636379319,,-0.06707581453533462,-0.08812336747578375,0.05476954610649476,-0.12812504367880373,-0.1462884170283173,-0.06418550202990247,-0.03867908546400578,0.005935042941001223,0.027017437646244424,-0.029400739965287803,0.06481824444094353,-0.12401023253119292,-0.32053168186051895,-0.10812802839931168,-0.014356671681518218,0.033894582387410166,-0.021037608434067212,-0.06581069405946005,,-0.17976091595932975,-0.012283735368937454,0.018052414124639427,-0.1284915887514706,-0.021413835866328945,-0.10359031245859573,-0.06609899617622794,-0.04907367621953884,-0.0035726601484846743,,-0.17989903117772543,-0.093227578310214,-0.09956469736774909,-0.007166018678829933,-0.00972242817997393,-0.02816139362510417,0.016744358568451467,-0.09284934468894057,0.07284240830061539,-0.03403010792253747,0.008798111679438447,0.11232477027152932,-0.0009308089007616926,-0.023437293974784446,-0.061239158451846465,-0.028321300617303424,-0.05381191105793004,-0.09607170448288249,-0.10276200834296112,-0.08372603374824894,0.04774035948085742,-0.18379556582272838,-0.03880450899002619,-0.013000335070322167,-0.07384369052525508,0.07213847013663854,0.002390023918178441,0.04981958966066702,-0.1938661314260779,-0.04070399886863185,,-0.03241245777170365,0.003401381764257305,-0.1816033398754302,-0.007029346446687845,-0.22104526539268687,0.07527210542471985,0.1095051270813705,-0.19706240288580312,-0.007839937387550178,-0.019861251016715542,-0.028366674012756943,-0.28130775232761085,-0.11134730291517125,-0.0019240458140717953,0.018044693647850663,-0.15130006806421392,-0.00620520165708871,-0.05545230180925542,0.037678091932485946,-0.01729533919242543,0.0018558376679405075,-0.08038169254880922,,0.023887843912692608,-0.08546371027507182,-0.1391722778428618,-0.020170931088397515,-0.0016574403729034959,-0.09301853767654511,-0.22616825887685166,-0.0872280578466994,0.012327072035468456,-0.22471907876632313,0.0361287703845905,,0.04552254884327489,-0.0419665260802119,-0.13755269836646833,-0.20758324168613962,0.06681757221535833,0.06756550213858414,-0.1362073291973802,-0.0026169696904542183,0.0046535474498665685,-0.0690164923259452,0.026329386494434948,-0.05156805391704311,-0.2033665563708864,-0.02700302936800114,,-0.021081281531387663,-0.07928378432375294,-0.031487321900637966,-0.06116657484372323,-0.03945859633933435,-0.040164171567914075,-0.2787888525834623,0.09443167865978519,-0.20099896500187497,-0.08540353634081865,-0.07597495764138429,0.0825447423031791,-0.001282981163964414,-0.09965626782983839
2016-02-29,-0.001287624970687462,-0.005282111231471376,0.023513950277510354,-0.05002847657701093,-0.04465382980123944,-0.008057222423959232,0.019255967421987208,0.03429137371419588,-0.11119016931436942,0.07490395714180198,-0.027272700672307915,-0.061943285777554036,-0.022684227366738918,-0.058739383590420524,0.1417624905760515,-0.10014082273107161,0.045457640645896635,0.07060729993286685,,0.0019448773482348969,0.03887880390148979,-0.00712897077900998,-0.11456869867123598,0.07950776597917764,0.014308608745475127,-0.04995233374647834,0.1880242176715592,-0.007319285146082155,-0.0036999847728170776,-0.022915439270345894,0.03390609348556639,-0.03137485013495611,0.011899291314606764,-0.08759993988285897,0.087724885650309,0.02175660301088178,0.0034805002838722565,0.047852456343577154,0.044985247878291945,-0.027987503207304365,0.0362591677620987,0.01769581638216744,0.008155295773403237,-0.1275958149128642,-0.004521039820477801,-0.004554671479896966,,0.10046267084272809,0.056417904365777094,0.006004662676212913,-0.02280172391605917,-0.031176773619275955,0.15738102797192854,0.041163477103124624,,0.030236690821162426,-0.003130995743691134,-0.003126234388138971,-0.29462362057634806,0.014493007489433607,0.0015328012102187039,0.07284698607348439,-0.08842597817014952,-0.022152483203502715,0.12274828095094659,0.07536782982387136,0.04773904406655971,0.6586956013812073,0.0301021838096609,-0.024778292933866353,0.011315563900698766,0.01868896705844092,0.009391195891197412,,0.05120508367295451,0.04140870463272628,-0.009503498601641458,-0.006747793595727525,-0.05796287605703254,-0.07043979897322972,0.021015335337416285,-0.013040779462701324,-0.012339011583238357,,0.10092676850299243,0.060729514452231514,-0.03770366415167814,0.011831517356650778,0.041064981663003985,0.046408050058296846,0.014673711635703413,-0.05378171733296511,-0.013323045140363421,0.019462301619808997,0.014639648234233027,0.09969609574476257,0.004893176097455099,0.01789960580397776,-0.08342045779869645,0.030428522808000347,-0.057632738350317125,0.021033708389278205,0.0390868233247168,-0.023699950788623303,-0.04606741077602361,-0.03155058906785979,-0.05962891071279086,0.019362729922161925,-0.10615861562213624,-0.04714381687446256,0.046379891422777764,0.0075272694607047,-0.17182956432375507,-0.009078278931008876,,0.06975407366240427,0.07909595042013584,-0.04559499236834419,-0.06978944206025672,-0.03626463150170567,0.017560159496864625,0.29408857157091584,0.017094902847544446,-0.006773077338610101,0.043081902849332554,-0.10049177409269083,-0.11605852748612355,0.07457376849311159,0.012943778075203749,0.0015574790483599,-0.03144028510018948,-0.014904542307144886,-0.017110853112670465,-0.017137946861891518,0.051314034644902584,0.04808581324426542,-0.025589043359624197,,0.011332055716271272,-0.061626989387397746,-0.04684690121723434,-0.002059693375758509,0.05534026839291073,0.1307169851666674,-0.08586252720758569,0.11005107415877147,-0.03899588712026192,-0.01627295361910497,-0.00034846820521761135,,-0.004138586699661939,0.027710128495443298,0.059781466749845746,0.10106739284448207,0.007362424014804914,0.02468085507800044,-0.006823452045808143,0.09225274620832091,0.04336733916603719,-0.021732457354891488,-0.07596523143320666,0.004483991449662605,0.003817939286909322,0.0017001394804398995,,0.03421306268349178,0.10285083810599205,0.044230467446501276,-0.03844280298973668,-0.026274282359681322,-0.10609824799082279,-0.05796145604661673,0.01520877203764548,-0.09274727775503011,0.039102841078275885,-0.05866779744375328,-0.00030141395943350524,0.038888676741950734,-0.04622521337127272
2016-03-31,0.1272106252587668,0.04596222239310399,0.07976236652550228,0.1510073127296656,0.1015854535627927,0.11700335104192017,0.06588316753470425,0.0608198498498107,0.08341380978977808,0.12241695294462995,0.33177559108586374,0.053766849918245097,0.11030399738515428,0.07442263797657844,-0.07936974567757638,0.27507848217239284,0.09390295832034146,0.09226359734983247,,0.15706167079353284,0.1047136867731453,0.07412444974649035,0.08398173759558869,0.04273671633111542,0.03422807497906488,0.0034692539121894406,0.01877148867763645,0.09941616542676868,0.037629878500971436,0.04068952511656354,0.05746446164632757,0.10777385000241457,0.08009258684438447,0.07464609642905251,0.13057630554308264,0.03716229177728825,0.01048384975496841,0.12736687139753644,-0.016694754210273,0.07632539889266998,0.05802886870503787,0.05719446402441819,0.054464999113340795,0.19036326988357244,0.050323366302781114,0.08974188010255024,,0.08747115394791272,0.06669402600114882,0.06751082831501809,0.14333621434498944,0.08523091716433906,0.055705481003991864,-0.03254518912681026,,0.06441425368404774,0.03967792568676498,0.08616046163995317,0.40935519006458443,0.0025210038213550057,0.06872459925018437,0.11365934166003311,0.1210998410777393,0.09515977481427762,0.11411479558172699,0.13877451935339047,0.07913686308303736,0.35517728329125875,0.19087521314727507,0.09138602776192362,0.07267598846854839,-0.035957993673827016,0.0909399189080502,,0.05791048260909082,0.07646540676901892,0.14152997041655668,0.08098432938169386,0.06369055685839586,0.04982273908529189,0.10656732390297141,0.08091874089674156,0.10557493312541788,,0.1654052193824449,0.15584223918239992,0.09327495105749306,0.07626212798893839,0.0674706107707348,0.09282445373945891,0.028419121932542035,0.05186536403036546,0.027590941596985274,0.07484471610378152,0.03957535219712871,-0.012714264294926503,0.08397288300739625,0.13253002589761875,0.0001389088443506381,0.026461103746364456,0.12172344537402968,0.13144256713323066,0.06694924417242776,0.08720658045047558,0.0724467686178103,0.010474486102323377,-0.005831249226391666,-0.025961433996355865,0.11071755426704777,0.0671530199656849,0.06221683424462454,0.02691305671011901,0.08554754935218023,0.06299276661284758,,0.06555679880703313,0.08591344547188218,0.0125506860405038,0.08549529618493978,-0.015051752041748578,0.048927216787508776,0.030006415476242942,0.09442243945428741,0.0006247002085439934,0.02954913341311971,0.07826762783040286,0.11256591196210897,0.13616044209526468,0.1122898596435895,0.005047632439852956,0.12673531646483083,0.05512445159589219,-0.0010107391989937486,0.02515850809053699,0.10087720439811299,0.09762850563194081,0.16023169495571188,,0.08904347348485975,0.04009345202337111,0.09275221497002328,0.09069147211770257,0.012060797926517042,0.006890708256589662,-0.06140312034481166,0.0360171968172851,0.025597019696797396,0.11856315764894099,0.028304383342220962,,0.07368247313538379,0.0946610291477179,0.10296436047607882,0.0985333125366894,0.0780883897586615,0.060081193443197956,0.03451533342893187,0.04882062497707951,0.05735467966555907,0.09717524666597899,0.032345251331037606,0.09150286682663622,0.19715524005247387,0.08298739267547872,,0.08675042327762039,0.00875018310512976,0.09238701829342055,0.060383555957877144,0.056499636809370424,0.06757673111544404,-0.07018364896395424,0.06603619554026174,0.0965758789166058,0.08717463828221805,0.030690542925541298,0.04005161096273668,0.04291914835557065,0.07963964848434357
2016-04-30,-0.13992106065962473,0.07818872233322183,-0.06436391926045382,-0.011989723906647765,0.004477592273782305,-0.04848804362254622,-0.014156746738707038,0.09233467597786027,0.03274722735335156,-0.03352264786688952,0.24561406003764863,0.05582629311547693,0.02951947153024248,0.11109428941783261,0.05578453815501416,0.11961278384164165,0.012773239125634328,-0.034417315161028195,,-0.05663440215267945,0.0707943887888669,0.061919005705966645,0.07692276922004804,0.07643585036944955,0.06217897255448679,0.05635365126540304,0.042437427046222,0.04627519809024028,0.12993112587757705,0.09717681062118877,0.025373489715482034,0.16533762353276904,-0.01215663500543096,0.1096754615411708,0.025317324710541156,-0.010826711476752515,0.004392977829061007,0.048461261533981004,0.009472525642721275,0.009314923240372197,-0.0007978172125684413,-0.04310333831881308,0.04443846969646037,0.18674000441718697,-0.05718966321971264,0.02668272012878159,,-0.025591564329114802,0.05902892351451494,-0.027142539415057065,0.07106957274206693,-0.048588528414697296,0.03440841177549192,0.09247956902960985,,0.019924234754142844,0.039774179365647866,-0.023549808682610474,0.263848557231982,0.023889265933935144,0.012806318536467298,0.004597488655778248,0.14080305327532217,-0.001088262915999727,0.011349367894832874,-0.02147244264595405,0.01552274999392722,0.3539650312311122,0.014687951189913617,0.039330082179506176,-0.04737766156756151,0.07589990750498155,-0.03271466323558636,,-0.03973426946544023,-0.024734106021941704,-0.10627087913767097,0.011772377603342266,-0.07211958451440148,0.045419960900859646,0.15649520456901245,0.003448003585428294,0.019813001449178635,,-0.004058141496264933,-0.03638157387186125,-0.06398746246378406,-0.027220885549589124,0.042109688493361164,0.020304191694885176,0.035859490965319374,0.07510792179484427,-0.006237050046107195,-0.03941770672084244,-0.06928869207144328,0.0012435918696955817,-0.034274148769988355,0.026299973762651696,0.04888196735386341,0.0491198084491955,0.007211922523073566,-0.07506073561720417,-0.03400321666698902,0.0284203758881878,0.006444666807043031,0.06721777880649782,0.07078785350368721,0.055333435572313405,0.026399657883851457,0.03049954109228903,0.004501358120807986,0.0007979312983616982,0.051102740154145954,0.036477189715938385,,0.044177842891635954,-0.0320081227161243,0.08789035427938052,-0.09704848798870003,0.026743213291843926,-0.006421973332270681,0.3156512124534796,-0.11933868378572643,-0.04115827624264756,0.04224393886448774,0.15884235888189857,0.16835562730195885,-0.0028065436246782482,-0.022034065228266897,0.12012279127745029,-0.07521147613558998,0.004683453004072691,0.10357619602333812,-0.018632643958877093,-0.07228229256423824,0.044472391252591725,0.027840919753850057,,0.00010196028129194623,0.044384698485192775,0.07504877153173273,-0.051738075464514255,0.015026042855919464,-0.012123371146143924,0.04513933313693119,0.04265741547592983,-0.0581235945262234,0.013918812434666528,0.08935571387020835,,-0.031509816473391794,-0.03139296931164093,0.07951066243059679,-0.3680697499214618,0.016031579166285947,0.007401047315999776,0.06342050789086429,-0.03378676921688073,-0.03229046504478783,0.01878690123493776,0.025587544875153245,-0.058349854562437464,0.04783045939173447,-0.00027748386710912953,,0.021567061651099673,0.09654306084087128,-0.0037927129931981662,0.051736926513154646,0.009936932561445566,-0.0821640822253441,0.06101394646447278,-0.04811945886387581,-0.13484360528455042,0.0011536251062245206,0.033498831439793486,-0.023652956193945474,0.057542743257925855,0.06311430726737233
2016-05-31,0.07177260132411689,0.03163936649371912,0.01876573548262117,0.053577873192707015,0.055720653067094394,0.04625535323880392,-0.006784136477538283,0.013135672270848442,0.036904710344416,0.1981979534679228,0.2873240093086673,0.004357603586284675,0.008581028089949205,0.09581709440582009,0.1001200524460728,0.050367388166628224,-0.022277089215183676,0.05176444465352592,,0.05907392443371595,0.005043815516601047,-0.05653574692187091,0.015796834310375596,-0.023970632312349416,0.032183871408605125,0.053602026529729896,-0.059040261431411833,0.021104739279524942,-0.006649954749051945,0.04522898305249501,-0.03395657538138863,0.03604010061264007,-0.04555328941027026,0.006266079676406688,-0.067035396905749,0.07424069437333802,0.045235018012030226,0.031568020989604983,-0.07528528610227381,-0.007191237962112074,0.04180369144356266,0.06506420592995377,0.017527307996731967,-0.07843767844549021,0.004319905561670279,0.10435357196488226,,0.05674796553399619,-0.024001473145131347,-0.040298262165346155,-0.0010995467653817093,0.010913193334014082,-0.023760129267119012,-0.021638263994946616,,0.01664057849090894,-0.03912449199854806,0.0034302019618002166,0.04065749484101744,0.0012280405091356084,-0.06116319921822222,-0.039246081063227134,-0.015250848522315064,0.10139363622175268,-0.017068263901083403,-0.014465570071976797,-0.00516205851144369,-0.2085714134444261,-0.0008479704762117679,0.1287233276986901,0.07787556810569596,0.009607173052065043,-0.016910263323101526,,-0.013037186214749585,0.023475904822762184,0.12651117112889354,-0.016352485880245404,0.05787712324885952,-0.024229300076635707,0.025388416215910148,-0.00811002692835816,0.0013373515991046414,,0.09046427758969822,0.06361240615806607,0.05227439828243918,0.05719082341602033,0.013330915742539196,0.014447407143092672,0.012621191079278615,0.032753390720559494,0.07290732049737358,0.05058885743635444,0.014777422108294802,0.018018056944059557,-0.004464507378632243,-0.06470294731803228,1.3941755533819489e-05,0.023559812390940404,0.05406512611556247,0.0839006349249658,-0.005387033479825165,-0.011238381576736178,-0.03502240372107246,0.09128812733391034,0.03561447006210017,0.01680332455108946,0.019256452862943307,0.010461087441867578,0.012311890227565625,0.01483005876508603,-0.1006420899820647,0.025893205734858205,,0.04623900279184978,0.025050017814564063,0.011456156634580106,0.07019666616331222,0.1832555414492536,0.029120049857574104,-0.07320585983459571,0.13928686814973612,-0.06311501128919661,0.031077092442895138,-0.08573831026480683,0.002098537187896321,0.3183591476146099,0.008529917217859895,-0.015786257846655216,-0.13528202741332873,-0.017385100011263033,0.07033746303341304,0.011482491210887513,0.021472324176391666,-0.004569158465860368,0.04668570685920992,,0.0057075212772952355,0.022328209982477976,0.030003894567236733,-0.013378951803550643,-0.03547723771740896,0.09753020280211122,0.058984342896815534,-0.029914129950702306,-0.020415448162287575,0.0790781021776914,-0.044149053735076604,,-0.0020680261438892344,-0.009782491799231186,0.04989285409058053,0.06997554691407437,0.019722631645897826,0.008500763214613682,0.03642289990528491,-0.12823514549206216,0.007323767121213187,0.052131179036616127,0.08859471622968895,0.03858069359022975,-0.07281110831721571,0.06241231780041012,,0.015112317602130387,-0.028405315889479366,-0.011317138331940924,0.003045103594924381,0.023819112346993965,-0.0607944985002562,0.10445821164958113,-0.0007850086727295702,0.13873269926198972,0.004368693567798232,0.02257763195469442,0.06622122609420122,0.015476816175796992,0.008291995507422989
2016-06-30,-0.04265932955813212,-0.016208678158291634,-0.008074928905364764,-0.04774332318272867,-0.036996081833864936,-0.03179530514608375,0.05229879553937522,0.038871515256153844,-0.0810468478998666,-0.018427560848384927,0.12472640556094361,-0.03672056913422317,0.07933762569665492,-0.009919933525815994,-0.12157188635294025,-0.025725737102490376,0.0020972937054795082,-0.021387429841438155,,0.00991354533149802,-0.07138311227607852,0.029488402296814487,-0.09972853823196903,0.05089420621224061,0.022835891809695585,-0.16536085957754,-0.01259163114853279,-0.05264565634539409,0.031243814128609992,-0.07631954594385426,0.030240502369650812,0.02906216562606545,-0.0630013290752317,-0.08975739686240325,0.045511069859787145,0.03826332599631499,0.12760220652104848,0.04430436119520076,-0.0009366896898661548,0.03962499275888032,0.02985785924950246,0.0012495570405464118,-0.1328508187335522,-0.004338647685761865,0.05559016020338925,-0.051367937330063174,,-0.012392376945096761,-0.01324255525233442,-0.007361058718517666,0.03792107043216064,0.08916870857691972,-0.023133755837224768,-0.00780198144450317,,0.028513926993757766,-0.014110118676846195,0.09663821287762908,0.006152212153385461,-0.04292728484784103,-0.0013210533864724816,0.0026912027590919596,0.0253195132409465,0.07107773145533036,-0.030829332062183634,0.0609865674676211,-0.06819881747056245,0.005415248362303782,-0.0776542342572919,-0.004419058108075191,0.0322795164414067,-0.01293714206184593,0.04923865938794658,,-0.036417294557406055,0.13603059751615154,-0.019626388993877253,-0.08375090388959006,-0.060519650236881106,-0.06834702927311509,0.07373176526383518,-0.03353015297503115,0.02187462449289801,,-0.05333775636243565,-0.01274839326034416,0.03830311406796616,0.046409190529629774,0.0420664643364288,-0.01213156067081056,0.07640431789277047,-0.04795483251588839,0.06358921542787965,0.004387837890603041,0.08988017607385057,0.03539839363239383,0.024162124463379397,0.03001652214802042,0.04958043978624782,0.050543652298255415,-0.011980546320849106,0.01877297727297278,-0.08529990830761724,-0.08175179790688625,-0.0068444605103692435,0.020712159825222898,0.02714665572657915,0.07815620541082047,-0.12557612439934984,-0.03812814709694001,0.04039927638450491,0.09293287753030954,0.08986502535754082,0.03235530914661,,0.036173572304377455,-0.06294645537174115,-0.050785703608012045,-0.03452860184870721,0.08176104013849361,0.08558075825487466,0.20788693445396222,-0.10812130343114468,0.0025581939505869844,0.04959799042368651,0.0226552881976525,-0.07301413269959234,0.0062076956420258345,0.01815899489981465,0.011459476357063236,-0.05994174092475013,0.055000904784825444,0.014697246602258351,0.04479278899007588,0.006006224869478771,-0.05912520995661796,0.04062417215224423,,0.04126579697546395,-0.09304599237024125,-0.09981110518009462,-0.01269278723477485,-0.03387152978728747,-0.024581330872408103,-0.12458327004471759,0.01958639521465111,0.04062645885177174,-0.17233503192779143,0.0364350337406083,,0.08474937380656788,0.09744943738944523,-0.04069404263977283,0.0797878037845634,0.08157642983036562,0.10370413572369164,-0.020896150223171372,0.015120816788878333,0.014582092572783534,-0.02545833395514019,0.011926883974308522,0.049063997406218585,-0.049052516041747984,0.03382828229982193,,0.061143487686295295,0.03634687224568567,0.04491225692111778,-0.05190130351815003,-0.060425980921414046,-0.06764156956843115,-0.07654326104151099,0.09705290320640048,0.02711309394009853,0.10535475472777134,-0.06683747262035988,0.03164767306084193,0.053022008581729896,0.0029414099301998675
2016-07-31,0.09006272581424701,0.07917001805815915,0.14539915986195706,-0.00423683680983078,0.021609767982460504,0.12694240399524315,-0.0317836822998363,0.0016629371484142563,0.029306101085310177,0.09678784268837459,0.3346304108378966,0.1306606093828,0.019012432932139722,0.06035326650727413,0.10702080900263855,-0.05264554520280196,0.05195679169205203,0.03819980468747142,,0.04234232875870725,0.06089526974089576,0.02918323608957163,0.09193636201823874,0.06191956939517218,0.037797260223361384,0.19894956535610064,0.08202428022672414,0.0692494918728892,0.017130891581836893,0.019017900643499397,-0.0035913325352830983,0.03893880251319515,0.10823215576728562,0.03724585858705409,0.10219298589693726,-0.041695231864129156,-0.043379859109102026,0.02724805696365462,0.007578673858755103,0.022149964746509765,0.035970273840071565,0.04969178521756512,0.05621138336061149,-0.05815905007598354,0.06482413938020337,0.030097080819613486,,0.07382816082946886,0.08627326217648523,-0.02727607107223562,-0.022417228969053515,0.0011548735503774665,0.07966216031646045,-0.04109105920584233,,0.6543793355220666,-0.011991492603947385,-0.0023314194905670327,0.05600012612435168,0.3310550469565119,0.0,0.07170296689296918,-0.018682167570076347,-0.03832532286748869,0.06161071609222213,0.025302790506417372,0.018203380636189204,0.16337514079720994,0.06667549072772849,0.07939708352305308,0.014991237037555338,0.054940955449845896,-0.010800538196309883,,-0.04735057729311132,0.014704439447352113,0.08496068619409813,0.11448730263925566,0.12481350693664428,0.06885162139383394,-0.03598998103819018,0.08262209950493227,8.589483912024853e-05,,0.11633479259956636,0.0582420279793614,0.06280507884920183,-0.002936918785827025,0.05193449122816851,0.10791088532457471,0.03239874177836333,0.03746339610891436,-0.02362108146055253,0.0335833257016207,-0.05768074391950162,0.09274968314381415,-0.037503293821357975,0.03692511488354344,0.05257120392528747,0.01837434943237204,0.043755445421782335,0.06792720497267557,0.011287332244008352,0.08386953237439543,-0.022353397482758774,0.04237905039689016,-0.033619113752461516,0.014924696387744518,0.07306042267144042,0.08452917696706441,0.018501560978162468,-0.018271315136272448,0.03767132061758538,0.01822583506381026,,-0.03469457631159811,0.23294907738302228,0.11346935097801891,0.10768034553732209,-0.00145340965256191,-0.01618075554422438,0.12474441151469229,-0.002514184967577937,0.005434583545891991,-0.02541840518132521,-0.038633202435802705,0.12831329121128054,0.21463490204102964,0.006375917501338035,-0.010984625808982962,0.06727005695077848,0.0281287903750167,0.04771410277208732,0.018787010569418783,-0.02955234733873713,0.05682529722632701,0.11113363540177112,,-0.014353223240892832,0.022329487188549768,0.055369171135162265,-0.04134114315162607,0.019994461888825255,0.16819148804079243,0.2173065652557895,0.04973201626162593,0.01628188231143146,0.12287682944901412,0.0182087988894144,,-0.002424258067818541,0.0467501887863806,0.13928764209468936,0.31486015626763364,-0.029625196719600178,0.016757031444083248,0.03538309022533537,0.0789174161994246,0.058137802628301705,0.07498680564262283,0.07094994237350671,-0.02368952477430275,0.10603918690237002,0.1192959065134851,,0.014163849310830479,0.06647547280274946,0.0035274882106439698,0.045623382662594025,0.052312783976876,0.025097962725901146,0.12764477778921912,0.0023173116820851547,0.005289914803402906,0.04148629336367904,0.013521811407868789,-0.0006846701760168106,-0.05109895719574764,0.06342191289778065
2016-08-31,0.02365182010180633,-0.032160263246801435,-0.061005154079576185,0.01941306207931648,0.04547309340371619,-0.013401390012277692,0.009667815272254243,0.03209301911721707,0.09900799321603082,0.13893954966041222,0.0787171940733451,-0.005704669426097042,-0.020644708454449878,0.013639826927226206,0.11800202130257231,-0.053333274607152426,0.04149388886401506,0.04687495267438413,,0.08914664890815582,0.017375218350612176,-0.02347170917447161,0.11905606817742753,-0.02415802403623013,0.006874989289896716,0.05415104543733107,0.04880034552754742,0.024148420610829113,-0.23285655154716978,0.05761407440929078,0.04311361361684307,-0.018945674580408967,0.02160961988132426,0.08970484996885131,-0.00978721919173875,0.013332209265211281,-0.023291475292749886,0.0951164337817787,-0.0054279431479586915,-0.0012096813969174613,-0.029591167734372203,0.05976146661535964,0.07383691982876694,0.005634192826396989,-0.028072363641247544,-0.029095289313290862,,0.02980649799900026,0.004650136990900222,0.007333742126593545,-0.008199420589877882,-0.04051333465793028,-0.0005588921620784948,0.08801929788006801,,-0.0003678833396111303,-0.015528789187668424,-0.059796463876212846,0.13192253253204544,0.03209237272547405,-0.047662449739029,-0.04929102907683003,0.08310926403366792,-0.006572280974264433,0.05878974156411121,-0.07974636751208775,-0.004739299886105552,-0.20601867927966078,0.01871517610083573,-0.002514559758363344,-0.06623774481846167,0.03628570879343185,0.0032114538999925557,,-0.013716045130750198,-0.014884018937497467,0.02726981292415931,0.01204819988310657,-0.0018829171258542,0.07123403560764707,-0.014887969234454235,-0.02482788783738843,0.008428995504049075,,0.02569603142434751,-0.0022901067358604976,0.037350752562320455,0.004144318628674704,-0.01342410971011887,0.02989563706401177,-0.04067602634455958,0.05518219893541976,0.04287752254713073,-0.07829432586683394,-0.011501907208109952,0.07476615063111458,-0.004583656370771072,0.047194068372567344,-0.05603333556838552,-0.032080493750127115,-0.06951874977836592,0.039545896076401243,0.059990191477608645,0.014594303246403317,-0.009274590024977103,-0.04964320516834231,0.023647344813921833,-0.00684671098938372,0.02482299744794414,0.01758914281562829,0.011195610446323334,-0.02378148964742366,0.08860346114769779,0.07040578240013362,,0.028593435832863445,0.05531927082596533,0.1159067296261096,0.020080109945256108,0.20014534609560308,-0.05065842112255825,-0.13090897000702273,0.06794519293798151,0.03855843463465858,-0.016915379494201743,0.03678526131137705,-0.03003202102767788,0.07623536152015098,0.00438566624539205,0.02836881641230038,0.017419168070765823,-0.012990359708259458,-0.0488133012528541,0.020096254709090378,0.0015379667537434027,0.07854600728822159,-0.025325569961195615,,-0.003291493844908455,0.09013952190678487,0.06405648165407474,0.03975786689833294,-0.002416678103385972,0.01638415490573264,-0.07661355860894659,-0.005319476281057778,-0.027978720541078417,0.10954797215497503,-0.018876968292003582,,-0.030291252636385546,-0.04362770590449783,0.013975987042163629,0.05338779072604072,-0.005332047537324747,-0.05567105495370395,0.05251850805250258,-0.06079978973031919,-0.049343947826057,-0.04186603935782662,0.0,0.021424954438591826,-0.09702290457247575,-0.003010736828349958,,-0.04993005664886674,0.0326230213802392,0.0175174204173556,0.04695282748677587,0.03831380745707702,0.0705757655882735,-0.025670081069788964,-0.05558570743521807,-0.01768022913564382,-0.021695771865229863,0.06749944656230467,-0.014265508402170113,-0.01199418977926936,0.012482668918840867
2016-09-30,0.06550422931625244,-0.016069049265487134,0.006425800340138954,0.06234805997828041,0.060893397572075125,0.030210530978435512,-0.012099831991992827,-0.031140264789288996,-0.002780058855236023,0.01038852426489889,-0.06621624887033095,-0.01911090197770149,0.004466387334075117,0.08860318280928259,0.06777110322787161,0.28511046564231535,-0.03392849780563012,0.04421176377815228,,-0.019156723256288144,-0.02348266267314736,0.01769030301819119,-0.030359719616882885,0.018617304095707832,0.017997429579441837,0.024212262468541912,0.03865238249500558,-0.027761764886606533,-0.060463570173312164,-0.042956539073310096,-0.040002684914078546,-0.0008396497909282097,-0.06892776703959802,-0.010682698738871177,0.08322166823140797,-0.004601832851420795,0.0037599898210152194,0.04960930830656918,0.016060900985928717,-0.0026901876861227247,0.016549188310269747,-0.029944331860599305,0.003212066533054614,0.05895231155741021,-0.059103155943779906,-0.10186351347078249,,0.008905886796969353,0.07850054835121023,-0.047216222955752896,0.02326531079569949,0.0014831935933399265,-0.025214050307260982,0.01680747499058577,0.06982996021107812,-0.03554328875908597,-0.01693840142992764,0.004770493392443287,0.019417809161846433,0.0230102493745461,0.007105680575474782,0.03473783588690704,0.09289151103464288,-0.022785458680688042,-0.012473613360732938,-0.020882224762293067,-0.04206341148257764,0.0553938578185007,0.061687014761145464,-0.025689901854320296,-0.0347404340129579,0.019314357459499165,-0.0444571748963688,,0.015556123101566843,-0.09799471934298987,0.0423091973132077,0.007217024148272078,0.01799069090934613,-0.04833000215926497,0.04784362011041332,-0.04056103818416479,-0.0010280818544277093,,0.09033278033695957,-0.00018891252580688356,0.051824979960681805,-0.012920190545858135,0.055956976271007486,0.013867828023719886,-0.010138840910690838,-0.01348151011846399,0.00022348200765565096,0.006497502195216498,-0.007931639071061647,0.058581067471573434,-0.01759739174303465,-0.0038624652168476326,0.032283165668665514,-0.01337642672168382,-0.056817933856919245,0.018244593900468287,0.022436447383214375,0.053192772173954905,-0.0025937334520736988,-0.09679352514258044,-0.02056619726960962,-0.0022830143730644403,0.023732097218721382,0.017047296090289654,-0.016793119494949993,-0.03416401374399636,-0.04516561886148529,0.0012368095049637429,,-0.005618853888163189,0.07511927845718813,0.0,0.002436137737780397,0.07822959719382716,0.011410320315803357,0.028094696657863016,0.0112878048198084,-0.08402882367199571,0.008864890331423236,0.09706584541265983,0.08917018656950426,0.11705287069756598,-0.04706455232115503,-0.04180237183917257,0.19644066998425314,0.01892243819882755,-0.02672422994361079,0.027946217652774274,-0.03255521354536661,0.02448383254897113,0.016385341688880395,,-0.017050322045938482,-0.00011122983195843705,0.028597104760314407,0.026768446600501594,0.1028264991341199,0.08609500537374348,0.024124315261886853,-0.04538186207534867,-0.03716906496677441,0.003496465907304014,0.0017867512108185046,,-0.0005845569996327793,-0.039263158520845276,0.024445491388471963,0.1626836208467799,0.009741799186902877,-0.006604593600483932,-0.020259760940758875,-0.02151294737622178,-0.03434920492473481,0.046212744209817025,0.008200144015283684,-0.029592942442345338,-0.03763970529344607,0.009203246384384745,,0.033785291846100574,0.020935878630338633,0.001282072566771486,-0.022157152905681654,0.02224988212381751,-0.042457058177573725,-0.077240534194839,-0.00668807236019997,0.26357254114783646,-0.02579773248048145,-0.1283465290322685,0.00951835737296447,0.0016063986764187632,0.0178082185082844
2016-10-31,0.00433432105891729,-0.10743124903180634,-0.06622301952639065,-0.038641604287958486,-0.009489577764960733,-0.0054304770307394,-0.012925192705134592,-0.04174218596849699,0.039770813049081255,-0.03548908166317677,0.046309721957696004,-0.15376755825563326,0.034060083733095325,-0.056717349489147195,-0.0038787238358313214,-0.06501289783472886,-0.034600098696247694,0.015557729462124303,,-0.012984207743866438,0.04238322360978608,0.08114461954854058,0.0543130600999564,-0.0002099143500852163,-0.06576521053326267,-0.10494203824431769,0.0018620189858926661,-0.05854450601468131,-0.049279630368307625,0.08974256973655081,-0.0011767022046713649,-0.07563022246898443,-0.019584537043851324,0.04065270586314895,-0.05151839998664287,0.010743958456933544,-0.034179050064410355,-0.07437864110923609,-0.08816742500430474,-0.03223251483991796,-0.0642548486949297,-0.04228828001148455,0.03076664376127236,0.005321749834001688,-0.030424388021922488,0.05369400019271375,,-0.02479337973607465,0.00032748345745936547,-0.05027866441398876,0.017780794702810132,0.012521610086307255,0.038201906610708436,0.03456405045964095,0.026987546406623375,0.0020411374262820914,-0.0018307802935241257,-0.0002498865176211451,-0.141011221101649,-0.13343482337918322,-0.027531604197089443,-0.07026249574938015,-0.06340590131242929,-0.008244381276274915,-0.02952386287883957,0.023430323971437295,-0.015222826620415741,0.02946551791718033,-0.0020610117216344204,-0.04037354044121999,-0.00995272797446678,-0.02365425580574787,-0.017555216992099054,,-0.0693888701409312,-0.022300279483174812,-0.03974627148929899,-0.005351091742442526,0.007263185663405336,0.10522725932000543,0.024955275131549826,-0.05183390348392514,-0.05425513666220716,,-0.06696698581864235,-0.032483322843405715,-0.07629111618775164,-0.008462163897053676,-0.07277572725235126,-0.05231978247320346,-0.01811574854155995,0.047657001251565134,-0.006256438479115167,0.07746380182135715,-0.09299195498553714,-0.11143489787528194,0.0018904081878194923,-0.03120101977945966,-0.0799902998605897,0.02778246254997696,-0.07244765752231963,0.022701051476094136,-0.013761435384321064,0.05356431244547566,-0.02418490324819278,-0.23736102493701694,0.02369018892793573,-0.050694574396273784,0.05694359398109694,0.021205352250484255,-0.06202135275838694,0.04570637443291581,0.07390999559705502,-0.05912539795673455,,-0.05254061604428173,-0.018085922100009255,0.05337116490841631,0.04027803405377184,-0.0348707793940094,0.046435432790108866,-0.057266050973215576,0.267072658083501,-0.04691372963203677,0.07034361060814454,-0.12629274650820577,0.11067598339606688,0.03852877508434571,-0.018104994354450787,-0.00013726853882722878,-0.034519598105738125,-0.014433988196683734,-0.06377341595098307,-0.025402186779865943,0.0003171361581895127,-0.02214613830906853,-0.025775194934991363,,-0.00802361389055084,0.06765804968332967,0.03845683288562052,0.007448795465033964,0.01684145217429811,0.00321163444832262,-0.14178398251679658,0.005905687179751151,-0.01976370473467226,0.004117795514595457,-0.005213634344886753,,0.005263080550585775,-0.1016862351100738,-0.03721573423175362,-0.10998693305924212,-0.009105714143336718,-0.07940260960897327,0.039236839588860706,0.0007279100993908827,-0.013773463026207522,-0.07563179624307126,0.06442627641548082,-0.05560882497767339,-0.030877817158578846,0.009546880888128495,,0.009500071483557804,-0.09586778083544734,-0.014630877902107597,0.043600260237567356,-0.00229779571002231,0.11773598244660866,-0.13014560937132158,-0.06409108691246201,-0.0005131662788422364,-0.08345606787791948,0.03906994717367507,-0.02911807715488779,-0.045371279846558754,-0.08094600501102567
2016-11-30,-0.021600851120033404,0.08999646451763943,-0.029816801276092653,0.02744330135699613,-0.043716905257625394,0.16475420941838115,0.10291749829092889,0.04261988562140551,0.026418123178001407,0.11083377786599491,0.23236512087228345,0.027508867438207574,-0.1273150227874037,-0.049694904402671325,0.11870203608960184,0.10877618063894268,0.08274608692130081,0.035340622989681325,,0.0012333123196157647,0.08461345471065429,0.06519819172068875,0.28474912318477275,-0.06494558094542235,0.007087173103116795,0.04957532661695385,0.019976670838296018,0.08659606518861174,0.10862270560039966,0.0959099101427725,0.09106028490474327,-0.07000004161487905,0.04597039822395543,0.15109805883714755,0.1449795186600178,0.007874157881849753,-0.0827560576475439,0.10172475181493157,0.13388884070827745,-0.08590242635821688,0.12439330979553942,0.12797186226062784,0.14133005686835354,0.11668586818782045,0.018272946325854633,-0.04204356982005164,,-0.02803121896463867,0.17974816549923234,-0.08573126557181998,0.07567419784806151,-0.016351537517742654,0.03549528559993487,0.13476798103336218,0.09105711774079706,-0.004837524538439109,0.06937117852513697,-0.06760647672595166,0.27553424079606414,-0.02455274658556772,0.16962057732534763,0.12436505833035572,0.13382010813426515,-0.04670375871757293,0.05282406472867751,-0.036231684306656686,0.018739220134707857,0.3729876463089765,0.09952978136337376,0.04423673978072662,0.06234767648610329,0.16326099158817242,0.057044720640414104,,0.000951061509504747,-0.016779246564233796,0.06424058838795421,0.09272163895229868,-0.042005108859251905,0.2341206261495583,0.15413001537658788,0.06620040113136483,0.04498342264317845,,0.06280149125157286,0.06507671193870102,0.0026586819572216314,0.04542924141078375,-0.042167584094360056,0.10222792724422325,-0.0338035749018063,0.15752239500545584,-0.0754647130219529,0.07063303156393763,0.010488903696518781,0.08663762604388592,-0.040303970106899234,0.027678323285178275,-0.08505475567244258,0.08400790161715777,0.058514447369545586,0.09456995856790962,0.14663587501146447,-0.04503805444974773,0.06775756812130052,0.13306535269541642,-0.08233193949835849,-0.10985104981414995,0.18162227567605127,-0.09596152989002515,0.04562087057694031,-0.03312180416330546,0.08759424772575652,0.04206470058169831,,0.09339031231602535,0.10053719021221075,0.232052196879585,0.012467973664271437,0.13811177512342532,-0.10073603414691068,-0.12419001939419894,-0.06302559676433517,-0.002192311865176877,0.09017477921478556,0.1655476746327793,-0.05414637310870718,0.2976116045394863,0.046069743081419645,-0.02125879338406733,-0.12650323206518155,-0.05932366255557231,0.023669047355370676,-0.05000045239742579,0.05680754084550088,0.13751609619382044,-0.02415624228420632,,-0.08461198618827936,0.15627622009465147,0.19489561753157902,0.03157945918142824,-0.05712916462084572,-0.0008309309917191587,0.09918271774141352,0.06051160061725347,0.09739094611308108,0.22219871824201376,0.0743960995221764,,-0.08148681471549024,-0.025123468787173198,-0.020552760528570246,0.16875538660645284,-0.014650834395708356,0.0500138305567166,0.16320677613167045,0.13334871970293305,0.06601664167104415,-0.047065363536805016,0.09008672128174422,0.04779052930977001,-0.042128139186963565,0.05110662534465282,,0.12467562031228852,0.15597572717492914,0.08326614719606495,0.10857892794501,-0.06092912374011128,0.04889437340269387,0.07579752114074423,0.037422276000440347,0.0893226317259983,-0.07180675115360957,0.1597672553525209,0.005855149466239995,0.057045617227140966,0.0560735646138828
2016-12-31,0.047955164423691965,0.029934114527249145,0.008931104632766917,-0.019258354986196213,0.0013617293354044602,-0.021821477786500343,0.07679561394024548,-0.02493705567480653,0.036429103187186174,0.0021736468444017998,0.27272731164878405,0.014853853577438958,0.03899617863479321,-0.0009326204826223261,0.020672915672857783,-0.037604229878648865,0.0015049373045585845,-0.013235305833420696,,0.042762266038746555,0.02831725301491228,0.03400630614824873,0.04640153496354582,-0.0006760235578515683,-0.016636050352174525,-0.035671848507786486,-0.025018650090539607,0.032520466390473235,0.03543626619011864,-0.000843290687430831,0.035187964940452066,0.05718475702092629,0.050116457868437436,0.05391022689440361,-0.029510268929836103,0.0375833264843628,0.05101075694723889,0.04580297112696319,-0.010019427355450361,0.0032193463915966003,-0.002704777752283838,0.0551981205348131,0.0380773202618101,0.033388482593798674,0.06661752277603394,-0.049166661357321395,,0.01341366375870967,0.0033518394960432296,0.02627145224648908,0.05503712689731621,0.04502615010758326,0.03502449317717371,0.03431631794308321,0.026325644663197645,-0.002639950823946413,0.05955603102701912,0.0521896467275218,-0.0538583257328884,0.0676013860968474,0.013321535654313488,-0.012225490345229018,-0.013850430290585969,0.05505335956221025,0.008720396484278803,0.0916640168341758,0.014213814684756354,-0.14071673564860365,-0.026558106246798885,-0.01668652808678739,0.015866908708995098,-0.015340765929569011,0.03503964132097681,,-0.022102523565580956,0.013619955971743591,0.00998725614101148,0.019922944536623577,0.021356483123077474,0.09193338990209265,0.022232887442835914,0.03616696473172132,0.016763263386404104,,-0.02817239690510076,0.02324030129813348,0.04524519399675264,0.008181335804467782,-0.01486622657382397,-0.016623832995720678,0.035130356589524014,0.07633803796413052,0.06944299232065898,-0.014529243145034565,-0.004885057742274657,-0.06711730871989974,0.02750974892764657,-0.019703695888132255,0.09579871706500831,-0.05771922551670017,0.00807934918607689,0.0015949532063133098,-0.0502656369588419,0.010273936337093392,0.020541633530464898,-0.02336380415113526,0.07948094902974079,-0.01855432163904791,-0.020360072774889604,-0.02845795160585285,0.03976924812037197,0.06732798681791685,0.07082063068067135,-0.030532650292385832,,-0.024816092103045695,-0.028606482267942046,0.021518765466920442,0.0311982227758818,0.12237583959161791,0.04578451249690185,0.051817150019882074,0.05811968515053234,0.018841821099361056,-0.06500509487404049,0.0021413847428877197,-0.10595304985979315,0.15770051658588757,-0.04329421616030815,0.00906976785002822,-0.06936071670997468,0.0452547864142101,0.010578991153315398,0.01964617380701439,0.06606605426015255,0.007702038245754217,0.04561555649788995,,0.04828140988497531,0.05807831894561288,0.03439425796210838,0.04008171619905809,0.004837259981905984,-0.04300609380707954,-0.03203797912136075,0.017638570152880506,-0.04226328458764217,0.020951122590210813,0.004719587492945765,,0.05061916751345996,-0.011021331963729564,-0.0962263953976763,-0.03254119322412752,0.05782870269005924,0.1009578411117622,0.0391156438008704,-0.06486282738907312,-0.04097509481942507,0.008107501615237434,0.06087421559921169,0.0862472295668606,0.12824708724004918,-0.01298553888219145,,0.010864012687249236,0.02319205528927948,-0.011042263729189816,0.04083910407909963,0.009053287044399339,0.10981151276093759,-0.09729202771748446,0.06973932068410948,0.07504937405793455,0.06610402482928146,0.041383219687793904,-0.011575499597994199,0.03390639471169732,0.06252523753495698
2017-01-31,0.04774647608818139,-0.014267033226715853,0.09450211879424253,-0.027832118038927378,0.10131132214039251,0.03194735943102178,-0.017415900391853145,0.005603526545377324,-0.01607708190981394,0.06135742337549033,-0.08553794126779157,0.07160936233603765,-0.02062805920798849,0.09816368315796908,-0.028624540034691393,-0.053758486355510615,-0.02822979587760277,0.0043155782007811005,,0.12858530153751535,0.035444833346385485,0.04971746359566098,0.02443452854115047,0.08051392938348023,0.07091503714295055,-0.022356994985874956,0.07439655141987966,-0.0172385216511306,-0.15324055035416007,-0.051925406419471076,0.0071174603786869906,0.11234398518070288,0.1331852720793154,-0.06057523457028691,0.0400447268038604,-0.004768398923635897,0.012216610015634899,0.1251389174040174,0.09618402244551216,-0.007437563018763305,0.09225183164749784,0.04967475662612508,0.0017193943814275414,-0.027523029377869546,0.023983643507828223,0.15541905382540877,,0.025273947319695678,0.2911208677746957,0.004771327677519199,-0.053950441927840265,-0.00404743508054628,0.042118186158666804,0.03891689335204607,0.14589775383671721,0.0781084653323183,0.061696425213511485,0.011852176688368798,-0.002846874542712041,0.0720782464412062,0.07212889921764187,0.05219748580644845,0.006358526911615536,0.07713868116219902,0.055001081580612565,0.010988978350767065,0.03538345439357826,0.2623203398340168,0.015628840434186886,0.04997325384069784,0.010820488700484576,0.05331566388854214,-0.060126815936404454,,0.011730015586242315,0.01935415856890277,0.09147151279658927,0.050803576326037714,0.03500521338732554,-0.0423053948866533,0.045849568493763426,0.0261035402700307,0.021320527571634162,,0.014150763592723825,0.0513884936885074,0.015163910138646708,0.037688463327341326,0.09227806669070371,0.03870634326366673,-0.017012640037731286,-0.013810951316573505,0.02256066436767923,0.0817231773093956,0.06142615075052471,0.084764754141742,0.002653158696855229,0.010666531708152016,0.04731467602063133,0.0055614420577925205,0.03259574018708555,0.0863516937296569,0.08731658748297044,0.03196441042405662,0.00698290464853657,-0.009256271560664886,-0.0011281875081153858,0.06724677657967448,0.00964957244274145,0.13272462544795527,-0.02100011580288208,0.05264698083440944,-0.045679882955258155,0.052998399428143994,,0.011419639546479843,0.07209808961817754,0.01027011613574036,0.040392798618741566,0.09990890237670302,0.03566030124415853,0.06486630942980387,0.136591273756832,0.040723749056992053,-0.01504850832570892,0.009881935079677051,0.21899384665830435,0.02285905198276339,0.047258553856078134,-0.04857500566157247,0.18000791797519455,-0.008123713773274477,-0.023091518350563778,0.050121824577102014,0.054648049656203845,0.05092826245166249,-0.07463525636011736,,0.050716103843410076,0.03461486993501239,0.010089836012569187,-0.055433209949557694,0.007853930400262277,-0.18052142380584402,-0.021248029598320062,0.0004558005310859592,-0.0054035663758672525,0.04484450878856694,-0.002858738587952825,,0.004879678425514511,0.03433329716284761,0.11753729570388738,0.1828660930998025,0.031049214307295125,0.00661188474809582,-0.01765154851250872,-0.10729653515720683,-0.0027950993297788385,0.08001435382557931,0.0827681839821004,-0.037902429147313454,0.17895082974216026,0.041792460049985714,,0.0128719372921835,0.027970573921873187,-0.04806353213401171,0.024917613050287946,0.06011274189026916,-0.03747063857880795,0.16560343261661004,-0.07205017860250285,0.17336287160813524,-0.00941296183656204,0.022137749775524407,-0.034432823375729615,-0.07057404134148693,0.028368733206876273
2017-02-28,0.13377767387099415,0.01194577654286233,0.07924340514487893,0.07578812393692846,0.04374668552325334,0.099247435374056,0.01614024098075184,0.040110179840616045,-0.005291078496646451,0.060532875775423545,0.39440696217205273,0.1344623345150724,0.10908212210294099,0.026181549535707394,0.2658510411039312,-0.12086275029438731,0.005080330823902912,0.025485383535747363,,0.05729316461440859,0.048180165640079986,0.11235059199232977,0.09010585597614695,0.06282592358073158,0.03248893787802154,0.04097538691852143,0.09459546233142047,0.03604444310297672,0.15358034058741454,0.05387887964953553,0.04435237484079102,0.020365743225047916,-0.020816462544032244,0.07435448328854699,0.010453565545394783,0.05080244844291948,0.06489795685271926,-0.002747382666769549,0.0183286760981769,0.13007102262536607,-0.007689919745764051,0.0031382695891091217,0.07896589261709308,-0.019187275074196597,0.08360582256895088,0.028444958106184526,,0.11263010012154218,0.05072502778066901,0.02245900348394425,0.01999864093433379,0.017829147690375358,0.04410525126920417,0.022792797501009154,0.007937772971924995,0.01942382811449428,-0.005060985055575951,0.06269968022338679,-0.047869919230103974,0.06503304935744425,0.06928754342395815,0.03227308943812157,-0.04518625640955665,-0.017882734847847193,0.016953995117234832,0.03280606176591849,0.013753670093305193,-0.19519537319042668,0.020464357475924455,0.035885362618470085,0.07418785439879727,0.04821042524887287,0.01170936595932548,,-0.027190836381802086,-0.03377086485171654,0.048174938835680914,0.006282357596746113,0.03016369236686689,0.08454729278205719,-0.051747853937608834,0.05327843232663221,0.05787243799346031,,0.15415312355438715,0.03851638052807016,-0.009819876812923067,0.05785131461287185,0.06396799612689463,0.03781463838544896,0.0862577350068261,0.07077875159251001,0.0248627505133876,0.06550646141111116,0.09427900326104366,-0.04610544962666163,0.009381734060673441,0.002279370851651308,0.08227004511603164,0.0679844089821462,0.017651414832693613,0.03203899954806566,-0.021765223031017245,0.0388413959340832,0.049111418395744844,0.08091362623116805,-0.008129959863247826,0.0643251422014064,-0.029057057562197675,0.04005531213137403,0.07289564161442885,0.05254284406778553,0.039701890072388446,0.06259040849810993,,0.0802705352262858,0.049092295731915314,0.0748408959029001,-0.004363725025061771,-0.027789270814674083,0.06696280081475048,-0.05622886048780085,0.010091691945373071,0.08052908456851915,0.07861886260070738,0.06902929215939513,-0.040829825021500676,-0.06935268052557753,0.061830196880058086,-0.032758012483477206,0.02941184454244561,0.06359618539072698,0.08627856029183278,0.03961182070819502,0.06586148680112114,0.057117621124609386,0.0450356449196736,,0.13752220950715066,0.056201279177732655,0.05874314342887588,-0.03442786681129817,0.055806908470972694,0.06696672398098502,0.03955002562343135,0.03236799707051863,0.034521486615894936,-0.01814653829327173,-0.03414127376053522,,0.04016778560947598,0.013170711985571959,0.08068931868171814,0.06733081372743555,0.04071872681457078,-0.008776091939011299,0.05074422258220146,-0.08015765748819592,0.05074340708934355,0.034713407943845365,0.004175460039296031,0.03786717554720398,-0.007700561188844546,0.014296832397048487,,0.02023436091421371,0.01853567650384047,-0.023445601921717185,0.04463428317748552,0.06525690561482644,0.044135555514902114,0.05531617384499343,0.012650869668637155,-0.03574570119131726,0.075644647026742,0.03449495210815656,0.06278050138849833,-0.021771763171438696,-0.029668565626998378
2017-03-31,0.04868969561016856,0.05368680716320351,-0.014862432138870063,-0.02138775397022863,0.09962826525073099,0.00024400406798985586,0.0032429471236579133,0.0009673958764100377,-0.018330684166706468,0.0739923671563869,0.006224076926034439,-0.07058316091156369,0.05880304841145412,0.049110120630820875,0.11160607317512139,-0.022817851262005084,-0.03014032413344414,0.030614065613689734,,0.042777355714345155,-0.011866006210197622,-0.018698435755181264,-0.04125175029870709,0.021067557412903115,0.006123427424317596,-0.052598726107914384,0.03238732239645037,-0.003934849527846063,-0.04108630482936171,0.001909003246020502,-0.027651414909551808,0.013034688884624224,0.005416226205213759,0.00016732857363188636,-0.040347636691827504,-0.008940654007422055,0.020651905973921414,0.013186435330336366,-0.015925981669870026,0.0028776258958056466,0.0045426706813604945,-0.016647605489297446,-0.0767097677244084,0.04835010109491922,-0.053561165889338014,0.014013714085825635,,-0.011117757130809869,-0.04139232863702913,-0.025812696486433917,-0.045600268998582605,0.008909269275778398,0.027833120425433622,-0.00021637586281786358,0.009292621722692074,0.0013978407023014228,0.029975350823819413,-0.00654149988831354,-0.036386784720128684,-0.009734464604765791,0.007341852855375253,-0.003993261793931668,0.005773832460332695,0.0646158847350844,0.03865633010063285,-0.019885560451561424,-0.07102958702003681,-0.0029848856825053227,0.013345449857559144,-0.028795438809482543,-0.0007799303821062198,-0.01375052253172615,-0.0003359012308141729,,-0.028907568046002474,-0.022527798653158237,-0.022093357501615896,-0.0303532779057607,0.0033968151758443366,-0.07393357813790513,-0.0794985941248385,0.01941600858439374,0.002971554433945478,,0.03731261588356527,-0.031587509788191914,-0.0035912182311179652,-0.07533489164915053,0.039986434791034364,0.008416308576700171,0.019147147741421344,-0.03067761820744286,-0.0011000790993830334,0.05492615264247602,0.0003341395657312507,0.020178126745521663,0.020366818193439107,0.00574564009261036,0.015698644378587367,0.0038262776446205127,0.10541929118068305,0.08696482981023723,0.008582840944434844,0.018196618333765402,0.015354536318457068,-0.012455705351715363,-0.014841874584370363,0.000980695049989988,0.007246588213856153,0.048030000636473336,0.026723771352115566,-0.03904883460947273,0.01895178439334999,-0.02841137350777867,,0.005580201918875538,-0.01802051119972048,-0.06196580564811616,0.0293839858530045,0.23293505838941275,-0.02007668165706189,-0.035922857429395716,0.039963401666906595,-0.021979407154114616,-0.033900052703629724,-0.006848789440950798,0.006327582724276137,0.0734138412201919,0.04742845556684272,-0.021920502569390043,-0.25819618065692396,0.02036894358516217,0.0026376576777518146,-0.01339628463289888,0.0,0.035391358916951665,0.025392090405264467,,0.0419698881918904,-0.05494006740102786,-0.03491942527090752,0.013173126417350689,0.02428572438800569,0.015226656580730191,0.03751021388137721,-0.0030208655970078713,0.02672724757026912,0.009898804362402203,-0.028123625611686243,,-0.02046420641859714,-0.06708246419893871,0.009809078703864715,-0.033912017642596326,0.02732574854217873,-0.0057431252841032565,-0.07299883311151512,-0.06091548271030223,0.008030483872723648,-0.02495742192992889,0.03294403750257202,-0.00846783587281097,0.11324450226739358,0.051422383176689346,,-0.004587613075620167,-0.01871406638701545,0.014561508159725456,-0.05863590209213454,0.010575300226973283,-0.024429881689005506,0.20668721209286778,-0.017731119572632847,0.08019543038131327,0.00625189459057518,-0.038355067435508206,0.023685266467057264,0.0084852908424351,0.0011256788365452408
2017-04-30,-6.947352753794434e-05,0.022038297994648293,-0.011328096287282818,0.022342631205131802,0.027741492929340472,-0.07016478492739409,0.020509906908216413,0.03396848089699778,-0.024346800191330842,0.043958436945631174,-0.08591065179476587,-0.004571001685467868,0.041489727049811354,0.043370871588667814,0.055719323195954296,-0.048798521924055316,0.03850985269540197,0.016018058405461,,0.008449143755763888,0.005882599961822166,0.04506399952614104,-0.01059809069514317,0.07365976418671605,0.019243499821107957,-0.00808288297901194,0.03755686952736714,0.002764089610335807,0.038188479647855544,0.0004260002240144001,-0.00881921062219726,0.06071565221466013,0.06810066693516603,-0.0090638556516216,0.11157204958762246,0.007339487225938246,0.001588305855805272,0.05450322601337221,0.06744490668940695,-0.010389584963483522,0.04696539549218226,-0.021969489278957255,-0.07246747135244358,-0.03930241354114172,0.05861975090324778,0.04400537626807455,,0.0167693645406628,0.09215901734384269,0.05694453670529165,-0.006240183475184957,-0.0018049387536173134,-0.011646526727697504,0.02526197689130405,0.047285165977938304,-0.025721840095518256,0.01949017936249331,0.00597502292296892,-0.05345136753566926,-0.004766409530963633,0.07564396146678254,0.007016525699226728,-0.05014908798457096,0.04328479271542207,0.02009425123766495,-0.037520785656619204,-0.001324428941670952,-0.04565893446951619,-0.027927135756736665,0.05739761169502211,0.0332148288279035,0.03985617863392754,-0.027181044652786368,,0.009275911594400332,-0.017321887448968898,0.06851861098877055,-0.02036183634194888,0.09049297118157185,-0.025770396304758636,-0.06766921648328972,0.06313427968512486,0.05021235654853928,,0.052572737848221696,-0.07953345881287877,0.0022178961050152157,0.0826478717429604,0.09054499124212723,0.04242488192898897,-0.008671264372192344,-0.0038717236698310176,-0.004624904284880271,0.03313364200622537,-0.014282448001554426,-0.045353988454205796,0.016729451069874335,0.05379447557790806,-0.0243727111557005,0.006913288742998347,0.03682529060285611,0.12846650578843422,-0.07051190214674807,0.036265325269355886,0.07962321116213,-0.06724680437322461,0.04526421404830461,0.0314045528460043,-0.019121673625177693,0.057726266287289496,0.02351979000789517,0.005040680319993829,0.007914190549518807,-0.019043447141131375,,0.007914886907671503,-0.01572737925764167,0.016955062785460218,0.039477921963672946,-0.0425604952730263,0.04042986234500545,0.02578884691286709,0.029700299412827036,-0.005742288989123101,0.03414033697645591,-0.12771224384826363,0.08014178968924024,-0.042504692982959336,0.012188354626307296,-0.02872462003729581,-0.03789499406314922,0.012694627924643376,-0.008476962000235289,-0.02060377918541223,0.013782245318667341,0.0029940277043596364,0.04876629249603548,,-0.01824659174210075,0.0005874482358048105,0.003280605092107036,0.004291819774977945,0.10925157111633155,-0.06278352964376122,0.002528932435482245,0.06042208593266518,0.028600964630431713,-0.04802796330303205,-0.07055037414645626,,0.00040128855075072245,-0.03935360614836658,0.02638848007325545,-0.08273433180277401,0.035852784959931494,-0.0310659336303577,-0.0340046941290022,0.011958499808188527,-0.005563918009339086,0.07636758883484562,0.0414923591242653,0.009291339473230131,0.128530351207788,-0.011033685081005773,,0.06627658033818329,0.05702416446204617,0.0014906638269129857,-0.004271664032550748,0.0264430541149423,-0.02534331582738769,0.0818473223824947,-0.04701999591873174,0.07924400364825357,0.008754553212341643,-0.032698522520754114,0.0430081556191142,-0.00438964484652693,0.053419803613183436
2017-05-31,0.06780719296520155,0.0012132527897701362,0.046287797770177,0.026133797486828314,0.06071478079610615,0.1254596080242456,-0.020288764930500358,0.012571481573779408,0.044655861667841856,0.1323028981288783,-0.15864666015730156,-0.042601929504597735,0.04168632828672325,0.0752764613149639,0.05542828363645658,-0.038651598916509045,0.025338357954371338,0.03166902946839323,,0.08455243795859468,-0.02914822572960496,0.02292041357776431,-0.03669169740121059,0.06807336339536563,0.01208765815968782,-0.08642744707471328,0.01639027777601565,0.06414925534402549,-0.037466644150510375,0.0012749753750804782,0.0004236551212719597,0.024639937322121552,0.06614786133464623,0.024019081167974132,0.03099926072749093,0.04327876274248177,0.07452427742489487,0.001129864777847267,0.031080009994927105,0.059966454823217274,0.0637913754706112,0.009466898050205286,-0.03833533265663924,-0.06198816281641384,0.06054190622283384,0.040873224129458485,,-0.07455235033562502,0.06947635398687746,-0.06804963986337209,-0.020312444872574775,0.05294815211357684,-0.013375478759081516,0.09721348458555301,0.03397370851948045,0.01932114453238909,-0.06626291791638583,0.049339489341883036,-0.13952914045599052,0.02663917591978371,0.02507169071389259,-0.011178591469199417,-0.02367599155992861,0.06077735461010558,0.031026164658291222,0.058799793191449456,-0.030514427477831285,-0.09882321968323793,0.02182404199920862,0.019954789214858604,0.05153600319878726,0.04881543416076384,-0.055536190023406706,,-0.053391656410187505,-0.01338865296113989,0.01398032737061361,-0.02049660266618314,0.06767835936500965,-0.052854382772785646,-0.01503920705296069,-0.010909317852503375,0.019241682685684935,,-0.003188384082024487,-0.038486277013533465,0.006324848608678435,0.12323294651955918,0.09428501321628513,0.02266629739463477,0.0456020473301062,-0.0557473477168684,0.026938854869759554,0.06455297325807141,-0.00015408348544454498,-0.09064443938776079,0.05376604863396928,0.05848917366048245,-0.024082440962885587,0.05008544916282043,-0.0719842521015358,0.07124605558905484,-0.05002366491722732,0.05639611174329451,0.07832496950853685,0.1793335964707956,0.0346433979799563,0.014321804769488411,-0.01599295682991908,0.008053319832357575,0.050355578835647785,0.05098907860968738,0.028624940831066592,0.04460155358293405,,0.04627013321295825,0.14780312935220574,-0.037583198612642144,0.026004665591415232,0.1120346542758266,0.06648028596970956,0.010055869862216404,0.07141911435237835,-0.04367425570174166,0.05391133641648849,-0.06577111295644222,0.10764185047541375,0.38544645632306174,0.009563954266415875,-0.042411406905775606,0.0939027827480392,0.03877731614844926,-0.02812428115735144,0.008702426834180876,0.06822766509630052,-0.016632464212360754,0.020768395307534826,,0.08083742795606397,-0.008767995922825733,-0.0132137624249975,-0.03493189970499899,0.0940905041293949,0.07618164589756793,0.1816520502325225,0.02481707828516555,0.06347023392736983,-0.0005997341430556968,-0.03444010576902068,,0.02822355349363148,-0.056133458055745655,0.0674039340765602,0.03417973817667175,0.04832435482154818,-0.0277565231025636,-0.028729774810270392,-0.0018001304342548652,-0.03978793419214344,0.04512157785852433,0.002230045429325367,0.026220515035716208,0.08577703460392128,0.04180367908728444,,0.0017157430263676776,-0.009363164845195948,-0.006015648142371766,-0.007605298155955231,0.04581204392938654,-0.03846521918374124,0.04480131264277709,0.015900719298764354,0.011114691372745567,0.028202347538110795,-0.043484439039127576,0.05248696786655649,-0.004774518596765809,0.10996237564478517
2017-06-30,-0.057213820746632504,0.09830354667435759,0.06460794084202348,-0.006347062900995515,-0.0029606525245901016,-0.08769191113620534,0.006548103957674689,0.030512415934154546,-0.012521246337746983,-0.09960778974646034,0.11528150225443001,0.10944350742447306,0.013584388598350428,-0.026763939876423892,0.016352207378718564,0.025021357123827803,-0.00038544568252052436,-0.008366438904800488,,-0.0227053775753695,0.09487947275646413,0.053936011281871865,0.08255200443937549,0.02073850128341559,0.035010541483461166,0.09520918865207273,-0.0034999965673050415,0.03852593869452847,0.0328078240558729,0.08276766588601214,0.02474586379536503,0.025527140554231664,0.014294535197993508,0.1047241725979513,0.019254331548058223,0.020297673064482824,-0.005208158554281139,-0.025177201553442496,0.03820632142064562,-0.0292037240997699,-0.06263223938707008,0.07382676904456753,0.07410267316461772,-0.016334228045155497,-0.11361704270903128,-0.03391354126912538,,-0.007294747147175928,0.007199265574423297,0.04724755781267409,0.008214034597206377,-0.05125684667449859,0.025390893593962183,0.014215209686255115,-0.11932543019795605,-0.004828925291144759,-0.015656794883175063,-0.024393336677694277,-0.057423877840102056,0.018075514186718378,0.03528363516485267,0.008457598870852845,0.00232567210008372,-0.0268702172968055,0.005815265542943537,-0.0066099186819706945,0.006294833585856807,0.045256448631755264,0.12384651790469925,-0.0020980328241930746,-0.02346745266645145,-0.025337973918503898,-0.005191699957088236,,0.09954467504110998,-0.0236165212188304,0.032646108498190385,0.040961427492981706,-0.05816082544113488,0.050364545759576274,-0.051109125929841626,-0.0007162098228542524,0.0022557446367454936,,-0.06121550626216432,0.007861679166712321,-0.06563274792614393,-0.05567387781306199,0.022619935315633333,0.019030286103050686,0.031500949091141095,0.11259870425414942,-0.07114970012732547,-0.12009607922467025,0.0026474662189004405,0.02132173290726369,-0.005518623442771542,0.00777842942468121,0.03430941936840082,-0.012521114733253125,-0.015741706817811285,-0.08595678957530684,0.0599096236586234,-0.01163729015338355,0.0214070028536677,0.010625670339528437,-0.06895375967650419,0.05303772754713232,0.08598553652190932,-0.0031692703639867315,0.018193174614475227,-0.004806394231140265,0.005572783541019755,-0.00842816202622032,,0.005157357582300071,-0.03833528098001038,0.06756118946491929,-0.013029595265298566,-0.029574514976466904,-0.009262150471714414,-0.05013385192924735,-0.08376766347383335,0.11721275310348589,-0.005847838844851405,0.009727613758793163,0.012900165018005172,0.001454655740081856,0.1046485912646995,0.028631740963499963,0.1283413583835329,-0.011808507115983469,0.0287903344629441,-0.010670763720803444,0.0391232308135232,0.014924016751666658,0.06401019793137097,,-0.011194328716485624,0.051979777276812245,0.031378023702818725,0.08645407125909776,0.027963906415316542,-0.03579521041520273,0.0698818462375117,0.006843694001023692,-0.08332005691947342,0.10864526879897984,-0.053886931330130006,,-0.053941675902622,0.04868752519958064,0.022267372542008612,-0.09709292873770148,-0.02627410204146663,-0.020762901515916976,0.09027612533742047,-0.05185842748234326,-0.0404198830560516,0.010597272021158455,-0.10086035050285291,0.019373444472806645,0.06040877199179162,-0.06740204622069113,,0.06282518369560597,-0.012602075268258961,0.04359728349040948,0.025825431443049718,-0.015226454304994474,0.09744587120573867,0.04263751381979031,-0.042452700198816196,-0.010826676177558503,0.031844312586856605,0.08349633698225767,-0.037150010798834066,0.002857146712818226,0.003309337550901459
2017-07-31,0.032703624807052245,-0.02719065441568025,0.017324887966765568,0.041559029249931934,0.035704206480411615,0.015552797964522025,0.16055060168518875,0.026647566403682266,0.046865098813837935,0.07262183097429142,0.09054488428598373,0.013237931182447316,0.03030533829274118,0.02043385086583349,-0.003338006692108486,0.037774352180636406,-0.006361111061318536,0.037930707222156634,,0.05839926847725563,0.015570722955428717,0.22609344568049328,-0.005770799071666888,-0.0009910469039897674,0.032238016072012377,0.0671801738296458,0.0844576880643848,0.00975373948217495,0.02830490205307834,0.04413716122201139,0.033063743667471446,-0.03968248561936838,0.01895201480968134,0.02347484679632772,0.06804883307137799,0.007429023791084344,0.003992822824537168,0.1636336473755291,0.03685963573443973,-0.02061143585419567,0.03931127785810684,-0.02091976404421292,0.04308933951249738,0.03837652293694882,-0.008879436220532111,0.04849893214381784,,0.014180032053905611,-0.09567448427827019,-0.0001273952592720784,0.04658287843981701,0.007177221866419448,0.025653921818808767,0.03794828427010244,0.05170976216505219,-0.03436433078856582,0.042332071258102566,0.018304038966040936,0.04191436441180674,0.023195868466646896,-0.010205676242289075,-0.00016813956715078238,0.05299146506748498,0.05026113403017196,0.0053966248363463976,0.06293325530109195,0.015558118136134613,0.21731905691566977,-0.04279219708087301,0.06814980871383547,0.050351510924490084,-0.004747606547520711,-0.05183269973621496,,0.07502124053749548,0.013755920420443823,-0.030282982049350093,0.03006021057794106,0.017016577661451482,0.015457071414079815,-0.006321887142011651,-0.024772028442559435,0.02123169521643109,,0.09267728467160485,-0.05954590903839796,0.051274349926447194,0.03579824368905249,0.0030897102423064204,-0.017731066067602774,0.0032505127078241713,0.009901152591011986,0.021251775872669798,0.01223879145079243,-0.04608508294699143,0.07287742323221313,0.022074098577945955,-0.018031089395258992,0.004374103521371353,0.05230380768145837,0.0038971918678050166,0.12748354337014423,0.06754368949377865,0.05420497584878903,0.012927970538790134,-0.016226780875469027,0.019217895999404266,-0.0489333050344265,0.0010922159975370604,0.12100954252916862,-0.033718930237618405,-0.12756839343162285,0.06994068126119402,-0.0032765035129698195,,0.004980322776332091,-0.05811132480875725,0.058115971839474145,0.05469321908288549,-0.058271637965746526,0.042532080967638386,0.14757652591408288,0.21584903184280346,0.0008476608823491105,0.025008671462863008,-0.006982624122714776,0.04198110177450021,0.12416967178520188,-0.0004321678444955124,0.034407806543437,-0.015170755670987579,0.009698051061177937,-0.01280133271641637,0.050286939985201506,0.0689499279989263,0.038543111304017996,0.03700546373509517,,-0.0063006261045195355,0.03758933183414448,0.04706831577086823,0.012818702262239023,0.09092611745827006,-0.036762222672041434,0.0009773432246003022,-0.02899036082493811,-0.07425827780146255,-0.0013965496936757527,0.0419196353247675,,0.0010441901212905336,-0.020153752768022004,0.05205857420275084,-0.14941910444037032,0.05995080854872348,0.05155622640309088,0.04206079213241942,0.08376349109401127,-0.025772353480479016,0.00607562094520131,0.017156179007473682,0.012329360015361335,-0.1054727025516281,0.06429262339110475,,0.03446193938540443,-0.054632465254666474,-0.0027126706832327763,0.016564260896317906,0.06163391953563746,0.02238371491836988,0.178086545174164,0.09795700027223986,-0.03927752947121799,-0.019505718461213184,-0.02652957352409968,0.056949841740868035,-0.008546878401729074,0.002244217443444274
2017-08-31,0.10699923234668485,0.07709917123838816,0.03578699573123023,0.015059557478825703,0.059184912579922644,0.058980001144364635,-0.1046168362474359,0.04071487988348843,-0.07593572266485704,0.020636597648756583,-0.04481996120976939,0.025551262054340773,0.08596815974695482,-0.007268848531284511,0.17991829203763832,-0.21503636921786273,0.022652632529833294,0.056381341455597145,,0.02193279585749175,0.01020769709615843,-0.005652973544898576,-0.004469637557991679,0.02847309378401297,-0.009731718524608857,0.09313167430422853,-0.08697070078212488,-0.011694108996935237,0.06291733090391083,-0.014143319961917755,0.03537750699103204,0.03493607695370504,-0.02152469551313585,-0.001533333263682879,0.031066537842210806,-0.03441222803253363,0.07814670001106849,0.016761505481944772,0.04897474757303666,-0.007756535174360368,0.003955441853136232,0.0259338417099213,-0.07190439945386773,-0.037690122274366744,-0.008004443172829334,0.051652046364247806,,0.024165113482609968,0.021557826053122398,-0.032403508638346956,-0.004475244002205003,0.03029575469946888,0.037515726012579576,-0.09627393104216941,0.165863022309658,0.023683948706549662,-0.07941409994333593,0.036224393724376025,-0.05734024321919384,0.011195237131603086,0.05278980924865717,-0.0016315706247186368,-0.10668485271685968,0.043864676835478456,-0.07546941817496833,-0.0035991679867947157,-0.01693400500878295,0.010943942767196457,0.030524708555672575,0.018636082936062115,-0.0372762717161661,0.025569023203851904,-0.041390123880625906,,0.10014517903959708,-0.043119118661849476,-0.007692274581265535,0.015564169337677347,0.010301528782648006,-0.003664907769513559,-0.08176211986096482,0.007729132631076441,0.020734468961649766,,-0.0010470360990186833,-0.0008906646790849404,-0.0038551484684962167,0.030901389589779837,0.07077989947895258,-0.02274212691807076,0.0037073991289213737,-0.00991277124310741,-0.0700199141046387,0.018260020091785956,0.0010556250084912122,-0.053842108320938054,-0.006326260351851243,0.010602248236483147,-0.010301316824415263,0.05160199640960861,-0.0453486498141531,0.04088796557673646,0.005549978338898365,0.043036122148151446,0.037250716331677536,-0.07545776986105446,-0.07632932512190749,-0.03989474956165062,-0.03773031262089155,0.016070734715599277,0.021500290660041887,-0.024164763134881917,-0.05598625351278741,-0.00031316867638730983,,0.001411029543814335,0.15102858584238632,-0.029850338084552175,0.03395329788579371,0.13691314699311974,0.03701331967213095,0.03147687807596178,-0.03825826713715874,-0.10259999137598919,0.03834275678340249,-0.06236621310704171,0.05196924894672761,0.04356177858735011,0.008011396283024164,-0.03600819903314645,0.006905447380798346,-0.0006012342198939979,0.03291093360228481,0.015965521087407897,-0.013791497505390216,-0.026588999399314694,0.04193375714690872,,0.0018849636938125247,-0.026319720340402974,-0.0918370632479919,0.009158481816046393,0.05345855600018301,-0.0064111269100074475,0.010740090548138737,0.015831003064441518,0.020890330931918166,-0.06818539795148781,-0.07419821925776138,,0.01894856539710621,0.0008254151265993936,0.007548319885124943,-0.04338582331595331,-0.03895299858053125,-0.039487060545817965,-0.01928545361894718,-0.026921349326966104,0.032877012968874686,0.06614244018563209,0.04946467304046642,-0.05394634783499852,0.10025662262199053,0.017694730494382638,,0.036963768085660265,0.028679932303895095,0.04461583696876836,-0.028988103440356294,0.041449331339228124,-0.002424844804973958,0.05743634265075537,-0.008884250163245233,0.03700659554135943,0.009707395879056113,-0.046329865471750775,-0.01786370537922488,-0.037108420549813004,0.0028789708546754778
2017-09-30,-0.06024346260954305,0.1800795095801575,0.047507394813851134,0.032961378478166825,-0.038540930943459006,0.03552670474895492,0.03221328361311193,-0.014052228035554948,0.02042200813694639,0.15447697321027376,-0.019230769230769273,0.04882679017199254,-0.07225418973033648,-0.019630792069039837,0.07641218949900774,0.1791968846065124,0.04024185003700942,0.04813549562455455,,-0.033874011772344836,0.05063880988711511,0.06071113193024891,0.060695120241590184,0.01144426164883372,-0.013885898840769184,-0.010866826092799653,-0.011478859504393646,0.06701505997351864,0.05390189873279638,0.01415465489639467,0.011923181819636808,0.05880220994903529,0.019553936914290748,0.06923428834685108,0.06145198307211874,0.013058562336336399,-0.0695932742965848,-0.08812162985947469,0.026804407628744586,0.016890422130968252,-0.052450086785985284,0.08410881530088354,0.06343378199275196,0.1463580591875817,0.04816867316110707,-0.021677698881123697,,0.04408602225020175,0.08087627574003586,0.051461045838092634,0.09180424195686987,-0.02335909232600064,0.03870948019683107,0.08862276719020756,0.030428281243634503,0.029977783367772126,-0.025988162975451368,-0.038717032197748025,0.17120541898830943,0.06448913649398591,-0.02790874701920909,0.06436281353994988,0.138251465455401,-0.04720249095483997,0.07009487927867952,-0.00528112321096641,0.08522220200151676,-0.050067742469574905,0.054711624907416656,0.008221655323214616,0.042438021730237585,0.021008192068982856,-0.005230302990739122,,-0.026083319936987648,-0.028163508174366747,0.04033397746928391,0.11635156146669434,0.019345851450642604,0.060114363847062924,0.1866459170816408,0.09134568378730501,0.025095890526046993,,0.053372897957952636,0.014333047621943873,0.08582831677744451,0.004878408566515002,0.041018436371168976,0.08170502321161854,-0.017828816631515587,0.05083067200254421,-0.03962835944337606,0.1313907224112214,-0.03774415895181926,-0.007760094688903485,-0.003992666326773642,0.06872982802951211,0.052281799509958704,0.016044511631515324,0.08187826774412077,0.11779245640238134,0.10435917788355131,0.05926448633399373,-0.02056639379207592,0.028798771499819686,0.005451972314320042,-0.029616700869053658,0.10933151842460398,-0.006396313063531167,0.02730997721312467,0.010989856325374747,0.06920872414519152,0.009914187337357827,,0.07338630339670615,-0.000558345403762206,0.058681498352637584,-0.003745526799704302,0.2302160632619037,-0.026310554556893684,-0.01973107618515202,0.03800581145775994,-0.018178552910901535,0.05697791988377876,0.16670615399074462,0.01153281861679889,0.055063767637401506,-0.03934044952248161,0.08910091354202132,0.08598990101365067,-0.03715564750026623,0.052476536219242975,-0.013980534780927312,0.04173845491308148,0.08782424552383183,0.008373929478103115,,-0.041573425355739824,0.07463531923172395,0.04153583083996115,0.09306748407756826,0.038099859824904714,-0.00822668220856293,-0.10018113225233438,-0.030404453079610927,-0.020962598168959068,0.09624099478328918,0.10712608894902154,,0.01823436511512533,0.02652205560691967,0.012829583318055837,0.07216489600045262,0.007635363528452288,0.045648614340878746,0.018441980704814176,0.08215670228309113,0.019778408543286607,0.011800460589826756,-0.047133242605641446,0.01727926798110646,-0.041584754245049704,0.08234733510010561,,-0.011597451720046004,0.10132965146041872,0.050104717951590105,0.05148379236525358,0.016614968309355715,0.12966250300311621,-0.052946308430761646,0.03168681106781612,-0.01563742976425586,-0.04015294421212734,0.07989050402824227,0.000896949797611013,0.07402077777519778,0.01690589218127192
2017-10-31,0.09680713692923093,0.02272796791556786,0.021274787726275335,0.06418010195837165,0.17415211329840719,0.05953345801836618,0.0634834242030502,0.0307162488166679,0.052451486978302375,0.08331733044394496,-0.13803923363779136,-0.06023024753884765,0.05114113135977272,0.1497165176249049,0.05421654314754387,-0.09133543686637147,0.06086569626241323,0.027882825694256708,,0.08810955689948718,0.06001280143205556,0.014830217480769958,0.08089977825304162,0.027410289412386435,0.06491465593046919,-0.004662721888877508,0.044319028836974805,0.0530986423418518,-0.026769675320540864,-0.025124163002115396,0.01974686325854802,-0.035310273704201145,0.01077250461537238,0.010448341161399144,0.09542111678337384,0.05801527468917733,0.07101441563657152,-0.08048538583254528,0.05499072022005991,-0.02762672500850194,-0.059756737217323885,0.010981848434844066,0.08882627968258916,0.027444210335714647,-0.019538883845019783,0.0954825281716234,,0.024237054182707496,-0.07058613971147987,-0.15173456747544278,-0.013702331983650007,0.05472488903778183,0.04448962985287608,0.05804601369650664,0.07201137670449986,0.07565904469022278,-0.007710202246655529,0.05231182940787904,0.005175576158126249,-0.021320986772586425,0.101801557864579,0.025779967700916062,0.03415298167432379,0.038539012425507835,0.042062568470231154,0.06742778028085117,0.0377912821738029,-0.0042734220855417115,0.0010195421520591275,-0.0067458811751112124,0.003644431897067646,-0.00870607825665115,-0.1662531782533626,,-0.07479619761407919,0.01261686016910879,0.046456844696845856,0.0643881615018076,0.06092114647796265,0.02230284487180456,-0.07147504796858473,0.013573037012698297,0.017073536377181897,,0.07965954763045668,0.061896666610401496,0.1945904679594519,0.06538263309775161,0.07668189518315383,0.05785339116398602,0.0723021931886052,0.059554980990814466,-0.0028370794460199633,0.027264019211976853,-0.04393281665492399,-0.04919557446433942,0.02155073126096596,0.045656282149821426,-0.04208541794371923,-0.006864250301020114,0.005250909729764386,0.12716201564733143,0.04522994067420827,0.05524637371285901,0.06529217076258198,-0.10240188764179692,0.018937872059912264,0.03536067768790807,0.031376449065829926,0.053783652253689196,0.09666510001697981,0.012613982552551084,0.06526399305479558,-0.1396220419601043,,-0.03001778209217454,0.035224963060715986,0.04308746517120721,0.11666038188071437,0.12662074499887455,0.05813728307021737,-0.03599038534084498,0.08315408884111108,0.06055948159244373,0.02714435641941071,-0.043101325051956296,0.07521482217418907,0.15684938362987166,0.056892991870974186,0.005606309527236952,0.021512827945503465,-0.010768804525212006,-0.017927192938474446,-0.04388889446353228,0.004749910179191463,0.04336653359718601,0.017648914552939265,,-0.057382472678777274,0.02071207655966134,0.038938943371932266,-0.005785302806257109,0.13321894349257124,-0.01601086501600335,-0.0995259076573034,0.03170272304844213,0.02103897061674931,0.025148548559396078,-0.08256900258245936,,0.0622714253403982,-0.03527710248484539,0.0010233364051672744,0.11456170462139892,0.09048004966254908,-0.12658220238527895,0.04899861116057114,0.0005083456770738071,-0.05330254879479013,0.024471483153758244,-0.030651954027176798,0.08104804927265441,-0.028056310233193882,0.08555102140475968,,0.0733725302699888,-0.0015519093578580945,-0.021317169416587012,0.014741793180613527,0.045040093651343316,0.025477588227902803,-0.03821361362243392,-0.021130390151302803,0.033217663382866025,-0.04723948243655074,0.017950761200029364,0.11735319409993572,0.016711240012096118,0.0009412961861721136
2017-11-30,0.02027829258132119,0.07390585356737445,0.03946189287484603,0.03968813253443959,0.0360241917485109,-0.05186484940858638,-0.01548258455902296,0.05030174822124378,-0.07197007207237538,-0.06326603375529005,-0.009099129197273514,0.009364255509666908,0.0018098041097798223,0.06466237678888165,0.1662414119215807,0.01111901678079974,0.02264288520565083,0.041264143565378664,,0.05316187842913811,0.022927107885398756,0.07871933216839833,0.032860411420541746,0.018943202341351606,0.09364041024252767,0.03372267741169499,-0.09009096688376506,0.06448215963819681,0.024813527390253,0.06394543163260047,0.032470268461306295,-0.06609803636623912,-0.04716134998934496,0.031627527752975615,0.039396320778540384,0.008552728499151785,0.05528521255883723,-0.02382027606548731,0.07357283312092955,0.028388836489879,0.041909380176487154,0.09018007645146509,0.0025987758453918097,-0.005278235239320472,0.14835670460304184,0.01934742671847678,,0.09223995422062603,0.10975048119504671,0.11775818297183105,0.036361536716082554,0.04644243763796707,0.0005557658018451317,0.12778456599155774,-0.054729754403700315,0.02265076330452298,0.07166945192182617,0.019872339989549737,0.044173659612483096,-0.07890527315019136,0.12308220251130564,0.013836334670008332,0.024532325514432296,0.006293123063029427,-0.020784713969855817,0.04545132985079747,0.020374427933708583,-0.004291838341841769,0.025021271250280863,0.016925737081887604,0.015606925649150005,0.02059296825073398,-0.09275755485815418,,-0.0024011471505522852,0.08936823573872288,0.03957690861831176,0.0025595354364700285,0.00302990471744069,0.024489529517062625,-0.022461697443261097,0.09018592911524248,0.0873880328909149,,-0.004640481004875019,0.009405387206202764,-0.008447687760614664,0.041053483769406096,0.06505747747417057,0.08133110415493783,0.005546386622188315,0.038862606605024386,0.06065872523943816,-0.05560461447655307,0.06443892328806089,-0.04859185528384957,0.003594023090367937,0.05338061779730574,0.03947409739119512,0.042063331850621166,0.04277670519900756,-0.07786358860766907,0.01130074528852254,0.011426407287292939,0.03645820842505798,0.07397638422637365,0.03644693198771809,0.01999490478820798,0.009109045008712569,-0.015994829090047347,0.06158646069198648,0.0562130727391994,0.055088931691980036,0.0032675241399249266,,0.03706951513241985,0.2095285339686941,0.03219987202803232,0.016983340230734,-0.04333137190937797,0.025606364435483364,0.02295327358527577,-0.0450542302445508,0.09874523292516124,0.04016519705233623,-0.018718941650824772,-0.026667713140019922,-0.02882151591437676,-0.036149326824389316,0.09183858044230075,-0.009850471120305238,0.06439561846874642,0.04367754135030344,0.04227441199972626,0.09311429379706837,0.03040229963913821,0.025549776266125868,,-0.0180614981303987,0.027560405147452505,0.055924731743751455,0.0793079567658479,0.0436880043088792,0.31150055656996356,-0.10123693582936322,0.020185256569005494,0.059925425752522354,0.09006046257756894,-0.01796870763410663,,-0.008080832307423846,0.05347338516391198,0.06023174814536225,0.043007573555454925,0.007296712245399739,0.08112892436244046,0.010640167412784285,0.025088785337436192,0.087361275849972,-0.005520575049344334,0.021750063063993075,0.0235560710869529,-0.06841006150168272,0.006205283236668135,,0.08905126790066564,0.09864471312508982,0.04103026423031131,0.014159557430334369,0.025545527467301987,0.09455316266941449,-0.013266788607591562,0.06308784305100845,-0.11661254089345918,0.020494669334929494,0.012906381200739503,0.11361840124164413,0.008528523468844806,0.13445733695398787
2017-12-31,-0.015246006420141511,-0.002166645793174604,0.012417963873759374,0.03432163644505515,-0.03433071959900469,0.03391016941192615,0.029445990042174186,0.0015972005113087384,-0.0010121902494051316,-0.0312678378590302,-0.05601474665935935,-0.010019742041546209,-0.0038056978451807,-0.006186568401839954,0.010552534168639438,0.009323695663680187,0.012220124811079813,-0.02872994167847398,,-0.06957197643064339,0.016374858029259753,0.06542628900489467,0.04792326167916516,-0.01358175772893222,-0.05877981265674481,-0.011174243267438877,-0.00113245427645714,0.03011890968794706,-0.03022632635552791,-0.016075798765865845,0.026993455583372183,-0.05669709787623145,0.009457598403820544,-0.014437054455983311,0.11640117945187711,-0.03462376499240305,-0.008260269659050246,0.029888722771824305,-0.040806765614459395,0.041407607547337966,0.06686201855039053,0.004505382706865957,0.08239134789437474,0.07881276652372593,0.009163606643466382,-0.020034370571945348,,0.026809932359397992,-0.013273298360728103,-0.05352484865897966,0.052105061152305066,-0.036491201848541044,-0.010283296529889463,0.048341098878704525,0.03885458671162212,-0.014846273784070885,0.0339139034919802,-0.05685155416024412,0.07618106709137962,0.08854918753631136,-0.039453855160975104,0.07513083104357521,0.05463226594171022,-0.02426313892202403,0.015813818016406023,-0.055143162897828835,-0.0023961964660131896,0.36206896814033485,0.08037012220754214,0.0005335999688951265,-0.00243432539261057,-0.017908866848935223,-0.03933944685736124,,-0.03544047115809423,0.04826700457739963,-0.012349365331926543,-0.04008116310175336,0.016628371150155807,0.02875154206889219,0.17454416484969704,0.0539980116131733,-0.016671275653520112,,-0.014079112756307688,-0.0035717692327076334,0.029438330389608414,0.003561846393729917,-0.08714788762633008,-0.009557409209007273,0.002799254793544259,0.023153977947785176,-0.044365478125205415,0.027680136596230254,0.015579023599060049,0.04875222724742456,0.002403133099495358,0.010137239288600775,-0.0021268943545855734,0.006047804288836556,0.11478958293143693,-0.04029194228214128,0.06286657143662722,0.005915055708188843,0.0008718521422594883,0.05557032551545271,0.0018354138468650305,-0.011239730555036576,-0.05812215938083243,-0.00406346644918798,-0.03195693011215639,0.06226614220626603,0.05348886388606444,0.026752892832581088,,-0.03026381405535461,-0.036316210287519524,0.016663466273312943,0.0162768223167864,-0.02995958194532855,-0.011705852685605422,0.016455891222825647,0.023350023397000097,0.03869140260449577,0.0016645874638370195,0.07526534350077685,0.06008124839842788,-0.03592211594956707,-0.0362824581931217,0.05654360054805463,-0.0055574705378445,0.029179791217827544,-0.0011034827926901247,0.021002518502601264,0.05904457634788596,0.06448339050032836,-0.019424058063764238,,0.038501098863430894,0.026536745655757032,-0.007423936284892796,0.03679775204266744,-0.02786216422981047,-0.034971669284787454,0.03896539060141624,0.0503916201378074,-0.00674514244086466,0.05287958958336425,0.08059945153286785,,-0.06074237534786198,0.06176208898968416,0.023688354760836416,0.10119976113127627,-0.004429070371465893,0.06871918689213796,0.006070468084191649,0.08931568768291487,0.012045169813704737,-0.014167999223670624,0.0399539758956835,0.0059127633118334355,0.008094513338934739,0.07349194385120206,,-0.03379032588098718,0.06007893555061683,-0.018937946340594536,-0.023047634627815783,0.012700672945512137,0.07346445371440935,0.038602866334418895,0.04008610614229546,0.014763169063128245,-0.05469918063308221,0.07437585001388158,0.020985417327423095,0.004202299968042222,-0.0034581630536494323
2018-01-31,-0.010636450753646054,0.16870001724665418,0.09439757558147788,0.04970950455223799,0.13992232506879443,0.03201165080981205,0.05495331876614018,0.004784599345296847,0.07284303732161512,0.04910026141230883,0.336575887939925,0.06986811712731766,0.03525658573648971,0.24063897541810575,0.17081248484759737,0.06848674317849546,0.02614596722783169,0.056606042341567964,,-0.03452747884258278,0.0044377575754070975,0.20162091751949562,0.08401075272735725,0.11432596313854382,0.1349158862305475,0.09178513219110584,0.10030863746693441,0.09361318237599825,0.028243279035775837,0.05712014122890041,0.08152559561391826,0.127874064214325,0.1414742069781656,0.05469718976309568,0.0377936892896904,0.06856823238484666,0.015854315830460042,0.12290156445739409,0.025900148438545267,-0.010932011132097297,0.06612881830723483,0.05087326834682515,0.04398470546156452,0.0714154996077534,0.04701256302397838,0.11425202219114938,,0.09268494654610593,0.031994000051191795,0.09212527017983918,0.0012780034408057528,-0.05699469593726825,0.06121874842221331,0.06331898782131762,-0.11786398061862768,0.09114407793982227,0.01078964969726437,-0.066698238157189,-0.0007246376332835647,0.07525194110097733,0.10150677581968459,0.036447241301880595,0.06725257829057174,0.004346266954280642,0.06277671342276503,-0.02283647442927228,-0.10006781797041864,0.028481020788094114,0.0518552905270524,0.08789476528274376,0.07404858608642395,0.0979594655954541,-0.0733523999705572,,0.16973779865570515,-0.005386359972866184,-0.024069909038932802,0.03464282261158558,0.12228973388712028,0.05153850259298376,0.09883388875488008,0.05999077120387808,0.04114558748942776,,0.10994770636088336,0.06700488727346943,0.04289425367851596,0.06667309918950282,0.18285196273667692,0.04087488254037419,-0.010950498162372146,0.08726907973757303,0.008101884846675844,0.04501768112722315,-0.03033310157880198,0.0017114185580153762,0.03727117219022502,0.04402643043112264,-0.035638104853968566,0.10527945694405605,0.13118594821092677,0.04047365556172289,0.08629429720326431,0.11830112530279235,-0.00569329075433489,0.08291147124872267,0.037383600537685746,0.06365353834725229,-0.04924818586306756,0.05910653496961138,0.06428177525653433,-0.014984015058711053,0.049863491878352706,0.05295896276161183,,0.030733483356691238,0.086632170324203,0.08246933320008987,0.11070877635942411,0.06322941937943893,0.014277893347104387,0.07969076776268103,0.40810595383731263,0.09064729091576162,0.10954328240422373,0.018322769054492483,0.1417287053565357,0.27028390913796607,0.0954085555084212,0.017784150489778217,0.08920927361445274,0.0031686983054690643,0.022639474433782114,-0.05313252842664662,-0.03941732686546828,0.009219067501872846,0.0093010625705785,,0.014955138153878833,0.10059191919134158,0.033397174679006714,0.012357746510003764,0.15892407266487263,0.06607307816663233,-0.02476318159650115,0.08183723719200264,-0.01079584596758254,0.038349272460830086,0.09185340179528056,,-0.06196676880497731,-0.04873629368500798,0.06906714693823335,0.31931202869102226,0.06161259241014139,-0.019815658137250614,0.1100160784425892,0.15279697439316675,0.050483959940571754,0.18027145544960255,0.02503551540163107,0.10527850223616331,0.13797978418688173,0.05588754072398561,,0.0740270540607122,-0.00447441159710571,0.06856907877214291,0.06644291417975468,0.08954595622869399,0.04417354871282986,0.1135059017586908,0.033173430948391314,0.11882297596105618,-0.05958910491048741,0.08422576025382611,0.07949369833684417,0.04375864939616081,0.0668535413010507
2018-02-28,0.0681849509270207,0.03216907678657299,-0.02944018847861185,0.0019289332905116918,0.046906340777136624,-0.01882858502288698,-0.06721676014220856,0.013588599358818954,-0.10294124802699711,0.07579421067735015,-0.11863174247405839,-0.004788342511443777,-0.056669176883386685,0.04242906360200127,-0.02204342298742945,-0.23891237532111242,-0.045019866935453456,-0.014875358039947661,,-0.00632980405199679,-0.019014171720895034,0.027169160005964033,0.003125242772158865,-0.058864542148350796,-0.08611210744704023,-0.169115343828809,0.0638005572640652,-0.02201859711803955,0.05750832795231453,0.005820433960786575,-0.033491966466252965,-0.02503572526865916,-0.04584318537955345,-0.03419692234408023,-0.05006771180175573,-0.09112981919347807,-0.02403115295936198,-0.09362493657844617,-0.05980347893894644,-0.07098601399790194,-0.148601316422326,0.08261606151268297,-0.053880693353388076,-0.07154760009427041,-0.017751328661384513,0.02054259973191752,,0.07799689298365431,-0.04993354334903466,-0.1392806825745707,-0.09825185429208882,-0.031004645938152886,-0.06506278932760545,-0.033349707044223464,0.03612237664058249,-0.03455740050677136,-0.05070372302146886,-0.028803058219636357,-0.25864151057665086,0.05618510155366674,-0.05031269404018812,-0.009461182511962929,-0.1180870943373089,-0.13354129017561922,-0.03894251202194121,-0.029121260152678352,-0.03281679772220325,-0.04615382276218771,-0.06122365079714598,-0.0506058750823043,0.018105673942507616,-0.00013486302025245145,-0.12017501418123333,,-0.06050139606375304,-0.1357496645551225,-0.06289114162367448,-0.07215312312159461,-0.06623120496442503,-0.015759853632395182,-0.13556801087911674,-0.0927326655092573,-0.049011512523640666,,0.0030018358508725473,-0.038703007443227855,0.030835144008752646,-0.00619401775759032,-0.012092608941168592,-0.07042107141018594,-0.05411642296878916,-0.0014697364256662793,-0.14466136817594666,0.037843014811990816,-0.05196590500525855,-0.09899871201076571,-0.09182587562304856,-0.07269779006110699,-0.04735130315059877,-0.0012140777074780562,-0.14456215545825868,0.0017750724932261708,-0.09696264928338416,0.039999984843897884,-0.07246769096865013,-0.11439559885976114,-0.011261278194095614,-0.06985679349458573,-0.031100713581676986,-0.04585558678470991,-0.054296403664321535,-0.10506100369927296,-0.0689079047020471,-0.08489467196525669,,-0.005986731279614688,0.006858098732879903,-0.009372119367843545,-0.008415314489397252,0.11642267920211768,-0.03270729885763812,-0.05702278535034,0.07798741206385618,-0.017443390693479444,0.02792700699299111,-0.04334738894559753,0.08154764165958417,-0.01484773328270339,-0.01783287379924625,-0.1249832153752014,0.09818207334874907,-0.08786370570077562,-0.01062637876079442,-0.09057204540125896,0.0869274037062302,-0.1107389673432223,-0.06803872090923724,,-0.03431888926536841,-0.002278052696032651,-0.09778099977385113,-0.1107706328753858,-0.06926853341574646,-0.03944492413566647,-0.126033024000613,-0.018269860422931883,0.010556136652939196,-0.004085179999546162,-0.10161433900243988,,-0.03285586247722316,-0.048521466798757684,0.06190986757023231,-0.032608910994824214,-0.013505596189814173,-0.030707720300480967,-0.009144810937157355,0.01080430882729666,0.03366483937861742,-0.06929633400646829,-0.06897084923522412,-0.07283871522226038,-0.03175185593835672,-0.012036062229373479,,-0.04485200069162565,-0.019185634243818916,-0.1729917661720689,-0.04865246953311475,-0.008661056454673743,-0.04920840886479039,-0.005033836893808874,-0.11707015778830732,-0.021802751860339198,-0.1106156231532962,-0.10674404865938558,-0.15562856494854116,-0.12354518242158707,0.053824576443532335
2018-03-31,-0.05805084567756569,-0.1828545766587154,-0.006796173303378339,-0.04664293085307081,0.033232901955588146,0.016129893147689423,-0.010543508021640502,-0.01530148357939809,-0.04546389937337858,-0.034380856901178536,-0.1701073100201569,-0.07231856679362791,0.04313522758799149,-0.04304936888568922,-0.05353298622896263,0.12679334647737184,-0.004020275889842773,-0.055604166962786694,,-0.029850721319587104,-0.043380047737966,-0.09477920274539697,-0.06222662915110588,-0.03829680361186272,-0.02060880198391768,-0.05249310849089661,0.02278710573451681,-0.008797449293480586,-0.044561891257585806,-0.09644065685049796,-0.037258693698878353,0.002201007536265953,-0.060293940846010585,-0.10584180995194636,-0.046886161511668356,-0.03125712589864971,0.005329481295405669,-0.08981368149297553,-0.14350395333101607,0.03929241754334756,-0.05633781572716112,-0.02254175384228363,-0.021545921731763173,0.09169599340966106,-0.01293856591849063,0.00043005171990562197,,-0.04220613268878348,0.037044136355226964,-0.08150022360842113,0.0189421697264347,-0.07926569004424755,-0.09374102910834636,-0.030677327996650794,-0.014537537833309466,0.002979491980012794,-0.02636699524196695,0.028271992160180615,0.03841797963480298,-0.06112940856829685,-0.06358672814888344,-0.03884042028080459,0.037960981886739464,0.06641156369860135,-0.0016690325181174526,0.053185481297161497,0.04429756348277958,-0.055376315927302966,-0.02353693306354132,-0.005884250695847526,-0.005369999830800776,-0.006967838841107077,-0.04464929108314819,,-0.03564541326222137,-0.10860546421791539,-0.04126575000361088,-0.06709956205209577,-0.06049370002499144,-0.04210239713619701,0.01515192999556425,-0.016533352945777513,-0.04367676023444278,,-0.057348667620995664,-0.015401646457026574,0.05660372002596148,0.038895191104786786,-0.03193804770360309,-0.024720808428681962,-0.013319965785207,-0.047878797883298074,-0.062304264370783624,-0.037949168337946704,0.00184195286147526,-0.07036998022155483,0.013729448225662466,-0.031161259547328957,0.004543918234408917,-0.0411701311406264,-0.02053807313291811,0.06156840863530455,-0.014355390033294446,-0.0034137663315193523,-0.00862195363629259,-0.056020430068859595,-0.04429121166985195,0.009935175769022697,-0.006495155615673043,-0.10391443524667654,-0.06789540134741301,0.000583342661820252,0.1412738793760917,0.013396343666449706,,-0.0051793524588205075,-0.10348777970360057,-0.03677257324717598,-0.02666120951518569,0.06822358553519003,0.07347993460295621,0.026473785571294428,0.013624797600320093,-0.005803933710416209,0.0006135100092017343,0.0504212810412743,0.027575942411598886,-0.04301648971692962,-0.09709874857016021,0.0020799798483048804,0.04700922854399492,0.0020657121796938682,-0.022583489865297568,0.009679087765640082,0.05818002762899144,-0.04168784105281276,0.045991245576722406,,-0.029722958138015065,-0.04072046923130668,-0.026053403286230847,0.061413998515149615,-0.04457881010935394,-0.14753835084176392,0.07464725350862245,-0.06620198111401254,0.01383561640525155,-0.015088688599756983,-0.013101770722554362,,0.03715704677204612,0.0054719257322850545,-0.003858001555375523,0.10743123104123331,-0.004696576417473564,-0.017906374820420234,-0.04170776565461631,-0.07929957218802708,-0.013546205432964253,-0.009381316667558037,0.007094623375902831,0.00419889464826273,-0.2242464566214678,-0.04116281946265332,,-0.05063436050938408,0.03209237838018142,0.00239421867698697,-0.0653845599713262,-0.027005149600461853,0.02598964491962774,-0.018370192580752676,0.0016757043789035198,0.06586884923092562,0.036761885933808136,-0.10272211764804828,-0.005661177069062551,-0.014919411580131992,0.03277324358529299
2018-04-30,-0.015019391588310782,0.030640472869614577,-0.0252034133314476,-0.006291478812055051,0.0255461135953563,-0.04147948937046053,0.04053575194594239,0.04136240075319986,0.02903360947089073,-0.10681533683123334,0.08258705551779388,0.023463336945723334,-0.05684614460243287,0.08207479647163018,0.03623182385679713,0.07055654315592941,0.020499663400052937,-0.028096634192155023,,-0.026437630537852974,0.06261508358000811,0.01732333955749521,-0.0023339491006117985,0.0685736143023763,0.0700045285144053,-0.0008034519568275167,0.04691913280892912,-0.03732548911888689,-0.17054239676587457,0.06243953809714742,-0.028824945473999608,0.05124449612623905,-0.02041832615607564,0.011407447967576534,-0.015559702301229716,-0.008042470828045434,-0.07973671333860077,-0.12830149900123133,0.02432329736311467,-0.08464948040896914,-0.07612113449572766,-0.025102015857249138,-0.05426811054709946,0.10473934938877272,0.04633023207849929,0.040326658697751316,,0.040943119571228204,0.06605616855440055,0.13107530356746855,0.09707139424438616,-0.012902087782958316,-0.007377052430717179,-0.12870233113556628,-0.019669327368520895,0.024614483461712355,-0.0010951225157237454,0.03472303267373422,0.1428117720332278,-0.05864791557018678,0.07414667464114633,-0.02767215829109182,0.12443328510986817,0.006337663703573693,-0.06106858641177615,0.017175021143255975,0.028051243260072134,-0.1319058987115168,0.029528096123347947,-0.013810935714572814,-0.006310432809543132,-0.0847477517809726,0.04376846192217054,,-0.04191540101450253,-0.018719618302812324,-0.030846223057634292,0.011007302571671929,-0.017895251125011336,-0.05372040677367074,0.1288881649518221,0.03680447245077878,0.0011763543230154383,,-0.01961743763911139,-0.0552041093718143,-0.008832352986292036,0.06847887564669497,0.06770340533457686,-0.09345078140122076,-0.012953703543650441,-0.005804940276086912,-0.09487852989411816,-0.06669099362627073,-0.05983801438991232,0.06357865613756886,-0.005065774091894348,0.05696513236481837,0.047822477007486874,-0.05057261424692017,-0.05603891200046973,-0.0890923324535835,0.00047331716506548993,0.01920496790413373,0.07072540482323064,0.10889423473744375,-0.05343841041020114,-0.0011222103274008965,0.03878850977195247,0.07641286687463,-0.11447709333520573,-0.09964717974810366,0.02462061107089819,0.08077821365327886,,-0.008591992080572597,-0.04476204371576442,-0.038761829964943484,0.024652304514715784,-0.1181434529509866,0.0035511576359892327,0.005630899876283069,0.05793128326881636,0.029349738942299197,-0.07756625452791621,0.05052954571981516,0.0041704589798998715,-0.02888726451950696,0.0023841067616940936,0.18934743323605363,0.060544304278692396,-0.0752174454284652,0.031558055837266785,-0.0790939982187725,-0.010503790919193179,-0.03747871508936318,0.0304814643168565,,-0.17505046755185005,-0.03246691494424492,0.02675034070054627,0.16044630249604364,-0.01660742609095478,-0.0794081099558499,-0.11813204975014979,-0.045064085099104534,-0.005527720960455174,0.06625814074998848,0.05835121103282104,,0.03269160592810172,0.012892905646640473,-0.012875406514008647,-0.010765297662680973,0.0528213807846758,-0.06538378796395028,0.014604040922611805,0.045657794868403156,0.04033848962117714,0.018841615030149583,-0.00868292600205145,-0.052282795889945444,0.10434740448152735,-0.02367882275233202,,0.10467271721939819,-0.005951097125895699,0.08446404868444901,-0.0009902548561342428,0.06069211693724785,0.19575251286437,-0.06025274464877395,0.04498001027126097,-0.14609300878669262,-0.01818843639165435,-0.008586035642592638,-0.0057323122502837,0.04208572858878923,0.0011079222856149595
2018-05-31,0.13512397247383467,0.024754030317283293,0.05848966617185636,0.030026598473347876,0.12490971080050972,0.11253605021602175,0.10111811682573313,-0.005540120741542531,-0.057321447337914666,0.02643278584441533,0.2619484740641347,0.03740474388289394,0.014740271659644755,0.04053941088038626,-0.049102214453854875,-0.023198927062813568,-0.005422349880186195,0.03846563561375804,,0.09872712090212032,-0.004557118118353909,0.061028768540691614,-0.025446000001245972,0.02198187176988342,-0.044335497306685845,0.074415149478686,-0.031717141797740434,0.024410231815172212,0.00939972063395711,0.004402828416749438,-0.011355995440872513,0.058147636358661714,0.03166409719073093,-0.018520586570425435,0.05229963954144301,-0.0367068706856688,0.032516362889116746,-0.03778244563806976,-0.014258771810269799,-0.032807067612886764,-0.006690278486177537,0.033104892051674106,0.0417950904778559,0.033101200227828365,0.008409838657188251,0.06893137868476629,,-0.035673896365333246,0.09230889662325259,-0.09222419324433062,0.0021893151881000605,-0.022962559800243754,0.019817728195705042,0.10478139905571293,0.12386796673712097,-0.010366802522097651,-0.008571708072878659,-0.026023923510952063,0.14423382873183033,-0.004223743405789349,-0.061740079844208595,0.07394818853877516,-0.0030463185639768575,-0.05132928084342525,0.02999358495219373,0.05202557579595202,0.027580001569889934,0.11111124224615776,0.007766871768720041,0.07633990202664687,0.024555431114621662,0.0019867950051308814,0.000710765162796001,,-0.0668696312447179,-0.033150393075470186,0.012365868751395448,0.16222097893667042,0.07993481683928061,-0.04888692554923235,-0.06133218175396904,0.015121298018383689,0.027513135957976553,,0.02512848030738679,-0.014358297429176714,0.07552427313921206,0.0909678725774159,0.042855810570293196,0.011829194437164459,-0.047298908105441906,-0.016271514867693626,0.030371660253434296,0.12050084274796036,-0.025980635686964737,0.054361782899530864,-0.004860121557981434,0.024520670963225077,0.056203286087244564,-0.013490225479550921,0.15261498015001984,0.07089611950956165,0.060436941573404734,0.06647220354798788,-0.04437423194246082,-0.08920699216470684,-0.005823261199114249,0.07724938354761379,-0.026082992367676305,0.11499988132828132,0.021549206523359343,-0.006593639892052527,0.06123045522843462,0.01121126311066134,,-0.013864718622724204,0.07377895046845073,-0.028671439674463617,0.06146707431663079,0.2525013829690026,0.011591687467280787,-0.009162511233967718,0.125264018472091,0.0498611834953655,0.016177971741135444,0.07111461890163717,0.0690381206818742,0.12203625824978537,0.02299133097360384,0.08982653745835756,0.08093091218646276,0.0022985513418189996,-0.00899369706426345,0.011473451395270562,0.029855523028476272,0.042779745830666016,-0.008627707509127225,,-0.029999953804895285,-0.015109159420861662,-0.0810909613730878,0.053451804196542385,0.09998669276002392,0.1512891578330502,-0.011064256702198016,0.0447288408269646,-0.010485625419510147,0.0006261751848219976,0.0016046367948803208,,-0.012874884162762057,0.03790485761171558,0.04981703757387956,-0.026602394435691457,0.027151531419854935,-0.01162088436211961,0.001154258277439979,0.012605985790163698,0.06933894874890201,-0.00988832071889012,-0.07949087415946232,-0.02340431893703787,-0.031201019338043423,0.10996516598868555,,0.02161620876396464,0.07376424459606623,0.03113183913017381,-0.009117947583190733,0.031920477960480254,0.10017525243699121,0.005484436653212299,-0.03404280371272095,0.05990609897441401,0.09574870502790156,0.04689153629190357,-0.06104451532772748,0.05547808596317427,0.002635080001418988
2018-06-30,-0.009418212984875773,-0.06357385914410141,-0.008776024950002292,0.05040394385822289,-0.02194320141001782,-0.008303355265057766,0.03694425811850954,-0.045273027657493525,0.01028218093267852,-0.09039007545386035,0.09176986678009769,0.02766917856731288,0.047739387381885434,0.043065192317739864,0.023572876185928848,0.16874996512831975,-0.028339919684354453,0.005065654618533921,,-0.024501900960547496,-0.003051756132061878,-0.047279574009969294,-0.029270070461418052,0.042349490983127014,0.08460810903148142,-0.012654787484138286,-0.038801764248506565,-0.06080853745064696,0.05169135193993002,-0.014976859254347108,-0.02547906288265478,0.0760118927175053,0.007516336488730069,0.003448907465942952,-0.106905161144348,-0.022449691126966376,0.04610564851547516,0.12323774845655566,0.00342423961281213,0.027262521621386426,0.05227719980555001,0.01033717353684116,-0.022340578389838606,0.03309112207631548,0.05417696497995661,0.05466618211680396,,0.007492353631022297,-0.013456963333192684,0.01514447746680525,0.01713555595715044,0.06215930995075891,0.028232862986705465,-0.06029359331014328,0.048598987994903364,-0.004420630970269235,0.05368442090975578,0.024883402220228668,0.0594833590625945,-0.03870612826675268,0.07856577086542682,-0.023997737126981722,0.05619203525297811,0.08325586046368882,-0.024027119055601065,0.02923402912713402,-0.0415584533451554,0.02130142103404853,-0.08614380518858811,0.040381067397776915,0.020523386984651948,-0.07585153639626674,-0.024801102040436285,,0.059509719833059416,0.04658286741510698,0.012514026576214032,-0.06923215473119093,0.026536307861837694,-0.02350828542271266,-0.09067618987796422,0.04583214073670505,-0.026097069966909192,,0.03595664662870246,-0.01139324255570584,-0.09945663687835526,0.01344240590962964,0.040920689879067274,-0.03054527427233633,0.014379148695894406,-0.026259271938528728,0.09290211328416076,-0.0944977260365043,0.054993061363518114,0.05935263762413645,0.029084143255071693,0.017357258901100403,0.003409975758760453,-0.060755442495778134,0.005894099594701663,-0.12309859747591012,-0.011910733161460296,0.03366271731569337,-0.01452831130004073,-0.06016631420661256,0.049687679957931774,-0.008225060044652288,-0.05196782735835992,0.01324456445516664,-0.002585910109417777,0.031408610539709114,-0.11223581749238809,0.027533902280148626,,0.0199078293721473,-0.004642667873741679,-0.0546465468571703,-0.002326728881846818,-0.08942546229761694,0.01426146381516391,-0.027807805929191076,0.11328218789163413,0.11284910170666462,-0.0562796637822397,0.049043209410524646,-0.028939809033171504,-0.06062881598311698,-0.05693490364191567,0.0027526597956433196,-0.012590755567424727,0.08598460386674978,0.009741384750467263,0.06683092607665886,-0.047350476181268975,-0.08806293445766433,0.02835881379225924,,0.029442215934738503,-0.05794570711300884,-0.03438649012512729,-0.03588270377214098,0.014621597281030185,-0.034411561010029734,0.14874115399200893,0.0016827256947493652,-0.13799192367964486,-0.08126591907504688,-0.016764806996640735,,0.031403553090949776,0.062226989099763985,0.03235406827631726,0.012949471568379778,-0.026948430125338763,-0.006497413579401035,-0.03923799714735943,0.044313592803562285,0.05380863718781659,-0.004643655626306975,0.07271085777079334,-0.04235947641984794,0.2044743612738502,-0.014833351529222272,,0.019451931099675912,-0.007564832757145146,-0.08517080297848645,0.006660752589298324,0.013234306903131099,-0.08556102957945488,0.1036364072329039,0.05538103833390018,-0.06701038496778944,0.08742389952186391,0.026856733865312954,0.03767862627403895,0.018341151247106557,0.017801941191809556
2018-07-31,0.027983425762584835,0.005633350141877491,0.07943275267640204,-0.026040143508934688,0.0035683324141713157,0.0022936741499053337,0.006337031371634438,0.08182258588197677,0.041305229221983764,0.052825193652461966,0.22281522372156437,0.06479240384658214,0.028230260348216296,0.04567600755093726,-0.006835195827356366,-0.01048963017382909,0.05419651786080415,0.07297759544178484,,-0.08601218907490193,0.019156004395378012,0.0619653018805193,0.09542399915183752,-0.01882459289303584,0.045124412388764634,0.15204660407815118,0.0008042068039613159,0.007454336610690504,0.06930505541763643,-0.003304641290077348,0.060112518551303395,0.027828740861787882,0.10325788378932965,0.07426768099650927,0.06642368941447185,0.09998442067909896,0.02791689531618191,0.03877765236021791,0.05572227637944782,0.04060594935746775,0.0968731835189911,-0.029283156098970253,0.02633322776748903,0.04088423322031498,0.04655936469584088,0.00549861964491094,,-0.009537220130649282,0.10818453414298279,0.015579821001876049,-0.0012652979753942084,0.051774602102215406,0.04323391984995051,0.035693808314467335,0.09387565374111295,0.03952154609142178,0.09219377542594498,0.03211933050769411,0.023885444291121605,-0.07749615803165244,0.06289128813658085,0.0454150617279836,0.037769534473491184,0.021842669697296202,0.11279102380629369,-0.002347206285125747,-0.08029426372879045,-0.04127885941199616,0.08284130491619979,-0.027350890921675752,0.018761062056256383,0.07689611416598785,0.001469498811677683,,0.09867313413750733,0.0521154489719704,0.20610690489301398,-0.037817185266288966,0.08681448868901165,0.07643843690537344,-0.05858818267599286,0.012404069308560306,0.10829584168218886,,0.017188105143222554,0.037437265470213754,-0.03238764829515095,0.0015339575398587435,0.06209247404103624,0.03457490742443814,0.09213780508078617,0.10916215003437513,-0.04091062113921862,0.1452260469078277,0.08088119503252478,0.017595144850090394,0.063155408697386,0.05912107112289333,0.1579747635334965,0.10381480563801615,0.044403091567416064,0.10292183461661963,0.008557353176484428,0.008799140348936252,0.005424995860045856,-0.05847082451413155,0.05804915971672586,0.06013054761724668,0.04908250789074309,-0.11187743788856652,0.07930063884530836,0.033280552161498944,0.15208103697516107,0.08517322142363981,,0.02189450202926624,-0.003261105559308808,0.0729720299279557,0.07575267543871789,0.006674427924294735,0.00305340922287467,-0.027314022478355793,-0.13790466775355403,-0.034763799167368936,-0.023432082355382855,0.1202761743254801,0.020235457530886514,0.03360053688483222,0.08640521503269682,0.002987380264558359,-0.03509031458972245,0.05630580666503904,0.10060633958851617,0.04552939812130341,0.014539145783549534,0.08469700496007948,-0.0010656802283899314,,0.06886306153690569,0.07943459843099654,0.07913563225812603,0.09821030199272984,-0.01357023425624182,0.1420171745703187,0.06672670205688913,0.08565906014281177,0.07246681033687397,-0.0007824363221907715,0.007310304614797092,,0.04944874340888883,0.03537223590629268,-0.01692110474455155,-0.06817790286035219,-0.0332222924165424,0.01622563951221001,0.007335219929466286,0.05990527032325632,0.0218536947347987,0.13222935680370695,0.004184029899453323,0.06375641131393928,-0.13066044791465692,0.015295480598203959,,0.03211856298013993,0.05794699252350122,0.12858896723918112,0.05977606522242196,0.03238980679760073,0.0678516070378885,0.029948200381397783,0.03833637632040521,-0.09378624504540778,-0.0014354604292434736,0.03336925903667942,0.04179813577130442,-0.014746837243342137,0.016632936356375083
2018-08-31,0.200421929969401,0.04065898129604517,0.01983501267580623,0.06113079625564666,0.07695773113249582,0.033138677742559075,0.08711684897886696,-0.0008932307401585682,-0.03694974803426998,-0.11129883307922028,0.3731587660151474,0.023505339615811582,0.005936359579533201,0.13236448128539746,0.16912374762978044,-0.047173909517721824,0.012913411568421518,0.011442752066424422,,-0.012355143831965676,0.06491171456348188,-0.033163568601207394,0.0016192648406874177,0.029144865126902175,0.045932012742229134,0.05718214970361335,-0.03803905040679956,-0.04714004452154252,0.030638248864864437,-0.024686916245621915,0.054834014106533546,0.05801846853697712,0.056987930539111664,-0.002794962352093644,-0.0344225992960443,-0.03206430301883034,0.028872933420791336,0.019108305144132975,0.04971587442975789,-0.008954166031015731,0.03381761077111434,0.09810239127681308,0.05497861379131663,0.017458287701585418,0.06857829866105836,0.11323386419419412,,0.12958116877880843,0.05233001246825464,0.16003702247110696,-0.05285714457929469,-0.01310821751084601,0.025229592991917515,-0.006837343477526292,0.03945092836630515,0.009358620746759971,-0.013561177303325844,0.006757594342932549,-0.04621190155579913,0.03467902025090086,0.04636374049745884,0.06861204652820319,-0.08306161384402166,-0.0019793911739789394,-0.0003605214120919742,0.03672881058251054,-0.055776772788733386,-0.14848486762872282,-0.007808952538478908,0.04887037406790684,0.06081075958867177,-0.031838211091876456,-0.05062356253197131,,-0.026981689959902355,-0.001085780969071637,0.015351228798024419,-0.049063980990385336,0.0037321298871826336,0.004917325151399199,-0.05964188892865052,0.02166405044379749,0.001173571015860464,,0.06802379974789963,0.02161413774942944,0.01298374764463861,0.0745691753233928,0.10195008278100914,-0.031047077383815624,0.023148196576791014,-0.003218868810022313,-0.02252428637153403,-0.003872947647363345,0.014754643453099181,-0.004499523624852508,-0.044177457951887544,-0.050804828869998486,0.07513292336957189,-0.011304882562609642,0.09472520188653966,-0.09205837752281099,0.01796149179899853,0.0886867919775387,0.03619866862178922,0.02816461506755541,-0.01521427032080791,0.06849152516178303,0.012485650387246805,0.018252408638652184,6.49176633329418e-05,-0.0027267864310012158,0.023942338497110693,0.04129337867491123,,0.015235434526558844,-0.029563410883435615,-0.03421667317635568,0.06299315641709802,-0.005114448351793199,0.021930678574247908,-0.1540345497982163,0.08958372263142511,0.07141393498931081,-0.002633467521032329,-0.03187977459628777,0.11593537908281637,0.14691465627277678,0.01887578249389632,-0.04837365886432021,0.16589339480872556,-0.026000105995615308,0.048673508744891736,0.025593218409788454,0.12531242094693318,0.043368203399404726,0.02377328654529154,,-0.09745067897684079,-0.008907274030130807,-0.017408700928105203,-0.03245521259126327,0.1240564582440129,0.07208624669466834,0.10526878839237752,-0.024580088141780698,0.02733573210248874,-0.002720563272471277,-0.06457332567700369,,-0.08765239161027771,0.05056532629509958,0.03553025700726509,0.017484055915955032,0.03785556932894818,-0.0009382217389477532,0.02470841089172171,0.09305632687574117,0.1350632000371692,0.01948605400337633,0.10066666483894804,0.011219114851265699,0.01180654210235188,0.00970180108079588,,0.06018486373140908,0.010229106320700732,0.032699196400581165,0.02075086284016492,0.07584304012197096,0.002983086275597069,0.053413257250626955,0.052865694970626986,-0.09850311955230984,0.08026685417139356,0.028241655191932447,0.0805419065082078,-0.00629539987506067,0.04764123458999525
2018-09-30,-0.00830303561694834,-0.014586371069515325,0.09754622828019466,0.006683739227928864,0.024439308575541885,-0.06464367819365235,0.031481830173193615,0.017949923232682963,0.00743721968766109,-0.10158091460464891,0.22725464028670395,0.03743523505044588,-0.020239755075822985,-0.004824306834253944,-0.11077672224809754,0.08761089661334598,0.011170528235660893,-0.003557958702286701,,0.13492443002673027,0.004811970970058255,0.08492076502304724,-0.0429225083724446,0.036573604129314985,-0.0004118314888158503,-0.0005091874756110171,0.0166277780373576,-0.009653918335065681,0.02526839346702192,-0.022243317909998783,0.025824067449813137,0.08267712354244172,0.031698386179233484,0.007018085969680454,0.09823530681353687,-0.006655672548666058,-0.014456550229086651,0.04987117039535316,0.10571300758325552,0.00813148429259325,-0.04271425947188423,-0.021922439064813726,-0.041981920306423226,0.05406486964317203,0.0075062254674220785,0.04159015370626218,,0.018421894008706863,-0.0014830673350321177,0.046252292933308015,0.0322469291409595,0.004655084150938071,-0.08298870973923689,0.050167153948315724,0.009878198422360374,0.05099365849842208,0.04392088629839841,-0.01501781361589205,-0.06787056702180738,-0.04594066754047588,0.03807995561784261,-0.0019548425171922457,0.0789982762167245,-0.007429270753191997,0.04318032678434425,-0.0011437582857491968,-0.02426171863848503,-0.00925252086510353,-0.010340317140598465,0.011275838670428362,0.02884972608215297,0.05853154783256209,-0.11919546901140132,,0.02746036691335818,-0.06715921904479327,0.053416780305025835,-0.0558528338582045,-0.020068323764304785,-0.05706222161389829,0.020649580471233442,0.03177769013625609,0.046146086316106505,,0.05136506809041985,0.03229099817142034,-0.02353902480604031,0.03613247875374004,0.024999944823130393,0.02328866920831496,0.025837330357819432,-0.015185796007301189,-0.054230234914850906,-0.12477426621091814,-0.007942765843158783,0.0016946311346135445,0.04516262370027446,0.01605673343623648,0.015712108576033,0.07974175692919316,0.05581611639850159,-0.11748951378681705,-0.08293061231593346,0.032705686521151245,0.031190127336648388,0.030291205809555688,0.011701199908110249,0.02032992273878409,0.018086596517541187,-0.06413231428587729,-0.0009960228554558581,0.04375229795300317,-0.0281929974756725,0.04131821812117242,,-0.022568967125673467,-0.06673113559956978,-0.04628313580781285,0.018160836542713055,-0.13880438550584873,-0.014697484394427751,-0.022127954186447196,0.017542336155449867,0.030656966092899918,0.06325103335145243,-0.08374366325795368,-0.0037176591675953663,0.00121130375074463,0.06134245622427281,0.039247311890243664,-0.02548138457513771,0.0063812592278640334,0.061416244679283194,0.0033760074598088163,0.05197681381078323,0.04743782597660218,0.01629738982163098,,0.06169145052720415,-0.051205183439581914,0.031246486011572427,-0.048856675305462005,-0.04862994309685964,0.05786434650004102,-0.006662484531895108,0.06157914841376377,0.06342379142871701,-0.03228996234118919,-0.027769216994933954,,-0.004111530081149395,-0.03431157208690905,-0.05631509432733406,-0.10383764040558152,0.05150432136407623,0.05134620310463833,-0.06039466553741346,0.008114280856780898,0.01864173070539632,0.02153971771293728,0.06268931098062924,-0.008603544264132457,-0.12229000204006502,-0.04546257794536479,,-0.005670618279344675,0.08106521684278123,-0.04988621721713049,-0.017242484624484855,0.02178501951780798,-0.03503563774181995,0.04522783011241027,-0.01802447856457745,-0.06640001713965693,-0.03582680203221078,-0.10123111089183723,-0.020342064261355763,0.06049676661486125,0.010595747393247645
2018-10-31,-0.03047720677787258,-0.16808196242282625,-0.05638682763947622,-0.0654492220870646,-0.08960924840278717,-0.09463563716020684,-0.04367453609879102,-0.08497990042822245,-0.22445526426301166,-0.14928831248017416,-0.41048884932723506,-0.06995014295964175,0.07233294861192219,-0.20219175018307878,-0.13356646808315253,-0.2017044078502347,-0.07602496296070482,-0.0480749189917693,,-0.09419178724820776,-0.0318265022215759,-0.04581883121978947,-0.06653081249828041,-0.18912957739887526,-0.11685833853247829,-0.13880164411930918,-0.05515112136909739,-0.12710849337664487,-0.18065826273695573,-0.06602749260353924,-0.04124049229780713,-0.061298717151988646,-0.13326726867191951,-0.08753816063563824,-0.1993362548005384,-0.06532474370078545,-0.0232640560365861,-0.016908094031747756,0.026698729685802558,-0.10461265033942113,0.08288960383004285,0.0765524670430604,-0.059306641760177414,-0.0930988011013808,-0.026609170266874038,-0.1370181055847024,,-0.053251815569959726,-0.07008807819197305,-0.0740555221098097,-0.08693157412978014,0.016220460804097447,-0.1615608969979111,-0.09904884401595515,-0.06929551589970873,-0.08521993789865012,-0.018043455907860828,0.03261740026661819,-0.188783311779804,-0.12083599569655112,0.005546410241591637,-0.11360676878953135,-0.172772524244038,-0.12508954298050756,-0.17364249766253403,0.0034355281901643497,0.050979204624357566,-0.15989980988567254,-0.08492875181633552,-0.04556743535694319,-0.03738764632615188,-0.15316651675784054,-0.10540296717603082,,-0.11695373988785362,0.03189370554611881,-0.09490050338578115,0.08672441944847598,-0.09651393993966173,0.005039084769436153,-0.14433736789965124,-0.15095311412417323,-0.09195756022508117,,-0.06325178971832135,-0.23662428317687323,-0.008670073438413861,-0.07010888291444706,-0.09202086796301001,-0.09601780383250635,0.013171958959536711,-0.0270879001262605,-0.0025403721829451165,-0.09998983694511732,-0.08218936049145475,-0.028237380140355595,0.03658781328813698,0.029490571859648984,0.010530181194974286,-0.1506243330451842,-0.16663658626338196,-0.06572188757186781,-0.12915816859839002,-0.11100631107250947,0.05744527645012831,-0.05947995144473883,-0.022811790006913246,-0.08691660708244997,-0.11836437768978847,-0.07704010649128701,-0.09705270424890022,0.07842822355609269,-0.1190448145546179,0.03763757087420494,,0.029671667269317803,-0.14708934501279824,-0.012802042422675242,-0.06610147422114399,-0.1660402457018607,0.029236518492835595,0.023841125042033395,-0.1933819541655124,-0.11425853200047376,-0.17462223866013982,-0.14577519546723527,-0.07457954578913983,-0.2497686316501191,-0.048940513470037694,-0.18376567977917568,-0.18742782667204094,0.005187765457724591,-0.02291822051177428,0.07489573438747166,-0.018862389617157915,-0.17561011983862673,-0.04897473278475839,,0.08008349548646576,-0.04934796577491629,-0.07441784676443852,-0.08782821861454504,-0.041552784312141156,-0.1268914486341859,-0.16038022195040447,-0.11157992778268122,0.025158206634649405,-0.05920669040801907,-0.1577477774624575,,0.032798222871019966,0.03830287342007521,-0.06689173938129822,-0.15036980362426133,-0.08701033440527117,-0.06827826565736228,0.012772573471525606,-0.05192172609335066,-0.019103864959555183,-0.04273222535671939,-0.023225958851005757,-0.035309499807010924,0.2740114899082404,-0.1273235718731307,,-0.01762902225114804,-0.10200836576175298,-0.08745160718939493,-0.010225148875265488,-0.08155094582107902,-0.19920891186200118,-0.12078446672101284,0.08115025076561722,-0.2642639444257786,0.027207885422771083,0.012747131586165583,0.06783071651423,-0.06280859399778682,-0.015399684168395766
2018-11-30,-0.1811978060838607,0.21091833001446503,0.07412296596333912,0.04377669382186977,0.020874043772286077,0.10399225796390299,0.023181562851710025,0.06811333085625848,0.0474692663324181,0.14019504129707738,0.16968700208352439,0.08773351875992641,0.05570893055726045,0.05767175245241973,0.035294071667486104,-0.07137173831433852,0.04224178359994646,-0.017430236137400912,,0.062284212198813194,0.09286468014740001,-0.018313497682271862,0.03272698202711921,0.09969629066430463,0.09652909697617629,0.09678907966736072,0.009228918702124611,0.04032388224192052,0.057776542355063576,0.08409054104217195,0.06313331445310899,0.042335329417164,0.04233607637956038,-0.0034229068103563964,0.11828219013902364,0.07069090757212093,0.05664884251336999,0.027561935338588084,0.04475920954185453,0.06666669747656906,0.02281068699927391,0.03732797135501631,0.008711393456454664,-0.05321863615208089,0.013995400153199444,0.040221390381723454,,0.04633885930864268,0.05794830435459164,0.10788752540739766,0.07570490667286056,0.04312569913795783,0.0800579809892108,0.14353219516964888,0.1669431177825771,0.1020122052974648,0.00574762378564464,0.08352190702296114,-0.1657407536437837,0.028246668558579158,0.05261826271748671,0.001980683729513766,-0.019270754459786432,0.023258877268097278,0.07353127298596873,0.0669079741763261,-0.014659733184703816,0.024892864693121908,0.03930297852058051,0.036983707182794534,-0.002143830917999856,0.07132905122854916,-0.25742577735227457,,0.05514843104584788,-0.03401824051962232,0.014229778041292107,0.03716873747048921,0.01748623382823511,-0.1504537223499306,-0.09371382768868575,0.0313767905898541,0.01899070550274984,,-0.0472247594384535,0.09029473266350285,0.05845421084755498,0.016730023480076905,0.018592400005937648,0.08999000299549254,0.05604301835663805,0.019904746425443376,-0.0588641320739115,0.08550610617806265,0.10613589637695342,0.0029376291898366436,0.0609555365074228,-0.03879861522627326,0.09956967576555553,0.029884169169351216,-0.008926450922112306,0.10745780753651424,0.04525602853543553,0.01720053062480087,0.07220215290890564,0.0009896058327238944,0.07146240422608385,0.08583832740623354,0.09405398642898954,-0.0736543291217655,0.10028370192026426,-0.1569805673938941,-0.06832988692853237,0.0778422478099221,,0.04660802658118235,-0.01828167328264707,-0.027814268287235988,0.04268388519680233,0.022269442761453595,0.05999940360701039,0.04592494900033395,-0.05185892546961446,0.00403727067751003,-0.003314052027102332,-0.1274458056093063,0.023365020633795197,-0.22404967946679,-0.0016380004914001711,0.047711255799520735,-0.055124522962241795,0.08506861474529637,0.08190313576737829,0.06574216069582595,-0.048923993836292534,0.1396679170967139,0.044516735909696736,,-0.017486129122765592,0.056735485348117676,0.009769139636899293,-0.08282432087882896,0.01924202407550668,-0.07362060073630128,0.0778504319171951,-0.013454870662711671,0.1511624189143812,-0.02854197020966809,-0.12102920934003414,,0.06461627966944872,0.02273920262290363,0.0057966987899482625,0.07109135970572322,0.08161740574990795,0.018252822322418316,0.04792596170421559,-0.14446172182892736,-0.10761079427734388,0.06805084338571521,-0.0014588582768874092,0.041876234106012156,0.03901336950578149,0.07562205730668725,,0.08000430017210758,0.05726823543471804,0.09111842644977197,0.04189769087800421,0.029847303923291824,-0.11440617029235012,0.06685935396778464,0.05622701285328113,0.05386584751727197,0.10870698729206962,0.02797577534937723,-0.02622654356306675,0.00785524203812571,0.042688326981600744
2018-12-31,-0.11669832017588422,-0.02206428768034241,-0.023227774930461353,-0.14290088692155611,-0.0982502050956654,-0.06625305782721425,-0.10550567081502005,-0.003935468108030804,-0.08094568183648676,-0.12178103305530408,-0.1333333452729183,-0.06521001163891937,-0.03301102842489423,-0.11134970006404432,-0.11648775275488998,-0.2527756998550327,0.0017596430059672041,-0.07618367880072396,,0.0823450099448162,-0.15097538034945257,-0.06996202257524275,-0.12754568035670644,-0.03982508368555682,-0.10567135144465656,-0.09828595131544637,-0.08957264315082814,-0.07513557311028596,-0.02768439011683199,-0.08263504476887229,-0.06442454391261132,-0.061852883716841944,-0.11621702164826053,-0.19648081556129993,-0.06338909174702445,-0.028496323102272347,-0.04526803460047646,-0.13435604297156645,-0.1497893636926133,-0.06297250172980773,-0.12229208690621518,0.0029942940594265277,-0.1571142554013526,-0.05787277296586413,-0.11920629460201282,-0.04055744152543317,,-0.09483983298497867,-0.14456877283482417,-0.18304236069093216,-0.08533742944673328,-0.03005241787849966,-0.07553998278561314,-0.0318521123061456,-0.16326120094116736,-0.05709946084005868,-0.04320271349062532,-0.02562967449767628,-0.1636589457618074,-0.059631389249506395,-0.09230002922611169,-0.11507685637206677,-0.15584165860109778,-0.08492529348986122,-0.10761601907521412,-0.027807513682554852,-0.18703518933107433,-0.13651607675277533,-0.2933666161597156,-0.04716652599688598,-0.07127511165691114,-0.14971048377341978,0.01072122161642941,,-0.12319094947840814,-0.07965009157944802,-0.06238373338118108,-0.10930944173194557,-0.058297697488288946,-0.12397082546971694,-0.14944149710435117,-0.047138220004099396,-0.09969353305561723,,-0.10407792969445673,-0.0852982520577491,-0.048266258061141265,-0.08241278839028843,-0.09785822786381915,-0.08159674085326862,-0.12151118420207296,-0.12204336798654736,-0.158059183782583,-0.09202487701495488,-0.003537998955968402,-0.09900408312683262,-0.060516021203970594,-0.013739792552213248,-0.024612425151678607,-0.12844907810383688,-0.02129918677038367,-0.1264865696969648,-0.0985603083459351,-0.061769757835310135,-0.058034155332376436,-0.1126906455997787,-0.10425978341241116,-0.06207466446411847,-0.07999075882869822,-0.06770522405842416,-0.08359014689605782,-0.08429277799488233,-0.09438308830018993,-0.030178217490570702,,-0.10090198700494957,0.009031846403040333,-0.10678093085715301,-0.08404745270598735,-0.17712674494846437,-0.04342086286021507,0.07588617993539426,-0.0645510804853372,-0.013045755966427874,-0.05764206119099502,-0.1983609456040052,-0.03897015736063392,-0.18313695241076877,-0.07403586796248329,-0.11630327663701479,0.08904303838611005,-0.08678651989432029,-0.05580761378609922,-0.027404517352644153,-0.08990783293702975,-0.1331083998697643,-0.12150071712811195,,-0.2165948646314837,-0.13897449913470716,-0.13022619839150495,-0.078806822508943,-0.020044246093000595,-0.012567414726118997,0.02146852701454005,-0.1260671479447042,-0.03477235055708228,-0.07299133063970309,-0.191266260900673,,-0.07204759244446324,-0.09532037543104988,-0.07065539318943503,-0.08910078390441434,-0.1036187211602344,-0.08642760323301524,-0.15225056269191517,-0.06863024787433969,-0.0841350855210996,-0.10259419012230941,-0.07070847623690901,-0.07578579921132855,-0.05044512057144723,-0.05358023928475775,,-0.11458632963017412,-0.10111851189409837,-0.15404635469054606,-0.15399498074705198,-0.06894321256528535,-0.06170240189724452,-0.08341162194966634,-0.06766141224430644,-0.17432452591505232,-0.04037092889365035,-0.1510686257488305,-0.04087719436830395,-0.1422639395870755,-0.08873974886914204
2019-01-31,0.05515411196817843,-0.11839939410747025,0.013665392892795891,0.0889300169853302,0.09538543717771764,0.1518116141852086,0.06650428675784092,0.04697104385042716,0.0969295610041323,0.19364659469689238,0.3223185838586633,-0.03883503615739692,0.0926095456344167,0.14431709005232074,0.019364033650445478,0.26022753770181284,0.027116573404505795,0.0851640869190129,,0.05493955880192192,0.08183327919959615,0.19572112210256942,0.1554384930563235,0.10133722597053363,0.10713685058609945,0.10919840451041907,0.0640903268225772,0.05666691942992386,-0.04272586071473794,0.1173611539868955,0.006660792727675169,0.07951333789355552,0.13049350688129935,0.2381867326823104,0.054667784861066604,0.0299582392352038,0.07760284663729777,0.16170118389611732,0.0520743340834291,0.09403029955543563,0.07400848758010725,-0.03104338830747999,0.06614643020518751,0.08564582574692103,0.05360564753872543,0.10951312589446816,,0.09984184139989916,0.057460404913593166,0.008082262605916712,0.05386521578820491,-0.017072985025054166,0.006170195884463547,0.09941683965080905,-0.005729304194027285,0.07563998539897776,0.01705432291738962,0.017149139592219864,0.18234225640854174,0.19878876773860887,0.15371440450476892,0.09573212901301686,0.14002824359853827,0.11754056214228115,0.11054446390046624,0.05898005083995583,0.17036752979784486,0.13388841704388277,0.100663184928379,0.01930767849668147,0.12845288768283059,0.09502317535293048,0.3421404068550591,,0.1192646000515536,0.15501649122802408,0.10095974885319059,0.16651723136769614,0.0774479437728548,0.1853335545601804,0.1798342980479677,0.06815309467034258,0.0871177330461248,,0.07673526703380018,0.1825459976156223,0.004048841488063726,0.09890264956743566,0.09337673543157932,0.08382680657497765,0.031228034869840826,0.06884388756359949,0.11663550222240593,0.19085877990681333,-0.022467893595705224,0.19003883077191341,0.016473386966005865,0.0446677178438164,0.03577608705023505,0.10636256150819401,0.046431758036480586,0.2453549342587673,0.04581545781803409,0.12109731660070877,0.006814195894369046,0.16094853951962174,0.15563319013799615,-0.028254382790388943,0.11227450271452488,0.27156928794982527,0.05122252881749301,-0.0008098624112666819,0.12286056166012194,-0.025912837383589182,0.08709887909858272,0.11138373341986085,0.14453369650707426,0.07442099246067246,0.028158250766982862,0.20453844108196972,0.02968564430759213,-0.015584453426694123,0.2684002022932508,0.10439688937032576,0.12515280533618856,0.14708143782168315,0.2357203275261952,0.07677896293716224,0.11691813904445869,0.08797632718869886,0.14053624335091253,0.019822521777879132,-0.01899806763800782,0.057800350723251404,0.11536516063267732,0.1050690621658934,0.17779311700986522,,0.1491910977581068,0.05756332220002758,0.1298591953301511,0.1074871040108969,0.05553588736441295,-0.12985421333759517,0.14931735765579424,0.10884688734685155,0.05807473220242598,0.12617422265596878,0.22533276639000954,,0.10655720108212696,0.08411274818524639,0.12775107171964728,0.1474471557004604,0.1328226923858622,0.07649685037898957,0.12650031422091934,0.10455429578371578,0.11153341649352133,0.09777021492286031,0.09448189360893999,0.048350658772025934,-0.07746391633639838,0.07355293013034925,,0.08461782434763965,0.1507633788815288,0.08069310615897463,0.11947467902667985,0.023267437766633314,0.17140197444797223,0.15207287385942392,-0.01041216084818719,0.2169326592549845,0.1164104905230261,0.07103701712808697,0.028770733775020707,0.07464390638165752,0.009237454689517977
2019-02-28,0.044776366154981595,-0.013077406931780056,0.06357876982070976,0.050993228772944876,0.05923651134662267,0.08747796847427414,0.09432213437610226,0.03586388269184182,-0.0006937938816545808,-0.013917346625935023,-0.036050764697562854,0.023727850645276494,0.019150670565913464,-0.04590598487961817,0.3281031828904917,0.010969304266410518,0.10213503429908632,0.06881241284092598,,0.026504928883827272,0.04907454956189605,0.14664762177483337,0.026640939970307143,0.033516993456373934,-0.0026860692506013306,-0.017286802788585076,-0.07407757391873149,0.0677944763413274,0.04638452942133675,0.0030581385956642837,-0.020628541271150547,0.051638199926925754,0.007737817509097855,-0.00046879796467458323,0.0313908421852227,0.006388596209894182,0.014436754127013396,0.041866836973902366,-0.12697053584986717,0.018398529041850686,0.05742444736295571,-0.002030161704456135,0.04237737964662025,0.006914691525031547,0.02190193396506923,0.07685711771483295,,0.09473472303474328,0.1097490666144747,-0.1177727569393704,0.05348502989778492,0.06800239218033965,-0.004005354860993626,0.00024374604145416257,0.14879591778099077,0.14514973156834698,0.011836394167645592,0.032108656910708966,0.10731715507569728,0.10813989826268067,-0.0074917965970945355,0.04844441491165896,-0.052419326635846475,0.08107252482890615,0.04616383735400076,0.025088936350377677,-0.0034090343427011227,0.1082475304443129,0.019316696245245568,0.03463124978293841,0.0212227436362451,-0.005549964437953081,0.06354336507837655,,-0.07127542714628043,0.06053102891635187,0.05263322416687122,0.011788885355402678,0.0005862569334973422,-0.0026042642088531798,-0.02136475933252291,0.008771873186566914,0.0784075136718696,,-0.10440316770444047,0.03957285090064966,0.13106292897438987,0.14507461425926582,0.04577575663798439,0.049304346917835584,0.03356053305422613,0.0083092812194272,-0.3094048127163401,0.09128757605040327,0.048931316636388056,0.058563722489400005,-0.057968181185073964,0.06275692905377883,0.05935643026647086,0.07576736708653442,0.09286583704374562,0.03838884475979887,-0.016672187133256022,0.0646050750875653,0.03484968782964648,-0.005454801835626855,0.01945541905010617,0.023872151205620362,-0.0012992773033939642,-0.03143552644225456,0.04255599686412337,0.06200615553166511,-0.05646574054212772,0.09216690878877731,0.36144577482646856,0.054767764060744906,0.0766326382983229,-0.00756498121260385,0.07735746653552522,0.06959726568133462,0.055844665322029474,0.0002934155129472593,0.05478646740950843,0.04702002076301781,0.05670634413149389,-0.04545423952377736,0.08826467430432539,0.07421907087205204,0.0378262092445798,-0.009434092732083843,0.14640158906771195,0.034682861825240385,0.021201025512036953,0.021560913077275146,0.12541661804773918,0.0737828483530405,0.0130129410255313,,0.1332117884653794,0.027308954257273976,0.05143252698801759,0.018475409782781727,0.10488949682251536,0.07815049976587285,0.003424515237693493,0.07069354136735706,0.03649349955020398,-0.012591370968292437,0.00814473948393668,,0.035050803851430556,0.0058989798506756674,0.048460033259478674,0.051490882908374,0.061609473157906436,0.03526263393805151,0.05289961932473419,0.003889236952699715,0.0354280292353113,0.05657992485362784,0.03720190877962337,0.0587064012094074,0.04188646728344558,0.05065550990337786,,-0.10355292990752796,0.05973339652715248,0.054715543590179605,0.010359614873761247,0.09901888609789444,-0.06114344993238763,-0.011314250802343384,0.03378134888817108,0.11802648843172503,-0.02989635111827249,0.02003683380369936,0.03297480623451943,0.09043948450486328,0.09366274327355883
2019-03-31,0.09702536618561841,0.017036905059764518,0.02988924328295095,0.09071761058308803,0.015199962797619149,-0.01580049221292268,0.04928232991306336,0.017501317811853045,0.004096927126635563,0.03442916074832203,0.08457287348264231,-0.0005261359175723346,0.1187059811577369,0.08593570731353273,0.10240137232279789,0.04460529699963489,0.06044819366965548,0.007430068215050545,,0.10181661482155202,0.014479323526004784,-0.13305743681169413,-0.05123784754590743,0.08804955360187594,0.006897272669658783,-0.2793512458607146,0.02820803148520956,-0.028429895290887464,-0.0764616181915122,-0.03906266655081825,-0.0020367792145734587,-0.04336983823762541,0.0473194390511511,-0.027508538184940035,-0.013470077618178089,0.051853236372417566,0.08768317887811272,0.005798614069655317,-0.07785305253843655,0.04053416684794309,0.03387650105318252,-0.09135590734614984,-0.02261315809287867,-0.016359731438047476,0.10697628756390865,-0.032263879149301844,,0.04288177354541278,0.029585620683240554,-0.06743907482499145,0.030105752482219028,0.03468776966748699,0.0015028164033210611,-0.020901921918082822,0.051415183256175556,0.04072728068877174,-0.01604032000876332,0.0037918882055321124,0.07239290110313013,-0.00026890080935892957,-0.04321614091875059,0.00469583218237779,0.012553047076047319,0.07003538048514257,0.018839538854672266,0.03169392696131057,0.0011402055262543787,-0.0007750512045479052,0.0060478262421266304,0.04918259711252482,0.042389848085957915,-0.00552210886090565,-0.037479972285066054,,0.00951898416622865,0.09802667407684829,-0.04912371675610794,-0.0509577261595594,0.04468495837826825,-0.02394487331153461,-0.039712219283524974,0.044177146626630526,0.031479099562039314,,-0.006859518901221273,0.021501581975166717,0.013972962435370162,0.057783418668898356,0.04194588472875305,0.0032165092670239925,0.02305321876133104,-0.029992381605923102,-0.004147677208226508,0.03394247334498934,0.07000581536094841,0.04436327886093827,0.04254712386140014,0.020809089712091167,0.027476488125337983,-0.02989539778914896,0.04167867260759017,0.022826273282728238,-0.005205979372436609,0.04751476671438537,0.03296347524842669,-0.0794275532206139,0.06409838348834174,0.011925071015423061,-0.05797746644714585,0.03245579132877463,0.001880492314258575,0.1114010449580396,-0.03483293762249606,0.03007010892628359,-0.09955752044344335,0.00946039752992811,-0.003007876793552855,0.005240198774496774,0.05275350805588186,0.011007648128848135,0.029831331876017497,0.05263005824923983,-0.004300562340257774,-0.015202880198097679,-0.07021698440009971,-0.05155520214762055,0.029443698484699743,0.16400878912345962,0.030308590230564647,0.01277227469349107,-0.013765346617470753,0.05975447507810894,-0.020299631959063813,0.05580939403183138,-0.011110847609155483,-0.02577182053631355,0.03455248321951809,,0.029552000805133538,-0.02666231616849668,-0.04141911514103358,-0.012349559849266223,0.05883549080929473,0.0805977951584802,-0.0467102577006937,0.025622854345971557,0.058069964901843685,-0.07063684942732773,-0.011121563653246458,,0.040048557486817904,0.005796025403540739,0.050805826201467896,0.04219838240284979,0.05058016057947956,0.0077120892700133226,-0.0871099356578734,0.10490112897951298,0.037433817283194504,0.05528769430662228,-0.04306883851227428,0.03805527794923669,-0.12510938574404096,0.002741425786448648,,0.024703608495294516,-0.0029815188964192885,0.013974589661769565,-0.060488743024860514,0.054482827767779574,0.040093569153452524,-0.02543047974441226,0.0388261813160522,-0.03388816962452679,0.04427410891381278,-0.03146917587742848,-0.009447510939761927,0.02239654726385698,0.0683432778345825
2019-04-30,0.056436137570935685,-0.0018288350015552846,-0.000680465096033922,0.04637512608473959,0.0854066216356113,0.1042084562747525,0.02910960216084635,0.007599819737966085,0.10473676445827262,0.11119493415779624,0.08268019847785824,-0.05611115759422647,-0.004376243326373874,0.08185874546916994,-0.006900664533237233,-0.04400324345095663,0.0776601386452147,0.054214306765958176,,0.05882716478440897,0.07634957623562566,-0.009779494579596482,0.10837252036849421,-0.06161557185189337,-0.03599879016547525,-0.03020559794466593,0.06308633238754746,0.13540950676112473,-0.018242518955591036,-0.009556471090279017,0.07874960113636176,-0.03282965349569056,0.13889382422601848,0.1362903137831315,0.03524294624643254,0.03655084089564942,-0.01734362846590054,0.06998933015187858,-0.01231242160607704,0.0686634337706109,0.09449628321046544,0.08700977338150362,0.13636957370388947,-0.05424026578458785,0.014000112949680732,0.04407387962487741,,0.04286403344982537,0.06428794889550016,0.018015701262643402,-0.025329157668053104,0.01578388367297734,0.07250330689359497,0.03622400465832132,0.14857766906480507,0.0031816265349247086,0.23363052697056785,0.012444552421557953,0.01837766650981698,0.04334946514610594,-0.08345545229119011,0.03680415359127953,0.01125315307630581,0.0033982450190075397,0.028053631673232493,0.016357261173679305,0.20929939184879887,-0.041421927262394465,0.04437443995947543,0.02502218582175919,-0.011780708313412935,0.06216177705815551,0.018017962351356553,,0.0004614492356649347,0.0041792384609631306,-0.03776438282035799,0.04986516206880687,0.018752933919158332,0.07255578656482697,-0.03310595834028596,0.06154567435588132,0.09256250113935938,,0.026762787546648514,-0.005882222296340278,-0.04953430863330033,-0.037858922427590036,-0.10506847040116307,0.08430276980947493,0.010086702033307748,0.15517152302288517,0.01807034741834923,0.06758246616512653,0.03615813734224549,0.005428348960807572,0.04694830794847937,0.024611726355619368,-0.09802696409844114,0.11050748246515796,0.03791747071877416,0.15876223678978785,0.04935781388036764,0.08131274225777485,0.0403895385604518,0.018708391873304864,0.018629547126439716,-0.024923389033335464,0.08362724050144532,0.16023754777941224,-0.08792943076373805,-0.05397876324488182,0.01704266870115645,-0.05362515417249969,0.27911548887968896,0.008625855950497474,0.26165710277628285,0.15057279651869493,0.10734274457346205,0.017662976476087833,0.005793421300071211,-0.1100218435488467,0.03920806298829804,0.042987668901358855,0.07533404400489574,-0.01876867754806011,0.10150508679175196,0.008019868733023072,0.034775894290550724,-0.11057374186670588,0.024497744871196936,0.044879677010269736,-0.04379564028770322,0.030578380974375152,0.0855480413826013,0.055121877475805325,0.06560103316219523,,-0.02070384688109428,0.12438735187508976,0.150522614913305,-0.009456691789656246,0.08599769680069858,0.5102577504129946,-0.16433689380573535,0.1064472819632587,0.0449285734893492,0.07062712939809535,-0.02042685446869985,,0.02979867204738751,-0.04670451903738593,0.048017088564135335,0.008979168986632535,-0.04359041599233615,0.008264369470289301,0.1003654976117494,-0.035385169721807164,0.031385291586077724,0.013627685360616315,0.05629537814677166,0.04804639999064064,-0.14710923820280408,0.11087029278330074,,-0.057388796271305886,0.058851923102793746,-0.0494002996753905,0.10645340700850126,0.05275637897549257,0.06872550317820503,-0.08138081798889718,-0.022844082121205478,0.0636703374424854,-0.03956177465697874,0.0018625362874533646,0.05444472140046419,-0.006435596880821737,0.013298134279348561
2019-05-31,-0.12421255340935178,-0.03375752080190697,-0.04311211658650638,-0.02518154180433707,-0.06343995195683882,-0.16418835837029178,-0.025974903302639407,0.023559510609415746,0.0735761653623499,-0.11758864205824004,-0.007962335144290567,-0.06237351614256781,0.06897047635483555,-0.07861319674779288,-0.21678571313399198,-0.20783963880080458,-0.010690764379686968,-0.1261551120837433,,-0.20967316090497923,-0.021496305620893885,-0.09033179450808504,-0.13015038064741824,-0.03748367807703612,-0.030323016523379098,-0.04340434465452836,-0.10715429292732592,-0.1435990194840877,-0.022829806525797802,-0.14035471440915193,-0.08901300330995521,0.03475218083638665,-0.040800853646591584,-0.11527495387254283,-0.1406542085083744,0.005991590384653245,0.0336299671309801,0.015113514142795825,-0.06811849116319113,-0.0435495985322798,-0.0581209889476102,0.07389579895854448,-0.07085557402747578,-0.06125370801174779,-0.02159807952284276,-0.0843059932755178,,-0.07006241488096399,-0.061754658663741635,-0.03696227193257262,-0.04239422617219535,-0.03454448609450389,-0.20325205635104482,-0.153716394279929,-0.11660011403404069,-0.003246882218099212,-0.03599335253974345,-0.05031558419831472,-0.21717463346264698,-0.06916436496731104,0.05683783365969308,-0.14503863335949085,-0.14752752502245414,0.07387711489481807,-0.0927151178790937,-0.04940327770759312,-0.08899527309450095,-0.21121071589925988,-0.1856853161920986,0.037695273266684426,-0.015818400816250744,-0.10015650776193863,-0.07177999340277141,,-0.04289668846667427,-0.039440537703611556,-0.08825862159678677,-0.14403091241833643,-0.0771168660643623,-0.10978773512149453,-0.24849966657518718,-0.06799239078398489,-0.04907222926655597,,-0.06365935766013608,-0.08392071967719927,-0.13186310580890148,-0.024734822382488364,-0.08965401071441093,-0.10274358482074042,-0.06482024551876897,-0.08694548988375739,-0.15640545402004646,-0.1858704711791075,-0.0038168627219844486,0.004026399828071625,0.0014266270848062312,0.006410444683459415,-0.0038414232965620076,0.022206701835535414,-0.17553505685190152,-0.15822205484130558,-0.15844951502374383,-0.01081647060441937,0.009420155219188597,0.027470315355305308,0.0,0.04245038195218487,0.011001501010941217,-0.08236804249021423,-0.14982438342911697,-0.09699970951077475,-0.23656950821136058,0.00635266369137466,-0.20169035195967056,0.013893391860910986,-0.10871311232191494,-0.156683868714664,-0.04948063628999211,-0.22467929797174313,0.025834644385575478,0.06535739460516621,-0.07356835096449454,-0.11926731716908001,0.05049029549605133,-0.20237188430813435,-0.03528408930053306,-0.2507482150092444,-0.08548748819189156,-0.1547214983854417,-0.19567579560189607,-0.00039048440848354904,0.03147612218031148,-0.033527447999953774,0.01445930405935214,-0.15449767200795606,-0.039128755414244765,,-0.1089418684966913,-0.07061984479197903,-0.117006911012005,-0.13406127487705677,-0.026780187209291872,-0.2241956503053837,-0.12070872008242828,-0.10948250590261333,-0.016312358388210657,-0.0875473334395912,-0.18720700292119907,,0.01692400645623926,-0.055904695612863264,-0.028141163990809015,-0.13389906976227073,-0.03001397116522464,-0.012273647937789844,-0.07918156511991226,0.04849860527632632,-0.0796109518662369,-0.03773703918657301,0.006165355127951244,0.01266090856807689,-0.22426582233190795,-0.10889989127704958,,0.0374565593636178,-0.05302234954573637,-0.11684315858680294,-0.05851458551139255,-0.017343999799597887,-0.21479162108947714,-0.016570026763834123,-0.04965914358882306,-0.2719092676767495,0.10213031727864319,-0.07459345290367514,-0.008373333550987905,-0.10835587372090916,-0.007757340382634759
2019-06-30,0.1305188741129848,-0.052013971748909094,0.10468908294605894,0.03762528121909425,0.08767072918087737,0.16818434370880309,0.03749912602682026,0.06842105958520817,0.049616333345020136,0.16076495751801745,0.10798982153590764,0.10545891688243847,-0.01646605459924566,0.06679174655008091,0.06144976901889976,0.11123942459769554,0.11769276905012083,0.10547774832399859,,0.1549031864771977,0.07610497017450757,0.06557196183801328,0.09611658491040909,0.11839187973030785,0.08303315205418405,0.06648731030800148,0.13192095833882034,0.1379615759522428,-0.000440969401795388,0.03420031094575693,0.07977915178847117,0.11897942496691072,0.1735800046156173,0.1267896775299484,0.13755117159785168,0.013438252824642838,0.011035274621674196,0.04877920774485589,0.06438296156534329,0.029445054610592658,0.03121960051141004,0.014144049294045669,0.056713656788768274,0.03459979505066002,0.1030137129166333,0.002113295304903895,,0.051893336742510954,0.0389418194497102,0.04048109896759877,0.09301716642452318,0.04077541136848728,0.16220740888539087,0.18764094774345308,-0.14693532052709923,0.08395311611366862,0.057558404255241724,0.030720871045890386,0.13756284850594325,0.0993598836653935,0.018151791445655707,0.1075697143014791,0.13776285014844558,0.03808239560718252,0.11800232410362277,-0.00291149505674293,0.07457988123449577,0.19567459353875516,0.06835500425871799,0.022743061824595623,0.06172843016633789,0.13058090976081682,0.11335913223020277,,0.0956372338328213,0.06229741966433866,0.15221902453862346,0.1680534211267961,-0.021418919450376217,0.1211576153443108,0.07708259182991717,0.1031276939616057,0.06256494738219875,,0.12198530351023384,0.08591240000737588,0.08696638436856396,0.06730617038877496,0.1284285869455073,0.08723618261500765,0.0619902252747524,0.05511527191614918,0.12260425081141246,0.14679342618819158,0.050248721831991805,0.04661616338323493,0.04452483747173597,0.11215731861256817,-0.04441957724661516,0.07384617200414301,0.0817969745964009,0.08199461657628127,0.17535706719228927,0.05185086478371592,0.04735953086946498,0.10029484862807947,0.06506570512647714,0.051954975191177644,0.07487576648880023,0.08750750954594455,0.08507049299878844,-0.01965327170554687,0.215046575134471,0.06564839599170336,-0.2954764263924542,0.04341000433174891,0.07040361076322554,0.07667719639103154,0.08311733361154072,0.18337945971403813,0.03355047393740862,0.1673430836488854,0.07003027821576491,0.08828062393717961,0.06549019185743177,0.06878851769994876,0.048257164153585164,0.21238758466652596,0.1258895654553096,0.02657516161749429,0.01808731452097101,0.03195396660709493,0.04335277905814472,0.06549415389793922,0.00819901340890472,0.11613662083549814,0.09464079771348732,,0.03352248505453259,0.07873637653126586,0.09331025820502514,0.1576731107982441,0.04291575882443044,0.148836807033508,0.03738559075220538,0.030878709061807452,0.10215643018919884,-0.034126353059966474,0.16194506395278174,,0.03327097263320056,-0.014374770954007188,0.06503627208165597,0.1421467879773317,0.1248066346441643,0.09581408835773897,0.05090906255248129,0.07656958798098401,0.05150127214573641,0.10074096641372932,0.009531384954430067,0.032818818558294494,0.20684812952665,0.10018211580081982,0.14773573974872067,0.01360846650615688,0.013970681125712758,0.11138648653990013,0.051308253562107886,0.07574528519459323,0.2160509234088639,0.1035023045198269,0.051150376533601216,0.29218945762638726,0.0038167801603106177,0.06648617707189275,0.08921528004467172,0.08280354959447211,0.12310715061380506
2019-07-31,0.07639433469322965,-0.06991387425399898,0.039550700366416836,0.042268824449285036,0.01428810976509709,0.04066630857480669,0.007197809865313598,-0.03959129502794545,0.05086308792702332,0.09931004681074995,0.0026341758806507354,0.012481270315177762,0.03506982422149241,-0.014179183493694736,0.053270230914229444,-0.14801489808339185,0.008393464683155605,-0.02730849009977765,,0.007399462418520075,0.010684907423057721,-0.06271813109409863,0.05793093536883376,0.02527482095018696,0.003134780066872178,0.016889777609359502,0.006347611649275997,-0.0034519263068879535,-0.012050467293654,0.0697531360170276,-0.03630907519654747,-0.012098661314611237,0.09067362483877539,0.01613645422997556,-0.02646437630367371,0.037680490710999326,0.02232420558874959,-0.024798795421328235,0.07851489562402669,0.006787806838295385,0.026095149625737113,0.0015971575560758122,0.018513985252493148,-0.026553118690881616,0.043026083745344,0.018256207556380355,0.3042905037444803,0.01862991487497445,-0.09008673422300839,0.034518304837659386,-0.01068796130732308,-0.03918758203679873,-0.03480206619287707,-0.0003624169651305076,0.13661422453266336,-0.01693261951392533,0.030475674834567368,-0.017225849904197843,-0.05329584812442745,0.042784367094151454,0.04393925752600292,-0.02757804963021704,-0.075466987827567,-0.004342932356907303,-0.013088277732751008,-0.060075443112951765,-0.05452251174981704,-0.04306231845260511,0.03861376571867625,0.08615894823631787,0.15653791213040225,0.028373943505739962,-0.004761979342518097,,-0.030195238144462344,0.020485587187236698,-0.074631171865432,0.04697630264575525,0.12504621693986162,0.07590393801098605,0.011433714917866489,0.027504002815243345,-0.012199975096858884,,0.012025075584929823,0.0749816049901395,0.05598479132100076,0.06299154528122974,-0.009608280674440861,0.022677683959500428,-0.06504880947008984,0.04491256914091535,0.0312499032898772,0.15329946114560022,0.01778197050035213,-0.0004905323864995426,0.03358178432669945,-0.04741046976531582,-0.016608291394912933,-0.003768402369995205,0.010274267562203399,0.11057241931605555,-0.028329175135368034,0.030509317570490246,0.014735650578184822,0.033930985173069805,-0.007606735760212979,0.05247124289116201,-0.005033487022196748,0.006373173128398246,0.007961353222688983,-0.00591362572919385,0.00912664849435818,-0.010256240200854472,-0.10519125175809219,-0.005086914085993044,0.10276173125200727,0.02505145461775471,0.01724465883267512,0.16325492890198223,0.011275692634901802,-0.050688993328801835,-0.12068492989927504,0.024776542207429086,0.06951228862028058,0.07152500146928342,0.010270589667126462,0.027339717614057735,-0.007760358972390691,0.02147983271282694,0.11179826586283914,-0.02531867412527411,-0.10341629790026785,0.08348788118142236,0.01436389424807305,0.02982209535142677,0.006367322210830473,,0.06468869063612748,0.049579238042963825,0.003069274030437219,0.096429243157653,-0.03547095647110232,-0.038253889952672315,-0.02632596302820489,0.026113871263105493,0.12954770878476163,0.07539158739291141,0.005787751133066621,,0.016642621449280304,0.01527286085414925,0.07533273972200627,-0.017190346142483603,0.020430008138133005,0.03655024730992529,0.04884949219830026,-0.0024249567932237426,0.03176993049970611,-0.05448108286756326,0.07539804083063939,-0.019395757409306547,0.08122252974300115,0.09580888611750482,-0.0914187490474565,0.020491075994445662,0.06410020409742434,0.15687011621873426,0.09064867523029085,0.02564111583568951,-0.0042049063919810115,-0.09139496847726314,-0.022374307754580602,0.13333338461060062,0.019502043408173186,0.02303435542148402,-0.0009955495101254819,-0.02962274951708277,0.013798765896687604
2019-08-31,-0.01646099260439482,-0.013209098190823054,-0.02043628887351634,0.02902706499451524,-0.04801571401088367,-0.06026084524295161,0.01993731622839734,-0.04182158128186797,-0.07054836691754618,-0.02295389442687601,0.03284072167305485,0.12604745522609462,0.08775157879186124,-0.048473822697145064,-0.1712562259985868,-0.11670757526864206,-0.010294857174675487,-0.061937413095710214,,-0.025345641982443268,-0.03216208333868231,0.07380839151592111,-0.10332445275879043,0.050055109451034197,0.004430304213572711,-0.0759818634585443,0.042298157126631875,-0.09647614893001832,0.08241390887924793,-0.10358030185316214,-0.009832980020886395,0.006358936966214035,0.03709859036623997,-0.08890183675402152,-0.0962254289651362,0.022507225077623927,0.08937426120042424,0.0628210886614109,-0.09386778314731647,0.03359356685368997,0.025248970613380495,0.11763207745346427,-0.058632336383637185,-0.11679089594541703,0.07176986085746195,0.010161803399036495,-0.08745931225123826,-0.1550540057859876,-0.044504545087507785,0.09038853656386658,-0.0339521867392778,0.04495868773312495,-0.05861981952922646,-0.06483497048320586,-0.10755121750470698,0.011316586750880209,-0.040206927526544645,0.08092061046907562,-0.18555522095739263,-0.01845912757240098,-0.11231805315687993,-0.07359061520826637,-0.1358184284279882,0.11283309522114449,-0.009327524166767187,0.05725525005964527,-0.037775131058786604,-0.16907801832915692,-0.0698996851094138,0.02228940129970436,0.01432231937645434,0.02866509646788029,-0.2105262998614703,,-0.030219699064571226,0.012991965788929916,-0.08764440211138635,-0.0805652150420888,-0.022713861975502403,-0.0678702506333444,-0.1808693043014178,0.06654498315585022,-0.040664628281662396,,-0.13070345713947007,-0.07496681344746159,-0.055784398222498144,0.039846919503239375,-0.015726324799413716,-0.028334152413388436,-0.006897364873991063,-0.05293075095794986,-0.1901492018258778,0.0909984907504906,0.040250878769957366,-0.01697354959507036,0.045791618915139276,-0.007763941458703183,0.0427108130099767,0.06668361740461459,0.10650877434241157,0.009108231192312966,-0.07539732319202364,0.033422634068030144,0.039875596022292736,-0.0019275315935612936,0.0323424259318863,0.05836739132237767,-0.0951829204919793,-0.04407152780878687,-0.06593528196698706,-0.07074535726001208,-0.11754519739600555,0.041932643494915656,0.20076328886881534,0.011032331701738007,-0.08720503623767883,-0.06889572826166523,0.015036444092691559,0.008465047138278559,0.06342298850797845,0.09227843657012214,-0.09052911253339291,-0.015246699489505189,0.06453076057924378,-0.14231718322626308,-0.05605826768134303,-0.006188993825030131,-0.07531092149710106,-0.15342687178474412,-0.10117417367537718,0.06979104930075519,-0.07614363449617079,0.018552864378206024,-0.06396644450232503,-0.04789154883946978,0.037339838654332214,,-0.1377826867850841,-0.0977604613168962,-0.19969994327647278,-0.029480962450013748,-0.012228145039995808,0.06301251995027624,-0.04826747998108183,-0.019350756192303975,0.023613826676022853,-0.11050630052825483,-0.18864154850504533,,0.047928583290176574,-0.06889699445966602,0.06457734965220263,0.08421501021647382,0.0518639502093039,0.03553566979881495,-0.06629065433794068,0.24840557573598798,0.011861435897617234,0.03378000979033291,-0.02107116546635157,0.0023188424725351098,-0.06622236595163378,-0.010079095384608161,-0.22710013842987997,-0.06027869340910175,-0.0944266561857029,0.0016624964648634943,-0.07804027134088398,0.017308550067771655,-0.10715902102596564,0.08042257560894117,0.05228884375112175,0.06272051917067323,0.08825528454639131,-0.027178176828800416,0.0402469864501287,-0.06762413338677786,0.10035666674836508
2019-09-30,0.07296133579309849,0.15181018386193057,-0.01933891853015557,-0.029368820291705178,-0.02903240477348923,0.017299405413574886,-0.044893296195855026,0.04264649576367652,0.07634259814854527,0.039150515165761623,-0.07821942550539285,-0.07242850972765513,-0.03523106487156713,-0.022732743159706414,0.05427589496415486,0.18683352353165938,-0.01279081048691133,0.10527063921509083,,-0.014257416316877936,-0.01736311475859531,0.04498882931207504,0.06733019524796768,-0.005457820549667702,-0.0008039952597118649,0.05947671137300925,-0.001932600375716631,0.06305588860645472,0.05491994213173523,0.07489287321666493,0.02266358845364036,-0.047741655450076026,-0.018488690254110818,0.07350436962738294,0.06142854375743534,0.03789823938002823,-0.03460053456835699,0.006176905690855161,-0.01415895211788154,-0.00863102741772237,0.018526995039319205,-0.024101611591631378,0.0503346241656466,0.09198917297947551,-0.022560461194755188,-0.048888059923068994,-0.2826033187866711,0.05554345521587711,0.03357201741940652,0.03529202382699026,0.007475370621006672,0.05617607458921703,0.04975741311700843,0.0938859992537111,0.006404291919882565,0.017670404494052327,-0.05056083029066061,0.03364279322127928,0.09809111629707101,-0.032514233133081216,-0.07895083462502861,0.12200027024072058,0.0004045122659475098,0.03688759282246146,0.030103948332238062,0.02221701863077863,-0.001090452192060276,0.041349633423796606,-0.07857072092264361,-0.02279535969752633,-0.03132603354251007,-0.044649163884481036,0.08480755581869315,,0.006798459771553356,0.024535102794737806,0.024057482357985993,0.02065753051006558,0.025711135494930648,0.016281762019095813,0.010182170108106181,0.024250341877529058,0.027821910420098073,,0.043225685822605,0.07297289598159762,0.0869015899512513,-0.07774956737474115,0.0559119092766025,0.05148476335207741,0.007946480879666318,0.07127220428934722,0.09463166013518931,0.07809306321723919,0.013980849098023773,0.016773353616272635,-0.00366957357734643,0.025461960776472115,-0.010090926771378905,0.015490244281539223,-0.019964481330242756,0.10337256713781895,0.17214693895819755,-0.03482966816230548,-0.014956253248107343,-0.011644261899924735,0.0069641502768220676,0.011843567013546163,0.06455982230496504,-0.040879037873221113,0.016571889168446763,-0.04692257546487333,0.23450548499329638,-0.020013685995243224,0.01207886456369267,0.0016016910687102204,0.04171885946870679,0.028440309981561773,0.008486965856736584,-0.0534570504534746,0.06349302111941757,-0.04588547594151304,-0.08895322109790571,0.11147913909856344,0.022474312229763926,0.03985223215153755,-0.030514810033277384,0.03916193394810197,0.057049420990842314,0.040856993385117724,0.0010313283261549344,0.00963561222031828,0.010689288418967102,0.03451715046938775,0.019129083541871594,0.08952181649757862,0.025485391927224654,,0.07066533613796566,0.08710150427178265,0.12311143488572385,0.038224071800571746,-0.050068896179774725,-0.011371582557377247,-0.04361305701467322,0.04821848515628835,-0.0842999282061,0.09302312296212967,0.07015336169104724,,0.06024723811902777,0.04505161203896879,-0.05845709909466368,0.08424997360614062,-0.01739770562384213,0.07317125553770021,0.12004166688171414,-0.0012142578273256488,0.014007690833743203,0.01531376734373957,0.009224922485668863,0.017229407844975952,0.06763888947011387,0.0443634777505848,-0.06447652444416341,-0.06690252592769252,0.00012369159883607317,0.009775741508610825,0.058293108877898625,-0.04872272995766891,0.1323060481586984,-0.05888237891313708,0.037826568377088865,0.04138273370084744,0.012170629125179966,0.08310110976767437,0.0386839977404978,0.031103877295907356,-0.014475425536462083
2019-10-31,0.1106845448230056,0.06590009132873575,0.0032889781597709167,-0.03188661912137336,0.006081421450791602,-0.045645681392434634,0.00501740859795885,0.016054922510039482,-0.04919201887725022,0.08737492224331955,0.1704036072114492,0.10201059425927816,-0.013792681865050782,0.023474701269111886,0.023648121540994715,-0.14437364020678045,-0.038763072336957305,0.03968878553915878,,0.06078166900440429,-0.004662283906353593,-0.10660493981461494,0.07199173485214971,-0.12312782690031276,0.01201803960433323,0.28300825555383957,0.04390094378667153,0.036038191011617426,0.140840295530412,0.04103670419739469,0.02192095695095353,0.02482187688174342,0.08845210784311774,0.04024335457672423,0.09954212863418221,-0.05587214071247382,-0.0015827736763827094,0.13525184629424536,0.17570397111913305,-0.060881528326668266,-0.0011141108388710297,-0.026450692761199268,0.02495064955227866,-0.023911824888158018,0.033478188412363385,0.05423063981599685,-0.1440576458248296,-0.031170961988715495,0.014436474490355788,0.060607312494968646,-0.020741958992561593,0.01863264437100942,-0.07572607182123714,0.032368627370071845,0.019860983579319313,-0.04576617095722513,-0.0030694709250663754,-0.016691114853019995,-0.15710696598425045,-0.09569037318469076,0.12069906541689024,0.04920726692247279,-0.062254919546960164,-0.017371168547655746,0.05612177608098112,-0.05837271379898756,-0.046836874463745404,0.03188174075079475,0.04870506121141438,-0.007532275670420474,0.024616306032487767,-0.02684555277688805,0.11633130627958455,,0.00520664584819297,-0.06885980855009777,0.038919825203346914,-0.008537704846796279,0.030840080215176924,0.029677285642098372,0.021219898779639257,0.011033354549618624,0.02086287790595165,,-0.08192375155493481,-0.08038790610804669,0.09703084092630365,-0.029766580234567463,0.02411421632866495,0.07725717744074267,0.020559322783317624,0.06993545144109703,0.15732952978148607,0.0601443907659438,-0.06455432001718109,-0.01840102909092789,-0.00018374784881358686,0.023900570284877798,0.018957096594008238,-0.03430216410819853,0.020016818226387345,0.17277463735787912,0.00257125289411797,0.020532748990920613,-0.08388044993021182,-0.02678186964797813,-0.05187999728813719,0.002577576854024155,-0.007845607260506093,0.07620183232911693,0.003588993639556559,0.09511009532071446,0.05267480318128581,0.029460681851901205,0.05213567334977465,0.04063394511075802,-0.020667348601086988,0.08733942518308768,0.031216413694575618,0.1096848613103103,0.0229623061140376,0.047732066121376926,0.07394814124016169,-0.04652905540908958,-0.05952651182121926,0.06698112594354022,-0.025960228118443562,0.1548227704690388,-0.005396184874744803,-0.0892734577148303,0.11558650083448718,0.000510307589286052,0.06790982026633152,0.007439790052590212,-0.09653601839915882,0.01594603959991092,0.029804934230967417,,0.0725667824676044,0.05521449347778762,0.013229551235684811,0.14082008405665714,0.004923220137027062,0.05453605126482364,0.10410958873684639,0.051713832876330024,-0.043655324041390164,-0.026775193187606572,-0.043312887435712266,,0.014408198835754282,-0.03193066557090729,0.053106084517900554,0.07882506524851829,-0.00013888880465262599,0.03583907299489497,-0.005995779865121342,0.0,0.034266257181997606,0.036770273715823754,0.04938420382287578,-0.11856883564848619,0.30742722101642017,-0.08016513102307188,0.033803764681874515,0.16280170235081082,0.02148419908940813,-0.038808160630830146,0.03035781444184904,0.03982370047696304,0.1377288979335045,0.15381889883275046,0.012246605387989051,-0.12628198484794195,0.00044149623981737385,0.023592106881704433,-0.011965276703785777,-0.04305330422780129,0.028043390604205243
2019-11-30,0.07755432863249578,0.10282835210463293,0.022006922818029517,0.08488859790884895,0.1136977186207413,0.0592703541675319,0.0527031996613232,0.03674958298303532,-0.005664562629516201,0.07077403440790642,0.15384618843952258,0.10799333042570192,-0.018571418786309857,0.013587301227403925,-0.20215071742572754,0.02862407968921743,0.10817789629475927,0.036579676842287245,,0.07976781334886396,0.02421553709703428,0.08357199951708072,0.06555796285149884,0.06870908828500255,0.009765129018721508,0.0036825219610410187,-0.07064746307691705,0.07192966992124905,-0.0074953139760848275,0.047486520715982694,0.036315745386240605,0.037170244812995135,0.02942861215368131,0.052838133598870574,0.05028952765594985,-0.0061670441393304465,-0.03696200611752021,0.004595444110158109,0.12025059840912844,-0.011369989622921017,-0.014948948488612945,-0.014677707660073036,0.07690237418834345,0.08586960604179095,0.009087498145137873,0.04089693821722484,0.16209176873013664,-0.046306081613560424,0.021480266811569004,0.13375495687431926,0.01846166596562271,0.006783937852983923,-0.01213494855256192,-0.03497177810885199,-0.08319144739944218,0.05920744061275229,0.1667177667399451,-0.054516187556108764,0.07938853681642044,0.011610240823446638,0.0727665900831238,0.060090318568866374,0.02294045058327554,0.004550147184829267,0.061875657057427924,-0.015934180025347744,0.05471458737978052,0.15885932883061948,0.04840806813810472,0.04849725409182182,0.09515732553420508,0.02794113665163178,0.12925838144113744,,0.0554072862544428,0.04836784084760826,-0.013178680652770058,-0.031216594385994112,0.035978736917073206,0.043199823491812506,0.09038937247507262,-0.0599795338724618,0.038832666072781796,,0.15601590587648984,0.017258820256763396,0.03253980024264291,0.005398200881630233,0.07224884197256176,0.03410857058412864,0.04848986075662198,0.054755080298013015,-0.045133884155241666,-0.025955309741465205,0.026038197797220608,-0.018518334609932907,-0.011594941506135492,0.039627102251357016,0.03576065496626857,0.044454140676132514,0.05107077154265882,-0.01553260066258133,0.04324616231909251,0.05570564196170702,-0.0049499282075673445,0.09057537295973206,0.001716065399731015,0.02286509610464238,0.07670520921036905,0.05212630678685182,0.037879798000748366,0.10962250348766145,-0.04390779596859529,0.006000291908571764,0.21552242449860048,0.04294515379049857,0.08118084898212308,0.07448395018117981,0.05946207132917669,-0.0008412153220811458,-0.01371667391958542,-0.03347541648289354,0.09481230490423043,0.0467220974135909,0.0017326465814735403,-0.003094265056754253,0.14470601984256626,0.07899671859578383,0.030280966860791292,-0.04765450841878904,-0.000747673259538173,-0.009768930551376509,0.013611535916354445,-0.019677241306269577,0.0480631651922816,0.0881908830058149,0.043186044621694064,,0.01829543140111567,0.044376479857992424,0.03814592589876087,-0.010520532439943553,0.03756016792216532,0.038662129495225406,0.20477985106151864,0.03829802898558188,0.0153389281774714,0.22073522882735008,0.10737263467664704,,-0.0007625923851961591,0.017360107093457477,0.028024423680111044,0.028433455535073593,-0.0527581597891994,-0.028838724970121077,0.03995001636826867,0.1762349198312414,0.06455702514150086,0.039638300278245,-0.04972165024111219,0.043186419134349396,0.04769464712900162,0.018815266259383456,-0.06031744820731011,0.10751853765540065,0.06946549429554572,0.0476995260460602,0.05278822830938079,0.03331646851173953,-0.00651666600983114,0.13438717437397618,-0.0038034014139264327,-0.02555645138891882,-0.057617826600862565,0.06490787899661665,0.015606178829808304,0.02044749720413397,-0.057848742845862056
2019-12-31,0.09878367489113549,0.009233103583706104,0.016501015142200703,0.046778620442423424,0.06551868594086452,0.05713709814878354,0.0038226798420830654,-0.03537579914791256,-0.019111254499024843,0.0542313606791025,0.1713920516717531,0.027053551721755165,0.07857214249279698,0.026121694264473083,0.042381944379279224,0.1485637209357118,-0.0007444518540051792,0.04310687218995879,,0.0095224035630177,0.03638033942689267,-0.11038279787974836,0.0627937320096923,0.022859266210223828,0.05530673932258212,-0.010273128305748891,0.07862279184474774,0.02267449508928676,0.1273270422222721,0.027772030211656196,0.028143426519996684,0.045549161172326436,0.03172231700758488,0.06349804734970999,0.020383138963144143,0.032603494950040446,0.07308554771324882,0.03206309757989079,0.022859326918686973,0.015039684777515161,0.018573212687246432,0.006072137954425516,0.028997231241276733,0.084917985087962,-0.019645559564308246,-0.001534579102898892,-0.14017243220888342,0.05848643040679957,0.01146233420817877,-0.013019450489825335,0.028856742230515264,0.007758361448383155,-0.00941195738288958,0.03547896155037855,0.05980597630038287,0.052543798970071,-0.04013368809133988,0.03447871550400694,0.19096315183932888,0.01661023348263857,0.04925105324374801,0.03249404657926536,0.18138263187828096,0.029725770935674856,0.023999888791581547,0.026801975885217155,0.02649001450382804,0.15289993290186432,-0.051226504657342686,0.009411594951908242,-0.0052477685956808795,-0.02965808635642464,-0.008862482156534846,,-0.024544198542749585,0.0045008708668210495,0.0024105394458271423,0.027573970801316516,0.027068512891385232,0.03876238994634984,0.175974848572372,-0.003325277215434519,-0.008680820691697622,,0.032282139474334004,-0.003049641442321449,0.031007893426266975,0.011742343408926326,-0.0029515681552130246,0.036525229404890114,0.060949723467388806,0.05798415814415714,0.0534425304931152,0.08733079579858183,0.016490019438871073,0.07955132108796348,0.036516944916437755,0.036842060500552165,0.11998294756566086,-0.0042197615854805415,0.020884776558854012,0.10055082205134025,0.02096400115507846,0.02176374736265796,0.01609431685663898,-0.04369479767920181,0.0537768154308913,0.023350836671184982,0.021238234129416167,0.017903153671766425,0.03917047731113077,0.02086027255523648,-0.006431351474612601,0.05039751007579807,-0.03929278587557794,0.030906375548335197,0.009490671047542198,0.0331448062023727,0.04174944117524815,0.13197236218143615,0.0356687211384763,0.13554680668317132,0.028316241389623853,0.08364504562472708,-0.02217343250676851,0.11331153404808103,-0.002543827775804197,0.08563258994793244,-0.05628802167534874,0.09053162033348383,0.01773617706078512,0.013232003654821689,0.017134130244644163,0.02326733220583943,-0.009035127711861435,0.03536405472223758,-0.020377621116634437,,0.0402058605381852,0.041903234982089144,0.0012816932343227005,-0.02885289789272627,0.0014813280527390393,0.06420295376951346,0.01756109248724047,0.009572430971830581,0.029146472078497743,-0.039192063062619686,0.1259809242004888,,0.027585164767686576,-0.014879997106730158,0.03173999722899534,0.007835589295327017,0.027603963924416774,0.045478941357441904,0.029239763863281976,0.02559812774902115,-0.0011450816394873442,0.0353964636919013,-0.0016550852243242264,0.007770893220277353,0.2678971533628467,0.06721557233569908,0.0047297090487901094,0.05445493853436201,0.0272741632023914,-0.022300274152010413,-0.005333002478790871,0.018372955379097666,-0.019269015726803063,-0.012626845780193019,0.019255959380646503,0.26107671490824136,-0.03299046103035985,-0.01211894475532549,0.002376530257367504,0.02421830424253657,0.09815794733330407
2020-01-31,0.054010149368409754,-0.07257054864310153,0.007484503561418165,-0.021687166989837414,0.0646736522474709,-0.07648907262891569,0.0052197013808019666,-0.025141694140208504,-0.02084572643174687,-0.04996695512647553,0.024858250642742385,-0.10378709272155762,0.008354248846164758,0.08706380278652226,0.09803344660646474,0.08056276285011865,0.01583047497813328,-0.08093851086832071,,-0.03436470550972537,0.04683216655789613,-0.022992507093805847,-0.06785899644907245,0.06697002925179252,0.011802610002604075,-0.09395748273030957,-0.10867037481702957,0.04903530605676698,-0.012394024893609412,-0.10436762713502978,-0.009139105184189034,-0.07408231310008484,0.09170541682390976,-0.06241863436736017,-0.10433802529615843,-0.023576906679185994,0.05409760889786952,0.06675195080547147,-0.0592203062193809,0.0782643767840634,-0.0350454803718353,0.08165581637763086,-0.030220691643830233,-0.08611393731134054,0.03946650843150867,0.12094183921958934,0.22498499019476692,-0.03444663867586639,0.05500258424214288,-0.08093072598131112,-0.11094480799332218,0.03537786225382922,-0.2028038050861899,-0.08472802029721804,-0.05098246244500393,0.048149584937101864,-0.04369771545674139,0.0703872062495301,-0.16365031186692924,-0.07061751090947588,-0.12167691219499022,-0.060713273904060006,-0.12663700215148144,0.010330810708688132,-0.002638937684363185,0.043869326744765624,-0.035483830138953176,-0.15082527722853523,-0.04344955678301832,0.0328569057095367,0.025771888158075074,0.0004591608698867322,0.11559135128362841,,-0.027393058183828867,-0.015916790500172584,-0.08313284065408388,-0.08770489006489557,0.06972594287462397,0.034010245231404834,-0.10870427174229202,0.04450938574264485,-0.021356153350176488,,0.037469448554179996,0.07229161527294203,0.06817041465610552,0.07252168020470706,-0.053066048602475324,-0.025886326772175505,0.020566172194800503,-0.04440646568137596,-0.09119230209386431,-0.06976502552193153,0.041366481344306205,-0.002529331941281465,0.05510378511409719,-0.04589027039382221,0.062466860107189826,0.09949161612139235,-0.02500953795166272,0.019869987869130634,-0.17591042584389072,0.059518161826395355,0.08278918182570583,0.031015324915814713,0.041757256879728644,0.017540633010556306,-0.024720362814606323,-0.016272788230616064,-0.1006689406650475,-0.04768598113245237,-0.09543572213772644,-0.06058248285157297,0.048568547488643254,0.008097779130054716,-0.09487935070661113,0.02900990217883126,0.07945427443492004,-0.012830033372401961,0.10753216610964,0.037054448175553034,0.06650803630617674,-0.049452202815471025,0.0889611857657342,-0.17724562346008144,0.19803773877579856,0.004802103393105606,-0.00559738410168753,-0.036156241778932396,0.015264859082530613,0.03914542619801775,-0.03980608049478618,0.0036862606157828104,0.1503830877136465,-0.049217828639585126,0.041956265885924715,,-0.028087938991861794,-0.06241285492706228,-0.02859001776609915,-0.17987613550883885,0.05287971706691552,-0.03309525290361148,-0.0999786851896034,0.002938459073836386,-0.03514568233256432,-0.04226267714339027,-0.16641810594508222,,0.1051800906293463,-0.1061360882447614,0.07573726130916225,-0.04218517023588042,0.0036201411460892174,-0.020225650414546825,-0.08433949105792526,-0.13626100169146527,-0.03308226933465319,-0.035953065986808364,0.009819071316937489,-0.03891926713926108,0.5551598573434688,-0.05275912162389951,0.22024213835973772,-0.0732366281376724,-0.007577628286419724,-0.11566700424193277,-0.10237835003155316,0.05891443770139415,-0.09973323307571913,0.03699477605122037,-0.021846664693390694,0.0401780035446333,0.03827349552839876,-0.12750914060827467,-0.03660345824705169,-0.10977340825680904,0.01551984381487248
2020-02-29,-0.11470192208796937,0.05788717386742093,-0.11602040304544992,-0.11997455356299236,-0.01714421393208987,-0.0009845835033674977,-0.09714680722120794,-0.16466151007473118,-0.16116185592122856,0.005399745868831518,-0.03234043527156749,-0.06897598602389443,-0.021317025392716515,-0.062213720133630246,-0.135309401433782,-0.09183694426831435,-0.08001320952139668,-0.07831497727914727,,-0.1066327431094114,-0.153538176063988,-0.13046526280293547,-0.13189186956244292,-0.06207672441823908,-0.13576554515471762,0.14707088579978578,-0.0736883828384739,-0.12200622219368795,-0.06179521173621516,-0.10897680988987934,-0.08060418361294508,-0.10699784228618003,-0.109932845593944,-0.14715781060772404,-0.05413024142642553,-0.045792670519006484,-0.04371324983139224,-0.04694084086404149,-0.049069719226561226,-0.08416888049325844,-0.0639037211390786,-0.08424299147482339,-0.11220079073221312,-0.17949316650754554,-0.07785812970703476,-0.06532808531929324,-0.023735484683543917,-0.13139021216448188,-0.07395773770950109,-0.12739588622609954,-0.1186211777143813,-0.07829448931924643,-0.15642718409801537,-0.013242916757143286,-0.17039174929173362,-0.10126182255587235,-0.14937452750194724,-0.05158668907174235,-0.25230202487546494,0.03691584664219083,-0.03087303933453045,-0.09900947236847146,-0.13235512082560186,-0.024685461862522406,-0.03969524415847281,-0.08719834184622743,-0.2108842373907095,-0.10270301654805036,-0.023990673438927912,-0.027426156554085313,-0.07798667863081277,-0.08977447997166799,-0.12610457700674815,,0.09746864304141223,-0.061662288265889154,-0.09817469845659332,-0.08655280770853258,-0.0652786399577352,-0.15037820185129325,-0.22237503776000456,-0.04498035648571019,-0.058724434483989674,,-0.0248595460378086,-0.08502691985967958,-0.12727335084505642,-0.051822521740498395,-0.046125302682297975,-0.04114799805353764,-0.09090121064993162,-0.1227711715060874,-0.15171236636771868,-0.06800380011070217,-0.08412418259071264,-0.08145661495744705,-0.08407538211880339,-0.05966611043757053,-0.09206701104418902,-0.13063474098328287,-0.08319005866160267,-0.016029030024586555,-0.06840191775684856,-0.08131299652040924,-0.08685746335817801,-0.01655372360185081,-0.0798186937800821,-0.12794522281034482,-0.13294112211719689,-0.04675344730282471,-0.05085422920809746,-0.1506415182984454,-0.12116984687711219,-0.10393258881175615,0.26426133670450125,-0.0652599261074861,-0.11397656947648993,-0.138346787873163,-0.04568804058743936,-0.009983269724390897,-0.052647218306625776,-0.009542837413812344,0.06937323844251919,-0.06928391156318958,-0.11888495219051298,-0.09218849138211527,-0.03589275448917428,0.14296670089939711,-0.05700656020722639,-0.17573009782724558,-0.21364682806419955,-0.07034240321001939,-0.10257778228983516,-0.09139779236434165,-0.09332022568169984,-0.05183753418910564,-0.09259228933689789,,-0.010035734217726855,-0.1491079940566571,-0.1617774201475476,-0.17244958756890494,-0.051804380812147,-0.08217119600909084,0.3155293886644759,-0.1264217918252606,-0.07113585260150523,-0.10199619734284715,-0.17964344275021893,,-0.1349003152008006,-0.061466924355942476,-0.09262311430692827,-0.15862422694222233,-0.09544380105859218,-0.06379574535622345,-0.09783663534980003,-0.06460003425375926,0.01661605236960284,-0.07149011440585706,0.13852743098985676,-0.08972783864548428,0.02677646887053875,-0.053957795023554245,-0.06668509017885205,-0.06419505185356333,-0.10405329840856226,-0.11720776600669347,-0.12739561170137303,-0.08517278782516657,-0.20497468963837717,-0.013301053652804762,-0.08882921395942389,-0.15175569795736943,-0.1100351295940154,-0.12045492168343241,-0.05948113930424481,-0.16003725328451202,-0.007301994001855605
2020-03-31,-0.06976093361797453,-0.11107220893027003,0.024406073568584485,-0.09596319481972793,-0.07788596796220182,-0.17790029172519473,-0.11124750174856124,-0.20093368375158094,-0.4175495024744772,-0.21163107156119987,0.0,0.01502029429757723,-0.03990301560057452,0.035020571318223226,0.04882978548569228,-0.8322632744277789,-0.0851350142774101,-0.2025568738718927,,-0.11550812240272001,-0.22123172079072861,-0.4578895447976463,-0.25033449789469,-0.027315020980492544,-0.030647009281266624,0.02590871900792102,-0.20660984964508167,-0.042551894415138736,-0.056214191054115736,-0.15588982981270594,-0.11393813571818279,-0.12730672370246232,-0.15360323196045034,-0.3362745590310151,-0.06600105467569761,-0.22405256909421456,0.015668549450648772,-0.11529495776505161,-0.031287627948936914,-0.017907389643336602,-0.14409462675714257,-0.12688695406866135,-0.4287333283887321,-0.36389920273858867,0.01419210531044568,-0.15504715032034622,-0.06639837567067386,-0.01552729263358743,-0.1866569442084992,0.0025346943493287366,-0.2236981684981686,-0.07661847540574307,-0.20512793561138698,-0.11208080578380153,-0.022491142933729003,-0.04134084471162647,-0.17892062258001273,-0.11799343225777226,-0.5699047579673355,-0.13221702237167088,-0.11359855820935172,-0.2567462488564679,-0.43218473849954,0.09038045954973795,-0.13615455564335965,-0.14613763484492792,-0.30603462289445904,-0.3222890449000586,-0.13671686177156028,-0.12710388288338126,-0.1314009022163618,-0.17145704972997888,-0.2694958431621005,,0.08789192254805056,0.07693906067342082,-0.13914496902554974,-0.31037715089972007,-0.13238750115307052,-0.23001455534340742,-0.5918420580167879,-0.13716867063640625,-0.17500141087157273,,-0.1571590635554928,-0.14767582592860362,-0.0252161878618552,-0.13485045619976077,-0.07257092310760105,-0.14656559684159287,-0.02491050566452735,-0.22461491486432106,0.0159649183686712,-0.06486250431691187,-0.018220710201442447,-0.27386545388193073,-0.16548731468335198,-0.09002451570558556,0.09981736168885202,-0.08359704669845924,-0.1925495869787568,-0.1771809188961333,-0.30548552747639823,-0.16775173949783329,-0.14842694211555385,-0.0328894901316763,-0.045836564027760485,-0.09859530800921068,-0.28441009062263134,-0.13337139411388654,-0.08529853221879402,-0.01576364697162025,-0.5018978637109068,0.013265331572708483,0.15503279639226442,-0.173106508042967,0.062441042605669184,-0.2449478327240192,-0.026541690650611516,-0.19977143018758958,-0.048029809701519266,0.017428315848560416,0.017532432627999084,-0.07428929842310272,-0.07994743978207042,-0.47209370185903665,-0.12116287138870707,-0.023956824276779254,-0.022846787133292357,-0.6355861664189212,-0.1119055125412044,-0.08421596385111418,-0.023339360036040424,-0.028526157916774708,0.00929459729938431,-0.29788393846474237,-0.03844657938722684,,-0.09285431783670284,-0.2427215193989153,-0.30894632668219724,-0.28332869161739116,-0.113436455435449,-0.1291423157292192,0.09834213180417684,-0.2776630089698531,-0.16180039962685877,-0.17496935052809237,-0.5020302833404422,,-0.10304859701461622,-0.5542736348436257,-0.07844746001710368,0.034211253233356276,-0.12328326463817718,-0.1723452109386826,-0.3315995386661589,-0.09737869877390748,-0.20050164916730395,-0.02400417434160851,-0.06943204271158276,-0.16528755612462842,-0.2155570713684315,-0.12449615100644895,-0.17567165760934145,-0.017649057317944084,-0.11745204985777902,0.03237880897272438,-0.24936877193823082,-0.1135562036502531,-0.31532049759707126,0.0621345277185783,-0.007939223046791288,-0.25090000749986985,-0.3881315260266197,-0.29742974232201325,0.059831825266619676,-0.2618582971426183,-0.1166403129382294
2020-04-30,0.15537354557299476,0.09497209819872321,0.17194001223932953,0.1394437278707077,0.11123688254261,0.22253226432060647,0.07323659813811512,0.08761680899528734,0.04865957608446547,0.08424291085727442,0.15193491462098496,0.17999326653688952,0.09756296419207722,0.2689001176660719,0.08269562946251785,2.1384393788004052,0.13010364851710898,0.21103191413210154,,0.1455927592606714,0.07180093470473503,-0.05444545494447073,0.13283084437670878,0.0934843734781916,0.09905578957806171,-0.06179283775467481,0.10053374455732955,0.14107796031002917,0.09998805217767126,0.12435491833239198,0.024777108428204686,0.1486361727048895,0.14636822410973482,0.1528963283035505,0.012137644759774524,-0.032948370332499755,0.10408607953730598,0.13504163039450345,0.10497818889782495,0.06535627855905846,0.09453165877441116,0.030651740021893303,0.2844109971563624,0.3668826660893745,0.065100865337816,0.12480901252441523,0.2151581050875091,0.08831909699786245,0.1558462252461772,0.04609909310776672,0.2696656106945525,0.06843070642901461,0.37888517077257755,0.04994222572386242,0.07939280486077904,0.18098406186401417,0.11956531744369547,0.04673586201939761,0.8046311459910587,0.3250168031972005,0.2364780113353251,0.19685227120789883,0.3345119136826631,0.0810639613868056,0.07478454376921628,0.007334980610581798,0.0538305302972375,0.30814792516169054,0.045439697571091564,0.08426492897340543,0.08495630988852021,-0.004626306032494365,-0.14357684395164183,,0.12359560477438558,0.14486432111768432,0.07156775799228221,0.07266615682482302,0.15900003678821029,0.1864932349197823,0.5328461828622377,0.17738772112702228,0.0606169523672071,,-0.10656690601569974,0.1318848977855367,0.10827793513570327,0.17562054324552356,0.03164310537927939,0.14339982540581464,0.1442078882037905,0.07469880877790969,0.22595018997488014,0.14157499846923005,0.08297469540882574,0.09410921298805719,0.03706221358501027,0.06352601275572844,0.11476389295180334,0.1478388113003899,0.22439442852337743,0.06366647667427294,0.16764033075587403,0.1400694059658918,0.1343213672403969,0.04428475138840593,0.02715664128438755,0.08261276677057428,0.18024204368551922,0.22727795796374872,0.11288504233667673,0.014998584839960971,0.35817140140175674,0.031193225516992218,0.5355592823682152,0.1316189339277476,0.18490270691506772,0.16990915555102903,0.13632659238998923,0.13861141460466486,-0.03948124622860705,0.3136041982660527,0.11810922672173652,0.053662259017209335,0.09294346217477067,0.28585950188177556,0.2266731163418736,0.10880131158216222,0.10121362874596906,0.43350583186047054,0.1985239942028516,0.10149878539633828,0.1752449971106671,0.07869179585460873,0.04823869512461276,0.2188389987969115,0.11024035927916209,,0.022478425003058744,0.12743062974597708,0.19620230166681396,0.36383940038450047,0.28472954972642817,0.1628970999069208,0.07698280732948959,0.09173197227383745,0.1671740142558884,0.12195098041162189,0.2468494835778543,,0.04783920326867097,0.21709779018084885,0.19518483062908776,0.023565503123501363,0.11976671227099689,0.06976830680517843,0.2101169649739274,0.18038065654846758,0.025936046083549824,0.18011309715321033,0.0464839058822224,0.018721506687829903,0.492137319488021,0.1615131262161884,0.08416906787421663,0.17278831680712758,0.1329407263675788,0.013273728350830183,0.05950637923728763,0.10923538752311934,0.39660431686304465,0.055683967934162526,0.08073400349851134,0.1216630618073149,0.11904754295356934,0.012195326492639769,0.0697942652018011,0.2238609585993767,0.1005116066465499
2020-05-31,0.08509411848556869,0.12737230518604759,0.03073080328365574,0.08871973500181829,0.09320209843290628,0.036167514714375626,-0.0013633676177067233,-0.0127214244955971,0.1820687021371723,0.13533994306641417,0.02691353051801526,-0.033296749934131564,0.08474766366914444,-0.012784941240091663,0.06456909924788046,-0.17507633431004732,0.07123867088985691,0.09404023384670235,,0.07234394204362893,0.04186297359560065,0.03425047287420857,0.0029105580879631443,0.013854311261152663,-0.022175706388870897,0.03456527382595542,0.10728987221202546,0.05298379680672394,-0.017924967532652047,-0.009856256697379884,-0.009500420439252255,0.013607314366579581,0.09546751681890275,-0.0029136146556434372,0.032221878535386494,0.12896912759098234,0.07984652916901602,0.09847947000735835,0.0078657743169952,0.029315550172055005,0.052351807548915996,0.024634236146158894,0.057603952148353565,0.011919720136340572,0.018052782603934503,0.0792835267259775,0.2978124860458544,0.1283625093875529,0.08461019389171098,0.06531280488022118,0.011372051346284717,0.10216507532412922,0.08548683928389567,0.048669220278857006,0.1628016811895956,0.019270675836055906,0.0846047382774513,0.0232661359951023,-0.13311947068623464,0.1475102836480624,0.04766147948967325,0.08037136295468938,0.07282725037267923,0.03738565537153482,0.017725396196658583,0.044382041776448444,0.12180734878969357,0.02718025853927375,0.029896677948056727,0.05261958527910582,0.03599843947563963,0.1241004231326861,-0.03382346616569498,,-0.07345256515156484,0.05259665547304393,0.04529530253409075,0.16105838741278133,0.06446854193339391,0.07795390306489258,0.11904806937863577,0.1303275176196914,0.035414942282836925,,-0.02385564519541139,0.008084323217398603,0.05510962935135599,0.07601641144270888,0.13535469874405304,0.06129238162528239,-0.0017254070534654664,0.01618606013532342,0.017735391847248927,0.07752010893075512,0.021374784770572752,0.05565614124166429,0.0172146870091332,0.09973367376776099,-0.006272282012011243,0.004456722592902418,0.24439189788595517,0.07203869329289558,0.10025904167940558,0.09426476658901684,1.212270449957309e-05,0.12627128882201766,0.013219067164526255,0.009730513052310874,0.012181900215697539,0.09955540839516575,0.03996593505679513,-0.00509562742933245,0.11387120557411934,0.017393625659751777,0.3372471788535554,0.08825632188826171,0.2198952201785671,0.12097422700196825,0.02539097866433493,0.00041749891438835895,0.105746061405805,-0.01698057700178024,-0.000285841072363624,0.13358455277210513,0.018006296571950964,-0.013449454580339415,0.1035159585954395,0.21465723191706365,0.015102530639090839,-0.21987942010784522,0.1972418405449181,-0.005594037128529794,0.005489996520062546,-0.016543700458946375,0.004915746414470901,0.14475549531865828,0.02543966290410382,,-0.016622155937846883,0.06909172662918062,-0.0036014648872916277,0.08315067242009988,0.26024391544181014,0.028091927476057377,0.16530407815855486,0.004343511208930062,0.02216533019514033,-0.04300188786779768,0.09809752436264407,,0.0178919611041104,-0.1358393832109207,0.11212663879783813,0.06186194834266767,0.04988486910388423,0.012799227568206728,-0.0002459031202388662,0.12063314941452319,0.07563714256490184,0.043354693086021134,0.13940764195055078,0.05701011667956535,0.06793886833783369,0.03099763863659799,0.19986782773598688,0.042329637230452244,0.06898540137065878,0.06439632283127295,-0.025753402810577475,0.09426442466134244,0.06846511013549605,0.1463375595279568,-0.0012182392768879113,-0.03710924881759481,0.004137030177454815,-0.07029821713418438,0.025139696632344943,-0.0025472154868605434,0.07795228742803362
2020-06-30,0.14738619302209566,0.05945805029620588,-0.03676781311989785,0.06497370760042265,0.12599583726347796,0.08579020592775954,0.022345505632336282,-0.012065042326910747,0.04786654285968295,0.07600596530701531,-0.022118933895620696,0.026817684523677165,0.0056238585931662755,0.12956672853391105,-0.10035983577815377,0.2511586585163945,0.0048569263331639245,-0.005149232934083536,,0.09472801883708337,0.0013676167554841356,0.25677062311305243,-0.008472862659852143,-0.04084233133744708,-0.027847413247633845,-0.12875707127045588,-0.028717618471736484,0.036092814538584816,-0.015405116589199186,0.03981692821393623,-0.03809681676075771,-0.07580944829880476,-0.002464439701425958,0.06658306999393271,0.05302622406276036,0.04466218014943735,-0.021192006714299327,-0.062426454880658344,-0.04900654600569554,0.01285779881117377,-0.009807836103973622,-0.10589446198446972,-0.08009952276488352,-0.0037935398125329423,-0.017052115101371168,0.07174346087297345,0.1421250848868998,-0.024675892418093426,-0.02570520357730477,-0.009150559414705883,-0.026935518114265533,-0.03455950926809248,0.04730915566550076,0.0383610677637749,0.10676872766219558,0.06245626929733605,-0.049360600016583045,-0.06703268306302856,0.058573139740318414,0.15173476176121614,-0.10300972855342716,0.016551893247599203,-0.006082126601232529,0.0066939668714181,0.030388586217379387,-0.052727578975295675,0.06479846732404826,0.2756339916610562,0.07914229482006396,-0.031742706863007064,-0.085698175369181,0.017911875413818557,0.04113256675946353,,-0.002634795973783466,-0.022049604401946143,0.13646327792779966,-0.0224109739664331,-0.01079166685471411,0.005750889968465067,0.10882491838303743,0.014189663019281928,-0.008639285525254281,,0.16251550217897037,-0.03306646201119989,-0.04926108508374338,0.02021907939543377,-0.01758534423901459,0.020363878451343576,-0.054587958242954704,-0.033398465018084855,0.04660292216520223,0.10525135611142122,0.006969768917914898,-0.03987365829850198,-0.0341491981029336,0.05322734719820521,0.07342258951910008,-0.06054984577646183,0.03659366183374746,0.18662162701454155,0.04558621345936853,-0.017248764285282547,-0.009929321701234839,-0.03308759161631736,-0.013379923153578943,-0.06368468840032937,0.01416274846510257,0.008796601483538335,-0.002876449688876681,0.027080067781397377,0.06374487559857056,-0.034381913386945295,0.04406502576378313,0.013689629554965776,0.07480064465224046,0.09276009927870965,0.11055923582934679,0.07534951860687533,-0.05504420471669502,0.060460280905685115,0.08412555882638939,-0.005376414552307085,-0.0828163352743938,-0.017642224582340993,0.044157484174016215,0.07059698140877613,0.02789695217417565,0.413939788159259,-0.02380246603229852,0.013200927052096079,-0.1437549437453579,0.03148707544380658,0.03128217843308323,0.01833610347824477,0.026302119993593776,,-0.029767059632663462,-0.0774292396788352,-0.0009843627483046014,-0.08126756744174413,0.12399190738925503,0.13644861497399696,0.017688981098522127,-0.04494729689956267,-0.056417863219663134,-0.06042892909071795,0.002468373296961923,,-0.09146682586442623,0.1850956195580884,0.013722481911863316,-0.07548886967102653,-0.0763386905541873,-0.020414798314339455,0.020935185900477826,-0.019618891762012924,-0.04169832465456513,0.038337634911830065,0.0410835623640704,0.07321406247558304,0.2931856328270819,0.06931122259415834,-0.14427312266373427,-0.028308382788860165,-0.004650937185160409,0.11503349435416221,0.04763516763189357,-0.010602350840862806,-0.1173469384070932,0.008160877112271647,-0.039212220051981994,-0.004958532966454543,0.021314441992319022,-0.03286716805567891,-0.03449941205904283,-0.01649431733250506,-0.01685895896884515
2020-07-31,0.16513167247723004,-0.021507203168987687,0.10500625042224665,0.05068699370124219,0.020697916005047112,-0.06351948431750876,-0.10732746323739184,-0.012767034344206452,0.030789080016330628,0.06418501468569104,0.47177341583114574,0.03735253589005416,0.011023408563785475,0.14711362185002108,0.23682326583567082,0.139130731110658,0.18707037700651563,0.10385128666704269,,0.003612124981834164,-0.015300306552291865,-0.1380251098229056,0.04757913685709436,0.0032520444736154897,0.1758265423415799,0.026686656603260195,0.043828449734384156,0.05682900315513062,0.005230574933110521,-0.06450829172322436,0.09674530728754038,0.09854739459766737,-0.0532470367963086,-0.011419474177961964,0.058301881189599,0.004896704567735055,0.017089755675262053,0.13716569344170648,-0.0797228769012075,0.060001376605892,0.09799891672957983,0.02239467430958264,0.019331901100149818,-0.10110848606758527,0.07592166507404596,0.040143001317685556,0.12872665185823196,0.017817762355751166,0.02294238014796468,-0.02367912282066109,-0.059285108321769475,-0.0018478766657149537,0.012056222791362536,0.12192186485502066,0.08900628057855453,0.1525191022445489,0.048695079662804064,0.06070810357540224,-0.07495599179870283,0.05395620726406358,0.041143851661291864,-0.0003224380880745281,-0.06784214473509587,0.11843963145605652,0.06458647317799082,0.06392922160719938,0.08717118983176575,0.116680978208759,0.2009700879714853,0.09113266430856215,0.022229032041502172,-0.010919116662696848,-0.1112738054231599,,-0.09630905900862263,0.0343297874817825,0.19691102017609552,-0.016205696097244426,0.04929308725334525,0.0017204083823638694,0.10400618700445508,0.05979809910428924,0.03305937306937534,,0.00860549359709517,0.017968098289609324,-0.20223968026229022,0.036139013535492204,0.2028850768380719,0.0579927053920235,0.03647877404743394,0.03744095232667899,0.07808100947684249,0.027509205294163674,0.07562766343292271,-0.05314424076335189,0.057296429476284993,0.1555798133137294,-0.0846022871285651,0.03850155469519523,0.10627958627845135,0.16601734192416684,-0.048691568808590935,0.044781796061339474,0.05317923708717465,-0.021249003486531803,0.08527302150762162,0.05212673142061508,0.036417972376349805,0.11714444775212973,-0.03538675892322185,0.04840767293779269,0.021937011628953673,0.0376309699911459,0.15402584536152175,0.09036265040434577,0.04185694995666123,0.01905839374151408,0.0073709034839601895,-0.02833824694839404,0.16875535612335257,0.12082929398731901,0.07436706114992031,-0.0044874387544106,0.05714952101419879,-0.06040828650841801,0.08428375071397265,0.11760694260042115,0.007497968182900605,-0.13989078434654278,0.11429442714014293,0.04082896619112564,0.18825976770236608,0.10351607467030455,0.12912493456756735,-0.023735839372967638,0.12954005045703876,,0.09634614006034159,0.02520600035922138,0.040558402480573186,-0.13741311958461155,0.12535159693617093,0.15787741033475888,0.013501199325058666,-0.08016864384532008,0.039951089334583356,-0.017486822012557468,-0.01359462093390873,,0.053230469608499975,-0.06978040297369636,0.06303875175062079,-0.06589531978695151,0.07275652072340488,0.0011266457204222036,-0.0023968354772456735,0.04961241109054715,0.028283292662885096,0.14243522560691146,0.03101289716169986,0.003244070397169674,0.3250108843981532,0.011483175264870749,-0.02638351662925076,0.026546912611678186,0.02531469024915234,0.28404408314370433,0.0005432209926501397,-0.014339719637368242,-0.04403249387469521,-0.06307050295399586,0.05433488764557293,-0.02378254540642477,0.03497600997805295,-0.05234401036273728,0.08031369370122432,-0.05903418040442987,0.10838095529519132
2020-08-31,0.21656949623923283,0.009061142541595846,0.08773849683796286,0.0673993311208736,0.15545104020899636,0.02293831420810255,0.04649712184459176,0.028774945424613785,-0.09334157316913372,-0.039255668619302964,0.17293038017401874,0.04228905529205851,-0.04682649796655591,0.09046103369298208,-0.13981596643759353,-0.035830680299327455,0.01964204448997786,0.0381996291141149,,0.09597491791620638,0.08861984687689195,0.087468400786195,0.03456563091094966,0.01085877747135644,-0.13709380619699696,0.04714409731673319,0.14939897995049178,0.03335560438857654,0.060347733180958985,0.03152031865133176,0.11369902260511111,0.06352089142661366,-0.006193228370789061,0.022195321679736146,0.07096605083602081,-0.017604767256214293,-0.040890485880414884,0.061396526468211254,0.02710036895758705,0.026684011275893038,0.04696265920572129,0.05830996846477188,0.0836800442119412,0.013372801143467061,0.06798163017042835,0.39928159176663613,0.11068910553434397,-0.10360938924829732,0.07543885843928644,-0.013028264682393709,0.014295922855563914,-0.03196353509891059,0.04263287702994667,0.1914239691239632,0.10446264788487403,0.013101249718854291,0.1276722479057144,-0.04094741487341036,0.05821854731408127,-0.006114816523774547,0.02819593398730591,0.12816054856088432,-0.0322302458987197,0.008950440668703097,0.10417685807955768,-0.03447713892673554,0.03176989835060873,0.2082044437977022,0.30546278591418896,0.0310305261012378,-0.0021044100866420834,0.017786198038549195,0.0444808743877978,,-0.039982675430286,0.010747594439626917,0.054171870671067435,0.19043805054531449,0.09515118362087027,0.04117158170996471,0.12909978427745572,0.07363733975209863,0.11458854104042371,,0.11205942855776008,0.016142381783978976,0.07471265089179036,0.12736245324201678,0.06623481959827449,0.06789530022954704,0.05948873274076205,0.03673452976053393,0.03087534624285526,0.0309920175442977,0.03762204217396614,-0.019858134837467678,0.0484758176969553,0.018889271731128865,-0.007829635845436056,0.036076962764139964,0.10597012738176792,-0.10822981349716798,0.06354803386618912,0.16095708595891334,0.10546224627769818,0.02464050322424982,0.05280224126068833,0.11390961722205195,0.028617802357944866,0.1558324952329848,0.09326681291165251,0.06294079525366003,-0.05758549717300143,0.06268698981119947,-0.1242914881798437,-0.01449403049805209,0.06333940221936629,0.06914922537373935,0.10275171921158877,-0.09089107484157188,-0.00043488400745450573,-0.02774563437937516,0.08321061922817141,0.14883588137937975,0.05855022486960504,0.042571931133111196,0.09749548437798028,0.25999171566364865,0.031920657957670295,-0.19059712890478997,0.005822213219106809,0.01743428938684577,-0.01793126145527868,0.05498792321122603,0.05202530916429304,0.15625905820056296,-0.03376974121833487,,0.03879713264995388,0.04246748241650322,0.08717395120685723,-0.0437200553760263,0.04115880120800197,0.12773400913641075,-0.019206797839638523,0.08422814585327276,0.10975481984819346,0.07746557251895969,0.04795990849563658,,-0.033249963167055197,0.0882116722308024,0.04811775269794594,0.0612559081894446,0.02514222427746904,0.007775487537425185,0.04758974308963837,0.20716110906936525,0.053856447406229746,0.03630882973924887,0.08660830278576648,0.014158451564212582,0.7414521252787112,0.11446494251290917,0.11136816965443619,0.032267935258486036,0.11569012076822016,0.15342093480807617,-0.011943439050525972,0.11507610917446476,-0.04814474119194612,0.02617645263671875,0.031141308413240143,-0.10858461770181016,0.08560470849314394,-0.0004377812846508844,0.07744112818983684,-0.032130927031945644,0.05551161201045507
2020-09-30,-0.10252646120463149,-0.08541293748229584,-0.0058465522484739685,-0.05810022043702057,-0.044722377369141086,-0.001198098865354491,0.009569293933916034,0.0008260360683118861,-0.04468358480955836,-0.03490245137539205,-0.09722530126321838,0.0033159590225495528,-0.02507562257360696,-0.08757859185260519,-0.07393154843625926,-0.36013509172713754,0.02382955592287006,-0.011565025386013894,,0.05902756293743838,-0.01319043946673426,-0.038179563134369876,-0.05758315850072948,-0.07637548118356507,-0.03831647335932642,-0.013767284699579663,-0.10456700439510636,-0.045869106661875825,-0.03070725134437524,-0.07138990286880531,-0.023390162363626232,-0.06850320189987158,-0.014164572379948392,-0.15669013906956353,0.0480639545317465,-0.06488935623298553,0.027684316615137705,0.014181123944766227,-0.044877951938160465,-0.02662128292475696,0.032358795636328264,-0.04380534049290019,0.04099637077894691,-0.13328029410644138,0.021112713970466546,-0.07823228109118052,0.09218168820358974,-0.06702965950952544,0.015825197939514313,-0.05988421060946669,-0.14214251330517813,0.01827177494675425,-0.0050211368269243994,0.05870566129310539,0.024364380082900094,0.043834200106700916,-0.05907313589220009,0.10231499075770967,-0.1187867179091262,-0.04892279070511674,-0.042525255301764875,-0.056139294826639485,-0.20732260808852165,-0.03754212389842393,-0.0006852742570780945,-0.031156832241037935,-0.023460255382277362,0.0019218580270694563,0.14737735678389408,-0.021824883680188423,0.034846366307466514,-0.07311690719006136,-0.015725810581515676,,-0.043414732640442155,-0.03549637359933211,-0.0015402676998492737,-0.0013498509582940965,-0.10059973762188024,-0.019036103506678725,-0.25317628093764666,-0.020577648301949414,-0.005678378914610316,,-0.019672174823473276,-0.01329999106785884,0.016290392709282564,-0.055531493718293246,-0.029144509175223154,-0.016237549860287692,-0.029529165894945697,-0.03912564804489349,-0.14526269149547977,-0.05557180887220159,-0.05757875967375525,-0.10781468197443489,0.004838414175077688,-0.042901192814378875,-0.0024932724216952806,-0.017885480278041932,0.007104227775854621,-0.009822897896041516,0.07651195795709054,-0.055892026152412955,0.027960113883335636,-0.029392979867482127,-0.01114021400462506,-0.027555653549444004,-0.033541492749465385,-0.1067534442789646,-0.0174212185470487,-0.09881858321330816,-0.17258874913072797,-0.020132669847445217,0.09030668308630596,-0.0018275254115871498,0.023723676152666018,-0.07481833807793092,-0.06739653199900486,0.03186110936329345,-0.0057667127607490265,-0.05332770598215575,-0.05576332914520554,0.1219948649183129,-0.07915727252572535,-0.2450000881551806,0.00618232309382849,0.011966801277404127,0.04334144234061088,-0.21351635042129413,-0.049182250521610515,-0.003308291574741329,-0.02884384358283054,0.004771228274691897,-0.0038931638063776086,-0.01781481794629014,-0.006565109841001671,,-0.0452811087820113,-0.011600913479173247,-0.06271196442983451,-0.11339167036525999,-0.03482904388937813,-0.00663044217823916,-0.09702701684688131,-0.05672116703229324,0.017165742554190455,0.01970196424732884,-0.17606547749554557,,0.039095428037894786,-0.04672072478404565,-0.015883523788343346,0.04069793432919844,0.0544496740954592,-0.04360949641883016,-0.019582335817187047,0.04106848323985912,0.015696303880770035,0.029757396680881065,-0.019883380524730265,-0.060629051650713306,-0.13908741409927117,0.004502009009720087,0.08474571464772263,0.0016145141897301318,0.023020047618203865,0.01839609374773432,-0.0035164584575622104,-0.05670072664683279,-0.17626934564213959,-0.025078819584605783,0.003711844432163991,-0.04867249920170813,-0.04224612039769815,-0.02650107787513223,0.00763383536808715,-0.14046073746610133,0.03291674514993681
2020-10-31,-0.060012057662791274,-0.015197224543303522,-0.03096242407209371,-0.036420351723611244,-0.08835101282419044,0.01533341962880952,0.13241105646994145,-0.06602478870707074,0.14384300694828478,-0.0037005833527566923,-0.08171724750346454,-0.1464431056240446,-0.04997301229621387,-0.03575408533520574,0.009520133815447585,-0.12126218644815878,-0.0725843919961,0.0422094385558216,,-0.04032155168191143,-0.08607370260085467,-0.12628582724734527,-0.01618920928849299,-0.035438794127344964,-0.006661345604326296,-0.11142832123409407,-0.0515467841820797,0.06327712418700138,-0.023228728582347813,0.009099017060403058,-0.05184562984101415,-0.10311433449654495,-0.03409955009403143,-0.02729429046607812,0.059398690106923224,0.1187564568525985,-0.06186181713832195,-0.032866737112147826,-0.014402660542356838,0.02819433373047997,-0.08229266859064199,-0.09915738211862157,0.01697794067732694,-0.11778574946621356,0.00931613292333644,-0.07579972764460485,-0.0981649451452562,-0.08019486172299084,0.016351499548633353,-0.03140583050587342,-0.03472194218696145,0.017864000344910203,0.0252338513906758,0.019311406056728098,-0.10976509617151775,0.06599178477729306,-0.02280788125168509,0.04008616667877796,-0.0560253932168584,-0.08579665637247191,0.015674299857720397,-0.011895673698234632,-0.0377089202035521,-0.03800657287609943,0.017249523056660943,0.11549214729380686,0.16066048166833857,0.10869555802828224,0.03160799629861688,-0.15365804234294778,-0.07355654154854852,-0.04403067195926358,0.1910109794416741,,-0.07975929871012011,-0.033501548571907125,-0.013576112194808365,0.16694796590622252,0.10269518296387825,-0.059362331734910345,0.0008300422292462084,-0.03960972167623389,0.0020656020578617706,,-0.05423895568711323,-0.08227163632172929,-0.144843604709195,-0.03364305774137433,-0.05984159624901386,0.01381921490839666,-0.07905684987432526,0.027835641439977854,0.021368878980006167,0.017755759145202443,-0.10205850338386657,-0.013357991159744897,-0.02653435245797553,-0.07470721655066415,-0.11863254224784425,-0.08649002403790995,-0.043509396148580515,0.03113812115027481,-0.028940031639991037,-0.1454709548155093,-0.02956865746606585,-0.00966855489629126,-0.07537003593706348,-0.032236309613260294,0.018294094456835053,0.004620305037773553,-0.0013736186749936374,-0.06625299689279829,0.0054533868758892545,-0.09330908922713543,-0.04636040677451414,-0.09432267694405316,-0.05383182696517841,0.00324509355160596,-0.037370231972840284,0.07197597443697701,0.05505092296797143,-0.009613939452518094,-0.04857702777528139,-0.043492142927426536,-0.0813652221710226,-0.07284759709938027,0.02591752514396739,-0.07364847598012747,-0.05632810621163509,-0.08791220626923113,-0.09626147834188747,-0.038311969110321864,-0.03324230431174202,-0.008121188876470398,-0.02824714190252231,0.02975211484583462,-0.01411208843483236,0.06631580152009686,-0.052940626203377805,0.028695031298635376,0.00787130776992373,-0.09992280067966552,-0.05532152448989036,0.04826628561445867,-0.028975762674013916,-0.05596139254890853,0.012104457033782712,0.1346949468043892,-0.03984586103701704,,0.0595723396823693,-0.010807208096766052,-0.10501977876906288,-0.029429650973359367,-0.030522578548604518,-0.029051463442042347,0.1069642118056382,-0.0330322918393845,-0.08715182747617023,0.07157101164410506,-0.04188531415774854,0.11572241379228254,-0.09549891131606025,0.0198806581493971,-0.08415569444483662,-0.021265692527537627,-0.09996461786230337,-0.057132544670713714,0.08647121919053236,-0.09131367520052514,-0.10872568618727885,-0.23430837737365784,-0.03182412579991689,0.03228451344072214,-0.02396096063164832,-0.08762212252631685,-0.008290758578146984,-0.04981043657996331,-0.04004076243778443
2020-11-30,0.09549309628821412,0.22890729154096845,0.02958798946198704,0.14835642770713942,0.07016326255635197,0.17337359242256278,0.10078509491704146,0.3023975390059097,0.22070493772827526,0.3966693026417558,0.23070796301451169,0.030461306153009904,0.006749268889692184,0.043439868865325026,0.2958354242038441,0.5530122533877251,0.014118144967547153,0.159252051278979,,0.14858586303959087,0.29975845131216095,0.4593116393417853,0.1881854745157343,-0.019337454865876125,0.016051243801749493,-0.047209143529588604,0.25020011573407586,0.16545130965970078,0.06757916805702524,0.138532986583219,0.1337791509764643,-0.03268161415011095,0.19228564832351291,0.3295508396302249,0.10531655263887219,0.13794178678559055,0.07279104608988551,0.0797754004932989,0.25256026886937333,0.08556226442598835,0.1893941884483945,0.16129271789887079,0.17335721225987988,0.38224989671809007,0.09549249278672778,0.05825125136423903,0.23772612493528178,0.19832878025072054,0.14396438124104227,0.2085935139449171,0.27284612400954633,-0.023027333989448673,0.12051085626394475,0.1580718594837962,0.1455359165944381,-0.021390525928104975,0.22070094520878225,0.01604655267305044,0.5666296900897092,0.06209642407275995,0.1419353019074363,0.19372531251854008,0.36915898648822454,-0.04237075631372578,0.17497501100717727,0.03890001463885362,0.1746443122000887,0.3489043153049278,0.10448207581103164,0.19118711900830454,0.20645227644763509,0.137211572577433,0.3719676841025392,,0.04333618867654021,0.028755131310540305,0.17767337172848574,0.26962087366885457,0.08556980962881977,0.21974179955804352,0.37562172951014916,0.040118214284268205,0.24204964764353698,,0.22104651122939845,0.12225608826707623,0.09985714987801764,0.11866037658852946,0.08840017059430383,0.07764944268003737,0.06254356427314134,0.20236648552403036,0.08970697335121991,0.2828178396881953,0.05068275658677979,0.20840335355937634,0.08207626012929481,0.16374717820053797,0.12217056513883806,0.04976061083834549,-0.0144212650552632,0.32325764398473056,0.2580300587850113,0.1658467796408618,0.026912685279109283,0.2226641888817058,0.08151372859027672,0.13055611100244335,0.2348224385094353,0.05267772204394583,0.08917399290000172,0.10393625463941492,0.3370049688310799,0.06887392483227583,1.2638209979207162,0.10806093395868865,0.23407107188815512,0.2841121417638026,0.06006094985473398,0.273142636799516,0.009904418359869327,-0.06397213856560646,0.03144571281169428,0.12175210908842149,0.04778856592908176,0.4595237702900248,0.07432123849589778,0.06921175375168209,0.028693327014308823,0.726177848194653,0.32881229900147346,0.08207691424307728,0.1497744860681658,0.012910086024046752,-0.05212162870678405,0.28788405922725624,0.008568636522600759,1.6762093093863477,0.06660120288983906,0.2340902187786944,0.19862229271800413,0.3185237848258282,0.1503787027560326,0.19301233440645937,-0.05064759921073925,0.32991736295405705,0.1324998935273467,0.1912108104623198,0.391566101781621,,0.05237865468705771,0.31459948126964155,0.09218442372081181,0.2298199595121393,0.15538822322876733,0.0640268527683785,0.11234244377606228,0.18428664693914,0.2501968073180245,-0.017204757079073985,0.2132884493677143,0.0740615969679641,0.4627358021475636,0.1152228879137287,0.48638132517856625,0.10224822000323597,0.15717458146093244,0.09549516042896311,0.1093709095745996,0.1593579742590694,0.4175992107689477,0.09306008510678176,0.060010678927671535,0.1895042932326494,0.1843019823055252,0.280912402493835,0.10118896354500206,0.1971162821844108,0.011542277875332685
2020-12-31,0.11457383646431962,0.024574515990328782,0.011735270961676703,0.04865712903755148,0.045248383056930574,0.06689743659741798,0.018792806501379822,0.012292185846025205,-0.007087218468757817,0.04631430830297001,-0.010252585150988924,0.03548913442300772,-0.023718462438622967,0.0280583830144836,0.07340226901057889,0.10085341085965571,-0.019857201705007044,0.0019119689576660992,,0.09960831361552125,0.019563380429389543,0.015898584490463774,0.08305820702057898,0.05821369876283855,0.06918546194529074,0.019527844764803293,0.0980157039129641,0.03845435276988596,0.001999683213939729,0.08486722727289853,0.012930808648482284,0.08446452815016281,0.08832900286054612,0.11966607186554845,0.048562579357572355,0.046490634396555874,-0.041927526294295525,0.014662798051787718,-0.004590406391273061,-0.0015179418357668117,0.04299339204025654,0.05964015556448121,0.1542503858197002,0.010869435679732753,-0.013070993053497126,-0.09467051635570611,0.3819155076404446,0.04021402745418512,0.007773363073775519,0.007523075731302509,-0.031314772063527396,-0.03433810654725633,0.12090191811364304,0.03135376415304569,0.06171236375894007,-0.0102772563807777,0.22410629440643093,-0.011871261322543347,0.13806141215136503,-0.0035690249882562863,0.03376065152572538,0.046211754910044256,0.06377996444608836,0.023488450793024418,-0.0080093803828033,0.028000840970202168,-0.03193834097592696,0.1124412070284806,-0.0920463210187843,-0.04456231057759119,-0.01146032029281796,-0.003548417532662773,0.0618799364539917,,-0.028854549053847323,-0.03321287803388662,-0.037947921994696654,-0.05018251380734706,-0.0010032258461041277,0.14991511408680402,0.14224994676963587,-0.03727928573639605,0.04305601505375556,,0.1305573268674427,0.0191063037683048,0.030403339438123567,0.07905837931920634,0.12678197145617598,-0.02863069671923546,0.08777996252241405,0.07796062932688375,0.052216368243332756,0.027542756137504787,-0.024614473511409662,-0.04937416380469828,0.06279074106566229,0.03148666264668565,0.15921722980097175,-0.027451527289801825,0.03009889184177794,0.04599476807835079,0.07708580174997759,0.06071139082957844,-0.013153173240338933,-0.033294541743784656,0.02326922549729571,0.035400564408043955,0.016894283980346314,-0.013755925840519101,0.011925808708879604,0.050447219559660805,0.06378607317566831,0.02557515774694963,-0.31602725243205076,0.02058651539164158,0.02830933094649013,0.10836135094210397,0.03900551409862474,0.17303785958339613,0.04837652030612172,0.02502681606717183,0.10195643362263485,0.052372738889218784,0.008138471874232334,0.11990212716051096,0.0297071814073131,-0.025567532786533564,0.1207556148561606,0.0989247266992519,0.20913851516961235,0.035543814657491346,-0.03915433976218019,0.0019442014749506686,0.135116526099484,0.01926953628341299,0.0019217562912867692,-0.13131690494804615,0.10874444656562843,0.07916263067763585,0.03239846642249522,0.15450660146110695,0.0937792463418563,0.039597003034561595,-0.06379473606478425,-0.00292805523994466,0.09140976830920478,0.0873308061156679,0.05637576378754838,,0.02639938001886377,0.04911100385049871,-0.0655242323583719,0.0679629097905492,0.05262491027096883,0.0003477108146470176,0.032529238004570304,-0.01671027430468608,0.07526395163606936,0.0021879592856506314,0.014367320558183794,0.08953133715322026,0.24325228028976564,0.017860377049200515,0.026983490872034777,0.0463864525215647,0.02028587368193735,-0.015608292601017815,0.08812994226747728,0.03983825609456715,0.05207348717683824,0.03771677865155043,-0.027478980805653586,0.23418024624728062,0.02603993036522456,0.10347361269368771,-0.05309944039624881,0.08103864466629096,0.03192429782211281
2021-01-31,-0.005501570396588051,-0.0323976670448517,0.1333265436617448,-0.07068392765307419,-0.08268016977370907,-0.0027077304624337772,-0.06288318776466917,0.01596593037103755,-0.011093405331041084,0.12027793347199123,-0.06618689080165874,0.050060753302905825,0.012920138082811228,-0.015576012236527714,0.05847124550407434,0.007784857141758028,-0.023644082844062053,-0.045040792664603035,,0.02889130433935838,-0.03508669123078367,-0.09282441999350521,-0.021775053756769247,-0.042497530242085024,0.04623930812968724,0.15416966694075485,-0.12703433343540638,-0.028106621296342227,-0.009672806048576454,-0.054293471307556795,-0.01725104620793383,-0.014186429079473983,0.03672284202519305,-0.05150298628697736,0.009849834362836152,-0.053599078872853645,0.00043975533931694955,-0.08161135398776709,0.04260745316949244,-0.08273545982948194,-0.049680321124380256,-0.0017029005776351136,0.05472928850225145,0.0010003414234145414,-0.06462661481200738,0.013616192546260786,0.018789517467286077,0.004280228846855971,-0.05498633096506844,0.05606547646091187,0.00888111972444472,-0.030718196273066378,0.11728277569721657,0.07340639166007734,-0.005457919194307825,0.0706762182249352,-0.07180694572205115,0.026649271767150262,0.04111300734892187,0.12457677952406687,-0.07508780222490807,-0.012691279346826012,0.028232983783816,0.03609738789568939,-0.020309573248873614,-0.01563225921803879,0.19795216642109814,0.034204389565562376,-0.09352095645023895,-0.12724423584170674,-0.0981029168194989,-0.007225043347006577,-0.01111125730272533,,0.12598693237810132,-0.0032802639742885997,-0.0036108103087088006,0.21709880780543633,0.04263263113172511,0.028288743257969706,-0.06719592339984448,0.019577346083122116,-0.08147645908452639,,-0.010166736036970714,-0.053781552320084525,0.11421111425719022,-0.04749508214499798,-0.08612643207114168,-0.04742965620000816,0.03653600908125809,0.019883695099619736,-0.03317958224264339,0.08172710944156791,-0.020247643857800424,0.04876922192159583,-0.12199124645317516,-0.06872608301784455,0.23175787462211872,-0.09341401763561585,0.043151912191647934,0.02473133449925391,-0.06436789993219383,-0.11276157657707842,-0.03141031653160964,0.0031626451411705947,-0.05182142276338031,-0.04959889345638946,0.025558974009543878,-0.054290766335002294,0.004977517786987518,0.0019513537638251588,0.04352013843816982,-0.057824146189231596,0.6575093485094534,-0.056567458622023836,0.08245695476444626,-0.016565541978902365,0.042892182433156956,0.041101393246930185,0.04821783459545581,-0.0048419859281308986,-0.015423657273946012,-0.05570073276547183,-0.05943159707866441,-0.09832495662148932,-0.013207808171101343,-0.004997906219025294,-0.06227812899120466,0.15886753610049098,-0.013056099009572053,-0.07909636493398953,-0.014111741061192729,-0.07299574982105694,-0.0751603002786333,-0.028633197005145994,0.03552071028262116,0.4938429488274947,-0.03792716698181753,-0.029870572487184943,0.00269020190961089,-0.030597690733424554,0.00046965417404543075,0.025863168725911878,0.04290952316701446,-0.06684378799749979,-0.09506429929433102,-0.028280474927081634,0.017406909318079755,,-0.04085945839487626,0.08970481070883696,-0.035682591881069925,0.06370652117671094,-0.09806553079049074,0.018933848666209396,0.001043066424432304,0.026284421405879055,-0.06223466583218151,0.09429350318790197,-0.06503520263531848,-0.028994927826265005,0.12450585757436783,0.01562607090294099,-0.0013725430357689472,-0.048762272165043474,-0.05162815739130733,-0.07957207062416782,-0.08027473930889706,-0.11649053467468284,-0.0024745441036146953,-0.030718433694381764,-0.05810865646591801,0.01877582427784974,-0.06220979346748967,-0.009940380350786704,-0.0253901944255035,0.08782147941313201,-0.0665317082955913
2021-02-28,-0.0797119712614448,0.05132715025767287,-0.03082795783980763,0.03711982809684233,0.0019618205977194325,0.062156452590627964,0.05390050657862577,0.06749007226954307,0.17387818013275735,0.22480686762005098,-0.013194736822412345,-0.06145707088969965,-0.04939301356970327,-0.035328413767423905,-0.09012876004923953,0.3816523043949611,-0.04176036917416681,0.006406180344628254,,0.04299661084580442,0.16342669168265966,0.09176575437145185,0.1706579729512463,0.014359074005488193,-0.07884196205192173,-0.03442900454011222,0.19758993071264208,-0.00963981643536238,-0.0016276999764476274,0.05849833751615163,0.05547022276078084,0.09424380028250767,0.044486560714237955,0.13605756805672575,0.18070415522250904,0.11608378820877086,-0.02203954276008524,0.009645113857248866,-0.03294159828026644,-0.035897233069471346,0.06354696787008818,0.09882253778718386,0.1567204937636526,0.3112084280540999,-0.05895189542173651,-0.040166793171366066,0.0009267699046056066,0.006505111130229446,0.07072519496538376,-0.04912782213469791,0.19029962166917058,-0.06269681811636252,-0.11109192675326907,0.20886454535721222,0.11222413158524702,-0.07639588665304642,0.12410054185302477,-0.07999298867042093,0.3086273668314832,0.001571475756163565,0.020910226532847354,0.08901106464730724,0.2668763245547585,-0.12003337111003476,0.10611712145903796,-0.07122239206961345,0.11111085038773005,0.26012649007582245,0.08141389673293631,0.11777084141308447,0.12347843026307137,0.11446670698608918,0.17415748879451165,,-0.06402424438734922,-0.053184171099384336,0.07273673355309151,0.012825623321319535,0.10646518924839743,0.17815367010449412,0.23823020915284476,-0.04608256786541276,0.04031203066460565,,0.19022184081563465,0.011831669073490758,0.1015841397804913,0.08003206606487878,-0.014498931421474404,0.04103787553766902,-0.02257070214716117,0.14377879564040796,0.08564619254506645,0.11429412371528147,-0.028539082800029925,0.04403397777840845,0.01744550462370653,-0.004604780195267111,-0.010695435186925728,0.03406329618389958,-0.04255313535720018,0.17200162176044476,0.20207495241006002,0.11875176634629292,-0.0020764919662323855,-0.0283716291480407,-0.04112560108073293,0.05066037853665484,0.2075123948862494,-0.0027482958293847393,0.00479667856578736,0.061343727759071376,0.28023906449125957,-0.057740023732032464,-0.10597138897803637,0.04831241473768344,-0.06179573769620761,0.14645805267860434,0.004117916122502674,0.16941381872095151,-0.08661358753242487,-0.08758403118245395,0.012133960587216386,0.01095891756155054,0.02253127933470811,0.2197093703449262,-0.017858479764955137,0.0557938967164906,0.06751620061535113,0.32652061638903374,0.021553850268925645,-0.05403824715944361,-0.06713073226645516,-0.036502721665907956,-0.014221882895791738,0.08789968916467705,-0.04001932870354252,-0.32063674214880455,0.05486494089226723,0.1730771433387681,0.12370730015494247,0.2388544108011028,0.10900087268969849,-0.12855148933388116,-0.1057278820251577,0.08546331469291801,0.1206476988196179,0.2013988585055444,0.26253697520138686,,-0.027180498640818618,0.2151082437736238,0.04139653381892883,0.10753183384980347,0.09809499300807256,-0.025847048341891,0.19719193966217108,0.0161393089755546,0.034347044802643945,-0.11697071641106993,-0.048461340629216254,0.06749790490162311,-0.14874045049393914,0.03971268211637069,0.01610052405086848,-0.004076945359822837,0.0478076587037386,0.02470528673120631,0.16686113867161412,0.10074865082155715,0.3851846522813358,-0.07215819210394303,0.010045411849869845,0.2144249416314643,0.13057882090295947,0.21433927126419783,-0.07523676140164415,0.2331248497584668,0.006418260564086786
2021-03-31,0.0073393962274797,0.004455096181265272,0.0005010963648977018,0.10103625978853725,0.03415489640574809,-0.004749203268197388,0.08859664494528952,0.06869909044543587,0.05841410969733829,0.13038316577697917,-0.07111586775897039,0.10621556923507058,0.10609344132037468,0.00037178414851712915,0.07879509219233527,-0.0927518865419491,0.10649099412424823,0.05218187331399471,,-0.00550305783410332,0.04883312869309364,0.20145279854950449,0.12020045852102124,0.08559637310012169,0.011705592173482327,0.025175883151049572,0.0005712193176108382,0.09204496015984409,0.03737832118595685,0.12167966027906618,0.062201185212874766,-0.0033521727052597816,0.0765561247385056,0.10428076016438959,0.07406890805789201,-0.02396576229648839,0.11468797486058824,0.0058687958028602605,0.15659469554023575,0.048271157546545984,0.026365419014290792,0.027002485453768266,0.058574094458165415,0.018458070633551094,0.06489440968549709,-0.021385709940310083,-0.15504632172761157,0.15243987813599302,0.05319490087828571,0.10421277646385274,0.04790017410559044,0.12198543225650682,0.09897620087891235,0.07429363124667465,0.08733185670181243,0.02560903939098047,-0.023910148690729827,0.12781867860175344,0.02689416432223135,0.08543062903061327,0.18786402657535395,0.05029097275166783,0.1234511744998319,0.048200504845701486,0.06790531144935108,0.14417957613875187,0.047008889485149696,-0.028899902883562145,0.1189763593088684,0.02165108986607911,0.031810679393036834,0.11066240690522355,0.04782153771296915,,0.06458632628634442,0.114706508609147,0.1378136032064048,0.11942352509439402,0.02008496644836244,0.027558726393394073,-0.015022585347139294,0.1889865562893862,0.07274494283006461,,0.10305640082978029,0.12049072559832541,0.05297788310944851,-0.01814729209634014,0.0029044507823918764,0.10119302423536891,0.03717045851272682,0.03438169729808482,0.11075065517907312,0.061594356304868425,0.09308120881332105,0.13265317038182745,0.08488914595743058,0.1517776225258527,-0.08819375497721949,0.11884943828312533,0.190485208821346,0.05200214572859685,0.019394175616860743,0.0062173810991756895,0.08731913337894559,0.15340016568729142,0.10680911888666178,0.014993532803242449,0.055381989534246445,0.1432732966282675,0.10065128749737773,0.19371901607678432,-0.020688114704411342,0.07088044540075278,-0.15412441694097234,0.05710786675290169,0.014498867332713772,0.010276912332306543,0.014588099074932304,-0.03627210825506777,0.028986748329073775,0.11914866316809758,-0.031901234274240076,-0.01402278135350199,0.10964835276017904,-0.0913906376248731,-0.06251638440557827,-0.026369460702538094,0.08773832920127678,0.0007120892499590248,-0.1011693982990397,0.10364154428809869,0.0818151236002922,0.09633276706911187,0.11239078590403317,0.09921239982248409,0.07659349546321614,-0.025522958692015263,0.07036030935428195,0.04187429316340996,0.05050731511088924,-0.018181795633969933,-0.06546080350976191,-0.021793542570503588,0.050091903218431266,0.0733435087448413,0.011478541911611018,0.05605943126284463,-0.025797380578400975,,0.09590944569663207,0.007527466045231135,0.07138101879786052,0.05739679458137914,0.006286589321623737,0.0853353632784446,0.023876285244167406,0.0797535104457161,0.002424710261333063,0.014583047293634355,0.04434447296472732,0.03934924446401866,-0.011206569460840976,0.09705694397708564,0.053333300899192304,0.12392940979907241,0.07015910004677006,0.07704490596205127,0.11461975664448354,-0.0031075074563639005,-0.06988835495562973,0.011009156924456809,0.05153744367400659,-0.025974058651658805,0.054933718348401106,0.08017719150930191,0.04985452546077207,0.02685310730522872,0.01442937458218152
2021-04-30,0.07621781665687122,0.04283585172699933,0.005681573173405674,0.05291382455679505,0.06935650453196018,-0.012380617057901833,-0.007852545508530762,0.04982418218010731,0.04847425546154738,-0.006661690269510578,0.03974525791824246,-0.036855383621579585,0.0712413989743097,0.12066273709568298,0.04398952643320109,0.1189638465670626,0.025378716679115287,0.020766956106292422,,-0.016089824535278408,0.08420529468680726,-0.0801272124854654,0.04755759686535921,0.016006857268035857,0.023278082198939787,-0.044396830840873536,0.058476075493000934,0.08666264526810474,-0.011246529863345844,0.061608951856671146,0.07625165731102457,0.12807236100437924,0.1982859663058052,-0.01394554799254899,-0.01176905923720506,0.0862189133319542,0.0983557311069696,0.09145569169481904,0.03007362198169483,0.029486192561238855,0.04245660032063614,-0.010968073585324256,0.1717361809334379,-0.03454791207376806,0.05789559715013448,0.08708193691203259,0.14245795179740783,-0.008412413293693577,0.044907521794052885,0.022215915851244716,-0.016413827156437355,0.051869488519243445,-0.0021995679591525485,-0.008793618430320338,0.11548482693832329,0.12822125485134017,0.008129204819934843,0.04309533590610082,0.0700230654598406,-0.08899426948557498,0.05694384636052141,0.00299262200961814,0.020992854897623703,0.060580624084821455,0.03362748283478956,0.02743466128515415,-0.05795924918938833,0.14770800036749065,0.022074574178304607,0.0874046816507208,0.009072595957228646,0.05454384042186278,-0.0007614916225766599,,-0.017948324442983,0.0008125882508367432,0.01608809883280804,-0.004176894068109505,0.14107981466101882,0.06559639317770483,-0.08853696363271357,0.060343945907197716,0.027502773440669204,,0.07433097894037055,0.06468576927909253,-0.10109364319890635,0.07751281063294324,0.17059573145019247,0.040357401883530875,-0.009857159313194419,0.016330304223037606,0.032249676091551605,-0.04555096949024873,-0.041208161934211285,0.04012694737107769,0.02409404527292458,0.02034697020201781,-0.021678750129400792,0.029932116850235557,0.034960917539587744,0.042352575181378915,-0.002979479049060818,0.0743255297481229,0.05327005186046341,-0.03835100964262783,0.03895440552001905,0.10827089238797338,0.04671821168163737,0.10372450652234289,0.023146986323979046,-0.06665365006706092,0.04038139711216093,-0.03359697515303384,0.3655594615622417,0.11828543051476648,-0.07586908274759885,0.06748290523189171,0.06960158177317521,-0.024260619387119653,0.02512942300911769,0.0355068720881202,-0.015699885718497786,-0.002031645959720163,0.09516738310041495,0.08964983587279285,0.012517234824735102,0.1244545977042022,0.08476456326700887,-0.04733318796454311,0.09728004004828095,0.019158508113671147,0.06679557621028342,-0.008538398922404822,0.05474605735327631,-0.005135882526360214,0.0993395681255218,-0.01073422027361648,0.0705432029988804,0.07266732516507246,0.10164649910056922,-0.0077261348438748545,0.08009382918107866,0.04683620520171905,0.017246533006600062,0.07726181661816844,0.0477715370418863,0.08008613524859043,-0.0051488385012904425,,0.06451111644698315,0.08207553021593839,0.10632772838706517,0.20964177891665714,0.07820851038920718,0.06128472626436099,0.016975437788540493,0.046397670732294394,0.07331837457544843,0.030347630610418896,0.05459322355857443,0.028324424142397442,0.06214724771921731,-0.03959852356540838,0.004769806351796468,0.07184135403545899,0.007622186530019448,0.19924676017979803,0.07304270700193616,0.1031030977684615,0.03296083289217733,0.015403218241868633,0.004501197388225631,0.05812727845882981,0.04746597783172213,0.15305875858473894,0.030037611971484468,0.025255409708306642,0.10037919294954967
2021-05-31,-0.05049683777328062,0.01524653277246446,-0.028564180504854098,-0.026933951626430308,-0.0073966435706659395,0.07923714489648681,0.04829132180911633,0.06111062674893164,0.09060918497481762,0.042660721006502644,-0.01886793511032847,-0.00011241111576099083,0.0027083728219354786,-0.07047025525869333,0.0768156563874034,0.039999595542792754,0.038754747115670396,-0.0011881950024663634,0.28098603186840676,0.03535762893630712,0.0442124080089783,0.054244406326233285,0.04589203323425384,-0.04166178326354142,-0.027812801338001458,0.0005611956069206947,-0.04238718421628118,0.0704744989920989,0.05286768560383903,0.044105636320899366,0.05270045314078531,-0.024082552151550418,0.04723686029135754,0.10485671561777266,0.056858529160485505,-0.009324692474010354,0.0023271255685468617,0.03130153197378416,0.039516740798299255,0.038165963226959754,0.021193163376277857,0.08302391215864202,0.08124831723048698,0.09843035225136343,0.01660892375342904,0.03377895782189233,0.06541652558146915,0.03908862228716026,-0.003475097416830608,0.13141370160105947,0.019311634453390125,-0.047059234650141724,0.10095740492364924,-0.026291010152816097,0.003152819834942422,0.008663372874593955,-0.03961945023127034,0.004912664879641593,0.1360135147932171,0.0945459302998517,0.04963215514566666,0.06321699426037841,0.0909831532540919,0.026262235342919604,0.021635575752710245,0.013005177518749855,0.25909866124665304,0.13285632762810562,0.08439252558583332,-0.025637362201028635,-0.04095908829372552,-0.0016819970372969895,0.0716463019958633,,0.04159475488815634,0.03286224269754201,-0.007680495957438693,0.036525564264240806,0.0014233716885108105,0.07124841522275305,0.1477506694429751,-0.01470647390218316,0.03967941618443449,,-0.14306670904302277,0.02442928602516936,-0.0010115559421783882,0.06533858372572121,-0.026381580987598907,0.005640761869018851,0.04655529759408261,0.06781074057054348,0.06534914277864834,0.007940292922895553,-0.02017694915513224,0.07566000075321044,0.024268347542567792,0.051637121829360755,0.09767858887782577,0.011095792210264577,-0.007235572593385031,0.047384970720634634,0.08559833319347332,-0.05622167719987581,-0.0038046182426820785,0.027973498667160035,0.0447295815869162,-0.03307382945619919,0.034582892880473004,0.011227762767852978,0.037506834384668064,0.03078544404770933,0.12108123877756105,0.018657363427342588,0.03461574169043646,0.01952818319311933,0.06834768515972867,0.10175656093007279,-0.007627335733070839,-0.02242348088729995,-0.05534767910161886,0.1773755787167084,-0.02076074336486211,0.031031072837658824,0.03664109196579557,0.07826101283016529,-0.06416257840593753,0.08228123033611445,0.038923282127703684,0.023659600399779768,0.0279011868318626,0.02622128960334713,0.011943577761082125,0.010718000283705509,-0.016478069505339255,-0.014822155406157833,0.011241756245865098,-0.0039062564675176326,0.015052450905697512,0.04134805310624712,0.07745415529992528,0.05203571893108894,-0.008654543897313016,-0.030691830857902502,0.04390192885841282,0.07213035722197425,-0.0013704088769591616,0.051744530449326476,0.1582253320246112,,-0.024205429201951456,0.055446427340371196,-0.025993317514621972,0.03908053318025817,-0.028024318402869675,-0.06303736160255657,0.04956870862950158,0.09841321859975438,-0.04528538795252046,-0.0015525504623381536,0.07053674348062877,0.03258772153098621,-0.11871335524117288,0.05157628902771716,-0.07193716621834512,0.032898725196332856,0.016747281566801275,0.057726293977577336,0.024094464435430396,-0.025388885732356314,0.10081681883690141,-0.04385880934590358,-0.022495513890617214,0.06512824710644294,0.004739275809788834,0.039332311198918335,0.019139347063464873,0.03459678428505164,0.02109455966776208
2021-06-30,0.09910943068278155,-0.004947123128607123,-0.006172320044005697,0.04476210349354903,0.16064852002322239,0.045929544667687505,0.01804091835092625,-0.053281519423280854,-0.09359178833667148,0.030913011723899597,0.17295202494301298,0.02441769931923643,0.06252792697111076,0.06735498737093981,0.06756435955529838,0.039903945649546024,-0.03495777937999012,0.019328070722325563,0.011573148144345513,0.017450919624447225,0.03184911059227136,-0.030200010464086824,-0.023270642474027325,-0.01635205949836238,0.008870024683942379,0.29456398531167616,-0.07345183325521298,0.002304534722454621,0.016737440281734628,-0.01632080791207391,-0.03980095673197037,0.004935348724748101,0.04823572929304887,-0.1011306917552608,-0.09727076750796027,-0.060516708436386124,0.036435744216218646,0.038759998523619554,-0.08050623313907435,-0.029004379862595853,-0.005580684906357769,-0.02375581422200923,-0.03787739578169491,0.09257279420531606,0.04599888029989674,0.025913647342679758,0.13126268045587763,0.0018903204918305772,-0.03875347289556097,-0.034705961951254194,0.009153348908749859,-0.02571833965583381,-0.08487987517120932,-0.02071599948060243,0.010442211531386691,0.04852805369499369,-0.016120913502281065,-0.014966933291996831,0.11188404836038912,0.15325204247248259,-0.038461053586339666,0.00574754783704523,0.0385860492631076,0.0894232735904621,0.02017199010474191,-0.017952046325025117,0.022711882489172996,-0.13132021165725627,-0.050002987084168726,-0.04650488854738488,-0.07213539738483998,-0.008688450596762598,-0.04194580112915891,,0.052462761990453854,-0.03070303372504235,-0.06257189478087599,-0.00236049955597617,0.036039653710413955,0.020187042957239054,0.03191237881409359,0.00518091953639499,-0.05006285453303971,,0.039443774870743464,0.019827359405926392,-0.017156940374459917,0.11633177269439243,0.09197561738960669,-0.030460965893365333,-0.02664689632259254,-0.05297115607500158,-0.06446439835696127,0.023099724375407638,0.03312228486554081,-0.005998184934625672,-0.013967672586429836,-0.034872081956628165,0.14909375191223528,-0.010073345272548773,-0.004414139455511945,0.003313865474652955,-0.07773170904075277,0.012507643375587296,-0.012399040746601364,-0.005977381781808733,-0.012233375632296983,-0.01448523320610462,-0.0843023482441202,0.05773731861255205,-0.021719689609585813,-0.014251410618900895,-0.022330052633416475,0.08319344885900248,0.27009352307643497,0.016841430660227363,0.20766055259056682,0.008136320551588971,0.08498895881060942,0.009983354411917666,0.006109599425245138,-0.13098907959796868,0.0505161195072068,0.13212669127823684,-0.006668867091179642,-0.049627900932908586,0.1596818026674225,0.23162216283107706,-0.011429988640753064,0.20495792402146296,0.021472801812908004,0.008871582444759607,0.011102715805748398,0.0005931797854579202,-0.008780592454995517,-0.0033748728350201374,0.01943227157274796,0.1485838664074779,0.04026914682435323,-0.02013591863575892,-0.04206794439402484,0.018997522091031005,0.12099096110837837,0.06778158747036511,0.1116772358267919,-0.03832700119360377,-0.018177156786419846,-0.01408260298302022,0.025797190145440352,,-0.05334796901032668,0.015487234331618138,0.0816402859214318,-0.08167110064482441,0.019939658190993192,-0.02208637490262899,-0.10165086502241716,0.06530930592245499,-0.0017767205368381944,0.07508454819000976,0.023895171794092063,-0.0572890508183308,0.08713734718910104,0.013065060709103848,-0.013968185591056503,-0.024309110145923407,-0.02135916502457924,-0.030894750481113675,-0.05579309468979243,0.028684421375468228,-0.028855425646857502,-0.033552220851127856,-0.008142939081302036,-0.05396784755630213,0.11140854224375518,-0.030607981215221458,-0.00711129676177813,0.08069225228874477,0.05478841703771975
2021-07-31,0.06498211093280792,0.04400352139418118,0.047533689096699305,0.08069033027858152,0.06145411743420559,-0.02753233654271714,0.055432562292411,0.024971813816345945,-0.0052521819237882905,-0.017345612834983704,0.130522752011051,-0.00906667213053014,0.04686443582562272,-0.03272228272228317,0.04990206511461159,-0.1319120452801188,0.011645157892590685,0.059639996064253964,-0.18225352244190984,0.017951666882644934,0.03476934977772861,-0.05460010838351881,-0.06960966199884189,-0.03913042565915792,0.05164690031963293,-0.056429891839608004,-0.004492330591698734,-0.008914493080896424,0.023217396337108065,0.008816039187514724,0.001331300731545637,0.06641721852354965,0.19379859185770765,-0.03710332487887713,-0.0448948349614563,0.06165847641045463,-0.010302616204766246,0.0313257678335892,-0.031973838638250096,-0.01747605178495437,0.03617772172055589,-0.0025861039398404895,0.0453164271519404,-0.07243623290289358,0.08809239486508558,-0.009579720052727891,0.009152055525453395,0.052000758502416256,0.007481404631630273,-0.006965789548264434,-0.027974142519246015,0.017670356486980454,-0.02655383575663728,0.025177025236809092,-0.0306011449525031,0.10854811099890105,0.0014223738529615115,0.06472849108459355,-0.1147650741559626,-0.028486072810830376,0.005788428525367317,0.04831685738686087,-0.11102919195557948,0.0221906156696412,0.06660805262966707,0.05619492169697704,-0.061238302746693174,0.0288368349666146,-0.06160960484406508,0.05209335343369914,0.07690149936982094,0.0478964793566945,-0.03789000243322915,,-0.008277424367438613,-0.025745792504380027,0.023472230108003034,-0.039378020454051255,0.10350603980374595,-0.012251944838566398,-0.10553612920275324,0.02916387891217309,0.06583080593495727,,-0.043723067938303384,-0.03840641434893899,-0.04310659057348565,0.08245783111032146,0.07809578592006838,0.013911488376961767,0.04528355616580271,-0.018550756788893397,-0.056645327926225675,0.07387202065989729,0.0145013718165512,-0.03202534595637707,0.05396392006626671,0.06326557025974311,0.060909733765193375,-0.017655686439199125,-0.002462050816707917,-0.02042393553068056,-0.034412389132293386,0.05835457155117241,0.05073814761280637,0.06583375480064468,0.01313255196197649,0.057842618059067874,-0.035923268837556366,0.02470469406820297,-0.0034736598989824063,0.007550402911060905,-0.08606419893048856,-0.011572730859758296,0.5048089732434808,0.05031862471629611,0.038472825292417134,0.05447104936404745,0.05171633142727794,-0.08707954029456533,0.06304596113624616,-0.008835605033952088,-0.020143488257281073,0.08427700232734536,-0.0011282689823984837,-0.09856404692861853,0.0697661633344262,-0.025171940149300243,0.12360507370485196,-0.16533413409915065,0.07546148635202998,0.059256208999060034,0.10310878350588348,0.06073146697174825,-0.030075863731253705,0.016020442482208574,0.07119531956619785,-0.17640369568325598,0.00988837375833751,-0.03738332133205757,-0.02137217232601696,-0.14437168725459693,-0.05472089998188623,0.04806527678656791,0.028771494787420915,0.019223927026847276,0.08603879152850191,-0.06674880716963849,-0.09934375286575903,,0.055528228516767975,-0.019832828234749633,0.044512138580294236,-0.0003412074125773712,0.04316011746290416,-0.0016049118933147977,-0.01927929111294968,0.07987947145307195,0.020616936126586216,0.07044992700335584,-0.005592569597966612,-0.005276813791329937,0.01103427987887895,-0.0032080992370560057,-0.13288108518245056,0.029417722926172063,-0.00531973543656894,-0.07986738630512435,-0.025100962095417678,0.053759551792317284,-0.14229019898981754,-0.0002479941008128872,0.006721926860441485,-0.08767744733935257,0.04524662645958122,0.014351874324210145,0.010849734600733907,-0.08734945685930129,0.08905610616465309
2021-08-31,0.042489325384494014,0.03852128031682467,0.044552793541682734,0.05943065652906876,0.06767692517054358,-0.022587255100764092,-0.0028144900579264442,0.03649200628898597,0.15227061155561938,-0.03253635803656929,0.04265937164655842,-0.05907273358400045,0.03313296599882776,0.04303416949999406,-0.028549687034181592,0.03893309062977668,-0.07394411086494035,0.05711157543883982,0.1452741195353704,0.024330360308720378,-0.026798639134949287,-0.030819480127225907,0.08837314811582608,-0.014608964436462202,-0.01583567618659154,0.03727846315375949,0.0557371241753668,0.087779514915576,-0.014881301180900697,0.07578416521177211,0.02687836515532882,-0.009868354458335227,0.09074355200680029,0.0634425673134753,0.019927567122023593,0.0899609600653235,0.008286434884534177,0.09758750963351415,-0.07773744453812992,-0.019496640678137278,0.03144638928324728,-0.04907364644499512,0.03401024387175067,-0.009454440214232251,0.059969170218761025,0.09647420700075715,0.1080004705008879,0.06592014464557439,0.009303636608425814,0.04893165724942894,-0.03668917622156498,0.03966884205353427,-0.013724621032390139,0.04546588983434674,0.008693831277160946,0.08965006228687789,0.029996497844032355,0.00495805901315971,0.14357575571871717,0.12767265613078704,-0.023124231748646196,0.05078188015485674,-0.07329134070221033,0.031681140436932376,0.07010524380725647,0.055825666752561176,-0.06594985647388918,-0.044881579082876155,-0.05093765451292398,-0.14277108412516926,0.02328208054005243,0.021833634918877465,0.017471182210367475,,0.0657489072323314,-0.0178388499192228,-0.03901287706579981,-0.13775516241476793,0.07400932221034284,0.10840585164886152,-0.03168790519718456,-0.006124831175681411,-0.004086276414779766,0.26088187114853945,0.030135121951807342,0.007063838875244199,0.012868720873712824,0.06819263789061214,0.0626349395399759,0.027308520855994223,0.011375182171724063,0.05382790669112558,-0.053989429975231595,-0.020421497304136227,0.015399303047656021,-0.06386670480952383,-0.01262475453599854,0.023422486580539692,0.06416414898533462,-0.024934869668906234,0.058124572084222725,-0.05112906459752431,0.021677795048052673,-0.1028916159183445,-0.016266959353233634,0.003865927687518367,-0.018811052632847325,0.01652588444781844,0.08308666094463169,0.06477689697710498,-0.008656424155597198,0.04558697901608855,0.0841133879983873,-0.007545112561737288,0.06529976227186784,0.06778963226221602,0.011237792296404647,0.0880395806671408,0.06159126880026511,-0.050012686894699954,0.08311019201219727,-0.07688657225352036,0.09973527738900967,-0.014913245064767433,0.01724650536061567,-0.04634303615118984,0.09483061132746218,0.14820988462891926,0.022836946414803716,-0.01570882731543566,0.15534392214174453,-0.003567813905000383,0.07615015039908091,0.0011252135545294362,0.012399839300176074,-0.0459885077594836,0.05170269216049639,0.21326583433283886,0.02907355742908635,0.04764003830354824,0.0676102926922395,-0.01958636862572838,0.04765364332278499,-0.020760815372837693,0.17192528735632173,-0.019336021305121465,-0.0286912450485437,0.07469749384663138,-0.02308406402244423,,0.039561742014001755,0.0626779921998617,0.037045902181783275,-0.0035268789274303103,0.02273580127629793,-0.022459965176895413,0.05693805202503044,-0.050650975091874995,0.06068411568066567,0.027666420929003177,-0.04860454133869785,0.07245532117877596,0.07060538379906944,0.0015215023223733581,-0.09940174380647127,0.009824799651957372,-0.003963833607481315,0.027715868230669516,0.03330936807930662,-0.06890570644502703,0.004408498859460375,-0.006399486720925052,-0.013983667349718898,-0.026644103752952453,0.014994215848574965,-0.0008945214517472877,0.04275693934130609,-0.03864508095842867,0.009175995814723503
2021-09-30,-0.06803667204999819,-0.10688863360618195,-0.0652054807281548,-0.0494412799472973,-0.13255995161329337,0.027799992426207787,-0.039272468444481956,-0.080275226073662,0.011997875890362053,-0.047361784058665535,-0.07062860918178859,-0.05710993290563071,-0.087353714244508,-0.05351810876292584,-0.0700619278986393,0.10010251507680157,-0.04421048927704507,-0.042535516681242336,0.027982971278472935,-0.017550039183014343,0.009460085160698073,0.0020045669312354075,0.02197697145460986,0.05905620048329219,-0.020207149346653797,-0.16499959524206376,0.032265481508047866,-0.10704101310013936,-0.10780463140098862,-0.061209780166167294,-0.04489619997029104,-0.03898121986156933,-0.07468392091488141,-0.02405780976987071,-0.08962865714654311,-0.05261694774098036,-0.10348299578106435,-0.10910290514528342,-0.04990775707003703,-0.030403993557838627,-0.07827950442370579,-0.03687084347457359,-0.024100789775725495,0.22042154473001818,-0.013479884701335543,0.022429822392469934,-0.12533808263595414,-0.0777701282060621,-0.08576698152540807,-0.01771071576748351,0.04836203292119223,-0.054379226916551615,-0.08146428352133483,-0.11100455236879392,0.06751484429872301,-0.06018470608219462,-0.06690578050276907,-0.06755210991299654,0.22275153196936004,-0.09212901000037887,-0.0031749387289058406,-0.10710898128059942,0.1888330032997636,-0.06321649426516796,-0.11315049583904169,-0.01387180819474032,0.08672306454417078,-0.10607344945291575,-0.17230536434394594,-0.04479822006616552,-0.07886918111317098,-0.02136711317063933,-0.021818675504032825,,-0.030584435401058818,0.034768892616905855,-0.08752175595707834,0.0754948249822931,-0.0761695042641144,-0.08580210972569702,0.08208207955357594,0.011493747388184872,-0.08464506025984153,-0.0505414683933566,-0.07401078301869835,-0.010047101619912846,-0.014428449692453493,-0.04698719288458053,-0.05638979516731646,-0.10755225848712424,-0.06717507261663336,0.023382428761502094,0.023061891223924436,-0.016031232793703,-0.031160548479166827,0.028272837390125094,-0.06116142179916528,-0.06426099630326843,-0.10546289286099997,-0.0408557977910361,-0.0050518637842795755,-0.05666597361149184,-0.06477309884330618,0.004187980770278266,0.015370986914753137,-0.02331716039768872,-0.057048884980721914,-0.05629627313104735,-0.00435489462362304,-0.10540891043220624,-0.09920906018692144,-0.077184754149758,0.04285502459542334,-0.006644110857381813,0.02168887641616446,-0.03670487386566057,-0.014381402554156097,-0.06817955966760902,-0.06611909927776782,-0.03555997979156955,-0.06512702198500397,-0.0547106488273007,0.07229574959382701,-0.11842878086126829,-0.020532999447323896,-0.0045558286825551075,-0.03320174749221183,-0.07455882554310245,-0.022438867788283412,0.15188334815178184,0.038955487782840637,-0.03164551697414886,-0.06642044246995193,-0.018189474823191776,-0.06176041038645541,-0.05747130214746077,-0.06411938526482364,-0.08731963643647045,-0.06834817927259984,0.023756980279182605,-0.006422282102883203,-0.014910522964665773,-0.09855897023151783,-0.11663583087695617,-0.10130684390371902,0.014157498082369102,-0.061111611890536266,-0.0001374979383707009,0.057061332597172054,,-0.05720381893880777,-0.02242510108305429,-0.04265254357835524,-0.05021174242002613,-0.04604191590162421,-0.014952379529174498,0.027865456974409675,-0.07373073669587671,-0.09268438145825153,0.029995097756889022,-0.06758125677266713,-0.04290687065225196,0.05404233150359361,0.006809330817463932,0.14460909391094767,-0.058035528426131244,-0.09606154585319648,-0.06916136281247698,0.04366624640886263,-0.027717420891589017,0.06424372498255071,-0.0943631460883021,-0.017999803623974908,-0.10696192135153082,-0.05860841779123549,0.015536237360737504,-0.05887922417762126,0.07887022439221414,-0.05093886517150492
2021-10-31,0.05865724881679868,0.07592656166087708,0.09529893458537675,0.12482879734154406,0.12964638790848237,0.03588493643846835,0.1228992580853101,0.029541514346963282,0.07651678175336163,0.06152419846056589,0.16841595310080026,-0.026710464244883658,0.06239414971132984,0.02660245759664326,0.19220691705691362,0.2258654731626768,0.17062958785888305,0.04834062506605519,0.35760669160179437,0.09638494165108091,0.03988539490643839,-0.058697842678930634,0.12555958804610134,-0.01827692495064237,-0.025343728708402846,-0.0576345387520093,0.019760931283248517,0.1249613634126594,-0.013013525860746888,0.14854505597729384,0.051549817536325815,-0.005992125494134859,0.1991671294723094,-0.007392168344021566,0.06858614860797085,0.12623974736434596,0.040272422367464644,-0.07239263165497833,0.06719612817675857,0.014173677329667456,-0.07639116825378978,0.14050093070150704,-0.06754335924660337,0.10576211034256766,0.09566085036087268,0.10497012161539687,0.14655378465526292,0.035239660415590235,0.2162071032699091,0.058199054748094614,0.12853633108449913,0.03985246158409872,0.02368007920204107,0.021607367498643226,0.057189666620637736,0.024076853818514543,-0.00059083032452667,0.04529165808843194,0.12869602652373202,0.10119110999934655,0.16719444074061207,0.029830156099452054,0.15714850204799324,0.05940801062535406,0.10347574790954606,0.10033076723446244,0.20621465865205857,0.16197824068431643,0.07405730727437643,-0.0899079485405393,-0.09225808420488912,0.04049147939790765,0.017858778488063942,,-0.07115278194703678,0.041649859501920794,-0.025212558528677764,0.03263154763235088,0.10749871139826883,0.09343187631502858,0.15587433083873647,0.13245602334446716,0.029866308714533885,-0.16896388547931218,0.10855265622213062,-0.09954635598094375,-0.08033042271163315,0.1617714407141917,0.08976514741219743,0.10279209604248574,0.008544964816416645,0.04413056623578138,-0.025257909236591658,0.11434612337966965,-0.022274210980916864,0.01702238099371911,0.07432799323221362,0.08800912242311854,0.1026185770785133,-0.03703269031103651,0.15679114793945192,-0.009804051523410795,-0.010974925486255338,-0.03375550200280364,0.018414817974971465,0.04263215399182041,0.044001468308038305,-0.04379725161870596,0.017333639828027714,-0.046613052529828725,0.018583848027866834,-0.03097522278732523,0.06665578030578656,0.1722808596957348,-0.10302446449522373,0.10530799588550077,0.13686884594348392,0.06351991424216297,0.17629131609187354,-0.02648647827561934,0.08672961831686088,-0.0055248311460783794,0.13102529379150107,0.15189681600949156,-0.008135575837338815,0.06941270097942276,0.12131389335804244,0.23416692860724964,0.10494358933625025,0.1335361346606727,0.06281836196108248,0.07439661352073212,0.01697270876347412,0.02915885096894777,0.05082510735566004,0.060689581900172485,0.15570426036265306,0.07653902558925507,-0.002637577719006523,0.08538948933215851,0.04610267545050806,0.06782798652538569,-0.10614493505027289,0.031477566020482683,0.05743737691619799,0.03373677632442296,-0.03843709186606514,0.12616711544416104,0.08839393037375842,,0.00564782867314495,0.12779885409202008,0.11595950168494795,0.0793746443537735,0.008911138564483556,-0.04060478452204752,0.08218256021038917,0.13485158798506047,-0.007426500092233668,0.10806364831849513,-0.09964002581338016,0.05835147343229807,0.43652959572908157,-0.01860091083766191,-0.021874990154589713,0.17845622054812882,0.23156968183799265,0.17226812976390238,0.015646004262065638,-0.049292815544369484,0.09579112573514847,0.01951592313823447,-0.007233708436041986,-0.07352934569274383,-0.024271673918155323,0.10234836691837002,0.07203308572300626,0.09605569575060224,0.11495947487061176
2021-11-30,0.10508167507423094,0.005319559789545902,-0.024206864568830033,-0.003874073272238543,0.02996800337253136,0.03896489703785733,0.028509199733562474,0.014573039177140368,-0.10983250961388047,0.07886999164048936,0.3172252407498115,-0.03102035978669737,-0.06912063242643962,0.039923701306486814,0.21125726104421405,-0.016787557273696962,-0.04125939692131986,0.04962915377342525,-0.07267174951296118,0.041397818615509285,-0.12360465215848682,-0.044341364681007356,-0.06927585301740169,-0.055597589542962345,-0.010225659932793119,-0.11601915416366726,-0.13174658368179892,-0.041178134072800354,-0.08167804455714012,-0.07449323195401947,-0.03595695959400935,-0.11731975998098743,0.02189000005666153,-0.07894734620019017,-0.05225251297016864,-0.08143117577314074,0.007487623453731329,-0.0423920709013097,-0.10163385365980615,-0.015356409380902769,-0.028193699659489924,-0.00013622821127512452,-0.06595601556846442,-0.0585314111881281,0.09732663790938778,-0.04915069940875516,-0.22945348191719706,-0.020189197475643628,-0.03923566010613466,-0.002464074851714293,-0.0027555524504019324,-0.062294397701507576,0.06680214352211622,0.00943578019447755,0.012958221400386716,0.03165789152639964,-0.1429587911228667,-0.039738094182320105,0.04940134147839981,-0.11844966056782935,-0.06641687227369009,-0.08971818086076855,-0.05905257589276336,-0.026207792274743347,-0.012088440865649752,-0.0016578405262277496,0.12919337636121986,-0.016967455974806422,-0.0219081112600088,-0.05634825105636132,-0.020002043491035626,-0.06796561060828665,-0.09421178358506743,,0.062422941308264424,-0.00048546799479320946,0.049321751550498005,0.06320046428111548,-0.04153082244446593,-0.078287130652817,-0.13605468051171177,0.07766160401791433,-0.07092669158002374,-0.2582213431922762,0.16320445215844637,-0.007825147157443313,0.01106424679198792,0.04202925674038549,-0.10187469345522904,0.018782833605009985,-0.03639905452468628,-0.06510083736719241,-0.052951838328268996,0.0976790523169404,0.006332554357050713,-0.07701502812521299,-0.062325043966675264,-0.0033209656017202382,-0.023216530742495745,0.011307392897261792,0.04606106852074099,0.2063277181162848,-0.049571672257897936,-0.061397157620611376,0.001653565813720892,0.044916338189032956,-0.02963467704544198,-0.10979465258695353,-0.05886380661578983,0.002750483115132152,-0.04061015158573633,-0.03332594277831025,-0.06888371169191676,-0.14923357395968884,0.020914809534539724,-0.016666643668857395,0.03897760847524334,-0.07744698655046156,-0.0012821102896758418,0.21562970504179213,0.02149729813646184,0.017037039018618083,-0.07012785433648494,0.011656317713204967,-0.019310215752148863,-0.14978607534313237,-0.0717439271874809,0.2780533640448717,-0.05420058450654974,-0.11571721242308242,0.07434835734609124,-0.011262330927065412,0.23917767253415212,0.011119693885383475,-0.020447005991437783,0.021635688897505112,0.039941930056037744,-0.20208654218833488,-0.0909664984022619,-0.06648326412211092,-0.06064565892052287,-0.06410848383695378,-0.20508188940494165,0.3571860759684664,-0.005328514890929892,-0.08401210767282896,0.03811383052369832,-0.054457809424863446,-0.10720940703487314,,-0.009204982240821002,0.042707011491592395,-0.037251449644932544,0.15268914530505073,-0.11064765278933253,-0.09619961516174447,-0.058562833678249326,-0.05757234230911623,0.06366108319601915,-0.00037896958414562754,-0.0540727224962857,-0.08658605741315473,0.02761218887377903,0.02608277307114104,-0.13281605968408183,-0.035290125231402514,-0.023860639128810313,-0.06614492650216608,-0.08331965832231003,-0.08338692186406804,-0.1233360176649907,0.010869030688542392,-0.051330387510941655,0.10613883979876215,-0.0025899863275078427,-0.062461147439240805,-0.05882741902449784,-0.05934227554316518,0.027011942256846222
2021-12-31,0.07422890091340584,0.17453158769771648,0.11902656081377527,0.1599045860352939,-0.15345223822308918,-0.02111966469453952,0.07271586303837929,0.07850003404542139,0.08735430858708737,0.06909436018738568,-0.09136832523102545,0.13118470412864913,0.1199051510379272,-0.04925196878828475,0.15871354851596386,0.04346150739987853,0.06376749498860534,0.08801912872529827,0.034573608876927286,0.20948285432470093,0.07419595200383,0.017538544926239297,0.005265077034691146,0.15544204651229987,0.06422740561168672,0.017731367516670593,0.14148473984812537,0.016772733408022322,0.16259562455660515,0.06004748816763472,0.08063174441338306,0.11583924041931803,-0.08525977916592764,-0.05196227057232006,0.06925279262651962,0.08157679535250284,0.15770067657926767,0.00880414239697358,0.20263045694333148,0.13756335014926613,0.007003195936989837,0.05501654894609831,0.03244828872910288,0.032087567716232,0.05250501828613641,-0.10819072905966542,-0.057059958664801846,0.15554318440300308,0.08482453989863203,0.1583205636271181,0.03969177628901033,0.11326987025638102,0.09221200965919296,-0.004645906662264387,-0.005312379089610908,0.023578411113562403,0.06894427059370867,0.08133162876108702,0.06727564347852688,-0.014230573074000885,0.14427315125232698,0.0584016879135838,0.04477126708144441,0.04141855941760886,0.06639537115970695,0.09539133107974362,0.08233491962467587,0.1254047209255691,0.12615950990239932,0.04839193849742629,0.0753212238428227,0.1031910930418336,-0.004603651929716235,,0.06408724422303891,0.09082065253604155,0.0037746111562118045,0.013132800647899012,0.020821369431045733,0.009393241875096603,0.06132823526042852,0.04022965645955945,0.0310026813029618,-0.31534310473262883,0.07502094123815484,0.141417798057474,0.04674801828425945,-0.013919906285005168,0.10778809844548931,0.06838117381670106,0.09709498676815875,-0.0030220585927650534,0.06813456220306091,0.053855341299512194,0.10597984939353866,0.02587327897533509,0.12888490811294373,0.09256145058672627,0.11361077468731295,0.06627261953733465,0.05678909607280658,0.06012832393825818,0.0585331712303625,0.14098828964684107,0.09595264963925398,0.1467524278366954,0.13100692419640403,-0.02428334139220567,0.06529146429034727,0.03664556998686064,0.04463692545825215,0.13273892321776493,0.05160237457361583,0.03280062472407219,-0.279346250302855,0.05974874097856642,0.22931024794894284,0.035224599668070455,0.017332869026623676,0.11011052042373226,0.0758240567834183,0.14040185732578414,-0.061473793583464276,-0.01341555442667941,0.10971922597195172,0.14161116751367664,0.0021770337661681793,-0.09981007831382083,-0.03890243804064031,-0.02194172375312542,0.017954422327189246,0.09452898243098362,0.09901348173165947,0.13141536227054607,0.12079534598477903,0.05316853137101352,0.1212564496957449,-0.11815983434053323,0.12047590578259215,0.017868031045708666,0.0584783735408092,0.04756380980514918,0.019957749587655726,0.016622136273648946,-0.007870946597527406,0.06351937583076572,0.06685525537284742,0.08670358470685757,0.04428180160655337,,0.12242237599877392,0.05641223478977353,0.0355473950892764,0.10779491606831271,0.1330233724257215,0.07752958111217745,-0.01281409271633327,-0.05085293564650095,0.093947945001291,0.054799133567225766,0.06589454297968245,0.07064209257158005,-0.07685451947850863,-0.02027329468310446,0.10342106066252055,0.13407261035991458,0.07423489822561247,0.08050635871733114,0.023315172546757967,0.11838757122895283,0.12204929804045661,0.17470847991641714,0.03361816028761089,0.1274204968374979,0.07724190665757957,0.004186030884891112,0.03301254765806583,0.022560218671996868,0.09903639359100103
2022-01-31,-0.015712248144504892,0.021495510258683348,-0.09116366732487224,-0.14486373384594986,-0.0577716818443712,-0.06713301084849055,-0.16388187560549494,0.07586936312227266,0.015652598288091513,-0.1218862105853048,-0.20604583150860567,0.009645801940633358,-0.14017085539390473,-0.10282991021845655,-0.13523479959239115,0.23981764056632837,-0.07276664981970826,-0.08998408820616077,-0.31657122099529034,-0.11951999141730585,0.10190249859089029,-0.00536460258177629,0.03708705588027805,-0.004659546693871586,0.010577452577722912,-0.058019332590788064,0.02371586150119187,-0.10116210112846413,0.04985816797684217,0.02629477204437869,0.046889595363451164,0.009887052452177914,0.019939717101935983,0.07832426841019458,-0.020324970426545352,0.020536862007590084,-0.12565891634291015,-0.08992736856334971,0.0036142452241911815,-0.028616375623492285,-0.0018378903740181585,0.004552330561018447,0.011303336553934118,0.22776345195440362,-0.11021694914716718,-0.08460224017168272,-0.11775336073431775,-0.11633179799809068,-0.08989353517553578,0.03799231488154997,0.11913067524118803,0.02673120461139855,-0.05174542194353682,0.09772805882730307,0.011393971346187248,-0.13136368756285055,-0.0769579200624757,0.0015253924084415171,0.14801382008692987,-0.09669172422182215,-0.04864749448222161,-0.01097142933355777,0.26420705623042395,-0.142982186291865,-0.0832661856862178,0.0032896528998243024,-0.01760382055816445,-0.10510268919237631,-0.04941220900425569,0.09867159575959739,0.01840250521116582,0.023157755237928734,0.00010603716642454408,,-0.05412455303677732,0.026940690472669004,0.12919684766070438,-0.10063118500448398,-0.0659189056375481,-0.07285322291567686,0.34411853455079644,-0.11573202256558979,-0.01932753996759018,-0.20326579751282203,-0.02495320405146706,-0.0006736669738870438,-0.05203877716975924,-0.13579399042071927,-0.20907319139813685,-0.05218805068129784,0.007131425254892632,-0.05594745814502433,-0.0027855469651006937,-0.09495254963683286,-0.03687430636138911,0.11174983716144826,0.030400291760151354,-0.08010236267445037,-0.11161393011525844,0.09487648134528315,-0.0787191563427867,-0.17969819206550675,0.04879114441920396,0.0767198124816304,-0.0321557772552542,0.03278771577937012,0.01085792739040703,0.0003867016925358513,0.07313172449206595,-0.06864861700930025,-0.0653608090962623,0.0736441790389808,0.12126877711620776,0.06315252785922953,-0.33329394172954463,-0.1130681590863889,-0.1833240526367267,0.05190066750144329,-0.07534517547088271,-0.11680063650650696,-0.1632391768217355,-0.013705282469109181,-0.29098331668313326,-0.11159761328268791,-0.04435897881226514,0.21180799723019827,-0.09756441426114038,-0.16745417655083894,-0.06591559971906802,0.2994133945697459,-0.07069478848615363,-0.0010938069798015482,-0.10092090183165792,-0.0138382498472569,0.05957825318563903,-0.025493705256075305,-0.06854362538395076,-0.24711692875167457,0.0826316645435432,0.03298099633519258,0.030765261640837593,0.17016284091715184,-0.08823842961429673,-0.038880117821852855,-0.03630912689101906,0.047989914171744585,-0.1594426496442346,0.04280643696243369,0.30450734094108256,,0.013269152631433245,-0.07867556279662657,-0.12016621801688498,-0.051602018081851386,-0.07243292587529959,0.06465914821455354,0.07292923919708127,-0.04757169625962099,-0.052028581155031395,-0.12879908924071914,-0.06733918633182867,0.06232808907468246,-0.11360931817914044,-0.04134027682685526,-0.10803717496605147,-0.058887835129391775,-0.029293770021144194,-0.056592214640073246,0.03596210220027296,0.043652809873965026,0.10464645750293822,0.10678504688742274,0.03678483321454662,-0.20656346603792886,0.010026953448008413,0.12130027023584078,-0.033727180503143606,0.24137951255096524,-0.17997426169173858
2022-02-28,-0.054065846967698006,0.079479710877151,-0.05366396935055395,-0.10622763835269855,-0.1246864994183784,-0.017672407711610938,-0.008391333137927282,-0.02144394372721714,0.06043286697742012,-0.02705174402838617,0.07956233118503797,0.005643459628252634,-0.09793251449436013,0.026672518265588474,-0.012710113689089586,0.07286984251245321,-0.16241331237438594,-0.044980440677789835,-0.09841658674474973,0.002662395149196639,0.08185989388472414,0.02546939025578787,-0.04204597521358466,-0.0022428448724803873,0.06744316343345824,-0.06632745793435435,-0.11558023802749462,-0.09605798606524141,0.05825240652151553,-0.10310500889579544,0.026931261546338847,0.02960365030057832,-0.023539623914420882,-0.08328441293242472,-0.06935907200723246,0.0322386166466897,-0.08722793103829574,0.014224562745472902,0.03176262582993439,-0.06670706633481227,-0.06461236492589628,0.030631590690601174,0.048565949533017294,0.07579740417643244,0.029511220744550037,-0.09500055781902894,0.08065770246594495,0.0017961829594668188,-0.006101146284261061,-0.02685192741731568,0.10798658338876099,-0.014009548287840623,0.014482281797185914,-0.043517645816423034,-0.10297479522194264,-0.039819636846647466,0.03839959015897221,-0.03470551976750502,0.1775756583340462,-0.09122685725051627,0.024626540383797746,0.015864897844042325,0.030857832201760083,-0.020927121948199456,-0.026131268984361578,0.0382307805747546,-0.13497567872388505,0.261418748706433,-0.09594908311922679,-0.20588711062602016,-0.07596971628323612,0.10537455475962987,0.010901784277137505,,-0.12055919758036793,-0.018200406374900724,-0.032562578249636154,-0.1139767842959899,-0.001822017863151948,-0.037752242964829485,0.09076133963702349,-0.13938089493052208,-0.06692687806468589,-0.15123671005941042,-0.06452476741364055,-0.0717547556012389,-0.015498506899350839,-0.14563335045854187,0.021641192395627007,-0.0751537267503607,-0.03867628691376934,-0.04576039625385664,0.0955306889042502,-0.10231597453003716,-0.05448580084015153,0.0023041714225386922,0.020160591792779625,-0.0798293071129017,0.022834741833549277,0.12246986690955364,-0.06863302491785084,-0.048430385219872196,0.005169071720870111,-0.06615232511830171,-0.05133306482980282,0.0728811034095933,-0.02312372914993177,0.01449428965164401,0.014364321150285075,-0.3263424631544968,-0.09597070829488452,0.008058238196478662,0.09330683028774511,-0.06013767488351551,-0.09289550320346274,0.011520736098630024,-0.04299739360007804,-0.11507728627743075,-0.03721180220088416,0.08010223964900876,0.007469154523827015,0.08222975656257203,-0.0763684268388427,-0.07780117826151767,0.2000599029757102,0.04445784905199068,-0.010003730820609236,-0.004124857838380014,-0.0639477104502223,0.16087103664939728,0.14853113505311755,-0.056362542292759055,-0.10912900845888651,-0.02842049735683272,-0.025124232312765504,-0.04078992380266144,-0.06995278129290727,-0.13566737064200884,-0.017306966848175453,-0.032719956196771816,0.01092762043840989,0.004126954913366898,-0.3490170435471771,-0.021449541321557408,0.016053577255056517,0.1450379892499949,-0.061682136006731225,-0.03490203644552514,0.007478544083518113,,-0.05833101283199216,-0.0654893688843563,-0.09343225140479017,-0.03723733567892207,0.061681031814805554,-0.07098066362940347,-0.002239188208971288,-0.08979839867868689,-0.07815923779195999,-0.06416658539794917,0.13904037420326154,0.03399947633802869,-0.0707681586632628,-0.05292764303121733,-0.036631087986294775,0.0069829949081037235,0.010650768466085259,0.0481624592453167,-0.02835523004063012,-0.04288098905023674,0.018035671527869557,-0.0536103625414156,0.008265990030548176,-0.015462039474206768,-0.03154775680591204,-0.003538443434329297,-0.033259253968404234,0.04383010905270668,-0.03073238266759748
2022-03-31,0.05747350703570486,0.09704276636078135,-0.018736471969127866,0.06711573092949608,-0.025786857995771184,0.030506880747592113,0.11853918755155446,0.054018436311295215,0.03061630182797548,-0.017883738516120573,-0.11350738134973604,0.06773240647384804,0.10733030635305263,0.061437285030015776,0.1324043993003563,0.15997760467169808,0.0644075864579805,-0.006092852542789795,-0.05182510401749085,0.07915379770070086,-0.03875817265578685,-0.0674003924453015,-0.06286115685326377,-0.08744255010413782,-0.016235055373886254,-0.0019429809676955179,0.08111433195983087,0.03410257076960432,0.07133956453121715,-0.06622735272920433,0.09786900065449755,0.002716838387065934,-0.0041577539957313725,-0.09842983895199486,0.18786656994414241,0.054381268157054796,0.11757139955046814,-0.09348932670856436,0.012463882160984596,-0.01455500062501458,0.0012828391964772035,0.010158147889859359,-0.14340726641511736,0.05733533165257554,0.1090034149598822,0.008502429603254313,0.1632600482612634,-0.00017928071149275748,0.10439388736602906,-0.023540894346219088,0.13076377648788595,0.07738031661705502,-0.04898547469141579,0.15693352266893745,-0.015109671422473547,0.0698832701708425,-0.07611451258138824,0.11204081776446806,0.009615722330407861,0.05325670533076199,0.09019040528374211,0.05520902537343586,0.046472829545824546,0.04944595213602754,-0.011025465317709982,0.11912606648404789,-0.037015635891145315,0.0594249660480346,0.04457113358518905,0.059915451467461356,0.03818985795905916,0.02870550641147518,-0.0411246971845074,,-0.0031823871601805997,0.004300797659705591,-0.08638622648769756,-0.06378415814341387,0.029695138864810566,-0.027085971753918137,0.13349301069359232,-0.04652397082963222,0.02545468180978161,0.12489591768639396,0.06391955780572789,0.061301027481439174,0.03899351973542897,0.013639153835431905,0.0390934682204811,-0.02664626696441763,0.0769278209944333,-0.03864583389188003,0.014967711106475878,0.050387618609854634,-0.04517534850187488,0.08678160435396509,0.0037692324101605834,0.09368283290296842,0.14570904202300494,0.017519319214004625,-0.08536137948826206,-0.03921788353464484,0.06960064233070296,-0.009533943776842468,0.010254488845535814,0.11336207346454952,-0.0358829642355496,0.06307600838722349,0.04041434008891964,0.053689223852763535,0.0015471535901627753,0.036240881676689485,0.09798387353148486,0.08095920644806953,0.12148429467343114,0.09658336525934308,0.049465831972225205,-0.036808273275418024,0.03186182115162883,-0.12345273362579345,0.08227938929679768,0.20871694979047617,-0.05051708525488763,-0.012324824365935627,0.011489738950149375,0.14615159573184044,-0.03971239793043868,0.1191572079686054,0.08898265267953342,0.3006037963088297,0.04755573450985073,0.028953819016804827,0.10289744048624772,-0.0198216070765711,0.07608790740738525,-0.04261286402358466,0.11285257998266585,0.15864971310097364,-0.057971227282869076,-0.07427859392230485,0.058301983636687815,0.025522247250765684,0.03323503630759417,-0.1077536488507016,0.12947144218317552,-0.03534549022814626,-0.008933378770439315,-0.0017761432545932987,0.05275227429734164,,0.11950002572739082,-0.03145413525610319,0.09177540215769286,-0.12202239731698827,0.017780308990091642,-0.002532771133700762,-0.08871732324811599,0.06232173958867948,-0.08350979710304862,0.08636190402513755,0.041717404972238414,0.06901929066886248,0.23800880933275548,0.0793574500921923,-0.009714085095173908,0.07482958308964416,0.11083583729875701,0.019199602597238297,-0.05229203296698748,0.026143107321977554,0.2159023350895215,0.134553501318875,-0.0508663656325653,-0.02532384328882009,0.1542802729828816,-0.09199931817306584,0.10606661954737318,0.05317526528519467,-0.026129657700087905
2022-04-30,-0.09713080101669591,-0.08624815393742824,-0.03723897149359534,-0.10667975767491811,-0.1309643640525674,-0.06538311784828266,-0.04113563262032649,-0.11042086074333746,-0.06786666266930008,-0.16274664549619144,-0.21785257447067996,-0.03568779696036706,-0.03547371230692986,-0.23752509313621095,-0.168441479006868,-0.006877941695503265,-0.0633826674253074,-0.05109506892896154,-0.30724529258596567,-0.11956865231314451,-0.0630697026881889,-0.2227676431441744,-0.13440072885028964,-0.08356978047624675,-0.047482375781324415,-0.015004765292153777,-0.05882199371423347,-0.18253791413900544,0.030672192425665212,-0.14581565158440524,-0.08523424322832063,-0.04922104899779989,-0.18998450560400282,-0.08789136918064255,-0.05058051428744903,-0.03482948221140958,0.003304368128059565,-0.21452930251292268,0.02992338430411179,0.02204778338277502,-0.14599760932686878,-0.07786090593417117,-0.050803334744631834,-0.04479990296392711,-0.07513232421336036,-0.17134522767003169,-0.1247137885144487,-0.11557715976822336,-0.08304425807823657,-0.04526871731433246,-0.03783072576507407,-0.03919053306127551,-0.10396850479801822,-0.09124832546334827,-0.056798459903585896,-0.1438653627253873,-0.18613310461744081,-0.013433868906968849,-0.016235593115918046,-0.09325902395672425,0.02180289198244778,-0.0802653240662351,-0.014784411710535128,-0.03039293904878304,-0.04441223102765324,-0.01784612352003534,-0.15705445064042756,-0.18220509641927318,-0.14110367376689736,-0.012646888184246197,-0.034319559216628215,-0.014120607339473623,-0.18524583327636424,,-0.0018502338143328023,0.052143124439552935,-0.04659977404432458,-0.13328777761652288,-0.17946696180702315,-0.0745533450730208,-0.05941361723314753,0.003574818294867166,-0.005499138066133669,-0.2742412924453891,0.009090992141876475,0.01684384252855331,-0.12045993764422902,-0.12793020770839925,-0.20677536176906453,-0.0586915574517749,0.01822463818395259,-0.11792312592108634,0.082254491592755,-0.12784799877327446,0.12723292701996836,-0.025792241571659824,0.042096817736023695,-0.02338517579727062,0.020113891270310047,-0.021023907247344376,-0.018101532166698964,-0.13364730834703786,0.031219537994987334,0.018199900093291976,0.007602704945357752,0.01136747737545618,0.027078740135995094,-0.05939613483253536,-0.06545242003071639,-0.09844400207338933,-0.03130029368012077,0.06354084557404382,0.020584720178714377,0.08092633752368705,-0.2197259494468664,-0.0481916602742285,-0.18933980628748703,-0.06999876130185867,-0.0998671209526033,-0.12333823718320613,-0.16161018333919153,-0.083071242369675,-0.49181773447775956,-0.07327597410554232,-0.017486021883233227,-0.07547201200542786,-0.1414821224893975,-0.320274075675433,-0.10930561834905805,-0.02908013101324225,-0.09835981309716968,0.025869397880158296,-0.05215386068476979,0.05661490897956334,-0.05733785156775906,-0.04560192335401503,-0.007368974727473443,-0.24253459830514112,0.06450922699746475,-0.09208249318013528,-0.08174662237791852,0.004282633516210055,-0.23968875005870072,-0.08591776296753695,-0.056284177252541645,-0.041990597418274156,-0.17950964328177732,-0.21326062312903882,-0.055676492670780675,,0.012136147099609529,-0.1030707544032109,-0.08211045934218342,-0.0874305516718703,-0.09758749763413466,0.07197039880748224,-0.14726656870860666,0.07741947640109892,0.01155486428885144,-0.06387889496134314,-0.0405920989538181,-0.06386464681748971,-0.19194510982164703,-0.07210615289326294,-0.11771302486032187,-0.002784477774855021,-0.14245480069686123,-0.16077601151514498,-0.08635929626451588,-0.03895936946088974,0.09789255165479527,0.04694026111315419,-0.08002017881058354,0.06888224663661924,-0.05544005770092164,-0.09966965596393362,0.02733002234470905,0.03220713561606492,-0.05848486211452042
2022-05-31,-0.05449616951531344,0.003336152338592413,0.03488977669083737,-0.006325780254893831,0.05184997637672084,0.09589336286338979,0.021816914863481918,0.06501869389501258,0.0029054435996362926,0.06548982414650362,0.19106647110246322,0.1098363207802111,0.06269206753207968,-0.03276431760316645,-0.11499524920499349,0.148546257835803,0.05165113786848963,-0.008950853192905894,-0.0010485167477704005,0.046429515491874795,-0.03371297239167803,-0.1171728222957934,0.04260084037862355,0.07022247937849713,0.034831632153832004,-0.03586580386542226,0.015043272929970986,0.07107634347966929,0.0023913065915137643,0.10817902594044515,-0.021218523281151702,-0.02612211524280894,0.15969268443461093,0.1078616883410426,0.025221073671151784,0.023444038070673745,0.023972953175746436,0.18306145821166364,0.08716291251809505,0.02284234768360216,0.1136821244390176,-0.09350767271076976,0.03142030630910675,0.18157965420598265,-0.12318500501856378,-0.0892350551199752,-0.19505931819865496,-0.08023684342986914,-0.071316500193923,0.006449592328915177,0.12399834157674294,0.031602192862029144,0.03418766757327907,-0.052363805731592605,0.06232726063092531,0.05053157755838322,-0.010660197294150797,0.030660040631616203,0.28760559578793177,-0.05835281779596857,0.015300682086514472,-0.010726280320211723,0.1730042732639956,-0.039882862070450775,-0.03874048089930948,0.058173602781193656,-0.03389825916337563,-0.03625140361347767,0.13001892922953862,0.05395866777455227,0.02308008760714242,-0.049126988806906025,0.05016738880594751,,0.09285474920278691,-0.012441839332258398,0.025766696336107175,0.020311390296099407,-0.0030453079154040275,0.07647288286122245,0.14030976438883802,0.007823001899474047,0.0057012224321562055,0.02600715007691634,0.060333009005990146,0.06288590937375305,0.027096128594729763,-0.010244790030448536,-0.048725463908947275,0.05560360006132692,0.0012394457794298042,0.10782499986323257,-0.10360580073788916,0.14661383202144096,-0.04184967031604958,0.08484874987053992,-0.01903735211526192,0.04077450221756762,0.0765626076619792,0.024859138308781725,-0.01228957017492116,0.11651924115646173,0.07752517246507473,-0.015163248805282081,0.012241222235922944,0.06311781478906564,-0.014267964735333427,-0.040341141102056,0.03368803269283216,-0.03406989922052406,0.04561566999077571,-0.026633074368122123,0.17356967886919117,0.0376593717194833,0.08124393922640505,-0.010822454416220983,0.01842295525318871,0.06886694838053598,-0.018077082118989618,0.08285646980132255,0.07182655378425107,-0.06863400553757892,0.037192698529690205,-0.04691253154949948,0.06897704671891902,0.103144121889168,-0.02223383590897865,0.00673966281446714,-0.020163759204032572,0.2581232844822774,-0.1042260521252596,-0.023062139654067892,0.0897196013959094,-0.07891612583578511,0.11195979075897688,0.010056233002947446,-0.2046916881435903,-0.16538455542727792,0.06249994208249121,0.056050512995563295,-0.008776202273645728,0.1738858586379337,-0.03093370963158526,0.025269870971537545,0.008541859364053161,0.008200306386629608,0.05912247472588317,0.060092772723357335,0.18245157765273357,,0.04048164444422442,-0.028389921257402806,-0.0694910066129536,0.03205770837621391,-0.028019517435803665,0.12884410743922947,0.039397818139527585,-0.28909995148174106,0.04284356768263575,0.026495601816012737,0.08242660028589421,0.04665027193731297,-0.1291974857378615,0.04529754135416142,-0.2630241073602212,-0.023144397099268854,-0.05638821440618069,0.02130216487804759,0.09287465841928211,-0.00260315059256222,0.17203517100961618,-0.016726474283729975,0.10777543783437671,0.1435838519508279,-0.012101211661425637,0.05478377287827496,-0.15616988820375133,0.13763495559127037,-0.035655836749730274
2022-06-30,-0.08142979497667058,0.03928923228476977,-0.07500419718532336,-0.0697244590349394,-0.12106226492917915,-0.1324819883301156,-0.05338828632287451,-0.08651138682049964,-0.12327074927904047,-0.2243159862205134,-0.2492636877823482,-0.052348545087324894,0.0038380370725024093,-0.11645921262241232,-0.08349629465635067,-0.2576047417760384,-0.016521538245399703,-0.08853183735353831,-0.0963002341869742,-0.1556417957557824,-0.175816083690296,0.040487120025361145,-0.15835203530908548,-0.15212232895769184,-0.032977389238976085,0.019700012207030992,-0.22043984926416194,-0.08321800523635381,0.027632717123507344,-0.10512764057982005,-0.1359580368345359,-0.09119722060085433,-0.22548599274904357,-0.13892528298046736,-0.171832434320896,-0.06572864023158942,-0.1042232438811388,-0.07575009261889132,-0.013502269735473638,0.016875951460991745,-0.11382093154698225,0.03470748641590804,-0.18512425199572302,-0.19449190227245938,0.028012372552840947,0.029955065460959496,0.05356579643217674,-0.05349621774062685,-0.08587615344647137,-0.04227386691922652,-0.17107516681361967,-0.04473991025189861,-0.18084005370455292,-0.15990666403305775,-0.07468961437732324,-0.03806384520047035,-0.14523718238424077,-0.047191653029196146,-0.25201685988686207,-0.14382558147604196,-0.05060174751545432,-0.10286494801424251,-0.18254728874970716,-0.04376433955841785,-0.09098096706589709,-0.07792474719414877,-0.18640337593069511,-0.25127953093734023,0.014598972631971519,-0.1187835036430881,-0.11189857307171025,-0.01058794329131163,-0.18577026338932556,,-0.03496753531842145,0.08017164756047923,-0.12032387651211984,-0.17890380291101238,-0.04218460073791852,-0.09126504261112722,-0.22567886332362241,-0.08834965180070997,-0.10231393219270501,-0.18290259203170067,-0.15065196526438718,0.01692622471894767,-0.15781167787233374,-0.07001883131427233,-0.11830079400802274,-0.11821380399133086,-0.01125182334081365,-0.14837774084731692,0.008194472165165445,-0.12544881659770102,0.025102733833772595,-0.14880648010553665,-0.00024425662451754704,-0.11116666533549513,0.03442425363972723,-0.023062411744938394,-0.10563233388780824,-0.17776926342424837,-0.18955068999823477,-0.11845064899683322,-0.015708101164627397,-0.007545204219597146,-0.01755652092707083,-0.09696392178725866,-0.06825956648196263,-0.16726913285600642,-0.13316364074180342,-0.21274456580096712,-0.1923567172311187,-0.0012371242755500056,-0.017064581960317238,-0.029384278635902095,-0.26407447520797034,-0.11701877978376085,-0.05532076584929302,-0.2513541647645151,0.02338486964200781,-0.11337294902944794,-0.11431321053423715,-0.1379620815423548,0.02265098824495726,-0.1525069064095247,0.01722028070465198,-0.18797110436792652,-0.028503758610372465,-0.14888039380778206,-0.017582265304622924,0.000412422281570457,-0.011500695978285957,-0.027657689669723706,-0.026051213288943664,-0.09596943225202725,-0.07047442504548584,0.044930803679336995,-0.05902154782193092,-0.10056448056886969,-0.09948244676098916,-0.18668789589608437,-0.18037779661104414,-0.10339004521474349,-0.11073495602349925,0.010407946862239559,-0.02687912086492661,-0.0987159086485937,-0.22193222260259982,,-0.05749415030276739,-0.15936106678056294,-0.03553837270412552,-0.1479233705366445,-0.14869337301782504,-0.015500195618241674,-0.04644149457294533,-0.1275637481032862,-0.1214410279167375,-0.042234997589361445,0.009377799136929044,-0.0503316062579614,-0.11188774122303635,-0.1307425292352089,-0.11810351673969643,0.03760576864669929,-0.029575022452328126,0.0015908651058789136,-0.12425206713468606,-0.07201751761993125,-0.17993842981726516,0.048911278417897774,-0.010528281264948758,-0.2613280916718066,-0.07565383870710785,-0.14419950430518003,-0.05480842359259808,-0.10791682283113735,0.005616237465879026
2022-07-31,0.1886338780878165,-0.05424188252509232,0.0062012494167418275,0.10696697468885841,0.12036277619091984,0.17708259688784245,0.14797202931604403,0.035604531399060724,0.012517002038477276,0.16487172605116918,0.23538642229191908,0.017139258647461908,0.05962677011590789,0.2705959712975001,0.2441860455652456,0.06886006270878897,0.03222721328237865,0.19804316168284397,0.031939672842068,0.10224169016052387,0.11109516706005818,0.16522817536714585,0.08609065825918272,-0.08671950745521406,-0.009005039200602472,0.054525816338471866,0.10674706219899122,0.09874553255300533,-0.0418183487737398,0.05089921082318427,0.10101830708249948,0.10142202127366673,0.13285969057442548,0.13963412434876132,0.11675313879913407,-0.04039077354352849,0.07293003459451275,-0.07775381036581552,0.044930244745681636,-0.011476716782387153,-0.03738233061498841,-0.025500913842604223,0.054131884006488606,0.08484596768789943,0.13135216901897073,0.11500240072783097,0.0892264402157088,0.07360139637864238,0.11252602058225536,0.038595862818628035,0.13123367861743085,0.027189527225187415,0.10780676523723498,0.1459579942700988,-0.017327414404323394,0.14969243726091097,0.12394048078801068,0.025371117935478305,0.14044637498186052,0.16702651553903647,-0.011355455043158602,0.13238600159967784,0.01471989172782151,0.07110882516197714,0.17779186590848473,0.025816609577306027,0.3198560691981902,0.0844159634853785,0.028142010136802842,0.11443238827074387,0.18781610492531153,0.024497264669303798,0.1608293151926441,,-0.03332783222247904,-0.0016744254424266858,0.1666136502759339,0.14168753476231966,0.06751846190547739,0.12244975897211274,-0.06568886732117629,0.09723939864024911,0.1073010820077529,0.10097322344808934,0.018609044338439018,-0.07365964283280702,-0.02940388417937634,0.18546668071584027,0.1467788872982121,0.1399723679689402,-0.016843813401582808,0.03348217916563967,-0.03434686180285218,0.2020182047328125,-0.024861130448912694,0.09018881798572265,0.020028583634582375,0.05032513483446954,0.01684000489920834,-0.037561509989681996,0.10275703036841932,0.17449250323934096,0.0189804083591123,0.12315278807018393,0.06679361042177279,0.04711687452479163,0.03140595499779186,0.030863534207504095,0.007325883066511718,-0.013333267096106605,0.10686963587998344,0.050035643588978385,0.11494952956934013,-0.02007263848016083,0.14868735965599855,0.060117217211635765,0.2808718817874225,0.11884471799080831,0.09309644036725229,0.12122142880658271,0.09075653366962477,-0.24115982252713186,0.28609826723256315,0.12446208241892198,0.0006896027220038015,0.10053253100405812,-0.06069140909316628,0.19816598090104476,0.11905134319999378,0.11667795486891253,0.01044662031138377,0.049801697905300424,-0.029145086947005572,-0.027666721425517404,-0.00956137738834495,0.1749240526571727,0.12673195376331114,0.14112466700257342,-0.016102880922767238,0.061724142605070975,0.04504593528146339,0.08549810934776958,0.2389746727920019,0.13558808243287768,-0.015969509306027807,-0.030173884062178136,0.10983109468725716,0.09290902081030472,0.035514752998074606,,0.07824979214941807,0.14454258745096782,0.11828726346859164,0.11954086185544766,0.07952548807894821,-0.09207371860734048,0.06409463163569562,0.15683623726679685,0.09507623832449519,0.10147586990370527,0.06332736185405108,-0.061668586497361066,0.3237652643408191,0.1719383559860792,0.14613889600493368,0.05589650536552382,0.06573528441295329,0.06765673846341502,0.025641222434706457,0.07730197590336774,0.042247058985825925,-0.004897281099278228,-0.07840161151937941,0.09524861085924141,0.048451505967871844,0.11998983607745495,0.0861161896907181,0.13183120712774166,0.06396564668861737
2022-08-31,-0.031208228172818098,-0.06306155619872367,-0.05687246427928061,-0.05812056525967746,-0.08943722108769747,-0.11456566334024598,0.013644721990856201,0.043709051172326596,-0.000386191349573517,-0.11010979143647537,-0.10161954430055886,-0.02147425472198139,-0.061957490224857414,-0.06061504624052039,0.02786590136788125,0.05219270634293549,0.017000316194717202,-0.04667465632450207,-0.30697809436448786,-0.06792041497529222,-0.01311540614549922,0.005900461087261499,-0.005915473132058979,-0.020457066073420793,0.03319549869206351,-0.09150931321116296,-0.030934415649523928,-0.0041692976885221444,-0.08633754031388996,-0.04440877108156471,-0.06586832304896362,-0.018026744884843793,-0.07965106754810913,-0.059537419381882395,-0.06829743172349045,0.0021736352269248194,-0.05441181096560643,-0.04505901630568088,0.02937958574449495,-0.006731226640570576,-0.03544737028531286,-0.019400153606235482,-0.031072160578836105,0.12842241680223787,-0.03547046511889074,-0.15161399085010796,-0.005392186602684035,-0.014326745592484591,-0.018032242433481782,0.025814987099135323,-0.026156017243807672,-0.0021957050227917607,-0.09129552542673292,0.06430994710486782,-0.1502440842245315,-0.07397003310454364,0.05636193852602034,-0.018509719188906648,0.12362758321120304,-0.0880218476041017,0.016788844149975057,-0.08711298256197286,0.09063108006176823,-0.06182205665856699,-0.07416174295062361,-0.048458354148942284,0.04778714823357677,-0.06180665600022495,-0.09558551930342385,-0.10561883276135575,-0.04248673212342624,0.00997040921013026,-0.006359249005228773,,0.06225952468404228,0.026875203022172833,-0.058981903108243805,0.056184097863153815,-0.06963556699966134,0.005373778265503892,0.0283277050469537,-0.03534941842762873,-0.011246057535137743,0.05524861762012856,-0.14016172798256155,-0.0055174075084700736,-0.11202852456694223,-0.053466927732972014,-0.1061389098063491,-0.06223513601765707,-0.0693099514760328,-0.014129596181081672,0.026023986041610936,-0.0996130171422196,-0.03240004153904241,0.01834363917060755,-0.038335633097687394,-0.06337735130926214,-0.08334037645737602,0.02195543620970919,0.013627227902811123,-0.1250723347031325,-0.05629261504776362,-0.08315664660353705,-0.03686484386563971,0.076015212235232,-0.03404121736113319,-0.0497191322698588,0.025173013715034553,0.0240727461308059,-0.12296757861941399,0.02872783877682772,0.10586657018149581,-0.04454881053539084,-0.19391792781752915,-0.015796571752935584,-0.1591236000268632,0.0109136428862866,-0.06666290705277689,-0.0861622948980858,0.011628644787350373,-0.08657241200950627,-0.005958153499925456,-0.07370363294537585,0.0016040719432173223,-0.05051070691334658,-0.026955593870111372,-0.16896991407560757,-0.04740499670746301,0.0798476302102411,0.1156281121004612,-0.015374822548332223,-0.10453372326382182,-0.006983099240824964,0.06596585439217839,-0.07914169777496394,-0.060727056304508364,-0.2541063279559621,-0.01708690344775221,-0.04784838318959139,-0.03116062306554035,0.016199402796071682,0.07985673700365181,-0.0830539977975675,-0.0010832178656488,-0.03151284306210078,-0.002724689184305573,0.030758531509563314,0.030245627737962133,,0.011167864074033584,-0.06130323857600717,-0.06354335699099645,-0.16279066772400608,-0.044470355699333775,-0.06602757729189179,-0.06234470624220656,-0.012455909228419104,0.02427631478333181,-0.08871839069595144,0.006290746036396344,0.018525559492451826,-0.07248867234513756,-0.07647165440042669,0.22643920226793135,-0.04242758336672192,-0.006718592930622158,0.005526607813976181,-0.0336864860368189,-0.061515624333431385,0.06657668253483107,0.004814400648638584,-0.09482579869810315,-0.13930734006217893,-0.10537298644514426,0.0032103537298322493,0.008158166520681576,-0.004242827561119378,-0.1425362314320472
2022-09-30,-0.12097691715058179,-0.001859197882177921,-0.057379312168783114,-0.10802195920551172,-0.2630676670740145,-0.08044617041148594,-0.07054789161101871,-0.05419036635951835,-0.07706304189297608,-0.12905288334074727,-0.2534464644764812,-0.06200588420351083,-0.15489089359379737,-0.10862189009783763,-0.05830829182447472,-0.12579898958453106,-0.0716249705908042,-0.08684006612253348,-0.20868857347896308,-0.10293716453263768,-0.11243403232756088,-0.24443056579685052,-0.09553762909790564,-0.0578975221658935,-0.11424938950218466,0.36656768004558415,-0.12399983178728924,-0.16806773320712465,0.05459115574346729,-0.07247769223318878,-0.04907407186020529,-0.0391962733124982,-0.109005838356529,-0.14628187106386037,-0.11168852898608495,-0.033776967444636874,-0.14641802886233535,-0.26483774201135113,-0.01727136079654612,-0.10177712975685049,-0.18955528331991023,-0.08993121803372206,-0.12899286655091113,-0.05151585009584292,-0.09544130771932768,-0.07865731018802447,-0.09747551060874804,-0.10554562809067836,-0.15829374275431363,-0.028323734128733236,-0.09104112221006322,-0.14817833891477616,-0.09417666012177506,-0.08286271062110895,-0.1075998368136516,-0.042151775127656665,-0.15836890240156576,-0.1299224875434294,-0.12894875232388459,-0.16587335279909587,-0.06115731128524282,-0.10423292612548618,-0.06751520541201539,-0.13467279040605196,-0.02400461230390427,-0.14689136519881107,-0.2650918606821957,-0.07668921593230937,-0.29185346349432484,-0.16843395964597552,-0.07530390910894891,-0.07321020037210291,-0.15595288561687237,,-0.01702234257430635,-0.0024739657168993956,-0.15442898575420727,-0.16016732617015927,-0.11615221707751644,-0.11909681084741797,-0.17959380677695547,-0.04327004058196793,-0.1181938789871183,0.05759164185865262,-0.1243310605133311,-0.07504857475284255,-0.1926691592971238,-0.1029690259883187,-0.08894722738969663,-0.06629167236886402,0.012520213288737203,-0.08115720552742756,-0.10828861188258532,-0.12059397434560448,-0.10936496153197917,-0.09170305564815306,-0.08558691361635096,-0.04295525367622377,0.07343178346129009,-0.08050273724955914,-0.03260535209453974,-0.16097613307876557,-0.0930121439092807,-0.12340842122671725,-0.08538123556341348,-0.07392370830630679,-0.10773525502591208,-0.07420787227380532,-0.055184215889094834,-0.16724984734999793,-0.11137896800014002,-0.0850377718956894,-0.01409416153333054,0.017036972947620743,-0.10599534149542567,-0.07485876247392265,-0.08351147580343521,-0.07287026740920732,-0.10926695663657415,-0.11374503384525958,-0.0781800752245867,0.029778105421703893,0.053140082192765004,-0.21692110777828644,-0.01604645892691181,-0.08176598391775725,-0.1311720578308152,-0.19553429314413673,-0.1763991133790298,-0.13276201853702174,-0.11752665718490263,-0.045932814296451685,-0.03250028331113841,-0.08474683291229568,-0.05250730975590667,-0.08562268638736481,-0.17881489074306645,0.05310885173470825,-0.11827560841781415,-0.05430422476112806,-0.10412507327144993,-0.09769731650570457,-0.07887416527985247,-0.14583807043993058,0.1855404366431992,-0.08791097818187166,0.0022602212650282283,0.012967168851674815,-0.054631899289282915,,-0.11768543181049618,-0.10478307630142625,-0.13297185365275377,-0.195973009739404,-0.0096187090258405,-0.12542784414879182,-0.07045286743170442,-0.07452875655553648,-0.0036889636108394797,-0.06942345707198427,-0.06800495449388078,-0.046810123039934703,-0.03758929611475259,-0.06313174144373157,-0.07858137033713464,-0.02446468999893503,-0.13224365610778865,-0.16950277985304807,-0.10561885531827464,-0.10598355022010475,-0.08768771662418184,0.02761214689681646,-0.09184398562790164,-0.22976815772775072,-0.1608611040784581,-0.07984441854424329,-0.021501356019202555,-0.08661961463409928,-0.052641717079472294
2022-10-31,0.1095513924618321,0.1019269847410087,0.027354633015288288,0.10828790891523687,0.15734006494300057,0.023539423164828932,0.06857068306200675,0.15854069620821476,0.20050552195264815,0.07762730750430502,-0.05208332079026834,0.19942307162302453,-0.027942348983687637,-0.09345130582826378,0.07059971001677545,0.33760801323335166,0.07592487195722186,0.1324673515510315,-0.12981019581101572,0.05880521681297002,0.10456363887807774,0.17699035639000815,0.19337742489815213,0.009097624099627444,0.058968690628243836,0.061573042851708504,0.1376999374497363,0.1737840941476918,0.09804423759840919,0.10300861433308439,0.10512324349912805,0.11309065633576121,0.09947770610600548,0.10055218511552311,0.3280616960892824,0.1814932704925658,-0.07810446209668953,0.2118674393292752,0.16430592717905101,0.05803369971670991,0.09179241209620681,-0.021622438935078536,0.15026592417190288,0.23206966582715616,0.06380958149079885,0.1303532324797798,-0.0219040147068027,0.14629952291524884,0.09084090603993555,-0.0010310826672814688,0.25913506065622216,0.01244402611540818,0.13492059043847515,0.18548031880197158,0.1346553793396723,-0.025630210071950654,0.12943908093803858,0.001720091577353866,0.2863796417443356,0.08231447291008531,0.20370280595555013,0.18273710148532607,0.2291133364682545,-0.0042191098513715275,0.12530012624341036,0.030165735849199127,0.19375015332771128,0.16559396499523826,0.07954485301840952,0.09818710017934262,0.09800147695685535,0.18393880539393104,0.2568246262974023,,0.27184326387492397,0.07232756036761323,0.10854591581904405,0.22312232642571028,-0.011918482392470175,0.17560122521390187,0.47928542638094185,0.0731679068611597,0.2218962003694842,0.15643563010203887,0.10834659779024447,0.16395904831738628,0.10322080411854206,0.10582393827427294,0.3149274328341396,0.18200951232171536,0.06494849190557139,0.21537070309131612,0.1535232442849186,0.045666240985601236,0.10591801889468266,0.10603376219911587,0.06836835907062921,0.10297129103118752,0.1198085357058063,0.2598827208626382,0.04366319511691841,0.10595614570633294,0.015542020439257787,0.15604368299593352,0.18167638732934321,0.14564389602540162,0.12128410632583075,0.08160974364370599,0.2045080103799406,-0.31338427513523304,0.1383707843299382,0.14586423714511598,0.14386390440188945,0.17510447171138122,0.2712896560765725,0.08574303693059959,-0.07412498993017724,0.05008010671682239,-0.0033062041848663792,0.0821187826882186,-0.011605606735968998,0.006900004660946202,0.23972132814132285,0.11501445959385581,0.16731150908785408,0.3844250560992861,0.11421836138044728,0.11187099079539675,0.28494069224843677,0.18144851461382316,0.04762197552649994,0.11221373955958591,0.0637566863799115,0.07426316325641702,0.10580016464187847,0.19937297892698047,0.0900591588530808,0.08118079189688876,0.10649312731921867,0.09378015844307774,0.22627639094239482,0.29199697573251027,-0.028929959865360955,0.04142331458775139,0.08692493069676188,0.1583192391546473,0.027652293673487316,0.10852905484305042,0.4493032398174315,,-0.037058675967000854,0.2142617005263172,0.05207147478774843,-0.0670674665338673,0.13182598925614908,0.20950401487962322,0.028709449168502044,0.1068805171495173,0.16065695225379706,0.013367662208931597,0.12961168459790984,0.20404688579190422,-0.14216779156971604,0.046070217190743445,0.0026414979178950304,0.0992198803833999,0.011908410758202148,0.0385660026174206,0.05282761003020564,0.16611315368993784,0.1750115622014432,0.07757128822351844,0.0007845562562944774,0.05591395487199069,-0.0509950055714804,0.14346096104132156,0.09737869544033706,0.2691556615130912,0.01895158002115882
2022-11-30,-0.033027443634348064,0.10095628683722757,0.08732561853443466,0.05998598699777147,0.08298270855818268,0.20537081749452235,0.09284232034499618,0.1112149756824532,0.10719302540706876,0.24438627714561623,0.292540717255801,0.06666436887254923,0.06786034760154447,-0.05759470309709869,0.15257324464903954,0.030576045462852752,0.23865791510448608,0.06066211651619691,-0.15035373671659824,0.1721051647468197,0.061569565268366544,0.2552102433365262,0.050221931680993315,0.04011034961569471,0.056659559323415154,0.07666529353357698,0.11231469458760301,0.10851342822303911,0.03627193509776094,0.09000273004534987,0.07967064304919713,0.05010437988473271,0.004278841458912774,0.06781985640584431,0.09216494197399294,0.021871676009439067,0.0613085880256381,0.06438717627475343,0.018046229749729248,0.04929604433956469,0.15437956166980094,0.018464823121052687,-0.020429115804151632,-0.01671796493120492,0.07527418984861667,-0.014392265262062165,-0.2701612670398885,0.09443105961532416,0.12847370151914506,0.07581827668360464,0.021160814459187938,-0.12662554675148152,0.23858620127297248,0.11414268017433726,0.16640630077975294,0.08638287249529086,-0.08137788899903708,0.0835591593403453,-0.1141567232635623,0.14632390195425882,-0.02533075197044543,0.11222645434630474,0.03962769840475966,0.22522646818000802,0.0947639157122333,0.08138489584855635,0.05050810015913121,0.25591671695202267,0.1368852846204287,-0.12543686996851644,0.015767985013297237,0.010368077741488735,0.10487087969766962,,0.11942383099326426,0.045599348169223175,0.0695517709750928,0.03337601609298879,0.06856412298774117,0.12821795950824932,0.04036206524501207,0.10069911666097697,0.081389820321085,-0.1789383645531022,0.08761797687280692,0.08956055895499127,0.07197066547337583,-0.04657296655597076,0.0970504049550236,0.06528355941006936,0.02976899713371317,0.09771206310768576,0.033485699574201666,0.24663885987746403,0.08974759343427374,0.05518793395810895,0.07036152540504848,0.13159573584347273,0.02768680847007854,0.003155096805025348,0.090279502851492,0.16700437239011445,0.12719587637443786,0.08598950244559322,0.00611134725239082,-0.01836136313653025,0.09970708525888616,-0.09503094247661825,0.05478758520547777,0.2677113721666817,0.013157177678974286,0.006699974400211861,0.0787951685205186,0.08814230577422966,0.17015899367713883,0.07238832766059855,0.17237912360190322,0.1326520785259444,0.10222324590220255,0.06561926158601827,0.09845325550205075,0.12169189076780063,0.04676578676040721,0.1835348494514355,-0.025405333472305447,0.002678506411770698,-0.010552840953857445,0.254154947765054,0.06353263338851667,-0.04283751247739476,-0.0098490732412998,0.021643321698608053,0.08613643232059198,0.10759647473815992,0.02920548106201415,0.0333803277782736,0.06356654371243087,-0.1467576754779737,0.08513872383716681,0.03973297125307118,0.03861096651118889,0.04895049161036602,-0.06185685002717323,0.08190112248684822,0.003939820800690441,0.047235133062501156,0.18705820173484788,0.03889391315694213,-0.009225580691948565,,0.043921546042296145,0.09598110891400435,0.10082174754925477,0.06665326262516302,0.020284318684449687,0.057597374862418116,0.05745878194301346,0.023549057097404624,0.11486394259334931,0.08998604059197501,-0.0006597830117578418,0.02900347561869898,-0.14432626046795272,0.12345135448894373,0.0967256200354738,-0.013311801478947838,0.10292184595800036,0.1414726830532096,0.06925770627491157,0.04984087736789644,0.07174163464272798,0.014102544540014028,0.04308271924605189,0.0692465216453988,0.17416526381531727,0.049332889997493634,0.07089161992422044,0.012871678962560917,0.02228444246596406
2022-12-31,-0.12227260661597639,0.0026680370096439088,0.020542831936297024,-0.11328213296924172,-0.02435275005029769,-0.04159012968322262,-0.09132509784999499,0.00013914903402478807,0.007130326808410858,-0.11149629382745263,-0.1656576203187402,-0.08296101807817369,-0.035357486726723675,-0.1298943525647971,-0.12885860864602627,-0.0036285563478907212,-0.0009283426584163479,-0.05077174711851984,-0.26925747089010055,0.023165895331531683,-0.06244035188172159,0.06490384779426583,-0.11985112295727829,-0.09370550429111046,0.02367178648685675,-0.09257134959850744,-0.030859215702955245,-0.0034704015655259157,-0.10376190810670216,-0.00827902596259722,-0.030445737668566286,0.022089683894149337,-0.18944591818839973,-0.0656887729500214,0.013324352512920745,0.008460035863401716,-0.030472524429026815,-0.13337933834672555,0.010909745559289474,0.01690750418262743,-0.04557866806940447,-0.016267954931380335,-0.09957374901237459,-0.03865138463066631,-0.15345391263230368,-0.17260516563630157,-0.10505737739096244,-0.041834306719880976,-0.05230941130607547,-0.08529649377928583,-0.02083887977894161,0.014526239297384391,-0.02666294407215919,-0.025035440793827357,-0.10203188828777787,-0.028286795848580293,-0.11229177205969143,0.03062133659193078,-0.08280646977194772,-0.08736797441531474,-0.0350836755070838,0.003028182709959859,-0.07657008087722206,-0.05157474242189086,-0.03976769215180642,0.04496013716317826,-0.16330940258717475,-0.045226272870188766,-0.04309961823084585,-0.058779508798086244,-0.03152549728138909,-0.016957756110763333,-0.024416092500485376,,-0.014436937347558243,-0.01699894555983905,-0.06416647028153699,-0.1687671203372474,-0.1263490787083682,-0.11075991229992077,0.04198691493766682,-0.0250932268728129,-0.02391264291487072,-0.15119914350302177,-0.09734571404313885,-0.05379469980877649,-0.12105083439749087,-0.045069848822321346,-0.018639773186428177,-0.025730662409331306,-0.0075842420819993706,-0.02952662580970511,0.03456162408257635,-0.04100206040353338,0.009450836917425987,-0.05439352140057063,0.0,-0.02722852698062217,-0.01412086653429867,0.0026792758957934204,-0.0626203612842291,-0.10693216879615108,-0.023291340548114214,-0.02432648407324811,-0.033945607607168915,-0.017187307611521763,-0.008486924622742809,-0.007953365632763276,-0.0564536130417127,0.01896704642239322,-0.048027305931430786,0.0015956538742067927,-0.044495443870870344,0.01421273680355073,0.021090281267939215,-0.044462239928260705,-0.20378343298053947,-0.08649402897824732,-0.060045492015603275,-0.13107134826392486,-0.012986686903398437,0.006055312882534025,-0.03485741643246443,0.07000776585362223,0.02310159828545011,-0.06760876923501613,-0.06733128349486006,-0.1364416439744155,-0.015536686037818215,-0.09168515666721577,-0.17869335904066674,-0.020069370906667494,0.02214240974452597,0.016090215301384214,-0.018463664930639112,-0.026560626247570607,-0.036539686152399886,-0.14399998982747397,0.02839255283476505,-0.061333602932202025,-0.07932984206124372,-0.04020630170062478,-0.09169748784141063,-0.13084016423004896,-0.040188949551079656,0.02228525246865143,-0.029354265182512718,0.00872314698339327,0.040595866013952264,,0.055736387394906606,-0.001310250084122222,-0.05062353878004866,0.00702845162656307,0.04857477936103294,-0.04512453570936181,-0.08075178353710377,-0.10791903510068424,-0.005621491581399685,-0.01649492381168227,-0.07566353242069668,-0.0073134670673453694,-0.3673343490707851,-0.08445085629679228,-0.15133836444000404,-0.029110646161107256,-0.041780154205647624,-0.08375046573829403,-0.02845802251394347,-0.04258066224671053,-0.05059141157183833,-0.0872945500947887,0.010774881682462212,-0.14149667853047887,-0.07715063786774967,-0.13889461512916312,-0.06623471917840706,-0.009340695745638006,-0.049241116561269394
2023-01-31,0.11052098139453714,-0.07707118015982939,0.011481308152101022,0.05003518561550213,0.10046651912528914,0.04535780094438868,-0.05463439052900343,0.021684550794702107,-0.0003161161661504597,0.1448960375673951,0.16025946303524585,-0.03898871592718112,0.05442265656751433,0.2277380625406904,0.038483710157946494,-0.045056412913707655,0.03973901244539424,0.0476753279857236,0.20607788521582937,0.04628620604346234,0.18806293332803015,0.11816890050771556,0.0712560354363374,-0.10359027366501905,-0.008179193021192521,0.050483821287254926,0.2078222318163092,0.07137705904502267,0.017717400347056378,0.11940671859867824,0.008481693651523736,-0.0004322554044910998,0.29343556300820595,0.15454334964292826,0.05816136387841153,0.031232968244172765,0.09193468178789455,0.13332347579279347,-0.04427493301990204,-0.0481187583796836,0.13400572061111427,0.05054725386692693,0.28012042370968415,0.032796805960435105,0.11969332115087816,0.2668379572124693,0.005793528398209125,0.02978312504201508,-0.001936762287205962,-0.046793495888514225,-0.030475081427364215,0.037834294793598344,0.07751696572863742,-0.013807353537705791,0.01813232091323247,-0.003918209459988886,0.24873391610402584,-0.005243316883040361,0.02812573574545918,0.19363418544017752,-0.025303631514326463,-0.06079553076663324,0.027576611533990603,0.12686438879809336,0.033514020501351105,-0.024057431835146414,0.1616511030440111,0.17811001858569608,0.11928400922551186,0.10596901605377718,0.05550609109815685,-0.05563787588838576,0.23039595965698267,,-0.02224794159816046,-0.05956614973474594,0.0835940644189701,0.16884658848997036,0.12025392921254419,0.06532113495729641,0.04752221823939351,0.02630929902560797,-0.027158034652658425,0.27886970618513995,0.08448079354164939,-0.043721854151944295,0.0692394632752209,0.08813687609470788,-0.07409083553757245,0.0714480023615296,-0.07489381423127295,0.05140828431482469,-0.004421500934483236,0.04097830785338519,-0.04228365458483807,0.02747552130509523,-0.03600053846887774,0.014593263376306398,-0.05928824815127387,-0.04775014563274338,0.05060011102437767,0.18986448248087906,0.16451891502730853,0.06749894603019357,0.014685158657448794,0.009490371842925338,-0.018154701620012315,0.0768145239414113,0.008981418004349484,0.23790903588732126,-0.04036027276054677,-0.014657562070027552,0.10421856920238248,-0.031906347570635374,-0.019819606142796542,0.060592479610584116,0.16686931642577796,0.15402318181974195,0.03331649083001409,0.20648249100314753,-0.10729680551708642,0.12139824017616063,0.20001358326102392,0.0881975955406733,-0.1788271485808558,0.1699377969942666,0.172199780610939,0.3368689379252978,0.08627002968694031,0.028575966518689544,0.13687836478786575,-0.053359619797562874,-0.130261254876469,-0.05467538443690356,0.05199261794866206,0.12027484152090917,0.14681112680921604,0.21183802450972666,0.029937681803952954,0.05681305654608115,0.055097462130448305,-0.03660681231490681,0.1442010252606316,0.21166064030296705,0.051255112663693314,-0.010602393680082756,0.10020156222302035,-0.07014183097931193,0.06584351328456473,,-0.05223361832023243,0.09346290070580965,0.11942436717844807,0.2883477651585875,0.03812025286200971,0.1224411521223765,0.14780367250405235,0.15499210767423155,0.028391801495976088,0.03566463364720107,0.06649997873605495,0.019361264194597938,0.40623478479910924,0.08021357484864611,0.2507076780309063,-0.058451797840278874,-0.013908515603951122,0.06551962853597004,0.14193990482608965,0.10805733035479936,0.10381520394305,0.1188448212109321,0.07166293418977032,0.39302723075906676,0.14477507420713787,0.13514158606497473,0.014669738371495322,0.051767830253250935,0.13189271146297576
2023-02-28,0.023183273159861795,0.04162425773658196,-0.0798733494453101,-0.04837828373235109,-0.12526322997674322,0.07496242798894892,-0.026526857416249716,-0.0672720993790612,-0.03337556343052883,0.04423757316604804,0.04564205236901575,-0.07407698870931678,-0.11361274255123388,-0.08629878923214496,0.10061895447505886,-0.13422075551065848,-0.10773443631593116,-0.02820587905065519,0.06299214194879199,0.015863094064540784,-0.00537347527002463,-0.0537558542170995,-0.033258172219918225,-0.11940209952263903,-0.07005779294653014,-0.07232729111850333,0.03693364289718848,-0.09191128771497059,-0.05079151733204257,0.006130018316201191,-0.020351812280053783,0.010162188555743024,-0.04508515537205582,-0.019725393126368007,-0.050497375806477396,-0.072398819121967,-0.11721028216744211,-0.043454534914838194,-0.07758852717171438,-0.01650313203484388,-0.05540049506354172,0.04924715551407943,-0.0788242167182589,-0.1481895525718815,-0.05109590025398847,-0.025957345368281093,0.13966006329011305,-0.005136786334973831,-0.010366740903398952,-0.0530488816444914,-0.06797377321505083,-0.12602141587892945,-0.007540883918943253,-0.008513737300381408,0.0004921171184695261,-0.0637339318853104,-0.08185090652990212,-0.07053055879066716,-0.1473751220910977,-0.07272730568021413,-0.060641092527494944,-0.07772358880393526,-0.1454064228440476,-0.06754906272266148,0.07841679568655957,-0.03435538723992626,-0.050265481964896,-0.08180174817526464,0.04828250623962482,-0.15551694661360072,0.07883385834886214,-0.022097355470042768,0.05255976790763617,,-0.04062453086666018,0.014675835867690834,-0.010998369991957802,-0.01475060516194604,-0.08883053604905211,-0.03870865049086081,-0.11725894213506427,-0.08523317619289683,-0.07667790606090785,-0.032660918114462034,0.013040758590079582,-0.02851474203208615,-0.10708530524553428,-0.036647873056815605,-0.06634377829698268,-0.012201175823162824,-0.05542599012064575,0.02422100060224852,-0.039230238863878,-0.03025522565783645,-0.03815090058831372,-0.0677594791220012,-0.029517390147081324,0.052667943268071005,-0.09275936370981608,0.030190320376988877,-0.012004941025231641,-0.028174396578979577,-0.007239715455519491,-0.041311482136351385,-0.00735311817635631,-0.0748325517564502,-0.00397289023153069,-0.010634506953085543,-0.010577908851755469,0.17433045875206488,-0.051386009250698805,0.030861816957406196,-0.032641989535669325,-0.01089287063305111,-0.21157560216143356,-0.07300901017396888,0.046349976993135256,-0.008527853365045468,0.00901806302746433,-0.041127616284128754,-0.0420900562928771,-0.17608179988442596,-0.08966823583896388,-0.06706978214396497,0.03964368362445092,-0.1047464883231698,-0.05044715597068472,0.18830925854564695,-0.011982947717624426,-0.0961569218681636,0.1874054200827171,0.014676543941727349,-0.08129533641029862,-0.03385304183433824,0.05258516950529302,0.08338805265908578,-0.04548277704720105,0.00771207469941948,-0.0665770985591353,-0.04539682378750243,-0.03538036940458078,0.033177995746832556,-0.09682174730767223,-0.0726672387712034,0.0025710363426640903,-0.012221355709471027,-0.05990877800972749,0.009589466775578481,-0.06174530222390151,,-0.05854180774173379,-0.04958754100121321,-0.08761600208001907,-0.04750636752915194,0.03573530026702376,-0.07167378009014347,-0.039260747660134765,-0.015007932591071471,-0.060786563237562374,-0.050093987333446055,-0.047753222012654195,-0.03139404023204018,0.18756497670132166,-0.0325039303146083,0.07533132859256786,-0.04657533579003459,0.02198067479504484,-0.0061148232272620895,-0.04156642180540704,-0.04273996102396238,-0.05240467101969104,-0.10154749903682148,-0.0663940395086231,-0.12445973854201453,-0.004146497135030125,0.004231763377007036,-0.012094345460061717,-0.045291459909708065,0.009124331608844738
2023-03-31,0.11864827399604638,0.035542793816852436,-0.0045222613660999,0.07629443954846771,0.1895971001566248,0.07494441565388921,0.01851893974892138,-0.05326512831009611,-0.17037703585737485,0.05751173708920221,0.24726393296541094,0.04355508023805976,0.03196787865160178,0.09614769432062276,0.21023795460493644,-0.06044785074471526,0.010623820087888314,0.05707027189358804,0.16666666666666674,0.08727624860811956,-0.05195704554504532,0.053981589974123834,-0.16077273642479573,0.01526927118436161,0.05948130853344735,0.03027500878683753,0.050875557698602414,-0.022428671988410698,0.005075366838850126,-0.10691817799069869,0.01176353766318039,0.07084754863249021,-0.03259890777834418,-0.07496563450091931,-0.04470880990297266,-0.07570931306816486,0.03604987013001937,-0.027202743120365858,-0.12145084619002666,0.02523901109868265,0.019908736686890416,0.03951781523606179,-0.11844523395902273,-0.034112896065223164,0.026209205078225883,0.22107445458992636,0.13729382492534326,0.07971922180033864,-0.018038673412354433,-0.11048605980131743,0.01486615719676121,0.017632363701071796,-0.017253205884842027,-0.012089300362741029,-0.010580465587702648,0.019331882869106032,0.005220363930060312,0.02344570454777739,-0.04437004971372127,-0.027842377031411458,-0.017878780583154952,0.05356098490185546,0.02361903635517404,0.05270085622610532,-0.015689583244756333,0.037137667510632744,0.04391075029156921,-0.0014645907230038668,0.13060405385551288,-0.13550970115939454,-0.01789901489392509,0.001316319973181601,0.1296023775585169,,0.040110646066666034,0.07483333083926125,0.039175374963763776,-0.050969055970071064,0.15178777594535453,-0.06312459915565727,-0.12669069773342523,0.002418481776276904,-0.0018798864976148355,-0.03574971872762622,0.003478255253393403,0.013843873547949581,0.31046911202691896,0.09492129603745547,0.11369284581039851,0.04987676391284768,0.0113534045634347,-0.09096617544212693,0.0035414274143772406,0.052164128431869905,0.08365947310254507,0.026377639425739563,0.050341178059102765,0.02411790217925147,0.10346386838732302,-0.003226207286396554,-0.028092254721832077,0.09471812405894608,-0.00981557318725379,0.022854691637466784,0.059490068968229615,0.017838266232481637,0.07553771197727066,-0.017974860582639973,-0.19224872819343886,0.21150109430154784,-0.024410404780933592,-0.018550251193342082,0.09085736995597693,0.008374089177556554,0.10640447037128031,0.02719882122798034,-0.0409747234243143,-0.09015518816118984,0.15588133650984637,0.04358354873064818,0.0851755184685763,0.13473399550574183,0.0724862320732742,0.03535390856188836,-0.005149502356086244,-0.15167048614931633,0.07531760972231005,0.19666261901333137,0.06315796572001164,0.06918267111113896,0.060359986572718904,0.05763765014895217,0.005669447096330105,0.08091012233778594,-0.003204726496925603,-0.04473489980654288,0.018485502297312717,0.07780607714349252,0.0129283217959828,-0.1951620183675029,-0.17259980259147778,-0.011505408803429096,0.03179370817306926,0.03909436172754299,0.08054762457836895,-0.001630974306152,0.019982367589192807,-0.3277720408830296,-0.0772410954628433,,0.10339376877447015,-0.06917636880433797,0.010463218876092029,0.035847383742695804,0.08885933007225066,0.017979787039936967,-0.2736955344835139,-0.017032542862309374,0.02297645392937908,0.06457228638255774,0.018708903694046874,-0.06919032441393724,0.008507121398494633,0.08492265185323444,-0.046903115974716636,-0.0035021637878210887,-0.029042798891402155,0.06301722294052547,-0.23456597202162488,0.02509757086886588,0.059743314827811256,0.08536290623127751,0.0020612876253400803,-0.02104988255501017,-0.03278462770429058,-0.20076977859020106,0.04168257315851531,-0.0022745174353053788,-0.0033532561089146817
2023-04-30,0.028987407160878886,-0.04304339133690305,0.09640608006341722,-0.015462424543711606,-0.02026623156330254,-0.08792231472508971,-0.011813338971139897,0.08261019912291467,0.053216885327144414,-0.0797850930848446,-0.08815426182359576,-0.008314288802180658,0.007685775093612568,0.020911956758344896,-0.04587154128585991,0.028536609439577365,0.024894531485079252,-0.07648064354526196,0.0793650793650793,-0.02344349817185254,-0.018261776536893093,-0.026596968842848456,0.023776328495307864,0.17554222747527914,0.06774649596428661,0.0942344794520864,0.0127808711984434,0.003108557066487938,-0.028717561751197218,-0.054347503948042664,0.06406062597754958,0.04177493910818897,0.026623130166780307,0.014844061791600138,-0.038683374019042094,0.038006214405592154,-0.08031967513425864,0.03101151340773156,-0.008766096277792568,0.06866209437069748,0.09965857036900161,-0.030022648010393338,0.011855361460475722,0.037092941591111206,0.012780179601889596,-0.007057705071305875,-0.1253824285576597,-0.08942369164522934,0.023379983824832085,-0.00534845342583512,0.033218672878738253,0.021999512542818955,-0.02856349046277684,-0.08443118463789567,0.09093485438909443,-0.060030009476017665,0.023669251937499247,0.02498192026463575,0.05572022788988873,0.046427663421716,0.01922519323108207,-0.04452597226974764,0.04930058641906543,0.004216160961026061,-0.024629447172695107,0.01312958562073896,-0.045366996020029915,-0.06993909893851624,-0.0031072913411835934,0.08080256141443076,0.08042116310232217,-0.03770874207797503,0.03525086709764813,,-0.009159841249477663,0.04356618712794802,-0.05839024896034606,-0.0992368189102606,0.03480175367550564,0.04992197695933687,0.03508214329127379,0.018364960832979227,0.045625616068205144,-0.08856845039120786,0.012265846344146292,-0.03570079541568283,-0.0492805543672068,-0.0024451712632697076,0.17908169171094235,-0.006202467927491573,0.05612899737264687,0.0691805801522376,0.01551610876441245,-0.031640902436817164,0.07949653690975289,-0.0042904716407549115,0.03417692344093792,0.039415747702848725,0.15269924167851534,-0.017515255376739258,0.044502661490945616,-0.011393584501020904,0.007668798270881627,0.047374012978874,0.057723164952705686,0.023002254477378914,0.1004013963291257,0.12813165406180071,0.05850891455162954,0.13390582740281443,0.010560238213160433,0.06476897869091136,-0.0951567819383945,0.08534649691258633,-0.1347180765381567,0.08569585553846126,-0.0868681167238895,0.03358974923399605,0.06576495800284121,0.06877810038478804,-0.005838313914503734,-0.03304766198294229,-0.045009849776145416,0.03326806904429569,-0.0009747172079535016,-0.09508380590382015,-0.01140469052127524,-0.0010079159147937666,0.02364039669258844,-0.014416242586964612,-0.08651245771537874,0.0471201568777011,-0.04681380014027936,0.058303072926465305,-0.04589290549158598,-0.03341168236761716,0.0038471477205401783,-0.08284021598410107,0.02796902142234159,0.03755607658065485,0.05148650503380647,-0.0234761057061047,0.0007899362768482021,-0.08449598412220505,-0.02419477834706396,0.020116339881659062,0.09757035606093867,-0.0026729389100417222,0.0050915634090715756,,0.05705662282929613,0.012056705531770628,0.05165753394178774,-0.11116169819138777,0.04967251944181306,-0.06905978951212421,-0.04457475122350674,-0.04757601603644657,0.005870419478676725,-0.03725005923661273,-0.006489883911596328,0.05676433256266056,-0.2079919394526324,-0.10112343039893679,-0.020504779502681147,0.04126210462969282,-0.02762602869962527,-0.07309666575210338,-0.04909852331222009,0.032245295755350734,-0.17858166021735877,0.08144222891931507,0.014981226222467559,-0.08574467210000025,0.10503567406859626,0.06340295312787436,0.023872515316999188,0.07915370928555832,0.05838456692541705
2023-05-31,0.046058504145058965,-0.08708310313703738,-0.07667239999394293,0.09144102876249982,0.10655263069834287,-0.012174670923127628,-0.050045388012894265,-0.0748651455007674,-0.003959191868642797,0.1823721433926324,0.3227033171260998,-0.07094396091257293,-0.09760762693709923,0.14348037288458837,0.03858636697348783,-0.13758473345255517,-0.08567721755022606,-0.00026509223993165243,0.47117648405187285,0.28964062153702264,-0.017230802489000552,-0.005222951143390997,-0.05088812383022734,-0.14597308569701384,-0.08531651029227083,-0.02570426007239035,-0.06609060661841504,-0.02033669415895023,-0.034895919936728026,-0.05611646968353068,-0.022736269968788747,-0.012279343874984638,-0.04130743542168869,-0.058423549548200726,-0.05964356509757596,-0.07819023061771213,-0.08026652536839396,-0.11540552455055053,-0.02321435026514984,-0.06791991893671423,-0.04882763486996178,-0.03778883907716546,0.07841897235830708,-0.029915827446513443,0.018693441472591443,0.12607764694170087,0.33386089806074204,0.051216920576629965,0.0045657956218945195,-0.07202270232494112,-0.09778771652910678,-0.12005594968604316,-0.03112832914779773,-0.08475740548178379,0.030351764736520348,-0.03077123633099954,-0.14185367456460996,-0.08773842538968135,-0.1371889811765099,-0.07850040710506878,-0.04444684576307445,-0.061099666541425846,-0.10195038091606445,0.03450560803957403,0.05793867688654797,-0.057754590008540885,0.010100942787980127,-0.09417050293976015,-0.04302400362027936,-0.07067435730446636,-0.08131346283853358,-0.06485298117820282,0.025866569069825207,,-0.06410429338942802,-0.05043431007800103,-0.06423657230751567,-0.019067878227250534,0.14468053657084012,-0.04971405979493848,-0.1251907639804375,-0.05007415783446245,-0.03620249231794226,0.007909569695701446,-0.021878050190620946,0.03111629261972615,0.01637950809883959,-0.05592963658811678,0.021977276045281657,-0.09593304776331235,-0.04563274341206025,-0.018301418209434206,-0.026737963519747776,0.14990690849781507,-0.07322807963831546,-0.06064129276748342,-0.06999213027104101,-0.04273911012369436,0.08770055716969027,-0.03756375005175616,-0.03223794742617625,0.1767286572201081,-0.0829540782400292,-0.03949704420552125,-0.035976254799523044,0.07453881180872024,-0.04314389129712992,-0.09004939428572079,-0.18431584335690632,0.1015313460464633,-0.10818693664902035,-0.06503899176200889,-0.13421244349965822,-0.043820998450603055,-0.03897960966940306,-0.038903443103741275,0.48150949165110735,-0.09125237951827014,0.0711055499277895,0.059664143677102155,-0.03521530513629423,-0.13595977798883874,0.19792073389072873,-0.16934966911076932,-0.05179881240265338,-0.1599999975287547,0.18579946560030303,0.3634364726737245,0.11845436335583881,-0.06289598909796634,0.16951656000038118,-0.044737803172237744,-0.011792181696782866,-0.08875820250674837,-0.062243313898481145,-0.00918040745008497,-0.005588732388232209,0.8980645210512221,-0.09962975834657406,-0.11071012045220607,-0.08152282225801255,-0.06444348556133295,-0.18434208912900307,-0.02228118302281934,-0.08260259807361758,-0.07200813633436642,-0.14142805692189353,0.013945012354138253,-0.13211722238961066,,-0.04268888859168307,-0.07209660864296386,0.015943460795233122,0.022630555167720834,-0.0803270381537502,-0.10979065856956494,-0.04700183722024742,-0.1643955858436973,-0.0216093415066545,-0.08369095705401375,-0.04621263286933508,-0.06569498701566645,0.24112954601596104,0.04795847461749103,0.221578139683283,-0.009855944564189367,-0.009581593056991244,-0.062318280685879635,-0.12777132861090412,-0.04842135995769781,-0.057902658105275395,-0.050362466201422595,-0.08241035945856645,0.12456452939059859,-0.050891427151043445,0.00934396518502556,-0.02346209043434433,-0.12906331851615815,-0.07264768784943099
2023-06-30,0.09432981760013526,-0.02341246412260678,0.06882350150550098,0.00869497541515174,0.17042049889471578,0.10159870241812174,0.05778516056883265,0.08705793234378034,0.09622119475645441,0.08432100416825827,-0.036375902678846384,0.006208748459424873,0.060130277820941824,0.0811079667505703,-0.025730424873900093,0.0752046263682622,0.11956221416141544,0.1288066791414768,0.02878845688785825,0.07932470938544522,0.09863768358516234,0.026543542998890057,0.040623851975926106,0.1268858274183171,0.09598776543737775,-0.03900002501862754,0.07635617121978311,0.05881306331774239,-0.007603903193912909,0.10746284016351693,0.06204065734645514,0.05069931300621344,0.08559079101838707,0.03880876590455129,0.19586865197328307,0.04112472580392135,0.02026066327506504,0.1263835719518236,0.13948392023458966,0.03576240594209956,0.05590854806188217,0.04287155664712672,0.049515507095942546,0.04967318478729199,0.0524279546849209,-0.05425751876166296,-0.08280777718909693,0.041675059935266656,0.11183557389559473,0.01616931696699342,0.04468208213129499,0.04390077934972347,0.0632533111331064,0.17476106368979472,0.20754311707611883,0.04640861803126306,0.015006820428076661,0.0050397700416884295,0.0637899586854076,0.05054066704999283,-0.004681081912226381,0.16361991153722188,0.0666418148651724,0.05149226073696056,0.14326315066189577,0.02749070474765003,0.2608333346269318,0.16482253350546494,0.14366454454899436,0.011939008311766086,0.12443175666890327,0.053727142397145045,0.08194628717235664,,0.011358404860677629,-0.08864047543280862,0.13729313132782495,0.19306962119683413,-0.02579951673075831,-0.0041987128700803344,0.1574266630686354,0.09592524575414996,0.08298549076744743,0.11883401982915553,0.06598920503865635,0.04059393752682472,0.06361323785270878,0.09321901746105254,0.11077185066649631,0.14976486163205527,0.06745777399168484,0.07169681717532894,-0.06141809503303064,0.09487785285890737,0.03721624001617796,0.06890115178908984,0.01707394670262241,0.08143068754558458,0.09202237552794768,0.03686869841388818,0.1221596487164287,0.04529268020275623,0.0735325588698259,0.07747542005844577,0.05220442270912673,0.09331193406650695,-0.0011503775335085509,0.0729058891736698,0.14086779553342343,0.08408886677025862,0.07266100387165664,0.04119934218267596,0.11142884793981866,0.05208726734113145,-0.04862578599162892,0.0860378005358644,0.022055159181501915,0.044520356665845195,0.03699870875556721,-0.07463322404824912,0.010073546930239985,0.05203431390320978,0.11451562666946691,0.05199787720022653,0.046637006871375064,0.14372058684435363,0.0315539839035992,0.11821057339712593,0.12412661493136623,0.022837406729927068,0.19738504727335804,0.02283462497016564,-0.03524477291747796,0.06484246402506044,0.03486826625994577,0.2172012111416597,-0.008359526493536551,0.04214819061531294,0.09903254883771173,0.08736935993668982,0.12110794401727043,0.041152612045842085,0.07646403938900459,0.04964295960405263,-0.023138766933093136,0.0631648533006306,0.014543168007080443,0.07572604530141258,0.15309637995740766,,0.007168355338953214,0.11656914604322965,0.091064787598794,0.040781437553281785,0.10985513661118462,0.013986079700066822,-0.003938206109460163,0.007408562871831448,0.10418015660705993,0.026821071044130118,0.012021754541949425,0.03198773694926671,0.28362672689273216,0.035311862779914716,0.13814916481966133,-0.00949641139036883,0.06285072158356164,0.07335343138338724,0.12167567904695376,0.07442424539188264,0.09585196943698504,0.08758536235249315,0.04378301229971382,-0.020655909674843764,0.08417083327918129,0.0720924302672985,0.07019803856249918,0.04961859044573291,0.056438430070523626
2023-07-31,0.012785552250112131,0.12252857698705344,0.02608638506072225,0.028900517325172626,0.11693489400135704,0.02422895445741946,0.12498299132687007,0.036389734395123385,0.0476190136660386,0.04877567213317868,0.004301622754951273,0.05463487394922972,-0.01871707649166343,0.0254678739635259,-0.04300877036717865,0.19279865970247423,0.01936360129161141,0.03955253927519675,0.22036533918263435,0.03599159026330434,-0.02721502432940537,0.13113279958885937,0.11537127847423445,-0.007243321212099585,0.05533854774480007,-0.051465695446683335,0.10016161677222102,0.06903083740239824,-0.018882072053159726,0.028335120888812737,0.03214073740492118,-0.04141249162780103,0.1358258274238937,0.035186665935326156,0.0830450204872597,0.0615393215660065,-0.04958733474794186,0.10294800290414163,0.051674889669120816,-0.0038678943598793314,0.09694623099873523,0.07377603363014362,0.0699459455409095,0.1361837033865938,0.04140207259740314,0.06508585669514089,0.1007013619978736,0.013425351349373837,-0.022873911452616413,0.08928848143879264,0.040101607298623776,0.03398330851487974,0.0916971539716922,0.06024338371601923,-0.01518917454924995,0.06274993952575914,-0.004368349434110019,0.043236221969290556,0.11708737923828183,-0.004027773931163159,0.061536407014952665,0.010620747505089678,0.1659215630247055,0.033140138306647415,0.020984804960283432,0.02749124677847714,-0.11739639067652141,0.12037719460788887,0.08894716058368224,0.10383940369262357,0.0004756048978840077,0.04559594485949181,0.04073256078485876,,-0.012066970383639686,-0.01797362498495747,-0.031392625929960505,-0.004927509830843002,0.10877183003470914,0.10333611694131983,0.18460145393709038,0.07468427420172952,-0.0644337919244008,0.2885771790121314,0.0690330821912224,0.07749799165970139,0.06967698469069772,0.11871832897207701,-0.05129557355000436,0.05260637370712318,0.01214367419051654,0.09354242684668423,0.019155034022392048,0.05964715214039029,-0.06489932122134356,0.04507079738603248,0.028395851622184498,0.02516549667453738,-0.030768736109094696,-0.030431483622832545,0.042873263662248196,0.11764632657282892,0.07655475644712051,0.003941378238070836,-0.017459243508314293,-0.05829501671339077,0.016314700548812677,-0.0038590692946237626,0.1139217905245371,0.11018193151380706,0.11399720214909825,0.0026489378334559888,0.1408232630612114,-0.07574301308884124,-0.03160490813078676,0.005498972500258548,0.09058871488556552,0.0820471575970072,-0.013566502414156911,0.13332792009571381,-0.012129348325818357,0.006094526327337091,-0.0034507123426921193,0.00018121905770041025,-0.02369464545407507,0.25187033028343464,0.037421938776133645,0.10465202841898691,-0.012163798430804063,0.07363956783098558,-0.021721216047462022,0.012093714779554121,-0.005949660632005527,0.0365411446926831,-0.0475490432093143,0.051199805574560164,0.017287756627051287,0.29419440647926254,0.02151201381594836,0.09999632130729608,0.09374279725399726,0.16953256728476362,0.13622044094478003,0.11029902160206095,0.03252423321784059,-0.10238868151970482,0.02533818662750198,0.16619615134307564,0.18770367045711467,,0.02975078830210709,0.07897470852241217,-0.015914645965806273,0.026345739271806057,-0.07106064234381071,-0.07342407160208253,0.09456354010292745,0.034647689561493555,0.020521251933300233,0.05157622453138311,-0.008135278642998567,-0.006046598646385792,0.02162204950779789,0.00691437158006436,0.14570306190219195,0.05353272751436311,0.13390668371893244,0.04396062176461735,0.20096827226391367,0.0010526200016767184,0.09897709939751165,0.001221882502078886,-0.06721997216596809,0.12206699510919616,0.015576688015147333,0.08153701341642727,0.017050502869072393,-9.339434464006313e-05,0.09461488075523183
2023-08-31,-0.04238392616642572,-0.017515894739891125,-0.075720852590062,0.023455101056043093,0.02411345251003838,-0.08895921263173512,0.029725766604931092,0.036674711875381405,-0.02919693820977598,0.00990384074213524,-0.07587412752972966,0.103638547019137,-0.04723870462161672,0.03239079943366252,0.2588174630051343,0.08273637164101122,-0.0322274282603624,0.0007926152126622732,0.37643317661690157,0.026973689489542707,-0.06448371072011971,-0.062047339106182875,-0.09659632359912085,-0.09612014389393664,0.0029791019056690793,-0.010474173967474631,0.045183228176042034,-0.0518507105471695,-0.008682944423688221,-0.010802393123265919,0.02341181086488575,0.04030858657847469,0.015077759425872195,-0.12360324516541465,0.06018774522487669,-0.017318287964019574,-0.07193664905983277,0.0812704965013129,-0.06384253484869762,-0.03658537632497416,0.03314194620581179,0.018697252261144603,-0.12034737307403498,0.015528765548223245,-0.018464190626212962,-0.015777034171341464,0.00847454587500196,0.10203669377995062,-0.09038350178709065,-0.12746037378484643,-0.006182018182268267,-0.08115769156652297,-0.009532396798815235,-0.0434358817838445,0.06273628054430214,0.03897117289672414,-0.058611748729901714,-0.04076258748007555,-0.05388895338198518,0.011717971590205156,-0.06280347826751731,0.08138872388850471,-0.029502655347818596,-0.030806209079673796,0.12646690476037392,-0.032973481648202685,-0.08175610040190096,-0.10615905929786984,-0.03308024203455595,-0.07485935839163738,-0.038190315583460754,0.013686364669478257,0.001925753243313455,,0.00446570916126543,-0.0947285235678913,-0.024698962422205706,-0.12430104681302845,0.025994692866754043,-0.0714515381099523,-0.011770868980333415,-0.004285724363726651,-0.02658774097437111,-0.1531881311001143,-0.09503529738257066,0.030099036547144742,-0.014078227731844306,0.05884330035923169,-0.036128241187461385,-0.060648560106752125,-0.027912385172432996,-0.07362626578761511,-0.07441019320617293,-0.020846830411054063,-0.002091516291262141,-0.027668086621103427,-0.033909275562230445,-0.009291750391262288,0.2218412636140621,0.011140664712237403,-0.016177925575580843,-0.022394437850865145,0.01209439427027248,0.04656591871844595,-0.03594273300715822,0.026161153636129697,-0.03871540749468361,-0.07133109565587492,0.014177064094933689,-0.0712804486751758,-0.029011080513297705,-0.026420038459603945,0.07874419065767824,0.021847084614005308,-0.039010741326054754,0.034868903651843475,-0.10563495183511307,-0.07000865962204583,-0.02222580832407739,-0.0203108685780804,-0.0823629811903438,-0.08154697833672031,-0.012050922303035394,-0.078630434378543,-0.022534595085872966,0.0522906215091854,0.01000000327160988,0.056196474308609856,0.026955681109590346,-0.005385788845990946,-0.026644277017215723,-0.04421399319498054,-0.018857798816917293,-0.012539821155812758,0.05945383981756258,0.020596580844820078,-0.004409034454081806,-0.24495970629907637,-0.0367027309510658,-0.11805087050541085,-0.005465792654534396,0.03297302191362661,-0.1755473875120508,-0.12732859175457867,0.11400305169867209,-0.014666383941193128,-0.03554587892360839,-0.10170407191583897,0.010627343500316577,,-0.054024419352094344,-0.08916518422087272,-0.006942367560180629,0.11480304586980927,0.0004938436413861602,0.01859501859078727,-0.06492235225345244,-0.06474097543059554,0.07288890639491741,0.01538290858873359,-0.011032727758156002,-0.06592898689509097,-0.03496244385292657,-0.06633324111710626,-0.045086930519908086,-0.058830457145294224,-0.04378573545128517,-0.08654311936822012,-0.07938533307776685,0.03538473684210519,0.01572543214214628,-0.011352670833781886,0.026408740744340298,0.057330879369484666,0.016243382527690864,-0.09850662281524047,0.02081878923939695,0.04533270410272183,0.012866035432921752
2023-09-30,-0.08867829085495527,0.014289438989807612,-0.05879501040163926,-0.05145646203796983,-0.08838994276331213,-0.032224360610510816,-0.05037566093531409,0.029234431901711266,0.041726585013196926,-0.09367647109951871,-0.027430963794871643,0.04845116831200369,-0.09303992703484021,-0.07890726899285905,-0.05788046559980464,-0.06249992074516908,-0.03502850357858611,-0.04733792646501267,-0.07542808986939264,-0.09512109533205582,-0.0556997996228068,-0.14440033156178034,-0.04499473755583672,-0.07044337598558592,-0.07169321406761842,-0.03871175999777188,-0.006788962741321791,-0.07045952406061284,-0.05855636110682361,-0.04947649003794674,-0.02748479755290012,-0.02113458321602457,0.007238842511070764,-0.003874950389636922,-0.02891908126068221,0.04065594994270261,-0.06933089204811971,0.003880243371628289,0.04013411004795131,-0.03212171331698399,-0.05175361954396329,-0.006772790723338473,-0.05215344739614447,0.011520684463822484,0.028546420640825687,-0.08434953740859796,0.026682243366783487,-0.06259812128384645,0.01821197832747301,0.07135168832969141,0.046679051562248164,-0.07972812344313007,-0.02991285198458582,-0.07842951673360155,0.22510638603760236,-0.06377353090564486,-0.03142923773799233,-0.006080989055720187,-0.057232812387698395,-0.015408562457205122,-0.011629389061950435,-0.017099364021212482,-0.014461113686441096,-0.07054173136460173,-0.07418515946135418,-0.058075689157994215,0.02390744761727359,-0.06564758692827832,0.019958370638819334,-0.0011733932665589641,-0.06944559146191553,-0.02501771653290119,-0.03346531575480627,,-0.010537232792240503,-0.05424167303971328,-0.07160277458438724,-0.016114657407867772,-0.03899526240056472,-0.012633080337199454,0.05291123449034285,-0.0851952009787239,-0.017026828055883514,-0.09917354358654884,-0.12720582980758477,-0.04447291505586226,0.011667614216761546,-0.0569758352458386,-0.06521038956273018,-0.0632470800478685,-0.03667708773232725,-0.008952259886439218,0.016621253795787938,-0.08609795999894443,-0.05311563373171857,-0.03716597641222397,-0.056925731521890954,-0.03477504729440961,-0.03080127520852216,-0.08785534707403231,-0.09822985825917441,-0.10497644706753062,-0.04120683620132726,-0.0405438776310717,-0.06299140698198313,0.05464198119586294,-0.020152042413060234,-0.03031600287979841,-0.006788805438680101,0.014599722774784496,-0.12233985041186901,-0.027781838161677452,0.06002624543049295,-0.048891177149360865,-0.08649508097367209,-0.02405241607936459,-0.07072945271464748,-0.04086887765876468,-0.036642644618270936,-0.02730926494460928,-0.1423652056026159,-0.0529043595980242,-0.1293119743829111,-0.056722810962723025,0.016393821510042983,-0.008460583471547767,-0.05072770648799141,-0.11857779430334991,-0.12019281805463078,0.036129805937808346,-0.03641594944191928,-0.04766189508379326,-0.06246455532220341,-0.05494369112860675,0.043680320877283796,-0.0656754377340042,-0.0901711637569792,0.06809082035601954,-0.022670833677649105,0.016897188580047295,0.0023238999869281685,0.05247018032979289,-0.06478957594070378,-0.030297736656259455,-0.0042709365944116895,-0.16352861114555006,-0.06332124336451195,-0.07185127433057303,-0.007065087938483705,,-0.04444110101566334,-0.032224187954438155,-0.06511273668006567,-0.05836895444267676,-0.033535091637914904,0.01555117481290691,-0.06350239540212443,-0.1262740627893456,-0.03892738758132108,-0.09079703726729316,0.027889693520084524,0.019247089253020322,-0.030455617484936748,-0.05384996123322039,-0.02625445428303763,0.06205212546935179,-0.0768011040920401,-0.07987003529190073,-0.08143197759232235,-0.06378222740491579,0.09091615318832802,-0.001722472612457726,-0.07347059021222557,0.014000034712133846,-0.01158285217449695,-0.010413995236312812,-0.016481149242060678,0.05746909104676812,-0.08676706250223187
2023-10-31,-0.0025700304389451034,-0.043384120836349904,-0.018343683449538184,-0.028614369316798394,0.04345950956533673,-0.10143328339227553,-0.09294198007668619,0.01771974446308966,0.01171616897406147,-0.04405878852688605,-0.042015169302141775,-0.048593606466964756,0.09449471210340765,0.046963447626806376,0.08938184687684703,-0.027964288449244812,-0.00338748247215781,-0.040957211438462426,-0.08808810156183056,0.012990940311226495,-0.017159248402701666,-0.02535468247738748,-0.037983949341160894,-0.14069948337707083,-0.022241109632233358,-0.07575586840857862,-0.09545886173524909,-0.05291646576365372,-0.10315306743883046,0.006585118016547042,-0.025606627271721583,-0.030492436242716914,-0.13050747484558778,-0.03987378847858325,-0.16769937532611012,0.030934807559666266,0.010322712022280855,-0.08417084014998033,0.08085425035160543,0.06336508712639044,-0.06267702251019824,0.06612744859464614,0.04368883269439272,-0.008347379912618358,-0.022160683503953726,-0.009616161046062888,0.0560998871772207,-0.023316563787011746,-0.02926833686106267,-0.003117203315835315,-0.13574906103269546,-0.09738057105807241,-0.022925426411065986,-0.031851124441860224,-0.023399882904729608,-0.12589158498736608,0.006662593544512374,0.007137795905759248,-0.02368976198089734,-0.11022907418645744,0.033691618399139145,-0.07869920817231668,0.0021540099727044293,0.0046537618886211,-0.025178052005779827,0.030431249642488778,-0.2027351530595216,-0.09045493461810483,-0.09368851368913012,-0.11145300639836653,0.006993634223886103,0.09866086187087997,-0.017367782977325996,,0.04803844588548256,0.02927244245674787,-0.12175907426545551,-0.14467688430128656,-0.05181128648455213,-0.06168683713247969,-0.028641989054696615,-0.057817052962704674,-0.00801133304456636,-0.068297660309389,0.02451360920111645,0.030933760406554933,0.026723128005290864,-0.029607509054237258,-0.10287730146477903,-0.02687688630634566,-0.047576555215859795,-0.03402236476666909,-0.0648037977037279,0.024070179371586287,-0.010012546757458662,-0.005730376270997706,0.009110476591207783,0.026346209548220534,0.03127741162567288,0.11169802236943194,-0.07770719057881126,-0.061505843301588814,-0.04709606848020709,-0.04802700668222526,-0.004820663244703094,0.04716567717676967,-0.04596517865336325,-0.09954055042859977,-0.04609764234919678,0.0035309067487578893,-0.028519544312998524,-0.044708585055805994,-0.0005945380798532129,-0.0024283272744931583,-0.264594845472077,0.00030031574032096664,-0.12667279470211112,-0.12225421219297838,0.07081547632766161,-0.015411283766367578,0.017629463815818758,0.014072989660410595,0.09028073485862631,0.07477494085607805,0.07096922450582421,-0.044976229576153326,0.040951078227295934,-0.06250742696244882,-0.020219202724577,-0.047318025489109794,0.03659785762542467,-0.03635489647773915,-0.07868555881979433,0.035081147207480345,0.1357031321011417,-0.05291117377104382,-0.10212997559939585,-0.07499998807907127,-0.03694091977403091,-0.05521040972299285,-0.03635782774964802,-0.0506032780504867,-0.11392405647931259,-0.018638664919302217,-0.05233553804057678,0.13088798534970025,0.010627970987254542,-0.05209463604706632,-0.04528299859742557,,0.03986414846909847,0.0172173720111779,-0.044060558567366015,0.03487472568334549,-0.011161119971691003,0.04488669254019828,-0.008738314146643278,0.0019896729542949743,-0.009113290116576689,-0.12130312760194417,0.027204581930471372,0.025289240321960893,-0.1973463537763216,-0.09872493248338532,-0.058925914334958085,0.06221846068390002,0.019545247242162,-0.09379614347608767,-0.03569275156149054,0.022129484670647015,-0.10380367693564596,0.0413239648034216,0.10706087831174793,-0.1200964744587204,0.020629851700444846,-0.02667661788854314,0.021759250404512764,-0.09976184149179645,-0.09543659118886294
2023-11-30,0.1137803274228748,0.008570719144711081,0.10301403338261772,0.12134355578989231,0.14838554405386728,0.16557560767935553,0.05361556504382148,0.06438122407492108,0.07339742777435099,0.13412759982829603,0.23005079860009547,0.0628086118304294,0.17167079592444257,0.0976782655173829,0.09652149557306999,-0.09365556001915154,-0.042097353415446626,0.12960888915087376,0.028540092061503985,0.10026505759337967,0.16941719714407455,0.23985652393658086,0.1667938723706488,0.12148513051713672,-0.06566986916736772,-0.01456593227612979,0.12049937094961716,0.2269383781822809,-0.04172310660975653,0.13694109908112218,0.05469784127443367,0.09181482494682425,0.21678426950744112,0.18254115320023967,0.10913499198082777,0.06900587011899861,0.26134633025222587,-0.006628557574655747,-0.14980601060113463,0.048588899041088096,0.01453144708611287,0.022955041429025824,0.1087459242587725,-0.022283392815397485,0.07491812901666761,0.2542946814583058,0.34066866416931396,-0.07193549995352566,0.08580353932244322,-0.015360290092720774,-0.004286635584873744,0.1408115141027706,-0.013404311092861554,-0.002600222135195396,0.13391131185284655,0.1629516996294087,0.13604601864000276,0.05014903143977256,-0.03435692539002522,0.05184388817153307,0.06532014980393375,0.005184844675689471,-0.025188090804031615,0.1232783105818962,0.09951181886556926,-0.001780788178690762,0.05230772380077742,0.10479584076243675,0.07800899924728477,0.19405449025628663,0.14821978558550852,0.023455322051001648,0.12123714609642855,,-0.024700952838132006,-0.02421831554482967,0.07504652498703535,0.12376782579790357,0.0681010036241203,0.1341673953667466,-0.05871870583738925,0.1085566562962812,0.07537319947308174,-0.03719914002369573,0.11431815214240015,0.10867126655761705,0.2286843072790372,0.15458110354266186,0.18541680608210132,0.08071568464218859,0.050954256021285005,0.122393107457333,0.12889235008514555,0.16269758459956507,0.03418603167749401,0.0845676303525067,0.04275687692035768,0.08271393502837965,0.06896533106875014,-0.00808972411334452,0.04334370218444028,0.21709568054875628,0.06791373983203841,0.099587924655957,0.08146905993291731,0.03478508723318252,0.07325164918957117,0.12344085754706269,0.06958538729030539,0.08590284199979958,0.1064211971714677,0.04655216010960905,-0.008189127202373414,-0.0021420776948853915,0.02290676520196544,0.05151602962753743,0.18022032080944728,0.12030528277099584,0.12294530528694159,0.13832811702047532,0.011768703176563422,0.08327163553948225,0.151278895158228,0.07297878460676199,0.011925982228281562,-0.057114127007758975,0.17855110215802994,0.14688575648181335,0.12388765538325086,-0.04303513461438779,0.21426216422517852,0.03854257908125325,0.010497642464165846,0.023261951518551927,0.03757366721081179,0.17844071941869388,0.14074439688979457,0.35472966072070133,0.04710630388175052,0.17026303196264703,0.08347969674904165,0.14028725106058615,0.1121622375318676,0.19158390417664495,0.056315612264744574,0.008485292027796243,0.08245513215763345,0.18371457422298954,-0.06503764697660386,,0.06529241589035006,0.1365001234141241,0.1930195265936312,0.1589743948777178,0.09662489893969584,0.07597398497549723,0.15300883093399031,0.22029024361392668,0.004137833010934511,0.11464348060319063,0.05037375849363701,0.07871469269205722,0.19537943740621877,0.07534692923841946,0.30268028323246554,0.03250789248023267,0.08506336111082757,0.08591513728787525,0.19573407399973974,0.09411511602504885,-0.004902384826543038,-0.02015958710964938,0.09109032659070526,0.2032377762967954,0.07327640671903812,0.13119236706157822,-0.04724306842633397,-0.02050543243783276,0.1252864661120201
2023-12-31,0.013582496186768322,0.08834890159193409,0.055422651696453995,0.053341090374280364,-0.023583957626512553,0.08788069240231788,0.01940779771843948,-0.002538902899360762,0.03504472649062773,0.0820536761371895,0.21665565538612808,0.06816469351276444,0.04220054185555244,0.04004385139407596,0.07191291843864622,-0.003333534105953606,0.01851214241857857,0.09187996555907785,0.06323369692718384,0.2113496771126533,0.09703100535127196,0.1253291808804471,0.1042964013944716,0.07150766167777012,0.036608875154794385,0.10547670450052782,0.13485625002576884,0.08783882384252495,0.039084571358718456,0.07719395823981001,-0.009277767605251785,0.03435322964054621,0.16507967745348484,0.1158351685792176,0.17928364750136527,-0.01118928853943979,-0.004477024827888365,-0.028615730055996935,0.14446729152727333,0.011933424044464624,0.04678910866486685,-0.0062723467888121665,0.17427879748616681,0.004326310705876857,0.1389319038176331,0.044621082022765046,0.07734504158903599,0.0442330126834205,0.07337485186674741,0.16203111455974062,0.03871862879920074,0.036612285865806005,0.07534274676853614,0.10133892081571694,0.008303576403027924,0.03702781212822259,-0.022718019193696315,0.05158223756717262,0.025189953706169055,0.0636428626531289,-0.013516220977518478,0.094825720066958,-0.0046241608567743064,-0.011803616765619362,0.05766604853213031,-0.0677745156988816,0.18810895517241066,0.1406754182110146,-0.01801702408089234,0.03350101892597501,0.01707369816337212,0.051423194996282895,0.04852355438782707,,0.06720493702657171,0.02324844890673794,0.06879598675193277,0.13670883751948848,0.054025546238412936,0.12950140905765073,-0.019446222499994725,0.10545776973837806,0.07038572018397349,0.44772721533933035,0.03496799786034499,0.031470894445560615,0.12416102913298444,0.09374237859962076,0.08531717065407496,0.08723106553924898,0.013448992601929666,0.08982597222808275,0.05326144582893799,0.06734962044174364,-0.008386636055467411,0.0039841033259133685,0.008384534581483916,-0.004327373305173299,-0.013738281755150572,0.012216105784120579,0.11929791446588145,0.09704358987413797,-0.0002103411571768854,0.030640694833762083,0.05205057265743429,-0.016108556671510788,0.02531410572314563,0.04793862215204725,0.039289579537196806,0.08195030301317985,0.10346213228198842,-0.01775615726561597,-0.005563453893360326,0.07152019073878235,0.27992279091707295,-0.04989469611724273,0.0821819379823725,0.17532142323411848,-0.007574406519719856,0.12262547434358329,0.03811320696023879,0.029858288458825433,0.027238018939319764,-0.012102048462939274,-0.014773919369144739,0.0805165176316629,0.030259349802533864,0.05893422805658988,-0.09276313573802142,0.01269472103603464,-0.0007116183458750758,0.009210434749125973,-0.05513613208270096,-0.045466482666153274,-0.028958307570649433,0.06353033664951435,0.16724230935759654,-0.14364086136438314,0.021652947497684538,0.15594206109757835,0.06064633757642346,0.03297392033642943,0.06596071375175372,0.12072853867782674,0.06613168795682389,0.032646001822213444,-0.033131959037605685,0.12198310748649566,0.004828059662255857,,-0.012115950237924555,0.15883944149563867,0.05937525648360831,0.0883469830254,0.01327339067117217,0.012673605150257172,0.1487243821194204,0.06434508842378484,0.06469185361810115,0.07138245622409767,0.06566981443475872,0.060435892938907054,0.03498831153123505,0.11623323484939685,0.09205389372800332,-0.04467488270732778,0.09645429208932521,0.03706876321359909,0.14816588007025744,0.01429804799200629,0.03701350147818472,0.14678283432879624,-0.016436124188472068,0.0840407053220813,0.012009009281074068,0.10383501976099319,0.016350055774341676,-0.026863928947768456,0.11716740031318329
2024-01-31,-0.042227095874276754,0.0709861258405895,0.03294821655813118,0.04074759447609955,0.03550126479662685,-0.03122480781200887,0.05498565392426058,0.022303103112054412,0.025977812746265316,0.013759501578006539,0.13757545807937333,0.09110496560173531,-0.09370961784653364,0.021455801332457947,0.09838222881990188,-0.11963779395440077,-0.06607012459963446,0.019872858916756275,0.03212051801772042,0.05711088768253725,0.07498947589804295,-0.19036296201506397,0.010098143178408847,0.0007760622572086096,-0.020587859111374063,-0.04679826048500024,-0.01120584974684824,-0.046181428288764814,-0.03650053753543314,0.07376750551490119,0.07592661440647697,0.09427429196983472,-0.049419726355272586,0.09195179083146265,0.020398827675495168,0.08407072112568503,-0.06024819505397794,-0.04623340938388054,0.00500923548900456,0.0626396927723023,0.06841132812865913,-0.022602107420479745,0.03203204198056042,-0.036185064875909445,0.05272086708957402,0.06821434691911787,0.14562114839895068,0.0009989535776671055,0.029708479795585552,-0.04957584272046767,-0.01159849794178014,-0.027233980208128394,-0.19667243885780095,-0.01572999834101063,0.08823885353267902,0.03704503507768053,0.06379450023028777,-0.012469221105035788,-0.07240617138230931,-0.0584592402216102,0.046399151467823474,-0.05753624483677622,-0.051762491774029695,0.030271099079644204,0.021841995250595048,-0.030362299054816688,-0.03855601624392413,-0.06425486567349736,-0.04617161907575584,0.03645738294277323,0.06797650578315495,0.025904919791214454,0.03753041868010132,,-0.03394640484056188,0.005648387166569346,0.06699502879405017,0.08017812535126856,0.002935127690239181,-0.004562185701695309,-0.013831186450134925,0.01849665984243498,-0.03552523955218445,-0.1569858740919321,-0.04586230257419677,0.12295924149515303,-0.14268654268401937,0.011601150163673246,0.12111696005251016,-0.00397059301965863,0.013780392123867058,0.031364730278615305,0.004056233355384631,0.021916286391538975,-0.004444055421507831,-0.024929842677593683,0.009502849972842453,-0.014316541258120985,0.10754468719470478,-0.05257707739220063,-0.03882170732048007,0.053507267998448294,-0.010096476737962656,0.054929620900444176,-0.0127817412746698,0.07972283092196619,0.039210146053687556,0.0626365675120879,0.04823845145534822,0.10221510555704838,-0.13693734306721494,-0.005453866199251922,0.11620398590834125,0.10787015814653644,0.0160885485431268,0.02672521692778962,0.12372126645771298,-0.055285769437736554,0.05728119907328244,0.004804444672367625,-0.034738257139718565,-0.16622372079559333,0.15862223990142965,-0.0648428626018196,-0.04567020429237256,-0.037968612875124874,0.08338403469679534,0.24241771098120113,0.06357594218629314,-0.035839804484834814,0.14795850569845026,-0.007713185434599867,-0.04524113327585666,0.07910756934994034,0.12472599348992675,0.008248403023498163,-0.049587291935185185,-0.06290040296488864,-0.03433255049184114,-0.013482286040399472,0.01176354291064241,0.08389683912071955,-0.000977028861199991,0.026826771966684815,0.07342680962743953,0.08295693944321925,-0.031038398283826818,-0.08546510718269473,-0.06418131539762151,,-0.008557093968507123,-0.028252925039027765,0.017774487162558472,0.0036314077398911238,0.1202833671403194,0.07142851076759027,0.003791899590103176,-0.023451811964626867,0.0117259455470069,0.015429686502873574,0.005613256549862777,0.10955948636556534,-0.24625725810339172,-0.05324677533905209,0.06009415245381633,-0.027978822321516716,-0.006880485544367376,-0.09750034022340304,-0.04020332127787685,0.04958700036917185,0.07657992574456274,0.0651035643065927,0.14228504283753374,0.09318310022830345,-0.04059006142850741,0.019504340347343385,0.04820810321089053,0.028305579827778482,-0.04627847567474441
2024-02-29,-0.018543077974551125,0.07086372819724929,0.04851954979072359,0.02995485510637219,-0.09307520035156125,-0.0028073120169449517,0.021767456059195833,-0.03661626540200724,0.04862573926651326,0.229224942866594,0.14813045486459608,-0.12183992061925086,0.016406952537300512,0.13891751277407427,0.07290867636902632,-0.049154154832542374,-0.08474442323845421,0.08051429135608212,0.451981513975676,0.10211014618011927,0.09305570064261359,-0.03468533120878703,0.022145432153383604,0.06506948841328919,-0.013651163187088255,-0.12028702557545234,-0.011016533428816588,0.047823291253643374,0.038469523334994093,0.011359572379745053,0.06686820324990661,0.04663295670583811,0.03490557851485465,-0.0026772217155530686,0.11205074439591955,0.027224687874301656,0.015611859138670026,-0.20711607604080717,0.1169298346111709,0.02755346073517373,-0.07928661699675299,0.07049175395771257,0.021449772764693842,0.01316556261737567,0.07210397968917559,0.09865189088774717,0.10820510733840805,-0.03607008215734364,0.06611551157094753,0.0,0.042316395674341534,0.060806696675532956,0.12572550898402302,-0.07248855146040634,0.14213335964825213,0.05514568764493544,0.16168656312754792,-0.030865094939430238,0.04854809812487537,0.15120516321813438,0.015827618517520126,0.17061618438072879,0.0058880460375236865,0.07638911838816065,0.17441497027767627,0.029589430571068,0.0900738467254707,-0.04736706518091793,0.03182896124408585,0.11130757829077353,0.0521604948894292,0.03117078196138401,0.18479066549604561,,-0.07871193402091636,-0.011246431744057483,0.000947575202290718,0.05931430498533086,-0.011705711911109473,0.020304278920208807,-0.016269390239506354,0.07833756036530004,-0.01205225553032474,0.5186219565667938,-0.013235868011232332,0.01664435435016287,0.0022326982931941686,0.049989654638584735,0.01951246591664524,0.00479126926750717,0.023318626444576163,0.06710277439702605,-0.04982511722169569,0.15112897716809215,0.0016532518995575618,0.027777684978604222,0.008909062234855547,0.10866286712791928,0.16943836342994012,0.004592356946426124,0.13075540753363124,0.1370382743828391,0.06544813483899636,0.056830669060322636,0.00417770085736624,0.04428555842473525,-0.02922805410804652,-0.04774950378435938,0.01405422358620756,0.25762546881312764,-0.007418199894685951,0.01969100610024932,0.026903603490351813,0.05274059600890868,-0.08718461080575901,0.04348951853586369,0.05849340985984397,-0.013755151475587812,0.042318397420675335,0.0566763282181586,-0.05005685930345616,-0.09446535530285738,0.06879864861620777,0.02363834722672653,0.036158167359430005,-0.13377746607860896,0.007760671059765523,0.28580947452737226,-0.00017879764692207978,0.052805315764847816,-0.08259732700966493,-0.011441574274106303,-0.019202440146974253,0.011454769650567576,0.06345018000764258,0.1560720284058119,0.051937751017249845,0.5587321122350781,-0.009796170475602217,-0.026519529076292403,0.05119642459244189,-0.005338008519946924,-0.016462957120461974,0.06788436304951873,0.024724701292750062,-0.009434495031843015,0.026238435491748424,0.06561480798843022,-0.0019443229768871806,,-0.022412734629889464,0.06875411145657617,-0.042553180535480184,0.08601769549836269,0.04050895510778596,-0.04296201568286928,-0.04229534899072529,0.10765512183182357,0.04813149420256435,0.057887239177480065,0.01687420989476318,0.045420219071825585,0.07790064669600238,0.04502862698873389,0.21801752855529277,-0.03544761820740572,0.045376810987437954,0.056537131010133246,0.01011073157008946,0.03625502954592785,0.01843054238392905,-0.029166123277550415,-0.05501764176681134,0.03877741752595587,0.07225008421112844,0.1155927885595629,0.06402405180454385,0.026080778349496958,0.05601398323306128
2024-03-31,-0.051286541458107626,0.03436529501275665,-0.041975659760749795,-0.07516417340862658,-0.09937891818709865,0.035981772286325375,0.0002094759305473204,0.0634134967385267,0.07754991193239524,0.022864862094759575,-0.06253567424541784,0.03830862224292253,-0.006386447114929306,0.020479805886374214,0.044822375363560374,0.15407866275315607,0.04275721195107951,0.05806167256962946,0.15907568328559663,0.023502447812218996,0.037690371286061675,-0.05267031054017379,0.09849366443003271,0.04447723532244319,0.054773278938105685,-0.006267572588242731,0.048527396122928446,0.03393608672375281,0.06857136951632836,0.027277670252651598,0.02716168852703782,0.03443586785717945,0.02777329184281374,0.13966484316511152,0.09722735322250653,0.033056015733822,-0.023502353985166424,-0.011227121679306618,0.08498244183817016,0.04079990859340632,0.011668841360831017,-0.01782208978075983,0.08197071699959713,0.1309756427894977,-0.015136658501471945,-0.02346560653673402,-0.010982562473009438,0.031837977522779504,-0.022930948811889063,0.07247538861845881,0.03769505272833418,0.028433827204303652,0.1081082350817042,0.12932671299725618,0.20547213502864858,-0.01243709312984942,0.09661229425826745,0.05314172870197398,0.14957036317841688,0.12229560977023923,0.03784523472662071,0.061488165679151496,0.1168967315750149,-0.07143180926530668,0.08532577221974247,0.05950350897993717,0.06752412117850914,0.24358649145606281,0.1696438555800297,0.07767611509660588,0.07067731459631421,0.03381533075728438,0.11880947269453812,,0.026356984773850733,0.0902148202419637,0.022332376986573754,0.10663752912974789,0.09006202646179085,0.07361524216304205,0.12949573383173107,0.01388378859232775,0.03280824763834023,0.23421212874966235,0.07634006485938105,0.032049004863473174,0.02601623308367329,-0.019445251808911435,0.03498441395447904,0.029000502632035685,-0.01976688816862815,0.07653441210165757,0.057889008542347575,0.023845717958683954,0.07804634842916602,0.05462909055204057,0.027480212044885155,0.037594086647305236,0.03221525512955559,0.0621848194722634,0.05842014950201091,0.03774184773029443,0.03281844377560761,0.01434405695138885,-0.035342806752196365,0.02961223582118122,-0.03616598802411386,0.05412027245684703,0.06266133233608628,-0.009283272721450131,0.15143286535363476,0.09000738590752455,0.19068716933790464,0.04433332186610728,0.1552471815532095,0.01834168322474805,-0.01088441690884101,0.09437468812698535,0.017116167319136233,0.30232656054404305,0.1579996787010669,0.15592743380000562,0.0073144346418954065,-0.09250671829774937,0.03826296351034397,0.1582668515454213,-0.011590281725971874,0.14218106058561797,0.12473127267197537,0.07614080969231884,-0.08507481548435791,0.058485539718168056,0.044804287183741964,0.02082557259501061,0.09105277397629141,0.037986680372725345,-0.01565859977163575,-0.08253587325044653,0.03258558087272534,0.09782622716285982,0.07716300805782517,0.1461651709866374,0.11020885853101725,0.07294511033669226,-0.00372636084458311,0.08765470425192556,-0.036986373572126086,0.08325854030530655,0.1340781939081419,,0.06676575481537284,0.07006463131550045,-0.0068397204010792745,0.008151971973836325,0.02755609860735153,0.03957452488112656,0.11435084456468014,0.15884130498935978,0.022997840699938044,0.020015236392532998,-0.0004900252380544146,0.046288494252691326,-0.12923524353897475,0.04111652459646087,-0.031572353914848694,0.006179437263095666,-0.030588508423228133,0.0024955532096260225,0.07742834199515558,-0.012595678404156208,0.20663100565797365,-0.0064885214909788935,0.04847568493638876,0.14746913624992386,0.013889070486679866,0.04263357400944923,0.030113080393763925,0.11213169390846822,-0.14682589768903664
2024-04-30,-0.006706174615466742,-0.0985233923738793,-0.06303397505394437,-0.1284869580879454,-0.08277847607215671,0.014257494694783324,-0.031432780645934244,-0.02573949268123521,-0.03658712936902875,-0.03675510492808298,-0.12249986114155775,-0.03650826920904782,-0.1239378933236891,-0.029825949313549094,-0.11524936947916053,-0.07841057466273416,-0.024476740690741572,0.04698726391743491,0.019503011417418392,-0.018967860755361943,0.031029374638142482,-0.13031767676779682,-0.023997877012171487,-0.05545171455412856,-0.05192986973678171,-0.0037564232261363406,-0.048471776959564616,-0.09483036664863154,-0.1803222624741585,-0.012453964584414612,-0.056572763837322126,0.04935034294402407,-0.10634151388007929,-0.030202414972482994,-0.08361870911249458,-0.040481576504370786,-0.1138619515429371,-0.11936139372599874,-0.01693338776771236,0.026686323407361545,-0.11438321774844384,-0.026243573568114353,-0.036671269654127925,-0.013042132302682585,-0.011697160803330275,-0.107045572156378,-0.08749489414325029,-0.05101544992629059,-0.10385753702732303,-0.14286381247831625,0.022378562751185438,0.03638964008198475,-0.05438892802047812,-0.04706142754349951,0.09652713554730719,-0.01241395723706995,-0.09202357129125882,0.016027343784396297,0.01992833246797887,-0.023493748143854076,0.019361890194691922,-0.049726616121336886,0.04055669451870947,-0.13839309178538273,0.017845686934352845,0.0002661654552682524,-0.08509013522674536,0.0652504095916171,-0.09650012643222572,-0.08438935565140737,-0.044737885293476665,0.021283886917759842,0.1571875063574748,0.1240221260183536,-0.10989778929398497,0.015562918645404267,0.012742868142593844,-0.018081752265928674,0.07851317901722465,0.021594925661757136,-0.049467407533948404,-0.1287277472900874,-0.06099872602514955,-0.1808246170592399,-0.07048298386229168,-0.12966074387773874,-0.31016523950801467,-0.036163309851407255,-0.07133729605339179,-0.09026193575704622,-0.08597254742973448,-0.03715214025754254,0.04634148380255443,-0.013284171855202143,0.05550827805662162,0.012336219464608833,0.00964357734203225,-0.05031008228717826,0.004036251006788394,0.022116187060924553,-0.10069553609015569,-0.0794178356784071,-0.022585052542401396,-0.06176673980777503,-0.0316013766462635,0.0006705368190216277,0.027714227940695668,-0.07928879090673424,-0.04088501363121522,-0.11411095641587399,0.08820569363088038,0.004355771736769487,-0.09816369221413512,-0.020689814242411786,0.035191442247715976,-0.028402218657596512,-0.06933699507347513,-0.02634387652666237,-0.0746101312664863,-0.041818818924777124,0.04787973128810585,0.13392881475577978,-0.09334303218081119,-0.0183017994255551,0.01330794901994814,-0.05276661989161535,-0.09059546004980157,-0.043760226963653226,-0.0914967111343814,0.017694891844771465,0.023791960192353967,0.005142506738302188,-0.07675662351788859,0.01234985410903211,0.007393859230338196,-0.01957590047927482,-0.21632626718712955,-0.04519777945164716,0.03623665912324836,-0.04197141247834979,-0.058943779167152655,-0.12323983638583746,0.013882603147008954,-0.02037793034167379,-0.07462936119316232,0.04091056289452766,-0.03173200583487512,0.022255989815670674,-0.13373470205194715,,0.024533014222727134,-0.1019874154532433,-0.022611353236235088,-0.07673297672698387,-0.059714441844595845,-0.02462171005257563,-0.03668538224102391,-0.0915863869100445,-0.07227390169640324,-0.02148971768642649,0.0058201962076001035,-0.07812638353509527,0.0426076897390435,0.012685818252448966,-0.1392388819086825,-0.022235727956543827,-0.035660611379851104,-0.007737209946213186,-0.09105129603914586,-0.037516143086524956,-0.06338994574371892,-0.06028566689386372,-0.04362486444707803,0.03795419199668704,0.01969174119118411,0.023464485365212395,-0.013628001893568387,0.017463962070435768,-0.056237728646019836
2024-05-31,0.13022226122352243,-0.008607976849916099,-0.035670505516002704,-0.06187880540910706,-0.03904236400166605,0.16888491531959904,0.012526395579609328,0.08051818110008169,0.04660733285615826,0.08468224789196,0.053794600018960415,0.1244152834093597,0.14094218075577425,0.008228585379463915,0.16015745528882142,-0.028944008651166864,0.12845892261251324,0.09605044576744515,0.15459832378190508,0.021749371118699568,0.025509748675336397,0.058210226916308505,0.08051871505935604,-0.14817152632324915,-0.011210386025938712,0.047109183372820995,0.09395063490603794,0.023044018744516226,-0.06486108884004627,0.05523104276828161,0.04453906289122456,0.05148179778549067,0.03335902992223683,0.02480508159588246,0.011806036524496966,0.0892053916381561,0.09298360010586215,0.12182539805562254,-0.03478595678307028,0.011314201162842208,0.050380140871818746,-0.031768935541347076,-0.03638040129908471,-0.06686030848004909,0.12033466467028808,-0.12828130056250053,0.07222945329054986,-0.010217040177583403,0.0196285207334026,-0.11977560248796648,0.016549191693430165,0.07104245169918899,0.13852896323036656,-0.042538454521452884,0.11970489838780951,0.041278052728117576,-0.06471628545765573,0.06459866384273893,-0.04103164266586368,0.057349708440384006,0.01872937560001331,0.04541828940396919,-0.05736773150952301,0.07872045601414812,0.04897039474724574,0.009207007916315346,0.010479586803875618,0.05586685765426269,-0.02987252922872441,0.11719650971030537,-0.019060743413969128,0.04416708799219449,0.020516617858524766,0.14436251077892348,-0.014263897238372625,-0.024269177165966993,0.12475815978690297,0.010330128957652729,0.059712545969233366,0.07633455339373296,-0.020549614847954034,0.00890986881562461,0.05463874579886019,0.2674348034337828,0.2993947001346291,0.013876655938069415,0.016583726214154826,-0.07860995835976092,0.08499271602990532,-0.005571192101619715,0.022585114250566196,0.05679578284827147,-0.0839161282098132,0.10414367619551212,-0.023657823057625205,0.06619250599890947,0.01877937227688431,-0.012336888473847729,0.052026973646457364,0.011636149253886341,-0.029387399641336298,0.042519585539106064,-0.00550168294968667,-0.009153342235367568,-0.05182378102038232,0.06027422713703934,-0.047400435836566834,0.014082776342347225,0.02607814327736735,0.08522211649221223,0.04481888632926334,0.055695128844303055,-0.023503857340090528,-0.02847841692845099,0.29226730311583005,0.040866554755892404,0.04399951031672056,0.07705850563689576,0.06819106600607316,0.10658644263800543,0.19486338938958792,0.03198814253113702,0.16522598292156743,0.030240603746685135,-0.06651896368381838,0.01784778198581294,-0.052500243463218466,0.26887117968334007,0.030241696004645213,-0.05503477772168053,0.01381961845108437,-0.017110825984098188,0.13552749982468715,0.008210859730393372,0.014069687640777984,-0.021698808886294718,0.0827047499124074,-0.013199773201742038,0.06783239496194282,0.026947503770202275,0.10113761937705545,0.00020528964528931937,-0.0725853130076396,0.23537062025829036,0.10048730803504169,0.06834691832779094,-0.08657911653422501,-0.005806933866855268,-0.03348782133782613,,0.10032053179523182,0.07670966439571592,0.03026369319884581,0.08532165847783646,0.013640389265816788,0.07874472731248194,0.018775376696498425,-0.02326426704789597,0.09992421320659162,-0.001301125138304715,0.06979845003925167,0.016685407215850878,-0.02837187354253523,0.11334024124825781,-0.025803518501484102,0.024126414293016207,-0.012700764036923995,-0.04748780547983644,-0.0019692667491006954,0.01621036696618927,-0.01027416864273012,0.15918637297404703,0.04203583358313212,0.06296783933285144,0.09479094733994464,0.015921788736300346,0.11183852924457338,-0.00048667752598952063,0.06480784208033485
2024-06-30,0.09555268935618577,0.06375593950501268,0.01683148223500508,0.07481646957065036,0.2490780776808068,-0.02269636980349976,-0.019819143591557453,-0.006231246895048725,-0.05299570941016374,0.09721970564290938,-0.02810058330814602,0.02157921454711098,0.0012952341386083255,0.09527316552932041,0.17749040206000055,-0.03570266236758013,-0.03243356048841184,0.019525828663652822,0.021354906628406,0.21232027749430027,-0.0352084326993819,0.024773345427418825,0.0005474013079669326,-0.018773829528677788,0.011494332008462838,0.030585955402062215,0.05144344631956588,0.026529513679264927,0.010708311248432523,0.004697063777436616,-0.018339783338447657,0.019055213010737537,0.02738585500766222,0.018456040296443543,-0.01601064791122153,-0.054852222147211194,-0.031648745077536344,0.041237101348717164,-0.03682069743684968,0.0438899555019483,-0.021733266082312186,-0.025871805734945408,0.005957997644823632,-0.018028864644529907,0.049512930965089685,0.0966556223437749,0.22163415703646283,0.021720246960606593,-0.008888841698084682,-0.009060230280416581,-0.03622924626491686,-0.09124616552030229,-0.02032628615648957,0.0008895310248393518,-0.011823004957004946,-0.02601920249238443,-0.04446169627700047,-0.03224878592580582,-0.02678615553733099,-0.00922177689439485,0.009329802514719487,-0.01783153014674299,0.010598036032940517,-0.008361842825613364,-0.057984119670634215,-0.07829564208501438,0.033800302378646396,-0.07832346244983757,0.18711667145653776,-0.002218402124659513,-0.004807700635100054,-0.03212429912562498,-0.03736218364029931,-0.024957244675446355,0.0806190001721434,-0.079854523630149,0.04267309856876489,0.03539806249152444,0.05715378982711794,-0.009200099630722658,-0.07492105129091231,0.027981084444856252,0.05613528899694753,0.08660284684108865,-0.03320123441491929,0.03655961761633897,0.003889728738130982,0.1401184365750514,0.10626184100563218,-0.018060829118374477,-0.003477117789799422,-0.001826197447410416,-0.07842597772488213,0.08555285045583827,0.046074499630108345,0.019497152386466654,0.01928941412333951,0.010789162071636493,0.10366435527973605,-0.00019259418548456253,-0.003750660338945666,0.14413905794309145,-0.024673552399468335,-0.013219455089406473,-0.009252990436989683,0.026486581624502126,-0.038957043234623234,-0.02407878071438896,-0.030122755321938643,0.08116578798804674,0.020471372509455188,0.006423085108707927,-0.017722852779223808,-0.007960587575562617,-0.16695897960182005,0.015126543240311374,0.015840661983426596,-0.00664335815000916,0.07665061037185938,0.05223990055186589,-0.1093643051147759,0.004324627371168122,0.05183747804061012,-0.20395017468465193,-0.032877174497887296,0.014345547403900483,0.197494388545723,0.12694298818616256,0.2048808475088446,0.012223960166004133,0.14953716576546805,-0.038574583779463434,-0.023726518668085395,0.002309608902549831,-0.016431346954884463,-0.04837085754745274,0.025236898556940224,0.16835791361399965,0.012513308689937164,-0.01213535836187507,-0.026256836641010972,-0.006614662146284811,-0.07874271057602789,-0.023866768641823022,0.07230469851492383,-0.06882458197856978,-0.029543776876548633,0.005595092282405512,0.034665526935913515,,-0.03206905298109963,0.01645794828154723,0.04325036872674848,0.11493551786997092,-0.00011380855152887115,0.04884750014357242,0.029139040820316042,-0.05199784824600695,0.0678952092410805,-0.025710626529443004,0.0069730431846593,-0.05263040374358663,0.11118599982126098,-0.0024613691953926375,0.12577452065750827,0.03240094616912925,-0.028176433314047955,-0.014971339255608562,-0.0087204080202119,-0.03666582552620168,-0.002418263996568859,0.029384646616643195,0.0021872525349657668,0.0063753416107354965,0.005594703579628213,-0.008845245394148438,0.02965346378644318,-0.01825009797030186,0.022410835382492555
2024-07-31,0.05441078960960488,0.09038244934634365,0.024945072242172683,0.09445955139344142,-0.007002112840004848,0.01366872506816752,0.10025560778341958,0.06796563795493382,0.06721450273151808,-0.10080926642105748,-0.10930281889207505,0.0640744348868143,0.13386126423217637,-0.03244504151338112,-0.011213259159343791,0.06778248202717596,0.029538181776722627,-0.04616275109872359,-0.07354004634476652,0.0007910565887254695,0.09606432266729281,0.047195274193347014,0.013578035834816315,0.07085192542031504,0.03144917193690522,-0.08032098088037343,-0.062221476227618644,0.11327035017585318,0.16260927802191083,0.09469922306081702,0.0779253027489375,-0.04064413447587667,0.15489203539752694,0.0223762094797344,0.04356026212624298,0.08068052421401539,0.1267144991302136,0.2701365134931777,0.05475386361193202,0.02737033593723992,0.0625127802984431,-0.014699903636335332,0.09353573745121069,-0.027802028973812676,-0.0315530539690424,0.008179148282036364,-0.3946605985647126,0.028522223625354837,0.049327148897716055,0.033035513854015264,0.025891901717609578,0.09102035426992794,0.03988089673928874,-0.004416110012264718,-0.1728350892795203,0.10898541445848386,-0.0520470840347691,0.090192570390488,-0.007806027135086047,0.03518248679897029,-0.018141173696057833,0.06308995665383987,0.014407364952139012,0.044461981351200386,-0.027937922351828237,0.0748338207493433,-0.13716097491291124,-0.062896618098494,0.008037675302516423,0.0195062001403985,0.09749070513033842,0.0346949729373347,0.07245449467647691,0.03923966706755033,0.10858458955026329,0.07159034140349263,0.029858422962253384,-0.04606116490965462,-0.05824868177210307,0.1253758398337439,0.02664307738558036,0.06948647745014846,-0.04116330222956599,-0.0942315929511246,0.03055406820497586,0.11095695128980498,-0.0074265350905735605,-0.01363792279008802,-0.000539554341148607,0.04355168208934601,0.0799808260009558,0.05794123675540952,0.092799271313315,-0.0017465220591570407,-0.022792852380258855,0.07770216458543922,0.04854678692242542,0.033476958389069944,-0.1116767638765701,0.16017956561783797,0.11902611014908482,-0.134864178920983,0.03972379165612239,0.052672092097952206,0.04143772769310794,0.05646868695736318,0.04446832417059143,0.020454774095922446,0.09488510987211973,-0.05828808255931539,0.24816531848252943,0.07596068101343878,0.02040588402318244,-0.08618739072302717,0.003957905016447105,0.06020901130253198,-0.04097668267533139,0.07149250695848575,-0.06398927790089448,-0.16432706789319262,0.07880249607859646,0.1719610145360322,-0.06894558957840602,-0.00676660562510667,0.11095319871444853,0.095213049600257,0.035237179252802786,-0.05277639146240509,-0.00960521031741357,-0.035062638655498524,-0.04212264643503982,0.04692913801512466,0.10689827134107865,-0.019361864994879574,0.031348750809374826,0.10942850270429338,0.12234012040960751,0.06158703002925803,0.13648478214600668,0.17594214403735497,0.06937445653272545,0.03053079931624003,0.13355164651503837,-0.09152520875477599,0.026792627229484722,0.17033551835403893,0.001284368948900605,-0.11534805014506766,0.023526633316873102,,0.07670492685713759,0.010803594421782359,0.08683845807691926,-0.010651767786082789,-0.037619241740329934,0.02244518869438572,0.15032171042254716,0.016009340437669994,0.026521309121614767,0.10911391751820565,0.03462342282932496,0.06442409495501877,0.1727814918018329,0.054525431343569464,-0.11296091152999066,0.1313669783566387,0.09047108828302108,-0.04735133585704332,0.1304784473997398,0.01219193036453392,0.031640654712494776,0.05760368648592551,-0.0013793498180767472,-0.11508518938664758,0.06714635157050397,-0.0008417419644096702,0.013734964240721181,0.03014237705077427,0.04100305558114137
2024-08-31,0.03235355341116075,0.059302793337351556,0.06918987788740538,0.03426903057917485,0.041257949285225415,0.014953713672962277,0.050605553419413196,0.16260273786641055,-0.027514690310228462,-0.06862387864886554,0.02823921616629055,0.01108170923557572,0.016606243424777123,-0.04535242229813641,0.019708605772406074,-0.08656620873944454,0.05685040536240926,0.04964172595713312,0.20453961847683044,0.013318501074715439,0.022170182365532476,-0.08845750299291588,0.010915338517979656,0.06729574396863902,0.0056004087976087025,-0.03958725404416974,0.05227988441154263,0.028876111106202806,0.050252200555352955,0.048409392918893124,0.08533640462425174,0.10706556518914101,0.00147728755000065,-0.02523536929139758,0.02859599903396126,0.030907688334300465,0.01762341333290074,-0.08474663586940578,0.03768586165746446,0.07369700797932954,-0.041192097599289546,0.11372666047882585,-0.02518579213591654,0.030693398172899844,0.08562059591789417,-0.022797397613050663,0.19537847367513606,0.04313705738415896,-0.020182373985257684,-0.0512182130428277,-0.06770202571065365,0.05823791455247651,0.01117727517545486,0.03699119532034478,0.0163617801924667,-0.028042496174547904,-0.0353292560399211,0.0525541203546005,-0.04784162586106744,0.06767766649627327,0.046726574170264934,-0.09552367208240597,0.015930691755476678,0.06127924662042439,0.010410127324181673,0.03441253221803864,0.050304771839813966,-0.024884494204204133,-0.011513638042657925,0.07314855432855794,0.06743289286179333,0.0021759123036966255,0.025969405582752847,0.12769302772304836,0.038653789940443994,0.07670541737914616,0.053030397450027245,0.12319496672576635,-0.047568997649803824,0.00832690794017954,-0.10351787891112962,0.007002862844215141,0.020989733532915444,-0.021876463892415487,0.0024938251746378093,0.06119443892519105,-0.27847058573763883,-0.02639984224291425,0.10800481571118903,0.023859446120116257,0.058719656467770776,0.05639085665954102,0.01779458238747078,-0.0026008000924561125,0.07115865050365966,0.02082349726636612,0.0858556008298843,0.054575549867104556,0.19532156045798343,0.04830995315044473,0.012178660089415816,-0.1087990061822649,0.006074660793833564,0.042332527281750076,0.08764136170988679,-0.08949937292650512,0.05062151378992086,0.10283883788656056,0.016348603890540936,0.09788774944407908,0.061670539535779056,0.09712285053762315,0.005398425279129926,0.04702543518616764,-0.3507800643065415,0.022195156719135634,0.13825014252544787,0.003875732412371269,-0.0010950909681941567,-0.12365687841836259,0.06076012561243305,0.08803743278948284,0.11617733998760782,0.11301088528083114,0.08029812832431693,-0.1464937446260013,0.049865504980948216,0.020082059706745925,0.013194728281503254,-0.06313693778855134,0.11698946493730289,0.0012159895114647323,-0.050098323726021965,0.06705657411323607,0.17784416409922188,0.07253276388179741,0.01404199756535629,0.1706954353578325,0.07059753680843217,0.022032068123615467,-0.022215129130163547,-0.027511502352458694,0.10109459252481523,-0.031224245624338454,0.09775844628906549,0.05540925110578776,0.2205464909123218,0.0026119098509018723,-0.08904524173113404,,0.043079702794704966,0.09065452052951772,0.06073921466587873,-0.025643561825697825,0.1006870818784209,0.033766140940770795,0.007304043086667322,0.02932920295141561,0.04118333876153324,0.002820732044594987,0.09374430832256997,0.05373313447194161,-0.07739046902676994,0.05166570382294089,0.1343259790405258,0.02436835302114715,0.043458460560164225,-0.0014055971081021745,0.05236190276793651,0.042361416588240663,-0.08664795139278136,0.00034296261461252975,0.031095680113823354,-0.0217748072592322,0.09099013467607597,-0.007134006558953132,0.12835282657930924,0.002525644344581579,0.019162389914749056
2024-09-30,0.017467159713299152,0.005959956681120371,0.006533171282365524,0.033718249216816876,-0.09858802335489258,-0.01603103093990721,0.008041037939330309,0.013048266715680157,-0.044349720217030764,0.024282683710610042,0.10446960505865399,-0.034808066716715325,0.0379361740792985,0.043865556476496925,0.08613957219085089,-0.14145324096732892,0.06774248448257758,-0.03142487215418899,0.40572842888779337,0.06293654989434727,0.04852136641844007,-0.12489934108978185,-0.019909208736676898,0.0007907806617606372,-0.0013264932598036072,-0.05333072114621862,0.07997953713606165,0.05912456545675249,0.03583575817334905,0.053356507137564346,-0.03290469663026108,0.024575157277555215,0.07565346030163367,-0.0006386616564243441,0.09834313243749704,0.018025008593348657,0.073111835076485,-0.06750308279866402,-0.03879885309224207,-0.02525827963331284,0.05559779261467579,0.028120926611793884,0.019056673523963674,-0.07478685397154505,-0.006566849194390989,0.08398457821385463,0.011504625127849,0.05302729276341722,0.007586794182702139,0.09853244681845585,-0.0045961748036832395,0.03381032733870182,0.05768547072382413,0.08571259604221915,0.025965057586532003,0.03334928815521443,0.06428407300420158,0.011847335222794575,-0.11668171162812979,0.10169216414651716,-0.06343484093669016,0.03776440059727859,-0.04572264044309504,0.06384534902333283,0.07985536261133475,0.06458383771190501,-0.05630021224659698,0.1273712116941461,-0.07948958180240562,0.02022503629220429,0.02892318222471779,0.009486859699990635,0.08154445511246977,0.26855707022136,0.07118422199005048,0.021579686476222326,0.07885304827839645,-0.09698602628417363,0.016465103699028427,-0.029671852317238567,-0.06026398020015755,0.09959306180756311,-0.00577187720734007,0.16401585981177758,-0.0003248616227852219,0.09375155548302927,0.0644282264046967,-0.01469243453312008,-0.0027607247947963875,0.04102902170977485,-0.02291099349532999,-0.06201068716867819,-0.009031821304568033,-0.054940587961988085,-0.008280153327322126,0.024107758159783055,-0.0016195737861071091,2.5687770341509264e-05,-0.07716512153809474,0.034710983558009056,0.08993972343800305,-0.002981383411111427,-0.028368733612818886,0.021641046966581756,0.061047507749043994,-0.11880645188536865,0.03244149343134728,0.024385937511868905,0.06453265517078632,0.09912733706871135,0.014923140776639698,-0.032130740257030665,-0.08022825669838096,-0.03486884487122521,-0.13656330085846458,-0.019427639873990543,-0.05403995173329801,0.0060805833761556904,0.0315481067383061,0.07761857076497214,0.04993133432553942,0.0059970364106045615,0.011292504352621968,0.06570229875010924,0.01327830756397419,-0.09706172412752956,0.04607021041780879,0.017428021694226192,0.20602989174462794,-0.09164242978490078,-0.057675378686948164,-0.008879514018077184,-0.0024130099993805443,0.009677071079662758,0.0061854908233454076,0.05268251370398391,-0.004697132571669371,0.18170270978017844,-0.004283552232314802,-0.001296441328992981,-0.0004954337890014093,-0.06314589954424055,0.07731603109307827,-0.024935494096544497,-0.11264546501948647,-0.017674914127503105,0.03087645041974829,-0.004454766555734291,-0.04013248298945349,,0.043750016497984934,0.022724347371588793,0.00658565392695154,0.10765390698849053,0.004561305543173022,0.10552773746013266,-0.038011660496582445,0.014581540131704873,0.0023024936067783663,0.006329370243860044,0.03844607717653181,0.03101694673109745,0.22194201175563144,-0.036250784078272424,0.027758874400840128,-0.005840079359766159,-0.037525938350889354,0.06059885992295744,-0.02099661487663207,-0.005137987221331852,-0.07973812809563208,-0.06213076925538563,0.07491627634489784,0.0411647603337173,0.06090494944604652,-0.033863302688772356,0.04557810784608196,-0.006104638431337683,0.06479908482484653
2024-10-31,-0.030429145415120762,0.04060167312954954,-0.0009270429416622372,-0.020528526069829134,-0.0766735688483785,-0.030673066806207294,0.04520661650093749,-0.06270125872101917,0.036187251414892874,-0.10131154471632065,-0.12195267115756869,-0.006362258846337343,-0.0751046269933594,0.0003756349741959042,0.006826103556853758,-0.02545647338374113,0.04919432094321241,0.028545055468488956,0.2975104973570326,-0.015825911909388646,-0.0015274361376258483,-0.01795577379697244,0.05393138870135172,-0.05978396161788513,-0.031148835007236753,-0.10235243867476485,0.11018906217092317,0.0331960472434254,0.0899555150677187,0.05517449995834345,-0.020292869551379766,0.0026252217577213965,0.10112794033874728,0.02507989815674816,-0.03469088045704605,-0.020631782141114385,-0.09390535042428416,0.010892368938400177,-0.09130018216427926,-0.09278100073633389,0.053317518137462994,0.021346097247300744,0.0872236177232859,0.04046342996882313,-0.013919629210813134,0.06452090206457295,0.05847325498308509,0.036989416432754885,-0.02577472066599462,-0.0920932924666672,0.010524941149716582,0.030109052749056398,-0.06867901523906583,-0.030287664765461852,0.04664542894427526,-0.11639435452265978,0.00010389194653170897,-0.00026031939093906775,-0.01124739709733047,-0.11672553044769685,-0.21969234362371293,-0.010057519707560303,-0.0007509859258745255,0.023038968359338385,0.000422209601934842,-0.030826343232826847,-0.025568256668711764,-0.09537972763339098,0.0006212136466512419,0.07140288302876452,0.10158642148641417,-0.03039237246593829,-0.089086773045292,0.1830732479770194,0.059399062798312974,-0.07121136137868167,0.05404208090770335,0.13202492803467347,0.031715445608051285,0.0458080246854593,-0.04509466880767565,-0.0282577616419476,-0.004982706255360014,0.002988885337155356,-0.009757390008665934,-0.0649539049205703,-0.0826938918336535,-0.015583229242742358,0.02558676004096183,-0.003586886474343909,-0.013575083824912904,0.058901280867519556,-0.04699518521711887,-0.13969343083942742,-0.05693007055666044,0.12256695157496944,-0.09114930963550816,-0.04342987438543089,-0.06343548754976935,-0.06587855304982904,-0.029201464641592678,-0.08893720486758538,-0.0943691954282494,0.013070611423114498,-0.04072130488775372,0.012479323328861813,-0.07044915926800754,-0.008663882277980317,-0.049224023652978954,-0.008490046847706934,-0.0602047764870417,0.06700621591894396,-0.10705293058705245,-0.09897858654209335,-0.18659286067696235,-0.01813323779504117,0.11170724718547209,0.1240321329509213,-0.05565877170579925,-0.038065973321579905,-0.06246284680345837,-0.1498597949537941,0.06592686486505084,-0.12748867036104483,-0.03607471242317295,-0.02880406127941071,0.04315791188718787,0.09321459914929275,-0.01280855835471073,-0.027745473399569343,0.05421298841742672,-0.02334609445557878,-0.022114706183377075,-0.040697666850215364,-0.04269586740115472,0.0035611289090495823,-0.10563821419108721,0.11720431507881113,0.09308064532644544,0.027044771018847946,0.011395754886135423,-0.07325978745026862,0.016275834795719035,-0.04281093424160065,-0.20265591763740198,-0.0014031010586710302,0.002154064897326169,0.09288734456556846,-0.04481517288034753,,0.009425432744538442,0.0005916902137752533,-0.07018704812859888,-0.08363001749208676,-0.013785107451429357,0.037700150707075775,0.0065466044362720854,-0.03734144706808984,-0.03837001149433794,-0.11680175172867047,0.08141106727176872,0.0504869329342954,-0.045025412068364745,-0.010032622454415163,-0.0413783988666756,-0.03451445542468634,-0.05846294625696158,-0.016722821815741473,0.05641831248439533,0.054191714320866335,-0.03902858150144328,0.02343688124358545,-0.04725731736310068,-0.0436374082117833,0.053502938262940836,0.1492297743466524,0.014860772852931081,-0.003753730622414353,-0.08279446548031144
2024-11-30,0.05170688177566385,-0.10271245588765299,0.04763163984198959,0.05089613536926674,0.07917086505731463,-0.022679322108204336,0.06116014342714449,0.09280691947511222,0.013178728405908169,-0.0355718121721027,-0.04782407370142039,-0.10940755325984763,-0.021260690491386347,0.11528973281564747,0.050150100301148415,-0.04025444596371719,0.0766429678659557,0.0840048542932108,0.9880158286403484,-0.04529660722108353,0.12811012153207546,0.041055555442004454,0.13605932762583461,-0.05089856355972289,-0.05004508852454226,-0.07683905239762934,0.11242545265684067,0.04257768384756799,0.06186116823265109,0.08638542499508484,0.07118773758105079,0.07902888936369568,0.13913558765178258,0.11420394955914737,0.07950538583695876,0.02227027512710511,-0.011536009343680487,0.21171520701577373,0.0730282845103063,0.031159958847547964,-0.010991455717129561,0.05608809114352464,0.18332200736443283,-0.004043453216729942,0.11323905457146166,0.1325462639442181,0.16539228251792082,0.0810661937795698,0.09008030530105482,0.06004255237230316,0.09919253136070982,-0.0019350371872129957,0.011812198305890087,0.15125147670879824,0.032031003845171435,-0.024301867622641637,0.22110194693572094,0.02512086156681037,-0.01887268312212076,0.10514406169633528,0.002957485905780155,0.22974935260588203,0.09265315441526867,0.08595282653904834,0.1354014789481548,0.016759613770011228,0.0963288309167607,-0.018214106308922395,0.10524005876346254,-0.04937022487173581,0.1165235650762313,-0.026062093589673152,0.06042619394327642,0.10760475329209562,0.04233274279651589,-0.025874787586303682,0.028816497950617803,0.09515366606830855,-0.012623489437410762,0.17532214831363113,0.14852208012545143,0.09559319124341359,0.13806240271349313,0.5981269170417014,-0.0025338566971492282,0.10875705455763351,0.1175649965371699,0.0514992353002206,0.07573833744734726,0.06276582142266274,-0.022558900813038574,0.1252705380896053,-0.03240934439894483,-0.026124413660728596,0.03853055486440082,0.15340670015521374,-0.01139149250095517,0.010610575081961171,-0.039859088671069576,-0.030473521572814133,0.04048422345548364,-0.0063215733601090784,-0.04041450399146962,0.06675458916809762,0.013351238797570275,0.2555185328944385,-0.05154801338841486,-0.030364294175587836,0.13295527272154528,0.011875208564628315,0.04491430660341078,0.06022782688314843,0.07960374692114769,-0.006645886216728902,-0.20787341998132214,0.06868573148249402,0.15703403824132134,0.13212902528514658,0.04419246659745313,-0.017059549005541297,-0.0006658150633305215,-0.07153072644627345,0.1729825996151546,0.02126264904001718,-0.038053540066700475,0.03288209470492154,0.12481372998213147,0.04135307455393544,0.10128702703374226,0.009379433387121106,0.07629123796622994,-0.015835788307652976,-0.05946619917240681,0.085240347517199,0.10727669297994624,0.11117851036453041,0.03400031864149522,0.614051963775063,0.00271282925535421,0.14048991509408082,0.06740964624597656,0.10956660039335664,0.09419910313622148,-0.026049022794705556,-0.1049630329551915,0.012305758923891519,0.05520728992914248,0.17243713735212607,0.09658087905843926,,-0.012788725906493714,0.0856194577331919,0.08965168017363445,0.00956466841592607,0.10067911874507485,0.02750657234414766,0.12015717471003118,-0.11179155855880685,0.11545913753176973,-0.030549696980470498,0.11055063688911337,0.0817272557352795,0.3814688622385136,-0.010484311892764886,-0.0012491875568763078,0.08095668994912808,0.05425064193300644,0.02484230498977613,0.10308417186688645,0.08911148541051683,0.07996203812410196,-0.016492302034383344,0.0524568162270278,0.11759297971182336,0.02953988203878466,0.1800507414442556,0.12873694888704534,0.01840479045853627,-0.019744866650890924
2024-12-31,0.055155233599836206,-0.028590223818084293,-0.0476551384809043,-0.029196744938463692,-0.13810013182306835,-0.021510753106270042,-0.041322695589187,-0.09263167663309657,-0.047843130655057964,-0.06914322951039831,-0.11947800433982314,-0.0785872677856464,-0.11464432199518004,0.05531771626226978,0.0894484922818699,0.019426172595383928,-0.13247379005599758,-0.0419490800964778,-0.038366780780206056,0.4342371980433426,-0.025895986559946294,0.13870301865648105,-0.06978570430358211,-0.13497478754845105,0.027253068720764162,-0.04799854622112487,-0.04331516795595258,0.007221504935428058,-0.044917265945912166,-0.061561057231339644,-0.06157093062567476,-0.014780541729066843,-0.09770252153779901,-0.0067730251520409235,-0.1067443755938301,-0.03987792640771537,-0.13203536927346993,-0.13653427725108558,-0.17910240899931706,-0.05919478753899332,-0.13104896252913123,0.004829989584475891,-0.07129841014093896,-0.0846408469356672,-0.057218828337935124,0.014307832517441277,-0.011012508440473856,-0.00016883586331228884,-0.11710003281960879,-0.24995828871716763,-0.10553969504302019,-0.08323401842442069,-0.0878093750573451,-0.08709456466155374,-0.09679432828044487,-0.04118548089637586,-0.04789826175362866,-0.07953869957775328,-0.13195422947481783,-0.021172271718786995,-0.0898147520799214,-0.06538450840671128,-0.08014401391621351,-0.0393181899497943,-0.11600351793001051,-0.04853394124220811,-0.11051217455360973,-0.1384614488572007,-0.0659131356635817,-0.04909547447646745,-0.07032950793238102,-0.07225100048008815,-0.08288469579540536,-0.014793475255939992,0.00611764268006465,-0.037579311695119744,-0.02362860708467196,-0.03957549820602613,0.12173397635928307,-0.054411544338965445,-0.1419803550522054,-0.09353812699441122,-0.030223636765086215,-0.007458779626143275,-0.0713477673843419,-0.033331912266269303,-0.16632017159635015,-0.02061610987398732,-0.03697412920174126,-0.0809263714594135,-0.06702773712605448,-0.040084984168461624,-0.03941208470385427,-0.026134869426216456,-0.05125586920975855,-0.030774775213418204,-0.028401971373548607,-0.08904793074634254,-0.029358200278752578,-0.07635278325342831,-0.09407909089221222,-0.019331541839994526,-0.09426821777861893,-0.011952407513874497,-0.01478375033032997,-0.09219644592196441,-0.07305471399702035,-0.06897191768869049,-0.07197098590410322,0.020306136147630882,-0.03325083267144291,-0.07677730864075327,-0.10662817131200808,-0.013416837100506118,-0.03437063388377737,-0.08926805388896264,0.1916064025497477,-0.04475348240136123,-0.004628605783192796,-0.13966975788617986,-0.08872501287299628,-0.11254173573165127,0.005085689488863787,-0.034451964712692296,-0.037531613053836343,-0.08424786326896638,0.01017686376517446,-0.02857690817516878,-0.09846354160528803,-0.01870059969145077,-0.06162651086874937,-0.061763499329974714,0.012209239154519214,-0.06476621278774264,-0.10885888297098167,-0.09513442499385993,-0.08699223164532355,0.12745967783210554,-0.08547596298044013,-0.10185354266649438,-0.08407381849298345,-0.14964929842796537,-0.016365057908810376,-0.025903099651356398,-0.05050516166290098,-0.050151947264420516,-0.10940855702314844,-0.1057276079086773,-0.12191453666094365,,-0.07640496020205823,-0.051198899272374976,-0.04685074110099863,-0.1419010956608071,-0.07972242134333496,-0.01683941391832966,-0.09018447637122196,0.021691527896446683,-0.038825759983854735,-0.01701805128057532,-0.10613918620893525,-0.09074495389122583,0.17000808915631316,-0.06725369994239516,-0.1617565249825036,-0.16781360039725113,-0.06255274371639152,-0.07088117216504519,-0.09305992003602248,0.003047043761106538,-0.1185646909014314,-0.13976885051869403,-0.09810555679389255,-0.18303860993586085,-0.08792883896237036,-0.07785221159778521,-0.02107915327624843,-0.08808080819134845,-0.07029951451173466
2025-01-31,-0.05758323490832151,0.044649460727705925,0.1369581568469982,0.09891131451455815,-0.016258839137881842,-0.002682878844494141,0.03511766355525103,0.038089694897836424,0.011813280063211806,0.10895906643196707,-0.04006957472141992,0.09507362847230794,0.008396388565106161,0.08336748865953902,0.04252243399569311,-0.040112832724089054,0.1630068215400302,0.019150575456284624,0.1413087473769612,-0.04559184762339774,0.07212614767480896,-0.0027118402685823995,0.05346978373877587,0.11659817670869277,0.09137389546141339,-0.05878894585933747,-0.046465513372823786,0.04915574596385097,0.05376032910866546,0.12460452920192067,0.033952556234299935,0.14599194984416242,0.027200879389147392,0.15684062859867032,0.02768133922618521,-0.015996975437206906,-0.016306721156822745,0.007935354050481402,0.06543781909798674,-0.040902520971926815,-0.09557655111454666,0.01847310166568783,0.14238445172318603,-0.003428426024214337,0.06942266852543644,0.02204419606874919,0.1634030952294523,0.03062407055016725,0.018593103475023742,0.2741772106441951,0.030033346337675848,0.03212027985831867,0.007212999112710561,0.12475806976767578,-0.09740598762036312,-0.029666583104881572,0.015357066793750374,0.039446872325386906,0.041857809748835795,0.08926557878478913,0.07264853492904133,0.04857564654619795,0.033486158820723366,-0.031000390383851495,-0.0163616006921522,0.06269919863937723,0.018181946647391145,-0.054972414794790425,-0.05850796433364991,0.008666671052885988,0.051698934922846274,-0.01952769888022232,0.22051675105867474,0.1336152103743662,0.0522898018300022,-0.04755027577907822,0.09595972304867528,-0.0715223829724011,0.07776026010301162,0.1183681554705196,-0.04303052245432759,0.05910185139695634,-0.009606452852582326,0.39425665869975735,-0.003984191808257598,0.163171503151478,-0.030922641170916365,-0.04135104389490529,0.09563947583857568,0.022085708873573973,0.05206737353375179,0.12085660759653227,-0.02832952073721362,0.17158622865421003,-0.008165369407340028,0.002919859831178817,0.01959521446989254,0.06556475115701788,0.05062195664631619,-0.047310349412511776,0.05825044177059735,0.12211024696872474,0.019253956832770758,0.0563621690245355,-0.004105055051322304,0.043585898634801,-0.02913110602618796,0.13695551699197028,0.05654629931968125,0.1770592745908437,0.17902225765700708,-0.0011473164295762173,0.04451614793238701,-0.006634490628407375,-0.05194813773423501,0.024852779770341282,0.022338608682171968,0.10842425812761869,-0.015278692514615888,0.0841253985124144,-0.0018135787291986283,0.14776992209848827,0.09585781038817198,0.016254908831002224,0.038313253350910514,-0.010274011194952304,-0.03937293476418646,-0.10589022432857709,0.023031519332007422,-0.05585906136121144,0.013519407365963021,-0.009009512771425365,0.01614881331359519,-0.003864206605698861,0.04830082983533335,0.11166133665126066,0.12819300364982467,0.09070475815786883,0.08184466202219354,0.050590449214380495,0.01881367482996854,0.034582781797996454,0.03784423084136601,0.12569978785259317,-0.055241136475486785,0.11432762026183485,0.1800549114631742,0.11768690600203713,0.050599943890402344,,0.019800406127955084,0.009581421683978242,0.046944944142742084,0.11644088129972818,0.08676567228450738,0.05538863383685477,0.0977407974038984,0.02019525859717408,0.03294427141116696,0.1490109545001881,0.05545237849635032,0.017808991225514603,0.0018819576379678349,-0.008185331655351291,0.1082559484803376,0.07241144099418739,0.08660745569226402,-0.09413156143173051,-0.001045408133869219,0.08150850200908177,0.09377843800473395,0.14646133270646122,0.0024501623108044157,0.0922353494306658,0.08291672215775003,0.12186797675333905,0.08644175126153408,-0.006879198620124871,0.052087714786800854
2025-02-28,0.025872441821147785,0.13665028013505975,0.0787930069265248,-0.09468772687022775,0.002537399292692921,0.08575212903775631,0.04016363281177626,0.025166793519537878,0.12598424177959977,-0.12151866450087634,-0.13876668185746388,0.08804142770796242,0.11176007558045908,-0.10686635257151145,-0.19248459306619614,-0.05608747899324096,-0.05700051077829249,-0.0590562751167768,-0.1186450026732504,-0.09870292247375645,-0.0519451098803152,-0.010706998322587702,-0.004319632783676974,0.06504789868569749,-0.08913571338705306,-0.02383097929774547,0.058774972686061355,-0.0908600403578047,0.011365560608706193,0.03514469853599045,0.09635778344729262,0.013970303796882577,-0.08229588535688015,-0.01137649110689909,-0.07400915397543162,0.05002192999207744,0.05398731460309136,0.05233152218846815,0.0497603520363028,0.051557108043991384,0.06595365637519857,0.07293256574519669,-0.012581593555954895,0.01137905296266295,0.07132361287944944,-0.12832897435006252,-0.02112694628424905,0.057920856698409295,-0.02219248947570629,0.16359776586887742,0.07500064079229873,0.03071897018851666,0.06471354745414848,0.008876063107734256,-0.008108062684605732,-0.06725330233506055,0.0065452064954454325,0.058821684389195106,0.062170093405166105,-0.040604710286332835,0.002981951547415429,-0.060218387464622714,0.00914235729199575,-0.00474602103001609,-0.10145838491359005,0.1152814180099846,-0.02161791433836391,0.029567571756598188,-0.007437619250998728,-0.1270405857393646,0.09095542383788202,-0.017044172036916883,0.016751067137604103,-0.10110491207359762,0.17602877970373076,0.00798131288142434,-0.03152428400233431,-0.006672061860708012,-0.165376064959872,-0.0234607421798102,0.013451123544046206,-0.037331962921304696,-0.043316018559608094,-0.03561120811644214,-0.050153809743900046,-0.0061720764495222236,0.221307214077352,0.020498445939624244,0.0022207797447126865,0.018598617106283744,0.09326933265896464,-0.0099141255732772,0.029155481556573992,-0.03765541725809474,0.09263674056237203,-0.003383404873155582,0.12177059727694739,0.04691563993518444,0.13702279123387018,-0.02717365695266072,-0.043839435350668254,-0.05317711384644053,0.014927422033940152,0.037592242277776355,0.06799424006437582,0.0765195403810146,0.10760477793744738,0.01321299431081635,0.002576651800144214,-0.03044197946260163,0.024212698832312363,0.06930867595137147,0.03660891723828441,-0.06648451432565095,-0.21461185888987067,0.09664333550459925,-0.18642555749442546,-0.038430873856570846,-0.04161813622532751,0.026194680043978513,-0.011344536021463236,0.002809038055953783,0.0038903849838498594,0.0328998157611986,-0.05239396371428251,0.0325260377483958,-0.08702055946497289,0.04039312006753981,-0.023521066639310417,0.04694524192108385,0.03258862686534769,0.018448480350188534,-0.003393651619887139,0.047291915609665613,0.14429477255379752,-0.05227455086540744,0.039161409706051975,0.029458120597710247,0.19262678738152172,-0.04493670319438503,-0.035194654117870816,0.11019397809041642,-0.19790017843971974,-0.09113494028139446,0.039611635161971526,0.036549648995725326,0.08133872717700852,-0.035370809344830945,0.041460985735174205,,0.0786403052602973,0.07034390323036965,0.025493064400733623,0.0575965383871655,-0.013033738879838053,0.15507821728675486,-0.015652311817380582,-0.09143982035498144,0.0027822484092974165,-0.11508140584986093,0.1614859687911787,0.054286769320200046,-0.2758773935575025,0.06164356363834966,0.13702324414645095,-0.12448168145404737,0.0010343580845155742,0.05693497065191799,-0.018417673450724537,0.06296191765877612,-0.017067741477832632,0.03922633892835514,0.09418630412438445,-0.006074213233804859,0.12980521450276528,-0.0011845044693927775,0.004584234519620756,0.05144435304541495,-0.021415972804404326
2025-03-31,-0.08150016089676115,0.002344320716619386,-0.038837780888053675,-0.10461966652049726,-0.12547883775456437,-0.11958881511372865,-0.025451991779299687,0.015712005503827342,0.053295796347968105,-0.08192596754852055,0.028840348846536967,0.01132904181624994,0.05826282411910477,-0.10373094214756773,-0.16732938403197706,0.015459005538756676,-0.0671515987587139,-0.012614099334001705,-0.18655980486137713,-0.15791695913351245,-0.10602749695640856,-0.023363693048011003,-0.0890813785794502,-0.008113715607802274,0.02027470528460662,-0.02604984812889255,-0.07967740782923749,-0.02672723879935035,0.02297892592362416,-0.05711066013706512,0.03649066690613667,-0.028037418214088894,-0.1326630513336302,-0.11206995167083689,-0.04113983250854014,0.061179021568235736,0.12618642116397538,0.01364246597672425,0.07047565506352615,0.027750275633671162,0.028427996327526683,0.05056476642179275,-0.10595868518094187,0.05920322154783775,-0.09806309854921713,-0.09900949181630425,-0.0951599259389152,-0.03743574530707705,-0.08059981124701754,0.030888450300230907,0.05465904523168441,-0.009713902115315531,-0.08210430303730154,-0.02038357024418902,-0.11298175608898386,-0.011779552748376387,-0.1326889906648313,0.038130847489677544,0.039965192314777465,0.050928259806730214,0.10054459255130754,-0.0984293721890257,0.010240976015922998,-0.09868231006666872,-0.06987046800879582,0.042533966570872384,0.050261696157344105,0.025738423720516712,-0.0676601653064206,0.055982764466770085,-0.06304892212831892,0.079097234458539,-0.031199361672248793,-0.08920581775562819,-0.012891028480867539,-0.013691777715012177,-0.08713856064132997,-0.040303790671091355,-0.09080286159995121,-0.12212956532432562,-0.031101444167131453,-0.07005604648098929,-0.0053548514368405575,-0.16926147306404848,-0.09386253669646649,-0.014973900965082998,-0.04298358522713841,0.00024438534010706725,-0.13588071548982006,-0.054744199327878995,0.004969024289122492,-0.0731153187109983,0.003717679299672927,-0.040968191220549066,0.010418677719704839,0.05276755204429051,0.013179754499200724,0.00030674643545181013,-0.1028859634794449,-0.0008051749947035614,-0.061977166673460204,-0.049786202894373965,-0.06756915927711327,-0.04891449217027388,0.018952302820456346,0.05228677777089641,0.06374257147603846,-0.01572994423338736,-0.06834522898313244,-0.13667651721322382,-0.05324903978335116,0.09402083872459044,-0.029897383981513426,-0.0185859061819309,-0.08430228618165303,0.02602595285217335,-0.3294490115764177,-0.12350694795226402,-0.05440924960509841,-0.07077719844458552,0.010260699022904163,0.13367479621002265,-0.04898222868327429,-0.19676070510260357,0.11384021288813351,0.025605369707596415,-0.14371450492551208,-0.13232498249935132,-0.15807536337216777,0.01580780480918631,-0.10392266999572108,-0.014363243189797537,-0.04124100903155814,-0.019673273459984042,0.0035816171946227993,-0.0907391137697332,-0.08985306624290024,-0.006123370869979161,0.031240979560829496,-0.08414941132238896,-0.029713098691194983,-0.04788352893805248,-0.0816327284011501,-0.017380912177062058,-0.0923233577618725,-0.00398524344391471,-0.15300929248678807,-0.01571742916102037,0.003360538281129921,0.01622203118427601,0.024056061370742565,-0.09643866244958732,-0.048038338881023934,-0.15959510499844187,-0.03386971534650285,0.031740210315681416,-0.11218977732682123,-0.16001289283341746,-0.023725565025971007,-0.05849070362273301,-0.011049933376154786,0.02728113945157662,-0.11543452131892018,-0.08311658850276238,-0.04144193444743305,0.10743713265194721,-0.042360832984235985,-0.07594724483911319,-0.08900841210523469,-0.03377356880071636,0.010250109705743249,0.01048375057778217,0.05243632681536181,-0.17371754690147412,-0.0019541425838101034,-0.08337585861385333,-0.10728027686774455,0.06826562606955511,-0.015486775993198365
2025-04-30,-0.043352951328328726,-0.0602186319125424,-0.009757564744810154,-0.03655499803063422,-0.02229287883654929,-0.03347043668431959,-0.016135968976343062,-0.022573974925391482,-0.062341881574373814,0.03851986980271227,-0.05246252191668721,-0.06621740872312876,0.044414421415276406,-0.03069482028015491,0.06182231645068925,-0.24858463276879872,-0.0751885506221377,0.17319740744396306,0.01637919884476191,0.14955519436790654,-0.006524896657906121,0.07440634543732716,-0.044332555882321656,-0.08939526245372298,-0.09591367964741193,-0.11517096557004214,0.10687641408157145,-0.034041886232956675,-0.1679926841402951,-0.03531509776110864,0.0012579948339352942,0.019726462602541073,-0.051091408905282965,-0.03676578417664489,-0.05773472123576806,-0.052683799691178645,0.01467911589539228,0.06330552912800291,0.033556178357128985,-0.0106123204367925,-0.06476580265469989,0.04444183903104659,0.005354162640416771,-0.15139975681979334,0.05151316601755962,0.0028774623750589257,0.21637645768440517,-0.05824940900724396,-0.0462113250600904,-0.005199466964748711,-0.186681956461054,-0.030140814342826783,-0.11636311188793613,-0.012336196421770973,0.013148286109131657,-0.027658616683895132,-0.07852069337202083,0.0004099002373987304,-0.18689849557669502,0.006348778500393726,-0.033060625961842116,-0.041316965812939976,-0.13178397757829108,0.0556816069906767,0.08291966800143946,0.017795224315940716,-0.0019939721404631516,-0.04408762081721029,-0.13721391879590195,0.056239966395801755,-0.1641986786495454,0.003852108157505807,0.006944899530545445,0.21561422232084082,-0.04917451201481715,-0.04110253320694013,-0.030581204308164356,-0.03806081571174724,0.026901282587389552,0.002306471841659885,-0.2187623179745286,-0.01637153606809516,-0.005903131154258112,0.17996160189059385,-0.07656196416169203,-0.027507373356073228,-0.11492729230391929,0.02373971888737958,0.04145213567287276,-0.03265991011645264,-0.05746495351669245,0.00337023431409178,-0.04370673734344743,0.03367145077569855,-0.07340741622132452,-0.06812888718609555,0.012985113353944477,-0.02665141360258283,0.08843579735152796,0.06948586776784316,-0.03640297185514996,-0.014167632027040744,-0.17315346131582887,0.0014766352808623928,0.02330558634350277,0.05913895389835355,0.004126733434250074,-0.05675479642630632,-0.06127783094390027,-0.04747030618520942,-0.05413306042393573,-0.014495126471004371,-0.05683295035718039,-0.05080218747654597,0.0067019587831045335,-0.07295517944131713,-0.05089622012068229,-0.0027763711476250785,0.05293157063925347,-0.11439754371142075,-0.05656639901381977,0.09113507534020271,0.21360169721367117,-0.11153117370950405,-0.04982329506177563,-0.23718787670905295,0.19955034735432076,0.004982410538207027,0.010124374900501998,-0.20158010230678758,0.09546409601734318,-0.09577149734682877,-0.03670088809602623,-0.04011626696318582,-0.004133339324679519,-0.004589894984741605,-0.08578596923088411,0.40331753910087165,0.07956904187882352,-0.07628274465665508,-0.08031891771134525,-0.15727242978848577,0.009042075996994026,-0.033526440553255266,-0.05592603695823639,-0.04778796895776827,-0.1839125488157558,0.03985707654990467,-0.20454550422231277,-0.32556185257913917,-0.0006524371651348559,-0.05238440274818901,-0.01584336176069201,0.07157170512955657,0.004486282255839136,-0.010112981859046632,-0.06828672290150439,-0.07339977811988296,0.056485989087404764,-0.13786184518847033,-0.0740877864504419,-0.001247559392543951,0.08874826236685496,-0.10175030084305048,0.11185837850131719,-0.21443434191140298,-0.0871148284334835,-0.1335575858508854,-0.04452877225989771,-0.014152856130743685,-0.12099633178142699,0.05090547482145613,-0.013058102386951376,0.08483800859294277,-0.004046774649322238,-0.010864998980242846,0.10775690667669768,-0.11183058864662854,-0.04690085843096847
2025-05-31,-0.053584043540525705,-0.04607896737202288,0.021644442736031833,0.059067481776387654,0.10696566263908114,0.09778378194738924,0.08293408190711138,-0.04203422929879885,0.03827286730150781,0.04303444838445358,0.13744227110973561,-0.0006642311524410749,-0.04773528800477245,0.11164730800522138,0.05311781846231933,0.09459478423877288,0.028846492716147143,0.1686809180611588,0.45928485226210336,0.2577025360521459,0.1037497984756226,0.13141236143410318,0.10656960994006348,-0.01604652104152593,-0.1665942250157202,0.07193583848166218,0.08229602235891931,0.0717848039901352,-0.03824710157662137,0.10197740776995712,-0.054927348419919086,0.023233200406693966,0.05352658488363149,0.11029968770609355,0.12532754277217495,0.038870344157923675,-0.051153735282620016,0.011254029058753945,-0.0688152524509047,0.008135537217164313,0.010818647671874349,0.04301991725713039,0.0526672515739488,-0.03415197566314809,0.04729550396164628,-0.012429703410388293,0.09909762978029502,0.09197995106507406,0.1300765645632358,-0.04002394973013901,0.016941482973128252,0.05471938400144327,0.018327258402295987,0.09211316598761443,0.2126198247032376,-0.04730839710280965,0.24288068307633526,-0.026465346265942102,-0.004932606881465018,0.07780031125193676,-0.08735538137554699,0.1407713889789246,-0.015952199675354217,0.03816997457484006,0.09153441609477975,-0.057331386517479044,0.05209377833607487,0.06799899461802816,0.036941968446584816,0.009254485824624625,-0.11800408069457813,0.023408814975988568,0.22015479690717132,0.2754975026872748,0.03322701470477263,-0.04370818107644048,0.12369306497974453,0.09659597443850032,0.08148620054283029,0.1020784205730838,-0.011604600662102782,0.021637293269961777,0.08231902118380252,0.34697619026165505,-0.02620247722610125,0.07842156554177504,-0.02736324049606631,0.20080616422205244,0.07084148880818963,0.02154977772246469,0.001475260409272039,0.07922499179179132,-0.06764085922170548,0.07971097374030767,0.09090905707129115,0.06615975031294741,-0.006202705412029164,0.03166148407729108,-0.1777274115472619,0.009691277332005255,0.009706696223369171,0.12724965515107778,-0.02954811682143421,0.06849598210182983,-0.018144691839246496,0.00942785756113218,-0.009393834663002587,-0.021000606460796267,0.050296521817522866,0.17939905763006192,0.0731881219697752,0.024682881426702163,0.17641131944109056,-0.09812213295339678,-0.0693763625111774,0.03632405831858909,0.031180377241545765,0.1092531379418813,0.16683983511124878,0.22755045098792714,0.05622014353812865,0.005444526153596474,0.06672147437453146,0.07429072968919392,-0.003555939863298163,0.033591689035096906,0.058721916432720844,0.24063554742098003,0.1763076543659261,0.034762489043998146,0.02936931315610858,-0.03046186773309678,-0.019331388847569686,0.04502664322591987,0.011322405597478546,0.10165985455312843,0.06262244839541764,0.11263083470882385,0.053863250073744595,0.08164781631393181,0.024294686060871262,0.10103336778918859,0.06743617717192008,-0.021958774672730885,-0.1799648191532447,0.08757426041690919,0.05610215527311424,0.08874189969657253,-0.0060149622282495985,0.17377757428502028,-0.012329166104016465,0.03615475434223936,0.027526591688476376,0.2956168422627754,0.023320384449408538,0.003610070707777524,0.04397817370145618,-0.016703849654106318,-0.010629086963362844,-0.061025630792112096,-0.015614639306629874,0.04380403540010569,0.2278848417863253,0.14245550315839317,0.038884106194463586,-0.26621127460002725,0.03404888621143365,0.04034412752817884,0.08056532598743993,0.05874512047580316,0.12037305240995,-0.13238471483224967,-0.002269653395691962,0.1753305907593219,0.015759955717553398,0.0588685638375952,0.01757011312946255,-0.02260517182578714,0.07819703311368231
2025-06-30,0.0215084512154764,-0.0026327937011443314,0.018191329268119283,-0.05659364925360577,-0.06796114506241846,0.1174113634935432,-0.047888089573248305,0.018543545758122892,0.016555567136206095,0.16791079353187555,0.2814954356957404,-0.03112627562454051,0.03778020962720641,0.07014294555445688,0.18086332270701266,0.07524974840491772,0.011293877660379481,0.10002007075670183,-0.10921123009601619,0.14140018530459697,0.08478147206862063,0.010659807915316177,0.07860542345443844,-0.007213089474261247,0.004050316832530321,-0.032359944259978346,0.05078939606486932,0.07645419305919865,-0.041217848343312546,0.02821354330464354,-0.03609413991155619,0.020425626850133494,0.07797646930428681,0.13011183225463752,0.11544975364200094,-0.021888651100738232,0.03471273622897986,0.031645112909343354,0.0490533914891782,-0.021949669031133046,0.03239808557078527,-0.04193048302601032,0.12482147378168063,0.05143537989788549,-0.04829954632425282,0.02921341594392457,0.08048879401408171,0.10057112995994988,0.03292181651099124,0.07713936002710775,0.047476473864013435,-0.0026469896429955897,0.026796602336440545,0.0075845912171494945,0.10182444253493372,0.04188658466051631,0.1017235168189854,0.0023785965421065924,0.058623551987398326,0.017630340689769097,0.01780590968839979,0.1168537572888313,0.10168560533994064,-0.10502678732725135,0.11489682830633119,-0.009128308126199358,0.045279554391470134,0.1265592442179999,0.04895709744161558,0.027642134477651625,0.05909460515222009,0.04729087119511699,0.046683788488107725,0.11875775833329172,0.01432796623975685,-0.04515289377530218,0.060496140860012204,-0.0049039602441223185,0.02738644920068234,0.17869919276963686,0.04905606335151225,0.001706487584486105,0.02739660723277204,0.4154194269638598,-0.006436849445688675,0.13788312580058393,0.14578007635248547,0.04533708751329124,-0.01616767439755773,0.014991809723033045,-0.01584943422291407,0.09814403173610331,-0.034044233397854895,0.18346360726067235,-0.09479772257272767,0.04850207206952106,-0.011746977791016522,0.0066222273292739775,0.056746397149846306,-0.033272192454092964,-0.017100189521257247,0.20785020776682472,0.04970958433096917,-0.04040298385829777,-0.0637976905288482,0.019449025777723783,0.006236900447761151,0.059220621954099384,0.02341552417313908,0.14080196185409988,0.026221763612321425,-0.015884632067049487,0.03340804661565322,0.040507395345540154,0.038780147114320096,-0.06428142162141437,0.2859279899395015,0.10021104632881728,0.08048057569253286,0.3047850873190441,-0.00931901818123948,0.10508340388293602,0.10925834231001463,0.18026259428815927,0.03631373556825057,0.06022629263735335,0.016803622606018864,0.1692515500187184,0.32078781065180517,0.03591180070774014,0.06350691891169191,0.015510091346623511,0.031928540825889806,-0.06221670058680595,-0.0634191227861377,0.05080486968246234,-0.022804679062957245,0.03445142348593766,0.016120724552676213,0.07255050100841931,0.03417083545904287,0.05128651982017929,0.05748438224467134,0.10342071168854639,0.07081689046512074,0.06990048535086846,0.0914831493962438,0.03282778755112892,0.03130976660195395,0.20323693623018224,0.020333405033530427,-0.0012267740269594762,0.028136276483915035,0.23025600770872456,0.036159994729313416,0.04100736374930447,0.08835457726351148,0.049356402865575966,-0.026871565079766513,0.007597056058890939,-0.016267686018114236,-0.02559450783575168,-0.08312644606383923,0.13546609152639322,0.10860264961898358,0.040656647401762225,0.0379860959044791,0.03485752591621116,0.0495499581921337,-0.02776626420543238,0.042257779287124375,0.00712594616230966,-0.015696120396082813,0.24363205114600595,-0.003565007405006204,0.07140940419319186,-0.009521857370709985,0.05376345002146654,-0.07519438879609897
2025-07-31,0.011697701285229511,0.02711236123051952,-0.0680359307147681,-0.1018908989836862,-0.07544975721929092,-0.05625569914521533,0.0035666745309694825,-0.05784194743076376,-0.0930016532251211,-0.016441828263927705,0.2424947508257922,0.05691060869470688,-0.05714419905012402,0.06709513314943627,0.20437888926870462,0.06904350932794356,0.02715245335917915,0.07858225541266384,0.11603069924815745,0.06548171224866906,-0.05929627664622561,0.05875052560640781,-0.0010566645579738188,-0.28137386192017333,0.034833094133545295,0.01918945562849972,-0.049260269322635164,0.05409580751820897,-0.052037100655101365,0.11942381337198671,-0.028593746927557562,-0.023182249401993982,0.15630441512983162,0.10079864887125245,0.13244008631865833,-0.08173407409919131,0.022972875860092,-0.3411120399203159,-0.19117905758208498,-0.07202653929108604,-0.060392046086329754,0.00965099049578444,0.010528403714398005,0.062402428094766815,-0.05081108640523979,-0.052660438706783164,-0.10747872709503847,-0.012836549970415723,0.08918172297766813,-0.08992084477156392,0.059012241537185206,0.034147260626487874,0.048257715334795614,0.031229640864933295,0.08672420770333611,-0.00192363763214487,-0.03951290438025046,0.03084743414961344,0.04432593923748995,0.232205144433127,-0.2722131646369702,0.09135214705483552,0.011731077442733717,-0.012948334239827664,0.07767733221675766,0.03500688779849348,0.02027632893730691,-0.06867998355898075,-0.01680524959634999,-0.024566931075775678,-0.19413027382273018,0.07388191048220127,0.05472566695276848,0.2483745150609129,0.012807879534843636,-0.04322359926723662,0.20250993079283042,0.08392601200366356,0.08891788608688822,0.02238092329143493,0.09911678956059822,0.0023729271964036958,-0.04521644267135605,0.10060884411695259,0.013900252202091457,-0.14122399112429984,-0.1160714475780118,-0.001825183371684913,-0.11468316719697991,0.03526797515973157,0.0784943361036392,0.026756988489724076,0.06351668074197492,-0.018655048690866538,-0.03335402678639954,-0.03548887444320403,-0.04042408815168619,-0.019011916326457268,-0.050620268116787215,-0.09103078371896545,0.013021439705748872,-0.025683202812496586,0.0012097520119598304,0.009425283481901525,0.027038922796036813,-0.0535495610743183,-0.040777061796537395,0.03521842552278054,-0.0555833047538441,0.04789387652144983,-0.019837236194365282,0.0564556517238759,0.024561925142086993,-0.013138046673869641,0.07140265684883329,-0.08498802999093669,0.039222056079386114,0.018385092918270507,0.07255562254059722,-0.11364930304085308,0.023624480244002655,0.06591147207906389,-0.13421395007954562,0.05137942528044759,0.15326607676266701,0.01206758853317158,-0.08263950576056078,0.1258306947318848,0.1631945404813917,0.045941439034064446,-0.15168096842607282,0.04453200223899745,-0.022612353595447665,-0.049089872943636204,-0.09265555432095884,0.047861880019395286,0.015791483420045882,0.16160502931093168,-0.09926972193525374,0.029519003737034977,-0.035926979628067235,0.035875858213192835,-0.07481153663105089,-0.07848817393854934,0.03897144256164964,0.07909880618960408,-0.026956289147571644,0.07113112812342015,0.0,-0.053583249987592674,0.02885764577569172,0.018847910349768515,0.04515541876710483,0.08785432132586868,-0.007329969075865361,-0.04340432870161259,0.016747979040226513,0.018753159642955763,0.008421795666908816,0.15345531359386833,0.0006296157631004995,-0.0272860305625775,-0.02955995259140498,-0.12162267557446926,-0.059485561309992385,-0.2000514397833667,-0.03524862327952105,-0.14642366690403863,-0.006408694771731782,-0.026982049606060765,0.029849793864506147,0.026212898899763415,0.004191987896724703,0.22972334785746606,0.07376577524418426,0.006365447632257659,0.0020454903940188007,0.03562150197152003,-0.06202307949068697
2025-08-31,0.11963891239084856,0.11310957745728656,0.05127187024918656,-0.02669416633364896,-0.0027677324711841145,0.11877299844202205,-0.017609152153179708,0.08135071656530957,0.04753323429710998,-0.10462765053797851,-0.07759056698548805,-0.017133282639322678,-0.021785977747526886,-0.021827348669553825,0.10818050396849888,0.20373238723939724,0.021640915669374428,0.022063503666295503,0.22495516095424817,0.012563816029477204,0.1068124334809839,0.057879537278451965,0.07340825025423081,0.1426116109094111,0.0826366625516719,0.03296875953674294,0.017258198989707374,0.01910472949058062,0.0893557057362806,0.040906881274068496,0.06590659867276871,0.005528038897987475,-0.002993060462739505,0.037407998403807596,-0.04333127521838154,0.033942182764103546,-0.05661808861697881,-0.014033260264561198,0.12525230864018844,0.002623700355736558,0.022269079125089464,-0.0422955351037303,0.059713237009476394,0.0466379894726372,0.005307111707645307,-0.008051690548899093,-0.0679103210062203,0.014835355079790169,-0.08160046733434845,0.177938945284418,0.07087720515350204,0.024807559363239307,0.07549937795574801,-0.08720934412305215,-0.07943321377041523,0.043923760054612515,-0.006128863915736749,0.015692936112743583,0.08669442073897726,-0.009329314101325648,0.12565363590204304,-0.08926697455781207,0.039993359106699655,0.007407611552330495,-0.08984000787045665,-0.019382252463367333,0.07751197265273402,0.10337966376025953,0.03391641760240116,-0.12089179680222062,-0.005470057235284043,0.041590536646009424,0.015198576760659721,-0.07166553544934895,0.006055710942244774,0.007145837140566602,0.06425361095387583,0.09842524952454901,0.10948413600193052,0.03544739014775633,0.014732163059243852,0.10682700974438153,-0.007678661438456413,0.009509904886144449,0.15080644384381903,-0.03165606292772771,0.22979804645106938,-0.1504591937607036,-0.01619241431794516,0.03391029980029625,0.08334599847751178,0.01748593066730275,0.033529425053654194,-0.005838522266105373,0.0362702739026457,-0.03848901609775024,0.01620248226097032,0.03917355474422157,-0.007946498126160217,0.08230791299651474,0.1542693530606556,0.05598903389811705,-0.004057616360561456,0.05087652098152473,0.044889564273660865,-0.00994879911174662,-0.050239761417437245,0.028479495312560443,0.07942473813022932,-0.04491618679304543,0.0471025497419979,0.08508241637277636,0.061815723266923195,0.0768049116158489,-0.18504734141341106,0.03318273628433088,-0.2177429857567561,0.056296295971740795,-0.04869158841792265,0.09043440841423345,0.021772633300780164,0.1980676869464728,0.042133814075989706,0.035881707449265,0.023291446508113545,0.05643882278429979,-0.02720750656343829,-0.02074546634730956,-0.10891753243136004,0.08352291942010481,0.09746542381373025,0.07779891353625112,0.06311717114229465,0.043663134819144744,0.020740444635773958,0.037505063536318106,0.06555535728890138,-0.010356800293246038,0.018774754414808026,0.09024008296689501,0.0722755233465524,0.09158283549447654,0.020796998759019525,0.09518955892584335,0.06622244725434223,0.010969554602384246,-0.00435293054541086,-0.016572853152123757,0.0899408963985997,0.22250707034437145,-0.015327726090076599,0.10299782827823045,-0.0030919471541344112,0.06617413434525443,-0.003361180550791043,0.06858821342538701,0.08430924546884211,-0.03461801059559522,0.10049238075188627,0.053540939036388124,0.060685980529608274,0.04330654421304625,0.08304410748975077,0.11830323872260395,0.06837606837606836,0.2416652906818899,0.01349840352058207,0.0340219493594065,0.08607649638364712,0.020056698806456774,0.10705705613692706,-0.1441329192271098,0.034377843388395,0.020968349428209798,0.023955728411236388,0.02521136385938405,-0.00789443278898272,0.0332632935676378,0.07277601062206451
2025-09-30,0.0968813200827181,0.10047526977590193,0.009648848838859525,-0.051428947967460004,-0.011073765270124492,-0.01845642067878006,-0.02968435263917113,0.04529288471148618,-0.028510543618668893,0.2735755226738146,-0.00516516984233617,-0.01915119389997899,-0.048244706333088416,-0.04117900731782176,0.06708168039100948,0.04565041407525183,-0.07272776081797105,0.13835653129516357,0.5013685691834757,0.11125201925477679,0.00265630116440585,-0.08032210428252584,0.02240737394935266,-0.07776431004576712,-0.024835318467217538,0.05944638131738933,-0.03402089944590081,0.039244579874268215,-0.04408652189747453,0.031818119953402,-0.0004771973969351917,-0.07459718243205715,-0.0032087160578092577,0.05105095026776474,0.13867410646970102,0.02610258275052435,-0.015761956221634454,0.0358837234021161,-0.03710604539131068,-0.049125738938102126,-0.07506626061495181,0.01865731402566273,-0.06443097609113446,-0.04425589073299696,-0.018752869214826662,-0.07351144719937441,0.15737547971369792,-0.00969741508590738,0.0922792402223589,0.030621890118971873,-0.033063580664000836,0.032938720936215304,0.012740459109066071,-0.041331846700728536,0.16062220542727834,-0.03502947533793943,-0.03277577895434147,0.010286668689361456,-0.022058311642709327,0.0037523714537344155,0.01956104949158255,-0.006212292990100954,-0.10174650415817432,-0.0037522586305318573,0.07191957980183084,0.030448707937167585,0.016142782745901307,-0.11666661745721096,0.027053155007606522,-0.04989937860453475,-0.0669416738333729,0.05062073174267323,0.09443157133319713,0.0031487562008820635,-0.010614939547128888,0.022095981687045185,0.223780428508068,0.043312504666401797,0.14281821443646026,0.0685674869129842,0.09044011054216838,0.0017669536071878156,-0.041002227433397875,0.3763336956250696,-0.03631013530956784,0.15881561342066441,0.37782335570688463,0.023853112192002035,-0.05508129617371604,-0.008591997094444137,0.046565442396184764,0.04647988835606354,-0.06900232965924202,0.23692656791768507,-0.0276844967294948,0.0492958808102677,-0.031328776958336024,-0.0037109889584454603,0.04152450759035986,0.10364107815252743,-0.026156700032833102,0.33963460400608736,-0.12972499305203644,-0.04448257113763476,-0.025275045349337,0.12644700713304702,0.024947025210943607,0.03396742664988972,0.012413914564204598,-0.005177200803961557,-0.0022504840843924345,-0.0012262198991463968,0.07250568629732723,0.007597053160232958,0.07222913076367243,-0.02079592793164131,0.33720366723633055,0.05635320042516834,0.022222678333202905,0.40593222640750604,0.04774443518994387,0.13696768489076572,-0.007721900937653459,-0.09406262513964703,0.03673454181085023,0.0026398935451796834,0.0030736781321301088,0.07125110299903303,0.2437092266586589,-0.002256745486940548,0.06875913579128623,-0.04598850716037517,0.02907905059781357,-0.021586911722622837,-0.0004452252860338568,0.0007920900184714696,0.015479206701995318,0.1640609428472639,-0.029498067116496163,-0.0313825983883983,-0.05398516322279068,0.018266111897871085,-0.0445932776236555,0.0409179046472703,-0.0317374895820689,0.05504428876070855,-0.04070770786756095,-0.0038606321858772885,-0.059580957480911745,1.1383646719636702,0.026760436380627084,0.05118243356538321,-0.11255562300435118,0.41460021320490803,-0.053393014034232356,-0.03584844984007374,-0.023494131862378476,-0.06543031104247432,0.05804841875504008,-0.014743989884090758,-0.05004165644887215,0.03254876012225494,0.33201547825406585,-0.09260174679754285,0.04501334635416665,0.12136861795673881,0.057252762752817876,-0.04471627229446529,0.00037888456189993924,-0.02956398706853236,0.12005786395410256,0.0015856622479315519,-0.006330451678362881,0.4961383985169683,0.05859267103959276,0.01995613577419797,0.06269324811369947,-0.01347446079145831,-0.06445007121631796
2025-10-31,0.06181510580676064,-0.05151647460438924,-0.07294536123304729,0.014193038202509278,-0.03526577587925217,-0.047089872964666935,-0.1131174142610073,-0.04037591717410127,0.005347617534715132,0.1385171830347558,0.5830397783886911,0.05751219000401897,-0.06936353952923013,0.112264849816605,0.08221807134402437,-0.056689375401399955,-0.10460278372775511,0.125979718504605,-0.11302079692274214,0.12039657416698857,0.0887645487815103,-0.0686188084740258,0.036053391734476525,-0.18884500329960197,-0.045199523644924744,0.1012992736716285,-0.059550614510864075,-0.07124286878870734,0.03554769075766795,-0.00456756768126354,-0.05012527783537768,0.03165014907523167,-0.14170340809123583,-0.0026599994872660293,0.21328401663293173,-0.01881316640147812,-0.06498061109814568,-0.1500126902370812,-0.15209021217732965,-0.029689974987947898,-0.10453524520728774,-0.017395121223186094,0.034857593263129205,-0.06057719259812877,-0.013926200614410078,0.09877634500759669,0.10732494057417674,0.07499938254174054,0.01436217908368742,0.04508407597451036,0.0156483403263028,-0.04054279275691086,0.04813858612911259,0.00955689059704401,0.14683807178291408,0.08635131619956327,-0.01641920377224293,0.004444420052799547,-0.07330298854237549,-0.10599229223579199,-0.01832124201805585,0.06395808921330381,-0.046947449713746425,0.0801414322840368,0.01953240723295946,0.02466111114967351,0.09782602889993175,0.06704650902841625,0.07637507956213829,-0.05186531091558366,-0.48274252516936966,0.01588253085537672,0.027026060935400942,-0.04800154163008086,0.07918915382093927,-0.06396220945674913,0.08594417576924562,0.1331801273844191,0.15668459795133893,-0.008764879088151822,0.09105694426887645,-0.06318012358476377,0.014779866572206757,0.02514322033573224,0.016158700537210136,0.08948818665651981,0.19195238711935314,-0.020705503313390272,0.19464261380528858,-0.06458049625402706,0.018606561901710394,-0.00886857859989143,-0.05030735544714804,0.1206564587960599,-0.03723653404847749,-0.07488511615093363,0.038902436619237646,-0.11936849334167121,0.13087809648252025,-0.014683049884253507,-0.04778640445340199,0.1759523036491213,-0.05342573464591949,-0.02828928871127745,-0.01796703929454868,0.05022399479554451,-0.08019859175287736,-0.04766887440348111,-0.03095796022978925,-0.11714639634418178,0.07294763851671227,-0.1465332818749907,0.011258628837193196,0.024425241780736906,0.051490512103541386,-0.11204234705456051,0.11576152520122474,0.03798686873188695,-0.0002704102084843951,0.3382149947862201,0.0782885959629902,-0.03961574337440388,-0.06677673921714455,-0.07371304752146213,-0.04245709004206777,0.10188676939773855,-0.0010866092303837283,0.08527167560685034,-0.06462190092032105,-0.1280421630099724,0.08162268330480726,0.04023080312038019,-0.03257453716424363,-0.014503549905693802,-0.16548444175966326,0.019362921714882297,0.08356627343816236,0.09894750155101462,-0.10181122487027006,-0.08313592013454629,0.002506242180092988,0.0008822073062426661,0.03295551648339523,0.08740068965284764,0.1592295233019121,0.06675416944605073,-0.04408976469372894,-0.00995077181671944,0.04917078990084667,0.7765597794356938,-0.007702765703960224,-0.06346247148661954,0.0010272495615315513,0.08396176692843449,-0.036329747849013216,-0.11414814499955128,-0.023840816434849588,0.033667834908817085,-0.030441324513161838,0.16982815447912158,-0.12252492180469321,-0.03796288179321439,0.026623485126352042,-0.1133665190562303,-0.015004605515841152,-0.010831188021835136,-0.06769045314211919,0.1543155638369622,-0.03414037228687328,-0.0018747320363183828,-0.004111382093582416,0.08663566389210553,-0.08024749855070423,0.2511245798105328,0.01627942430890794,0.03758048510089762,-0.018241877717704247,0.014279301582071025,-0.011811834579896763
2025-11-30,0.032364217563672915,0.04430384008736188,0.04271151514160865,-0.0003998849038842067,-0.05929885345876962,0.13330194092702263,-0.019208601144922954,0.034475770309863485,-0.03546105188873838,0.08427483404215197,-0.15067154878022615,0.1658479597065856,0.012794781603953087,-0.04504135592915359,-0.17128549272273152,0.1024281629638808,0.07609540853773611,0.011195610282445756,-0.05938844179021008,0.0901712634924563,0.012585568690049342,-0.059795065252158164,0.0037419200592454516,0.015155141179419962,0.08566942888828577,0.18033312565608006,-0.03211079041100018,-0.032794263896809395,0.067940099118045,0.03863620475365703,0.07595172836761388,0.00853852859341342,0.007361655895615327,0.029514044014014917,-0.0025984050435396977,0.06947340140964653,0.011748872017588896,-0.14420117066705251,0.13448695947198286,0.043348506917135765,-0.04130749624394947,0.06015281800056549,-0.0003947421806671514,0.007347829779749349,0.0023479278198506037,-0.11470378179738994,-0.06233772029013973,0.05238695961287321,-0.014694515281905463,0.028278938373648144,-0.031081165740306393,0.06951793481266533,0.17005216087872754,0.006195416978977741,-0.17690254337770883,0.052929688376619044,-0.07236729838488865,0.00577076435769186,0.1406585635896611,0.021794192231868292,0.06639344157738436,-0.04020389942945535,0.018990952573042286,-0.10418102979464183,-0.09098166322364176,0.030603726849960156,0.02312152789761379,0.030695419871803242,0.0861239100268052,0.05198331141957335,-0.07827262002710855,-0.009480957132367851,-0.03398600015924891,0.02500260993577208,0.050505069622714505,0.015876315249023998,-0.051557876736086916,0.06411934815305864,0.1386605311021003,0.04645465071595756,-0.023099896350336713,-0.059722305124742525,-0.03968060583799915,-0.12460821255104537,-0.11745579551269925,0.009340623635792689,0.014253555161293008,-0.0501385181648083,0.07336967324693577,0.021974404064835085,0.10252433087511847,0.006299815132071229,0.04791435875743866,-0.02589282637653645,-0.08846368384600356,0.05494830741665235,0.061248131892190916,-0.01907722768850828,0.24823198155873816,-0.0691632737580351,0.018267311211559667,-0.009272328052949752,0.05536421621863363,-0.002644877107606969,0.044868230607110204,0.0860057793802913,0.0019144397468031649,0.16130088572559043,-0.03391427647023493,-0.0006170031405573484,0.03777358677942688,0.046647598663193124,-0.0010494462290736584,0.21923681137893092,-0.04344625595747975,0.029750285181880942,-0.046298197402574126,0.034512246399961866,-0.04804674418145871,0.05679942064043564,0.06725197961586726,0.12379512706667684,-0.03848559868782564,0.0006194703546769098,-0.019196251203632997,0.05205483826295776,-0.1162540675980881,-0.12588268894443855,-0.2309889305343955,0.019417482145956733,-0.13671449264146585,0.018139460627446313,0.06260635122255809,-0.014696978042810227,0.11063093575344696,0.11740421332674189,0.0357804775799162,-0.15972466741898794,0.0911106420179304,0.04475483350644849,0.054620055538042056,0.014577864066644963,-0.09289852728888981,-0.07081235471247571,0.19847832546528066,-0.016239150223721133,0.08494279281584705,-0.016152034031749807,0.004991694777913613,0.12015249449774967,-0.023079329659129733,0.060082054067753576,0.02586315671278938,0.08132721039725843,0.041938117006832254,0.05131326424915139,0.05399078964550452,-0.010329339023158468,0.08718870250393573,0.04131195711370306,-2.1289146066250098e-05,0.09023883119456633,-0.05780178787448986,0.042177622510004564,-0.0928497314453125,-0.034518054435597634,0.05200348980173297,0.010736575001796034,0.05077122103207654,-0.016544969156653044,0.04903638472121652,0.018892257182067995,0.03447414411467142,0.08734425746338847,0.1546235294842091,-0.007688111971481004,0.09221202699051845,0.022506936474674832,-0.1104171296098112
2025-12-31,-0.02506728904621991,0.0034695035861871393,-0.028006158827649674,0.07319992731666747,0.09327456001037171,0.02569492480721447,0.014072679466117233,-0.00036266320810163233,0.12918113427707922,0.01879079085155766,-0.015492093670292584,-0.05253867106678001,-0.022020339213373985,-0.01029068640735109,0.002678344988770176,-0.020424496950959492,-0.05374435173312908,-0.03903045935045524,0.12400752198153508,-0.13946243387276824,0.012812463623926629,0.1487830429480821,0.03049047761242596,0.01974398266514288,0.0057020701419536746,-0.03349986801804983,0.09174257383863815,0.026973905859187575,0.09634140124611212,0.03559317440262322,-0.02172009831481858,-0.061331002605170215,0.0527250520688507,0.1263513177621205,-0.005019434818166801,0.053818723103739696,-0.014889725333696147,0.0431241509763125,-0.0018173124845520805,-0.017041982997538785,0.11989511583155466,-0.025300708278362838,0.1063129148578914,0.05547415196024219,-0.05609741891386444,0.150939649491306,-0.07934636186249777,0.0011697467886038204,0.025169605087439706,-0.012444066602703474,0.00846950404617619,-0.05605498029877265,0.01081218926779104,0.005792394856558136,-0.05601812238092074,0.010833875301127227,0.09638897694953119,-0.054300549306546375,-0.005239727646896841,0.05205938005163735,0.04167421175871322,-0.00494830313233241,-0.02633278397237815,0.017057988655920564,-0.07915811061806499,-0.07491506439364093,-0.012048165915055975,0.18171245125411417,0.05317978431093806,0.016664018143477843,0.09272810859034819,-0.014547896271943972,0.03327942290798891,0.0897010701786296,-0.018192376224528517,-0.017951276603494937,0.03990490949632508,0.10830159178571197,-0.021785390604603605,0.06938852697455733,0.08465536015712627,-0.02968301766751469,0.0150891532387325,-0.11977590754995937,-0.07676716302205178,-0.04008676364928032,-0.09023667957324677,0.044694631267324425,-0.012415420519767406,-0.005571497474591625,0.00014498676237129082,0.029193898748310243,-0.04939236825824944,0.03369723174926542,-0.06418544110356827,0.006222557651148541,-0.03718491060704687,0.04299172916755234,-0.0007344981820599505,0.06439118160594615,-0.005443755233151326,0.09911434161277666,-0.09071826020550511,0.03696426158209487,-0.013969581491785177,-0.06816998486125225,-0.05635605440215041,-0.08130330991027368,0.031086849627102398,0.019566972939069505,-0.06945657993539356,-0.004995031471030864,-0.16053276883370493,0.012683995092116485,0.13510393728743275,0.011283732447229244,-0.04944068573184757,0.046386827221650107,-0.0170525388427748,0.20739718483900438,-0.06964890509155197,0.10051794615729648,-0.1284625344822672,-0.007941492939458894,0.00047380362416959976,0.02228191729336393,-0.05718782692643609,0.05373090631056576,-0.03486005894623767,-0.015264519575040492,-0.031189227277542586,-0.025657146687719234,-0.03263408403927137,-0.032734892003355553,-0.00467662092803145,0.02003016008648939,0.0009686615756523409,0.055209280025189544,0.027831932559127637,0.09443157903356547,0.042771319647805894,-0.0578272390688086,-0.0687509511126706,0.022809094280517916,-0.010664108767469704,0.04853926726456215,-0.0332913382007024,0.07742910757926302,0.06741754657710275,0.06314943649499427,-0.043020216124103006,0.0057266426586979335,0.047631446906002184,-0.002087214107805324,-0.05074204198565335,-0.04534979010717799,0.058279628963724184,0.07868014420145575,0.011124297400924688,-0.018523550212875217,-0.028563298466607656,-0.005642629646965047,0.045447119005781245,0.03102160638624296,-0.06659814679097853,0.007761338439218113,0.00363692303515184,0.03549429387048786,0.09838615765145864,0.04864838863779153,-0.07903362947152948,0.045547844070027876,-0.009243579713144823,0.05558400915307282,-0.10858705177634687,0.08561449993252213,0.010199159973349747,0.038129753211483264,-0.018411627597117453
2026-01-31,-0.04553796287895984,-0.016130820641631738,-0.12320483313047847,-0.017368407733047264,-0.16211889430431536,0.14631247893228694,-0.04046963834029316,0.006166738316820464,-0.12472246823536748,0.25421232840388974,0.10538845573162892,0.044514422799720954,0.02113108029431232,0.0367385645024596,0.08173705879297777,0.08998951848056103,0.11120162316890281,0.06615359841708246,-0.2978688964278283,-0.042762187575445476,-0.04594582547237658,0.07645544619027822,-0.032727276571109964,0.050235368502778766,0.048487708849237254,0.022160314647162282,-0.0660071765273188,0.04540621685378232,0.032639360859642474,0.038003674986696545,-0.04400675497022466,-0.0190875692076512,-0.0760348320724864,-0.00839835242563669,0.1501702131035041,-0.008201884340673371,-0.023179981329115695,-0.012598825785928192,-0.00406927877198171,0.14961895817043303,0.07445214608477091,0.05851765414456911,-0.09667432308062607,0.11344945697716446,0.09183680796104499,-0.19863353723158395,-0.05835611062472068,0.02218726338092636,0.04165522877673622,-0.05326202621411258,0.1606850879901205,0.02696705955740608,0.09253736505395915,0.13409367780072,-0.08690285529748598,-0.043814440752911854,-0.008525903042482907,0.03532118474882795,0.09773412302385065,0.047302002098390306,-0.013721250426313225,0.107293482068745,0.07798202677345456,0.07148648634440224,0.10332477517194105,0.02729973977419986,0.05792684898741007,0.18881812789822772,0.11559241539872067,-0.16867292833216674,-0.051213320239442806,0.04712237064451319,-0.004025512062678094,0.11220649524222082,0.15650971150455373,0.008850458491444613,0.17919149675690527,0.032956267809671314,0.0798721473570192,0.06417522511998941,0.1861288549062563,0.08860793445086479,0.16623108049733681,-0.12042436163519443,-0.1274685989272939,0.03541396822453291,0.25934957450103413,-0.24543504573138686,-0.10971817525612548,0.060738885488692995,0.09809123941665776,-0.046397476282515226,-0.021031006398197993,0.17518190259148003,-0.00892062860021825,0.10913060888257942,0.0700900424223787,0.07171837523395075,-0.034922183551560515,0.31126586169383463,0.1123708647399817,0.36382754872529555,0.13163965600896455,-0.05479388180361411,0.030657960122141947,0.013312465726067035,0.08619726415119477,0.07183011834363895,-0.0007601426288913471,0.08545792236963523,-0.04334779761246621,0.07509538855437214,0.0833794933922456,0.047596442216044865,0.4944048842613211,0.019541829371797048,-0.07064272842962949,0.03536146325127909,-0.11027248002775836,0.45362808188767434,0.09491786859402329,0.12518785168118707,-0.1095350260075606,-0.029822713248332633,0.214043948500235,0.17402437584408914,-0.23617729439631163,0.02482579447315203,-0.15337827103154655,0.10384243480227351,-0.03925079178785562,0.07044319011694555,0.07963453910146634,0.06655206853509554,-0.02858217718330569,0.06471283250455584,0.02271656360667218,-0.1753024116011781,0.11870326757309546,0.07801459459042892,-0.01568024648294397,0.11252342942849713,-0.09746489969887606,-0.11376796625279939,-0.03941075648204062,0.09558328997173393,0.0919131466886407,0.04013610085097685,0.26055232591031285,1.427542287247309,0.02419722164575777,0.03349358652121448,0.009950370895993377,0.48040949290115864,0.05146949768007136,0.06752366147792799,0.044909573839839734,0.07897695366014479,-0.024738028304572723,-0.0014496843860172248,-0.028713534039325528,-0.019133934455637158,-0.04293782243658151,0.25054439148215746,-0.020315702500482535,-0.1308048795709683,0.016340997796464363,0.07087411486213036,0.05153675878766806,-0.08234723465763638,0.11450336079651557,0.036483168076899775,0.11201607992115847,0.45254521554275273,0.014816037845988506,-0.02907714828920438,0.06938333376176353,0.17500413567711215,-0.003711695483675448
2026-02-28,0.01906560964653714,0.04067087224049604,0.0645012733772301,-0.20831447030975847,-0.10516622792119568,0.14446097583586415,-0.1315128359872344,0.023253806530173282,0.07491991315331048,0.15650379717367713,-0.15426853239039484,0.143236287620498,0.07016960590176269,-0.12244046250772744,-0.05813464917328148,0.14994321015187073,0.0116331362557065,0.013742366445933074,-0.08103823111955799,-0.035466378796530584,-0.12286690788298638,-0.026484692833631085,-0.06334576549985271,0.015446371853222951,0.10321676229950971,0.0663183499641331,-0.1524417659175591,-0.049788268210380626,0.13296997396474408,-0.006417387032207511,0.050818915551098076,-0.17833850660616013,-0.19472238226991334,-0.042741635750557894,0.13002012336465052,0.10111109419902542,0.031448047570050264,0.1383175356151931,0.05731261365934248,0.09801755616428243,0.040672188404298426,0.10530680277649007,-0.10296183863216413,0.09702533473709107,0.07502260827146578,-0.08243442035627302,-0.15728183410918117,0.014555681727582703,0.13428473268590468,0.07219551227927057,0.06606526807890889,0.06054310564661303,0.13934421808715047,0.19263264647850087,0.29395318167891604,-0.03769016855063245,-0.05992913952262424,0.08746977716197302,0.0825663756335675,-0.00394645861974896,-0.07444895334497015,0.029731340274492535,0.10657280008134595,0.19324414801552225,0.06971714570883147,0.10473429626864994,0.026123862012446653,0.13033376736818103,0.2009308676984487,-0.07764698975590012,-0.02259530263694176,0.016975657453472515,0.11561649847518018,0.20269281047950893,0.049313148257880135,-0.022265411436410254,0.45918348245484775,-0.06297615861816186,-0.07763304792139658,-0.08107674377403729,0.07398581263746884,0.016364595871060983,0.07594654408786705,-0.23753522401912475,-0.02314819909878474,-0.21232617810838628,-0.018506576022391252,-0.18016922703646476,-0.0014080985549149716,0.11241681753660338,0.09901297653640295,-0.018274626056834276,0.03664705963375581,0.0690440650683275,0.11451150715289793,0.10176509856594818,0.09022851087369999,0.11184536811799828,0.016001453258371212,0.037621146617535794,-0.00932365896224463,0.0018418509681208395,0.17387755088907375,-0.04005254589212137,0.08273008203901511,0.18787061944979944,0.053189663799009246,-0.05147621598612795,-0.07978620799799929,-0.09535235825594557,0.08423734536388183,0.11372801931628462,0.13061654205953,0.12288021080968803,0.2155661462624363,-0.007705066985152498,0.03509880590843473,-0.08911382432899173,-0.08518351769513599,-0.006049905538305755,0.07405433230145286,0.1570984090220664,0.15271290365588652,0.0059861011621134,0.04975013556114094,0.10408703972803379,-0.0769165014587524,-0.07293464314527742,-0.11653907797239693,0.16942073998258933,-0.1585014570733716,0.1048622936236332,0.04576392893084669,0.10166688897023546,0.027211586685356837,0.08037784973024009,0.09198845602884309,-0.06412438864393843,0.04118368925938087,-0.04903711270613109,-0.10256081087349145,0.08385874564495444,-0.12298349134981201,-0.060887812316557266,0.05551323615646053,0.01176033752475747,0.0728888207038414,-0.0808171750389659,0.06744013887845934,0.10257698108731028,0.09892404339257221,0.06554815175293749,-0.16082692991257408,0.00036798539113047646,0.04843598639358637,0.06867603527146748,-0.03136114816660773,0.08985774250403145,0.0821510804191039,-0.09937609565115935,0.10609935059697273,0.08481247414931792,-0.06482189925675397,-0.01595920727017086,-0.05783890951033299,0.022095837713382416,0.13298491562555492,0.10692069482313404,-0.025842126465228543,-0.0031998200476841543,0.13482639734069735,0.05731005112912113,0.12623539374041526,0.11777181068431508,0.10349804573281629,-0.09547682277892178,0.07394653022883668,0.08568934855096844,0.0503125249779206
2026-03-31,-0.03932924356014633,-0.06286626604820622,-0.11757627664812376,-0.049971292658568256,-0.07366335719405293,-0.10302095605063111,-0.04432376963426976,-0.028513267479830517,-0.05958675673795588,-0.0819499770116151,0.016083042075493825,-0.09354385368866647,-0.1004899188144961,-0.00823807489304329,-0.08029963461200817,0.3974315769180008,0.05375975275770695,-0.13323480829353274,-0.0845734294979491,-0.029387280370583913,-0.020783414530114563,-0.12525820838088642,-0.016143153424983292,-0.17525779089607763,-0.10338763870487566,-0.044260270925827405,-0.004582244297300253,-0.09044698915167104,-0.027577269885088573,-0.003946262847049353,-0.05099514680166484,-0.1834742843732028,0.014289511515152897,0.02922225956713631,-0.0462689696284706,-0.04097819458184837,-0.08056412767066357,-0.079913052933553,-0.07453067762258181,-0.14030661792753396,-0.07267434459745581,-0.05348786676504047,-0.06752191682015751,0.1634056352875377,-0.01420674480746742,-0.04168588835099285,0.04954565334549299,-0.02353384736520714,-0.038416478770462725,-0.10112654452459502,0.10783885804832294,-0.02090591969392086,-0.0810594538078877,-0.10284492344271767,0.10838731933859291,-0.09796728213917338,-0.09109766888503246,0.0006878410654049816,0.16202225993545571,0.00510972619887351,-0.07951690994217797,-0.13087894104824904,0.16513537138839562,0.006137960709207357,-0.04558070680989601,-0.0006116551612148635,-0.18097940342360586,-0.13660401451574533,-0.07590686498262222,-0.07156025169436409,-0.10419010407895168,-0.038734020596150276,-0.16968570181995046,-0.0001970328682578959,-0.05900305347332613,-0.17709486371368555,-0.0958239633775273,-0.051246329954450554,-0.07697462092431295,-0.01061900793197934,0.08830256515974999,-0.13036131672009132,-0.07208834634972738,-0.08635458871628121,0.02799799755003418,0.009075358655320054,-0.032449013866060694,0.05708630653148283,-0.08444721794317911,-0.09872991705461442,-0.016060835714468258,-0.020446181140362008,-0.07080421995938746,-0.03420017218322857,-0.12363990557862947,0.007814768483964896,-0.06114606860505534,-0.020970638158699262,-0.12568553130553195,-0.07674568501929802,-0.10692827619390688,-0.08539919884105507,0.41756116213714045,-0.03393210996681584,-0.08366213568990832,-0.1228422235228761,-0.05587778437042068,-0.10549395626112246,-0.01873185469307448,-0.1165728204981028,-0.12152198237593193,-0.02816132651581038,0.23192563102825425,-0.021313519393089453,-0.05170805438759973,-0.07116843968292264,0.21251075423334753,-0.01165086732340559,-0.05746798756249505,-0.1803915633187605,-0.009491266277825927,-0.1656225690471813,-0.0009351240636769065,-0.14489232593424728,-0.058173860852148374,-0.06708436742639479,-0.03203406180946722,-0.015692587491902277,0.011760729962057681,0.23038087666776152,0.07655123083160742,-0.0769566309235451,0.015551481153918578,-0.13612433671528756,-0.07217072767626587,-0.11290359219818269,-0.06541788280772454,0.06625844577685647,-0.10712430264247075,-0.02006131413157619,-0.007013594071574869,0.18045739307094433,-0.018243940089448962,-0.08958398785640653,-0.011552222378891086,-0.047971564874969785,-0.08600292333954263,-0.012815059808640394,0.0009738595553518969,-3.141289434949179e-05,-0.008831406325851887,-0.0744044374609335,-0.03743099192762944,-0.03775162255644382,-0.14964355893878167,0.03498750974031073,-0.06773478814334455,0.06511993654580461,-0.012124162181901155,-0.055830933272072225,-0.03252110705118805,-0.051509602497990414,-0.07642048401115797,-0.08472015566150093,-0.046274170624503674,-0.07016162476245702,-0.08438378029714999,-0.15160396857924874,-0.03865651287373517,-0.05591318942613388,0.20738850962404842,-0.1012217043788054,0.0011966613493934464,-0.03246540685548627,-0.04543258508963455,-0.022590489581250872,-0.02668960559367406,0.11252462106599048,-0.09832195081986705
2026-04-30,0.06919117987186718,-0.020308286242734175,-0.11016280685942081,-0.09110125813305903,0.01242391085120964,0.26441179470005904,0.04311446039395017,0.036095185786400696,-0.005979918176029386,0.15418813145358734,0.7425650248110038,-0.01591593214975573,0.06927544280198261,0.2726748553374958,0.4066623915212928,-0.03386841056629386,0.039386171738396536,0.1655717704599764,0.12148242739576798,0.34868004677275777,0.0713808434319898,0.15073104649549252,0.09661530210307157,0.04642873741756737,-0.052089321933790456,0.032455118577511044,-0.00031348733030389653,0.10802626086491296,0.00931141502392352,0.1371774528441685,-0.011686156011816107,-0.08191234087089139,0.092094940883658,0.12847183749567126,0.2587930318670144,0.003282966811681387,0.09187062854562944,-0.23489904375995552,0.08933456954813224,0.007749535645671823,-0.04721632918658303,-0.025495342176031555,0.048621397754650575,-0.04712127476965844,0.018164931051450672,-0.0519553640467163,0.14174840761966245,0.18566585894906873,0.10669918734142536,0.16988381185447743,-0.0656838150807596,0.04335172325657455,-0.003056742347617547,0.04716841957978746,0.2770152763696301,-0.056170932332443635,0.0764681464549799,-0.010615612567610344,0.020866486040841847,0.1368931468316632,0.28580718551581263,0.0718974171248361,-0.020118761923662576,0.10465802027662385,0.2106410709669475,-0.06181141228069986,0.046793735323323205,-0.014848079648756674,0.13232069141719127,-0.008100619570727607,0.12275989932754006,0.007806142380002878,0.021707658200458724,0.24121883633255004,-0.06120402801858926,-0.03530381951070971,0.20791352178665923,0.03208049253185674,0.33815544466040715,0.09193967591335794,0.08489340450064509,-0.00027376531560141526,-0.051763106947126714,0.05180369667818607,0.08589282646481844,-0.04707287108970193,1.140947225700323,-0.09870812621019609,-0.007332056995628111,-0.008759421470767803,-0.05968745313440571,0.07027816638364404,0.007558845017183513,0.18876525673236721,0.020317162414138057,-0.019683799661054158,0.03563444368672508,0.01085206894050006,0.016123522093130838,-0.14298723818060466,0.015474189639815394,0.2068707076320626,-0.07398217860225664,0.008254124518965122,-0.055342846435653015,-0.05796430458201329,0.06592639347459062,-0.06555099437759926,0.13263581237157207,0.06952959553258364,0.008882581607611462,0.10092442455790263,0.0168318991463563,-0.09236015763561722,-0.0956693047901862,-0.028117867091041027,0.6681743123749617,0.16433261973140567,0.10160193378338156,0.5307836853293346,0.05383283125938654,0.02623557765651241,-0.026417065784899663,-0.1601665086722408,-0.15062153065373007,0.08771930725698729,-0.155332424860135,0.1443234582488595,0.10090182531315084,-0.06799999241865429,0.11851296863763161,0.020606592789027323,-0.04914523624637002,0.026014896323121928,0.015860318070809676,0.015839310575922694,0.07444410638616117,-0.04901557443791893,-0.0016328845909401313,0.0798839985249935,0.0042992977466682625,-0.01663190343111587,0.1085562537477629,0.39447116383445135,-0.08487782321735893,-0.08724729573462042,0.17568937821437203,-0.02489889010972579,0.106830111294961,0.7258632596983634,0.0018649316352448153,0.09210324383568258,0.013847791015102473,0.7195221945783083,-0.040962813574136336,-0.08922115616336568,0.1202958360338886,0.07054459685238945,-0.018472139950303612,-0.025573264638230397,-0.06918056067268674,0.04614651678532433,0.026577013807162153,0.4478210277541006,0.0372584497957098,0.36915627071354096,0.11070813549922298,0.10591587015183213,0.0894058955876118,0.09131814101269708,0.02226002929359394,-0.042907697620518714,-0.028836557565092513,0.6064180535640058,0.09928675674677745,0.03291050550314667,0.06155451032906156,-0.09035711580980921,-0.023178466233141237
2026-05-31,0.1510871522184356,0.030285817466402243,-0.057164871337442524,0.04677975094154063,0.05327096719391444,0.028812190102020185,0.04671131877018575,-0.005875470218660417,-0.0076203788340127865,0.14228374511613606,0.4558943547170746,-0.019976138535479193,0.023260954957493807,0.021051901989134203,-0.0766603264343515,-0.10557320390726677,-0.07142133451938704,0.010117413966125977,0.37356338853344484,0.0702872209607619,-0.020368285704650768,0.009256408018542661,-0.03479228041682336,0.06881459081430341,-0.012882475721942788,0.0355029652580392,-0.005523952596198867,-0.017567530013339216,-0.05627991728771875,0.037657276802611994,0.0018581183941541735,-0.16143029228486905,-0.059931232354365704,-0.011599067446390832,-0.015998012717017285,-0.04669717850476973,0.030637436712249277,-0.12786822880257442,-0.045357597243256165,0.05588091758654823,-0.08025148246297908,-0.04961420088538182,-0.013399468773842904,-0.08708010540967359,-0.05600861568889792,0.08253556595342859,0.6399326977005049,0.3160655117551403,-0.000688068435571898,0.09232801735992568,-0.04748235279370605,0.048221378693229955,0.06465485092230594,-0.08084832684869303,1.0144053655740604,0.020787913789400925,-0.018505980557842583,-0.04445734512867028,-0.133930318809092,0.05888022054998876,0.04455115965102352,0.028206035872321067,-0.051148828862718654,-0.008780169631789514,-0.07229153638306829,-0.007610495451367938,0.4619066327900214,0.13724475934984803,0.020926790582300736,-0.07607997459504978,-0.09720670397864695,0.007319240645030645,0.1166834130816794,-0.10627058141478762,0.027438094031743132,-0.042480848586067044,0.10471043854630646,0.08258551030563877,-0.01159041994984078,0.11018981611245282,-0.08156034337730189,-0.03546217542225505,0.11588314116165344,0.29373033120302017,0.2962608412950558,0.2987781403067584,0.21380182293102967,-0.14664091887275155,-0.0720481889786464,-0.04158762299219576,-0.014027084349572116,-0.04444019264251209,0.05957636135359623,0.0993018155138572,-0.008432447029427914,-0.04571496126757435,0.0031741339662247903,-0.006884344013472488,0.1843592686437816,0.02409409938377416,-0.1023074321587426,0.23392547027451527,-0.10656827734854168,-0.017776206617706736,-0.04901397643998662,-0.0892541786345642,-0.004394498356023235,-0.08842791442578013,0.040245194631012504,0.03366518620300196,0.05051836800737863,-0.04225733562933953,0.005757152923365538,0.08737873356889847,0.02720940438324848,-0.04615116456213897,0.24129574688134237,0.09134797790233162,0.10651617603697683,0.8775622219761785,-0.11105425899235843,-0.009214102721786688,-0.08108112293341696,0.0421550187174522,-0.027265823446656956,-0.02443802155480479,0.4083343470150411,0.05797461957992334,0.39897142232594396,-0.06520303022503626,0.5708788252060337,-0.09022653166716699,-0.0032904295815632256,-0.023998922270426548,-0.05405411554791861,-0.06914388499731039,0.010209789416480097,0.12529647472723981,0.07457434832704157,-0.008430550825322625,0.039768211455857516,-0.011125254654942851,-0.10749901518437266,0.3978171310240155,-0.12921355170718862,0.024640070632954147,-0.053059902225929934,-0.043393437103381394,-0.04096340750537364,0.5457952644053343,-0.04020522902825496,0.005890748370120713,-0.014477278117216108,0.306038808662622,-0.031859886604962306,-0.050899377178151295,-0.053993667005312385,-0.011402295220613312,-0.009525595408495735,0.028290589643664488,-0.035562608775471016,-0.043422669113305834,0.14191757191298504,0.0930453760623069,-0.056426739713610896,0.026533138541375845,-0.020318610190046216,-0.0028634894017645074,-0.03194491004676381,-0.008499293505864092,-0.026117722544441113,0.04717114378721865,-0.0045803880970977096,0.22252143207708297,-0.052033740951524576,-0.05164408293624967,-0.12096639770660866,-0.0523816708634921,-0.32425846446795803
2026-06-30,-0.07274245453871897,0.1557963544425669,0.060046729412394084,-0.33479448879521734,-0.20905824994793265,-0.03767575762924824,0.01717048502306251,0.04296393049035685,0.010713688346222439,0.6064525119888502,0.12557643988456646,0.07521007235357158,-0.11675556190541148,-0.11934679486514499,0.06527875827693874,-0.10595665306114699,0.05225748601194513,0.1870531991052098,-0.15961774307215815,-0.1531484658936927,0.0688216148477343,-0.06350851422628823,0.11000101281676278,0.13525016225829378,0.035867716323651155,0.10234692631935616,0.067240679315973,-0.07632344559054194,0.0076950074071933106,0.037151300374072216,0.05460715533252669,-0.11653903763347606,0.005984379848104959,0.11167598918511867,0.21581978711898242,0.09647165689764381,-0.16269189157177322,-0.012773316896282916,-0.00044072013737228577,0.01719742077849995,-0.012866910265511677,-0.18851009541926877,0.06752520199073753,-0.08791018046302979,-0.02180238086486541,-0.17810395732841822,0.043967188301556215,-0.024580625943728562,0.05015464098317768,0.13706307643265103,-0.09152695932975896,0.020167375702651258,-0.06622599983540955,0.17299454002387327,0.025064734878400774,0.04491801736315648,-0.04755469546079871,0.03136966752839365,-0.0646461268312557,0.022696056762097738,-0.012427455114295105,-0.0046587375227982175,-0.027365509719138315,-0.02401588832603274,0.0637044476890285,0.03107872504788789,-0.20298169853772297,-0.0429158344377667,-0.052694210727348256,-0.08527566001946052,-0.1327793839088709,0.021394368437798184,0.1543427748457873,0.21391716250380788,-0.05400339543046251,0.029281195131332316,0.40996902327625495,-0.07199563490445415,-0.05983206320284984,-0.009490185171780907,-0.12240835251329374,0.12040514406270297,-0.10246093561873382,0.06341458678698975,-0.17873053019184149,-0.05570850982995135,0.21756195074330376,-0.21274096414783572,-0.0634891226512807,0.10040405522804119,0.1271025106716661,0.09361524528603371,0.0015865881206389432,0.570007744894018,0.14014065333751913,0.02863576217355135,0.03524494377540632,0.045994464048189077,0.08545705392076974,-0.03328264165411032,0.028596742159617605,0.3628613625242092,-0.20178892045175667,0.03971819188140735,-0.025274795911808146,0.01885061387972997,-0.04651254485741263,0.06944641606944835,0.02321918450445204,-0.108611711384627,0.057336885050002895,0.049525590158787214,0.027736425995604108,0.09016221973871574,0.4840008649557521,0.04188283748619526,0.45312199634800576,0.004999977502166519,-0.17150856157139238,0.18876418311149634,0.016123041184471276,-0.14943991614076524,-0.16996042417732338,-0.10410304847359231,-0.09247876925712395,-0.062436425514348914,-0.2017367806802164,-0.05123052301166564,-0.3509167830361414,-0.13836587530545796,0.2106215558168658,-0.05108151305044051,-0.08021389977916038,0.02145442026591704,0.14732145040515077,0.15804552487679202,-0.048907843531267536,-0.2546952652815747,0.02835636703769029,0.11351311497075067,0.07243641751031737,-0.0388333188843375,-0.031903036388789885,-0.26112456038025234,0.014248954954711346,0.056050277395878645,0.030556614187333908,0.056325109387386885,-0.14328592805750107,0.34144946056527803,0.03976093665178948,0.10342882548481036,-0.03948111445911273,0.09762225440644601,0.03471265239346355,-0.16532254324700046,0.03339562917938821,0.02785874589359616,-0.02100170547423419,0.0189895021489368,-0.10558313546559639,0.13570203377910173,-0.034856243015127464,-0.024895293742470126,0.025000029802321633,0.09911352402639517,0.035638049624850066,0.007592079077582303,0.11060929239235184,0.05126240194470211,0.06380194605974432,0.10991196653308544,-0.11441120055427911,0.20270044068462245,0.10539129080414544,0.06577246985173235,-0.02151189103654705,-0.05879115894949227,-0.0750418467615942
2026-07-31,0.06756296301144116,0.004316355911025527,0.17317481573336702,0.34936558157173625,0.2213930272351743,-0.07493008635496068,0.18981914779453857,0.08724950675817622,0.05434060510622318,-0.2978284673707272,-0.18033771856415082,0.06362529611326773,0.059852007383772055,0.1394645915293682,0.06163174546601624,0.15390446521655088,0.012080926623327493,-0.08858900270025849,-0.23160528520429002,0.03052280773119076,-0.0031915630842598297,-0.0015244691143981859,0.08722364674262595,0.22701695590883753,0.09442928691545727,-0.06067759306900988,0.08224855498522055,0.13398019773680359,0.14625538308641328,0.08534841930088266,0.02228260670692661,0.09489220262656395,0.08566333715408558,-0.053658221218011226,-0.23342895579309253,0.029171806997665417,0.007526710162274908,0.019478158237101084,0.012224272624722365,0.0015642544507181722,-0.010734939564530421,0.21265234790825804,0.04182034422449954,0.158907360998797,0.01917057509242004,0.1746457330435187,0.00039309666274922606,-0.008820773725339293,0.060382979226822675,0.015722802568038485,0.18743967785350568,0.012886134616654221,0.010026478001022632,-0.06567564683571792,-0.05891656512400456,0.023624528039347226,-0.0006233512581168554,-0.009085158763025958,0.09220718280557016,0.020223726839954992,-0.02815925117052176,0.04659462211369925,0.15465581307002974,-0.02217022181870676,-0.02562656016334497,-0.017160001106899636,0.05611516658907245,-0.0017170408598448095,-0.018299164983859306,0.15149173192077847,0.09969417870966457,0.08713723859386535,-0.03534952877242248,-0.15709957750326142,0.030631708195554497,0.045081248305665955,-0.4587558304512498,0.15282815819594564,-0.0034697744415896903,0.006931187292394725,-0.05007362274001215,-0.058750128682016345,0.08552933013333974,-0.13681692648300758,0.24293523410118256,-0.20468686503025735,-0.354007062995203,0.21636058923770962,-0.11152184399599163,0.06093101235608156,0.009371173771967722,0.07956745208724669,0.09441145154517838,-0.39405384419323786,-0.004190566168855381,0.006568663918427253,0.07776544321555279,-0.07815929259930343,-0.04217844238764257,0.14383856565379438,-0.05168356186684764,-0.3237947985972368,0.17910733139109336,0.1177193913869492,0.0012209204225492876,0.1331260169524282,0.07728217857729613,0.09152495410188366,0.136154091403899,-0.011681296165063415,0.08875294542592149,-0.050312640757288585,0.23780659713276653,0.013229521696119129,-0.21719262244181592,0.14455578634140553,-0.37021629183432625,0.012142701699750624,0.24583136341252132,-0.28687195184510217,-0.009684432699191836,0.003319064879582001,0.004341702408527048,0.01607795826768732,0.06512734935274378,0.04743937391830899,0.1203666873949305,0.0032985604928095213,-0.11073488215029514,0.17500513051064348,-0.026948574093813016,0.030723773178397362,0.056790836469399864,-0.0073061194109649286,-0.0317514680659321,-0.0016255549899717447,0.06746884078513427,0.05476985934631973,0.05477863833676433,0.022914870241352414,0.1311034919182139,0.2521738380834766,0.32491891237009685,-0.20120137722010956,0.22306511341840451,0.13434884405489056,0.029944260829762204,0.14056582017073094,0.06668095218417913,-0.4657105432527042,-0.012224402800735112,0.025575667144020597,0.06912049468923986,-0.11281863103795597,0.034493761896393416,0.13822771004630052,0.040545926361371,0.10627058253746191,0.038547912472625345,0.14548426926176394,0.029690624492475726,0.1340118972074893,-0.26008086795299534,-0.07017882553817867,-0.024944608653103217,-0.0029594382098424576,0.07400736609847547,-0.030511616786396467,0.043211866386063225,0.06715441375798603,0.2060713702606347,-0.039518459623235414,0.12442074416712345,-0.14698143561635457,0.03291185418702902,0.04610352240927962,-0.018188275839716272,0.13692228319054656,0.08306121975519454
2026-08-31,0.026587852979950588,0.021837933103582285,0.044087074708159646,0.1436836825035155,0.16924245941866567,-0.01434366304576562,0.0739323479682712,-0.08665320247196295,-0.028251461611085382,-0.09610543351666134,-0.011403954101408043,0.12263020304928585,0.01349790222457381,-0.04348625871756273,0.08505681074990301,0.15621655623601827,0.04940817281999421,-0.013378948023104575,-0.21177064316856786,-0.04865393869238366,-0.018081744452834614,-0.03867863715165665,-0.00016147414943679106,-0.005732787214667079,0.13579281953151479,0.06750429738481878,0.032089206011971516,0.059813416851312695,0.022967387170000242,0.03166376824834716,-0.014681177699056747,0.03359725465875929,0.132690230350885,-0.001214172587581941,-0.021281067865421943,-0.034447335192311246,-0.0020969898644306317,0.051455420980192956,-0.010643300320451465,-0.016210331954694235,0.11101844141908002,0.06613381836817567,0.029938800590029624,0.10701931022049882,-0.008404332304036921,0.3995217944048197,0.21031121901542815,-0.04741788172511019,0.0049260825773431716,-0.10073730357487154,0.05643967175402187,-0.04568443199287309,-0.013269115114893149,0.10501626879897175,0.1249229475748399,0.09529183628159488,0.11809959790022306,-0.03560332363956875,0.07489472906900141,-0.08889691669247424,0.0444338735266252,0.02093819385761564,-0.025085719727584777,0.03182761979655169,-0.029699491934869315,-0.04583150251619006,-0.0401243878942773,0.20932455008896,0.06506188173332217,-0.08934558476293442,-0.011679593427093682,-0.03147985734055492,-0.06765355451337585,-0.0926596762225691,0.1238766623652876,0.15244757378851626,0.07783046121431259,-0.028584306954276384,-0.047117638120926175,0.007384265029628967,0.14263555113492554,-0.012441273184306323,-0.11882041252893238,0.21083641999465574,0.1008433990288089,0.05319770885631625,-0.007649610148076191,0.13677343457775626,0.06659496695303657,-0.040355520464271155,0.0421734373436351,0.01202416318259325,-0.006963261667419451,-0.039228210112748685,-0.012441662050769353,0.01122896020723485,0.012330168615173998,0.023412288052632624,0.0083106419247847,-0.03691188913892318,-0.014965596683935933,0.02890583214912401,0.05914673050064079,0.028284806601297063,-0.026234132228720952,0.03402280880298858,-0.003851736048423149,0.06159977580787945,-0.0038529447700395014,0.02807566076772039,-0.020976787926414553,0.002195259682023165,0.1828678876308627,0.13486943743836743,1.5600145406629884,0.0005798967206276373,0.12849225003848042,0.01378200351919534,0.0936585239403942,0.16487849330091287,-0.04556850194269502,0.3452138743772861,0.13024688448653943,-0.06353385699847158,-0.0005999263315782377,0.09572834467330282,0.33048638880526515,0.09977585001332034,0.1482251537980721,0.05449448346294594,0.15158370354088713,0.005589020157844571,0.13794477505069036,0.004360091356306439,0.03150129467311502,0.004999965867761524,-0.03243208462421243,0.5145458197662445,-0.01844672538178982,-0.040981271999355084,-0.025576452405679295,0.17105415814970182,-0.07944416377579444,0.15493528803072776,0.04901862983566896,-0.03159527151809671,0.015300220886705018,0.04656246503267325,0.21193783037587588,0.2896454712558527,-0.06149097352137467,-0.0743339794534349,0.06041944379825703,-0.03241331319481955,-0.005833663932608757,0.11354836084509423,-0.03411724033582175,0.12197960896521054,-0.146227814723647,0.0745255008336414,0.050786882833595115,-0.022518431146080875,0.18232069120487493,-0.05378250198551304,0.07518477643033261,-0.06030399032124878,0.034009956447625944,0.016041494154890534,-0.02269475525425979,0.038086943901350034,0.1470758083379018,0.1413121202373373,0.06857506922236967,-0.17306002357293326,0.011481936699085038,0.005043185140786166,-0.054666667950446945,0.04215235888311275,-0.0024583055913520724
2026-09-30,0.06018622994120615,0.03392863752386077,-0.08417905821084248,-0.06508216274364198,-0.1839544188574218,0.059744007024520096,-0.07466506791372851,-0.01588257541756999,-0.0136770395044854,0.03459932556280987,0.3368032123848257,-0.05545732778241108,-0.048036440455332174,-0.039996860954991,0.051152304062304976,0.012282705922478376,-0.08068894820068473,0.049622917108850695,0.0013138616462122776,-0.05222771474162613,-0.0742345118236778,-0.05284433435386626,-0.09079964958969411,-0.09692309452937187,-0.041587581029630116,0.04481886446997385,-0.20744310443167113,-0.06632968173122011,-0.07947908625407107,-0.06876237860757162,0.0022815981177102262,-0.07494821923531514,-0.18172302017911912,0.0036469457843446573,0.0097558899804282,-0.008117283317252477,-0.09885265440196356,-0.22887692751815036,-0.03298255036660369,-0.050100200571023934,-0.16867023053768238,-0.053686968617046915,-0.0834459668773796,-0.02377544738977322,-0.05022834593429393,-0.07339015342612087,0.12411261224127434,-0.03185805693838861,-0.07048104685990586,-0.0943456529107386,-0.002377051977369038,-0.0757432406401004,-0.03246894446907145,0.06112294962416276,0.17545669623951388,0.04780861036986028,-0.018503072400716802,-0.05570844884634618,0.014568124154466844,0.041232178187769364,0.01896203867741475,0.0242718242520652,-0.014486796400753121,-0.011426132368016262,0.0948541720265561,-0.07175729980468304,-0.09612620080701073,-0.048323159967576634,-0.14283017907427575,-0.13185434142915708,-0.1374976860294571,-0.09441227139449837,-0.04745164898648202,0.06289155274497538,0.02865314490442472,-0.15461162169721987,0.03644186327332588,-0.06468230508330464,0.009518317726834091,-0.09561175830389546,-0.10686461618109566,-0.10217747998382198,-0.008148763654340474,0.15275262388285094,0.04738920742470243,-0.029118731349788374,0.4231928985518978,-0.22869464431349562,0.060128441710176395,-0.01223806215979828,0.018168089002732257,-0.04904216615322565,-0.05565033391347818,0.06645770227940839,-0.08859095444320852,-0.03070724649273271,-0.0004995146805035766,-0.04064359631039571,0.021751000323767977,-0.06109928286039967,-0.07918901659376554,0.019888962522064624,-0.0752919696990656,-0.03941894854149375,-0.09423730027216026,-0.01698367155331637,-0.01949410488838066,-0.015599543963593088,0.021855646433472486,0.3596877593431851,-0.02508291632814752,0.02190552944012869,0.047224913042233974,0.007400506130091022,0.3882001739201919,-0.10468919945463928,0.22342439632768207,-0.0796924780438536,-0.018451015615285504,0.12704312090936543,-0.08161275067018958,-0.03575667860945475,-0.1151141453393485,-0.06882276176964852,-0.05692051236959916,-0.061326464760643296,-0.06899119085672856,0.018349924506323,-0.06424357661443147,-0.030967601595209615,0.020385754704896453,-0.07710557689046937,-0.0017568249708000971,0.003858858719926861,-0.07295489512346376,-0.004553644900697318,-0.03600292253961901,0.03331897892685798,0.0224239021879864,-0.06797983646867711,0.009778924666669742,0.0376753719569598,0.0012327367299995728,0.14569020668372357,-0.003829400677216155,-0.09204253362747616,-0.11858822093290444,-0.09406302913640896,-0.13981937316095183,0.11930813159565035,-0.058068188753995,-0.025541296980091555,-0.0747751390687531,0.09448101130665365,-0.16692399577089323,-0.016994926113629627,-0.048406644559170875,-0.02940086302069367,-0.01702635140724773,0.10016211312047263,-0.08362888568897431,-0.00628798294083055,0.027150400605922664,0.03733084242714102,-0.08499669762698103,-0.031049126264302007,-0.08846910205732517,-0.11685695013810571,-0.05164014632380387,-0.030023418502934107,0.06670001958151661,-0.04065968900004213,-0.053978423395243724,-0.00021180463238268388,-0.011132766769634261,-0.048732481933286276,0.025936812435119805,0.007393615805963094,-0.08858627712356182
