fecha,AAPL,ABBV,ABT,ACN,ADBE,ADI,ADP,AFL,AIG,AMAT,AMD,AMGN,AMT,AMZN,ANET,APA,APD,APH,APP,AVGO,AXP,BA,BAC,BAX,BDX,BIIB,BKNG,BLK,BMY,BNY,BRK-B,BSX,BX,C,CAT,CB,CCI,CHTR,CI,CL,CMCSA,CME,COF,COP,COST,CRM,CRWD,CSCO,CSX,CVS,CVX,D,DD,DE,DELL,DHR,DIS,DUK,DVN,EBAY,ELV,EMR,EOG,EQIX,ETN,EXC,F,FCX,FDX,FIS,FISV,GD,GE,GEV,GILD,GIS,GLW,GM,GOOGL,GS,HAL,HD,HON,HOOD,HPQ,IBM,INTC,INTU,ISRG,ITW,JNJ,JPM,KHC,KLAC,KMB,KMI,KO,LIN,LLY,LMT,LOW,LRCX,LYB,MA,MCD,MCK,MDLZ,MDT,MET,META,MMM,MO,MPC,MRK,MRNA,MRSH,MRVL,MS,MSFT,MU,NEE,NEM,NFLX,NKE,NOC,NOV,NOW,NVDA,ORCL,OXY,PANW,PEP,PFE,PG,PGR,PH,PLD,PLTR,PM,PNC,PRU,PSX,PYPL,QCOM,REGN,RTX,SBUX,SCHW,SLB,SNDK,SO,SPG,SPGI,STX,SYK,T,TFC,TGT,TJX,TMO,TMUS,TRV,TSLA,TXN,UBER,UNH,UNP,UPS,USB,V,VLO,VRTX,VZ,WDC,WELL,WFC,WMT,XOM,ZTS
2010-01-31,-0.08859688748316785,,-0.01228655263509637,,,,,0.04713500610735544,,,,0.03376334519123514,,-0.0677222212927151,,-0.04132119042357518,,,,,-0.06653216498517711,0.1195267437719234,0.00796771502577287,-0.018575228073871686,,,,,-0.03524738328679733,0.0431971830606841,0.16296407312145322,,,0.0030213419027624866,-0.07709437777705297,,,,,-0.020365018931713608,-0.05577109374327782,,,-0.06011311814490927,-0.029406711327581214,,,-0.061403763289508584,,0.0075790160719850785,-0.06325519387851364,-0.037512946892632404,-0.019544084255260774,-0.07653934684998576,,,-0.08372091492342193,,-0.08965966678725423,-0.021674787873466883,,-0.02488252913325162,,,,-0.0665032118355996,0.0840000391361726,-0.16791324533904906,-0.061114521216976025,,,-0.01403362126997909,0.06278933538490272,,0.11555407661475958,,-0.06369732546890206,,-0.14523046511506643,-0.11916591482788841,-0.02924574340973274,-0.031800840157358845,-0.014285374124202277,,-0.08619720751280113,-0.0650113353784858,-0.04901945140801367,,,-0.09168605656980655,-0.024064730642251675,-0.0643915791479639,,,-0.06780706215581789,,-0.048246038402069646,-0.06213419164060041,-0.014281386823048026,,-0.07078493587770429,,,,-0.00016006047586158978,,0.01765996510147194,-0.020300607169928875,-0.0008481188080491364,,-0.026369541523798556,0.011717021354660684,,0.0448821469137759,,,,-0.09361201201512659,-0.07545945111497787,,,-0.09406045704700294,,-0.03511457657568151,,,,,-0.05802782778894611,-0.037000522620351806,,-0.01940844166151634,0.02583807740980615,0.022463567539026563,,,,,-0.05561335826596647,0.051864320771377814,0.004622510479838748,,,-0.15283145077972837,,-0.027805517118211553,,,-0.025042224852785844,,-0.026661511306324548,-0.09774430428281267,,,,-0.0772119554195535,,0.059954371562910724,,,,0.016245176688302276,,-0.13218233501473864,,0.08267753119882926,-0.053208187755984904,0.006972495140662449,0.1141714665226028,-0.06208567145462707,,,-0.09914862544275305,,,0.05335299487395573,-0.00037401268502568197,-0.05514019265963399,
2010-02-28,0.06539602361456676,,0.0253116958579791,,,,,0.02716626911218012,,,,-0.03197655979469982,,-0.055896674360343956,,0.04930648000846638,,,,,0.014073070905749274,0.049359616218074276,0.09749688412910618,-0.011460154664564182,,,,,0.006157737626182547,-0.01959431374179066,0.04841026996557041,,,0.024096276645159564,0.0920749390785609,,,,,0.03636176173238481,0.03853473191349055,,,0.010246092531952078,0.06490201499663106,,,0.0827773813416719,,0.04263195869539693,0.01209057382333989,0.026255931382282105,0.04503511321848075,0.14714767834089515,,,0.057191224192093104,,0.029143711458108124,0.0,,0.1480194592557007,,,,-0.039471383649117175,0.08302596707327314,0.1270050237976097,0.0818123163014286,,,0.08526596952136845,0.004990961706638153,,-0.01367294702571109,,-0.02204837020964101,,-0.005925275036719135,0.05366203471091158,0.03528651222396584,0.11388804723352863,0.04749228839266695,,0.07903110487842713,0.04362060790199074,0.06671257447523327,,,0.04427595803445006,0.009895594252710804,0.07781141976215245,,,0.022731042770255616,,-0.02820278279760935,-0.002390019212154648,-0.010659821512050693,,0.0951503839953296,,,,0.03143840253360386,,0.027837873922369694,0.011890323296718908,0.030294348279436667,,0.002314800844024578,0.01309142690242071,,-0.03404917675290764,,,,0.052277874434080385,0.02214583085350541,,,0.14978999435131857,,0.06039263388462368,,,,,0.06895115940193963,0.019275061876853128,,0.04780292033530853,-0.05060306951359983,0.028107014158540444,,,,,0.07624721775817589,-0.03012795093669296,0.04840922738588205,,,-0.059900536007799654,,0.023898845370688315,,,-0.03405670438011332,,-0.007187625427636957,0.09672547012161292,,,,-0.02168741651577899,,0.008299066628156382,,,,0.03789228425050273,,0.08355577441158668,,0.026060787525624907,0.11810102466978911,0.025234183833791057,-0.01873990696935246,0.04118284140102313,,,-0.01665524846666533,,,-0.036666571581298824,0.011977994895199684,0.015428262301074858,
2010-03-31,0.14847031058930038,,-0.029476784087542618,,,,,0.09787661535798486,,,,0.057056919102652426,,0.1467060379504379,,-0.020648682086978898,,,,,0.08509629698709809,0.14961982453629652,0.07207991750648346,0.027316993638984544,,,,,0.10241694970514392,0.0827491081776317,0.014226874188490113,,,0.19117621213499136,0.10166537621766225,,,,,0.027971723092314438,0.1453773169137873,,,0.06604142473220431,-0.020666049646684836,,,0.06987249686272046,,0.08325947514376164,0.04882502240098385,0.08212683496694839,0.049745371497343926,0.0425164662399804,,,0.11747744983592945,,-0.06224556898810374,0.17158988054384117,,0.0633719010292968,,,,0.01177823217159335,0.07069825479197278,0.11149576736568867,0.10333475108840573,,,0.06409332180263294,0.13325020215979588,,-0.04494868647592365,,0.1463417264282052,,0.07653760957574196,0.0913340506869853,-0.0006633704120286854,0.04457172909535356,0.12724092886335714,,0.048067161396532665,0.008572495376479194,0.08572793287524583,,,0.04729641920442473,0.03492068517038249,0.06623790044137601,,,0.04668069149840304,,0.05178597423958631,0.11110107260963842,0.05474700850741088,,0.022353497087191698,,,,0.04494906136440835,,0.07383212624522772,0.03755730358623954,0.19098586527244343,,0.042669981856929606,0.037319280715180536,,0.023348865439717814,,,,0.03938951317916084,0.021625715134843793,,,0.03550602219868182,,0.09163554720710199,,,,,0.043001989783487016,0.0630161293449576,,0.06659151182729484,-0.02279259914671805,-0.0001584750880665453,,,,,0.07673208075497073,0.1104906315248142,0.15436015547760373,,,0.14394772335826378,,0.07225059989363247,,,0.03862562088294874,,0.043751928643402715,0.07165637578444706,,,,0.041516110716715904,,0.020962522956137875,,,,0.031983827703992995,,0.003691911779015511,,-0.035145024808105774,0.0880214903403389,0.09652674291617447,0.05362734897737975,0.06742500456851319,,,0.07224316668362674,,,0.13825875348201677,0.03409222825596503,0.030461957241606497,
2010-04-30,0.11102121444486412,,-0.020672045022008034,,,,,-0.061337449652529075,,,,-0.042279182283711636,,0.009796006270073487,,0.003993478350600599,,,,,0.1177894618622366,-0.002478726817264909,-0.0011203392815700708,-0.1886600191219464,,,,,-0.05206006966434662,0.01104319837511114,-0.05254087387034123,,,0.0790124007218076,0.09013115729937082,,,,,-0.007394196577327761,0.05523527733734923,,,0.15673227992997307,-0.010550803409718257,,,0.03457550606419879,,0.012241298636417985,0.07398104931859395,0.016784313985840127,0.04261086605054065,0.0060544188676214805,,,0.0552849145067571,,0.045010537206744416,-0.1182794387658278,,0.03754375014720801,,,,-0.005021582029200666,0.03579935530041145,-0.0942723441295682,-0.03629501398196777,,,-0.005485126845364285,0.036263566577479533,,-0.12667713107787515,,-0.047501164020485764,,-0.07303559966618978,-0.14903578015917152,0.017258328864119488,0.08902723483199515,0.04859706788213436,,-0.02220121744510173,0.005847443927356144,0.024675281000743565,,,0.07896934650999721,-0.013803352570508132,-0.047427217334626626,,,-0.025763299438167353,,-0.028181726720696076,0.00927657351593103,-0.034511498169782384,,0.1226552260430489,,,,0.05800360714008668,,-0.021164092032338266,-0.025360756803932016,0.051684849001577104,,0.06102653072085529,0.032650205736023175,,-0.061847464617186376,,,,0.033477994968992286,0.04267636592405322,,,0.10111902118720129,,0.03278932647501165,,,,,0.00815262713142939,0.04873455350104705,,-0.01420815482135096,-0.025072568013243535,-0.00998220280237716,,,,,-0.05904914471657152,0.1275551488467619,0.050578561503076935,,,-0.07816958010632047,,0.018203776400084415,,,0.12543306179429603,,0.05584476348645673,0.0610250874931797,,,,0.03028903985251219,,0.08117854961618942,,,,-0.0593250183358347,,0.0677617939558548,,-0.07138479854388358,0.0321965995301674,0.07343601921949383,0.03438948776859552,-0.008788486158684217,,,-0.053939777739793304,,,0.06394617313307238,-0.03525166349256881,0.0117947026775298,
2010-05-31,-0.01612444278139491,,-0.07036741018897064,,,,,-0.12535503974885753,,,,-0.0964928421411454,,-0.08490156877685584,,-0.12008631460812969,,,,,-0.1355158039741352,-0.10876062677185594,-0.11721835546192383,-0.10567539713636898,,,,,-0.08297137159204027,-0.12624467230395775,-0.08376619413301545,,,-0.09382126858484052,-0.10765195471318167,,,,,-0.0714626611337551,-0.08497711149490617,,,-0.1148076965988547,-0.010661670017636848,,,-0.1399927535151253,,-0.06202615112484455,-0.08448258638219308,-0.05693227826508995,-0.12714860977826958,-0.035773900729581753,,,-0.09283375820286721,,-0.0516860042547761,-0.09966357998011843,,-0.10484615614244353,,,,-0.10344797077686185,-0.09907830146136665,-0.07255411063750328,-0.07243677415084027,,,-0.11079093190502587,-0.13308589983428132,,-0.09544194021948316,,-0.09186654275998529,,-0.07622236515360048,-0.003990011897377577,-0.18705848363558386,-0.03888765248606929,-0.09296136905519103,,-0.11468128478703377,-0.024014915274519377,-0.055557560131191175,,,-0.0913893786511355,-0.08503102734145351,-0.0704552147342884,,,-0.009141332996616458,,-0.03835385039435646,-0.07365383307801399,-0.049133060883787105,,-0.0873894000713038,,,,-0.04473934250502665,,-0.03378381026901578,-0.10322717934619918,-0.11167198354029273,,-0.09993574908834124,-0.04247266524558324,,-0.03852763941280646,,,,-0.10291243356592827,-0.15139401377711714,,,-0.04029965559785509,,-0.046502546779532916,,,,,-0.1275613374176291,-0.06936639478944506,,-0.03572539125963725,-0.07951577383115616,-0.01721342347879551,,,,,-0.10105954199962575,-0.06635895791510749,-0.09203906958033381,,,-0.07573053136968466,,-0.0957453816518179,,,-0.2110453858495417,,-0.053819600390972666,-0.03845493145726431,,,,-0.06753642053023534,,-0.03822961371100797,,,,-0.02502957845584608,,-0.06113077658838384,,-0.04091060382298772,-0.05134276025722173,-0.08598048999962316,-0.10496842322576794,-0.19574603685707426,,,-0.04775055316602328,,,-0.1321772825749442,-0.051943512590506224,-0.10180653110289994,
2010-06-30,-0.020826785747090182,,-0.0164005482211238,,,,,-0.036794772381144814,,,,0.015836551161873214,,-0.12912481640666507,,-0.05975021677164183,,,,,0.00022673932741668068,-0.022281042117956118,-0.08644739586072459,-0.03084248124331035,,,,,0.08830826467335928,-0.09227934478293454,0.1295534938948626,,,-0.05050551441820639,-0.011355924644424698,,,,,0.00857994446850352,-0.03980095351765067,,,-0.05341324844965756,-0.058712749769876726,,,-0.07987899078494454,,-0.153335032478486,-0.08135932250329359,-0.005646889763238128,-0.11329295257725736,-0.029802110698151973,,,-0.0574504980604702,,-0.04363273233117093,-0.08407303820666556,,-0.05921606252013323,,,,-0.016321237004929268,-0.14066475667661726,-0.15588879026410452,-0.15901978267432038,,,-0.13141686126615426,-0.1124429206149744,,-0.04565687046381872,,-0.07343681929847667,,-0.08376746388354106,-0.09004564827233175,-0.011276761572716953,-0.16517955099489257,-0.0874444983261129,,-0.05773765049462065,-0.01421045483702732,-0.09196997986315492,,,-0.10463407252660606,0.013035738892235527,-0.0750383347680098,,,0.009750568279605742,,-0.016653667209476253,-0.015067570629989313,0.021653381557511064,,-0.17494977075149298,,,,-0.014954572690069945,,-0.0112022743260487,-0.07427216467913844,-0.06742410190630199,,-0.004034967297702252,0.004989003149255655,,0.049503246677572665,,,,-0.14385787511921855,-0.10813971335589201,,,0.14920555849496364,,-0.06326631469317712,,,,,-0.04918026921609375,-0.06042744061465477,,-0.02337814723059728,-0.06368982663529199,-0.0181702272559211,,,,,0.05216824255234376,-0.09960160249061345,-0.07017859942890758,,,-0.07649045531368825,,-0.036657879856791364,,,-0.014425437899105442,,0.01773681918896619,-0.05033515166051272,,,,-0.004526736325025982,,-0.09829480614662789,,,,0.003033048308646036,,-0.04668268542832921,,-0.018947451584042763,-0.02687931009649447,-0.09353088045619984,-0.06519420423570954,-0.02359995792606795,,,0.018168342479168764,,,-0.10770318513224553,-0.04924880926598196,-0.05607007693010446,
2010-07-31,0.0227408740317534,,0.058909164512343404,,,,,0.15280058829766818,,,,0.03669150958198797,,0.07898590009148299,,0.13728276941843665,,,,,0.12443304736287675,0.08589654373071487,-0.0229646355605011,0.07701771149491954,,,,,-0.0008025333219866537,0.01889802158372289,-0.019701338269861313,,,0.09042622626355823,0.168877973065098,,,,,0.009235523874017826,0.1269328475343392,,,0.13635387965340007,0.03428834675186221,,,0.08259075802777716,,0.04978877419159522,0.12304778406182293,0.08389257558703633,0.15219330738063763,0.19755724353332016,,,0.06952372512436478,,0.025771305497689356,0.06629285850883404,,0.13389825185791393,,,,0.10165903786779218,0.26686561596568126,0.21564495965900932,0.17743529779546097,,,0.045936114939463035,0.11789204929098762,,-0.02800480880938927,,0.12198136261693993,,0.08967313394172916,0.14893008359586957,0.21710824964055853,0.015674470153107745,0.09812985978500932,,0.0637708531794452,0.03984450669573314,0.05912582708338898,,,0.0537789633964012,-0.01642463908625391,0.1017505355197541,,,0.05756184600453751,,0.09956065698601546,0.14251774411417473,0.06268660312573604,,0.021276705773761728,,,,0.05860042115707631,,0.04321423309679884,0.02567474048442886,0.11387741747162661,,0.08292214734319026,0.10578836425473925,,-0.014583714475510878,,,,0.16501808943295093,0.12168607711362678,,,-0.0945902599716707,,0.09015533786921592,,,,,0.10394584200916435,0.010110427471592853,,0.0649715689735837,0.05189387695709846,0.027653546536259288,,,,,0.11343812591401559,0.052851291736968564,0.06764832206961557,,,0.1595618705672428,,0.09536319039974872,,,0.07806279741621203,,0.07496560442188893,0.104891967689559,,,,0.09734223886935944,,0.043726254571601064,,,,0.02436559568554242,,0.06556590000361329,,0.07218283856015661,0.07423411411256042,0.14255599151469078,0.06935097485540731,0.036749225362061155,,,0.12589602408679368,,,0.08320313947949032,0.06490574085195266,0.04573328453203551,
2010-08-31,-0.05500458663345564,,0.0052974637876848085,,,,,-0.03377454976518568,,,,-0.06400116974265646,,0.05886845959709941,,-0.05994980754409496,,,,,-0.10685439250265061,-0.0974253517741398,-0.11253541048793869,-0.027872792183063377,,,,,0.046549119641568604,-0.03230976762756621,0.008448489625068722,,,-0.09512248628605602,-0.06580634952897624,,,,,-0.06507999502020345,-0.12172589705025638,,,-0.050525741565816795,-7.869621558220796e-05,,,-0.13350711128117798,,-0.12088615048754547,-0.01885851234583158,0.02822727535929026,-0.10830621039050525,-0.05113941563310287,,,-0.03413479525873553,,-0.03536563978527163,0.11095154107827865,,-0.052079940738852915,,,,-0.014210390244629334,-0.11589691748789976,0.006290653232620347,-0.05451227698911365,,,-0.08783687485056535,-0.10173740794104502,,-0.0447178066013999,,-0.13197517039608953,,-0.0718366083861981,-0.0898172282410552,-0.05297647242605763,-0.01590384833276004,-0.08209979836249348,,-0.1648565476785634,-0.0362919037007603,-0.1356895094677505,,,-0.05149455484048704,-0.009161688876614726,-0.09731842542383395,,,0.004366926159778961,,0.013972931255980203,-0.009098685828548225,-0.04405921536574742,,-0.022178820468277016,,,,0.05560229322782595,,0.02396451316219128,-0.14931053428050922,-0.10485050212658242,,-0.07594704139891117,0.007220549369106433,,0.020313126867541387,,,,-0.08521649041731894,-0.08581134793200385,,,0.09695838780952593,,-0.04942992289009496,,,,,-0.07614195895579456,-0.062235754572050106,,-0.011246630087548337,0.07248053898390383,-0.02436236439802475,,,,,0.006269338034015748,-0.14143798485687176,-0.11677405836021626,,,0.010825856820202873,,-0.07727939353173874,,,-0.10272168560615014,,0.038494637363885253,0.020618304047107294,,,,0.042020739379165395,,0.001799626777258645,,,,-0.028939325151055906,,-0.06763860447803582,,0.0417076290972338,-0.018696620283231713,-0.01133576096600164,-0.12970692878629209,-0.058012724126108806,,,0.016173526060504928,,,-0.14922616265713984,-0.014795327170940786,-0.002463762362561961,
2010-09-30,0.16721442679173637,,0.05877637159557425,,,,,0.09439282399219451,,,,0.07974129315126266,,0.25819118622479587,,0.08803545818009684,,,,,0.0541757421821345,0.08849987054148256,0.05220872514728603,0.12864380834319422,,,,,0.05154171645377015,0.07708178590181536,0.049504970630994904,,,0.05390880452495894,0.20748935030491156,,,,,0.04089949068919729,0.057309871359291,,,0.0953656532253373,0.14141602661049535,,,0.09554788942527637,,0.16641910165763063,0.09408772424384493,0.02176466392572496,0.13288138275904515,0.10750016839522547,,,0.017209612429744503,,0.07674317541889986,0.050366081475347046,,0.12883228103772537,,,,0.04567764366203719,0.08414506630978136,0.18613703776746338,0.09705693748811939,,,0.12421719123364583,0.13053964199007817,,0.11875578399849762,,0.16581626253835346,,0.16837019247866802,0.055868053216408864,0.1722793376499281,0.13874834431307725,0.12493618531551287,,0.0964389372073835,0.08941751774924178,0.08658746262098371,,,0.14791755443593257,0.08663594636095184,0.046754143750916466,,,0.020242337206851424,,0.05517727378940096,0.05461762042289764,0.08752590496703072,,0.09911210504285628,,,,0.019846672906302043,,0.04125765879361243,0.06772660772330852,0.021248492699214028,,0.10388318800537721,0.0935960357464034,,0.057897023500523837,,,,-0.0004053743070210336,0.04345963413233278,,,0.026802261862813426,,0.14915868951101752,,,,,0.22939617051983952,0.07678110721571074,,0.04301423335727583,0.07919560808166204,0.005027645391665558,,,,,0.1033323166141531,0.018042756022037976,0.07075060789740495,,,0.17832862562060248,,0.09231745069677966,,,0.1552593179532631,,0.014990783306028543,0.025317849769251444,,,,0.05808311531618093,,0.04456624370332474,,,,0.07117467105181507,,0.17897473634118932,,0.1109546644027819,0.12146976971451928,0.045297571505757084,0.04180604683052791,0.07654373589708086,,,0.10362381104847906,,,0.06666639355084159,0.06741082464081849,0.04533925051190746,
2010-10-31,0.060722681013265056,,-0.0094664497332283,,,,,0.08083460096149953,,,,0.037742328152789995,,0.052018360628662386,,0.03486462421193237,,,,,-0.00890103711122514,0.061617096942353955,-0.12595459005519005,0.06749128120152093,,,,,-0.007746328612441511,-0.03748833295808496,-0.037735882136743504,,,0.06649608158613396,0.00448575953991015,,,,,0.010320699712673687,0.1471552952796653,,,0.043479725516070156,-0.02352731455326129,,,0.0438357288289295,,-0.039814384347617415,0.019123811550147085,-0.004581101867777049,0.12308817429267327,0.10060206583088083,,,0.09154067826378154,,0.004325259757129052,0.22377032072344627,,0.04253683850731105,,,,-0.0413338774967672,0.1544119923177769,0.11358349303687554,0.025965169140736988,,,0.09177208058448683,-0.01415301327817653,,0.11401294535718098,,0.0,,0.1671961287815964,0.11446964408337634,-0.03658869837111134,-0.024620965920840843,0.07214382489422855,,-0.0007131866300462697,0.07052395702715164,0.044270679037576866,,,-0.02849878833945907,0.028728299582166716,-0.010022279425432656,,,-0.026287907648428588,,0.04784746974331533,0.011965123202420491,-0.036408196991344344,,-0.037710383464378716,,,,0.04375284548383007,,0.04569026524457498,0.05615004859403294,0.04889508588783742,,-0.028716506900788308,0.05828508738753557,,-0.013583041153464537,,,,0.009785954883460235,0.08901538878820991,,,-0.031045842560138315,,0.016221893161326717,,,,,0.09623873144680561,0.004214283636512439,,-0.017158254367641734,0.0145599021486571,0.06817900234716023,,,,,0.04444885004045629,0.040296843732270604,-0.029531183134770655,,,0.0006655402800930244,,0.049697675278116415,,,0.13439384321568504,,0.02914299124283337,0.03536753194922304,,,,0.016454596108444353,,-0.02806857735601731,,,,0.05950081154557596,,0.09436804572838708,,0.026773150052951555,0.07188245127972959,0.009746684914173853,0.11933377850515692,0.052517848556728364,,,0.011326225119939526,,,0.03742044675165279,0.01214548264129256,0.07606399142900311,
2010-11-30,0.03378963971680249,,-0.09372579727191133,,,,,-0.07346134594674258,,,,-0.0786852665293617,,0.061550575211672065,,0.06553163942722917,,,,,0.04245001037561558,-0.09178699008578695,-0.04366744280447943,-0.04673114353255603,,,,,-0.061710295408014315,0.0770148109629567,0.0015083301943750183,,,0.007194079839468737,0.07633594502873042,,,,,-0.007390913340506011,-0.02859919775503672,,,0.013133847683507005,0.07710714962259413,,,-0.16185469397995678,,0.02887525380355571,-0.011345108802738202,-0.03399562969883552,0.011024684603793355,-0.027343630047773626,,,0.010517644593702746,,0.08535821889959916,-0.024112303909512578,,0.009219805560332528,,,,-0.023178994663131225,0.1280960886984297,0.0688888021936378,0.04021749419481413,,,-0.02980075059465448,-0.011860640109731313,,-0.0799092263719482,,-0.03128009567980561,,-0.09449233821254843,-0.0288348830522982,0.18769582885614366,-0.014753722674980208,0.061831710058193545,,-0.0026158594750776976,-0.010525636083456247,0.0636235601000017,,,0.042688301607513246,-0.026048887668639775,-0.0061118754275264475,,,-0.02289220194823305,,0.03728832473317745,0.00777349406036798,-0.030468639424468313,,0.0637303143435568,,,,0.014695532103385256,,-0.06259698153257398,-0.0482542360401742,-0.037451007014528415,,0.00340346397270741,-0.055861768997670924,,-0.050675109270147733,,,,-0.016486081380054474,-0.04704883375497193,,,-0.03335506255316911,,0.057587739589908926,,,,,-0.07930555125009708,0.12132819560770147,,-0.01026031663303506,-0.05461957605163992,-0.03932680709729808,,,,,-0.02768777446647397,-0.0009277457137218947,-0.015346805448546053,,,0.04088120787042948,,0.012489758524762529,,,0.10966316922643027,,-0.003960839760839052,0.033981164149859744,,,,-0.02559615724838693,,0.10138350812875507,,,,-0.021920032837213554,,0.07541462538652133,,0.013037211057357112,0.03203578341759328,0.04857510598101955,-0.017355215618392594,-0.05324941755914314,,,-0.014470875684025497,,,0.046142662018404224,-0.0014767408578475472,0.05275992360603299,
2010-12-31,0.03667048284727237,,0.030101344849202016,,,,,0.0957287208798332,,,,0.04194408041714648,,0.02622571610389368,,0.10767398762295088,,,,,-0.006941138033323524,0.023365003946968166,0.21937784309664532,0.04921726900679646,,,,,0.04912848427699923,0.11893301470485507,0.00539659015472993,,,0.12619063032628342,0.1070921582315354,,,,,0.04990193456200087,0.09630777616658648,,,0.1317929638610833,0.06803728385098484,,,0.05584538170584019,,0.12161305243973564,0.12695974287737655,0.02865384552544037,0.09973080709848126,0.11645840099783733,,,0.03862705175359826,,0.11494625550119109,-0.04495553587445311,,0.038133689680922345,,,,0.05765783146018544,0.0533249815813539,0.19592803700825145,0.02074194050125744,,,0.07368772920859068,0.1645089816344738,,-0.007123263756621756,,0.09399771968648496,,0.06884874400966878,0.07698232658007464,0.08158944569446458,0.1605430155533134,0.0694026467501514,,0.005942437366764031,0.03746669216836507,-0.006143318253460928,,,0.12828190765192016,0.004873956189197504,0.13422450923447538,,,0.02955156166316497,,0.041158931097261764,0.04211991889926492,0.04099800882220661,,0.10484586196057322,,,,-0.019668311556598983,,0.051221749821307005,0.1061736110905831,0.16487543584103803,,0.027625768142870433,0.0415010114282659,,0.05670413002568231,,,,0.11242867945280866,0.10490929248868297,,,0.04671299595230938,,-0.004722373748286657,,,,,0.15711655996940554,0.1172018650240012,,0.01839402641762855,0.07423342729389981,0.05338149143319737,,,,,0.04000081039962722,0.12757643287880738,0.15844521515590704,,,0.057026576703286036,,0.04583536186727155,,,0.07964803536117171,,0.01352062548285815,0.010050643036374707,,,,0.05721495789543707,,0.056024091567488554,,,,0.03867586893103803,,0.022012272638528563,,-0.007967421365422611,0.02829891515424454,0.03493520207280598,0.1362364060524568,-0.04698701720081633,,,0.11777568479690248,,,0.1389199045836642,0.0025558997250128,0.05117868598562891,
2011-01-31,0.05195953656946495,,-0.04864984828934815,0.06145598350387482,,,0.03500436303640142,,,,,0.0032786072852708514,,-0.05755551656087243,,0.0022688917096822525,,,,,0.014874158457605535,0.06466464041615949,0.02923544796431643,-0.042078285428160056,,,,,-0.03710234433839288,0.0370495487593514,0.020471843429701764,,,0.019027710873415593,0.04063816572610346,,,,,-0.03834070555474822,0.03999990938217013,,,0.04933972158102007,-0.005124040754767245,,,0.045476943790563995,,-0.012882387399114847,0.04032925265156284,0.019194481701343857,0.03925009501862542,0.09452112764649656,,-0.023532205621655033,0.036256960248338466,0.003930733633392913,0.12966522003456538,0.09090909930251145,0.09250790129007891,0.029910687044638395,,,,0.020893150123051374,-0.050029856360398806,-0.09069644088335249,,,,,0.10114808319798274,,0.05905105939369548,-0.015229886641986656,,,0.010758043191118949,-0.02699773735044042,0.1021311122740578,0.0487730107859059,0.05361169420332357,,0.08527321507702923,0.10384296653327296,0.020447248876693802,,,,-0.03362925126740668,0.06062219444120043,,,0.026808430316825005,,-0.04439726853550041,-0.025453101863114003,-0.007705517310212073,,-0.006714101727120392,,,0.05601779326846956,-0.04025503338881997,,-0.02983175797349369,0.03946708991464276,0.029927910247068645,,0.018771596898701226,-0.04508533705605766,,-0.07963392317603213,,,,,-0.006449434849611024,,,-0.10353278815658262,,-0.034417953069136864,,,,,0.024966239063406448,-0.014475213788144203,,-0.015612923638126719,0.040548294088043946,-0.011378475090281892,,,,,-0.022040287385842516,-0.010254031906546945,,,,0.09375697779637893,,0.03277432080243492,-0.018674266031086795,,0.0657482712940165,,-0.015956244787051155,0.01969998935809114,,,,-0.045176681263057294,,-0.08814247572641398,,,,,,0.04735204026391493,,0.13680385410586804,0.021260158890445524,-0.01322711454105463,0.0011121089296197706,-0.007530340071251529,,,0.008593908111234949,,,0.04614376401775466,0.0396809718171689,0.10339229743194145,
2011-02-28,0.04093457457399885,,0.06510184746969938,0.00019430261874120447,,,0.04384095391181986,,,,,-0.0680834593261862,,0.02151613746851533,,0.04406837283574472,,,,,0.004380006971909101,0.04243458717186188,0.04078674583852404,0.09610214721808097,,,,,0.02501970997409564,-0.02689690037050141,0.06764524500668956,,,-0.029046199340491574,0.061024497510010045,,,,,0.02279555845852399,0.1323075527379287,,,0.0993809626677864,0.04392475745236424,,,-0.12245863442783333,,-0.03333360806932595,0.10113019226837627,0.04800174341961427,0.04735072589009692,-0.008250912021117163,,0.09856745002936629,0.12528961860695254,0.01993475327500449,0.031007119170995745,0.10375493276660341,0.07002534903661495,0.018979263938085245,,,,-0.005577445171843554,-0.0564263074032233,-0.02620688874790278,,,,,0.0459173378241029,,0.01563309076909425,0.06785465499209464,,,0.021720328336431338,0.0031036791257992302,0.04511056283574599,0.019037914392897815,0.039958582516409935,,-0.04508642645847605,0.0032156542360199936,0.00893568061010619,,,,0.037236863129232356,0.038940841609648835,,,0.018074681538629456,,0.01702449745372392,0.06814274259011976,0.007824238476384915,,0.05524237866131543,,,0.01712409392122094,0.03568405310681988,,0.041543840102304275,0.04175333372213852,0.03473878419024867,,0.05533127046858666,0.07911580498796922,,-0.018088438041933608,,,,,-0.03580585656008817,,,0.0036313763521145237,,0.07941289281481301,,,,,0.027162054515236678,0.054716898189985264,,-0.013838777060387164,0.06708585058158745,-0.0012672691447788154,,,,,0.0967859122367225,0.028333321924937316,,,,0.10428601643957269,,0.032719760026761024,0.05017842617552959,,0.05269342252709497,,0.02542758823286717,0.09290083928883264,,,,0.03125036693771244,,-0.03715796424286644,,,,,,0.05013274844405369,,0.03727165886014472,0.012400310384963475,0.03767363955863434,0.02703720186830627,0.04791991738557422,,,0.0364968982069942,,,-0.0034451107994145636,-0.07294449040310402,0.0657000638376537,
2011-03-31,-0.01330600359862788,,0.019750729573794423,0.06779368059046975,,,0.033512761061122553,,,,,0.0413018652031405,,0.039471406116217134,,0.050553412069824555,,,,,0.037410762154688415,0.02666310668849703,-0.06650979681155245,0.017604546711683433,,,,,0.03676854081074321,-0.017111155279081358,-0.04181944978148533,,,-0.05555512190074052,0.08180332121490608,,,,,0.0285282769551225,-0.04037272492921051,,,0.02555556550439264,-0.019655033183656245,,,-0.07273333863329068,,0.038113121383360316,0.03604842281417553,-0.009667666285017251,0.020007930717963918,0.07881165416627645,,0.026091565551993767,-0.01486038907939724,0.008893576335144537,0.005477140453048257,-0.0737091211703873,0.05382726582934527,-0.020616719460102795,,,,-0.01245224092509234,-0.00930194731836853,0.04910295546550336,,,,,-0.04158687399018357,,0.08953303893502707,-0.015885586662086948,,,-0.043430035884951534,-0.03162728125130754,0.06178118913158892,-0.004190147331248895,0.03108318516675257,,-0.05916410059269295,0.007351217140944222,-0.06008398833531314,,,,-0.03564453842258464,-0.01263636066081153,,,0.001144759214467106,,0.04538538386916402,0.027582169213594465,0.017650609087661584,,0.00993479015540455,,,0.04639186609990853,0.005417520457549063,,-0.005914807830579738,-0.014278978766332884,-0.05553163860872268,,0.013769580655786262,0.041449840220856515,,0.025352278114338933,,,,,-0.044770217728881456,,,-0.009598547088809917,,-0.14673060769084967,,,,,0.016109589371516186,0.029286428211519278,,0.023381273318088702,0.055613711000614297,-0.02299785352229966,,,,,0.05613400256726497,0.020907579950924626,,,,-0.07972512856872638,,0.013286919161672683,0.12037586576324588,,-0.001712620845555346,,0.0,-0.026172149838204373,,,,0.07857651897622797,,-0.04833444567028489,,,,,,-0.029486226398289128,,0.06458659978092762,0.030604873261560694,0.007046163269229577,-0.042425921928246346,0.007803162762963112,,,0.04387889314931814,,,-0.014856418988334008,0.008365080174224993,-0.016368141615699217,
2011-04-30,0.004647965747613503,,0.0710329149374469,0.04773745606466262,,,0.05944242093476437,,,,,0.06361080554852472,,0.087048178737823,,0.019979349244099165,,,,,0.09016117841815241,0.07912851181464986,-0.07876990635549486,0.058210864761492065,,,,,0.06318574792460141,-0.026053618022123692,-0.003945883205761613,,,0.03846152029681993,0.04077779696580186,,,,,0.051959793574080315,0.06504910262908203,,,-0.012146184365571577,0.10324613498426172,,,0.02157414773672639,,0.059082817164232804,0.018141150909103843,0.038479279410899014,0.0858276647244538,0.006295537242396287,,0.06435450732895465,0.00023196154229010446,0.02754849885054811,-0.008390469986261473,0.10792482524617153,0.10030088932153758,0.04004788252040625,,,,0.022551295686997763,0.03755868786230887,-0.004908161464610483,,,,,0.019950392241218973,,-0.08547239428519127,0.06370740316188095,,,-0.07270427339622998,-0.0478570114092316,0.012841280523216092,0.0024282209358277296,0.025456191758684632,,-0.014644507827959008,0.04605390347937699,0.14717580342494374,,,,0.10919840869465713,-0.004827111938237816,,,0.012103322796600091,,0.016882874653326274,0.04744108942190817,0.052317452780415996,,-0.0027552448183418843,,,0.09664481523068003,0.02917571751915693,,0.0711096709642356,0.06710904658565409,0.04605358564934625,,0.03967939119466113,0.03111765632007013,,0.08906427976360343,,,,,0.020874252471501098,,,0.07383654567682885,,0.08745090373887554,,,,,0.07760818743610609,0.09378899740691171,,0.0695542258338604,0.03249592419176972,0.06230884362279587,,,,,0.05805303492407998,-0.004749235276373831,,,,0.041218532140365305,,0.0582397391306666,-0.020297684716682585,,-0.037636539517059364,,0.037009108842701366,0.06886863351877381,,,,0.035870735498969575,,-0.018196743014441186,,,,,,0.03180331017052862,,0.08915892693496197,0.052272789049818025,0.00874603339922464,-0.023079894865722483,0.061124456007574324,,,-0.007095317237236887,,,-0.08199265898571095,0.05629212354690161,0.045762400143861015,
2011-05-31,-0.006569006118863574,,0.004035165365988913,0.004551118917559549,,,0.013797281520947058,,,,,0.06490737514208589,,0.004494216538089457,,-0.06575738134649689,,,,,0.05134480122947771,-0.016770052139132963,-0.0431596842330817,0.0460458668207131,,,,,0.023487724206175953,-0.02935093146550316,-0.050780350563796706,,,-0.10326438554247541,-0.08326837274860921,,,,,0.037699881172809535,-0.03700868394450163,,,-0.06338237662167145,0.022640828851898,,,-0.04109587882173016,,0.06819418751474426,-0.03398009373576727,0.03869332570925854,-0.1185653131423493,-0.11712835404340105,,-0.012852863595680497,-0.034106818761658,0.018167116997087174,-0.07615358665539762,-0.09363181119962183,0.017970892256601312,-0.0967251703002393,,,,0.004946434940333644,-0.03555306570467753,-0.052250261314978674,,,,,-0.03960898427980164,,0.07466559500685133,0.03084484813938171,,,-0.027715638472698312,-0.06567521548609123,-0.004769552588889336,-0.02341833664330839,-0.0219157938542226,,-0.07406485043908506,-0.005244434263280473,-0.02000999171518758,,,,0.032769725164109254,-0.0523776833741878,,,0.033908610414629115,,-0.009635509149186872,-0.005449940936694708,0.05304517244493745,,-0.08038091314623919,,,0.04045103513812087,0.04900927249956033,,0.041083558313456336,-0.02514972187207909,-0.057490866404639296,,-0.023389638548830582,0.04545462897377184,,0.022252775771082423,,,,,-0.02878380471320341,,,-0.03480638042101414,,0.025874230340232396,,,,,-0.048386975168271396,-0.056348286818921456,,0.03237045270449124,0.03279211144724736,0.03235734796641809,,,,,0.033266246930760746,0.0012834634282772317,,,,0.03020741881839406,,-0.014820715664284112,0.019927866242633874,,-0.04209182584846971,,0.026639046556488966,0.03783080882738998,,,,0.0141390228264473,,0.01367726812514869,,,,,,-0.00647307073435921,,-0.005687850750796475,0.019216355182000155,-0.012865352536960084,-0.008520408584635097,0.03956915053129695,,,-0.02249868620287654,,,-0.021441765889531617,0.011010526403857579,-0.04588057104155896,
2011-06-30,-0.034959487394932265,,0.0070814216801027285,0.05279645105974606,,,-0.037554989580921516,,,,,-0.036173588436249404,,0.039656248639356795,,-0.009711024083434161,,,,,0.005571055811601111,-0.052543841823238124,-0.0664391938309028,0.008231985721320001,,,,,0.01870830570900961,-0.08858080884552444,-0.02124700027393256,,,0.011907669787724062,0.006238038438765026,,,,,-0.0013708113880399608,0.003962005950769898,,,0.026905468885664696,-0.015034189105150197,,,-0.07083307600415711,,-0.028689332709168736,-0.01973093669176662,0.011525233750064645,0.003547229146117381,-0.03727847154559749,,-0.02787540978878944,-0.06221455649194829,0.004266417789616339,-0.060558770648888705,0.035290464351729556,0.01099358783007065,0.031163890483387746,,,,0.023655814351365656,-0.07573716242949058,0.024399250105202386,,,,,-0.03181769086255071,,-0.007906271304669144,-0.06411895793701072,,,-0.04279617158727633,-0.05428799507956128,0.016949374053045085,0.005850016553862192,0.0006721991662288485,,-0.02289083464950581,0.015509449340354031,-0.015549583724250082,,,,-0.011443260685000012,-0.053191666796797654,,,-0.015013104970054036,,0.014476308857858333,0.02908137031235669,-0.024688152854147605,,-0.03438276233527049,,,0.049782261335441946,0.03409384987050723,,0.015975018602290447,-0.05331692623523743,-0.005215189730194192,,0.004980167071158226,-0.045371729612046496,,-0.0293225857462015,,,,,0.03958447759343331,,,-0.04227030311020752,,0.0695187765244174,,,,,-0.03828168786051522,-0.030932952907981703,,-0.002478075801754298,-0.03962693343023993,-0.05119389419000486,,,,,-0.0607055763923251,-0.04501749197949512,,,,-0.030721626240834965,,0.008431461178163735,0.07338970089227925,,0.007933261334963193,,0.0074849519646675855,-0.015500908512094735,,,,-0.004753133642239393,,-0.052897191669682764,,,,,,-0.06997161238162908,,0.057217723968223,-0.00542982663788194,-0.007619830766728453,0.001579745788732989,0.0394768963390455,,,0.008123288108258464,,,-0.010927270322499849,-0.03766744151372714,-0.025039448513348384,
2011-07-31,0.1632852558926845,,-0.015841145446718663,-0.02118511460970096,,,-0.022589491916858995,,,,,-0.06255416835799932,,0.08817064190318913,,0.0038720655247479474,,,,,-0.03210832795970653,-0.04680097330291744,-0.11405117481763971,-0.02546445167463396,,,,,-0.01035945286704354,-0.014925662786395621,-0.04160745892361162,,,-0.07901043154914134,-0.06812583842763964,,,,,-0.02833232807514441,-0.047845861705135606,,,-0.034071280506213,-0.036804496334951975,,,0.026946889298431254,,-0.029462126876255712,0.011474187851205686,0.003729434697623546,-0.031388834528333076,-0.04778672391098415,,-0.07322125821008252,-0.01075855097762246,-0.012214137929643654,-0.001395881658963205,0.014874305406979094,-0.14244004085682072,-0.12728860935694353,,,,0.028711936752659595,-0.11457571009219569,0.005783867004287346,,,,,-0.05037093638335177,,0.022941582402675076,0.011765931705146615,,,0.19216805885576038,0.01412583843270765,0.07313718342944564,-0.035615449241199415,-0.10891121063275155,,-0.03379124892013041,0.0600406607598154,0.00767210827683118,,,,-0.026007129377079496,-0.005898665934518044,,,-0.01802905573684821,,0.010699795089741837,-0.04382363784676535,0.020516917961187042,,-0.06851267932340832,,,0.0068162001188230015,0.02561696950800041,,-0.024127175127736766,-0.058337603533437754,-0.06063391390332551,,-0.08128647578833248,-0.004165506794273854,,-0.03287061558503346,,,,,0.053845811986560355,,,0.030387360067410274,,0.0018893791860137288,,,,,-0.06915388182380133,-0.056324797537264826,,-0.09072858231477599,-0.06553391761456695,-0.024795712638341127,,,,,0.06589726691326336,-0.08371888469529032,,,,-0.03539364029371328,,-0.0640603224110704,0.015193391803888456,,0.045948583382726005,,-0.009143689414459644,0.03682376875465154,,,,-0.05137476521501816,,0.09763323997921569,,,,,,-0.08992380508146647,,-0.0378055034041489,-0.018390750702692804,-0.05087075529313878,0.021559974872718435,0.015191386048176492,,,-0.03971785790644644,,,-0.004276373523815158,-0.008091574059040374,-0.019537599387751903,
2011-08-31,-0.014469104039141811,,0.02318847602498897,-0.09384500949458097,,,-0.028354973782983794,,,,,0.018323037245846496,,-0.03276110304953794,,-0.16690917908000313,,,,,-0.006594837231190587,-0.044791974231422116,-0.15756163974760695,-0.037648717355471706,,,,,0.03803260753887394,-0.17682199866338077,-0.015774547631513758,,,-0.1901405734538183,-0.07885423136371239,,,,,0.06624783631754227,-0.10449601544471865,,,-0.054451970286902074,0.006892871828192648,,,-0.01878519948040336,,-0.012104460600086075,-0.04218563736743863,0.016188561677003888,-0.18411241432473935,0.0294231734564665,,-0.06719618988558784,-0.11807328580585008,0.03109992872906009,-0.13811949359320896,-0.057404337545787,-0.06291647395149591,-0.04437125064488656,,,,-0.008651796550149138,-0.08927122554500333,-0.11046080971009142,,,,,-0.08933537715447204,,-0.05854587772963049,0.014992933818653409,,,-0.10391098129460896,-0.13631554547585,-0.18758464470634006,-0.03729355017091551,-0.093061986505236,,-0.2598806665144331,-0.05054323598584276,-0.08972117154963488,,,,0.02463603442288753,-0.0714458027217334,,,0.05813956739109849,,0.035876857829547415,-0.0496910559650624,-0.006512040095478011,,-0.07645932263821253,,,0.08725471052901201,0.05251539290396079,,0.01861596388790221,-0.027184258435727027,-0.18466389087748136,,-0.04131929346501251,0.0338408726260544,,-0.030178630610946944,,,,,-0.023069449494133587,,,0.12605674467054362,,-0.03882410689458027,,,,,-0.08207972668899632,-0.11652042199233903,,0.014185091610195544,-0.003034503409292566,0.03561572055240081,,,,,-0.025993414722295216,-0.07644078596872406,,,,-0.05638483121238136,,-0.09772452311350721,-0.03324471935902251,,-0.13274715751591526,,0.04602996406031368,-0.018102311153822326,,,,-0.026657488756742564,,0.009751618016746066,,,,,,-0.11899194129687529,,-0.042514598121038194,-0.09580923386402962,-0.01859578184720878,-0.1093629294070726,0.029154545080648075,,,0.02493658837418211,,,-0.06171274768196022,0.016406266128935254,-0.06618858488799517,
2011-09-30,-0.009121200963373766,,-0.02609072286498393,-0.016980804558502816,,,-0.05044556018832813,,,,,-0.00794210016993202,,0.00464612139520848,,-0.22149982622590147,,,,,-0.09676110482324773,-0.09497465948329809,-0.2509182662986329,0.008641589084748436,,,,,0.05478965666237823,-0.10062887333917092,-0.026849302527022667,,,-0.1748790959077693,-0.18857142200356936,,,,,-0.014337099731931424,-0.027429481768624364,,,-0.06978118657807586,0.04570903537690474,,,-0.010848503437803525,,-0.0646060307651628,-0.06323394940492799,0.04164993782889237,-0.20275604187925822,-0.19632156341555385,,-0.08396193700991694,-0.11450389440292952,0.05711252874159345,-0.18047813795137202,-0.04470358035497579,0.035461586833571035,-0.11256699614526466,,,,-0.01182742277080151,-0.13039576273247933,-0.3536401878836076,,,,,-0.05788062566585295,,-0.027081327024899626,0.015300114230478279,,,-0.04791473183943451,-0.18645630345805086,-0.31214787371896735,-0.01527860002535597,-0.08157273289147948,,-0.1329398892618261,0.01721769465819012,0.060109320229014385,,,,-0.032066356244688565,-0.1980833974532482,,,0.03738822019484078,,-0.034480967551978714,-0.046009877746815864,-0.014396348675697501,,-0.029603414192901023,,,-0.038063765952724316,-0.02864727547787238,,-0.03309206935726616,-0.052181553634305544,-0.1663686258057806,,-0.13485157235122214,0.0014955154208151633,,-0.00021208710436138034,,,,,-0.06428592978842207,,,0.00996938552653015,,-0.009612829964505076,,,,,0.02386900115206192,-0.1710880289080836,,-0.039267381865166984,-0.06849274470130229,-0.00785195078132317,,,,,-0.08932099012476058,-0.038891448030695774,,,,-0.05499361387120716,,-0.05239061140024448,-0.034437531205970595,,-0.2354069947296651,,0.024419257882829948,-0.06399975491482812,,,,0.001404845855382364,,-0.05089953426404403,,,,,,0.01678780308844785,,-0.026096674208252235,-0.11391993366565589,-0.06291756613510613,0.01951250887476652,-0.024579224047331594,,,0.01741768565704338,,,-0.07586199736952493,-0.024252863800726887,-0.018778799590246642,
2011-10-31,0.06152331125652766,,0.06306538397826267,0.15759128387978572,,,0.10986296847011401,,,,,0.04203032231866399,,-0.012579168908284366,,0.2437135356626965,,,,,0.1320860674302453,0.08725858499503891,0.11601302397419966,-0.02066317552459851,,,,,0.0169455401280747,0.15184566904611962,0.09600224671919388,,,0.23302053873747108,0.28633375770688274,,,,,0.025548833864386555,0.12702457217447893,,,0.11077325836528473,0.01363728713739576,,,0.20022455877753598,,0.08543202851198473,0.13457193327082106,0.016151313186901772,0.24131770585475354,0.17546844550866258,,0.1528378204250136,0.15649882581751107,0.021510167166766347,0.17153701265072163,0.07934866841125143,0.055453625279908714,0.1648509296968912,,,,0.0417740086668017,0.2078598900041544,0.3315576506182898,,,,,0.09789764672370316,,0.0737113051194851,0.00913020017922106,,,0.1506679171782095,0.15864565869278624,0.22411519122233847,0.08913889135017428,0.19335002961254322,,0.185301143890358,0.05581334177310837,0.14995318849591066,,,,0.010990551233326817,0.16420960713594912,,,-0.018307395513921243,,0.011249246901685162,0.08761210697785193,0.005139163897345034,,0.09418509397241004,,,0.09537576585395469,0.0572763451300744,,0.0476472691852039,0.05308819660460862,0.25526572080256726,,0.1007102799045414,0.027601258121049188,,0.055045655419871053,,,,,0.06990773594776045,,,0.061636631146752885,,0.12676802100557594,,,,,0.14250232803723262,0.2998597764583357,,0.01696310989862182,0.08936678323268588,0.021078135004888088,,,,,0.12007044094554042,0.12222396959626969,,,,0.061072823870325976,,0.10830007687530663,0.13596122398844934,,0.2300351752669778,,0.019589165276330034,0.16784875737010352,,,,0.048790636508230456,,0.11643581282440785,,,,,,0.15945382160196675,,0.04054677401301032,0.21917467504845467,0.11227246557446624,0.08708589376019238,0.08796113093449498,,,0.018887009490015316,,,0.07421218833863796,0.0928714197844056,0.07517538055693018,
2011-11-30,-0.05578355130101187,,0.012623176681813009,-0.0386661343298923,,,-0.023695997297595084,,,,,0.016138080868177695,,-0.09938643423175819,,-0.0019072592558324608,,,,,-0.050967541862311116,0.050736822948267424,-0.20194250556702653,-0.06038512562219844,,,,,0.03577099652784965,-0.0855260907289982,0.011559228343484662,,,-0.1298126902983351,0.036205722027416565,,,,,0.012504046193245966,-0.033261831171368605,,,0.023977206567147746,0.02755498739753559,,,0.005936442160486832,,0.0690889792231606,-0.013490359968854726,0.010377238234947628,-0.006097558920241775,0.044137509410441034,,0.0006203243832603178,0.027809671185830442,0.033552999114397686,0.007852317899186945,-0.07037342596262619,0.023947541963008634,0.09442959194493628,,,,0.009986263299492482,-0.09246597111205246,-0.01639385528203352,,,,,-0.04787544424362189,,-0.04344681262422878,0.03685430382983346,,,0.011389664483519413,-0.12157885766892074,-0.012346447741304334,0.1041151942285734,0.04048150821279339,,0.05035643853220928,0.022345920816798204,0.024094780670667282,,,,0.014452929685624172,-0.10903359813276281,,,0.025247078479185392,,-0.008805953029615066,0.003245819015435192,0.031927317742227235,,0.14224555004650563,,,0.07864894536713218,0.036494324323046445,,0.0275728223716869,0.04864748888473547,-0.08519500905797284,,0.032809337481708,0.041379195302305494,,0.03623165017838703,,,,,-0.03219614656598546,,,0.03067444263617425,,-0.0017641038085408622,,,,,-0.043332315814740285,0.06412724928682967,,0.02497136064165173,0.052544698790835564,0.009063675318838449,,,,,0.09116948147478299,0.009309559750857455,,,,0.06613318072190655,,-0.011716908148481031,0.03045393467404023,,0.02903291070691827,,0.02767992115735196,-0.02506482143040134,,,,-0.011258691469315019,,-0.031971174151463666,,,,,,-0.020500961710308463,,0.016253441313411887,0.045155946037688244,0.028976255118835725,0.01289578488860399,0.042178550355787214,,,0.020281179869980015,,,0.002929003048708134,0.03843360047981159,0.03623179387474407,
2011-12-31,0.05965441695364304,,0.03079722277815322,-0.0811322408959596,,,0.06522354163767274,,,,,0.10878938319382736,,-0.09979721340026226,,-0.08909889401436233,,,,,-0.018110281031162634,0.06784099469937077,0.022057965624612708,-0.03595112177653692,,,,,0.07701712800736527,0.023124485978714304,-0.03123411652805208,,,-0.042576058357928215,-0.07437674143472517,,,,,0.009727044953174557,0.050858422805387216,,,0.021733110340433903,-0.023212364306218314,,,-0.030043040705770352,,0.049948340200000274,0.03481847870143895,0.028283894750825933,0.04696820043485617,-0.018846686743539065,,-0.02718687488219651,0.06359050277198985,0.05515558083029326,-0.05034353297654681,0.025008069233984243,-0.05749518347871563,-0.10832532515270199,,,,-0.021214053255141363,0.01509449943568919,-0.0709590640371689,,,,,0.13662914967633233,,0.02710185400775944,0.011513993879520568,,,0.077595541292937,-0.056645140365146784,-0.06222832638680986,0.07190211509709399,0.003693505611416681,,-0.07437288236593054,-0.021914423088652213,-0.026495124523495783,,,,0.013288142133439873,0.07361975527112197,,,0.0395226734246914,,0.04075567519097212,0.0532812047694875,0.09801852955548251,,0.05705928864759824,,,-0.004618770594192578,0.05035584116642866,,0.04148286076908447,0.04995856052575909,-0.009529755235714865,,0.008514036486574561,0.047632618712374564,,0.06720355798774835,,,,,0.014855194311824249,,,-0.12415377963347274,,0.005740074145718532,,,,,-0.18181801154659316,-0.048071124078279404,,0.036718740748869605,0.07822576807970338,0.033142178579122605,,,,,0.03988873374926882,0.06382552419441723,,,,-0.0018250962699938311,,-0.04582292345889061,0.0581872069301439,,-0.09318984481993342,,0.054201366761547076,0.038718642140328496,,,,0.04347798033668848,,-0.028083103914396057,,,,,,-0.03289042556543731,,0.042686797007501776,0.024465352828989095,0.020069460346675783,0.04839422899074863,0.047024642100246705,,,0.06334451656925011,,,0.06573872230576194,0.02094090086547573,0.05370420746998561,
2012-01-31,0.12711068177631257,,-0.028681386541228537,0.07721218905603622,,,,,0.08232776081287896,,,0.05793504340007538,,0.12328138902585839,,0.09335031323854381,,,,,0.06693251296082425,0.011315791681486331,0.28237465251239,0.12126076003259101,,0.07178549456985417,0.13209042200281407,,-0.076158640520406,,0.027129745898175628,,,0.16761638284184754,0.20979899945368818,,,,,-0.01170439641807075,0.12104602995456437,,0.08181544458620582,-0.06394930939124654,-0.012601912784465208,,,0.09045524175838682,,0.02767274887312987,-0.03082705420685139,-0.057272349310403925,0.1651602127726426,0.113768645631245,,0.11628358033973973,0.03733341770475751,-0.03136349902362434,,0.04187257575956482,,0.10281182036940018,,,,-0.08277611448626532,0.15880522599962976,0.2638297352347223,,,,,0.04466804487862963,,0.19374507051110856,,,,-0.10185787539154922,0.23266595771333232,0.06577836588616881,0.05589887356650802,0.06789300033368928,,0.08617996651572057,0.04742162407111805,0.08948421742067181,,,,0.005032016030096731,0.1298798112328865,,,-0.027188596211665583,,-0.03487206494809647,-0.006548396868508166,-0.043791704492869954,,0.06274026722113102,,,-0.04586730736487632,-0.012757851269597387,,0.025160448369139665,0.014739667057051209,0.1330978739150055,,0.06093287827867111,-0.042158768222018694,,0.01511987566294204,,,,,0.1375195841065091,,,,,0.07907011627481131,,0.08810101827000927,,,0.10226049978870622,0.06478115111563953,,-0.010248540968846531,-0.011090747804856638,-0.04746691299848982,,,,,-0.047272779866770365,0.027508601321230675,,,,0.07532018582209199,,0.07196666930651685,0.04151322176406924,,0.10042447305605195,,-0.015770165100719158,0.05366837560029736,,,,-0.008445609933689258,,-0.008004843605458278,0.05561585396997781,,,,,0.11820677569409677,,0.021902479689665633,0.07900732492534823,0.03361129960400033,0.04325319031934338,-0.008766002044096721,,,-0.049106275603335026,,,0.05986902158583374,0.026773934353602424,-0.012034072254170192,
2012-02-29,0.1883104060621008,,0.04542945014833255,0.03836770192341166,,,,,0.16367943199627089,,,0.006557179375271671,,-0.07585889544072666,,0.09152488626329713,,,,,0.054846325116161276,0.01632652419930869,0.11919046748883821,0.04776487402134455,,-0.012547653801030179,0.18419589705729944,,-0.002171332585817365,,0.0010207247525411134,,,0.08497880747108133,0.04664575811706384,,,,,0.027116080006699628,0.10647093823332265,,0.1071814913067346,0.13244491371777567,0.04904523558621099,,,0.011704778190351206,,0.08023962761512382,0.06629531326748395,0.019092030578652608,0.0,-0.037377034636379314,,0.006094321103347511,0.0794341620419674,-0.006752044720584882,,0.13101273135772473,,-0.013178116213580005,,,,-0.0047328380636016965,-0.003220902292681127,-0.07898702728923446,,,,,0.02717738327791519,,-0.06794921983589297,,,,0.06574613082019964,0.03604343807263821,-0.005165616122069783,0.07163826233562687,0.03283489692472852,,-0.09542503240281652,0.025420947146229,0.025541051831083683,,,,-0.0038712438860843967,0.052010749879928264,,,0.018446070181421748,,0.03450310844572013,0.02636577282075403,-0.00011808190913231709,,0.05777092034276832,,,0.1812018267140898,0.009362053885773935,,-0.00600509530768234,-0.011667689892531086,0.09114074355647928,,0.017083848472879692,0.05985939908222604,,-0.002613314094812802,,,,,0.08191497864386199,,,,,0.03779204498925193,,0.11557177206078095,,,0.036866869370703714,0.046106057527027566,,-0.03371234938185241,-0.002360271499337596,0.07265250976267823,,,,,0.11702568415837433,0.010183529656603296,,,,0.06076245174449513,,0.07655835367355057,0.016932960654639118,,0.036110007091586294,,-0.019853773981947653,0.004178540171052569,,,,0.040122358975432926,,0.12214588111867353,0.07753495040403391,,,,,0.02995673145331179,,0.07646235684692959,-0.0303515457391883,0.025329653156153542,0.04181443840363919,0.15851139064050201,,,0.01194899137458183,,,0.07562732909007286,-0.037157855408182616,0.03861311244540544,
2012-03-31,0.10528420770977398,,0.08267046544654244,0.08330524182856558,,,,,0.05509959034692091,,,-0.0005881399579509283,,0.1269964720047312,,-0.06939681256871033,,,,,0.0939688035674795,-0.007738677022994467,0.20075265925674257,0.03441323679275832,,0.08182363423555028,0.14430186005866097,,0.04911390644561098,,0.03441688569367396,,,0.09693860988835845,-0.0673322879850774,,,,,0.04936711488073864,0.020401548893402843,,0.10158117822964319,-0.007053961234852801,0.05507770069680373,,,0.06388337375850517,,-0.006651974735102928,-0.017503907627536064,0.014662430472982102,0.04112373522191781,-0.01900175647657265,,0.060483004215205804,0.04262923578464717,0.0043025093180713014,,0.03245673441921437,,0.037169473383002805,,,,0.007277323868756458,0.008077426102730545,-0.10620299648153109,,,,,0.053543543459353415,,0.07290291610928001,,,,0.037185612887830066,0.08016342580273772,-0.09065182167507868,0.06411100017382765,0.02484502150107404,,-0.05377928241669583,0.06059046229254017,0.04613117868301808,,,,0.013521752192547698,0.17176343397798388,,,0.024298869479102647,,0.06716302341022806,0.057042830014677026,0.02624828802246104,,0.10570833858632156,,,0.001285909158905918,-0.01188528566448932,,0.00602981219647436,0.02806914003845362,-0.031128591569393627,,0.018378806815074977,0.03958375808052472,,0.01723978716928709,,,,,0.016383349308650708,,,,,0.008181825595156678,,-0.03566383500724035,,,-0.0030769055739152673,-0.08266980324432915,,0.05417853359135072,0.07193564676799591,-0.006063404311261844,,,,,0.07029229345648513,0.08350106721736084,,,,0.09456343580196047,,-0.011088832446010666,0.15094743117167053,,-0.09895638024142495,,0.016745639757125952,0.07528733016423717,,,,0.020922012451690675,,0.027871457056095394,0.08467628211434941,,,,,0.007796302569011315,,0.0603198830045657,-0.02512480696639574,0.04844780430288842,0.08422262856112805,0.014007382478594455,,,0.003148899019173701,,,0.09430030024656255,0.04281741854145471,0.0026589918839032833,
2012-04-30,-0.02596934596934619,,0.02122376762494782,0.017856555461700507,,,,,0.10379489613761272,,,0.04619652901660998,,0.14512869305691534,,-0.04304027053616577,,,,,0.044215459908361954,0.03267496562458572,-0.1525598739807691,-0.0731012919700681,,0.06357138497488823,0.060376215780211684,,-0.0012392970737113984,,-0.008626057479659832,,,-0.09603266229353391,-0.031123347366208476,,,,,0.01829358980173157,0.016852665351125617,,-0.004664385131838866,-0.0576238551757261,-0.02885469746231184,,,-0.04319607198423525,,-0.00028062150343521886,-0.00606303377203643,0.019136617651150933,-0.021939596324957344,0.018046838768706053,,-0.03178546711283792,-0.015303725266875401,0.019990333727291976,,0.11165327787718016,,0.006899033773868801,,,,-0.005101071216738751,-0.092240840023602,0.015512052000411725,,,,,-0.02441419583226634,,0.06467444561868274,,,,-0.05674936094386218,-0.07413358068141096,0.031033739922915693,0.02941768136796652,-0.006388118820410016,,0.03902640266906143,-0.00752406761200719,0.009957237382428152,,,,-0.013037983173186163,-0.05912681003791509,,,0.06198400410504701,,0.031212200853864447,0.009245982776302286,0.027811777142941807,,0.00732401841097885,,,0.0761879507179537,-0.00662582321536942,,0.048934132254842444,-0.01923368256061897,-0.03534111231692971,,0.0016816323909680797,0.043407887969440395,,0.021874731503311873,,,,,-0.007439711550131234,,,,,0.03163014037752787,,-0.04668400127126926,,,0.010280827715769325,-0.042109064824114584,,-0.0052752772138728865,0.011037151384239774,-0.04510731904363341,,,,,0.010157049800187501,0.0349045460055144,,,,-0.06215096655415775,,-0.01567413945840912,0.026480585061328776,,0.06020294448198604,,0.022479560607270077,0.06809487875795894,,,,0.07360535710585614,,-0.005663646382209286,0.050365048894131625,,,,,-0.04460715493597933,,-0.047335991080551754,0.04614804598811073,-0.03196191042999552,0.015467110032843623,0.04220319201184708,,,0.07017739398787759,,,-0.02108975160666282,-0.037418468740760824,-0.004496623658661325,
2012-05-31,-0.010702323679798509,,-0.004350970478721128,-0.12086227134146355,,,,,-0.14252130612689273,,,-0.017361634490831057,,-0.08188875050079203,,-0.1517613548386184,,,,,-0.07274548900519917,-0.08829989090360058,-0.09249179709183775,-0.08644638902879331,,-0.0243265028017714,-0.17787389233346196,,-0.0008989824952110315,,-0.013548743060759594,,,-0.19739413629391334,-0.14741684387923248,,,,,-0.006468513964192901,-0.04744705833730134,,-0.07317707723019651,-0.032568139262284856,-0.01705719667712491,,,-0.1899802626808491,,0.007172127778189763,-0.0691179365379484,0.007642943286505055,-0.08323515048504737,-0.10308393528977344,,-0.041497371450075815,0.06031068256078931,0.03762987441036603,,-0.044612441131282043,,-0.10251846977537182,,,,-0.04272054786051549,-0.06382986260140477,-0.1634463551175419,,,,,-0.025025794569790594,,-0.039791939341823235,,,,-0.03966277671493912,-0.16493805202164225,-0.1215663207434311,-0.04168558250179344,-0.07643360878229011,,-0.08400659119191611,-0.06457367600984232,-0.08354549314333648,,,,-0.031677992359558815,-0.22871106659807794,,,0.011214391308624894,,-0.020833659805794102,-0.08176291691268645,0.0011199275040059131,,-0.15093739653362415,,,-0.10117876077228838,-0.07604461303033405,,-0.04013038651826384,-0.0356022190029327,-0.18928660209677262,,-0.04885188868211776,-0.0006211471196604368,,-0.04230402936131483,,,,,-0.08240050193399862,,,,,-0.02976886796977407,,-0.11892836821565655,,,-0.09965984113616144,-0.13100179106562637,,0.03607039114632182,-0.03551354012324348,-0.021213235158274002,,,,,-0.05585957407770936,-0.07388403797781529,,,,-0.0982853565655798,,-0.08647723678852437,-0.0402914029322885,,-0.1433807554583616,,0.010130333984196493,-0.0457503946594191,,,,0.03828652909976027,,0.004921058233864795,0.0208108381894061,,,,,-0.10832831088015993,,-0.006767930599179128,-0.003907326246016085,-0.03381390176894272,-0.0329501662313173,-0.06149173398395469,,,0.03120306902479575,,,-0.034764414148361955,0.12487986429215292,-0.08302460765152009,
2012-06-30,0.01085209983688995,,0.04337274892678589,0.05236413832948683,,,,,0.09972578800010612,,,0.048762476154079915,,0.07251884325323021,,0.07999490469326243,,,,,0.0426292076804764,0.06737550767904477,0.11292512268929267,0.057029551497306485,,0.10424477921845132,0.06239915565259424,,0.0782848872031443,,0.05002521661000703,,,0.03394977821940559,-0.030928990221233965,,,,,0.05900307979191832,0.11168338679109646,,0.06404494658690951,0.07131962929429037,0.09966384468561973,,,0.051439206214965116,,0.03983045788531814,0.07313628776250192,0.03726508009266705,0.02463494501466945,0.10142771054973543,,0.002614495499522196,0.06103718678027681,0.04913608850676532,,0.07195684431706861,,-0.00406264803833567,,,,0.017306892610301494,-0.0918556922262509,0.06335816761975543,,,,,0.10406221640118707,,0.026626338615750145,,,,-0.0013600719437323328,0.0016718962231097034,-0.05271058715456889,0.07397623416013532,0.0032339359701407666,,-0.10803753093576718,0.013893359220973123,0.03134642171079105,,,,0.0821726288981659,0.07782809934981572,,,0.06565323992183436,,0.05344430572453196,0.028879505883815382,0.047863031485271934,,0.0643711419235915,,,0.058055133603156284,-0.009066575391747489,,0.016955756686197532,0.051302943946144985,0.05614489355343677,,0.061485618724488766,0.08664204414007215,,0.12310510073259384,,,,,0.0479617896784863,,,,,-0.18857458239609493,,-0.03287239891678695,,,0.1220250470088653,0.08924408306340581,,0.04141508934219251,0.05166878170569644,-0.016696213167924467,,,,,0.04186778424600757,-0.005047219865897068,,,,-0.02844179897747401,,0.019160531364854183,-0.028602706125168464,,0.02624501182151384,,0.008494885746799019,0.055179657338951804,,,,0.043605461408198876,,0.004835059389036944,0.011069598444939599,,,,,0.007373897580557287,,0.05282851745343331,0.0710057049047832,0.050973835024124,0.040229613079797666,0.07317701443703273,,,0.06724344029060614,,,0.04336993373006548,0.059252151066299996,0.08826174296720457,
2012-07-31,0.0458225356775801,,0.03659082958093163,0.0034948143351565264,,,,,-0.025552926916825647,,,0.13290470581207736,,0.021677287456954186,,-0.018190873455072087,,,,,-0.005220095646487399,-0.0052488156537604524,-0.10268968095287112,0.10084686219117,,0.01004292075913904,-0.004183498924503204,,-0.0003076771069544515,,0.018120658510212717,,,-0.010214934736491044,-0.0019073777956065685,,,,,0.03740584917978773,0.018142161522082256,,0.03348000235686266,-0.014310413163650004,0.0124215794632061,,,-0.06670571734008968,,-0.028412927043187097,0.03867367145139711,0.00574070976407981,-0.08634934678554773,-0.05008071365384725,,0.014016914293677685,0.013195810567303567,-0.020237465936692067,,0.05451092052703599,,0.025547518750580478,,,,0.03987246046434323,-0.036496666798936594,-0.0023033570275381443,,,,,-0.004317973607781189,,0.05947732365995506,,,,0.09119593397794357,0.05257698395093113,0.16695994905879163,-0.015285814291561728,0.03957714439428317,,-0.09298895519494121,0.0020449262012540714,-0.03564691212582538,,,,0.02457051123688614,0.015957537429760693,,,0.03748384638189606,,0.033380139317465085,-0.045709669968304834,0.026101651116489988,,-0.10237744249044833,,,0.015709133921679497,0.00937533342965935,,0.028223612367962447,0.024616645423237715,-0.002593377131956398,,0.01819223647256618,0.04109982949267921,,0.05796372826326457,,,,,-0.03661362535392998,,,,,0.06345404672933852,,0.12197382446827665,,,0.018939431224110903,0.01469006951497942,,0.029295484940840222,0.04521738202600689,0.06285465692202563,,,,,0.04790273265044909,-0.026438997521343932,,,,0.07183873612953451,,-0.014431166966897724,-0.15078797856689274,,0.09782797870337645,,0.03995711243329825,0.031028833597475103,,,,0.08098131670767428,,0.042275047978885816,0.031446130702921904,,,,,-0.04453574799358595,,-0.12666666171198604,0.027659033511656883,-0.03999482054512793,0.041666961011340264,0.044002134336740495,,,0.027192614709624197,,,0.011064397193418785,0.06755570234391661,0.014958513215200364,
2012-08-31,0.09387670336940124,,-0.011612244367274482,0.021559039630838495,,,,,0.09785733848400469,,,0.02044734791646219,,0.06416629856391265,,-0.004296289808202625,,,,,0.010223418886533775,-0.02816720179458354,0.08855605316200021,0.0029053763903768015,,0.0052115099588105895,-0.08639351681266882,,-0.07275303753953943,,-0.005893446741895847,,,0.09550670731935695,0.01329967125616971,,,,,-0.009780172015012578,0.030107734939417208,,0.001592826930634006,0.04316698011693676,0.020500462976515088,,,0.19623799642926487,,0.006629209584672946,0.03173764165302595,-0.024144921603591274,0.018415511429050513,-0.022259570364726255,,0.014391597697029468,0.006715550554511118,-0.03341878292279854,,0.07155758391578693,,0.07001536153444765,,,,-0.05499303404869382,0.016322060882580258,0.07246828075593426,,,,,-0.0019283898908557529,,0.06184423760368318,,,,0.08234199804691933,0.0523752955163872,-0.008448741566796536,0.09317594747569724,0.013355039057083795,,-0.07456163492625578,-0.0015214268010881327,-0.025388832302616793,,,,-0.017007864358166036,0.0316669415379538,,,-0.03808562709620189,,-0.07425707669129744,0.016769758387075173,0.03157904278757617,,0.12258504825839367,,,-0.03131227830252403,0.009335739746458183,,0.045328699033205355,0.031456294596719614,0.10919766490665417,,0.02148217788751894,-0.05587987975079722,,-0.025356106343946583,,,,,0.052737802428084235,,,,,0.04677526179752611,,0.08990334394579946,,,0.04801331284648258,-0.023209923970565427,,-0.004125224926381121,0.001679372936589818,0.04105977674814598,,,,,-0.023403509916745557,0.0517768956548581,,,,0.029825685407563585,,0.08010566697184074,0.09988580126892632,,0.01948623340485245,,-0.04883489159842436,-0.004518978724917577,,,,-0.03375496233235764,,0.06280770851829276,0.036735739785667354,,,,,0.06607945906734725,,0.0628301741570283,-0.004707258702916217,-0.016485827581834145,-0.002686457172438317,-0.004667039832531139,,,-0.048737443946615056,,,0.01306993908987164,-0.019311451735249063,0.01171373047878066,
2012-09-30,0.0027959476512926518,,0.04607889658814446,0.1368505689208528,,,,,-0.0448585131134589,,,0.004409224663843858,,0.024368612817364355,,0.008396493437908159,,,,,-0.024699576750691232,-0.025210003713541873,0.10651449632080823,0.035003931659762566,,0.017873050286033587,0.023984186183434897,,0.022417761898309907,,0.0457671422570054,,,0.10131255781594439,0.008320864571071951,,,,,0.008559799849358951,0.06591081310513713,,0.008490853682130206,0.006867059331839398,0.023398034451220573,,,0.0010478861496641123,,0.06300807615361803,0.03922950553930482,0.008765229840644873,-0.0012123105276721224,0.10421041919403429,,0.029965378017868582,0.05680217452132541,0.0001546780007533055,,0.018959358729323972,,-0.04830435413333123,,,,-0.02440352881578145,0.05567445008508254,0.09609510980622149,,,,,0.10494641642101277,,0.14976588271667324,,,,0.10131511294971118,0.0752933461595886,0.02838899749162338,0.06378852154166648,0.02224158922947672,,0.018380340384946292,0.064665432114144,-0.08739429352429495,,,,0.021948695604814494,0.08992957266027912,,,0.035225920562380164,,0.021064424619485766,-0.010132098067853645,0.05566758768341584,,0.06179796636677537,,,0.06758090068107747,0.02525396873383512,,0.0034331998858609936,0.06050148659916732,0.009668815855486734,,-0.0019433761727150056,-0.0040420234941432875,,0.057594224078198364,,,,,-0.03439320807725199,,,,,-0.025164280392681482,,0.018094103573241815,,,-0.006003336489698197,0.01900877044790872,,-0.015612223013687254,0.04149205696340208,0.03229673817711487,,,,,0.016545546127396893,0.015122210422411575,,,,0.02062970066801073,,-0.01953691979177241,0.02217301852105047,,-0.0006909842812421463,,0.01676548649216647,-0.043414716592121594,,,,0.028930103676729768,,-0.00967393951108475,-0.021838622024559662,,,,,-0.05096420335260954,,0.024575055151796477,-0.022562569888188166,-0.03034818201180023,0.0325396562752589,0.04701693074247704,,,0.06124870516313341,,,0.014692738104070902,0.01652890769243176,0.04753743830153323,
2012-10-31,-0.1075999989720049,,-0.037657966916240126,-0.02620844218790841,,,,,0.06526344698940645,,,0.026100047614768362,,-0.08426390830086627,,-0.04153102258084318,,,,,-0.012197724410022537,0.012069114718152418,0.055492635484635455,0.03915698532030776,,-0.07372159711174175,-0.07317433000009588,,-0.004848927024098226,,-0.02097504011487339,,,0.14272589105921085,-0.00834308239005388,,,,,-0.015560713046346208,0.0548956023668703,,0.05542911329959388,0.02351919571770633,-0.01727242623990055,,,-0.0954425970235866,,-0.03835824085022721,-0.054220708848417565,-0.0030218077599469817,0.011740419326603524,0.03601326408113281,,-0.062012197759048204,-0.060444012070495434,0.013891130252355222,,-0.002273910912159005,,0.003314314722345557,,,,0.005620845718721901,0.13733510892040557,-0.009980835908160235,,,,,-0.07265479035990163,,0.012815101283330188,,,,-0.09834324413155993,0.07661808632510758,-0.04155565623846902,0.016730337336364975,0.024937180767703238,,-0.18815944979788557,-0.062280009409144355,-0.045454529238636576,,,,0.02771712996409348,0.03724889437899792,,,-0.027162567318823827,,-0.01977297936819733,0.02242941234061191,0.0257322114782792,,0.0760420121937262,,,0.021576389176186428,-0.053950144862936034,,-0.036891540435021075,-0.029943777131739235,0.029889966659128353,,-0.052153446682279614,-0.047619112405659636,,0.011751512855223245,,,,,-0.04099474114170998,,,,,-0.0371930696732895,,-0.08001513759870538,,,-0.010140992858217457,-0.08250030814913634,,-0.021618856678764176,0.0008049554820837024,0.006467366858130541,,,,,-0.015343488622726387,-0.07193880759958238,,,,-0.06178971827384283,,-0.0016605358655338298,-0.0948532775948201,,-0.038711355682685245,,0.016273038871677636,0.002634436805027729,,,,-0.06833742822709676,,0.00441185784247855,-0.07055136395016981,,,,,0.02668588487775536,,0.010648046081069396,0.036478223472478755,0.023473294575341752,-0.0317785001527876,0.03336362852630903,,,-0.009615869088859919,,,-0.024326427756237834,0.016530851292250626,-0.0030620156218983396,
2012-11-30,-0.012374872672777926,,-0.007633603504346054,0.007565650639421273,,,,,-0.051531529599298964,,,0.031048289032826304,,0.08227061714183037,,-0.06806143288762123,,,,,-0.0012503622567939798,0.06099648514470357,0.05794005562382076,0.05811897906455399,,0.07872070830984024,0.15584631037342755,,-0.018646609766530098,,0.020034781557663583,,,-0.07517399194039909,0.005070023717838046,,,,,0.033727302709804396,-0.00879316065157798,,-0.04192746234202005,-0.015730437521417562,0.058818677083397386,,,0.11078249053007339,,0.002370707662696425,-0.033006604163953845,-0.02143760949498441,0.030374808731627123,-0.016268550618672162,,0.043301360814086864,0.010993648237609621,-0.0163319389627109,,0.09448808249161567,,0.04575804512616055,,,,-0.1407331087207222,0.025985630420739536,0.003343256500749847,,,,,0.0033228973160794872,,0.11640333493802357,,,,0.026561761306185705,-0.033503370066996,0.032827320791693815,0.06489204792512449,0.008438458276021077,,-0.06209375882746593,-0.01865070642918476,-0.08591478908433037,,,,-0.006683974843134877,-0.014395045606537149,,,0.027201578496217627,,0.026900702788823505,0.009415661326430236,0.018766550183339392,,0.11457676497495162,,,0.06020471202213962,0.01176881593945378,,-0.024858912492792262,0.012746606361199841,-0.04462533840773342,,0.04512623142506067,0.06320804042210604,,-0.029147794270635186,,,,,-0.059609694997489804,,,,,0.06675435288453446,,-0.07326998182140554,,,0.035393032913803024,-0.0474926035368074,,0.014009057785858703,0.015068572314174355,0.008521209559217091,,,,,0.014904950567850905,-0.035395484655544096,,,,0.08547993658915409,,0.03212023863470259,0.13476708492109157,,0.034079866745462706,,-0.06040993770301284,0.00676924895730413,,,,-0.013298584792224677,,-0.003988548832786987,0.06802233586034534,,,,,0.04912757198559836,,-0.028749995059798916,0.003632736241278689,0.006248286082850774,-0.028605930011050495,0.08141834942873638,,,-0.011649036249425482,,,-0.013862742756356572,-0.039989255880776065,-0.027181942913542034,
2012-12-31,-0.09074241070994671,,0.007692323653141209,-0.02090695737165449,,,,,0.06549937283583485,,,-0.029279071649709776,,-0.004681612016455339,,0.0182909897880843,,,,,0.028264778198934026,0.014539773820293034,0.17867400147065138,0.012873630840271044,,-0.018244022318832265,-0.06453651292039697,,-0.0012258891037744135,,0.018392314753748584,,,0.1443456073060847,0.05732264093514905,,,,,-0.03649801824064114,0.008746014429632964,,0.00572852448356298,0.01844040413791803,0.01726795725559227,,,0.039132945446326284,,0.039561254488287956,0.023180344367249806,0.013500478206682764,0.08155695310356181,0.033693176506906175,,0.03624456643924168,0.018014249677923422,-0.00031340119303158165,,-0.03445697628238942,,0.05434995528215869,,,,-0.015883569966841038,0.13100453811359158,-0.12330179976531097,,,,,0.0024405625618808546,,-0.020666601182383504,,,,0.012901382685271079,0.08294435888786555,0.04301764536710806,-0.049485094241786376,0.034893245006113016,,0.10748518401846696,0.007786106609071863,0.05365319806238533,,,,0.005306380007769285,0.0703505973418963,,,-0.0064808482625065,,-0.044040174233684226,0.02623303828653034,0.005709731584405242,,-0.015793652566447935,,,0.005320359441444378,0.013442102051594018,,-0.011935728878318175,-0.01990756410361294,-0.007532041231784414,,0.020890676609661485,-0.0573989352772073,,-0.0669820846229795,,,,,0.0033809967229552207,,,,,0.06325016119313442,,0.002626590197342127,,,0.04122041569598944,0.02605293440736478,,-0.017802693825830773,0.0023982382297424998,-0.02778181814657621,,,,,-0.06806443698311349,0.03865367229356953,,,,-0.02381881574343714,,0.023717385238148925,0.0339313104419352,,-0.03239343387575899,,-0.01699201770951919,0.03917687690090932,,,,-0.012305853089478735,,-0.06272789911102883,-0.04262546103846632,,,,,0.04818451439254279,,0.0012173832275874652,0.02394523267115689,0.008480006520710903,-0.0038978500019559714,0.012490802356171393,,,-0.019265745199168016,,,0.03544372250866945,-0.04736694408071973,-0.018039440124528405,
2013-01-31,-0.1440895205451057,,0.08253462562635283,0.08105268665260112,,,,,0.07167188289161297,,,-0.00858427984879806,,0.058317030737074615,,,,,,,0.026711010384190104,-0.019771870467657604,-0.024978139452494386,0.0177016068617053,,0.0663387786963654,0.10490183257711005,,0.12096843194587148,,0.08060204685520089,,,0.06597649645811865,0.09798013033120956,,,,,0.032946020912581364,0.01927184767698753,,-0.027792002355523038,0.00017263996439531581,0.03656398801262051,,,0.046819416393290236,,0.06353740150315734,0.06482375119583783,0.04459476263914852,-0.004020791317176919,,,0.07209277343535558,0.08214515687128054,0.0774293045581238,,0.09745114791701481,,0.0810042461331757,0.03610067517523419,,,,0.007363671193284738,,,,,,0.0614571391512686,,0.0742003796761106,,,,0.06829437711234632,0.15914074744356088,0.17267261851507199,0.08197265454369762,0.0751533664468127,,0.15859610498127763,0.06014122776425257,0.0203689772380089,,,,0.05449317213044935,0.07739819547668825,,,0.060167887749900784,,0.02731052348822116,0.008405689459473509,0.08860471057773966,,0.07983829935787679,,,0.05582247219124992,0.08026284438432119,,0.0919450619555433,0.13603180454249464,0.13357608759954775,,0.08292951002076188,0.07124671125192883,,0.056424182718190385,,,,0.19508378116971148,0.027705336281777626,,,,,0.04748055050431921,,,,,0.06572623702080538,0.15219935892865655,,0.06459164822122876,0.09722617530158972,0.11606074735572536,,,,,0.054041558334923856,0.06683224242178953,0.08531786711717682,0.14067786200653987,,0.06724861154550776,,0.06779651230986983,0.04642910941290568,,0.12626261910922,,0.04466500209702562,0.013220679762284693,,,,0.049710385703381155,,0.020956501986978848,0.06431119824783726,,,,,0.07774728415416932,,0.017883457613958598,0.04565725410556776,0.07541036605575879,0.036317810672001016,0.04175993808488321,,,0.01960787639120465,,,0.026291626767587672,0.025209311547902402,0.03951492523678679,
2013-02-28,-0.025285843392826468,0.006268472684376913,-0.0026562571099448817,0.03435795949865361,,,,,0.004757750588801457,,,0.07709535976373338,,-0.0046327380346018465,,,,,,,0.05679272601602392,0.0477046293674972,-0.00705851581210204,-0.003537907909620386,,0.06573548428030906,0.005310122717408161,,0.022965920326403877,,0.05395649788989387,,,-0.004506413652490826,-0.06118516704838217,,,,,0.06575416898330855,0.04490567327067141,,-0.09313856406791976,0.010517165410627083,-0.007618332392223981,,,0.014098007236827748,,-0.0015627554930914833,0.02528923435912489,0.04549450413553746,-0.014907074937721587,,,0.02786576494773385,0.01317731635808661,0.018631850958493734,,-0.022511878040093802,,-0.0025658437044913107,0.005841282766726463,,,,-0.02625487759025047,,,,,,0.050718427000339794,,0.08288959037645771,,,,0.06022316286303098,0.016291447028727202,0.020402889009050407,0.023610473843223678,0.03327889864547573,,0.219867121279401,-0.006867462041799111,0.003060967270220427,,,,0.03786236281904243,0.03974474641410852,,,0.05329064627602276,,0.03974252821307833,0.024281965989365606,0.027424551375210493,,-0.0010473810474154188,,,-0.0011186095569105658,0.014520561377309171,,-0.005397851925862396,-0.03519335821019742,-0.046264876517701725,,0.04069822866964867,-0.0038600326018337627,,-0.012023188023094322,,,,-0.010964596068468335,0.02113505643954161,,,,,0.011494590349241385,,,,,-0.03576431133118496,-0.0672935847078584,,0.04752132951671628,0.003298949775064619,0.013570991922889686,,,,,0.04072122427866054,0.009546845579531116,-0.03289103696288409,0.04455373154320941,,-0.005755813142374389,,0.040214649896207044,-0.01895676299945992,,0.0012800849123457692,,0.017634841362989873,-0.0012158065739873436,,,,0.03219298700772155,,0.04819296549417307,-0.002120112467044355,,,,,0.04081017373105,,-0.031878572467690436,0.048410369816950016,0.050144264715727305,0.026585978832150525,0.006741781957254167,,,0.06695692771514183,,,0.007177593821313888,0.011864938964092797,0.001690670808758954,
2013-03-31,0.002854478272003025,0.10455015797073797,0.04527993809105513,0.021651629816364037,,,,,0.02130991462331755,,,0.11971607684934638,,0.008400504093759142,,,,,,,0.08543855873141282,0.11638501980303784,0.08459494599799489,0.08148510621884597,,0.1579896558727445,-0.0013784806281678108,,0.11414662031289446,,0.019968610150798316,,,0.05408618374785812,-0.05846000896658654,,,,,0.03146032081607042,0.055038895498360274,,0.07681785427040788,0.037100815555666244,0.04758627447677988,,,0.0019179788372800655,,0.07570485481317935,0.014255273887325837,0.03892841638248967,0.013830452326791587,,,0.009342095028035624,0.04048360370525339,0.04823096695732998,,-0.00895620973361877,,-0.014638169745243346,0.01877351818281703,,,,0.04282275384153289,,,,,,-0.004306671825958341,,0.1455990780440597,,,,-0.008749423192256911,-0.017427973154235277,-0.023495692154224312,0.024287349740217623,0.07489288715898779,,0.19120112215438922,0.06209202972074612,0.04597729766427694,,,,0.07121325807102785,-0.029844335748665518,,,0.048099669741165973,,0.05198172697561243,-0.008085723936353095,0.038968378723916564,,-0.006028962636141388,,,0.04501560250330239,0.039520361810267524,,0.11740605526542858,0.044484283653955625,0.07279904887828903,,0.022211900167430132,0.03841268198037384,,0.04437282212065474,,,,-0.025277410123834,0.02913672043935156,,,,,0.0835475461271924,,,,,-0.05578282550845148,-0.04065271691062766,,0.0440803799966889,0.054438889505203925,0.011551938302715392,,,,,0.01988731601220728,0.06587557444756653,0.0615443132265332,0.11134065076901689,,0.02356968076283894,,0.0318055832812536,0.03828581090194749,,-0.03802159379015435,,0.042435014023771256,-0.0018884050419927245,,,,0.02172056229626884,,0.08719822529251564,0.03958151824101108,,,,,0.030496511770225387,,0.07450040494077026,0.03865523377436597,0.039322684894470994,0.004345361965048422,0.07060034075707056,,,0.056307454639767274,,,0.054447110195573245,0.06404062967567903,0.006253316908930051,
2013-04-30,0.0002712266243607431,0.13968152596812966,0.04925908878759322,0.08351785672876999,,,,,0.06697595078595509,,,0.01658350413852583,,-0.04758150928970917,,,,,,,0.017089781595776676,0.06476410294885016,0.010673265801761422,-0.038132916736057676,,0.13659016833941373,0.011377948991355469,,-0.027522221295093408,,0.020345516397999974,,,0.05470166664469822,-0.020192318357841188,,,,,0.017527267177532835,-0.011607245435866775,,0.05150101231977322,0.005824003712512571,0.021863812183160247,,,0.00904824377695923,,0.06221285890272332,0.026847239755138252,0.060158257515886326,0.06501248375624424,,,-0.01946908836619199,0.1063380430324361,0.03595566978457665,,-0.033751804605231084,,-0.006443547276031691,-0.05256670117029827,,,,0.04258589161476056,,,,,,-0.03589954000524964,,0.03473620203940797,,,,0.03825289135391796,-0.007339522097049245,0.058401631190366565,0.05116017140399709,-0.024021239158270147,,-0.13590573297555042,-0.05044551878580961,0.09661197305275948,,,,0.045381985490609456,0.03911572022006071,,,0.053174324086110225,,0.04673568217941293,0.02474455104148854,-0.024828454621359297,,0.017455930252994634,,,0.022955225915973987,0.024576343228961406,,0.027106760808814245,-0.00047185072110456083,0.025513057784512183,,-0.015050460444688385,0.06164608765519186,,0.06334816880947836,,,,0.010090979023871016,0.15693815887612406,,,,,0.07778345737861936,,,,,0.013918940151831594,0.1389568150497793,,0.04247300071409543,0.007276608100427406,0.0035559232489155157,,,,,0.03106427462026451,0.027468566424358798,0.024241399029214294,-0.12891272697071798,,-0.07977288031215368,,-0.022904680570869362,0.06830604806584462,,-0.006142444390107915,,0.027920034337207245,0.12304436315975331,,,,0.0372415579688552,,0.030825453391800206,0.04320855652603606,,,,,0.028550513183874804,,0.047544554088632784,0.03897200082205177,-0.0006981430927158749,-0.019157291119702324,-0.008125610585580478,,,0.10836385888549538,,,0.02676382441775771,0.03862103085008495,-0.012429347826876658,
2013-05-31,0.022419200675349638,-0.07296430868750459,-0.006771723393304341,0.008227203799380689,,,,,0.07339462782184047,,,-0.031052341474055,,0.06063589007672254,,,,,,,0.10671000842607703,0.08882223775736575,0.10966661323143678,0.006583362946794624,,0.08477601716667893,0.15508860926755652,,0.15835857405498466,,0.0728931529556549,,,0.11447335357016764,0.013345909995431615,,,,,-0.031236807532886823,-0.027360451465932134,,0.05983049902294324,0.02524471464573197,0.01388903415297138,,,0.1529632257190816,,-0.010313210609823598,0.014178449037535401,-0.08317142249362186,0.016219236103043766,,,0.014440430697037154,0.0038193379327557953,-0.10042621496109672,,0.03263997796496909,,0.042372187072917455,0.06553364754312296,,,,0.15209401152303603,,,,,,0.04620911045075826,,0.07582989810942076,,,,0.05657478500504887,0.11311152438231509,-0.02151048216190321,0.07239311673758975,0.07240622495990845,,0.18543673614821055,0.031870602886297617,0.02332803552196272,,,,-0.004895249918532407,0.11385401226937097,,,-0.06163391688721276,,-0.0552797175091454,0.0002625151562618555,-0.0316559664949585,,0.09604424960246694,,,0.031323985137718724,-0.04712585195770669,,-0.06263903871538168,0.092759359466281,0.14158435656792379,,0.059103541593816145,-0.011229854449309351,,-0.0063830269026670106,,,,0.16930028599258806,0.061774316062751966,,,,,-0.027257284024405304,,,,,0.030506652398151868,0.031481054166659694,,-0.020613765743158874,-0.055486662187353875,-0.00013050009241355465,,,,,-0.04895906611650991,0.05539179709415665,0.14836637236165728,0.09749600611791487,,0.030519462794369234,,0.045374229297522106,0.04130379500509829,,-0.018809944468804685,,-0.08002846373013761,-0.05927490669745894,,,,-0.06593708231830253,,-0.009911918922519969,0.04070707682033947,,,,,-0.008285144522657162,,0.04505251462934856,0.049603692491239304,0.007716352984895147,0.05348592497781146,0.05940088790222031,,,-0.1007231700707989,,,0.07607403354855569,-0.03128057546274521,0.023664184363091367,
2013-06-30,-0.11829337234979198,-0.031623474737291546,-0.048813393698600605,-0.12361468331322678,,,,,0.005398260964305068,,,-0.01860172762737633,,0.031537853678727856,,,,,,,-0.012548575423285024,0.034538609473788506,-0.057859703667824114,-0.008106613373183746,,-0.09385661724431393,0.028285932459523044,,-0.028689404834626453,,-0.01884808917007874,,,-0.07732265013658701,-0.03857787224235343,,,,,-0.009508922452488688,0.0393329945444989,,0.030855254456935377,-0.013694346524199874,0.00857405373159481,,,0.009121417524243114,,-0.006946457840705689,-0.035926512040336145,0.015042066032792123,-0.05717030170280335,,,0.024351714176165107,0.0011094835423062221,0.008516228691858974,,-0.04399240840357088,,-0.050817685675630164,0.019984306855227008,,,,-0.013392808002686274,,,,,,0.002367543071918332,,-0.058920641004831964,,,,0.010502750213526424,-0.06681865675279464,-0.00011934060647378342,-0.010247451391492968,0.011215790194845754,,0.021531729354183904,-0.08129051010808486,-0.00205893708759064,,,,0.019957065970787946,-0.03297296109834735,,,0.011598364474484368,,0.00993307583192804,0.012466837053454416,-0.07599697030407526,,-0.028733890757860592,,,0.007452801760037708,0.025163192050935645,,-0.027844696692577164,0.009017792571371475,0.03505983139306146,,-0.008343600367964554,-0.018808818917785186,,0.003781791416622715,,,,-0.05675676256723616,-0.010315665443018762,,,,,0.03276061506336725,,,,,-0.09088255343443952,-0.02415835124330301,,0.019724030955054817,0.02864460530842483,0.0029964677175224885,,,,,-0.03777176898859658,0.017867237462159125,0.058866105754552756,-0.11506693043161664,,-0.0323141238019905,,-0.020653046164879618,0.03753570447577026,,-0.014535279631975984,,0.005239560392641174,-0.05118962062565746,,,,0.01171730523366743,,-0.009208604958942934,-0.010866709961145138,,,,,-0.029518389222763286,,0.050111834656205057,-0.0021991371129238546,0.006751878295096825,0.03773037594379458,0.02587836633116236,,,0.038366509857880704,,,0.01775611776980046,-0.00467662850083983,-0.001326492616825603,
2013-07-31,0.14122518985659727,0.11025909762230657,0.05442085516069639,0.025708870036507125,,,,,0.018120747586735764,,,0.09760773087479246,,0.08473480201495254,,,,,,,-0.0102326985691088,0.025966310584675467,0.1353031001603071,0.05442450315017333,,0.013615278699446343,0.059274088926486224,,-0.024830279915741937,,0.03529310795443452,,,0.08692960581264741,0.012098137634459771,,,,,0.05111188592697924,0.08482723987040441,,0.09886961178053766,0.08346953029305082,0.06195177801406215,,,0.05875055701882248,,0.07936045269474246,0.06379914262517117,0.043822424246097835,0.08921339309520993,,,0.06382325178578463,0.023753135489682498,0.051851684365220585,,-0.0005800699760331041,,0.12522894634563397,0.10631300238263552,,,,0.09757022468034804,,,,,,0.050883699571217855,,0.19758086452237356,,,,0.008382639852031248,0.08449568016561915,0.08317332990833437,0.02013675464821918,0.0458785030899429,,0.03548334103572892,0.020564374403641006,-0.03673144792262195,,,,0.08898247789958558,0.06339090766770261,,,0.017089215045402062,,-0.000747880718005911,0.04350468010112496,0.08122931796271882,,0.0944246852769084,,,0.06394365919633516,-0.009292938544269824,,0.09603890210400401,0.07905072316659356,0.058129460765627305,,0.07389153879063426,0.0020007281279057487,,0.03702908708234043,,,,0.11580859987503223,-0.07817003280905666,,,,,-0.01193468750730442,,,,,0.05742869648705606,-0.0020169670727594458,,0.021396076003034725,0.05206589574839238,0.050805295513540294,,,,,0.029554099755150887,0.04911243738334292,0.08133649045451397,0.04396534542113906,,0.05680149466176898,,0.13589396675823395,0.0882309823430385,,0.1349421901902399,,0.01608864519562192,0.013551122622476486,,,,0.013175420550281425,,0.03470796290922573,0.039552008562294017,,,,,0.13235399752948118,,0.11255340588808838,0.027936235654337782,0.0037006461308595195,0.03236523456896756,-0.03140909018332072,,,-0.007116817273756015,,,0.054033914789036075,0.0463151878387722,0.03763133578205613,
2013-08-31,0.08376680503271872,-0.06310441721330806,-0.09008980278888878,-0.021135676256696212,,,,,0.02087453450660748,,,0.010405583179655231,,-0.06719341960283565,,,,,,,-0.025213115401252706,-0.006726801466445109,-0.03287677866131922,-0.047644412022120664,,-0.0234263993763576,0.0717850606756405,,-0.035846686186867927,,-0.04013119371412177,,,-0.07289446807745947,-0.0044628200034203536,,,,,-0.03507624652886354,-0.06632643628975043,,-0.06068103398524316,0.022201640402801148,-0.04478814048354707,,,-0.08909779634373571,,-0.05594406521330353,-0.035468607871235625,-0.016186418296544658,0.06735174873313876,,,-0.027027042172541926,-0.059087309670971755,-0.06576653655974751,,-0.03288851728370046,,-0.009789628096063652,0.07945571260072781,,,,-0.04087691957591988,,,,,,-0.050471995391751956,,-0.018403801599475855,,,,-0.04601511522066559,-0.06951119253846794,0.06492458275084934,-0.05744634158087969,-0.03627570937108848,,-0.13006226852539438,-0.06080238556093798,-0.04905464433195994,,,,-0.06886631117133224,-0.09330713076024844,,,-0.053846497267510784,,-0.04740474307739162,-0.023050578228225316,-0.02334284717638524,,0.02781536077330915,,,-0.0074188774269309254,-0.03015567478332648,,-0.019187344168517306,-0.06317862234945248,-0.04073483007286671,,-0.027435056771779598,-0.03365653708415128,,-0.018268666418502444,,,,-0.053289137525164954,0.056387115143857525,,,,,0.0017302390612421448,,,,,-0.015146540363466299,-0.009432898318813776,,-0.04560694079663774,-0.03489547665851456,-0.03001251399501237,,,,,-0.06436483530862147,-0.04970418368889429,-0.046997517545134926,-0.06660024627894501,,0.03205604010913543,,-0.04704051143053911,-0.007984912547005174,,-0.0009631222985756471,,-0.06119610466417813,-0.08336139596938841,,,,-0.040827736321058405,,-0.10583191637053735,0.015878156195566984,,,,,-0.025012688930716287,,-0.01523673873717768,-0.0268377039427099,-0.007015319087834926,-0.031886073666437253,-0.012814023148517872,,,-0.04244110909092391,,,-0.04915312379237757,-0.05795313203047192,-0.06386753548005686,
2013-09-30,-0.021488909592515815,0.0497536059569097,-0.004200655742349735,0.019239041129074153,,,,,0.04883865228840212,,,0.027354471087691623,,0.11267707361206436,,,,,,,0.05020107190105727,0.1306775202793986,-0.02197648158922416,-0.04893406238221254,,0.13022246586238206,0.07716321736014287,,0.1100986496800116,,0.020589829980159458,,,0.0037241413175086446,0.010419192054024196,,,,,0.026484465128239876,0.07668108935519569,,0.0649106784922453,0.048416286366417705,0.029498430505485507,,,0.00514822435043949,,-0.02239423403184826,0.00888504447538585,0.08131608211472319,0.035047396098111916,,,0.05838127159453599,0.06016748336542799,0.017987941127056484,,0.11622315630577829,,0.07172458141911653,0.07787353841136468,,,,0.042001166490143405,,,,,,0.040362770149022564,,0.04313933994374519,,,,0.03425426792849762,0.039965636059245746,0.003125059307179212,0.023616791637271373,0.04360845813781822,,-0.05431384543722151,0.015965431537366293,0.04276620163161149,,,,0.003240445194737207,0.022956310034762062,,,0.01680692942029327,,-0.0006421288626914379,0.029192158967838777,-0.020817447798710864,,0.039066000990596095,,,0.11005135140417699,0.019605667021627138,,0.02894111272597044,0.028985344233811938,0.016454361703623466,,0.051329792183822276,0.027804739248221022,,0.015840546030271296,,,,0.046195491354566576,-0.003593104316087059,,,,,0.15631951329466975,,,,,0.04111695998640652,0.06804087312563967,,0.004227682219362983,0.018433201498261775,-0.029528939468922433,,,,,0.048735735502023037,0.002490654744939702,0.04139992245020707,0.012609242311814484,,0.015691715255945482,,0.07712310408603495,0.0914634295576422,,0.09167309611284247,,-0.010571992988685608,0.017853045426042158,,,,-0.0002956503210174155,,0.010583113756899243,0.06961302988772222,,,,,0.054711862153084434,,0.0019468804465547773,0.011723321755641614,0.06765583979472822,0.018829362169127783,0.09563072014163532,,,-0.01498557166860659,,,0.005842193181224475,0.013428325698370491,-0.01284965830878182,
2013-10-31,0.09638150861786055,0.0929217720561688,0.10590300662724594,0.011328911607270786,,,,,0.062102047319315457,,,0.03770537887687997,,0.16437435865524108,,,,,,,0.08644789641689177,0.11063825861233667,0.012319007387176173,0.0027399646381427445,,0.014246585864882588,0.04241532921483837,,0.14330164661775702,,0.01391942711589289,,,0.005767179986739812,0.00652080668852939,,,,,0.09745302858542604,0.05496454868048506,,-0.001018299316359661,0.06549356316147015,0.024572351579956075,,,-0.030094591569959417,,0.10128082485384815,-0.012674820450582436,0.020326653656449478,0.027864535526096246,,,0.03995977418964913,0.06357588952504134,0.07412388023813943,,-0.055376398155280504,,0.03508466489872952,0.05496993805689376,,,,0.02001869284802793,,,,,,0.09418201558633177,,0.1321776749235073,,,,0.17658202017692726,0.0167497099123477,0.10134951070286835,0.026895373579746362,0.04443726818728777,,0.16102925023886816,-0.032238745782416256,0.06762704114780504,,,,0.06828977360926158,0.004444248047883681,,,0.14625351653107566,,0.04461452333517757,0.037434348717356514,-0.01013280700875907,,0.04954220236161455,,,0.06682648155722704,0.003222030273061227,,0.07097429693147594,0.08360337939668261,0.007667044552511548,,0.05393196568286651,0.08384300810256917,,-0.05292997240905317,,,,0.06789141004193722,0.0640024044144063,,,,,0.04295170982041263,,,,,0.01360830769539012,0.027153791802363436,,0.057735676403371405,0.06822092457218942,0.07661519880926582,,,,,0.029218762875079962,0.02124735239266018,0.04372871349230878,0.11432013101203564,,0.03223368863049103,,-0.014561603724686178,0.053007904188977495,,0.0606607197716269,,0.005611927431157904,0.042636867538833556,,,,0.08946363411702629,,0.012660103473668416,0.07802801402288373,,,,,0.0523740610292831,,-0.04678112782701094,-0.02536387680460539,0.07518876947032971,0.02132267369696672,0.029147156803937646,,,0.0945473339332712,,,0.03315587672400677,0.03772343021232216,0.041608727291066794,
2013-11-30,0.07005289681898863,0.0,0.044870375401627305,0.05401366772687477,,,,,-0.03678623143682458,,,-0.013640852660944836,,0.0812844997311073,,,,,,,0.048900007410204616,0.032484865594035295,0.1324263631094298,0.039167727784391815,,0.19157212953680136,0.13142558413516925,,-0.021705929228346132,,0.012511968782922045,,,0.08487104118541056,0.014875023203948512,,,,,0.016684288133050007,0.04768905851547922,,0.04759698282877611,-0.007227966439805722,0.065663989829708,,,-0.058067271476778926,,0.07548957700015113,0.02924406006373159,0.018196094279031794,-0.01038748255213462,,,0.03759162631051449,0.028429514192262806,-0.013952303755961126,,-0.04154764975851466,,0.006829109980788006,-0.07511192666299327,,,,-0.0017531488004209894,,,,,,0.019892499274712927,,0.050997133077007595,,,,0.028149216613154282,0.05367892380652184,-0.006600073829600039,0.03569091897968679,0.025728192996211652,,0.12228175812414332,0.008006829010825056,-0.016625867877941514,,,,0.029271544622086365,0.11020610429289324,,,0.010740645605984644,,0.02278376115290759,0.012428737339660545,0.017993039768933405,,-0.046203556490425735,,,0.060954139705566845,0.0171967550805594,,-0.003566416826008445,-0.0013935650054147652,0.10949710089268705,,0.06607114059060848,-0.006715457304255379,,0.10512341023442251,,,,0.08945338990298946,0.08498114653304212,,,,,0.04461446848026851,,,,,0.053432976386433184,-0.011656773907255835,,0.004399987150569329,0.041892008506003275,0.042972027640467925,,,,,-0.04017059884520813,0.046511421020917876,0.09699770473901981,0.0868699528566712,,0.0639133511515364,,0.04914957343137605,0.008295237946899015,,-0.056551624618473184,,-0.006844345715215527,-0.022580918705998432,,,,-0.02734787392428184,,-0.006889485505164883,0.036817857518154584,,,,,0.02162072674725768,,0.09112237877128249,0.07549534329517749,0.04857578843456767,0.0497864093127065,0.03661626467492907,,,-0.017620306423302923,,,0.038462651578734075,0.055504843274567506,0.050167674471588874,
2013-12-31,0.008901660919659271,0.08998984709692803,0.0036654255569845695,0.06131417384900617,,,,,0.02819889341710513,,,0.0,,0.013134548857431927,,,,,,,0.05745934592822821,0.016685044248158087,-0.01516904135393049,0.023516940731816316,,-0.03917927569391366,-0.025102233803384055,,0.041467701530464085,,0.017420396469252752,,,-0.015305951384716243,0.07340383331129519,,,,,-0.009116896007978381,0.046048107754768974,,0.06952442627752276,-0.02953265045983111,-0.05110413654736401,,,0.05552927507146643,,0.0688474247048998,0.02017284107936379,0.005346946264998431,0.14487910033486995,,,0.0324220067910741,0.09644467303447923,-0.013578952752014595,,0.0861044387665939,,0.04761888843973816,0.017212363601824432,,,,-0.09660423256145667,,,,,,0.05989534081909231,,0.003876573382292303,,,,0.057682753135947396,0.04924802005741635,-0.03385051428050034,0.025716966402273167,0.0323127582617011,,0.028417771067820397,0.043911454260138205,0.08892623063608118,,,,-0.032432101856075035,0.022020060038056677,,,-0.03572098589948469,,0.027867313627910173,0.03485660460321993,0.015531692617219317,,0.04359787712786245,,,0.0981190717913889,-0.0034917737296595863,,0.05702749093373205,0.0061319410561515575,0.033147863021565804,,0.05048319147011049,0.05121131387265443,,0.01352502616455653,,,,0.0019171288128057018,-0.01888273562768572,,,,,-0.0032043754023205473,,,,,0.08415929539679223,0.008381807898342641,,-0.011294841534688738,-0.03466769669204539,-0.03336499701622764,,,,,0.029908068611701033,0.00818751239841009,0.03898148737783802,0.10803029892474081,,0.009106043897302296,,0.026519819151833657,-0.037687279647044325,,0.02273411018401572,,0.011813770458879436,0.015415248752842281,,,,-0.0014200655648786142,,-0.010324192304801638,0.01351776653698078,,,,,0.02116285056929823,,0.014863258441916605,0.03678109606477298,0.02637229029632504,0.03596690942727676,0.09446576958486608,,,-0.00967343429687062,,,0.031349314592126865,-0.02298436709481988,0.08258442796913257,
2014-01-31,-0.10769679274657262,-0.06040667337352068,-0.03822157276634919,-0.028460455301732024,,,,,-0.060528442583703046,,,0.04268949156026758,,-0.10055422587303786,,,,,,,-0.06051606140172694,-0.08227703886034377,0.07578674167498622,,,0.11828882375736116,-0.015063539543765048,,-0.05983079672515679,-0.08101031719699936,-0.05870444692808796,,,-0.08962066470922136,0.04089604499226307,,,,,-0.05607636126911264,0.04771985777284948,,-0.07831919012784294,-0.08067958716099066,-0.05595706255882016,,,-0.015723094103899382,,-0.049949969179804765,-0.1063165956018165,,0.025000079632165884,,,-0.036399162948759334,-0.049607132221335504,0.02332991035859555,,-0.03043559172293986,,-0.060416165251764964,-0.014392035556921812,,,,-0.022689059244916265,,,,,,-0.10346076282362571,,0.07390143503185387,,,,0.053769413889311,-0.07412837197676747,-0.03428574747076507,-0.06667544264217695,-0.0015324017687189384,,0.03645460548938306,-0.05805817852104889,-0.05469944549677097,,,,-0.03406478470255059,-0.047160109485700374,,,,,-0.08448297409503136,,0.05901958290079534,0.015135038816226354,-0.06228899074648686,,-0.01893358374042886,-0.09294450837195967,-0.029475439486840393,0.0806070881477543,-0.07195461516656698,-0.014462873847102209,-0.09031937094582576,0.14492222129827081,-0.08598925164496052,-0.08257342053409622,,0.058341154032453435,,,,-0.057428499886090334,0.01149465874824096,,,,,-0.07362699221809188,,,,,-0.03247788514699168,-0.07917962309490822,,-0.0311070524003193,-0.0075087375981793825,-0.0517181296096102,,,,,-0.10317932814790032,0.035430523675264114,,-0.05237903092872542,,-0.00040432694682823733,,0.0019329407854360436,-0.09274151677682663,,-0.028187939617292046,,,0.01761272625223076,,,,-0.035525524816048426,,,,0.03403656835433133,,,,-0.02758847525389474,,-0.04010592263322965,0.03714286933541566,-0.09373778123582555,-0.016584499040272815,-0.03255787435141366,,,-0.012172481532318535,,,-0.0013214477959968551,-0.05095925024943504,-0.08932793919258508,
2014-02-28,0.057510707833902996,0.0341254992685196,0.08510624870880013,0.04344021748850646,,,,,0.03773960476169913,,,0.0479369454062577,,0.00950680554806671,,,,,,,0.07362978009512355,0.03502414434712797,-0.013134081184891677,,,0.08968774537345947,0.17813930964347024,,0.07604547890569568,0.0012514723915506565,0.037455200379282294,,,0.025300458714087037,0.03258394337385928,,,,,0.026130952753067094,-0.05068855350021528,,0.04450124284924439,0.0348126227652692,0.04232592214745812,,,-0.005020718815638148,,0.08003546414620843,0.042322059537606815,,0.07031444373420714,,,0.028229623990066566,0.11293192201255109,0.014782850457321306,,0.1046990523844944,,-0.003716431498048456,0.14633218098079648,,,,0.028743387963596767,,,,,,0.022384943166069426,,0.026534502282553163,,,,0.029365838079190354,0.01762092081689559,0.1630282964777472,0.06740444484446728,0.04017829147823271,,0.030344866538213777,0.05379868103035412,0.018586512416789214,,,,0.048749397319806986,0.026372935379686213,,,,,0.010047475757709812,,0.11369591419091307,0.08444316645154215,0.08079478063033863,,0.12606261757377046,0.02695546516755898,0.01901451422231859,0.016532664558733368,0.038766600841252385,0.04773694497481262,0.03909977043208057,0.09413467707745005,0.05792387739701499,0.029528611098067037,,0.07589276136774026,,,,0.0437143445301964,0.020012253285848436,,,,,0.0781107941156316,,,,,0.05989116118647542,0.10220429172975853,,-0.003608502501209254,0.06505757515765964,0.026625024114880214,,,,,0.035449486566526245,0.023785493773319066,,0.02967020510669549,,0.014416670985654134,,0.031699832869588995,0.001525914876785217,,0.06673529422584301,,,0.04989955261186241,,,,-0.041716270678317846,,,,0.08163993770570976,,,,0.06037752559724385,,0.0690369626704419,0.04053800476339542,0.012799559708240205,0.03548970073786584,0.05067649093204385,,,-0.00916245115338965,,,0.03072708034071714,0.00026784850106698066,0.05199444197464409,
2014-03-31,0.019953601476329297,0.009624993082754774,-0.03192536518966482,-0.043551127666965894,,,,,0.007278435747283263,,,-0.005483261007700246,,-0.07105766671997338,,,,,,,-0.01369416705022053,-0.026605595170978935,0.04115419038743662,,,-0.10217799197771416,-0.1163593370176943,,-0.03384780688555489,0.10281232958403796,0.07937469803333164,,,-0.02118059507722403,0.024750052062454397,,,,,0.03246852095394437,-0.027506058183940252,,0.050797206551483676,0.05789469702193384,-0.043835695849518075,,,0.028440297653338664,,0.0235165637707051,0.03104136767106791,,0.0050596930006532315,,,-0.018160498881268916,-0.009157224681750287,0.004797225148911011,,-0.06006430820931752,,0.023598093940484288,0.035635037520798774,,,,0.01364494409446948,,,,,,0.016489802656152852,,-0.14409944597702085,,,,-0.08319847042070083,-0.01562014880680318,0.035883934937815276,-0.029804311969107045,-0.01778899779521481,,0.0881992712526607,0.03953145691827542,0.04240666510358149,,,,0.06632661391522254,0.0684618263861494,,,,,0.020060173548042792,,-0.012581778349326056,0.005791715894525318,-0.022586105543476287,,0.009763596323793644,-0.03885769298596653,0.030267828695961674,-0.002710850073270654,0.019457772825809627,0.03847469218734689,0.042037166414954585,-0.12007025602766319,0.006903065023113886,0.04592440834871869,,0.003914842033865051,,,,0.012013102212726334,0.06995534219568511,,,,,-0.05670447741546569,,,,,0.04602430820079473,-0.0053495410036132895,,0.05021511309550353,0.0003113401343664002,0.02466320426838675,,,,,0.02383210802067226,0.06382993020725936,,0.029387812142743774,,0.05230834876132029,,-0.0015380977777605942,0.034103627997812636,,0.048386750067390016,,,0.01680205765296172,,,,0.09833945326312898,,,,-0.033380759053176834,,,,0.048932093773435215,,0.0649184860805938,0.040358731407688975,0.01681134644678628,0.04742175676132576,-0.04461358744194088,,,-0.00021068390378831126,,,0.07152041723050484,0.029760348554156213,0.014646757227504859,
2014-04-30,0.0993958843119942,0.02229724075862971,0.0119476366528255,0.018368973179835546,,,,,0.062387093018786866,,,-0.09396787760499314,,-0.09584686004505949,,,,,,,-0.026423288067382256,0.02812992210505172,-0.11976729385300944,,,-0.06130055350089614,-0.028643491201324145,,-0.029064760448945792,-0.03537929312482746,0.031047490156939528,,,0.006512747349643799,0.0669277129571304,,,,,0.04304949790232726,0.034372204740267254,,-0.04224989620609021,0.056289972266525545,0.03581678069589911,,,0.03958607470688258,,-0.024958839311061354,0.055588485750923455,,0.026960410350062025,,,-0.021599995832334073,-0.009117023658792744,0.045913902952988916,,-0.06173070357335875,,0.02065862473578406,0.00040196287491900407,,,,0.043346918728537576,,,,,,0.03862497921870678,,0.10767688218981508,,,,-0.04111200545285354,-0.024595444342222272,0.07097985719582312,0.00480216971288705,0.0015091895721950355,,0.021631746033605515,0.02067607971828167,0.03409549415801827,,,,0.031151426846819597,-0.07209954752635983,,,,,0.055095715993649375,,0.004077535923877829,0.0055134245447732155,-0.05752036564549212,,0.04797509144071399,-0.013892065133086495,0.03417345800953808,-0.04179641730413408,0.03183778777559909,-0.03983527053262126,-0.008523260416972045,-0.007636169935548054,0.025283337672408868,0.07160008239197091,,0.03153075238898828,,,,-0.004444445572784228,-0.014393915458266848,,,,,-0.012321279260811724,,,,,0.00224711320744575,0.004827465174445322,,0.028622695325213998,-0.026151954620392437,0.03237592182122251,,,,,0.04348354769604579,-0.028349734034324947,,0.07993761818808442,,-0.0019020493089246804,,0.012752455843792143,-0.03761223834853655,,0.0415387697267382,,,0.056097956034370844,,,,0.035738993762193916,,,,-0.051896498689882775,,,,-0.029980118138727474,,-0.0847664992741688,0.014760338425359842,0.011501434714795922,-0.048529918258983895,-0.06138242969809704,,,-0.006718002849446458,,,-0.0020098906435639385,0.04291468483929539,0.048423255947080746,
2014-05-31,0.07870911316579332,0.043203161804426404,0.03278200484201199,0.015332697536329709,,,,,0.017692558652785184,,,0.04363996632399125,,0.027685498010651788,,,,,,,0.046551348072952026,0.054168986101143624,0.0,,,0.11232237583048588,0.1044094412760348,,-0.006987363758023113,0.02037220385501759,-0.0039581664064126665,,,-0.006889412913392734,-0.030075820870745895,,,,,0.016344398736800603,0.008501224272108754,,0.071730823636599,0.08529872314547715,0.006010412454885872,,,0.06533997165891492,,0.07700811743754166,-0.013398945148286878,,0.04448858983714987,,,0.06881966717568933,0.05886057581276871,-0.03528626458725714,,-0.02122369173811245,,-0.015064635189185549,0.07959091981436606,,,,0.017956982586443182,,,,,,-0.0037187216123190092,,0.03465471369095274,,,,0.0687444157014816,0.0033483590347112013,0.02489276426490661,0.00905570171794734,0.0076253792213993865,,0.013309376544739404,-0.05617466675759808,0.032399992308675074,,,,0.008659221758278157,-0.007324519375867644,,,,,0.0029419465574176407,,0.021281116391528965,0.0052626186265911645,0.02548488651444103,,0.07643225133152809,0.03942894803285757,0.008557511303588505,0.12087005562121034,0.0552593675694979,0.037572611499863795,-0.020258018539710543,0.058882643608398455,0.031163045601859896,0.036150863343129336,,-0.011953695563614697,,,,-0.002263042115806413,0.020515595945238774,,,,,0.057612363346498,,,,,0.027885577370369452,0.041148787199229764,,0.028408677841638585,-0.04430607311147705,-0.021320493570463395,,,,,0.03640422558755896,0.014635875264279674,,0.024999365023919307,,0.02210654355522812,,-0.012926531584484424,0.0409160171953451,,0.024519680455451498,,,0.029297563037375962,,,,-0.0064429286450881085,,,,0.025526736319729126,,,,0.033663795175009836,,0.06116706963526641,0.04642173629957003,0.06158963062769329,0.03457519652319463,0.0623168166700081,,,0.06912063283080805,,,0.03031107153451562,-0.030920870028908976,-0.01169284250653746,
2014-06-30,0.02766224359644709,0.038836683457833754,0.022245497224849364,-0.0074891912255462545,,,,,0.011734053637966868,,,0.020519011325540015,,0.03912978764810626,,,,,,,0.036830985490371004,-0.05929763803043553,0.015844888166267834,,,-0.012712520339000388,-0.05914934068367328,,-0.024728589564723347,0.08449102868880298,-0.013869400265607346,,,-0.009880008244000593,0.06299500799036384,,,,,-0.0032166079417954574,0.0326441800558539,,0.047027532603068245,0.07242855312822627,-0.007412893495004846,,,0.00934184439596808,,-0.037666062263576605,0.06319747553675703,,-0.005669840065198883,,,0.005093150344209096,0.020592976266008645,0.043753662457954645,,-0.013207107947665442,,-0.005544470243132982,0.10453717145575503,,,,0.04866179781402513,,,,,,-0.010945066532864423,,0.020932968866738566,,,,0.022776223561405295,0.04774408225080928,0.1011009150647797,0.014999756955775823,-0.002147114459961741,,0.010149152673436967,-0.016760853792498254,0.1310394934773782,,,,0.031145334272580927,0.036890538809691176,,,,,0.0432311372763583,,0.03859019591945634,-0.01784270153667289,0.01932864378222443,,-0.019283250670799723,-0.03897935494836857,-0.0068026685459069425,-0.016843516684336035,0.003520278962737322,0.04473171972885326,0.09090880505181587,0.06303313040233594,0.004840397685282216,0.020646087066935603,,0.007364063843472435,,,,0.047634658785461914,0.018563530520556926,,,,,0.008321595729280151,,,,,-0.03545947253458137,0.036890387898773414,,0.019000300407754134,0.0016872182965554927,-0.02723089961496683,,,,,-0.03777301722646209,0.04432960661378038,,-0.05142136586380397,,-0.01037111897157239,,-0.006625763236837612,0.05652633939958607,,0.13807414482913738,,,-0.0010808226456944237,,,,-0.003101422704162582,,,,0.010584245632886624,,,,0.017241511941530785,,0.03144778072431231,0.005632196656516486,-0.011744636998138991,0.03261873468388732,-0.01917789328277897,,,-0.02061677973858267,,,0.03505326558425104,-0.022143715055186974,0.0014923555867376592,
2014-07-31,0.028731015578640218,-0.06560911361677424,0.03535136086018076,-0.019297206224670127,,,,,-0.04763654585556665,,,0.07620165461608708,,-0.0363015219911218,,,,,,,-0.06985755528526982,-0.05305364489360764,-0.0078076637952915195,,,0.06051193186888426,0.032793017041480965,,0.05129806275887416,0.04609383122677868,-0.00892854989899039,,,0.03863629486989506,-0.06701835759028585,,,,,-0.06527783806627607,0.0009318307206758192,,-0.037045980992082006,-0.029503943494960327,0.023761157320049575,,,0.02304200678255497,,0.0167649874528224,-0.010034480351454822,,-0.007578683020723065,,,-0.061602693091178606,0.0016325578974178967,-0.027766960582290334,,0.05533401264187332,,-0.040837945976890166,-0.06248137777871987,,,,-0.0056871019243383,,,,,,-0.04299864565551814,,0.10420956332210385,,,,-0.008757037716873528,0.03242931096650414,-0.02844675083121806,-0.001358617586939448,-0.012049668270532776,,0.05730415234181074,0.05737303217780987,0.09676388521596069,,,,-0.043299238633629944,0.007864388143125511,,,,,-0.07247395995265749,,-0.017854098646128858,0.03882287000329243,0.001902405409749175,,0.08807021420437877,0.010703935253852048,-0.06134556224221044,0.030341854906666077,-0.04227587178923575,-0.027026951875873673,-0.05327582455807378,0.07965523075236014,-0.016405790008946486,-0.03195041596872972,,-0.01918750448381501,,,,0.003343078999423321,0.035012216628569126,,,,,-0.00541668834057385,,,,,-0.0005530969085547621,-0.04793876546788722,,-0.013879477755306846,-0.02448761168893343,-0.00830031305451373,,,,,-0.027280279354070625,-0.06776351217938881,,0.008454775196801823,,-0.0691919911686063,,-0.08921583612615414,0.003876746388024044,,-0.08105143038335716,,,0.011486201517404648,,,,0.02381600565850972,,,,0.029660894238643154,,,,-0.026053531875832925,,-0.00856215845040198,-0.014436025935917751,-0.054256487254829344,-0.0297786488371391,0.001423772297538095,,,0.04154769523940538,,,-0.03158317059465032,-0.01984841306530105,-0.017282940067637642,
2014-08-31,0.07750881068644055,0.05617108695422002,0.0028494279534130307,0.022452341805954124,,,,,0.07849213297704871,,,0.09938766926030618,,0.08322948209259251,,,,,,,0.01761370685374497,0.05883065777606533,0.055082191184929075,,,0.025867979059059465,0.0014971346761158966,,0.0005926287638304828,0.0035856512786358596,0.09423582608678704,,,0.056021651023437036,0.08258009910934683,,,,,0.020977758745418962,0.018425669612784912,,0.03562645747013082,-0.015515097899034158,0.0301172599598869,,,-0.00951228543253424,,0.04046595520923013,0.010138271576571656,,0.048560814084962045,,,0.03695200599003945,0.04657656418987566,0.03734063576278923,,0.05053917676737529,,0.012761902241905432,0.0040198882183311024,,,,0.022914337652640393,,,,,,0.033002303995657956,,0.1748766277360534,,,,0.004848581178018785,0.03930968607579355,-0.01781620092893188,0.15646272049832533,0.04194729233303751,,0.06711571645108205,0.009220333732138153,0.03724599982993837,,,,0.04337688008976115,0.030865158307852747,,,,,0.06184743570550588,,0.04932112736003291,0.05001494652919791,0.09738804833728132,,0.08299339460884614,0.02238704472668651,-0.00032863417757889035,0.01779504474668836,0.004719554130930614,0.03417579393490899,0.04778211051198111,0.029869456702010355,0.02816819420725669,0.06108388547737098,,0.059393849862279025,,,,0.0609154409878474,0.0591691955695588,,,,,0.021486312409742192,,,,,0.02822490658715404,0.061610192524846674,,0.04982920008681102,0.024041566478700815,0.07488341766987916,,,,,0.043531203148347464,0.026526141585528684,,0.07940077162855275,,0.03799511654131038,,0.03272195202247974,0.005044080828397801,,0.015218856727343022,,,0.018865063284550843,,,,-0.017701795735985515,,,,-0.01061732631080159,,,,0.04172971531167469,,0.06946305501968375,0.07589230533367375,0.009472256713306537,0.005948308546880998,0.009074972462258524,,,-0.011900124266394752,,,0.017676421071652015,0.03285412860679626,0.012258897564255467,
2014-09-30,-0.017073252788723292,0.04486239137157666,-0.015388523418440991,0.0032071212513400393,,,,,-0.0342078458606796,,,0.007748455205978111,,-0.04896177089087972,,,,,,,-0.022445911595034174,0.004574088202735194,0.06293078779212813,,,-0.035651850168160526,-0.06889776305311979,,0.010464060637019879,-0.011485529485585233,0.006484512857183322,,,0.0032912239899924867,-0.09205055292140296,,,,,0.007570169770594992,-0.013084614700338726,,-0.0053616484925377295,-0.0578671539499831,0.035018259326364154,,,0.014879503248101278,,0.0017622461150728075,-0.07825439266203782,,-0.013860904178296996,,,-0.006941252806961895,-0.009456891099015485,0.010541681696341954,,0.020360541710725766,,-0.02249293337586522,-0.09883501017569896,,,,-0.1504884919683529,,,,,,-0.005528775216254833,,-0.01031961057555597,,,,0.010388618306491404,0.024900814067977395,-0.04585115783143423,-0.013866829180150475,-0.022156986638497078,,-0.06258770088099053,-0.012844618108849515,-0.002863268041000011,,,,0.02757178568994889,0.013288767865168305,,,,,0.029980682672210435,,0.020295634652956807,0.050459597602969586,0.007807703778248021,,-0.04975959791532303,-0.02493092917163542,0.011630512758291855,-0.0018463103067860587,-0.04894700387877138,-0.029757322333523573,-0.018633562752400912,0.056401976863161174,-0.016111174889198998,0.07918253496973149,,-0.006614234160064125,,,,0.007578026930598947,0.02047127558086448,,,,,0.13558218597008165,,,,,-0.07825657493727167,-0.06643899823249588,,0.013667211064673612,0.006124666794607769,0.007580081180763365,,,,,-0.014014627165367832,0.009793014000926137,,-0.06561733683502435,,-0.01747686116981928,,-0.022041152501121153,-0.03020120995569031,,-0.07250985096674767,,,-0.03299410085534904,,,,0.008009196334967328,,,,0.013625239463522565,,,,-0.010170500681336292,,-0.0007296520444828314,0.0299231935622839,0.009863142237173772,-0.004820297636290771,0.003999809897641704,,,0.0034121914152513977,,,0.008358834052252462,0.012848001991501157,-0.05439379380923304,
2014-10-31,0.07196007220508438,0.106880368407551,0.05365661268590416,0.011080294454220985,,,,,-0.008330384176976624,,,0.15463498400267395,,-0.05266095960625494,,,,,,,0.030591167569514743,-0.01939041514550288,0.006451486389680738,,,-0.029412687216639477,0.041110752326826594,,0.14502157571423546,0.004422680324094985,0.014622877380817245,,,0.033195235603223905,0.03183400911308887,,,,,0.031215900583873468,0.02919323392006934,,0.014089708405041312,-0.04778269007040126,0.06423530768390573,,,-0.027811337821324722,,0.08178970131971264,0.005280120272715516,,-0.05797052424010285,,,0.058173250226012385,0.026395601639013222,0.09870311729945436,,-0.07292950630191208,,0.02364955104892208,-0.038165631664835775,,,,-0.03884447148665848,,,,,,0.007415947744720208,,0.052137127055426724,,,,-0.034907479139095754,0.03497289027200212,-0.14524874586587289,0.06300434519584996,0.032216623658925414,,0.011559040058692904,-0.13396162453633587,-0.023262754727318646,,,,0.011164183621496182,0.010748158558294696,,,,,-0.01828374413511369,,0.022822300827386233,0.04261938440947355,0.08563217844349569,,-0.15672743082213525,0.13465679898286442,-0.011391063317376826,0.04489626514151146,0.02888814054889166,0.10568546346242758,0.00967986565440837,-0.05123991280543705,0.0853330279336666,0.05224191403450362,,-0.02260501828516459,,,,0.013942631580343923,0.012726099643675548,,,,,0.04226447619597362,,,,,0.02327209794582763,-0.07509133970595772,,0.03308618183155598,0.012850913755585003,0.050147708117301404,,,,,0.06726598095321101,0.015335871874275542,,-0.034558918909403324,,0.05002015350005773,,0.013257306950147596,0.0013246794738992484,,-0.02979626350932285,,,0.08995255586800344,,,,0.005990893146188503,,,,-0.03393606772065283,,,,0.048660090405139966,,0.10156514469217193,0.0740639070360316,0.06735155099928836,0.018408050616781635,0.1315085986148854,,,0.016454351605427853,,,0.02352053706408408,-0.0026157068099984526,0.028282926246698148,
2014-11-30,0.10597901713320823,0.09045045728858714,0.02110560274482909,0.06422540109221164,,,,,0.022960857992560646,,,0.023194073427837747,,0.10862302551854675,,,,,,,0.02745965670249295,0.08193040154639819,-0.00699236466665476,,,-0.041702954686793414,-0.03815240127017916,,0.014779172229639537,0.033832586350092786,0.06085900796535704,,,0.008219630979565684,-0.00798718470801052,,,,,0.04052027470456343,0.030532710184837164,,0.008904064430488523,-0.08426894845726562,0.06837466701612205,,,0.12954667169037104,,0.06467747600985074,-0.08395502627727758,,-0.014777967958788274,,,0.03930389244025556,0.012366183037249456,-0.005653272900802309,,0.04533301696951253,,0.002458688677613452,-0.08763810371308789,,,,0.1163945860519322,,,,,,0.026346660788204135,,-0.10428568091973078,,,,-0.033088515279309005,-0.005149598855111459,-0.23467550544594074,0.01927783292489349,0.036251289620478744,,0.0886285576768191,-0.006813181084831643,0.10244792781420942,,,,0.010901792036881686,-0.005290969753364183,,,,,0.07783832000886859,,0.03445711778042915,0.013250698752629075,0.11590897391862187,,-0.13256883478648784,0.042269243968841685,0.041991083033942944,0.03732585769834884,0.11174137396754324,0.08377365563589922,0.03192646030881541,0.036138216279781865,0.046688241088246096,0.0397188125023511,,0.042458104241196226,,,,0.0065810436777751224,0.024740263432162957,,,,,0.06797907497532485,,,,,0.08604401446751386,-0.10300216354362124,,0.04086485352899283,0.04907454958997581,0.03620932011237321,,,,,-0.02336807817936959,0.012501097455027255,,-0.06344981514646686,,-0.06602828767836733,,0.03442260900100447,0.07921486466206229,,-0.12882660413981561,,,0.01618640108197411,,,,0.015499545655241587,,,,0.09968543516732731,,,,0.09585155381539567,,0.038101479151298356,0.006830587080026929,0.05425845792505202,0.03755878518596467,0.07147936571806857,,,0.006766106444352937,,,0.03296848441564637,0.14776460621989607,-0.05703989569562573,
2014-12-31,-0.07189079847860202,-0.05433512613364744,0.01145863199867092,0.03451879865097096,,,,,0.024433083885488927,,,-0.036416647846960526,,-0.0835400040823484,,,,,,,0.006708599309071861,-0.03259906586021777,0.05295187907941834,,,0.10322080507530651,-0.017221444782067552,,0.00588386307588884,0.013489982132608658,0.009819029061174156,,,0.0025941685395529657,-0.09015949364144193,,,,,-0.005747837299451053,0.017005738938529857,,-0.007812166421105382,0.04525483844289213,-0.0026034351348541707,,,0.00651209106299766,,0.054181089221885026,0.030403395350175,,-0.054327308470103364,,,0.026909776170873645,0.031100734074111402,0.0326333227243405,,0.022594925543195643,,-0.03168620038022574,0.06169361931996287,,,,-0.014621690037795898,,,,,,-0.03707408450307004,,-0.060406320742995456,,,,-0.0335471108128641,0.028767094598839638,-0.06383214894833056,0.06108019221259897,0.008580180863456688,,0.03156722471886808,-0.010667901796697188,-0.02577179952109554,,,,-0.033995168321870106,0.04022585713605542,,,,,-0.058220380416289075,,0.012771330763062805,0.005272657858312213,0.0778631489931616,,0.0067207586102100425,-0.012945408236454958,-0.032125015256095124,-0.015088128732510087,-0.06951793551333108,-0.018545288525724013,-0.027333233074194108,0.004118291234286975,0.026422671164837652,-0.009510945468836574,,-0.05266122367484949,,,,0.10289926736770005,-0.028446021361668627,,,,,-0.028840013902697303,,,,,0.060362631472279604,0.06235928353296516,,-0.0491405968696228,0.0,0.007298387612159729,,,,,-0.05161991842490976,0.042986665006359503,,-0.01807719289062726,,0.019616225480263427,,0.04469451603437369,0.010343143539485622,,-0.0016359812168320609,,,0.007245804028666258,,,,-0.05059316219109167,,,,-0.02979556091724589,,,,-0.017456371838306284,,0.028806398168281566,0.020210365133573438,0.011371935011782464,0.022444737891542443,0.015530832089132751,,,-0.07531108376633444,,,0.006241114675877402,-0.013482180759338158,0.021095807634978758,
2015-01-31,0.0614239956406859,-0.07085769221212701,-0.0005126730697241344,-0.05911999152965375,-0.03535075381989217,,,,-0.12747769126390707,,,-0.04413291709350087,,0.1423553822877348,,,,,,,-0.13018678914771564,0.11840303512931794,-0.15315815749334505,,,0.14644274463822948,-0.11465419992593595,,0.02100633258720186,-0.10848568836745132,-0.04155837820863939,,,-0.1321389852855418,,,,,,-0.019015336747144507,-0.08017003673669132,,,-0.08803915332907963,0.008747653351221407,-0.0482211168726584,,-0.04560247489877012,,0.022834588629824903,-0.08602235877347786,-0.0001295189551605569,-0.009865848275767197,,,-0.03885192738969667,-0.034292406836287315,0.043093044244041145,,,,,,,,,-0.04128378568953661,,,,,-0.027669479093123006,-0.05461019343339646,,0.1121362043164369,,,-0.06559724729653327,0.01298392452319197,-0.11050896745852312,,-0.00523984322573634,-0.021617495488659544,,-0.09967631470248284,-0.04444039122571819,-0.08955636746861917,,,,-0.042363926213166425,-0.12544210030757574,,,,-0.019108241020601935,-0.024869618014683237,,0.043629336307788424,-0.02181035216540117,-0.011690312842850603,,,-0.04609770283359482,-0.013446765377947978,0.024424133805871495,-0.030002653449358374,-0.011079873481546043,-0.14032184193362274,-0.02704432511753374,-0.012292662146901723,0.07773560858945294,,0.061454798213144146,,,,-0.12608682180150566,-0.13024748035427725,,0.02775383611795479,,0.29328767816624746,-0.04056190155650363,,,,,-0.0659617156949851,-0.007566827478485361,,-0.00824889528371009,0.003210519606114959,-0.06806987444108958,,,,,-0.014855837789404802,-0.06813989874135118,,,,-0.1596935730373461,,-0.0019128116186619692,0.06678858628407869,,-0.03535927745539469,,0.032783573062269644,0.09087878777951452,,,,-0.0014534514815277566,,-0.03029915748708567,-0.03849541182003746,-0.0006381285736907216,,,,0.005863129952039081,,0.051043234845612906,-0.01611675510249766,-0.11091133600385028,-0.06763072063607456,-0.02780297329598269,,,-0.011313622478075658,,,-0.05290030824159708,-0.010479655636091212,-0.054407787001093166,
2015-02-28,0.10077674183727447,0.002485379470254845,0.05831107558577742,0.07140297648309168,0.12790534110944862,,,,0.13218802620394654,,,0.04134373384165646,,0.07229288887602481,,,,,,,0.011153398191323438,0.044114955614177775,0.0435646529898861,,,0.05249766801194644,0.2258586540451566,,0.010784870268418567,0.08722244258249767,0.024320755409177552,,,0.1165066849123364,,,,,,0.04887456533490453,0.1172154281489668,,,0.046503493414286945,0.06436347455883662,0.22905193058934326,,0.11907431858517303,,0.05817040815221519,0.050698586245315314,-0.05415157527709613,0.0903455597178835,,,0.059480127878061895,0.14423962996763184,-0.08998282529883805,,,,,,,,,0.11080887487054891,,,,,0.04181337595152668,0.09790346444167675,,-0.01240090647930514,,,0.143776663058228,0.04665605203913703,0.10426129858652611,,0.09892763888933187,0.05659396571061692,,-0.03570415435878038,0.06370092546241457,0.013574173427982839,,,,0.03083245602036122,0.1268854409903395,,,,-0.0009742718204331924,0.05173661534415186,,-0.018455414745370047,0.06983874419186953,0.09341792727783527,,,0.09874436234186534,0.07918048266516253,0.07660163319659286,0.04824054551359591,0.08669443025358525,0.10096500859122948,0.040310757121686525,0.04558762031064445,0.060075069257503166,,-0.028865395339610633,,,,0.058562413883790354,0.09312058167004511,,-0.04598601303982541,,0.07494341579564745,0.05584490193597724,,,,,0.04607328064886085,-0.02650007359953155,,0.05544945365164833,0.10792848847650283,0.009965872498515216,,,,,0.03389842253468456,0.08776909539132105,,,,0.16090282321567706,,0.0678419167685369,0.07198970070865718,,0.027445696342530468,,-0.08720636093051137,-0.034841308544593996,,,,0.04981774174347775,,0.050852636175444,0.04365225490399971,0.038255560974254754,,,,0.10009336778659272,,0.0694588614635765,0.03064194711742796,0.03661313452571213,0.06442420717807695,0.06627078834383426,,,0.08182038617963316,,,0.062232904352751195,-0.012356083155482867,0.02043516774286891,
2015-03-31,-0.03137188795639623,-0.03239690267270534,-0.021954894721186058,0.04065351175697596,-0.06523383226616652,,,,-0.007548287295406464,,,0.013504775236199418,,-0.021201593551299025,,,,,,,-0.03932911378756343,-0.0051045443087891496,-0.02352179792526632,,,0.030884528454276028,-0.059257445305683776,,0.05876578504593133,0.028104169124408607,-0.02096191751662546,,,-0.017169147296952847,,,,,,-0.020898416255024643,-0.044737365662052664,,,-0.045091904143147565,0.030892953069251883,-0.0370423953854484,,-0.059956078174818406,,-0.006354115038863628,-0.015936034074319982,-0.01692302016165148,-0.01677696228074188,,,-0.02573798129547833,0.0077825086578675595,-0.022533466757170828,,,,,,,,,-0.012239914731436374,,,,,-0.02197724988146532,-0.04540225564847311,,-0.05215897349459153,,,0.013344863182793043,-0.014094539733924272,-0.00958903638712083,,-0.004840390484780355,0.014885898137014353,,-0.10129194614053982,-0.008892146680407387,-0.05954872335303296,,,,-0.018632338592727393,-0.011423367325871236,,,,0.025603732359925635,-0.05573952286928785,,0.03534284236370344,0.014546816812006647,0.0040490097042105155,,,-0.04149532683122803,-0.014762744834932673,-0.010931542816250417,-0.018815025877456204,0.009121734698408934,-0.005508626514307502,0.0411549935972082,-0.021938727622441756,-0.10244976470650224,,-0.010161305861869918,,,,-0.0027941849148384046,-0.07274802084045062,,0.005703159236683852,,-0.12259176092402158,0.033051575338722605,,,,,-0.015289732268911616,-0.053869536030578646,,-0.027472864427607435,0.013694466020906848,-0.03747228810562109,,,,,-0.08045764273920575,0.013918987893777324,,,,-0.038146918037186506,,-0.038634605671315825,0.012942651533222715,,-0.008554953348555494,,-0.03297689474843046,0.027736805697674782,,,,-0.055266109139364694,,0.06820249008805446,0.02054166177433725,0.034597455368681196,,,,-0.02738107488101571,,0.04449334921526793,-0.09936823695000163,-0.047085411936607535,-0.015495652031311202,-0.035641764779944185,,,-0.016582363991715865,,,-0.0071179973002748476,-0.014130415009922292,-0.03998202335551493,
2015-04-30,0.005786662003746557,0.11370532765129027,0.0070684843699921895,-0.0005240376674695568,0.028671829147794314,,,,0.027376600595221845,,,-0.012136413064630314,,0.13351256225666042,,,,,,,-0.008576442682061258,-0.044909291365983095,0.03508767072903041,,,-0.11441360050188076,0.06327361517762364,,-0.006237710665292551,0.056376640652379795,-0.021549337947058933,,,0.034938051993768315,,,,,,-0.0242925608832405,0.022844146108145225,,,0.0909092757705261,-0.05319279159304424,0.08995692828911017,,0.04722101183494676,,-0.03464898972889496,0.057915934524191526,0.011429525688746445,0.06294296194460314,,,-0.03557115786951637,0.03651431908434488,0.010289257549301656,,,,,,,,,-0.011836249859939585,,,,,0.016912214789667424,0.09149559110405847,,0.024253700312666604,,,-0.06506698350403195,-0.010690386455544099,0.044954010909170394,,-0.058357044340651365,-0.03249917633347921,,0.05808704048546809,0.06722759735052786,0.04093356202559195,,,,-0.01391688573058536,0.0511797787072481,,,,0.03239413732661989,0.000246805374247705,,-0.010736307969817838,-0.080607037382175,-0.07139374962566558,,,0.0461341972049607,-0.009133520329808964,-0.01237826971343936,0.06317576421391857,-0.0453904869856937,0.01463930533108515,-0.04196064210202577,-0.05189450843329524,0.0005994797914594674,,0.036186028209610255,,,,0.049640792490888375,0.19626094630251845,,-0.02998605023618317,,0.33552525019333146,-0.014850550833591436,,,,,0.01443580122382171,0.09726041938843522,,-0.005229059815658688,-0.024719474230104677,-0.021850997602807953,,,,,0.1080579196786331,-0.010798060351466687,,,,-0.01932428490615068,,-0.02943694994985402,0.047096284480389494,,0.1338685974042333,,0.00045196318767160015,-0.07232654895717361,,,,0.08123991119478413,,-0.03947848905582041,-0.07865790165873454,-0.0644632387863402,,,,-0.0462706005490503,,-0.05824673749484455,-0.01920392572690033,0.03703337627754988,-0.018318439015934662,0.009784357148233891,,,0.0489289021416921,,,0.012867500612931293,-0.05106338716795089,0.02788253560884235,
2015-05-31,0.04533909256173496,0.029848468379667592,0.04696269855252311,0.036588849217794595,0.03983695604200732,,,,0.04121521876644696,,,-0.005571186344681012,,0.01766321084662592,,,,,,,0.0293085811487932,-0.013390955478739697,0.03578194217209574,,,0.06166929107125174,-0.05313411759361153,,0.013651500104774783,0.024090869905140533,0.012676107931641534,,,0.015214748974043513,,,,,,-0.00728303325427726,0.012119258593126236,,,-0.051797445305018064,-0.003215659021609696,-0.0009614698819159218,,0.01664967991237498,,0.031120605094189013,-0.06333215524564473,-0.007186648116590755,0.02098101034821087,,,0.05422540318051561,0.015176411376826016,-0.013441030384514052,,,,,,,,,-0.03987317917599775,,,,,0.02068144304001107,0.007016412271971806,,0.11700309044369317,,,0.025955404759502754,-0.0062868427807901694,0.053014194962649475,,0.041502560820663836,0.03753473951715369,,0.013042582087908539,-0.002079123263393323,0.06633410989903621,,,,0.016837452377905793,0.03983556566537372,,,,-0.03399293398283387,0.009861908525472307,,0.10540756519493932,0.016543398378682017,0.016264610376217847,,,0.022725027215967586,0.0022130136587055205,0.061906878618892325,0.08391974627171428,0.025117881112925122,0.026344259442494744,0.005331980520591806,0.023632983750645042,0.022977381207156977,,0.022330450919247458,,,,0.023854214536278562,-0.03033395715248688,,0.021757300987975903,,0.12140166375985939,0.031440337893286596,,,,,-0.0029801522255089585,-0.02384504141110566,,0.013772236643850855,0.03264141099542406,-0.014085910463768614,,,,,-0.004792417091660006,0.043170215213982566,,,,0.02470506086416857,,0.03571435775048992,0.05133736478892459,,-0.04058774233867035,,-0.0012688099773787709,0.0076998099190555,,,,-0.0028872079163984044,,0.012923011923859251,0.0006646837201178535,0.031429036961715395,,,,0.0315440597640515,,0.07908429748332857,-0.044975465968228434,-0.00573106095466791,0.005597967108819768,0.04163786432598848,,,-0.01982529144955547,,,0.022489562807743946,-0.042425461987806834,-0.016771858918226967,
2015-06-30,-0.03722757543102451,0.009010627400490412,0.009876602222515851,0.007705520949517153,0.024276215542318846,,,,0.056983599463673595,,,-0.017534347400574246,,0.0113226022699775,,,,,,,-0.021439512360238555,-0.012809489351611636,0.0346086836553523,,,0.01750676938460849,-0.01763599294566931,,0.030031112025676654,-0.03205723126761628,-0.04818181391362519,,,0.0214496841838816,,,,,,-0.020661663868780322,0.03295244294972899,,,-0.03564666553388418,-0.05280826088371926,-0.042886595646425496,,-0.06311855991519033,,0.02441869055524637,-0.0633978030512885,-0.05175805209135953,-0.009467688018396037,,,-0.006892849397028722,0.03415784427742574,-0.06747647664424072,,,,,,,,,-0.010547269191390929,,,,,0.01585792822477128,-0.01738180309383286,,0.04662084993293769,,,-0.06379778322861651,-0.009682362686602164,0.012609674247839875,,0.002695012227203364,-0.021401135797611492,,-0.09666811787206808,-0.041202558318142124,-0.11723732775949258,,,,-0.026762568869113545,0.03010031014159975,,,,-0.0747168294766618,-0.0343348442838165,,0.05817468686375826,-0.012221299629232907,-0.04301218608050528,,,0.013223395458811016,-0.008965027348381782,-0.051393842753248875,-0.007195133446645796,-0.024162015981965435,0.0713743612763651,0.08309141745424276,-0.03004782454445587,-0.03452650019836345,,-0.05792341382532562,,,,0.015445012838117389,-0.0578317968503117,,-0.042114080329672454,,0.05268722712007268,0.06245705601404006,,,,,-0.07335016195716437,0.004150156445670294,,-0.024907533831030393,-0.03510801525915097,-0.0019137352761471327,,,,,-0.023159448865925802,-0.0004178246954790188,,,,-0.09494149762394766,,-0.05325608492704503,0.031947604510507155,,-0.045197937155947776,,-0.04097018269259456,-0.04619636402607086,,,,0.028373173072097968,,0.029122544743418244,0.02780341946656728,0.0021577886204546814,,,,-0.07886259227060133,,0.019189429757610066,-0.054900543944988334,-0.02328178236859968,0.012521668036226563,-0.022276727415200037,,,-0.057241151092849774,,,0.005003443907152905,-0.04497116407270996,-0.023474050860539775,
2015-07-31,-0.032927007816181186,0.049703193672621326,0.03779201409550015,0.06540603108376586,0.012097218882812122,,,,0.037204763900827276,,,0.15027314569401806,,0.23511256164533667,,,,,,,-0.02135929701436634,0.03928764575735699,0.050528644526738775,,,-0.2108233974040793,0.08007844396850872,,-0.00800973297254226,0.03810289762245023,0.048710637374784316,,,0.05918999630165356,,,,,,0.04576312251733583,0.03774513705983584,,,-0.1692527837862151,0.07581787473066348,0.05270725656040787,,0.04293575807444472,,0.0757613343132022,-0.08282350162391616,0.07222935694539534,-0.0803204612969739,,,0.06975125778234381,0.05745508965647361,0.050977041344886675,,,,,,,,,-0.001896497493997007,,,,,0.05236781586573103,-0.01768920547195385,,0.006662373435216473,,,-0.05460539519076535,0.21750236729610806,-0.017817207277056935,,0.05309097888441072,0.030204803374183742,,0.016994683318348303,-0.0041189619019395,-0.0483230850520745,,,,0.0282167655951322,0.017973781461400495,,,,-0.08507806790147765,0.04715790298551892,,0.012217172646380003,0.11404009747452348,0.0399993971042778,,,0.0437007646930303,0.0503841844339985,-0.018860124965127234,0.09698643722385136,0.05789488562094536,-0.004465070171031926,0.09607095213057093,-0.01918354891555185,0.1118378649623828,,0.03565775200519816,,,,0.005130273195260937,0.05775753863344901,,0.07314062078509087,,0.2180259687893269,0.06665421748049494,,,,,-0.005235806797205589,-0.09733776993029175,,0.03224738993798981,0.07545480931943538,-0.011655684449057069,,,,,0.06685820097210637,0.031915338660972736,,,,0.028101112670228856,,-0.09573613814876936,0.08038036456851883,,-0.03909958743226105,,0.06754192232308953,0.08207178404577942,,,,-0.004643557682452504,,0.002695318973732652,0.05516140745284037,0.07529260815596173,,,,-0.023070313525188624,,-0.004918195427956129,0.0232781018581516,0.056237923257205225,0.04170519910993131,0.12196530942168082,,,0.0156845917977968,,,0.028982822639606942,0.014803519671767518,-0.04795622632877117,
2015-08-31,-0.06619603238481941,-0.1085559499027402,-0.10652999328336299,-0.08573349335443103,-0.041712382705849205,,,,-0.05895207373424094,,,-0.13649645958996925,,-0.04338338414259946,,,,,,,0.008677686967379028,-0.0877870837354543,-0.08612933373047371,,,-0.06738192819054334,0.0040770049291156685,,-0.09399779476719028,-0.08294918414929175,-0.06095006215652643,,,-0.08518655827860999,,,,,,-0.07659481040910432,-0.09742042319574507,,,-0.023639328210095734,-0.03348220615072961,-0.053751839147236025,,-0.0893738128006829,,-0.0895352712912636,-0.07311875442187177,-0.01813713083437929,-0.0701233644308874,,,-0.049585196868342285,-0.15100004308962656,-0.03401239061713679,,,,,,,,,-0.06473366420885063,,,,,-0.04748181331623824,-0.04904231978075513,,-0.10851837626692307,,,-0.06569343518102577,-0.0147224629135837,-0.07714339494589306,,-0.0048705692427674085,-0.05039296863452081,,-0.08060307309070058,-0.07946369705896061,-0.00597293661497067,,,,-0.05499486182765223,-0.06464315864531034,-0.08569281649698124,,,-0.06437659152173536,-0.04284372610196374,,-0.019691642473446014,-0.021440302483088702,-0.0027391191718051378,,,-0.05164258944449529,-0.04008495410847446,-0.10296688608413085,-0.06137861583181847,-0.07781569641907105,-0.09511712134676997,-0.048718319094437135,-0.054254062233178746,-0.014711097820816033,,-0.08666889472702499,,,,-0.11302778926287604,-0.06194864375139253,,-0.05732173148261266,,0.0062987057193422125,-0.030116166168776326,,,,,-0.07135746857561986,0.04002828703067807,,-0.035495090199561985,-0.0995067501568766,-0.07861792722853067,,,,,-0.06699423642883218,-0.07190872671944337,,,,-0.11388853514358521,,-0.08076521398628256,-0.052980431012881746,,-0.05962370145962048,,-0.018061268516990747,-0.03440215783177847,,,,-0.04432921615703356,,-0.04383245094598964,0.010184198858871785,-0.10148356409652304,,,,-0.042817551749107174,,-0.04695245661907699,-0.11564270575020352,-0.03919266341577454,-0.0632610491740212,-0.052072746984710094,,,-0.01667061045624041,,,-0.07243527934541383,-0.09458177975768378,-0.04123249399592066,
2015-09-30,-0.021815966196731762,-0.1281846498265734,-0.11194523995803729,0.042325086672465595,0.04645540969907058,,,,-0.05380955504189888,,,-0.08868115902300011,,-0.0019497803810220038,,,,,,,-0.03375934490264576,0.002066220314171918,-0.043441874885195575,,,-0.018466163672357983,-0.009434300094591674,,0.0017477523163951236,-0.01633200955679548,-0.027156069620789758,,,-0.0723634889266257,,,,,,0.01034818521952996,0.009763963624022987,,,-0.024211457422170013,0.032274342275370405,0.0010095448282294583,,0.014297106308859053,,-0.05781256155181835,-0.026052885922608682,0.009032142555906564,-0.021366287699257303,,,-0.019208406482374984,0.003141025218503346,0.014525340568859457,,,,,,,,,-0.021629534511551363,,,,,-0.02872631109620316,0.025210059787314387,,-0.06180051328865066,,,0.032246915447539326,-0.014587384790209157,-0.07868516332717546,,-0.0032793441105994914,-0.046136898845137164,,-0.08156656986976418,-0.019744368372775378,0.05606208896940301,,,,-0.00670394931471463,-0.04883007437517217,-0.028626324624679844,,,-0.14594250906491857,0.029186107772232628,,0.01627214064660576,0.03047028338076818,-0.0036142666163595516,,,-0.02435871649530863,0.03693980581706757,-0.06351876207755558,-0.007625570389626191,-0.06896381064107604,-0.05888216802915236,0.005255471158299052,-0.002602900598868585,0.02618826343903735,,-0.07492626935980551,,,,-0.08563154988621635,0.017003489663666826,,-0.008738846367927766,,-0.10232113528943043,0.10319299935671156,,,,,-0.02615265842682757,-0.08409709464307191,,0.022613700403024017,-0.02513942280724102,0.017970666688168047,,,,,0.006852282557187284,-0.021070892799076812,,,,-0.050371232475687866,,-0.028599249547991423,0.03893280450486136,,-0.1085691128745182,,0.029716989864893018,0.024537221579779667,,,,-0.018674500952121753,,0.012224961453902727,0.01564271335119516,-0.02344645134934986,,,,0.03511722696828912,,0.007017208641341366,0.03114044536266891,0.010649852606486654,-0.02567843384742563,-0.023001427215315395,,,-0.05433595311241024,,,-0.03712744015605507,0.001698958173232068,-0.011829006381572693,
2015-10-31,0.08340870637615394,0.10456912784448691,0.12034180426072849,0.10270493993968222,0.07832646978585367,,,,0.10982030578137358,,,0.14358003500012972,,0.2227236546930227,,,,,,,-0.00799564763573446,0.13073681744520638,0.07702180610369003,,,-0.00445491177082713,0.1757516663440959,,0.11402003673186467,0.06807290572495805,0.04309824109683502,,,0.07273974552693252,,,,,,0.051499329079225165,0.1056211783615777,,,0.1274284115174944,0.09372622935372177,0.11925665559295573,,0.10791066925226911,,0.02731308786877773,0.15213028540396034,0.01491893785691878,0.21863190115012388,,,0.09505912957013174,0.11291585720301489,-0.006533173099174117,,,,,,,,,0.10248461418177701,,,,,0.08236650863223138,0.1467089494104461,,0.10123197431485709,,,0.1628913537625296,0.15511372647480237,0.07907430618217148,,0.07056891800146792,0.09071675136401613,,0.05271410986456693,-0.03373131753504377,0.12342380452507018,,,,0.082270842453259,0.06140074748124236,0.10470359537219442,,,0.006584548282344116,0.055583065719437386,,-0.02533194148365081,0.0603928118106809,0.07537910535647119,,,0.10029891619124842,0.13924702445057213,-0.03367005296595971,0.10246003430431516,0.1042725175483592,0.06850499491454687,0.13426033102956203,0.10890862683513625,0.11158100437713236,,0.10670128233315013,,,,0.05156095315150089,0.18933576528052987,,0.052383526714741224,,0.04958358254223749,0.06554431511715086,,,,,0.07957844002185954,0.12683307211431516,,0.08366884312531675,0.07672715998186708,0.07126023614463906,,,,,0.11433222392247289,0.017668496697791802,,,,0.10589997358323044,,0.10585457834061196,0.10080911859202368,,0.13324636846077964,,0.008948498106956526,0.09656003031209126,,,,0.04812583964339945,,-0.018814907172289952,0.024782819865768024,0.06951265707866505,,,,0.15289500844850346,,0.015256836874016244,0.010632468043030308,0.04387518202122287,0.028530074654882,0.11369527888459419,,,0.09144965706869779,,,0.05433300277437603,-0.11721119661992407,0.11284494104197407,
2015-11-30,-0.005804267559903709,-0.02350948118278462,0.002678358083460397,0.00018664893530129234,0.03158126896807145,,,,0.008246142418135927,,,0.023615375968649488,,0.06215055431957617,,,,,,,-0.022113043854022907,-0.011620685006610176,0.03873640311739246,,,-0.012564195006592782,-0.14123530889099956,,0.016072998623851253,0.052580960567862656,-0.014189147727891038,,,0.017303317283252184,,,,,,-0.010098296272956553,-0.028106008768021606,,,0.013121413475350563,0.02350876228545795,0.025479441665833713,,-0.05545922842240292,,-0.04747899674463529,0.01711377079832266,-0.04789716445580949,0.008902714680376844,,,0.033008405399288954,-0.0023737970590602675,-0.04026066342981305,,,,,,,,,-0.032410398568752496,,,,,-0.014268342079128749,0.03526906757328674,,-0.020068669312992893,,,0.03695247592696704,0.0345275241920473,0.01691054179633733,,0.08282092961569365,0.012337972508050132,,0.024223740066192656,0.0046246598703387765,0.03410909178608845,,,,0.009465963611114292,0.03782123330925247,-0.04729581203346245,,,-0.13820844511105312,0.014093652674247448,,0.01213895523956765,0.004290564839443345,0.037518968289089294,,,-0.010809399241582751,0.024989693616867426,0.06057079167028867,-0.0541593867944532,0.01920975835811123,0.02154568873699514,0.022261313247448067,0.0025367956486650467,-0.04746193536296561,,-0.03018644690808625,,,,0.040339527754061466,0.03944401825926547,,-0.019763883533378768,,0.13794056509645358,0.009539577372075891,,,,,0.003347808242785577,0.014086230297019942,,-0.019865261015808877,-0.023226174128026966,-0.02016217443551971,,,,,-0.01142514640305159,0.058165538476389944,,,,-0.17078953009131725,,-0.017673038773684313,-0.015682108556520857,,-0.006498511561009113,,-0.00036260335997762017,-0.0678433566760892,,,,0.004774742547399846,,-0.05326306756038224,-0.032601360189762896,0.0582653229723753,,,,0.02468235162029142,,-0.04304611807078973,-0.054303429659273705,0.006916830240354832,0.040540237373881016,0.02026290656992158,,,-0.03050342243038362,,,0.024726973301983923,0.027951968831225527,-0.0044492634220218985,
2015-12-31,-0.11022818067021223,0.018744215902590122,-0.00022233052727649305,-0.025368460787477454,0.02711571596062501,,,,-0.021005306132659496,,,0.007634952965606123,,0.016681610623862753,,,,,,,-0.029173753767288257,-0.005912871819424459,-0.03170495515380101,,,0.06794262618422375,0.020899218300128863,,0.03218714383208443,-0.05976283532024551,-0.015288262418861054,,,-0.04326172211935442,,,,,,0.014311872318202079,-0.07279003060055644,,,-0.13617050354612759,0.0004952398748332421,-0.016187771751989044,,-0.0033028002897669273,,0.03911120357522946,-0.01489299284001877,0.004007322238471334,-0.003694399105290347,,,-0.0350308067596764,-0.06800397932926638,0.05357147525720074,,,,,,,,,-0.016748426038247444,,,,,-0.06213302216483407,0.048196856975415425,,-0.040893685318460715,,,-0.05060216259046113,0.019872824504135966,-0.051521192764130475,,-0.007802550783961526,-0.0036556976627359905,,-0.046221429080004484,-0.012910817827718302,-0.00920349301695067,,,,0.014618548712267643,-0.009748158318735656,-0.004520638311132585,,,-0.3669920161655491,0.007977144047996099,,0.027060408837797922,-0.009171202980027604,-0.0073110567542638005,,,-0.00571864883004547,0.03486321661612535,0.04161582289153776,0.030915378241015867,0.02605682324999381,-0.05637114013509115,0.00402931252819938,-0.03793592474009588,0.020629600784066504,,0.005026433987788792,,,,-0.07259481614801455,0.020791283958705886,,0.04035650469302743,,-0.07256956494573796,-0.05274383703119767,,,,,-0.0626128599951461,-0.09578668693022563,,0.004592657048271276,-0.014952538110657443,0.06106375264922881,,,,,0.01789545962670691,-0.0020939630050729185,,,,0.024595364345751936,,0.00020798650384312722,-0.022153372268005844,,-0.0959170584406771,,0.05051622455806659,0.044029311169738294,,,,0.02197792714896707,,0.0015174061942442307,0.004390685141644424,0.02606717821212734,,,,-0.056950863309573996,,0.04824888506971958,-0.06849290246660822,-0.06581866436421924,-0.022004019167787492,-0.01847867254382729,,,0.016941813848072584,,,-0.013429554034316338,0.05053503814901239,-0.0454326441852525,
2016-01-31,-0.07524240920700076,-0.063527707048463,-0.15188478774777237,0.00995206406910154,-0.05120294936109304,,,,-0.08859140707427682,,,-0.059138714104560286,-0.026920921235563,-0.13151543200295757,,,,,,-0.07881508303968221,-0.22740228996878298,-0.1691680613640979,-0.15983347330265574,,,-0.10866658358633463,-0.1646966132550478,,-0.09638008158274891,,-0.017191677742309452,,,-0.17618240796448115,-0.07270061361609792,-0.032349076469583404,,-0.06411799618688596,,0.019865302983493205,-0.00836571122150398,,,-0.16298992402730206,-0.06427239890643255,-0.13188788986893407,,-0.11725412001969593,,-0.007632231171438297,-0.03879501187791401,0.06697242603742115,-0.18414906809096354,,,-0.06707562726640415,-0.08812336747578375,0.05476937614504207,,,,,0.005934968012105024,,,,-0.12400967959770437,,,,,-0.021037330799832277,-0.06581057807610702,,-0.1797606626500171,,,,-0.02141393486238019,-0.1035897236977037,,-0.049073836815598404,-0.003572660496901525,,,-0.09322784129293038,-0.09956464126250897,,,,0.016744456451242895,-0.09284971438589418,0.07284179091814447,,0.008798110909689072,0.11232432266517223,-0.0009306848345536078,,-0.06123945605111325,-0.02832138347712798,-0.05381124060782683,,,-0.08372618699675494,0.04774000745222318,,-0.03880493967834253,-0.013000592241479092,-0.0738436315104819,0.07213823873317504,0.002390109343295199,0.04981967332358761,,-0.040704419764513,,,,-0.18160319276143422,-0.007029582407797386,,0.07527191157083757,,,-0.007840079182308557,,,,,-0.0019240455780987764,0.01804485080869811,,-0.006205095959785023,-0.055452201008331814,0.03767847984254491,,,,,0.023887767904328117,-0.08546352122071721,,,-0.00165754692644704,-0.0930190417412784,,-0.08722799110242163,0.012326912749363483,,0.03612885227363494,,0.04552262107735583,-0.041967060824332436,,,,0.06756525403640046,,,0.004653861550617533,-0.06901653250522477,,,,-0.027003120098619937,,-0.02108143187952627,-0.07928415111175979,-0.031487320015781695,-0.06116671768063453,-0.039458384030834015,,,0.09443169245263028,,,-0.07597549648081436,0.08254463889721375,-0.0012826719307196255,
2016-02-29,-0.0012877122259025153,-0.0052824312753729785,0.023513708304001124,-0.05002806181635777,-0.04465382980123944,,,,-0.1111900808713826,,,-0.06194375337315361,-0.022683707753301086,-0.058739383590420524,,,,,,0.0019446897183708067,0.038878466956570934,-0.007128759847747745,-0.11456876443949537,,,-0.04995233374647834,0.18802410876243192,,-0.003700601380826951,,0.03390609348556639,,,-0.08759977879221403,0.08772497711371763,0.02175626992434654,,0.047852456343577154,,-0.027987358612012403,0.03625907215378099,,,-0.12759551052983986,-0.004521040637840312,-0.004554670959580176,,0.10046265980495961,,0.006004661373566034,-0.02280159589885966,-0.031176277817584808,0.15738130544000528,,,0.030236368072688258,-0.0031309086990499724,-0.003126156212764797,,,,,-0.0884259102699001,,,,0.04773852677203538,,,,,0.018688821072528228,0.009391008494244124,,0.05120440795021852,,,,-0.05796278075835759,-0.07044001758160734,,-0.013040469982002034,-0.012338523427162906,,,0.06072972611898453,-0.037703278077080515,,,,0.014673415031590142,-0.05378147703729097,-0.013323208829842725,,0.014639560237323934,0.09969632071913903,0.004892430485496924,,-0.08342073586584542,0.030428610198622863,-0.05763360730499012,,,-0.023699494451672853,-0.04606717026662466,,-0.059628817831476444,0.019362594479105155,-0.10615875322330715,-0.047143682823931776,0.04637971702736077,0.007527462782171979,,-0.00907828291415036,,,,-0.045594790149747655,-0.06978928844740928,,0.017560342946264962,,,-0.006773149563329528,,,,,0.012944083686769359,0.0015575543188146579,,-0.014904328264445432,-0.017110958005333354,-0.017138812713411222,,,,,0.011331771512830269,-0.06162739571059628,,,0.055340381029856944,0.13071749742335181,,0.11005108390655427,-0.038995578563111866,,-0.0003482543394708326,,-0.004138404840669518,0.027710774816532835,,,,0.024680782514141297,,,0.04336727968079268,-0.021732751546969742,,,,0.0017002353169381923,,0.0342133771728268,0.10285188197538786,0.044230032064202174,-0.03844225895487263,-0.026274718612249948,,,0.015208907526273796,,,-0.058667399952006094,-0.0003013099068177594,0.03888828343108841,
2016-03-31,0.12721082196912192,0.045962558924639296,0.07976282127027812,0.151007026110483,0.1015854535627927,,,,0.08341350296790173,,,0.053767304565323304,0.11030354239518347,0.07442263797657844,,,,,,0.15706198110433056,0.1047139420434593,0.07412452107020129,0.08398172950333715,,,0.0034692539121894406,0.01877148867763645,,0.037629799901776506,,0.05746446164632757,,,0.07464610140312011,0.13057631488397936,0.03716277035621518,,0.12736687139753644,,0.07632501564197236,0.058028874058952296,,,0.19036348822866733,0.050323678128911364,0.08974152552146997,,0.08747124505408932,,0.06751070593450081,0.14333683482436776,0.08523089501026115,0.05570514144033756,,,0.06441479599039956,0.039677660268089054,0.08616054030641207,,,,,0.12109992279004378,,,,0.07913658329093187,,,,,-0.03595792333456482,0.0909399860002631,,0.05791114135559661,,,,0.06369044947162505,0.049822865582768605,,0.08091930518576529,0.10557489127744124,,,0.15584186293522273,0.09327459749278,,,,0.02841931766349015,0.05186527456768286,0.027591358957447465,,0.03957509576936058,-0.012714265426274629,0.08397378871321481,,0.0001393482569040927,0.0264606272198451,0.12172361620366678,,,0.08720597879153735,0.0724462461041584,,-0.005830047739101563,-0.025961303649877365,0.11071787919858167,0.06715294308848496,0.062217002199967286,0.02691305841434799,,0.06299334797294365,,,,0.012550060670969865,0.08549554553316208,,0.048927393959891985,,,0.0006247725268235804,,,,,0.11228950869029641,0.005047707476384833,,0.05512378777500326,-0.001011064928674421,0.025159154754940793,,,,,0.0890440526492553,0.0400932542608432,,,0.012060797926517042,0.006891309251596978,,0.03601767845341941,0.025596933640111397,,0.028304381323269734,,0.07368228551784162,0.09466066661548389,,,,0.060081622594290174,,,0.05735480569659934,0.09717550227041749,,,,0.08298738473575717,,0.0867499299553538,0.008749445651654586,0.09238752461522703,0.0603831805099726,0.05649976313155736,,,0.06603632699978834,,,0.030690209980495542,0.04005192757426057,0.042919307071171975,
2016-04-30,-0.13992113806783102,0.07818872233322183,-0.06436447646303844,-0.01198948871938732,0.004477592273782305,,,,0.032747600752769834,,,0.05582586884530372,0.029519088893012135,0.11109428941783261,,,,,,-0.05663423572379955,0.07079467168543596,0.06191893519272296,0.07692285127420861,,,0.05635365126540304,0.042437427046222,,0.12993117025593248,,0.025373489715482034,,,0.10967528232147927,0.02531726303860693,-0.010827014101558285,,0.048461261533981004,,0.009314856066597876,-0.000797730079464487,,,0.1867393028014792,-0.05718942607980426,0.02668304167887814,,-0.025592018673137984,,-0.027142334666813595,0.07106937269097013,-0.048588915970154356,0.03440852428011021,,,0.019924034632955223,0.03977443800358338,-0.023549662124627835,,,,,0.14080282435526836,,,,0.015522812130622343,,,,,0.07590012085567399,-0.03271466323558636,,-0.03973426233201782,,,,-0.07211938988178768,0.045419473451562054,,0.0034474859805104785,0.019812725448135504,,,-0.036381260196847176,-0.06398761036790113,,,,0.035859393772892156,0.07510792818288303,-0.006237129164045285,,-0.06928846249666387,0.0012439524954714898,-0.034274820445754695,,0.048882017843129066,0.04911990383907239,0.0072124133093665055,,,0.02842029234737753,0.006444981778766179,,0.07078718001210915,0.05533309361596617,0.026399723524064722,0.030499473586006465,0.004501281102003096,0.0007978696836281607,,0.03647729005137568,,,,0.0878901766625404,-0.09704885147203546,,-0.006422056701620438,,,-0.04115820703063289,,,,,-0.02203406282514686,0.12012270764945066,,0.004684484580564252,0.10357612110887571,-0.018632950828967543,,,,,0.00010183159203225323,0.04438502382317755,,,0.015025942927457958,-0.012123761831066004,,0.04265716798974828,-0.05812382935398497,,0.08935598513834253,,-0.031509592651839835,-0.03139316127676872,,,,0.0074012452513469995,,,-0.032290803232123966,0.018786788062435944,,,,-0.00027766052762756566,,0.02156699261633732,0.0965431934796308,-0.003792495849570199,0.0517371385975538,0.009936933628944988,,,-0.04811939127187814,,,0.033499151528862736,-0.02365325186526024,0.05754303332994226,
2016-05-31,0.07177314779147648,0.03163908119564263,0.018766223085296296,0.05357778892077647,0.055720653067094394,,,,0.0369045259129952,,,0.0043579334791350455,0.008581410179391735,0.09581709440582009,,,,,,0.0590738234503676,0.0050434103911143335,-0.056535809451799146,0.015796336447141845,,,0.053602026529729896,-0.05904040674858768,,-0.006649956759184894,,-0.03395657538138863,,,0.006266081076957697,-0.06703491148751417,0.07424091607010808,,0.031568020989604983,,-0.0071911029972995255,0.04180369144356266,,,-0.0784370992023572,0.004320270775278967,0.10435345868791579,,0.05674826423403467,,-0.04029835343521948,-0.0010997792768567827,0.010913446913673575,-0.023759826406428264,,,0.01664096324861708,-0.03912465038428958,0.0034299045068064693,,,,,-0.015250914361016776,,,,-0.005162420021231462,,,,,0.009606966999077926,-0.01691049644110354,,-0.013037433053103786,,,,0.057876899344338595,-0.024228962677256938,,-0.008109880579472817,0.0013370878081639948,,,0.06361232170613174,0.05227456455771229,,,,0.01262128165895593,0.03275323509227168,0.07290717379233236,,0.014777687137715878,0.01801805207829532,-0.004464273077834147,,1.3762243834536392e-05,0.02355972572427767,0.0540643768004212,,,-0.011238049022584962,-0.035022634581155176,,0.035614570985014415,0.016803771561781033,0.01925631392906757,0.01046108812715496,0.012311813897479817,0.01483043028124742,,0.025893301001034263,,,,0.011456538141257244,0.07019658500363413,,0.029119962382422537,,,-0.06311486072642325,,,,,0.008529581703220046,-0.015785991234181784,,-0.017385704229040067,0.07033778619939834,0.011482745417062068,,,,,0.005707391532578043,0.022328450017189416,,,-0.035477142760943825,0.09752988105581539,,-0.029914421005689862,-0.020415197377615102,,-0.044149612769167734,,-0.0020680259010996682,-0.009782494964259092,,,,0.008500692393341058,,,0.007324235643425325,0.05213150614789308,,,,0.062412323315602425,,0.015112734091010882,-0.028405315889479366,-0.011317787311881933,0.003045363301335202,0.023818902139695286,,,-0.0007851380702315058,,,0.022577218952763323,0.06622154057210716,0.01547708343585974,
2016-06-30,-0.04266015138868129,-0.01620831390965327,-0.008074696023925743,-0.047743095426139415,-0.036996081833864936,,,,-0.08104667636307028,,,-0.03672056673034607,0.07933782754585428,-0.009919933525815994,,,,,,0.009913300736636765,-0.07138325085345465,0.029488669359013286,-0.09972840812937589,,,-0.16536085957754,-0.01259163309312239,,0.0312438236361412,,0.030240502369650812,,,-0.08975736126909484,0.04551058877877723,0.03826309502855607,,0.04430436119520076,,0.0396249982242014,0.02985785924950246,,,-0.004338467307692717,0.05558926741740122,-0.051367658688030726,,-0.01239291190632863,,-0.007361381668388733,0.03792096287521818,0.08916836913462056,-0.023133751014478232,,,0.028512970052951392,-0.01410995173924412,0.09663851569863047,,,,,0.025319972325034357,,,,-0.06819841830301288,,,,,-0.012937342703863819,0.04923878962778616,,-0.03641748628331554,,,,-0.060519656461384574,-0.06834697021258573,,-0.03353015049134944,0.02187497942802219,,,-0.012748632475727883,0.03830326423326791,,,,0.07640440050904607,-0.04795453713291564,0.06358960290789373,,0.08988015259985094,0.035397853702877624,0.024161771918559838,,0.04957983550276168,0.0505441646087883,-0.011980319743601586,,,-0.08175195319849338,-0.006844300238401546,,0.02714631654910815,0.07815581179153441,-0.125576314804572,-0.03812821439891234,0.040399279430680224,0.09293273353215659,,0.032354712040858935,,,,-0.05078570832930851,-0.03452844435795288,,0.08558117122883169,,,0.002557791775243512,,,,,0.018159109493724124,0.011459337808460202,,0.055000800486862955,0.014697339968253287,0.044792537025301504,,,,,0.04126553850961412,-0.09304625603431715,,,-0.03387142771695384,-0.024581241375260632,,0.01958632205103905,0.040626628366097206,,0.03643517668523888,,0.08474924619154645,0.09745018804988859,,,,0.10370389073369157,,,0.014581743955391024,-0.025458740577942507,,,,0.03382820193766478,,0.06114319889124298,0.036346531637452495,0.04491260181766399,-0.05190174015917848,-0.060425376380684126,,,0.09705309139262175,,,-0.06683738612323975,0.03164728220411406,0.053021451319138935,
2016-07-31,0.09006320389494915,0.0791701980428563,0.1453989069956214,-0.004236915521673379,0.021609767982460504,,,,0.02930590894946783,,,0.1306609403011032,0.019012086400964412,0.06035326650727413,,,,,,0.042342332154615914,0.06089585925101737,0.029183037317713323,0.09193655913570908,,,0.19894956535610064,0.0820244494601623,,0.01713141302989496,,-0.0035913325352830983,,,0.03724617043417955,0.10219305562857528,-0.041695295757884776,,0.02724805696365462,,0.02214976868148355,0.035970111156680584,,,-0.05815944186217159,0.0648241468563091,0.030096778248921208,,0.07382829109930045,,-0.027276292011080505,-0.02241723651009242,0.0011551786712420409,0.07966182320197923,,,0.654380984595667,-0.011991491581493374,-0.0023312842082559015,,,,,-0.018682289395936302,,,,0.018203444450005213,,,,,0.0549415753839817,-0.010800539416771282,,-0.047350589704366675,,,,0.12481363007720159,0.06885155363583761,,0.08262170995779661,8.572303471576781e-05,,,0.058242368421644874,0.06280449126330812,,,,0.032398902596369794,0.03746347355379864,-0.02362107982277295,,-0.057681289238208144,0.09274987770684628,-0.037502559291704096,,0.05257191200389033,0.01837434202768784,0.04375533377009577,,,0.083869440287488,-0.022353397482758774,,-0.03361953508609439,0.014925045119364544,0.0730602822324975,0.08452939056147168,0.018501634792904564,-0.01827109089915202,,0.018226124842727565,,,,0.11346975384701863,0.10768051449431337,,-0.016181281973130845,,,0.00543482529613426,,,,,0.006376135405314232,-0.010984825202796533,,0.0281290897375035,0.04771392141032682,0.018787312044599824,,,,,-0.01435310304161963,0.02232935482568288,,,0.019994459776434326,0.1681912999112407,,0.04973210208784251,0.016281628839619033,,0.018209251161916518,,-0.0024241496144536967,0.04674981481613849,,,,0.016756908301686524,,,0.05813849977141006,0.07498681361685477,,,,0.11929608661766955,,0.014163913429079633,0.06647538509658024,0.0035280146857059602,0.0456236621969377,0.05231254546807618,,,0.002317192952433711,,,0.013521919849624808,-0.0006847635449197531,-0.05109902364359897,
2016-08-31,0.02365182010180633,-0.03216112314345687,-0.06100526325971434,0.019412978906308886,0.04547309340371619,,,,0.09900808389141025,,,-0.005704787580931292,-0.020644035343380218,0.013639826927226206,,,,,,0.08914688659727776,0.017374737093151404,-0.023471896833547112,0.11905573753363385,,,0.05415104543733107,0.04880049007555076,,-0.23285657340928845,,0.04311361361684307,,,0.08970483941679053,-0.00978721919173875,0.013332208295432801,,0.0951164337817787,,-0.0012090328185241361,-0.029591172381216446,,,0.005634447094615025,-0.02807269160589787,-0.029095289313290862,,0.029806930889098693,,0.007334192748066348,-0.008198505788023946,-0.040513712205118346,-0.0005589910488297267,,,-0.0003685504368612369,-0.015529133046777721,-0.05979624098727265,,,,,0.08310873746028302,,,,-0.004739363116004203,,,,,0.036285176355659976,0.003211225799288453,,-0.013715980119044402,,,,-0.0018828197973562721,0.07123415422705026,,-0.024827682486517455,0.008428909616587266,,,-0.0022901067358604976,0.03735103996886502,,,,-0.04067633522187142,0.05518234548370149,0.04287759051517592,,-0.011501402507721581,0.07476654723265241,-0.004583715084250151,,-0.056033323429057424,-0.03208095591830529,-0.0695185975331114,,,0.014594474408862856,-0.009274506923054981,,0.023647902220661043,-0.006847393233569199,0.024822933861281093,0.017589203869255776,0.011195539288988643,-0.023781707915915495,,0.07040615506390435,,,,0.11590652312447514,0.02007995435015064,,-0.050658428957882085,,,0.03855851434926727,,,,,0.00438566577210131,0.028368818332829226,,-0.012990549521620154,-0.048813309702552155,0.020095784169241515,,,,,-0.0032913071005887806,0.09013907952962397,,,-0.00241657427524522,0.016384560152907346,,-0.0053190501650397515,-0.027979129566368388,,-0.018876836080871207,,-0.030291358060125062,-0.0436281609866912,,,,-0.05567116561541485,,,-0.04934424972197704,-0.041866340270827695,,,,-0.003010736828349958,,-0.04992973737831774,0.03262293205964739,0.017517096452785097,0.04695301738189683,0.038314013591946194,,,-0.05558564192682636,,,0.06749923542727565,-0.01426541909018908,-0.01199432462104355,
2016-09-30,0.06550422931625244,-0.01606834165552673,0.006425472984531444,0.062347898002028,0.060893397572075125,,,,-0.002780223638988444,,,-0.019111199611276275,0.0044661253575968285,0.08860318280928259,,,,,,-0.019157003131501815,-0.023482799305067692,0.01769049858739269,-0.030359506987088003,,,0.024212262468541912,0.038652239345636774,,-0.060463747826223435,,-0.040002684914078546,,,-0.010682589638230211,0.08322132042524166,-0.004602047868591197,,0.04960930830656918,,-0.002690576666035782,0.016549190988315088,,,0.058952546099216185,-0.059102736543220735,-0.1018637092663277,,0.008905805158244906,,-0.04721655137435954,0.023264719086985686,0.0014835114266402716,-0.02521375863355857,,,-0.03554285166294324,-0.016938318223333693,0.004769628331307674,,,,,0.09289225862521211,,,,-0.04206340878467485,,,,,0.019313860678114025,-0.04445650687439007,,0.015556265840622086,,,,0.017990591642940368,-0.04833010753914557,,-0.04056082334003763,-0.001028167111564171,,,-0.00018860782818486133,0.05182518352843557,,,,-0.010138840910690838,-0.013481653150886008,0.00022341388399138573,,-0.007931809216732089,0.05858112314771158,-0.01759744786116324,,0.03228246974554816,-0.013376018980411297,-0.056818177719648366,,,0.05319268398051258,-0.0025939848741114435,,-0.020566729764544878,-0.0022819826419681055,0.02373293202901139,0.017047294008047276,-0.016793050307163604,-0.03416400978342027,,0.0012365479605576102,,,,0.0,0.002436362032318229,,0.011410322174808973,,,-0.08402904748750395,,,,,-0.04706465471067223,-0.04180257208415461,,0.018922535620162773,-0.02672405282134671,0.027946342013612124,,,,,-0.017050382436147316,-0.00011087751921889932,,,0.10282616629521946,0.08609474724042143,,-0.045382063669243355,-0.03716865980859896,,0.0017857209496068283,,-0.000584220660737711,-0.03926299876304751,,,,-0.006604779741503308,,,-0.03434942765306581,0.04621348601956443,,,,0.009202957998887262,,0.03378501217513885,0.02093628696432437,0.0012816598283633684,-0.022157395644240685,0.02224936935376043,,,-0.006688383228927619,,,-0.12834615884782474,0.009518359174892632,0.0016067362626848158,
2016-10-31,0.004334394835850963,-0.10743123923647036,-0.06622251113927691,-0.03864153321441899,-0.009489577764960733,,,,0.03977098181276029,,,-0.15376744447467028,0.03405956225418727,-0.056717349489147195,,,,,,-0.012984065563729441,0.04238350861262985,0.08114449366242016,0.05431352131429157,,,-0.10494203824431769,0.0018619526392336105,,-0.04927952974115879,,-0.0011767022046713649,,,0.04065204231317976,-0.05151798841503752,0.010744104235269392,,-0.07437864110923609,,-0.03223271239272574,-0.06425485892358995,,,0.0053213285382540665,-0.030424447240067543,0.05369433890117814,,-0.02479346266039051,,-0.05027797574125403,0.017780681681142996,0.012521768532545385,0.03820220706910549,,,0.0020409062532731337,-0.0018305131054501267,-0.0002500296266514379,,,,,-0.06340620743204894,,,,-0.015222825601166612,,,,,-0.023653780258596768,-0.01755568737943325,,-0.0693886002107601,,,,0.007263281452204229,0.10522737567498952,,-0.05183389563987184,-0.05425506065625907,,,-0.03248346532149793,-0.0762914855788226,,,,-0.018116002839319245,0.047656994150447884,-0.006256369975169873,,-0.09299186854692543,-0.11143506567550043,0.001890284941928,,-0.07998977961020015,0.02778203896228204,-0.07244748940980272,,,0.05356455097483748,-0.02418490731599754,,0.023690087082671285,-0.05069483278213982,0.056943096133572624,0.021205229606075182,-0.06202106647273642,0.04570636894682689,,-0.05912539281693785,,,,0.05337092423454415,0.04027750295964516,,0.04643584298293524,,,-0.0469134023089256,,,,,-0.018104768848206332,-0.0001365128436462415,,-0.014434369265066027,-0.06377322896835791,-0.025402415694097624,,,,,-0.00802323173952757,0.06765817509901084,,,0.016841547907756604,0.0032117073919384342,,0.005905611811013678,-0.01976379214330959,,-0.005213059321502511,,0.0052627422438662474,-0.10168589512097792,,,,-0.07940224973009657,,,-0.01377381666483568,-0.07563187253748194,,,,0.009547312249753803,,0.009500134631104329,-0.0958682773772287,-0.01463057195615658,0.04360025745467078,-0.0022974991641903086,,,-0.06409090643429771,,,0.03906948449360148,-0.029118176378226557,-0.04537107482477154,
2016-11-30,-0.02160092299180183,0.08999614886820662,-0.029816276528470187,0.02744330135699613,-0.043716905257625394,,,,0.026418041503925238,,,0.027509011089176694,-0.1273144073818332,-0.049694904402671325,,,,,,0.0012330204286465918,0.0846132579874852,0.06519854862571961,0.28474865903677493,,,0.04957532661695385,0.01997673838457259,,0.10862279994648572,,0.09106028490474327,,,0.15109843676014711,0.14497927661682453,0.007874015186237981,,0.10172475181493157,,-0.08590224752769127,0.1243935861372647,,,0.11668573539220839,0.018272886365539476,-0.042043565470790356,,-0.028030891715121076,,-0.08573159216656867,0.07567376206277676,-0.01635192617581227,0.03549497859134787,,,-0.004837754770670832,0.06937108299280292,-0.0676059334507344,,,,,0.13382010813426515,,,,0.01873915087030653,,,,,0.16326081415586025,0.05704424237870098,,0.0009506185329879457,,,,-0.042005104864646925,0.23412081205598123,,0.06619999155697842,0.04498378729128083,,,0.06507662294279992,0.002659425446908781,,,,-0.033803583656581204,0.1575223014882734,-0.07546449716242143,,0.010488140290419778,0.08663730342637699,-0.04030384496941608,,-0.08505492663851788,0.08400790839116312,0.05851486767644287,,,-0.04503819518785057,0.06775783834729188,,-0.08233154636922824,-0.10985138001416683,0.18162227567605127,-0.09596164749390279,0.04562024622187155,-0.03312191514416074,,0.04206423472906251,,,,0.23205230643656782,0.012468335716967038,,-0.10073654966562984,,,-0.0021922235586220307,,,,,0.04607007699724086,-0.021259538994957916,,-0.05932309774642075,0.02366904262820335,-0.04999973085204101,,,,,-0.0846122046952521,0.1562761100706509,,,-0.05712916462084572,-0.000831149061578107,,0.06051160061725347,0.09739104396852305,,0.07439603495926606,,-0.08148681471549024,-0.0251236738133368,,,,0.05001314190969253,,,0.0660170300284324,-0.04706556700784392,,,,0.051106335058401786,,0.12467566022735488,0.15597701352581694,0.08326613849345121,0.1085788601433404,-0.06092921692246389,,,0.037421937746807465,,,0.15976739942958096,0.0058557306128279585,0.05704553061314588,
2016-12-31,0.04795486410233307,0.02993449500915224,0.008930558927674692,-0.01925820529047151,0.0013617293354044602,,,,0.036429103187186174,,,0.014853637786790497,0.03899597589347681,-0.0009326204826223261,,,,,,0.04276286156830511,0.02831719769221608,0.03400608009189088,0.046401422482338806,,,-0.035671848507786486,-0.02501877994321533,,0.03543587753354305,,0.035187964940452066,,,0.05391032289245845,-0.02951017328466632,0.03758347338624257,,0.04580297112696319,,0.003219420276043383,-0.0027048531973172807,,,0.03338837610063372,0.06661753076751808,-0.04916687202132264,,0.013413319995393636,,0.026271112612070047,0.05503808442103453,0.04502624039634595,0.03502430114739008,,,-0.0026399514347028585,0.05955594748721027,0.052189331824639806,,,,,-0.013850840667625985,,,,0.014214148383111302,,,,,-0.015340554150916175,0.03504012042265936,,-0.02210215983283481,,,,0.021356282467404952,0.09193311045918962,,0.03616712254637999,0.016763086512847636,,,0.02324015170928817,0.045244973730788285,,,,0.035130455356470414,0.07633772609525447,0.06944237380520013,,-0.004884495097349895,-0.06711703370147648,0.027509424110705005,,0.09579819514579957,-0.05771900665132523,0.008078957612654536,,,0.010273777471927259,0.02054155115911649,,0.07948094902974079,-0.01855411873737689,-0.020359641746166335,-0.02845795530786921,0.03976940567844167,0.06732822424736362,,-0.030532217802634154,,,,0.021518706038884616,0.031198291379164855,,0.04578487053401337,,,0.018841728004443503,,,,,-0.043294631496431424,0.009070051216576891,,0.045254669282329685,0.010578696437075541,0.019645987047265612,,,,,0.04828146978706971,0.05807851477946979,,,0.004837063584829826,-0.04300580898393502,,0.017638570152880506,-0.04226328458764217,,0.004719527684274194,,0.05061941049576646,-0.01102140421738751,,,,0.10095782216046456,,,-0.04097487616998008,0.00810783771463175,,,,-0.012985002048966465,,0.010863783438703534,0.023191485096915043,-0.01104235914576035,0.04083954544336099,0.009053181377985053,,,0.06973972709581933,,,0.04138341187644112,-0.011576168353467753,0.03390592091178135,
2017-01-31,0.047746346482033575,-0.014267394606042982,0.09450176140295596,-0.02783234274357349,0.10131132214039251,,,,-0.01607715670885712,0.06135716117380374,,0.07160929249600301,-0.0206281494809204,0.09816368315796908,,,,,,0.12858526558814587,0.035444959269939735,0.049717357879726976,0.024434423674337902,,,-0.022356994985874956,0.074396694513166,-0.017238419717406916,-0.15324030199777272,-0.05192510657189375,0.0071174603786869906,,,-0.060575407426562644,0.0400447268038604,-0.0047683306974126705,,0.1251389174040174,,-0.007437342785734824,0.0922520592119731,,,-0.027523032214184284,0.023983983610215365,0.1554192986176075,,0.02527403581613008,,0.004771001116377516,-0.05395091005944164,,0.042118098829295514,,,0.07810917934213668,0.061696430077915476,0.01185261592535336,,,,,0.006358945698600849,,,,,,0.01562823385167067,,,0.05331544545960476,-0.06012682260234781,,0.01172971225542585,,,0.05080370692514835,0.03500531398172524,-0.04230547300978582,,0.026103831092984864,0.021320695453326044,,,0.05138893093789143,0.015163971623183281,,,,-0.01701272929256481,-0.013810611998504974,,,,,0.0026532834219077372,,0.04731548503441374,0.005561283294124975,0.03259574438492008,,,0.031964647593348605,0.006982983737295001,,-0.0011278631609641376,0.06724655922962319,0.009649018213689242,0.13272491101492223,-0.020999838016309003,0.05264708034904508,,0.05299821166909213,,,,0.010270236268111965,0.04039279307118515,,0.03566054677426256,,0.136591273756832,0.04072356904363206,,,,0.022859605759961488,0.04725854843351174,,,-0.008124106831708833,-0.023091037931594505,0.05012146394260153,,,,,0.05071609028762292,0.03461513661417914,,,0.007854127386989873,-0.18052147239263827,,0.00045593856879988515,-0.0054035663758672525,0.044844389337591384,-0.00285843987987755,,,,,,,0.006612122612142057,,,,0.08001410488491056,,,,0.041791488028880996,,0.012871712944692693,0.027970849821729482,-0.04806353213401171,0.024917390460863942,0.0601127481851782,,,-0.07204986735204977,,,0.022137476559109137,-0.03443273961728688,-0.07057393050091798,
2017-02-28,0.1337781390355841,0.011945778748314817,0.07924364870936618,0.07578828689150963,0.04374668552325334,,,,-0.005291002877632178,0.06053276720780354,,0.13446240845143076,0.10908221621868353,0.026181549535707394,,,,,,0.057292902699036974,0.048180738924412436,0.11235050259808999,0.09010566502672424,,,0.04097538691852143,0.09459546233142047,0.03604412819921832,0.1535803238637765,0.0538784369513543,0.04435237484079102,,,0.07435458897108682,0.010453467905097158,0.05080251351335918,,-0.002747382666769549,,0.1300710677258683,-0.007690473728375946,,,-0.019186959200451215,0.08360580420341535,0.02844515189787189,,0.11263027369903744,,0.022459406328886544,0.01999843614345531,,0.044105433955404116,,,0.019422851545060515,-0.005061059693858838,0.06269930183015027,,,,,-0.04518573952025018,,,,,,0.02046435507646338,,,0.048210953678316404,0.011709367340527965,,-0.02719091495061443,,,0.006282356815943135,0.030163598461873775,0.08454746282726444,,0.05327778750425827,0.05787200819974814,,,0.03851588622240576,-0.009819937773219323,,,,0.08625766991839479,0.07077851188794293,,,,,0.009381672027758192,,0.08226968096815512,0.06798448748834862,0.017651728832757563,,,0.038841238445607384,0.0491112574578938,,-0.008130065461135705,0.06432547124177534,-0.02905651600054715,0.0400550709794798,0.07289520102859348,0.052542827412248805,,0.0625905876401982,,,,0.07484124900982891,-0.0043639884651356375,,0.0669623107877888,,0.010091691945373071,0.08052916766906715,,,,-0.0693527570766157,0.06182986141165325,,,0.06359619804299799,0.086277735700653,0.039612392592115464,,,,,0.13752217452340432,0.05620082502780188,,,0.055806908470972694,0.06696662497537553,,0.03236757868013318,0.03452131600798647,-0.018146746218435594,-0.034141507542848726,,,,,,,-0.008775860768174604,,,,0.03471340437187953,,,,0.014297625551971782,,0.020234476144278535,0.01853531866667102,-0.023445601921717185,0.0446341705097677,0.06525661571967856,,,0.012650537873140077,,,0.03449478131606165,0.06278092274094571,-0.021771349625667846,
2017-03-31,0.0486899368557725,0.05368709062176058,-0.01486253449029995,-0.021387752409519623,0.09962826525073099,,,,-0.01833037846423957,0.07399192712421976,,-0.07058304601478205,0.058802873703236,0.049110120630820875,,,,,,0.042777121415446206,-0.011866542780572531,-0.01869825806685277,-0.04125166992542162,,,-0.052598726107914384,0.03238732239645037,-0.0039344498627944535,-0.04108630095103516,0.0019096255635540071,-0.027651414909551808,,,0.00016707168634177982,-0.04034744733027251,-0.008940913796109284,,0.013186435330336366,,0.002877494246124046,0.004542812243631289,,,0.04834987456324025,-0.053561357751044536,0.014013232191859792,,-0.011117313241875593,,-0.02581314607540308,-0.04559967445969837,,0.02783286905837401,,,0.001398685674468103,0.029975504578952483,-0.006541364707579933,,,,,0.005773504524283712,,,,,,0.013345907921703759,,,-0.01375081520365573,-0.0003357846780751572,,-0.028907344891041964,,,-0.030353397665901283,0.003396906640900088,-0.07393364779193023,,0.01941628371392734,0.0029719475479723645,,,-0.03158724926659284,-0.003591409786623423,,,,0.01914755812673219,-0.03067740531522889,,,,,0.020366635076052964,,0.015698646047731524,0.0038261303458597684,0.10541908796685306,,,0.018196691299735557,0.015354312876962206,,-0.014842635220046141,0.0009799012199500634,0.007246023932592216,0.048030006095372224,0.0267238453129639,-0.039049124014850056,,-0.028411616396507022,,,,-0.061966332824564874,0.029384188628929664,,-0.020076389855343324,,0.039963401666906595,-0.021979482371007997,,,,0.07341354770182096,0.04742877490893194,,,0.020369134446462933,0.0026381134532509343,-0.013396063675029657,,,,,0.04196920791061798,-0.054939907328928284,,,0.02428572438800569,0.015226917483895042,,-0.0030206659311076134,0.026727664265066897,0.009898805420124557,-0.02812337895138406,,,,,,,-0.005743007642912912,,,,-0.024957220554778448,,,,0.05142224080094859,,-0.0045873964701360626,-0.018713895594631658,0.01456119332311312,-0.05863589628630961,0.010575582337197353,,,-0.017731117289230047,,,-0.03835508055260317,0.023685074908015524,0.008484862593487907,
2017-04-30,-7.016364577661083e-05,0.022038296086718034,-0.011328200980743386,0.022342778672911345,0.027741492929340472,,,,-0.024347337578277006,0.043959446341730324,,-0.004571248365248026,0.04148957008248022,0.043370871588667814,,,,,,0.00844914565417998,0.005882600606811783,0.045063815001724405,-0.01059759189813736,,,-0.00808288297901194,0.037556759830637,0.002763888037356832,0.03818808213209701,0.00042600009183968446,-0.00881921062219726,,,-0.00906325941881625,0.11157193766023377,0.007339488192215526,,0.05450322601337221,,-0.010389909909345518,0.04696526596874229,,,-0.03930231048203836,0.0586205005753202,0.04400557307220598,,0.016768833051025167,,0.056945093815756964,-0.006240393979387693,,-0.011646285015728508,,,-0.02572204272752454,0.019490324298368833,0.005974681221780909,,,,,-0.05014940013346281,,,,,,-0.02792757346855046,,,0.039855978040653106,-0.027180811390656423,,0.00927559607647166,,,-0.020362027404927097,0.09049297118157185,-0.02577063996419149,,0.06313422240078626,0.05021203156706511,,,-0.07953392628150557,0.0022179604179566326,,,,-0.008671343004399312,-0.0038722808661079133,,,,,0.01672957555966459,,-0.024372713707054072,0.006913582163513121,0.03682506886594217,,,0.0362651793465929,0.0796236033029376,,0.04526479296314978,0.031404996982734135,-0.019121675755304324,0.05772627254754581,0.02351972952070236,0.005040471384207379,,-0.019042861454976467,,,,0.016955650447571857,0.039477597416439636,,0.040430010455411614,,0.029700299412827036,-0.005741895810922215,,,,-0.04250434466337083,0.012188451938044853,,,0.012694444607393107,-0.008477051954989157,-0.0206044265158003,,,,,-0.018245955701776673,0.0005876223465777208,,,0.10925157111633155,-0.06278342784568869,,0.06042249214410944,0.02860079711773844,-0.048027862578499114,-0.07055068011599142,,,,,,,-0.031065929954614324,,,,0.07636746347613754,,,,-0.011033683726237475,,0.066276464058586,0.05702407577763591,0.0014912849255164229,-0.004271979130148651,0.026443331817783466,,,-0.047019989754222724,,,-0.03269826742578552,0.043007697254039856,-0.004389434335762443,
2017-05-31,0.06780756925609022,0.0012129985671878174,0.046288226337297234,0.026133718831165442,0.06071478079610615,,,,0.044656111744332705,0.13230203959519726,,-0.042601375939739006,0.041686722678056176,0.0752764613149639,,,,,,0.08455245679729329,-0.029148119904409242,0.02292068247617718,-0.036692197320701725,,,-0.08642744707471328,0.01639038523489833,0.06414965627060698,-0.037466465171661745,0.0012746648422314877,0.0004236551212719597,,,0.024018642928746115,0.030999351313510948,0.04327863770332452,,0.001129864777847267,,0.059966334795676035,0.06379179596271611,,,-0.061987941616078346,0.06054176218388241,0.04087313384797997,,-0.0745521300057751,,-0.06804933447646122,-0.020312549614677433,,-0.013375808681783896,,,0.019320601621877875,-0.06626297957863292,0.04933963843979838,,,,,-0.02367565424670892,,,,,,0.021823922809854013,,,0.0488158293872234,-0.055536356541614484,,-0.05339167310139159,,,-0.020496411629451594,0.06767844267303813,-0.05285422925539163,,-0.01090888818489899,0.019241609566917894,,,-0.0384860685837779,0.0063247198615816735,,,,0.04560196731626709,-0.05574714876426767,,,,,0.05376605500402376,,-0.024082550842669304,0.050084638251834956,-0.07198405363474114,,,0.05639604648924146,0.07832496415942924,,0.0346433979799563,0.014322279492997136,-0.01599261793557727,0.00805321812936799,0.05035590956113967,0.05098929709763489,,0.04460093413556976,,,,-0.03758364484672427,0.026005539407640832,,0.06648019883509182,,0.07141911435237835,-0.04367463387963533,,,,0.38544619885100406,0.009563757752395707,,,0.03877741367754761,-0.028124189657888987,0.008702539892151862,,,,,0.0808371916709314,-0.008768341752888542,,,0.09409042329875317,0.07618116103571837,,0.02481656477998273,0.06347030704955903,-0.0005996229988483037,-0.034439973006374025,,,,,,,-0.027756763941698237,,,,0.045121379795886485,,,,0.0418034255878863,,0.0017157430263676776,-0.009363165630766335,-0.006016265990244296,-0.007604982862010612,0.04581212513357835,,,0.015900510752266728,,,-0.04348453494919313,0.05248761637478139,-0.0047743061998335445,
2017-06-30,-0.0572138269100384,0.09830381712003833,0.06460753858366264,-0.006346919839297138,-0.0029606525245901016,,,,-0.012520864415443422,-0.09960747760438848,,0.1094428740133786,0.013584460465243753,-0.026763939876423892,,,,,,-0.022705793109611516,0.09487924820640647,0.053935920321271036,0.08255234654187582,,,0.09520918865207273,-0.0034999965673050415,0.03852573580073204,0.03280822132368866,0.08276756263847407,0.02474586379536503,,,0.10472435902249666,0.019254329856327468,0.02029780342383347,,-0.025177201553442496,,-0.029203422110478994,-0.06263248568558788,,,-0.016335480450362816,-0.11361783619578047,-0.033913457474365694,,-0.0072948247701679625,,0.04724734593168689,0.008214034597206377,,0.0253910692823196,,,-0.004828821226864011,-0.015656869818183705,-0.024393145843900288,,,,,0.002325323318841832,,,,,,0.12384663205716206,,,-0.02533796925818288,-0.005191699627572266,,0.09954545098024647,,,0.040961427492981706,-0.058160820903005006,0.050364462172168833,,-0.0007168331400488892,0.00225567182088926,,,0.007862066430898151,-0.065632688344064,,,,0.031501410646840755,0.11259920523174016,,,,,-0.005517837037562923,,0.03430964679971882,-0.012520636871265145,-0.015742282943286834,,,-0.011637095290206734,0.02140725483069228,,-0.06895375967650419,0.05303712605819344,0.08598528584163878,-0.0031689658798884635,0.01819347618990208,-0.00480678983542282,,-0.00842808131146977,,,,0.06756095896913994,-0.013030070475686495,,-0.00926228544500729,,-0.08376766347383335,0.11721300120868561,,,,0.0014547898777315105,0.10464839845629892,,,-0.01180807249015614,0.028790331752411857,-0.010670763720803444,,,,,-0.011194429847821596,0.051979869640301324,,,0.027964056239883295,-0.03579529838701201,,0.0068440036530135195,-0.0833203383568828,0.1086451455055506,-0.05388721613499292,,,,,,,-0.02076290412374915,,,,0.010597453350887465,,,,-0.06740187549397136,,0.06282497949862309,-0.012601991642486765,0.043597504901976114,0.025825641580236702,-0.015226535879318104,,,-0.0424527030732762,,,0.0834962569371056,-0.037150007669529916,0.0028569328243639447,
2017-07-31,0.0327037428071284,-0.027190729352633336,0.017325078718666953,0.041558802757281965,0.035704206480411615,,,,0.046864771276113215,0.07262174388127018,,0.013238166570519239,0.030304967247082315,0.02043385086583349,,,,,,0.058399515513021916,0.015571341422333962,0.2260933637916247,-0.005770604460697437,,,0.0671801738296458,0.0844576880643848,0.009753465626971769,0.028304417055196263,0.044137070075501494,0.033063743667471446,,,0.023474541286417905,0.0680487410028221,0.007428963312422265,,0.1636336473755291,,-0.020611756285696448,0.03931148592971012,,,0.03837737247730999,-0.008878685762517158,0.04849884236273638,,0.014179869900942554,,-0.00012752213889022368,0.04658320316402609,,0.02565425211697625,,,-0.03436370200822625,0.042332225933661816,0.018303971473262903,,,,,0.052991587015625674,,,,,,-0.04279259902630095,,,-0.004747700005519717,-0.05183288783223039,,0.07502136254758707,,,0.03006001929763258,0.01701641056043246,0.015457325404625966,,-0.024771600956205342,0.021232064771134818,,,-0.05954620178433223,0.051274349926447194,,,,0.003250363127722311,0.009901257050099144,,,,,0.022073066099697725,,0.0043744224110569,0.05230388148498899,0.0038980136250776898,,,0.054205038491651925,0.012927408478316638,,0.01921767598033064,-0.04893276229167609,0.0010923222752443618,0.12100932611633941,-0.03371903711669555,-0.12756804662692578,,-0.003276420987806117,,,,0.058116996876960814,0.054693457118368594,,0.042532424739560204,,0.21584903184280346,0.0008474386189949445,,,,0.12416978909636023,-0.00043190610575927213,,,0.009697783124533066,-0.01280105700713352,0.050286939985201506,,,,,-0.006300933577705448,0.03758941529551452,,,0.09092596718436696,-0.03676196489437922,,-0.02899035727316146,-0.07425796933164963,-0.0013965496936757527,0.04192002422659913,,,,,,,0.051556553675117245,,,,0.006075530140940089,,,,0.06429249149745186,,0.03446233025972334,-0.05463203638464631,-0.00271277052281349,0.01656404821341395,0.06163373523467208,,,0.09795700719893707,,,-0.026529403209041735,0.05695027418020415,-0.008546665326691016,
2017-08-31,0.10699967492570761,0.07709909205381216,0.03578699900134019,0.015059487765058721,0.059184912579922644,,,,-0.07593571705395552,0.020637078497881323,,0.025551489891034507,0.08596817190974515,-0.007268848531284511,,,,,,0.021933301092449398,0.010207491026756,-0.005652706768674687,-0.004469440942592384,,,0.09313167430422853,-0.08697060452533956,-0.011694199866564503,0.06291743533001681,-0.014142957247474497,0.03537750699103204,,,-0.001532885967343356,0.031066457131875946,-0.03441229526168421,,0.016761505481944772,,-0.0077562759719816965,0.003955377643502622,,,-0.037690014527682614,-0.008005199769502314,0.05165205078712032,,0.02416527113292677,,-0.03240319343470388,-0.004475759731669582,,0.03751532260070989,,,0.023683830437369435,-0.07941431074936645,0.03622452390081787,,,,,-0.10668490770834316,,,,,,0.03052482438683657,,,0.0255688311717861,-0.04138979300696077,,0.10014422205166906,,,0.015564357926132422,0.010301692540779284,-0.00366474241832071,,0.00772900417822342,0.02073446599811657,,,-0.0008902574602743796,-0.0038551484684962167,,,,0.0037071025191475204,-0.009913295727890126,,,,,-0.006326041222250001,,-0.010302054388945936,0.051602063058791225,-0.045349163998162245,,,0.043035928258081,0.0372510927396934,,-0.0763286939875305,-0.03989514307090847,-0.037730414777120136,0.01607091821595885,0.021500162311812065,-0.02416499095497282,,-0.0003132517450019634,,,,-0.029851058316538892,0.03395270597552269,,0.03701304366951419,,-0.03825826713715874,-0.10260028722542125,,,,0.04356141076217912,0.008011657510852421,,,-0.0006013214926151589,0.032910550602016864,0.015965521087407897,,,,,0.0018851703194158187,-0.026319798661065152,,,0.05345869128078973,-0.006411583555883449,,0.015830748719795507,0.020889894739009485,-0.06818509659332661,-0.07419843058477393,,,,,,,-0.03948735825885952,,,,0.06614216677049245,,,,0.017695031722753995,,0.03696357549444684,0.02867982856231399,0.044615945718013084,-0.028988406699186342,0.041449249577866,,,-0.008884315138313226,,,-0.046329596381507576,-0.017863862048712265,-0.037108409946637,
2017-09-30,-0.060244038224925744,0.1800795228189762,0.047507134345180724,0.03296131081761655,-0.038540930943459006,,,,0.02042200650395909,0.15447666523644688,,0.04882666117280876,-0.07225400372327895,-0.019630792069039837,,,,,,-0.03387391130745687,0.05063829999900049,0.06071105252856435,0.060694899754638376,,,-0.010866826092799653,-0.011479069145675314,0.06701525391858465,0.05390225249234626,0.014154281735764274,0.011923181819636808,,,0.06923397903670758,0.06145183132549037,0.013059196731414202,,-0.08812162985947469,,0.016889829726058014,-0.05245015409717879,,,0.14635852459571486,0.0481691268109572,-0.021677619223608113,,0.04408601546401636,,0.051460704455277506,0.09180436492027533,,0.038709795555179616,,,0.029977884769097463,-0.0259881650700311,-0.03871696452103812,,,,,0.1382514124071199,,,,,,0.05471143023337599,,,0.0210082864514054,-0.005230372083417811,,-0.026082504505554716,,,0.11635156146669434,0.019345849890808564,0.060114183253785036,,0.09134600702906259,0.025096027036486834,,,0.014332635293321516,0.08582851228480282,,,,-0.017828965292460697,0.05083057625657572,,,,,-0.003992332815219157,,0.05228224961404404,0.016044827508185255,0.08187859813077836,,,0.05926503202041933,-0.020566214316377063,,0.0054519697659669575,-0.02961688453841238,0.10933173907325777,-0.0063964916489351875,0.027310094389849215,0.010989742160239624,,0.009914271255817786,,,,0.058681395898610766,-0.003745191014055016,,-0.026310616479192306,,0.03800581145775994,-0.018178064392767146,,,,0.055064002273444324,-0.03934060912289861,,,-0.037155472744733964,0.052476536219242975,-0.013980534780927312,,,,,-0.041572920241923605,0.07463531923172395,,,0.038099794905994244,-0.008226409127593981,,-0.030404022130511854,-0.020962264517107032,0.09624064024810286,0.10712602764691637,,,,,,,0.045648683632556475,,,,0.011800546204022933,,,,0.08234719769082455,,-0.01159763082573706,0.10132943930838967,0.05010500946872498,0.05148401342884812,0.016615283642926748,,,0.031686555265043825,,,0.07989020217583809,0.0008962752872252455,0.0740206816230542,
2017-10-31,0.09680747659416378,0.022728280821156632,0.021275637082467602,0.06418023716533439,0.17415211329840719,,,,0.052451717953562405,0.0833175790182028,,-0.06023044917484921,0.05114091712905644,0.1497165176249049,,,,,,0.08810933801474197,0.06001310396666604,0.014830152278882958,0.08090004130934214,,,-0.004662721888877508,0.044319033563597676,0.05309898303825911,-0.026769668670888147,-0.025123984908528296,0.01974686325854802,,,0.0104482727213564,0.09542128538759886,0.05801463004116569,,-0.08048538583254528,,-0.02762615926392331,-0.05975661029034518,,,0.027444097696615266,-0.019538568520850563,0.09548261139834979,,0.02423727175576973,,-0.1517347640408444,-0.013701857521919991,,0.044489405291177286,,,0.07565860200273455,-0.007710120136739329,0.052311557782377616,,,,,0.034152985368445465,,,,,,0.0010199330673199558,,,-0.008706440410095273,-0.16625294310118488,,-0.07479635905266735,,,0.06438827069813713,0.06092098346189756,0.022302764998129998,,0.013572917505348947,0.01707325851991337,,,0.06189651082795078,0.19459049294060748,,,,0.07230235948117203,0.059555201963275683,,,,,0.02155016761936901,,-0.042085621188150735,-0.0068644972434283025,0.005250796821543169,,,0.05524589365959032,0.0652919703257151,,0.018937514592999305,0.03536087394932785,0.0313759455691871,0.05378347679085871,0.09666507734627428,0.012614102383804005,,-0.1396219596811955,,,,0.04308798807097536,0.11666048137175022,,0.05813715244225004,,0.08315408884111108,0.06055913564729609,,,,0.1568495830878638,0.05689271112516847,,,-0.010768893320293182,-0.017927192938474446,-0.043889107960512486,,,,,-0.05738234703957523,0.020711769061503515,,,0.13321870252812062,-0.016010773701870318,,0.03170181618063017,0.02103862255636213,0.025148548559396078,-0.08256873816393162,,,,,,,-0.12658245296316006,,,,0.0244717331708475,,,,0.08555068507126928,,0.07337263416925777,-0.0015523095399564424,-0.02131762061499709,0.014741493262131256,0.04503992876840579,,,-0.021129705307768365,,,0.017951205099318912,0.11735365462742142,0.016711167475348176,
2017-11-30,0.02027809667473024,0.07390571373296795,0.039461213634109704,0.039688191642754944,0.0360241917485109,,,,-0.07197042292007771,-0.06326624759506638,,0.00936379888933958,0.0018097375543224548,0.06466237678888165,,,,,,0.05316206330079476,0.022927197634780683,0.0787192648581434,0.03285988284870145,,,0.03372267741169499,-0.09009087396027626,0.06448197701809466,0.024813095665310092,0.06394571271965788,0.032470268461306295,,,0.031627672672649876,0.03939625610818087,0.008552848274292035,,-0.02382027606548731,,0.02838843822106285,0.04190973910952267,,,-0.005278530033012263,0.1483563218709112,0.019347425248601446,,0.09223984905651705,,0.1177585852209373,0.03636104030918297,,0.0005559777351853423,,,0.022650668147099928,0.07166945192182617,0.019872217034574424,,,,,0.024532014304815775,,,,,,0.025021173720477075,,,0.020593249774703226,-0.09275785414113902,,-0.0024014987753645523,,,0.0025595351738851857,0.0030299794999222307,0.024489605943666115,,0.09018580397183329,0.08738823434609277,,,0.009405465035629668,-0.00844718364912389,,,,0.005546456963473334,0.03886299322402964,,,,,0.003594352491397501,,0.0394741057665684,0.042063640611810005,0.042776710003621154,,,0.011426515063253095,0.03645809117628063,,0.036447041891514154,0.019995087018366275,0.009109626198017251,-0.015994405423057523,0.061586233665416046,0.05621342762936554,,0.003267810720783082,,,,0.032199763945801374,0.016983639395967476,,0.025606737949264602,,-0.0450542302445508,0.09874524855675815,,,,-0.02882160136970191,-0.03614924459948643,,,0.06439542908620721,0.04367754135030344,0.0422748680340872,,,,,-0.018062172188819225,0.02756063939418074,,,0.043688013598574216,0.31150036795013336,,0.020186199091230206,0.05992569532199621,0.090060750357567,-0.017968783064597038,,,,,,,0.08112950875051439,,,,-0.005520654848526374,,,,0.006205686132377153,,0.08905152864819943,0.09864497749409629,0.04103074066885659,0.01415956161535381,0.025545377787741907,,,0.06308756537834093,,,0.01290585530077748,0.11361824196548231,0.008528522310014663,
2017-12-31,-0.015245912826350683,-0.0021667589902630846,0.012417965844088608,0.03432151397814032,-0.03433071959900469,,,,-0.0010122705612994887,-0.031267363673760484,,-0.01001906799788288,-0.00380529854701106,-0.006186568401839954,,,,,,-0.06957240306702805,0.016374681116965384,0.06542652038410313,0.04792351471540779,,,-0.011174243267438877,-0.00113245427645714,0.030118829130935332,-0.030226248355820773,-0.016076146776144884,0.026993455583372183,,,-0.01443692130991725,0.11640080590534363,-0.03462452798905169,,0.029888722771824305,,0.04140821001875872,0.06686192661767287,,,0.07881266721353475,0.009163513044504024,-0.020034518140134794,,0.02680952993444441,,-0.05352491091580591,0.05210534527319899,,-0.01028350754122953,,,-0.014845990992153224,0.0339139034919802,-0.05685126012160102,,,,,0.05463259451304614,,,,,,0.08037003470562021,,,-0.01790859997966776,-0.039339723048095965,,-0.0354400498816807,,,-0.040081056671518955,0.01662844548151554,0.028751241525289295,,0.05399811690796419,-0.016670778524430552,,,-0.003572069721761717,0.029437600135388653,,,,0.0027990460912137305,0.02315387940356084,,,,,0.0024034601453717386,,-0.002126180380681464,0.006047379821344956,0.11478970300647084,,,0.005915055077890141,0.000872288723201553,,0.001835413442890177,-0.011239492591838096,-0.05812214271920191,-0.004063726577862137,-0.03195693011215639,0.06226591957408689,,0.02675259667340235,,,,0.016663463091036945,0.01627651670720298,,-0.011705970236206342,,0.023350023397000097,0.038691552254497275,,,,-0.03592249430799255,-0.03628219266832944,,,0.029179707545314404,-0.001103399598872512,0.021002406882855817,,,,,0.038501686800341384,0.0265369674845386,,,-0.02786206803816549,-0.03497167431440884,,0.05039099319348539,-0.006745302407246134,0.05287939962053834,0.08059952974899609,,,,,,,0.06871898071644655,,,,-0.014168484902281953,,,,0.07349153001082853,,-0.03379055316701651,0.06007900855932058,-0.018938032289901652,-0.023047252764866966,0.012701034136893607,,,0.04008628529285474,,,0.07437560539101495,0.020985689422298615,0.004201962582007113,
2018-01-31,-0.010636257725122333,0.1686999035574379,0.09439759037560758,0.04970950455223799,0.13992232506879443,,0.054953629741540055,,,,,0.06986798692310048,0.0352562440008668,0.24063897541810575,,,,,,-0.034527111282754985,0.004437757958493327,0.2016205479776325,0.08401058097104741,,0.1349152805763567,0.09178513219110584,0.1003087498294899,,0.028243623877310053,,0.08152559561391826,,,0.05469691388407205,0.037793706831281915,0.06856920170960334,,0.12290156445739409,,-0.01093213431849116,0.0661286074814047,0.050872834549609225,,0.07141559823699795,0.047012379210264355,0.11425210693491406,,0.09268495844178526,0.03199410944854986,0.0921249226928269,0.0012779147347825592,,0.0612186858411401,,,0.09114406913156659,0.010789724958837565,,,,0.10150669942550827,,0.06725268159959641,,,,,,0.051855211590118744,,,,-0.07335231710959766,,0.169737516835349,,,,0.1222897249458379,0.051538948893674164,,0.05999086511113805,0.04114474263889667,,,0.06700582061506033,0.04289435211943804,0.06667319550467843,0.18285196273667692,,-0.010950153575064347,0.08726897396038447,,,,,0.03727083376834894,,-0.035638700283886826,0.10527993623511711,0.13118604483088991,,,0.11830100683916678,-0.005693942571593835,,0.037383262779565385,0.06365291718854094,,0.059106889329015866,0.06428187930636176,-0.014983813327086648,,0.05295895784511262,,,,0.08246922378724753,0.11070836438756504,,0.014277526225065174,,0.40810595383731263,0.09064729091576162,,,,0.27028416296247304,0.0954082537000216,0.01778499104750919,,0.0031690338114853667,0.02263955583395183,-0.05313220810218877,,,,,0.014954575597889264,0.10059183342698708,,,0.1589241941059596,0.06607323704539447,,0.0818377196377249,-0.010795606127186885,0.03834910209259612,0.09185296085377348,,,,,,,-0.01981589882227419,,,0.05048396561931279,0.18027185885166785,,,,0.055887829998441996,,0.07402697978040607,-0.004474480159950778,0.06856898147111101,0.06644280813618919,0.08954571728871641,,,0.03317319045511358,,,0.08422643272888708,0.07949361625301776,0.043759329023397964,
2018-02-28,0.0681847425201878,0.03216898263756285,-0.029440121092828564,0.001929151396944384,0.046906340777136624,,-0.06721688447107299,,,,,-0.004788448780287613,-0.056669119559042525,0.04242906360200127,,,,,,-0.006330194258642008,-0.01901382958353115,0.02716934319246911,0.003125096606418909,,-0.08611173127406213,-0.169115343828809,0.06380034651057964,,0.057507897316198875,,-0.033491966466252965,,,-0.034196670919005134,-0.05006773419393851,-0.09113004557090887,,-0.09362493657844617,,-0.07098569918645792,-0.14860124684546605,0.08261703100125084,,-0.07154742825603178,-0.01775106843749541,0.02054259973191752,,0.07799725452107209,-0.04993363963632802,-0.13928053598513235,-0.09825211071070084,,-0.06506253364968584,,,-0.034557928857163245,-0.05070394262073141,,,,-0.05031269752958756,,-0.11808700363803848,,,,,,-0.06122341498866701,,,,-0.12017471239313637,,-0.06050151368810852,,,,-0.06623133094668077,-0.015760057253879522,,-0.09273264802981163,-0.04901151843640461,,,-0.03870341425162671,0.030834857922049874,-0.0061941133043363905,-0.012092608941168592,,-0.054116695942486026,-0.001469901964016307,,,,,-0.09182598046924961,,-0.0473514142278868,-0.0012144024092909378,-0.1445623993547429,,,0.039999984843897884,-0.0724673778405992,,-0.011261385276397862,-0.06985669671183192,,-0.045855905156592436,-0.05429649612130871,-0.10506088968666938,,-0.08489457631356645,,,,-0.009372205320683502,-0.008415140240915053,,-0.03270724667266067,,0.07798741206385618,-0.017443454283544213,,,,-0.014847969234413783,-0.017832957640531832,-0.12498360132641162,,-0.08786369103117864,-0.010626784239459952,-0.09057233767005068,,,,,-0.03431845733611105,-0.0022782471704212437,,,-0.06926853341574646,-0.03944492413566647,,-0.01827017782421847,0.010556380009166366,-0.0040851803283809,-0.10161397492628044,,,,,,,-0.030707543677661264,,,0.033665164224113475,-0.06929633883872421,,,,-0.012036149210533531,,-0.04485178332275108,-0.019185426702170383,-0.1729919366005901,-0.04865256277459018,-0.008660990585207196,,,-0.11707049573472195,,,-0.10674424603025556,-0.1556287300296597,-0.12354564099769183,
2018-03-31,-0.05805057170291139,-0.1828543283858921,-0.006795804936636007,-0.04664335607250003,0.033232901955588146,,-0.010543745802996551,,,,,-0.07231878138145875,0.04313516200855516,-0.04304936888568922,,,,,,-0.02985073012513606,-0.04338029916251385,-0.0947791944071551,-0.062226492507790776,,-0.020609102214557362,-0.05249310849089661,0.022787203916580623,,-0.04456189827404222,,-0.037258693698878353,,,-0.10584200326720994,-0.04688559507315748,-0.031256635532617816,,-0.08981368149297553,,0.03929220090882524,-0.05633823459833209,-0.022542427141372556,,0.09169551373790585,-0.012938564762216664,0.00043005171990562197,,-0.04220612349121633,0.03704376990871494,-0.08149986599757875,0.018942369429268302,,-0.09374109424565658,,,0.0029798603019619563,-0.02636692094300397,,,,-0.06358658673549444,,0.03796087513890334,,,,,,-0.023536754684522876,,,,-0.04464934000081944,,-0.035645213369816964,,,,-0.060493564706630365,-0.042102677395652655,,-0.016533557269727717,-0.04367682920409033,,,-0.01540142634441255,0.05660400509780339,0.03889489527376355,-0.03193804770360309,,-0.013319671143435907,-0.04787871890296347,,,,,0.013729565257948328,,0.004544475880690513,-0.04117001813072885,-0.020538077234337537,,,-0.0034136752491736866,-0.008621597886659615,,-0.04429122115666562,0.009934572221829141,,-0.1039143578345082,-0.06789519459066473,0.0005831119571499954,,0.013395955700854056,,,,-0.036772836007887055,-0.02666094368728289,,0.07348001035577556,,0.013624797600320093,-0.005803804648066069,,,,-0.04301626051180285,-0.09709892758599759,0.0020801958827716405,,0.0020655287603532635,-0.022583330808955804,0.009679147505933683,,,,,-0.029723406462981328,-0.040720669593358405,,,-0.04457890725676594,-0.1475382053060572,,-0.06620177014012796,0.01383545083751625,-0.015088689819296897,-0.013102064920437972,,,,,,,-0.01790631262198239,,,-0.013546202626387283,-0.009381242445192006,,,,-0.041162552122431806,,-0.050634278353054896,0.032091877853002604,0.0023944252488112827,-0.06538495841929637,-0.02700514604256543,,,0.0016761515687568895,,,-0.10272220010173139,-0.005661104767267333,-0.01491919268655606,
2018-04-30,-0.015019678078979526,0.03064023866307708,-0.025203702956792973,-0.00629125191175095,0.0255461135953563,,0.04053607578053242,,,,,0.023463805005870864,-0.05684595496714273,0.08207479647163018,,,,,,-0.026437334513907396,0.06261508358000811,0.017323240687180164,-0.0023339491006117985,,0.07000452115903522,-0.0008034519568275167,0.04691913280892912,,-0.170542177674054,,-0.028824945473999608,,,0.01140730026878356,-0.015559823872347223,-0.008042533038271182,,-0.12830149900123133,,-0.08464979542350948,-0.07612093126565367,-0.025102145323499192,,0.10473946079154373,0.04633013734597213,0.040326725551072196,,0.040942882732697417,0.06605640604110219,0.13107511093073643,0.09707110572411715,,-0.0073771317402169245,,,0.024614302780583408,-0.0010950420446842468,,,,0.07414651288368646,,0.12443348327491921,,,,,,0.029527999389852955,,,,0.04376845373697047,,-0.041915530513556565,,,,-0.01789539831978093,-0.053720129913304326,,0.03680468370242118,0.0011764208828926037,,,-0.055204395104875514,-0.00883278553614364,0.06847841996202031,0.06770340533457686,,-0.012953701596570166,-0.005804940276086912,,,,,-0.005065887975579941,,0.04782223946139896,-0.050572942402379084,-0.05603810788289698,,,0.019204600571562036,0.07072513253768742,,-0.053438422386725026,-0.0011214925737419446,,0.07641277046726058,-0.1144769015794368,-0.09964712213915405,,0.08077832408531704,,,,-0.03876174960817991,0.024651842599854534,,0.003551389332185906,,0.05793128326881636,0.029349737031725498,,,,-0.028887181094920944,0.0023844856125352365,0.18934710496738916,,-0.07521735409649899,0.031558311150855056,-0.07909428558016829,,,,,-0.1750500982030312,-0.0324667226006512,,,-0.016607326099396857,-0.07940818176098907,,-0.045064430332348304,-0.005527799537552891,0.06625831031329832,0.058351822288299715,,,,,,,-0.06538372347672794,,,0.04033837613354829,0.01884146376052498,,,,-0.02367918790632939,,0.1046727823436373,-0.005950893730926499,0.08446415147753239,-0.0009898359089270947,0.06069204101647774,,,0.04497994372077785,,,-0.008586220217889906,-0.0057323122502837,0.04208564788330116,
2018-05-31,0.13512416933678417,0.02475403308744295,0.05848958997295628,0.03002625379959767,0.12490971080050972,,0.10111777413686096,,,,,0.037404283402493466,0.014740200971139261,0.04053941088038626,,,,,,0.09872764143468382,-0.004557031933352773,0.06102886407248809,-0.025446311486388318,,-0.04433529656156676,0.074415149478686,-0.03171705214811271,,0.009399719700181608,,-0.011355995440872513,,,-0.018520444324037655,0.05229976498596289,-0.036706798750749337,,-0.03778244563806976,,-0.0328069321415293,-0.006690034209122286,0.03310522644866509,,0.03310135876881737,0.008409665599216076,0.06893124573140663,,-0.03567411493931294,0.09230877884571842,-0.09222397318745923,0.002189315763871269,,0.01981772977912022,,,-0.010366626760462183,-0.008571708072878659,,,,-0.06174001172266286,,-0.0030463180271075307,,,,,,0.007766782360018709,,,,0.0007108844817196314,,-0.06686969853877633,,,,0.0799348228835528,-0.04888715743974292,,0.015121193061083282,0.02751340459484708,,,-0.01435790419824301,0.07552464929460223,0.09096827921419615,0.042855810570293196,,-0.04729890090260658,-0.01627133960363858,,,,,-0.004859893187198261,,0.05620296284685611,-0.013490167472185788,0.15261412529740404,,,0.06647213175790001,-0.04437422205646846,,-0.005822907421501822,0.07724950344208015,,0.11499998119165,0.021548758714797334,-0.006593767439872389,,0.011211000196869492,,,,-0.028670877514281656,0.06146744062364351,,0.011591570898003445,,0.125264018472091,0.04986137006420566,,,,0.1220363336722905,0.022991234486333223,0.0898264824644146,,0.0022980573124768977,-0.00899361395361753,0.011473649451682721,,,,,-0.030000089547414288,-0.015108881310450073,,,0.09998658936266591,0.15128923652988724,,0.04472921881036074,-0.010485864273245937,0.0006261751366296586,0.0016042123378885442,,,,,,,-0.011620883560295447,,,0.06933904269300895,-0.009888396423126555,,,,0.10996536684283109,,0.021615831114655037,0.07376452466619465,0.031131646605317975,-0.009117633628772603,0.03192034826538448,,,-0.03404268182350867,,,0.04689173470888752,-0.06104458887675401,0.05547822486710152,
2018-06-30,-0.009418905065726846,-0.063573975290808,-0.00877609757010589,0.05040485306118203,-0.02194320141001782,,0.03694454075766096,,,,,0.027669729255845876,0.04773911278283882,0.043065192317739864,,,,,,-0.024502363111955194,-0.0030520156064828274,-0.04727965979000481,-0.02926984010298117,,0.08460756919425916,-0.012654787484138286,-0.03880185324218777,,0.05169124843703643,,-0.02547906288265478,,,0.003448907985022398,-0.10690520800513337,-0.0224498868915477,,0.12323774845655566,,0.027262670945509493,0.05227743768758031,0.010336220092337811,,0.03309067644364938,0.05417680266277469,0.05466636575677519,,0.007492581989108071,-0.013456963333192684,0.0151442375345201,0.017135822870699036,,0.02823286519864543,,,-0.004420270552706551,0.0536845022545942,,,,0.07856577086542682,,0.05619176015873606,,,,,,-0.08614415733207637,,,,-0.024801452723955952,,0.059509719833059416,,,,0.026536379737986726,-0.023507803534915217,,0.04583263793081138,-0.026097195549696806,,,-0.011393398952132872,-0.0994563116962005,0.013442569922649472,0.040920689879067274,,0.014378666866151635,-0.026259178178595022,,,,,0.02908413990973946,,0.0034104771283338664,-0.06075544616729345,0.005894100146951908,,,0.033662980886663973,-0.014528424478932878,,0.04968767404118024,-0.00822517042606985,,0.013244484129094625,-0.0025854809941154855,0.03140861256272354,,0.027534346818045563,,,,-0.0546467203485147,-0.002326979596219969,,0.014261577728258423,,0.11328218789163413,0.11284883356705366,,,,-0.0606291129502502,-0.05693490364191567,0.0027524383357011573,,0.08598493335847923,0.009741217576816785,0.06683046832648643,,,,,0.02944214051017835,-0.05794569886947054,,,0.014621692654186225,-0.03441179708780884,,0.001682257065509063,-0.13799178447596372,-0.08126591282445028,-0.016764737643942262,,,,,,,-0.006497482935677312,,,0.05380872142691917,-0.004643356760803741,,,,-0.014833521781549175,,0.019452006924248755,-0.007565407545354397,-0.08517035118183636,0.006660433368864238,0.013234678848191628,,,0.05538084206832394,,,0.02685691331779405,0.037678707556123125,0.018340741450615816,
2018-07-31,0.02798370307679643,0.005633701309923911,0.07943290946552573,-0.026040873010099608,0.0035683324141713157,,0.006336757075147803,,,,,0.06479227724365422,0.02823059535605088,0.04567600755093726,,,,,,-0.08601228620674417,0.01915626825636285,0.0619653018805193,0.09542400700655729,,0.04512461041039684,0.15204660407815118,0.0008042068039613159,,0.0693051489961043,,0.060112518551303395,,,0.07426761714169783,0.06642381846090006,0.09998427617234529,,0.03877765236021791,,0.04060594644589144,0.0968727553232025,-0.02928223762424853,,0.04088410706984691,0.046559461252625,0.0054986190180486005,,-0.009537557591997481,0.10818473426069164,0.01557981979872558,-0.0012656419699501598,,0.04323422792445819,,,0.03952117293061419,0.09219384550892618,,,,0.06289150337151184,,0.03776978868801795,,,,,,0.08284191484528547,,,,0.0014694989016090787,,0.09867335296828994,,,,0.08681442048088228,0.07643808491485582,,0.012403486403003372,0.10829604028714801,,,0.03743750224113285,-0.03238808796933157,0.0015341163003088631,0.06209247404103624,,0.09213822806360383,0.10916193710708866,,,,,0.06315562518190854,,0.15797451664334083,0.10381513401777442,0.04440309570340606,,,0.00879922240943265,0.005424640365186528,,0.05804881280498897,0.06013043539737839,,-0.11187728820557141,0.07930005157814835,0.03328092892869905,,0.08517287557147823,,,,0.07297180885416377,0.07575293348365353,,0.0030530719458694566,,-0.13790466775355403,-0.03476390742500124,,,,0.03360078687481338,0.08640521503269682,0.002987934146687854,,0.05630581177380045,0.10060616820368073,0.04553002187502497,,,,,0.06886284802105336,0.07943428440780176,,,-0.01357023425624182,0.14201735323721043,,0.08565944092047606,0.07246699767578013,-0.0007825199755239209,0.007310089401173947,,,,,,,0.016225780045040716,,,0.021853420128329137,0.13222942217050382,,,,0.015295743090364189,,0.032118851649785674,0.05794753107327377,0.12858871458814058,0.059776071512985585,0.03238973586470317,,,0.038336199267172466,,,0.03336942860288694,0.041798060284844896,-0.014746973103237804,
2018-08-31,0.2004223217939809,0.040658744651561385,0.019835416363900515,0.061130809585680845,0.07695773113249582,,0.08711739068462432,,,,,0.023505036288634207,0.0059362954783770405,0.13236448128539746,,,,,,-0.012354932599797364,0.06491153860771015,-0.03316365759198081,0.0016192649623645305,,0.04593219403336435,0.05718214970361335,-0.03803895416047365,,0.030638246183608553,,0.054834014106533546,,,-0.002795032746938375,-0.0344230934954779,-0.0320641173495384,,0.019108305144132975,,-0.00895423431925435,0.033817895492252115,0.09810263746330339,,0.017458918971785087,0.0685782368860608,0.11323362459550212,,0.12958155363942292,0.052330093309191916,0.1600370103018547,-0.05285699056966564,,0.0252293683517284,,,0.00935853440254153,-0.013561175386215818,,,,0.046363663609015004,,-0.08306200364245842,,,,,,-0.007809040113575305,,,,-0.05062362673423493,,-0.026981883763053882,,,,0.003732192881093832,0.004917557480906831,,0.021664145228757592,0.0011733916070844064,,,0.021614051294575054,0.012984028742479392,0.07456893182400104,0.10195008278100914,,0.02314797848091521,-0.003218951024633876,,,,,-0.04417754915055916,,0.07513274452972563,-0.011305113082024087,0.09472512114843412,,,0.08868687261274433,0.03619903007766312,,-0.015214166365025927,0.06849184997626212,,0.01825222848428809,6.491767072636101e-05,-0.0027267856070103402,,0.04129346635502085,,,,-0.03421676918946881,0.06299283463700434,,0.021930683485382296,,0.08958372263142511,0.07141394299885762,,,,0.14691488125193497,0.01887605246289592,-0.04837397894446249,,-0.026000108228919627,0.04867351235307371,0.02559332861008845,,,,,-0.09745063185696412,-0.008907135375447739,,,0.12405636432538492,0.07208616839171267,,-0.024580303515710167,0.027335465306954854,-0.0027206470568718055,-0.06457319703867215,,,,,,,-0.0009386364761535537,,,0.13506337536149693,0.01948585182042506,,,,0.00970179941709115,,0.060184712478032365,0.010229105073133793,0.03269910154329847,0.020751162799934608,0.07584278565826308,,,0.05286582229447934,,,0.028241314373013582,0.08054191234410246,-0.006294929816197059,
2018-09-30,-0.008303035027945938,-0.014586261260960076,0.09754638758609202,0.006683740601407084,0.024439308575541885,,0.03148119161650098,,,,,0.037435627743240385,-0.020240008463136006,-0.004824306834253944,,,,,,0.13492441550859113,0.004812291427695792,0.08492095692596124,-0.04292236154874951,,-0.0004118314174332838,-0.0005091874756110171,0.01662777637371171,,0.025268306409643282,,0.025824067449813137,,,0.007018647976220649,0.09823579234568847,-0.006655542426902028,,0.04987117039535316,,0.008131206181410056,-0.04271431655991875,-0.021922549190647067,,0.05406534116172779,0.007506809931491443,0.041590259789662465,,0.018421894008706863,-0.001483581758130459,0.04625222435164478,0.03224711683030712,,-0.08298892345929532,,,0.05099392636057609,0.04392073669305363,,,,0.038079563651198356,,0.07899873677723068,,,,,,-0.010340854201828287,,,,-0.1191952268870653,,0.02746029867985933,,,,-0.020068323764304785,-0.05706252058574801,,0.031777687188078385,0.04614596699047291,,,0.03229106467904552,-0.02353883627080655,0.036132705185843106,0.024999944823130393,,0.02583691094251006,-0.015185878753762205,,,,,0.045162063809204955,,0.015712109835511523,0.07974152110800126,0.05581612549308179,,,0.03270546189931367,0.03119001025913959,,0.011701092307358829,0.020329720571974796,,-0.06413240757039462,-0.0009956813191140945,0.04375186048157742,,0.041318673842972053,,,,-0.04628294157950974,0.018160692473428774,,-0.014697158915228936,,0.017542336155449867,0.030657178664011298,,,,0.0012109596489104923,0.061342086680571395,0.03924696887792356,,0.00638143616839737,0.061416107641587336,0.003375666571841185,,,,,0.06169175473447308,-0.051205112860514546,,,-0.04862994716005231,0.057864210246206804,,0.061579382811811634,0.06342362678833724,-0.03228971301505423,-0.02776883844184963,,,,,,,0.05134656336648047,,,0.018641264439507754,0.021539784377014648,,,,-0.045462740060558615,,-0.005670683335268878,0.08106508632856069,-0.0498862991315695,-0.017242286707664145,0.021785129443226525,,,-0.01802448053586425,,,-0.10123087566903655,-0.02034219973936291,0.060496418992080025,
2018-10-31,-0.030477562258547586,-0.1680820755062632,-0.05638721790026291,-0.06544882718503997,-0.08960924840278717,,-0.043674360215676944,,,,,-0.06995021703871085,0.07233309662971199,-0.20219175018307878,,,,,,-0.0941918731277428,-0.03182689279268125,-0.04581899700994552,-0.0665309640560533,,-0.11685823156854325,-0.13880164411930918,-0.055151214357129,,-0.18065793146057274,,-0.04124049229780713,,,-0.087538483880236,-0.19933646733775268,-0.06532492189096062,,-0.016908094031747756,,-0.104612472297676,0.08288929824859181,0.07655232807028378,,-0.09309946155917925,-0.02660952379025916,-0.1370181055847024,,-0.053251519400204894,-0.07008766661817434,-0.07405589802203139,-0.08693166220269122,,-0.16156077927715795,,,-0.08521993089680757,-0.018043455907860828,,,,0.005546660190581365,,-0.1727725775853104,,,,,,-0.08492842788323185,,,,-0.10540317100403773,,-0.11695368124487149,,,,-0.09651400374648123,0.005039167185808768,,-0.15095355013927336,-0.09195779883820876,,,-0.236624713527947,-0.008670164487233234,-0.07010873566382558,-0.09202086796301001,,0.013172378606065571,-0.0270873982677603,,,,,0.03658835103163094,,0.010530576624714794,-0.15062409293579193,-0.16663630333057633,,,-0.11100618355379976,0.05744538655233633,,-0.02281157968572356,-0.08691660708244997,,-0.07703993358437489,-0.09705256812475005,0.07842823266344445,,0.037637344195510014,,,,-0.012802145327464487,-0.06610134915697774,,0.02923629283975826,,-0.1933819541655124,-0.11425872352993927,,,,-0.24976864880187688,-0.048940351107282676,-0.1837652043328788,,0.00518767737343695,-0.02291809189214522,0.0748955086554679,,,,,0.0800832063996797,-0.0493481852683707,,,-0.041552787961480986,-0.1268914649779156,,-0.11157971978948178,0.02515861239734951,-0.05920650649533077,-0.15774804128270958,,,,,,,-0.06827819533330504,,,-0.019103643299994255,-0.04273203370947298,,,,-0.12732348291044626,,-0.01762902225114804,-0.1020085891107958,-0.08745187941596877,-0.010225540777884068,-0.08155136737463298,,,0.0811501484290269,,,0.012747129284404801,0.06783100424064403,-0.0628086060588372,
2018-11-30,-0.1811974906554753,0.21091876647781094,0.07412270171492019,0.043776356619498635,0.020874043772286077,,0.02318143510057591,,,,,0.08773350107205591,0.05570905786348934,0.05767175245241973,,,,,,0.06228442153639979,0.09286477767692691,-0.018313410398004715,0.03272715272184268,,0.0965290685465594,0.09678907966736072,0.009228918702124611,,0.05777601359485551,,0.06313331445310899,,,-0.0034229070711356835,0.11828213386671327,0.07069083304015455,,0.027561935338588084,,0.06666639451250966,0.022810622095678523,0.037327967176134624,,-0.05321871850329696,0.01399532697448369,0.04022161699323412,,0.04633863626030821,0.057947831621597334,0.10788804284737807,0.07570481751703717,,0.08005817372097779,,,0.10201201650281955,0.005747553883623802,,,,0.05261789191870614,,-0.019270949616638222,,,,,,0.039302982411985266,,,,-0.25742571669294023,,0.05514805501877684,,,,0.017486235063164157,-0.15045373456450806,,0.03137765111620516,0.01899090107906809,,,0.09029494399717786,0.05845390872837286,0.016729943146022164,0.018592400005937648,,0.05604309380091399,0.019904478745212506,,,,,0.060955625654384615,,0.09956909797973945,0.02988416724827636,-0.008926634451684956,,,0.01720053062480087,0.07220193714926859,,0.07146229409840044,0.0858382210682902,,-0.07365443061021504,0.10028303268987471,-0.15698015358381623,,0.07784258910829878,,,,-0.027814373878292997,0.04268389178366938,,0.0599994100894794,,-0.05185892546961446,0.0040370418021768995,,,,-0.22405015763734737,-0.0016381753481122807,0.04771111270753026,,0.08506887627760706,0.0819032095114669,0.06574238450559311,,,,,-0.017485681014335896,0.05673604197433457,,,0.019242117470436026,-0.07362039031697132,,-0.013455335744257502,0.15116200541893865,-0.028542513353118526,-0.12102902339099453,,,,,,,0.01825289039660194,,,-0.10761080259504907,0.06805082976178012,,,,0.07562194765525998,,0.08000416621035922,0.05726800095782347,0.09111895082301058,0.041897590867523204,0.029847548680090652,,,0.056227127452722625,,,0.027975324616162034,-0.026226413679272587,0.007855448545668109,
2018-12-31,-0.11669857998498812,-0.022064058217844074,-0.023227836990893036,-0.14290069260769944,-0.0982502050956654,,-0.10550524533450634,,,,,-0.06521009222629892,-0.03301114264990568,-0.11134970006404432,,,,,,0.08234489518581523,-0.15097546697582898,-0.06996193200400724,-0.12754591392214454,,-0.10567141259277935,-0.09828595131544637,-0.08957253994298386,,-0.027684201644359807,,-0.06442454391261132,,,-0.1964808305818999,-0.06338903836853804,-0.028496323102272347,,-0.13435604297156645,,-0.06297201899113358,-0.12229216772626084,0.0029946175020429955,,-0.05787249030820674,-0.11920609247298686,-0.04055765053928562,,-0.09484012250770057,-0.14456837399938338,-0.1830424716593395,-0.08533744475110505,,-0.07554031946042261,,,-0.05709938399180681,-0.04320250798566949,,,,-0.09229965076604363,,-0.15584157379373353,,,,,,-0.29336659647454166,,,,0.010721551635563875,,-0.1231909933804286,,,,-0.0582976321254719,-0.12397074175398903,,-0.04713871405500181,-0.09969355148977799,,,-0.08529834094731747,-0.048266258061141265,-0.0824128512255391,-0.09785822786381915,,-0.121511127767857,-0.12204317796560293,,,,,-0.060516386595230065,,-0.024612288345208455,-0.12844931976101115,-0.021299280195654968,,,-0.06176959921093894,-0.05803435518694089,,-0.10425979412850273,-0.06207427881653893,,-0.06770501236031912,-0.08358993659310099,-0.08429312888293228,,-0.030178720493736155,,,,-0.10678050800671601,-0.08404731714482438,,-0.043420561505921884,,-0.0645510804853372,-0.013045417811983318,,,,-0.18313631527733254,-0.07403578680765854,-0.11630327663701479,,-0.08678690069015238,-0.05580799179469331,-0.027404714401832564,,,,,-0.21659492468008168,-0.1389748179224337,,,-0.020044246093000595,-0.012567334103753325,,-0.12606658458944875,-0.03477208664969067,-0.0729909645423904,-0.1912661146611485,,,,,,,-0.08642765462909974,,,-0.08413500619340952,-0.102594545784224,,,,-0.05357995495901069,,-0.11458628182416486,-0.10111820659733206,-0.15404650888116456,-0.15399499552884255,-0.06894373223391348,,,-0.0676618089677894,,,-0.15106840488336815,-0.040877515434466716,-0.14226414288807365,
2019-01-31,0.05515422523400759,-0.11839962671233661,0.013665456097567752,0.08893000612892821,0.09538543717771764,,0.06650377628340864,,,,,-0.03883532972362469,0.09260991094716942,0.14431709005232074,,,,,,0.0549391896585143,0.08183311641420898,0.19572090827349942,0.15543852202985575,,0.10713642869828122,,0.06409020619520867,,-0.04272595479542918,,0.006660792727675169,0.07951333789355552,,0.23818666020210588,0.054667862929351996,0.02995817231304554,0.07760277890621126,0.16170118389611732,0.052074799446492515,0.09403028506281186,0.07400879994750031,-0.031044128144359195,,0.0856455869092767,0.05360564308415117,0.10951289883625859,,0.09984208358504953,0.05746018897080152,0.008082337967678876,0.05386522634965263,-0.017072689100662952,,,,0.075639812523981,0.017054247798892197,0.017149320916171495,,,0.15371432988187061,,,,,,,,,0.019307503247154578,0.12845288768283059,,0.3421396421032352,,0.11926489239232763,,,,0.07744787006674891,0.18533377273261298,,0.0681528864903429,0.08711788786117092,,,0.18254620971272506,0.00404855814094085,0.09890272345146234,0.09337673543157932,,0.031228473624001385,0.06884357166348876,,,,,0.01647308307941797,0.04466761307713352,0.03577594402015638,0.10636279921455105,0.046431857927252906,,,0.12109729612707554,0.006814507278886772,,0.15563343748827418,-0.028254582766066072,,0.27156913852241393,0.05122328007190036,-0.0008098624112666819,,-0.02591310615458331,,,,,0.028158008396052203,,0.029685424874821287,,0.2684002022932508,0.10439677365266165,0.12515288493311694,,,0.07677881298505418,0.11691842299796229,,,0.01982261324389123,-0.01899760816727547,0.05780026113297354,,,,,0.1491910603471207,0.05756340820027872,,,0.055535795623692374,-0.12985411176088657,,0.10884677512697105,0.058074517574528306,,,,0.10655744820526492,,0.12775130052995065,,0.1328229452222669,0.0764966109053169,,,0.11153360563723935,0.09777065309659982,,,,0.07355270775182832,,0.0846178302747227,0.15076326775366722,0.08069321388853856,0.11947503296616513,0.023268125288721686,,,-0.010411747857656861,,,0.07103691497270015,0.028770737724281403,0.07464447712167344,0.0092371652093437
2019-02-28,0.04477656384522022,-0.013077469479253367,0.06357913681992167,0.05099299883967934,0.05923651134662267,,0.09432220516778611,,,,,0.02372816497329322,0.019150774537248116,-0.04590598487961817,,,,,,0.02650519462913148,0.049075057295504765,0.14664763371842016,0.02664102492955034,,-0.002685798470985934,,-0.07407768045289809,,0.04638463208763155,,-0.020628541271150547,0.051638199926925754,,-0.0004687211971783345,0.03139071082753708,0.006388531649391016,0.014437489877059173,0.041866836973902366,-0.1269707798497408,0.0183982446895401,0.05742423674628694,-0.0020298292396017104,,0.0069147663782227475,0.02190201110866896,0.07685723576676762,,0.09473462292947277,0.10974887350189277,-0.11777260862300953,0.05348550497400373,0.06800223451096521,,,,0.1451499959740068,0.011836464745013986,0.03210841677839538,,,-0.0074917965970945355,,,,,,,,,0.034631513632070954,0.0212227436362451,,0.06354354272529772,,-0.07127572800712456,,,,0.0005862569736019285,-0.0026044477894268114,,0.008772682933128717,0.0784077075345615,,,0.03957276547109556,0.13106334223375282,0.14507436876848256,0.04577575663798439,,0.03356030604158078,0.00830900976494986,,,,,-0.057967803603061085,0.06275736213430738,0.05935679429751328,0.0757675612849853,0.09286565459810014,,,0.06460453752560458,0.0348497902242253,,0.01945511924014065,0.023871718844773238,,-0.03143552644225456,0.04255489447986971,0.0620060857315603,,0.09216762742638895,,,,,0.07735748477124571,,0.055844458359242566,,0.05478646740950843,0.04702034002693445,0.056706469880122734,,,0.07421914290457976,0.03782577591237435,,,0.03468312362143644,0.02120129613960442,0.02156120656797711,,,,,0.13321139572352325,0.027309358632724434,,,0.10488967976664654,0.07814992202874271,,0.07069345850601882,0.03649390238239958,,,,0.0350509061502533,,0.048459943305785735,,0.061609665002703595,0.03526277753409168,,,0.035427767959750556,0.05658016778513253,,,,0.05065522533882483,,-0.10355280743374928,0.05973386496207067,0.054715637821438845,0.01035971412601211,0.09901864733031274,,,0.03378124674942429,,,0.020036835714810408,0.03297547777323162,0.09043923735161741,0.09366284719889495
2019-03-31,0.09702563481853543,0.017036836847916792,0.02988889865042954,0.09071772692871982,0.015199962797619149,,0.04928232991306336,,,,,-0.0005263373719786024,0.11870541297727,0.08593570731353273,,,,,,0.1018166988878948,0.01447947748064271,-0.1330574462625016,-0.05123785157157845,,0.006897272044315672,,0.028208264845446918,,-0.07646131634369546,,-0.0020367792145734587,-0.04336983823762541,,-0.027508386548527497,-0.013469821451307484,0.051853759573180946,0.08768288569588978,0.005798614069655317,-0.0778530676854281,0.04053424162275854,0.033876375175022844,-0.09135590734614984,,-0.016359515335766628,0.10697611668968343,-0.03226378719465539,,0.042881777466629245,0.029585973860908554,-0.06743906348741757,0.030105302996119354,0.034687914919419915,,,,0.040727488351204544,-0.016040458918783584,0.0037920031325242576,,,-0.04321602794659918,,,,,,,,,0.049182343763423786,0.042389848085957915,,-0.03747982264514915,,0.009519301435656491,,,,0.04468496143328782,-0.023945057852075124,,0.044176624490490646,0.03147886230041608,,,0.021501581975166717,0.013972794937401556,0.05778355275555547,0.04194588472875305,,0.023053145407662123,-0.029992297482725694,,,,,0.04254712386140014,0.020808690492571502,0.027476219025072357,-0.029895813607672017,0.04167901345038438,,,0.04751520850297908,0.0329634719868126,,0.06409878556579596,0.011925389601101344,,0.03245579132877463,0.0018807214512381876,0.11140085510553943,,0.03006985202195489,,,,,0.05275395721232767,,0.02983123971526669,,-0.004300562340257774,-0.015203077302432755,-0.07021679754344823,,,0.16400891396896333,0.030309085107168343,,,0.059754298361280433,-0.02030009143573286,0.05580948777603689,,,,,0.029551876229217955,-0.026662540977857918,,,0.05883548618112178,0.08059833164925911,,0.025622734126966806,0.05806975804779446,,,,0.04004813958430953,,0.050805830560405774,,0.050580506767524236,0.0077120887444277475,,,0.037434149043893195,0.05528737093552638,,,,0.002741692620753078,,0.024703606715630322,-0.0029818401652550452,0.013974492505968605,-0.060488825134419444,0.05448316548735055,,,0.03882659827822299,,,-0.03146927232631758,-0.009447893563686804,0.022396545753847974,0.0683432778345825
2019-04-30,0.056435696765047005,-0.0018287700237378246,-0.000680355806072841,0.046375223881706784,0.0854066216356113,,0.02910960216084635,,,,,-0.05611076002354465,-0.004376149331852708,0.08185874546916994,,,,,,0.05882723659395617,0.0763492447481613,-0.009779331522148826,0.10837261215435978,,-0.0359990570567128,,0.06308621342731513,,-0.01824272368013169,,0.07874960113636176,-0.03282965349569056,,0.1362903030093665,0.03524281277797181,0.036550213631210804,-0.01734362846590054,0.06998933015187858,-0.012312002234748376,0.0686635048079649,0.09449605498223579,0.0870094060002784,,-0.05424048388760261,0.01400025239373126,0.04407397781317579,,0.042864475620840725,0.06428760000148737,0.01801524733175297,-0.025328990567548337,0.015783537611238962,,,,0.0031810862582237753,0.23363052697056785,0.012444324300895815,,,-0.08345561954951586,,,,,,,,,0.025022110592240798,-0.011780708313412935,,0.018017960924010756,,0.0004616042339000703,,,,0.018753066033661225,0.07255598935056784,,0.06154548279995398,0.09256205870703726,,,-0.005882377067226385,-0.049534394718054764,-0.03785898169662372,-0.10506847040116307,,0.010086432429594172,0.15517162959710684,,,,,0.04694810389016757,0.024612118173156672,-0.09802697676130978,0.11050775799532997,0.03791706398493533,,,0.08131266914558632,0.040389630480375915,,0.01862954371608372,-0.02492297420526457,,0.1602374553627539,-0.08792961183813974,-0.053978598602808736,,-0.053625093641482824,,,,,0.10734251442079246,,0.005793518123302199,,0.03920806298829804,0.042987668901358855,0.07533382791928522,,,0.008019653363321666,0.03477540775172683,,,0.044879598335139326,-0.04379557825723812,0.030578378259353167,,,,,-0.02070378970159492,0.12438707754981126,,,0.08599761611980794,0.5102578672760958,,0.10644715859257281,0.04492875222399806,,,,0.029798776397253812,,0.0480174190759719,,-0.043590731548342254,0.008264639428602116,,,0.031385046509859515,0.013627001214451706,,,,0.11087019442711288,,-0.05738886254054931,0.05885171418903701,-0.04940020185908711,0.1064531707332177,0.052756270525747384,,,-0.022844274491167105,,,0.0018626331915965189,0.054444649100644504,-0.006435596456428994,0.013297890293299641
2019-05-31,-0.12421248348074754,-0.03375758139294327,-0.04311211658650638,-0.02518200676388993,-0.06343995195683882,,-0.025974793814303343,,,,,-0.062373816556292705,0.06897067340619234,-0.07861319674779288,,,,,,-0.2096732748051633,-0.021496091024796993,-0.09033186977263552,-0.13015045536181113,,-0.030322928781333802,,-0.10715408240663882,,-0.022830234434745078,,-0.08901300330995521,0.03475218083638665,,-0.11527508499020767,-0.140654154072134,0.005991947099754702,0.03363021932294852,0.015113514142795825,-0.06811869022664252,-0.043550033946780364,-0.05812084300288822,0.0738960492496128,,-0.0612534827446104,-0.02159800779332499,-0.08430607939052337,,-0.07006281171066031,-0.061754747873203564,-0.03696219320913019,-0.042394402070534576,-0.03454435963491387,,,,-0.003246614236991463,-0.03599317808403646,-0.05031514490176359,,,0.056838094973081565,,,,,,,,,0.03769528200363492,-0.015818400816250744,,-0.07177983218544581,,-0.04289684332193633,,,,-0.07711698958834468,-0.10978782326038061,,-0.0679920421531297,-0.049071425610413666,,,-0.08392057705584477,-0.13186304227104784,-0.024735078482945205,-0.08965401071441093,,-0.06482032051903475,-0.08694548988375739,,,,,0.0014267248167476598,0.0064098768370211,-0.0038413522384809218,0.022206366702425262,-0.1755346342835764,,,-0.010816595664057127,0.009420061414447067,,0.0,0.04244983210362485,,-0.08236788974463904,-0.14982393015793127,-0.09699971557433673,,0.006352599324124686,,,,,-0.04948063628999211,,0.025834933137505622,,-0.07356835096449454,-0.11926770688984412,0.05049017046556159,,,-0.2507480288862949,-0.08548734810868042,,,-0.0003904844378844752,0.03147612441823977,-0.03352761742036614,,,,,-0.10894169832128109,-0.0706199894500843,,,-0.026780187209291872,-0.22419605346108218,,-0.10948270745157762,-0.01631247037816619,,,,0.01692410370569153,,-0.02814146904141579,,-0.030014230260834496,-0.012274046271256278,,,-0.0796109518662369,-0.037736611417865995,,,,-0.10889997098011417,,0.03745663394781995,-0.053021857503599,-0.1168432337281411,-0.05851429601484848,-0.017344391210400545,,,-0.049658841384362606,,,-0.07459336372685932,-0.008373580368000733,-0.10835566741401226,-0.007756940943599244
2019-06-30,0.1305188741129848,-0.05201403549923078,0.10468919731560944,0.037625870910642956,0.08767072918087737,,0.037499009403500816,,,,,0.10545903078642427,-0.01646596403594891,0.06679174655008091,,,,,,0.15490336882940636,0.07610473417348151,0.06557196183801328,0.09611650727272858,,0.083033256380316,,0.1319205735544866,,-0.0004407480180458334,,0.07977915178847117,0.11897942496691072,,0.12679000203187707,0.13755131902660156,0.013437898062927722,0.011034783955926164,0.04877920774485589,0.06438307618002082,0.02944539318675754,0.031220037918707977,0.014144050777840977,,0.03459970877114893,0.10301355064363027,0.002113398006721834,,0.05189343184748396,0.038941829336501366,0.04048138223073394,0.09301736719601483,0.04077555781137865,,,,0.0839528463839152,0.0575579715770711,0.030720745130119687,,,0.01815209287094044,,,,,,,,,0.022743513622134337,0.06172843016633789,,0.11335851688656162,,0.0956375728981047,,,,-0.021418920941279174,0.12115723130457923,,0.10312757718747534,0.06256449099251316,,,0.0859124849818278,0.08696619420489116,0.06730645065887586,0.1284285869455073,,0.06199023847773222,0.05511509697480044,,,,,0.04452484180467242,0.11215745454873027,-0.04441943667094783,0.07384707048865669,0.08179648341082313,,,0.051851060979796415,0.047359708971558945,,0.06506524414910708,0.05195487846522373,,0.08750750195002999,0.085070106588367,-0.019653342292106024,,0.06564839599170336,,,,,0.08311772854233968,,0.03355047084277962,,0.07003027821576491,0.0882808842491678,0.06549053175898512,,,0.21238741249505644,0.12588981670062793,,,0.03195404433933069,0.04335257525766911,0.0654943380227726,,,,,0.03352269938536345,0.07873638878659261,,,0.04291575882443044,0.14883758410074321,,0.030878942378484986,0.10215630048018487,,,,0.033270878593741005,,0.06503643762084055,,0.12480674703112182,0.09581402695585939,,,0.05150110526865159,0.10074086152591488,,,,0.10018230364836267,,0.013608393636432625,0.013970570793681691,0.11138614108726896,0.05130803279268226,0.07574571368482097,,,0.051149724276474906,,,0.06648617707189275,0.08921548380145095,0.08280307831517142,0.12310696892016759
2019-07-31,0.07639433469322965,-0.06991394519193306,0.03955059274071848,0.04226863183727936,0.01428810976509709,,0.007198026555860215,,,,,0.012480959915954548,0.03506954610414259,-0.014179183493694736,,,,,,0.007399303356279807,0.010684907423057721,-0.06271813109409863,0.05793094444795788,,0.003134691124325517,,0.006347820616653177,,-0.0120503565041159,,-0.03630907519654747,-0.012098661314611237,,0.016135892571884414,-0.026464632077531913,0.037680731796424505,0.02232429141733916,-0.024798795421328235,0.07851477948760932,0.0067879340441854286,0.0260950279858434,0.001597054278432486,,-0.026553360506413437,0.0430256350071343,0.01825610320016291,,0.018630000827724924,-0.09008651186750338,0.03451812506196461,-0.010688045334157903,-0.03918778482628993,,,,-0.016932374888411372,0.030475795867930033,-0.017225847921650383,,,0.043938637861280716,,,,,,,,,0.08615892941990677,0.15653791213040225,,-0.0047616795857537975,,-0.03019552903090794,,,,0.12504636809513703,0.0759047663118273,,0.027503649373687544,-0.012199873781676751,,,0.07498175562602016,0.0559852639360956,0.06299129924525393,-0.009608280674440861,,-0.06504868881408765,0.044912825292201086,,,,,0.03358216012261517,-0.04741014426782486,-0.016608064467960593,-0.0037688075280487565,0.010274442462871125,,,0.030508895054754515,0.01473555964184814,,-0.0076065689506030765,0.05247135005706283,,0.006373092801394087,0.007961557594522217,-0.0059136265643611186,,-0.010256419126214333,,,,,0.017243923296708097,,0.011275602384773986,,-0.12068492989927504,0.02477695384568479,0.06951194743574862,,,0.027339717614057735,-0.007760580393315397,,,-0.025318601132396923,-0.10341625916377739,0.0834877905327791,,,,,0.06468881547367555,0.04957960591995825,,,-0.03547088907221352,-0.03825434460276056,,0.026113871263105493,0.12954781556324102,,,,0.0166425319525203,,0.07533258351647865,,0.020430089729759793,0.03655062366480033,,,0.03177009424538113,-0.05448098845032712,,,,0.09580879702960399,,0.020490934142043393,0.06410009145799256,0.1568705471654308,0.09064866639257807,0.025641023267481966,,,-0.022373911160827542,,,0.02303464834403579,-0.0009956640069066491,-0.029622478609440228,0.013798477807206444
2019-08-31,-0.016461142447984245,-0.01320894665770267,-0.02043638846556739,0.029026710382102916,-0.04801571401088367,,0.019937311939044022,,,,,0.12604768441632164,0.08775167399036965,-0.048473822697145064,,,,,,-0.02534548524825686,-0.032162217769138635,0.07380839151592111,-0.10332454213604625,,0.004430481935604913,,0.042298049252783576,,0.08241378749640438,,-0.009832980020886395,0.006358936966214035,,-0.08890131786694755,-0.09622544177514147,0.022507337024906926,0.08937443263449074,0.0628210886614109,-0.09386738377664494,0.0335936923500908,0.025248855081773103,0.11763189519522288,,-0.1167905937420457,0.071770131504447,0.010161803399036495,,-0.15505416146389095,-0.044504545087507785,0.09038845886991775,-0.03395201975375417,0.044958837929117035,,,,0.011316713313388682,-0.0402067105653543,0.08092048388384976,,,-0.11231783666742756,,,,,,,,,0.02228906170462941,0.01432231937645434,,-0.2105262998614703,,-0.030219551395522126,,,,-0.022713923763802324,-0.06787055666759323,,0.06654534183802863,-0.04066473211490562,,,-0.07496694266312731,-0.0557846483682245,0.03984739163855022,-0.015726324799413716,,-0.006897293865202436,-0.05293098477324576,,,,,0.045791516392493126,-0.0077638521971719054,0.042710570452150876,0.06668350843872894,0.10650894570373604,,,0.03342276239938946,0.039875331712272644,,0.032342513695560626,0.058367765310683994,,-0.04407136918310728,-0.0659352103051889,-0.07074543834455771,,0.0419330728943359,,,,,0.015036927406547829,,0.06342334150311157,,-0.09052911253339291,-0.015247093235193465,0.06453105885497123,,,-0.006188651778283982,-0.07531069659909229,,,0.06979104407417491,-0.07614365132828238,0.018552709944097412,,,,,-0.13778277190908905,-0.09776071610453596,,,-0.012228214063029652,0.06301251995027624,,-0.019351184114666076,0.023613824443759146,,,,0.04792877091458725,,0.06457728417746966,,0.051863871852066756,0.03553566130073005,,,0.011861512806063956,0.033779789438341146,,,,-0.010079317956532274,,-0.06027863228604635,-0.09442675566333614,0.0016623234688035726,-0.07804035375573815,0.01730873213794304,,,0.05228873520915678,,,-0.027177978162213123,0.04024699106287177,-0.06762426549266398,0.10035697943494748
2019-09-30,0.07296157543606796,0.15180994025465466,-0.019339123835969585,-0.029368485802949262,-0.02903240477348923,,-0.04489413047199475,,,,,-0.07242850972765513,-0.035231225788096565,-0.022732743159706414,,,,,,-0.014257494429139927,-0.017363117170292375,0.04498882931207504,0.06733054235697633,,-0.0008041717357735179,,-0.001932501079597082,,0.054920149336922686,,0.02266358845364036,-0.047741655450076026,,0.0735039761154177,0.0614287737540562,0.03789823523081082,-0.03460031788073781,0.006176905690855161,-0.014158945877437379,-0.008630904952226737,0.018527109813464282,-0.02410134327690705,,0.09198907060176031,-0.022560463766424288,-0.048888159558384214,,0.05554376035852404,0.03357239218343433,0.03529242102586605,0.007475369963774403,0.0561764823307811,,,,0.017670151990138994,-0.05056105514631559,0.03364268487962163,,,-0.07895114741587506,,,,,,,,,-0.022795034879635412,-0.03132603354251007,,0.08480774748566478,,0.006798459771553356,,,,0.025711135494930648,0.016281762019095813,,0.024250179777476122,0.027822021665963925,,,0.07297273285347994,0.08690178136008275,-0.07775005088889453,0.0559119092766025,,0.007946480879666318,0.07127255132022792,,,,,-0.0036697453303964345,0.025461956230651284,-0.01009114611990758,0.015490531584831269,-0.01996447823841052,,,-0.034829224567428096,-0.014956171951534647,,0.006963985575454412,0.011843302708966164,,-0.04087911405921707,0.016571670858833043,-0.04692235689996327,,-0.020013681365304903,,,,,0.008486729435677853,,0.06349258511559341,,-0.08895322109790571,0.11147956447046825,0.022474305932586036,,,0.0391616910183179,0.05704948818714439,,,0.009635541542440063,0.01068945049451342,0.03451730732404279,,,,,0.07066509426964895,0.08710189183040828,,,-0.050068896179774725,-0.011371582557377247,,0.0482188334721525,-0.08429992042089285,,,,0.060247408973318706,,-0.0584570410327212,,-0.01739778141356718,0.07317089223594553,,,0.014007765775951864,0.01531420595160271,,,,0.04436386245541901,,-0.06690230899503247,0.00012358176196825,0.009775741508610825,0.05829301192034886,-0.04872290307186555,,,0.03782666640004417,,,0.08310057845910146,0.038683891825952665,0.03110410524162699,-0.01447568378755193
2019-10-31,0.11068439497332894,0.06590070411042448,0.0032894975566961637,-0.03188626408496009,0.006081421450791602,,0.0050181849020705105,,,,,0.10201030196084515,-0.013792350579880153,0.023474701269111886,,,,,,0.06078166404656815,-0.004662143213350012,-0.10660493981461494,0.07199149709591457,,0.012017775632379601,,0.04390074044227554,,0.14083997324002695,,0.02192095695095353,0.02482187688174342,,0.04024336022824393,0.09954191356606534,-0.055871818362581815,-0.0015828481390532945,0.13525184629424536,0.1757033337267564,-0.060881513413786115,-0.0011142214754987778,-0.026450600575847694,,-0.023911739032522084,0.03347842555887204,0.05423054074034295,,-0.031171050700782743,0.014435925369348457,0.06060692041967575,-0.02074195718246652,0.018632510941130054,,,,-0.04576611509858908,-0.003069410554845997,-0.01669090697173259,,,0.12069930121918615,,,,,,,,,-0.007532341245095164,0.024616306032487767,,0.11633110904293953,,0.00520664584819297,,,,0.03084014328733997,0.029677285642098372,,0.011033355412240597,0.02086308851551344,,,-0.08038783866282417,0.09703074835240844,-0.02976628752501098,0.02411421632866495,,0.020559394214252125,0.06993520590646107,,,,,-0.00018340180766718284,0.023900740224628958,0.01895746995788783,-0.03430253163100594,0.020016736052571815,,,0.02053169175531755,-0.08388070128225555,,-0.05187976043026721,0.002577576854024155,,0.07620182573722523,0.0035890646950655913,0.09511033593642115,,0.029460910960421582,,,,,0.031216067176820683,,0.022962385936974306,,0.07394814124016169,-0.046529137601173165,-0.0595267695445475,,,0.1548226429742401,-0.005396490003623744,,,0.0005103769245560219,0.06790974671009731,0.007439863333686514,,,,,0.07256727478862723,0.0552142677586791,,,0.004923294608280893,0.05453593433503956,,0.05171415047840444,-0.04365521878540268,,,,0.01440811594109448,,0.05310622788843711,,-0.0001384339496453002,0.03583929204126379,,,0.03426610213119008,0.03676994947453882,,,,-0.08016533480455823,,0.16280128022670537,0.021484203808923574,-0.03880807525429397,0.030357633989292365,0.03982342440377096,,,0.012246604231294311,,,0.023592288044505416,-0.011965279242178495,-0.04305358946942539,0.02804379101935983
2019-11-30,0.07755388614462944,0.10282811792342539,0.022006504930365267,0.08488820004758302,0.1136977186207413,,0.052703083996277655,,,,,0.10799353589737803,-0.018571161957184334,0.013587301227403925,,,,,,0.07976773032098827,0.024215466089975157,0.08357199951708072,0.06555826110662322,,0.009765568905844901,,-0.07064737450548908,,-0.007494884197479346,,0.036315745386240605,0.037170244812995135,,0.05283827573279409,0.050290480584416875,-0.006167488294554158,-0.03696222538754179,0.004595444110158109,0.120250609840729,-0.011370312693380069,-0.014948507104204034,-0.014677902185316172,,0.08586959848879605,0.009087271433062316,0.04089724444861287,,-0.04630627240005114,0.021480360008210297,0.1337554753377943,0.01846139697314797,0.006783686261159438,,,,0.05920750886344228,0.1667180815487752,-0.05451628833952671,,,0.07276684041067738,,,,,,,,,0.04849711233521026,0.09515732553420508,,0.12925861884770784,,0.05540759654945715,,,,0.035978673530504324,0.04320016008255867,,-0.059979538510672725,0.038832658061393355,,,0.01725874050472198,0.03253980024264291,0.005398076503419835,0.07224884197256176,,0.0484895773949543,0.054754865037232925,,,,,-0.011595370123850812,0.039626748701513614,0.035760501699456215,0.04445414501738054,0.05107069012647747,,,0.05570683248716546,-0.004949746654952181,,0.0017156339711745794,0.022865010274702113,,0.052126222216363205,0.037879586356146966,0.10962262588041982,,0.006000174503001832,,,,,0.05946255099931852,,-0.013716521360385925,,0.09481230490423043,0.04672161773261596,0.0017327437083629604,,,0.07899662299491528,0.030280812636348742,,,-0.009768999174291415,0.013611685722125344,-0.019677239874948405,,,,,0.01829516071084658,0.04437621125696123,,,0.03756009103231017,0.03866246643026483,,0.03829772453817015,0.015338714028369171,,,,-0.0007628306099045634,,0.028024554441001825,,-0.05275829543438315,-0.028838825846989047,,,0.06455702514150086,0.039638411427545206,,,,0.018815111694051367,,0.10751896863676169,0.06946604686811675,0.04769934416199728,0.05278824239078794,0.03331683922694939,,,-0.0038034010590405343,,,0.0649079560023813,0.015606289538556695,0.02044734476829735,-0.05784873547315239
2019-12-31,0.09878419633192181,0.009233101475405459,0.016501119588830937,0.046778789459869685,0.06551868594086452,,0.0038226798420830654,,,,,0.02705371347297847,0.07857167782835073,0.026121694264473083,,,,,,0.009522474776661571,0.036380480605563426,-0.11038279787974836,0.06279345247923818,,0.05530647518759224,,0.07862279184474774,,0.12732682457784184,,0.028143426519996684,0.045549161172326436,,0.06349798323694955,0.020382341952912775,0.032603494950040446,0.07308578683825107,0.03206309757989079,0.022859328858536365,0.015039883640999285,0.018572981540359024,0.006072237864704677,,0.08491822121886283,-0.01964556176121446,-0.0015349608111968616,,0.05848602681234194,0.011462335210888686,-0.01301994978198251,0.02885709728194974,0.0077582997727321246,,,,0.05254392063767899,-0.040133784154711805,0.0344784900224997,,,0.049250341708372725,,,,,,,,,0.009411530478772745,-0.0052477685956808795,,-0.008862550370769107,,-0.024544338329089088,,,,0.027068631011968547,0.03876205478745942,,-0.003325442017088176,-0.008681017561224524,,,-0.003049641681410198,0.031007818928354913,0.011742283006370924,-0.0029515681552130246,,0.06094993593854614,0.057984451389492486,,,,,0.03651677303071854,0.03684214227838889,0.11998307958207066,-0.004219387978835032,0.02088470286235755,,,0.021763631737938605,0.01609413451529962,,0.05377709227855809,0.023351006453199208,,0.01790323006996397,0.039170553272178,0.02086013366315953,,0.050397264904585626,,,,,0.04174922750617527,,0.035668483599882395,,0.028316241389623853,0.08364553003367514,-0.022173430356857038,,,0.08563268613675867,-0.0562878055637096,,,0.01323179370410954,0.017133911530611057,0.023267033679515547,,,,,0.040206045956003855,0.041903624525210015,,,0.0014813280527390393,0.06420251304042313,,0.009572527190065738,0.02914636821468064,,,,0.0275852486421877,,0.031739926585169664,,0.02760363932010934,0.045478941357441904,,,-0.0011452858752138972,0.035396269081263476,,,,0.0672158175044697,,0.05445449764286181,0.027274154975755582,-0.022300021703596684,-0.005332834911762174,0.018372868580330604,,,0.01925633223209755,,,-0.012118941734080013,0.0023769533411646115,0.024218536111831446,0.09815813696531728
2020-01-31,0.054010149368409754,-0.07257058878695088,0.007484205900508911,-0.02168708275596387,0.0646736522474709,,0.005219805356845519,,,,0.024858250642742385,-0.10378724004650497,0.008354328732266492,0.08706380278652226,,,0.015830397722087275,,,-0.03436491471130387,0.0468321634250779,-0.022992507093805847,-0.06785926010975962,,0.011802939618295039,,-0.10867037481702957,0.04903508502191989,-0.012394176863454343,,-0.009139105184189034,,,-0.062418638130255166,-0.10433796641256021,,0.05409738351329807,0.06675195080547147,-0.059220394096329065,0.0782644315927239,-0.0350456972843034,,,,0.03946662700140924,0.12094216074087405,,-0.03444626838541709,,-0.08093035893854583,-0.11094529939956543,0.03537811333546781,,-0.08472831689877991,,0.04814969496515964,-0.04369781951599827,0.07038754854110763,,,-0.12167663272369422,,,0.010330455916663261,,,,,-0.04344942135326468,0.032856460704155044,,,,,-0.02739305405565895,,,,0.06972581984813031,0.034010167578365724,,0.04450956184091992,-0.021356153350176488,,,0.07229201415183684,0.06817049183928892,0.07252187691799206,-0.053066048602475324,,0.020566298034893737,-0.04440653117705817,,,,,0.05510413690432725,-0.04588995128627238,0.06246628407424537,0.09949121250971604,-0.02500953975707254,,,0.05951814918161169,0.08278938520066736,,0.04175750543398338,0.01754071356888831,,-0.01627301217271082,-0.10066888842359678,-0.04768603653819126,,-0.06058236777655246,,,,,0.07945449583752628,,0.1075321741398012,,0.06650803630617674,-0.04945211487529522,,,0.19803773877579856,0.004802021780199395,-0.005597304347743304,,,0.039145296169991184,-0.03980594570112217,0.003686261417686243,,,0.04195605906319444,,-0.028088052370990435,,,,0.05287978838499541,-0.03309515922869144,,0.0029379870625481086,-0.035145181268054326,,,,,,0.07573675169816663,,0.0036202975022079364,-0.020225650414546825,,-0.13626086811307525,-0.033082003472444055,-0.03595269361773712,0.00981896798974069,,,-0.05275912162389951,,-0.07323617827994311,-0.007577919680667455,-0.11566715760894775,,0.058914442722836524,,0.03699477605122037,-0.02184702223233448,,,-0.12750927666882472,-0.0366039739541123,-0.10977348193463832,0.015519592671205507
2020-02-29,-0.11470171720511924,0.0578869803085611,-0.11602005394582515,-0.1199747714269166,-0.01714421393208987,,-0.09714690060884557,,,,-0.03234043527156749,-0.0689757319281169,-0.021317023703891547,-0.062213720133630246,,,-0.08001343412219131,,,-0.10663275868895583,-0.15353816625260375,-0.13046526280293547,-0.13189144493303773,,-0.13576608992427097,,-0.0736883828384739,-0.12200623049145798,-0.061795055928101306,,-0.08060418361294508,,,-0.14715769147329938,-0.05413017212463722,,-0.04371297767225435,-0.04694084086404149,-0.04906972788110775,-0.08416916659334617,-0.06390372844965186,,,,-0.07785845891827725,-0.06532851179293453,,-0.13139002495009833,,-0.1273959290822264,-0.11862093612582691,-0.07829489699375536,,-0.013242081901685965,,-0.10126196564639878,-0.14937452750194724,-0.05158719290216396,,,-0.030872916641346282,,,-0.024684886164356157,,,,,-0.023990673438927912,-0.027425799081463254,,,,,0.09746831804754708,,,,-0.06527853244655246,-0.15037821314453304,,-0.04498020199746944,-0.058724536836123775,,,-0.08502726160269991,-0.12727335084505642,-0.05182235073052022,-0.046125302682297975,,-0.09090119944143216,-0.12277111138146068,,,,,-0.08407537538888477,-0.05966649910361621,-0.09206668957114761,-0.13063483753942262,-0.08319013886161752,,,-0.08131328099277291,-0.08685763769092492,,-0.07981875969697583,-0.12794536335613216,,-0.046753378140984236,-0.050854160173716245,-0.15064163362894267,,-0.10393296904975569,,,,,-0.04568785057845404,,-0.052647087003769966,,0.06937323844251919,-0.06928381119188431,,,-0.03589275448917428,0.14296679373443522,-0.05700655111394615,,,-0.07034202778099596,-0.10257786459507456,-0.09139766768086255,,,-0.0925925062106503,,-0.010036050136173813,,,,-0.0518044450393188,-0.08217110078584211,,-0.1264216630715349,-0.0711362412324289,,,,,,-0.09262262355922879,,-0.09544387867366688,-0.06379595418847028,,-0.06460027783049249,0.016616051198361292,-0.071490206551169,0.13852753231740977,,,-0.0539579465223049,,-0.0641954135741103,-0.10405359426976002,-0.11720776600669347,,-0.08517223124568007,,-0.013301053652804762,-0.08882939350755259,,,-0.12045510289554495,-0.05948104286206246,-0.16003710100365054,-0.007301993558990305
2020-03-31,-0.06976138032942625,-0.11107220893027003,0.024406073568584485,-0.09596319481972793,-0.07788596796220182,,-0.11124773088024931,,,,0.0,0.015020384614811366,-0.03990276952089322,0.035020571318223226,,,-0.08513487230525962,,,-0.11550814129336018,-0.22123193056820678,-0.4578895447976463,-0.2503344781722956,,-0.03064636784916186,,-0.20660979206959895,-0.04255174278754448,-0.05621401564815398,,-0.11393813571818279,,,-0.33627483524968116,-0.06600132352259369,,0.015668186388740457,-0.11529495776505161,-0.03128754101516784,-0.017907589405685265,-0.14409446105270707,,,,0.014192110377130307,-0.15504685604006319,,-0.015527406186809367,,0.0025344554617268145,-0.22369835557708362,-0.07661824163704556,,-0.11208102421006261,,-0.041341087594238046,-0.17892055569604903,-0.11799332189433365,,,-0.11359849289192947,,,0.09038093039348927,,,,,-0.13671678594622994,-0.12710377187893562,,,,,0.0878920055494068,,,,-0.13238760094541413,-0.2300143988926372,,-0.13716882477289516,-0.17500121242541422,,,-0.14767567746068755,-0.025216342883850884,-0.13485049199743293,-0.07257092310760105,,-0.02491063791925363,-0.22461468046959887,,,,,-0.16548747500861483,-0.0900246915273345,0.09981749168053189,-0.08359686665729527,-0.19254937580218845,,,-0.16775170323858712,-0.14842652542917922,,-0.0458366453631226,-0.09859521560316709,,-0.13337148482677774,-0.08529891536945267,-0.015763966708080668,,0.013265527480562866,,,,,-0.02654168536600965,,-0.048029806283074294,,0.017532432627999084,-0.07428965618622507,,,-0.12116287138870707,-0.02395675321358426,-0.022846867846556984,,,-0.08421602932692518,-0.023339114377331938,-0.028526160185000204,,,-0.03844593995990331,,-0.09285413078862903,,,,-0.113436455435449,-0.12914237224758374,,-0.27766272160659,-0.16180028701784765,,,,,,-0.07844757304069849,,-0.12328318941184979,-0.17234502631973125,,-0.09737871605078452,-0.2005014965923565,-0.024003960579747963,-0.06943221452976167,,,-0.12449601080365469,,-0.017649059693602975,-0.11745208864302781,0.03237903112045326,,-0.11355640765680453,,0.0621345277185783,-0.007939223865368161,,,-0.2974295556919915,0.0598320650045423,-0.26185841913888586,-0.11664042800383079
2020-04-30,0.15537345983561002,0.09497209819872321,0.17194001223932953,0.1394438315967006,0.11123688254261,,0.0732371326449941,,,,0.15193491462098496,0.17999285005490018,0.09756242540299631,0.2689001176660719,,,0.1301041048456304,,,0.1455927861809836,0.07180114250328784,-0.05444545494447073,0.13283072532477225,,0.09905567378559743,,0.10053373726170256,0.14107794889618752,0.0999874891035546,,0.024777108428204686,,,0.1528968347680375,0.012137720983335099,,0.10408637758690742,0.13504163039450345,0.10497829467961672,0.06535663546262138,0.09453186620130549,,,,0.06510147493989105,0.12480913400569449,,0.08831921416131205,,0.046099176057047275,0.269666054469194,0.068430641223727,,0.04994179708840929,,0.18098454461765012,0.11956514478691993,0.0467361805317279,,,0.23647806759796408,,,0.08106325392192648,,,,,0.04543969357995614,0.08426492897340543,,,,,0.12359554790527194,,,,0.1589997716479561,0.18649309871552777,,0.17738764224077697,0.0606166807707369,,,0.1318850734623187,0.10827819090369184,0.17562010190082367,0.03164310537927939,,0.14420781865456367,0.07469808084302287,,,,,0.03706211274181159,0.06352621824592353,0.11476399758128153,0.14783870410681121,0.22439450609724632,,,0.1400693495844021,0.1343209086601147,,0.027156462609343457,0.08261245076154622,,0.22727827701173897,0.11288559227892203,0.01499883335549157,,0.031193289120950096,,,,,0.13632635997212983,,-0.03948139280545948,,0.11810922672173652,0.05366216218843345,,,0.2266731163418736,0.10880115804577017,0.10121344687446965,,,0.10149862925252795,0.17524489701711876,0.07869180229543082,,,0.11023999295673947,,0.02247827996116336,,,,0.28472954972642817,0.1628971753785482,,0.09173174168501208,0.16717358875784982,,,,,,0.1951846085617941,,0.11976671227099689,0.0697681720492993,,0.1803811834047715,0.025935605711078002,0.18011272917620302,0.04648391032790666,,,0.1615131262161884,,0.17278847750700055,0.13294127500173225,0.013273617904386192,,0.1092352557407259,,0.055683967934162526,0.08073432368102229,,,0.012195090556494703,0.06979425753723367,0.22386130725617237,0.10051195941396185
2020-05-31,0.0850944689612596,0.12737230518604759,0.03073080328365574,0.08871972692547292,0.09320209843290628,,-0.0013633072352572384,,,,0.02691353051801526,-0.03329667477943821,0.0847479071482482,-0.012784941240091663,,,0.07123833361865906,,,0.07234387301890632,0.04186306404051998,0.03425047287420857,0.0029104653182148166,,-0.02217570443884298,,0.10728966731806366,0.05298372214825986,-0.01792465046555658,,-0.009500420439252255,,,-0.0029139099469308594,0.03222195442913156,,0.07984651892481631,0.09847947000735835,0.007865860954006765,0.029315424389332767,0.05235166343819908,,,,0.018052337965377863,0.07928371876157003,,0.12836217260240912,,0.06531265328101266,0.011372051346284717,0.10216521973435766,,0.04866968818547135,,0.019270671658744742,0.08460481719234014,0.023265787149577388,,,0.047661235427604254,,,0.0373855570235897,,,,,0.029896591420252028,0.05261951809759169,,,,,-0.07345245813289292,,,,0.06446878544807522,0.07795361280873347,,0.13032778319731464,0.0354151330897754,,,0.008083905791009371,0.055109768892226185,0.0760164294156711,0.13535469874405304,,-0.0017249208884465572,0.016186441250067407,,,,,0.017214993431631243,0.09973376460518124,-0.006272810811504326,0.00445700317105957,0.24439161289753408,,,0.0942650074705238,1.2027998149477526e-05,,0.013219156439571389,0.009730704276565083,,0.09955547615584193,0.03996585676991771,-0.005095547822800084,,0.017393377867084947,,,,,0.02539097866433493,,0.10574591396190636,,-0.000285841072363624,0.13358477293331905,,,0.1035159585954395,0.21465704902256388,0.01510292482650022,,,-0.0055937544099342595,0.005489996520062546,-0.016543853469745518,,,0.025439665510481158,,-0.01662201720310763,,,,0.26024391544181014,0.028092039093253085,,0.004343716749470872,0.022165220193834934,,,,,,0.112126884440374,,0.04988486910388423,0.012799607082591091,,0.12063311928228782,0.07563723988500892,0.04335478990503372,0.13940765469115513,,,0.030997481159878992,,0.04232928672282976,0.06898517360069123,0.06439642217441488,,0.09426449727274755,,0.1463375595279568,-0.0012184313758677456,,,-0.07029822255215579,0.025139488747589533,-0.0025472149312124603,0.0779520164466343
2020-06-30,0.14738629224265853,0.05945836552619599,-0.03676790337711833,0.06497361855379546,0.12599583726347796,,0.022345318502605016,,,,-0.022118933895620696,0.02681760410263112,0.005623716559189917,0.12956672853391105,,,0.004856779380686627,,,0.09472841650806907,0.0013674430152499362,0.25677062311305243,-0.008472770943067642,,-0.027847680532037677,,-0.028717562341439073,0.03609267987018483,-0.015405358410321202,,-0.03809681676075771,,,0.06658298433856524,0.0530258679153095,,-0.021191825978579493,-0.062426454880658344,-0.04900671371476195,0.0128579225827683,-0.009808268756208327,,,,-0.017051794156542788,0.07174327017900972,,-0.024675706309558953,,-0.009150347259528013,-0.026935626990391648,-0.03455944982866588,,0.03836095051123167,,0.062455830670501866,-0.04936066710011544,-0.0670324786394717,,,-0.10300956962022456,,,0.006694165161150067,,,,,0.07914221324293713,-0.03174270888892716,,,,,-0.002635107621679622,,,,-0.010791774310397795,0.005751160782892173,,0.014189734054806946,-0.008639164986735559,,,-0.033066302629541355,-0.04926114303444806,0.020219413436285194,-0.01758534423901459,,-0.05458823942022717,-0.03339855728566499,,,,,-0.03414909543990785,0.05322726020219015,0.07342282641098508,-0.06054983451746754,0.03659340165927394,,,-0.017248762472243162,-0.009929040399855427,,-0.01337975262046287,-0.06368468840032937,,0.00879639496250717,-0.0028763773035106466,0.02707998735733752,,-0.034381798389253815,,,,,0.110559323598874,,-0.055044005160133636,,0.08412555882638939,-0.005376414552307085,,,0.044157484174016215,0.07059732102863103,0.02789647895001579,,,0.01320106772346108,-0.1437549437453579,0.031487237040239036,,,0.02630182288674532,,-0.029767125973018338,,,,0.12399200692446577,0.13644816589086273,,-0.044947225822004055,-0.05641720663121241,,,,,,0.013722375901491723,,-0.07633860730461672,-0.020414793236142148,,-0.019619258881492962,-0.041698170754948416,0.03833772385173462,0.04108356565935112,,,0.06931138592299857,,-0.028307831852534715,-0.00465124661442029,0.11503337164659988,,-0.01060251178572491,,0.008160877112271647,-0.03921231633594091,,,-0.03286733657810603,-0.03449951564835352,-0.016494641770103957,-0.01685930877848474
2020-07-31,0.16513148524683996,-0.021507494308578345,0.1050065413689818,0.050687307751916766,0.020697916005047112,,-0.10732756825588596,,,,0.47177341583114574,0.03735285209822248,0.011023268496431982,0.14711362185002108,,,0.18707062372741845,,,0.003611986995692096,-0.015300047802083716,-0.1380251098229056,0.04757895027517112,,0.17582685238838458,,0.04382863635549872,0.056828945553015986,0.005230658083540396,,0.09674530728754038,,,-0.011419384706405022,0.05830210383611134,,0.0170895684128054,0.13716569344170648,-0.07972279371680446,0.060001376605892,0.09799913518613179,,,,0.07592154662692319,0.040143001317685556,,0.01781786017814646,,-0.023679408358399656,-0.05928466739536864,-0.0018480612534074181,,0.121921642319331,,0.15251963319999984,0.04869515366581245,0.0607085981806208,,,0.04114422955211894,,,0.11843943579463345,,,,,0.20097002756928473,0.09113299989315093,,,,,-0.09630877663114701,,,,0.049293309863897905,0.001720497624421391,,0.059798019557174786,0.033058822268901,,,0.017968098289609324,-0.20223965133260013,0.03613900964373151,0.2028850768380719,,0.03647838292167993,0.03744114681195265,,,,,0.057296314915224356,0.1555798133137294,-0.08460239493495891,0.03850154707456199,0.10627993656426349,,,0.04478189822780099,0.05317952405905246,,0.08527266606871065,0.05212673142061508,,0.11714445569946919,-0.035386974136873306,0.04840783333548693,,0.037630909569666526,,,,,0.007370744837779553,,0.16875550511148485,,0.07436706114992031,-0.004487524882366478,,,0.08428375071397265,0.11760652676923855,0.007498119970974049,,,0.04082874365839806,0.18825951518298023,0.1035160076142354,,,0.12954019825155538,,0.09634635116781287,,,,0.12535158583564887,0.15787802877466084,,-0.08016856120442861,0.039951075031194216,,,,,,0.06303875175062079,,0.07275669442579491,0.0011265184669040362,,0.04961219125431082,0.028283208335544208,0.14243529906252017,0.031012976595039543,,,0.011483175264870749,,0.0265466757736883,0.02531532151387461,0.2840441471969257,,-0.014339801101399763,,-0.06307050295399586,0.05433499330423053,,,-0.05234376667447005,0.0803141252113797,-0.05903429815017269,0.10838134966635926
2020-08-31,0.21656951231287702,0.009060838462804588,0.0877383971597383,0.06739908680002804,0.15545104020899636,,0.04649771489827281,,,,0.17293038017401874,0.04228889471249553,-0.046826368443502964,0.09046103369298208,,,0.019641920084187303,,,0.09597478092151657,0.08861956715521102,0.087468400786195,0.034565993282844376,,-0.1370939527571169,,0.14939884492610833,0.03335604099973932,0.060347733180958985,,0.11369902260511111,,,0.022195513271068723,0.07096605990778548,,-0.04089048100035231,0.061396526468211254,0.027100663620765575,0.026683897456163175,0.04696289259356856,,,,0.06798163017042835,0.3992812725450261,,-0.10360966762017332,,-0.01302819400594657,0.014295560930382978,-0.03196310727399576,,0.1914239870178247,,0.013100812104285042,0.12767231519577016,-0.040947974924486874,,,0.028195008306981073,,,0.008950354763778368,,,,,0.3054629502575057,0.03103015614211113,,,,,-0.03998302120247388,,,,0.09515117377035476,0.04117166713081866,,0.07363733481538426,0.11458858132692251,,,0.016142214324068593,0.0747124581848646,0.12736233607230374,0.06623481959827449,,0.059488747526760255,0.03673434235921258,,,,,0.048475910197413485,0.018889407464048213,-0.007829311794980254,0.03607714648057736,0.10597024186782655,,,0.160956643517002,0.10546185423260002,,0.0528023341286874,0.11390990280548596,,0.15583268688115637,0.09326667643506426,0.06294049180029093,,0.06268699739722372,,,,,0.10275180572638831,,-0.0004350751658316332,,0.08321061922817141,0.14883589425609478,,,0.09749548437798028,0.25999223795063875,0.03192058318907365,,,0.0174342206201068,-0.0179311235912315,0.054987727318449364,,,-0.03376966376336099,,0.038797122358644964,,,,0.04115871927813286,0.12773381250743054,,0.08422773914425075,0.10975420828204685,,,,,,0.04811755861331579,,0.025142133923178545,0.007775169489918632,,0.20716147267055374,0.05385652715846834,0.03630852438775145,0.08660830278576648,,,0.1144650837328085,,0.032267485764526205,0.11568969377922533,0.15342070440505462,,0.115076025322852,,0.02617645263671875,0.031141213364165754,,,-0.00043769083397249275,0.07744082531353191,-0.032130816467427326,0.05551161201045507
2020-09-30,-0.10252634544533068,-0.0854128627719003,-0.005846395876324073,-0.05810028637628861,-0.044722377369141086,,0.009568847741753261,,,,-0.09722530126321838,0.003315958782350359,-0.02507547825426082,-0.08757859185260519,,,0.02382973859648252,,,0.059027445317736404,-0.013190278788794307,-0.038179563134369876,-0.05758323466587145,,-0.03831647685271511,,-0.10456700439510636,-0.04586933377925384,-0.0307074841567313,,-0.023390162363626232,,,-0.15669032243099856,0.04806407963056536,,0.02768400208823163,0.014181123944766227,-0.04487813032207688,-0.02662128587603263,0.03235868321008706,,,,0.021112713970466546,-0.07823201377281874,,-0.06702945944554994,,-0.05988414501278949,-0.14214227877521401,0.018271514254523336,,0.05870558744032239,,0.043834379056036266,-0.05907331138212679,0.10231525472759007,,,-0.0425248015332329,,,-0.03754178688342669,,,,,0.14737726035148846,-0.021824769053658932,,,,,-0.04341424403506711,,,,-0.1005998226423902,-0.01903661364433651,,-0.020577896788186445,-0.00567806527519743,,,-0.0132994988606574,0.016290392709282564,-0.055531493718293246,-0.029144509175223154,,-0.029528762280338183,-0.03912574026779925,,,,,0.004838227841200027,-0.0429012537074992,-0.002493272148830439,-0.017885657653597398,0.007104227040450661,,,-0.05589203600939496,0.027960116180599348,,-0.011139987257403172,-0.027555817404274152,,-0.1067531178170309,-0.01742122334395313,-0.09881846351281587,,-0.020132672140069086,,,,,-0.06739674542933605,,-0.005767223253915654,,-0.05576332914520554,0.12199487410546683,,,0.00618232309382849,0.011966656129212438,0.04334159039248142,,,-0.0033084908654126277,-0.02884377353264489,0.0047712298074362725,,,-0.006564665018869986,,-0.045281288733793446,,,,-0.03482904388937813,-0.006630661176367014,,-0.05672124654741195,0.017165952918027916,,,,,,-0.015883341555080643,,0.054449501257255006,-0.043609504650956366,,0.04106878475808684,0.015696151339804176,0.029757473336566198,-0.019883311754326782,,,0.0045021351546563615,,0.0016150591968835393,0.02302023267513098,0.018396155265949066,,-0.05670080610873385,,-0.025078819584605783,0.003712029131363037,,,-0.02650107547704217,0.007633925150538179,-0.14046057149344837,0.03291694790542432
2020-10-31,-0.060012053583385905,-0.015197008220802943,-0.03096265203809545,-0.036420500373557596,-0.08835101282419044,,0.13241091521248927,,,,-0.08171724750346454,-0.14644323944680848,-0.04997323341674853,-0.03575408533520574,,,-0.07258450144090856,,,-0.04032138415384745,-0.08607402336014058,-0.12628582724734527,-0.016189390485847666,,-0.006661441040392235,,-0.05154695539195242,0.06327737366632258,-0.02322833384840295,,-0.05184562984101415,,,-0.027294078969969937,0.05939823455532034,,-0.06186176783332831,-0.032866737112147826,-0.014402859345844177,0.0281944508351355,-0.0822927740794569,,,,0.009315757617097908,-0.07579978482823746,,-0.0801949191839848,,-0.03140543665025597,-0.03472234277974229,0.017863686354919084,,0.019311408918994966,,0.06599170265955578,-0.022807820726595596,0.040086058058014906,,,0.015674485471742772,,,-0.0380068396818285,,,,,0.03160774681730594,-0.15365804234294778,,,,,-0.0797594373054713,,,,0.10269507786024556,-0.059362090767601794,,-0.03960953798796829,0.0020653905699885566,,,-0.08227177586052548,-0.14484352262399458,-0.03364266729554477,-0.05984159624901386,,-0.07905707727483657,0.027835923674939256,,,,,-0.026534537001768888,-0.07470721135149494,-0.11863252923219547,-0.08649028879669896,-0.043509597248784115,,,-0.14547060839300663,-0.029568659829410926,,-0.0753700301331347,-0.03223630678028799,,0.004619949944268065,-0.0013731987144149915,-0.06625276814712311,,-0.09330904196333589,,,,,-0.037369706531648506,,0.055051531964556366,,-0.04857702777528139,-0.04349214584659733,,,0.02591752514396739,-0.07364861771579678,-0.05632838008336849,,,-0.03831177681867348,-0.03324252713082232,-0.008120999639865345,,,-0.014112353997823845,,-0.05294055579753587,,,,-0.05532152448989036,0.0482665136722773,,-0.05596102671895253,0.012104253710297774,,,,,,-0.10501949652434417,,-0.030522500824074372,-0.02905127179950695,,-0.033032514059573526,-0.08715183396959902,0.07157108693168657,-0.041885381384369924,,,0.019880653133608206,,-0.021266124957436294,-0.09996452945116507,-0.05713260398649489,,-0.0913136897592487,,-0.23430837737365784,-0.031824122877265215,,,-0.08762220733517723,-0.008290847005359203,-0.04981085913159666,-0.04004065643097643
2020-11-30,0.09549308938250745,0.22890729154096845,0.02958798946198704,0.14835660486234192,0.07016326255635197,,0.10078498476229414,,,,0.23070796301451169,0.030461393314241025,0.006749664445839132,0.043439868865325026,,,0.01411808134421344,,,0.14858556470164563,0.29975906998215307,0.4593116393417853,0.18818577051026164,,0.016051437746241737,,0.25020034141378034,0.16545115352326367,0.06757899304538095,,0.1337791509764643,,,0.32955117492795605,0.10531702793580089,,0.07279137814720116,0.0797754004932989,0.2525602945259331,0.08556215365559461,0.1893939803224729,,,,0.09549271421599403,0.058251184415934576,,0.1983286052279718,,0.2085931183035059,0.27284616264789974,-0.023026786365824004,,0.15807180976459168,,-0.02139052757590587,0.22070102442999295,0.016047076520859793,,,0.1419357023843697,,,-0.04237076424851305,,,,,0.10448243574334093,0.19118711900830454,,,,,0.043335943184671155,,,,0.08557000841538143,0.21974200539713507,,0.04011854620514521,0.242049593202607,,,0.12225579302630174,0.09985714029287807,0.1186599246063651,0.08840017059430383,,0.06254369961973216,0.20236628761301168,,,,,0.0820765600499036,0.1637470906717602,0.1221701764862071,0.049761026019560894,-0.014421051681390407,,,0.16584652478951778,0.026912769858461916,,0.081513721801584,0.13055582672056465,,0.05267736457904082,0.08917355946467254,0.10393573626483721,,0.0688737369830612,,,,,0.060060296846746075,,0.009904722305047464,,0.03144571281169428,0.12175225797469746,,,0.07432123849589778,0.06921184084348186,0.02869370130474147,,,0.08207691424307728,0.14977452058831608,0.012910281092378018,,,0.008568636522600759,,0.06660126408897216,,,,0.1503787027560326,0.1930122505874481,,0.3299173902339072,0.13250002059141353,,,,,,0.09218386904232534,,0.15538821077105047,0.0640267850076377,,0.18428676577011904,0.2501969093596632,-0.017204822645483953,0.21328837613479834,,,0.1152222409678969,,0.10224858720673935,0.15717407486792379,0.09549510352657098,,0.15935817767784877,,0.09306008510678176,0.060010578378939305,,,0.2809125043745009,0.1011891509006213,0.19711695374484872,0.011541763130891614
2020-12-31,0.11457363086335093,0.024574425238798936,0.011735349558361197,0.04865699469907092,0.045248383056930574,,0.018793008520497922,,,,-0.010252585150988924,0.03548921650727843,-0.023718456862228288,0.0280583830144836,,,-0.019857140213201063,,,0.0996086668524141,0.019563169407163628,0.015898584490463774,0.08305795963029738,,0.06918546194529074,,0.09801580017213074,0.03845414757577137,0.001999913547963139,,0.012930808648482284,,,0.11966587356134784,0.04856296839507901,,-0.04192793980478615,0.014662798051787718,-0.004590163455787999,-0.0015177379113359146,0.042994274304728464,,,,-0.013070655842608137,-0.0946705223448614,,0.040214140103162155,,0.007523346589114688,-0.03131444177837084,-0.03433828451921017,,0.0313543350815364,,-0.010277178471839177,0.22410640073571364,-0.011871462011794343,,,0.03376042013631109,,,0.02348855316445686,,,,,-0.09204617349115929,-0.04456225116260326,,,,,-0.02885424211633858,,,,-0.0010033135600281406,0.149915026664309,,-0.037279592958207486,0.0430561959503597,,,0.01910638640150264,0.03040333678471452,0.07905828902394263,0.12678197145617598,,0.08778001885983877,0.07796070989189885,,,,,0.06279056037068398,0.031486533386846594,0.15921759791257695,-0.027452007548357416,0.030098779525778108,,,0.06071129707897471,-0.013153173240338933,,0.023269146699643528,0.03540073073937555,,-0.013755817661886938,0.011926133832606878,0.05044768866901239,,0.025575163880709573,,,,,0.03900597430012609,,0.048376084396624774,,0.10195643362263485,0.05237292327848553,,,0.0297071814073131,-0.025567319965885127,0.12075538296350707,,,0.03554362251041443,-0.03915414715352805,0.0019441377049809194,,,0.0019218465908963367,,0.1087442263854641,,,,0.09377917428434612,0.039597120817583153,,-0.002928356217209216,0.09141021988653564,,,,,,-0.06552405247406545,,0.05262497600865301,0.0003476471534866743,,-0.016710272627982192,0.07526382106390184,0.002188159574267212,0.014367381784416766,,,0.017860715719612008,,0.04638655326728447,0.02028613523546885,-0.015607949837168289,,0.03983825609456715,,0.03771677865155043,-0.027478980805653586,,,0.10347344538851133,-0.053099679015330525,0.08103806760659915,0.03192420320130518
2021-01-31,-0.0055014525948065,-0.032397315615055766,0.1333263779342213,-0.07068355239226654,-0.08268016977370907,-0.0027075036334316405,-0.06288318158807149,,,0.12027785197058094,-0.06618689080165874,0.05006074933453952,0.012919733605299077,-0.015576012236527714,,,,,,0.028891012200124022,-0.03508682656529882,-0.09282441999350521,-0.021774983183084906,,,,-0.127034322298755,-0.02810643015263148,-0.009672727200281894,,-0.01725104620793383,,,-0.05150328273439686,0.009849366933742276,,,-0.08161135398776709,,,-0.04968057148543836,,,0.0009998740527548122,-0.0646265177175307,0.01361633325492928,,0.00428012904335473,,0.05606539417971623,0.008880773125608865,,,0.07340599961918626,,0.07067597961890981,-0.07180702634747838,,,,-0.07508839821029034,,,,,,,,,,,,-0.011110968957908196,,0.1259870029651784,,,,0.04263271902191579,0.02828880937170042,,0.019577014607532472,-0.08147622135891774,,,-0.05378147275627876,0.11421110458367956,-0.04749500243968119,-0.08612643207114168,,0.03653577783303863,0.019883764432726547,,,,,-0.12199125650793907,-0.06872584100193135,0.23175775675120636,-0.09341383556248795,0.043152123888222205,0.024731937633710288,,-0.11276140977415883,-0.031410072711910764,,-0.05182164852740512,-0.04959873830445305,,-0.0542905468773881,0.004977199214570849,0.0019512814744768736,,-0.05782386739659651,0.6575093485094534,,,-0.016565607250180858,0.042891816511796854,0.04110138469215574,0.048217725301711756,,-0.015423657273946012,-0.05570107617361453,,,-0.013207808171101343,-0.004998419476455518,-0.06227787764422865,,,-0.07909631775983972,-0.014111671519191571,-0.07299587686652009,,,0.0355205268284664,,-0.03792680876550547,-0.0298699522199537,,,0.00046972008438084245,0.025863052498902972,,-0.06684361464723831,-0.09506467471991242,-0.028280472734453554,,,,,-0.03568248888346892,,-0.09806578154243861,0.018934360366286596,0.001043377709991633,0.02628441872368792,-0.06223461267316355,0.09429349063393766,,,0.12450585757436783,0.01562607090294099,,-0.04876255630914694,-0.051627745683591963,-0.07957263542228521,-0.08027463594105921,-0.11649060744597306,,,-0.0581087484806071,,,-0.009940525225837216,-0.025390113254273317,0.08782185635140127,-0.06653133605594364
2021-02-28,-0.07971203081581113,0.051326953081089144,-0.030827822860881926,0.0371196800140714,0.0019618205977194325,0.06215679468413993,0.05390039611465536,,,0.2248070701976861,-0.013194736822412345,-0.06145706625019354,-0.04939317989710568,-0.035328413767423905,,,,,,0.04299671769943658,0.16342685485981545,0.09176575437145185,0.17065745669736154,,,,0.1975898104461966,-0.009639815473912572,-0.0016281637117336878,,0.05547022276078084,,,0.1360580752975924,0.18070426367048675,,,0.009645113857248866,,,0.06354646175885192,,,0.3112083114447952,-0.05895206300829281,-0.040166790402272,,0.006505312039398303,,-0.04912774911432727,0.19030009870094977,,,0.20886431852124732,,-0.07639538368213461,0.12410054185302477,,,,0.02091056828559168,,,,,,,,,,,,0.1741573289749514,,-0.06402437865410315,,,,0.10646509597735898,0.17815372294502585,,-0.04608245280300194,0.04031158011830893,,,0.011831331734296402,0.10158405604184617,0.08003206606487878,-0.014498931421474404,,-0.022570485524957107,0.14377871788474583,,,,,0.017445600135178152,-0.0046048468566479706,-0.010695512875292468,0.03406340694767995,-0.04255302525184046,0.1720008820155574,,0.11875185413420408,-0.0020770788052288935,,-0.04112521403467462,0.05066004376865574,,-0.0027482955016078225,0.004796743116877833,0.06134357961424364,,-0.057740082200219756,-0.10597138897803637,,,0.1464577827236524,0.004118054956198769,0.16941348496961894,-0.0866136612834193,,0.012133960587216386,0.01095891894124068,,,-0.017858479764955137,0.055794286284414074,0.06751605068831168,,,-0.05403825441818144,-0.06713079806862954,-0.036502452569562194,,,-0.040019332186619794,,0.054864424013436386,0.17307655846282421,,,0.10900100438662719,-0.12855115801247852,,0.0854632443433081,0.12064806886416424,0.2013988424363411,,,,,0.041396636206219695,,0.09809529969767294,-0.02584728856538021,0.19719169156167715,0.016139108507996935,0.034347176518004785,-0.11697076301228904,,,-0.14874045049393914,0.039712789402999604,,-0.004076541324525729,0.047807378737262374,0.024705486265828913,0.16686067035852492,0.10074874148601443,,,0.010045705905465496,,,0.21433939088078668,-0.07523659252020265,0.2331248497584668,0.00641825989062883
2021-03-31,0.007339590840686361,0.0044550087219432655,0.0005009548767171967,0.1010357811562741,0.03415489640574809,-0.004749201738600384,0.08859654549146967,,,0.1303832332960111,-0.07111586775897039,0.10621556069160709,0.10609356006629,0.00037178414851712915,,,,,,-0.00550287734550825,0.04883288758529902,0.20145279854950449,0.12020082652510822,,,,0.0005711354627493392,0.09204474947382502,0.03737848197826077,,0.062201185212874766,,,0.10428025063914981,0.07406906364343224,,,0.0058687958028602605,,,0.026365607206020547,,,0.018458250140491517,0.06489430566643617,-0.02138570840428411,,0.15244017561680656,,0.1042122800626426,0.04789977779641719,,,0.07429364518741832,,0.025608870292846753,-0.023910148690729827,,,,0.18786413587418127,,,,,,,,,,,,0.04782154070686162,,0.06458632628634442,,,,0.02008496644836244,0.0275588325306797,,0.18898679942516505,0.07274555813434702,,,0.12049142046058936,0.052978021122643604,-0.01814753612307418,0.0029044507823918764,,0.03717011811572535,0.03438181616964697,,,,,0.08488933048581426,0.15177754467459814,-0.08819368337465527,0.11884931843748281,0.19048461836182162,0.05200237056042645,,0.006217112861153895,0.08731916274732598,,0.10680885289021602,0.014993612821622593,,0.14327292071094466,0.1006514956311777,0.19371936776557863,,0.07088044540075278,-0.15412441694097234,,,0.010277150220922682,0.014588168785006905,-0.03627202587629097,0.028987416671798938,,-0.031901234274240076,-0.014022534036107759,,,-0.06251638440557827,-0.026369600495314005,0.08773813231269068,,,0.10364198500316535,0.08181504798690331,0.0963328244874182,,,0.07659359307057878,,0.07036031763269501,0.04187451843261236,,,-0.06546097386524918,-0.021794294676773518,,0.0733435087448413,0.011478138479867006,0.05605949395234067,,,,,0.0713806964666317,,0.0062864553676642565,0.08533548060417351,0.02387637179478186,0.07975351824976973,0.002424647513777023,0.01458304628899909,,,-0.011206569460840976,0.0970571403393381,,0.12392907972098244,0.0701591778997126,0.0770447347026828,0.11461988608256246,-0.003107582283772836,,,0.05153695010564219,,,0.08017720112298687,0.049854425850735185,0.026853193409861253,0.014428851781638885
2021-04-30,0.07621780686421609,0.04283576504177233,0.00568164426599882,0.05291414232166236,0.06935650453196018,-0.012381152403552753,-0.007852546225936674,,,-0.006661809333796231,0.03974525791824246,-0.036855671789711164,0.07124164119512089,0.12066273709568298,,,,,,-0.016089459552160457,0.08420542898508554,-0.0801272124854654,0.047557602214567174,,,,0.05847624800769813,0.0866624688204789,-0.011246529863345844,,0.07625165731102457,,,-0.013945425320644689,-0.011769057532383664,,,0.09145569169481904,,,0.042456689644281065,,,-0.03454782173609716,0.05789550542256694,0.08708163694289217,,-0.008412583209681301,,0.02221585927862635,-0.016413554845802758,,,-0.008793532632679346,,0.12822092105543814,0.008129119529469486,,,,0.05694374910805,,,,,,,,,,,,-0.000761611164609044,,-0.017948324442983,,,,0.14107996403157075,0.06559627302473126,,0.060344060565006075,0.027502446848926443,,,0.06468544862575909,-0.10109382655272015,0.07751299558913005,0.17059573145019247,,-0.00985672920193903,0.016330302346352354,,,,,0.024093871085186125,0.02034697020201781,-0.021678664005554626,0.029932404060696305,0.03496101278623942,0.042352710617089784,,0.07432553632544359,0.05327053232408141,,0.03895440843318676,0.10827082413404998,,0.1037246328298258,0.02314721540113207,-0.06665386184497446,,-0.03359709814229017,0.3655594615622417,,,0.06748290523189171,0.06960178493272617,-0.024260353297642423,0.02512883143258504,,-0.015699885718497786,-0.002031708854580483,,,0.012517234824735102,0.1244545437838096,0.08476457320503239,,,0.019158760512276496,0.06679530129922773,-0.008538656747024143,,,0.0993398207644618,,0.07054343059960577,0.07266721157968759,,,0.08009389780535137,0.04683622340539628,,0.07726170536236299,0.04777154461129518,0.0800861251758167,,,,,0.1063278342955769,,0.07820844424645723,0.0612841208465027,0.016975436353567908,0.04639785618612047,0.07331812479795352,0.030347560649356176,,,0.06214724771921731,-0.03959870051067771,,0.07184154137831777,0.007621950623185381,0.19924717339717102,0.07304306527959215,0.10310325562878075,,,0.004501382589190417,,,0.15305866456970096,0.030037611971484468,0.025254988325997374,0.10037933699223789
2021-05-31,-0.05049707051151109,0.015246534039825343,-0.02856425079643876,-0.026933951626430308,-0.0073966435706659395,0.0792374898736874,0.048291326255914147,,,0.04266102423018192,-0.01886793511032847,-0.00011226015244714116,0.0027083728219354786,-0.07047025525869333,,,,,,0.03535724486881309,0.044212518710152526,0.054244406326233285,0.045891716045329156,,,,-0.04238733921423299,0.07047485639536455,0.052867534490488755,,0.05270045314078531,,,0.10485685701314407,0.056858447535436785,,,0.03130153197378416,,,0.02119333293175285,,,0.09843024400056155,0.01660875177837262,0.03377909969391335,,0.0390885321215555,,0.13141396994976762,0.0193114452841765,,,-0.02629083625251083,,0.008663582605494602,-0.03961936898046381,,,,0.04963241631255344,,,,,,,,,,,,0.07164637464168555,,0.04159475488815634,,,,0.0014232405993965802,0.07124800940335141,,-0.01470625604664233,0.039679261513276165,,,0.024429145002564212,-0.0010114102060497787,0.06533881940741626,-0.026381580987598907,,0.0465552874323536,0.06781050675520195,,,,,0.02426826449862185,0.051637121829360755,0.09767840421442187,0.011095417298176091,-0.007235487200853985,0.047384964563777165,,-0.056221352346350395,-0.003804837943624184,,0.04472958480655609,-0.033073695897529065,,0.011228142936998475,0.037506825987089876,0.03078520094203463,,0.01865755669925795,0.03461574169043646,,,0.10175645176045833,-0.007627397597481433,-0.022423838379504457,-0.0553474642863192,,-0.02076074336486211,0.031031070874012467,,,-0.06416257840593753,0.0822814376269414,0.038923394415789625,,,0.026220582011200255,0.011944105822493611,0.010718131845519174,,,0.0112413706462553,,0.015052860079352914,0.04134785567204302,,,-0.008654426249257385,-0.03069153285515336,,0.07213036467134426,-0.0013704090842004968,0.05174429152705473,,,,,-0.025993144456006534,,-0.028024320122022606,-0.06303693721574222,0.04956870450928741,0.09841321007656112,-0.04528493306062209,-0.0015525504623381536,,,-0.11871335524117288,0.0515759901631303,,0.03289880678353074,0.016747282867164426,0.057726293977577336,0.02409421896102959,-0.025388884004769907,,,-0.022495241248640885,,,0.039332415042360624,0.019139171585817127,0.034597286327620935,0.02109465897928464
2021-06-30,0.09910944314405601,-0.00494679602887349,-0.006172320490625105,0.044761867843377656,0.16064852002322239,0.045929438815836665,0.018040919935655042,,,0.030912773907260327,0.17295202494301298,0.024418003174291325,0.06252764629803442,0.06735498737093981,,,,,,0.01745083005354542,0.03184880601622919,-0.030200010464086824,-0.02327034404736361,,,,-0.07345175664665604,0.002304296705512243,0.01673765797225002,,-0.03980095673197037,,,-0.10113080758583715,-0.09727048337185462,,,0.038759998523619554,,,-0.005580935223879924,,,0.09257278658279877,0.045999062651791434,0.025913583726031142,,0.001890404001306356,,-0.034705961951254194,0.00915325787413046,,,-0.02071590711869553,,0.048527843615368216,-0.016120737316471456,,,,-0.03846104401655759,,,,,,,,,,,,-0.04194580580999252,,0.05246297310424386,,,,0.036039653710413955,0.020187048592436474,,0.00518080808402277,-0.050062638828575645,,,0.019827632751219237,-0.017157012101117308,0.11633146722099386,0.09197561738960669,,-0.026646995046326838,-0.05297126757747539,,,,,-0.013967673718877971,-0.03487219133830566,0.14909384406794213,-0.010073162329798158,-0.004414312739098869,0.0033138030363555337,,0.012507465544596919,-0.012398967960125962,,-0.012233238678544422,-0.01448523320610462,,0.05773730237845043,-0.02171979282277392,-0.014251237096175484,,0.08319313132708839,0.27009352307643497,,,0.008136618618445501,0.08498894796605683,0.009983634301017341,0.006109659606484463,,0.0505161195072068,0.13212637629148594,,,0.1596818026674225,0.2316220448510511,-0.011429988640753064,,,0.008871891631720974,0.011102389922838851,0.0005931797470577482,,,0.01943242602015549,,0.04026872182837837,-0.020135543263699374,,,0.12099070939952039,0.06778184715307312,,-0.03832690855728538,-0.01817700810562517,-0.014082383103709017,,,,,0.08164018257733097,,0.01993984879076849,-0.02208649113142369,-0.10165117375469002,0.06530930077303587,-0.0017771466725833296,0.07508448218701202,,,0.08713734718910104,0.013065063142713607,,-0.024309269526183508,-0.021359090288432858,-0.03089493157206702,-0.05579302044062573,0.028684628825576652,,,-0.008142937555730478,,,-0.030607798796106644,-0.007110953621771388,0.08069200237378449,0.054788427060846745
2021-07-31,0.0649823471561608,0.04400318139898607,0.04753369255752382,0.08069057403255964,0.06145411743420559,-0.02753253006172729,0.055432567075362815,,,-0.017345724719064926,0.130522752011051,-0.009066891235335994,0.04686484443917904,-0.03272228272228317,,,,,,0.0179514923937647,0.034769851999221,-0.05460010838351881,-0.06960956420854958,,,,-0.004492330591698734,-0.00891433629945293,0.023217324117003946,,0.001331300731545637,,,-0.037103394091381414,-0.04489504817725809,,,0.0313257678335892,,,0.03617746858552029,,,-0.07243652890029528,0.08809256512863306,-0.009579593953604526,,0.05200075416805383,,-0.006965680963993748,-0.027973874416021283,,,0.02517674337935949,,0.10854812526699731,0.001422194525661391,,,,0.005788168257455428,,,,,,,,,,,,-0.03788994860749151,,-0.008277623297298198,,,,0.10350616597338536,-0.012251948191011386,,0.029163545001007707,0.06583103569269322,,,-0.03840647334365155,-0.04310651632078144,0.0824579064217641,0.07809578592006838,,0.045283444178163546,-0.018550537304971693,,,,,0.05396400672829538,0.06326546409599731,0.060909733765193375,-0.017655777669429717,-0.0024619642192795776,-0.02042418155734771,,0.05835439412123655,0.05073814761280637,,0.013132551045960117,0.057842763010416354,,0.024704333069399897,-0.0034735492199376994,0.007550463176381417,,-0.01157215683610413,0.5048089732434808,,,0.05447123523075703,0.0517162077407487,-0.08707952426012966,0.06304577791774668,,-0.020143488257281073,0.08427734587826663,,,0.0697661633344262,-0.02517194256058075,0.12360528417438532,,,0.05925620177346835,0.10310905284824434,0.06073146304254173,,,0.07119531956619785,,0.009888081072813026,-0.03738331409872486,,,-0.054720905774984785,0.04806556709792975,,0.019223826859447568,0.08603894576549265,-0.06674947347804994,,,,,0.04451188852496646,,0.0431599883616296,-0.0016046688169202294,-0.019279119897963493,0.07987902146352077,0.020616878855492793,0.07045011550844804,,,0.01103427987887895,-0.003207732094245963,,0.029417639215639113,-0.005319891504615315,-0.07986730779741913,-0.025100878812255534,0.053759129973025566,,,0.006721831147201263,,,0.01435177740111282,0.01084938588848039,-0.08734946324889448,0.08905603489056668
2021-08-31,0.04248921340571066,0.038521283352883184,0.044552866142341996,0.05943096959826799,0.06767692517054358,-0.022586961098691072,-0.00281424503078187,,,-0.03253602016398205,0.04265937164655842,-0.059072584828898544,0.03313296181859671,0.04303416949999406,,,,,,0.024330626067567973,-0.02679872912419856,-0.030819480127225907,0.0883733740569641,,,,0.05573730345321404,0.08777959472282548,-0.014881370160760965,,0.02687836515532882,,,0.06344264696307755,0.01992748348552187,,,0.09758750963351415,,,0.03144655983016453,,,-0.009453955021380911,0.059969015847360474,0.09647407845049627,,0.06592021865439701,,0.04893132386113197,-0.0366894478267753,,,0.045465713667664165,,0.08964995434310818,0.029996497844032355,,,,-0.023124317508931402,,,,,,,,,,,,0.017471001669914887,,0.06574863754633209,,,,0.07400919941323192,0.10840625103882329,,-0.006124619651274421,-0.00408664255259783,,,0.007063907235954181,0.012868564679791028,0.0681927016883157,0.0626349395399759,,0.011375284666539809,0.053828248480206176,,,,,-0.01262475453599854,0.023422917935314258,0.0641640174135285,-0.024934775129832665,0.058124664395790226,-0.05112875872135447,,-0.10289146140438088,-0.01626710139731602,,-0.018811326727558142,0.016525608132512914,,0.06477690257847368,-0.008656754280507273,0.04558686028515613,,-0.007545459987404635,0.06529976227186784,,,0.08803908179299302,0.061591156978789696,-0.05001297935626825,0.08311031390174906,,0.09973527738900967,-0.014913243573478563,,,0.09483061132746218,0.14821019399072322,0.022836848478945182,,,-0.003568043727788961,0.07615014155820576,0.0011249695107280466,,,0.05170276152944964,,0.0290737556064391,0.04763982772250919,,,0.047653648659741865,-0.020761262255172608,,-0.019335826649192867,-0.028691382991791525,0.07469802012098126,,,,,0.03704590800784602,,0.0227359199156143,-0.02246014230894211,0.05693805714318567,-0.050650649758762656,0.06068401057219486,0.02766595893310031,,,0.07060538379906944,0.0015212253546783572,,0.009824800450893845,-0.003963755778041866,0.027715871044992513,0.033309194378838614,-0.06890571532121448,,,-0.013983572224909424,,,-0.0008943330521155035,0.04275703245349205,-0.03864492375403816,0.00917623689244107
2021-09-30,-0.06803677508684458,-0.10688848993479061,-0.0652054807281548,-0.04944146234168001,-0.13255995161329337,0.027799785999662152,-0.03927246200512202,,,-0.04736200828712911,-0.07062860918178859,-0.05711016101808197,-0.08735364251738564,-0.05351810876292584,,,,,,-0.017550039183014343,0.009459595716815983,0.0020045669312354075,0.021976966892295113,,,,0.03226530621601942,-0.10704100524684912,-0.10780470897155359,,-0.04489619997029104,,,-0.0240577498753356,-0.08962872893792351,,,-0.10910290514528342,,,-0.07827927375493826,,,0.2204212444147109,-0.01347974425645282,0.022429942261806612,,-0.0777703396399424,,-0.017710198234546892,0.04836251927877422,,,-0.1110044086535722,,-0.06018493681733472,-0.06690560689220026,,,,-0.003174763426879723,,,,,,,,,,,,-0.021818264243402608,,-0.030584316616196316,,,,-0.0761693978076351,-0.08580201926896303,,0.011493746161332696,-0.08464491896564064,,,-0.010047306106415355,-0.014428297574271554,-0.04698730470879464,-0.05638979516731646,,-0.06717506580897514,0.02338198873663644,,,,,-0.06116142179916528,-0.06426098291759086,-0.10546272044230964,-0.04085579382979432,-0.005052028681176379,-0.05666589956155288,,0.004187980390057966,0.015371205723620607,,-0.0570486864874582,-0.05629580892734887,,-0.10540875657038384,-0.09920901543986871,-0.07718459258290256,,-0.006643875705074853,0.02168887641616446,,,-0.0681795655084011,-0.066118895574662,-0.03555998356658241,-0.06512681418232502,,0.07229574959382701,-0.1184290733738137,,,-0.03320174749221183,-0.07455898394501792,-0.022439048867673006,,,-0.03164523180771217,-0.06642075895229116,-0.018189234446772784,,,-0.06411957891170939,,-0.06834817927259984,0.02375736400866879,,,-0.09855887386698792,-0.11663583087695617,,0.014157596879438072,-0.061111538784050956,-0.00013727401573071507,,,,,-0.04265239839841373,,-0.046041968561627566,-0.014952440863417182,0.027865544391753705,-0.0737306645010134,-0.09268379250985814,0.029995442653614646,,,0.05404233150359361,0.006809607711305565,,-0.05803545257239251,-0.09606139589219609,-0.0691612708423529,0.043666332692584575,-0.027717148027264105,,,-0.01799999048565948,,,0.015535857294546762,-0.05887914676114914,0.07887005107087441,-0.050938549553420254
2021-10-31,0.05865736586079917,0.07592647023459165,0.09529886340445937,0.1248287844060707,0.12964638790848237,0.035885039037538036,0.12289923711023487,,,0.06152407492134726,0.16841595310080026,-0.02671046648415254,0.06239393647652536,0.02660245759664326,,,,,,0.09638494165108091,0.0398858942899043,-0.058697842678930634,0.12555925784448907,,,,0.019760931283248517,0.12496118882201923,-0.013013370938050217,,0.051549817536325815,,,-0.0073918464548762275,0.06858580211440812,,,-0.07239263165497833,,,-0.07639115516727779,,,0.10576211034256766,0.09566062851041934,0.10497035095076135,,0.035239905056279275,,0.058198717845314496,0.12853582435997857,,,0.02160736959407239,,0.024077212330667397,-0.0005911093030318559,,,,0.16719442601580115,,,,,,,,,,,,0.01785877522953716,,-0.07115239968576959,,,,0.10749869901078668,0.09343176815897536,,0.1324556927828926,0.029866225716782324,,,-0.09954642553371174,-0.08033018326724439,0.16177134235847146,0.08976514741219743,,0.008544855248177052,0.04413067653797165,,,,,0.07432790907251641,0.08800865761837362,0.10261836266398161,-0.03703278765416729,0.15679125679220118,-0.009804331479107087,,-0.03375549895097474,0.018414674458569813,,0.044001468308038305,-0.04379752165689821,,-0.046613229858524785,0.018583787207964164,-0.03097534393361301,,0.17228046382491624,-0.10302446449522373,,,0.06352010395380625,0.1762910706247307,-0.026486371117841023,0.0867293767596855,,0.13102529379150107,0.15189673584244745,,,0.12131389335804244,0.23416665117679947,0.10494369283506244,,,0.07439654055477951,0.016972943802358698,0.029158911213493566,,,0.15570442326542433,,-0.0026374772857675755,0.08538908250143296,,,-0.10614499434451496,0.031477500074848175,,0.0337366708400324,-0.03843724460302589,0.1261668773466329,,,,,0.11595966008939707,,0.008911016422044504,-0.04060472131164128,0.08218239472676503,0.13485142159142938,-0.007426808545099695,0.10806364831849513,,,0.43652959572908157,-0.018601273299268306,,0.17845604957104433,0.23156966166045456,0.17226812976390238,0.015646004262065638,-0.04929295082380103,,,-0.0072336115486650865,,,0.1023488501315799,0.0720331731292827,0.09605570317358847,0.11495927036084996
2021-11-30,0.10508146620794068,0.005319559789545902,-0.02420673616664426,-0.003874349292649293,0.02996800337253136,0.03896470581036149,0.02850889142154034,,,0.07887023357751222,0.3172252407498115,-0.03102027632304305,-0.06912082135031161,0.039923701306486814,,,,,,0.04139789699686536,-0.12360473372979319,-0.044341364681007356,-0.06927585926855007,,,,-0.13174674499914218,-0.04117806404502822,-0.0816781240746155,,-0.03595695959400935,,,-0.07894765045500107,-0.05225212459537132,,,-0.0423920709013097,,,-0.028193787169235596,,,-0.05853116806018477,0.09732671604927279,-0.049151104305352744,,-0.020189505757797432,,-0.002463974563767457,-0.0027553898170602498,,,0.009435970943022953,,0.0316580081705089,-0.14295852517661123,,,,-0.06641701817108436,,,,,,,,,,,,-0.09421194595614935,,0.06242271299492397,,,,-0.04153092217190779,-0.0782873741510477,,0.07766199123184725,-0.07092669158002374,,,-0.007825147761872708,0.011063904958843462,0.042029467227937545,-0.10187469345522904,,-0.036398731366282244,-0.06510093854248522,,,,,-0.0623248138378355,-0.0033207616811049556,-0.023216408300921976,0.011307497871386962,0.04606107182033958,0.20632780401344042,,-0.06139733901230282,0.0016537055648662147,,-0.029634534492903097,-0.10979479376788981,,0.0027507690327148726,-0.04061009568633667,-0.0333258179087762,,-0.14923338709193756,0.020914809534539724,,,-0.07744680696566475,-0.001282110412614057,0.2156293658378179,0.02149729813646184,,-0.07012785433648494,0.011656721065497644,,,-0.0717439271874809,0.27805380120184164,-0.0542006692790733,,,-0.01126255176276525,0.23917767253415212,0.01111957195282609,,,0.03994205202097123,,-0.0909665899408717,-0.06648343679044078,,,-0.20508190300913376,0.3571861627376851,,-0.08401219523386372,0.03811407654250765,-0.05445781484006851,,,,,-0.03725144435729044,,-0.11064765945732613,-0.09619954293789212,-0.05856284263347711,-0.057572277583226916,0.06366095796163518,-0.0003791651813503938,,,0.02761218887377903,0.026082777932955326,,-0.03528991272299031,-0.023860849691186403,-0.06614465486310417,-0.08331934634487237,-0.08338699669967486,,,-0.05133048009476737,,,-0.06246146854451984,-0.05882741422811144,-0.05934227972712125,0.02701186366110586
2021-12-31,0.07422900944573074,0.17453158769771648,0.11902701908544722,0.15990498554889898,-0.15345223822308918,-0.021119300470106128,0.07271602156059376,,,0.06909446060535807,-0.09136832523102545,0.13118461523554847,0.11990531067431909,-0.04925196878828475,,,,,,0.2094829890889076,0.07419584580069638,0.017538544926239297,0.0052653684012740065,,,,0.14148495193058475,0.016772733408022322,0.16259563863575766,,0.08063174441338306,,,-0.05196227423673638,0.06925278670313095,,,0.00880414239697358,,,0.0070029089799332755,,,0.03208717206500444,0.052504842595744616,-0.10819026155097022,,0.1555431296614156,,0.15832054771025494,0.03969152808647469,,,-0.004646000264438066,,0.023578411113562403,0.06894403839457497,,,,0.14427300126802267,,,,,,,,,,,,-0.004603454025325804,,0.06408737224295913,,,,0.020821477988192783,0.009393333993396702,,0.040229476563012456,0.03100251284766431,,,0.14141765336476375,0.04674801828425945,-0.013919906285005168,0.10778809844548931,,0.09709461884059722,-0.0030219506992614775,,,,,0.1288847194899878,0.09256175850939186,0.11361064635611617,0.06627282025901526,0.05678903148078307,0.06012832393825818,,0.1409884033906983,0.0959525732485258,,0.13100668459165066,-0.02428334342964822,,0.03664556302732791,0.0446369917052174,0.13273898018089336,,0.03280050215276997,-0.279346250302855,,,0.035224402362523666,0.01733267866977073,0.11011110921986922,0.07582415690087618,,-0.061473793583464276,-0.013415454288721929,,,0.0021770337661681793,-0.09981012523901434,-0.03890244152748756,,,0.0945288807393192,0.09901320663919155,0.131415123739677,,,0.12125631819421745,,0.12047612733403046,0.017868126833412212,,,0.019957918151857212,0.0166223247022661,,0.06351937583076572,0.06685508893400471,0.08670380415635615,,,,,0.03554724241144469,,0.13302297487412384,0.07752949691012523,-0.01281368872553601,-0.05085300852206853,0.09394795606262862,0.05479914428984878,,,-0.07685451947850863,-0.02027320753537909,,0.13407275067114788,0.07423498146624219,0.0805061413802659,0.02331465411107092,0.11838758089454315,,,0.03361836603540169,,,0.004185941428081819,0.033012631427574046,0.022560145409573185,0.09903645900645297
2022-01-31,-0.015712161554200632,0.02149564403123594,-0.0911641000461243,-0.14486387021314784,-0.0577716818443712,-0.06713309223909003,-0.1638819444851024,,,-0.12188638778807326,-0.20604583150860567,0.009645802698640349,-0.14017080345376354,-0.10282991021845655,,,,,,-0.11952040471079806,0.10190290413602576,-0.00536460258177629,0.037086952282386676,,,,,-0.10116232587436647,0.0498581716902724,,0.046889595363451164,,,0.078324348622405,-0.020325288773119343,0.02053711564914451,,,0.0036146085446275844,,-0.0018376064245246848,,,0.22776373066381095,-0.11021646441641963,-0.08460252023520498,,-0.11633168446701914,,0.037992051201021004,0.11913085102665044,,,0.09772796434928788,,-0.1313637410981502,-0.07695781845619187,0.0015253048120720258,,,-0.04864722226205087,,,,,,,,,,,,0.00010583832569466267,,-0.05412491582299073,,,,-0.06591900497046854,-0.07285296070715164,,-0.11573193944005655,-0.019327379735710193,,,-0.0006731214666066965,-0.05203885703442357,-0.1357938921273285,,,0.007131629044835774,-0.05594745814502433,,,,,0.03040006974299092,-0.08010299771487794,-0.11161377011926077,0.09487606424165573,-0.07871910174393792,,,0.07671998722291717,-0.0321557772552542,,0.01085818787481685,0.0003868737078771556,,-0.0686486044327912,,0.07364417049849559,,0.06315218313078241,,-0.11306804311665153,,0.0519005722901571,-0.07534500805346744,,-0.163239254691679,,-0.29098331668313326,-0.11159789139627163,-0.04435898258883075,,-0.09756441426114038,-0.16745449129072665,-0.065915512607716,,,-0.0010936019871581326,-0.10092084365682519,-0.013838358177331589,0.059578513136075095,,-0.06854320699430305,,0.08263154933994366,,,,-0.08823842239493895,-0.038880295963219624,-0.03630921736643078,0.04798981604530228,-0.1594426496442346,0.04280604572032454,,,0.013269418698982127,,-0.1201660756411147,,-0.07243259736603869,0.06465867026672623,,-0.04757169991217891,-0.05202847912713149,-0.12879920588661953,-0.067339320043867,,-0.11360931817914044,-0.04134037336964558,,-0.05888802233524715,-0.029293569584929235,-0.05659247876814022,,0.04365295906305011,,0.10678504688742274,0.036784527308522996,,,0.12130056031364811,-0.03372725870725568,0.2413795479370744,-0.17997450216595534
2022-02-28,-0.05406593634455292,0.07948015882006287,-0.053663838378970485,-0.10622763835269855,-0.1246864994183784,-0.017672809046649696,-0.008391086688481764,,,-0.02705174402838617,0.07956233118503797,0.0056435379008150655,-0.09793244423911185,0.026672518265588474,,,,,,0.002662961316454826,0.0818594232282639,0.02546939025578787,-0.042046157294133746,,,,,-0.0960579267367736,0.05825241065410469,,0.026931261546338847,,,-0.08328448191536364,-0.06935892569185798,0.03223852905884539,,,0.03176240204724423,,-0.06461264361279395,,,0.07579729455430018,0.029510893111610814,-0.0950006246637295,,0.0017962609167225807,,-0.026851848290364244,0.107986513212327,,,-0.04351730529435227,,-0.03981963930078891,0.03839980608727034,-0.03470542954434719,,,0.024626464311572338,,,,,,,,,,,,0.010901718010935202,,-0.12055902423646847,,,,-0.0018219040154972,-0.03775252552090591,,-0.1393810698378406,-0.06692679475971774,,,-0.07175507237227119,-0.015498423956202823,-0.1456333907636257,,,-0.03867658260806306,-0.045760338763105146,,,,,0.02016073978135413,-0.07982903334619773,0.02283454577695121,0.12246961105943788,-0.06863288906945397,,,-0.06615263896315937,-0.05133306482980282,,-0.02312404592904027,0.014494202447957516,,-0.32634259566610346,,0.00805802129622224,,-0.06013715396444741,,0.011520412496286214,,-0.11507720022978163,-0.037211703934098006,,0.007469265739814768,,-0.0763684268388427,-0.07780113066400174,0.20006027715195707,,-0.010003730820609236,-0.004124546213082558,-0.06394791012925827,,,-0.05636243957186793,-0.10912893591178907,-0.028419651335955032,-0.025124386672176313,,-0.06995325519662154,,-0.017306782629659345,,,,-0.3490171019628171,-0.021449541321557408,0.01605347439401239,0.14503819009636154,-0.06168204902132279,-0.03490195336012347,,,-0.0583310704372384,,-0.09343255992784705,,0.06168110026725748,-0.07098037296887494,,-0.08979824468766884,-0.07815946486125369,-0.06416639296134607,0.13904053287887264,,-0.0707681586632628,-0.05292765326827842,,0.006983065363698415,0.010650627971468207,0.048162658644502976,,-0.04288105599856962,,-0.0536103625414156,0.008265990824056324,,,-0.0035384431520291137,-0.033259424657933856,0.0438302323227755,-0.030732307056730357
2022-03-31,0.05747332349552514,0.09704204614873113,-0.01873660777460917,0.06711604390019099,-0.025786857995771184,0.03050730050529693,0.11853900170100884,,,-0.0178837975660332,-0.11350738134973604,0.06773240647384804,0.10733014222896564,0.061437285030015776,,,,,,0.07915349342632627,-0.03875784734321586,-0.0674003924453015,-0.06286096880157843,,,,,0.03410276146590707,0.07133977042673711,,0.09786900065449755,,,-0.09842977110874573,0.1878665864272071,0.05438126382217834,,,0.012463742016586954,,0.0012829409553829496,,,0.0573352369335316,0.1090034149598822,0.008502282508059178,,-0.0001792030335416861,,-0.02354089636896506,0.1307638481069613,,,0.15693321035700647,,0.06988288953234578,-0.07611480639629109,0.11204034586297729,,,0.09019040528374211,,,,,,,,,,,,-0.0411246343287186,,-0.0031823871601805997,,,,0.02969490736701208,-0.02708597447355754,,-0.04652375745258652,0.025454500976769934,,,0.06130117453655437,0.03899360531058904,0.013639152927569453,,,0.07692782909061768,-0.038646132802092836,,,,,0.0037693030784671233,0.09368306527163694,0.14570931414427957,0.01751964161308961,-0.08536137304166924,,,-0.009533684753472937,0.010254558114369372,,-0.035882903187427706,0.06307600838722349,,0.053689223852763535,,0.03624109986294255,,0.08095895782853346,,0.09658325983498628,,-0.03680826969627493,0.03186171514202951,,0.08227926982241218,,-0.05051708525488763,-0.01232494736753964,0.01148943944515013,,-0.03971239793043868,0.11915712941560175,0.08898288498178286,,,0.02895370700870159,0.10289745120505134,-0.019821816209886323,0.07608815696127413,,0.11285276790656007,,-0.05797148990344858,,,,0.03323496738526521,-0.1077534517779799,0.12947154181951293,-0.03534548733784548,-0.008933470645836938,-0.0017759512791820642,,,0.1194998096934985,,0.09177541853949056,,0.01777994461211918,-0.0025328397066088915,,0.062321645500603484,-0.08350963293207347,0.08636191385014502,0.041717467381008344,,0.23800880933275548,0.07935746629899287,,0.07482936795301032,0.11083569974972951,0.019199602597238297,,0.026142888077244963,,0.134553501318875,-0.05086627526580667,,,-0.09199931080721213,0.1060667188432245,0.05317503901469145,-0.026129493637891632
2022-04-30,-0.09713064835252816,-0.0862476105547626,-0.03723904201420447,-0.10667992191150044,-0.1309643640525674,-0.0653829122291707,-0.041135706893419166,,,-0.16274653503100422,-0.21785257447067996,-0.03568786944718361,-0.03547357413480623,-0.23752509313621095,,,,,,-0.11956852167535648,-0.06306995064303123,-0.2227676431441744,-0.13440061133917314,,,,,-0.18253782497594606,0.030672313734520396,,-0.08523424322832063,,,-0.08789120224943126,-0.050580444161471005,-0.0348295551796316,,,0.02992359607484718,,-0.14599762412641948,,,-0.044799906977227466,-0.07513221271906811,-0.17134519207853893,,-0.11557715078881714,,-0.045268545305239716,-0.03783072576507407,,,-0.09124824768644835,,-0.1438651231698156,-0.18613310461744081,-0.013433628488234262,,,0.021802626122700897,,,,,,,,,,,,-0.1852459016393444,,-0.0018501588666348656,,,,-0.179466815536518,-0.07455314636109234,,0.0035745887670641796,-0.0054988773528074075,,,0.016843770914073852,-0.12046001008623552,-0.12793026497489246,,,0.018224835417097518,-0.11792284213365567,,,,,0.042096817736023695,-0.023385274902940845,0.02011366765935474,-0.021024062943661326,-0.01810153067206588,,,0.018199986226420828,0.007602567292628315,,0.027078741983193266,-0.05939613483253536,,-0.09844400207338933,,0.06354063219562711,,0.08092644391024217,,-0.048191664907324294,,-0.06999905709539755,-0.0998672339488228,,-0.16161018333919153,,-0.49181773447775956,-0.07327567827559367,-0.01748580298673963,,-0.1414821224893975,-0.32027416834472033,-0.10930591218347174,,,0.025869292086965867,-0.052153865610754524,0.056614440942076794,-0.05733784734936154,,-0.00736940791397378,,0.06450932564342082,,,,-0.23968876604722955,-0.08591829617190438,-0.0562842605024374,-0.04199050908974078,-0.17950964328177732,-0.213260574964252,,,0.012136272321946251,,-0.08211014577865305,,-0.09758717455915222,0.07197054582469176,,0.07741947640109892,0.01155506663991579,-0.06387911109398337,-0.04059215639594749,,-0.19194510982164703,-0.0721059773263879,,-0.0027844130414474977,-0.14245457068666634,-0.16077601151514498,,-0.038959092906155846,,0.04694026111315419,-0.08002017881058354,,,-0.0996699117045774,0.02733002234470905,0.032207357381697,-0.058484857123007994
2022-05-31,-0.054496075946059985,0.003335727146886569,0.03488977924645531,-0.006325888999493046,0.05184997637672084,0.09589290614182966,0.021816916553408117,,,0.06548974763112425,0.19106647110246322,0.10983647937545582,0.06269191711995159,-0.03276431760316645,,,,,,0.046429137654498964,-0.03371315967080979,-0.1171728222957934,0.04260083018229799,,,,,0.07107644480016795,0.002391245299257605,,-0.021218523281151702,,,0.10786139407538076,0.025220918077235588,0.023444038070673745,,,0.08716270506457557,,0.11368213793286808,,,0.1815796712353075,-0.12318511072001503,-0.08923489412791197,,-0.08023674853677054,,0.006449407397214335,0.12399845800634557,,,-0.05236397242299651,,0.05053172479307233,-0.010660267785046917,0.030660040631616203,,,0.015301076348033682,,,,,,,,,,,,0.05016756082785312,,0.09285451697077773,,,,-0.003045375206370826,0.07647287433319816,,0.007823116943572517,0.005701221433924264,,,0.06288617762099324,0.02709631588242778,-0.010244865330995556,,,0.0012394456604716275,0.10782485010689147,,,,,-0.01903735211526192,0.04077419049146003,0.07656272447948975,0.024859460342346207,-0.012289569141471834,,,-0.015163418515623861,0.012241155020537686,,-0.014268032100282713,-0.040341225837399186,,-0.03406997606460549,,-0.02663307695755479,,0.03765917116970274,,-0.010822455509360784,,0.06886707188372965,-0.01807708624542881,,0.07182679710552309,,0.037192698529690205,-0.04691252528383738,0.06897696171435852,,-0.02223383590897865,0.006739870729134845,-0.020163655891347054,,,-0.02306224515777222,0.08971970998433498,-0.0789161342189878,0.11195970397509547,,-0.20469153665923256,,0.06249984362274086,,,,-0.030933536876921908,0.02527036339701505,0.008541765887807085,0.008200039481802701,0.0591222467178818,0.060092585382147234,,,0.04048176668156134,,-0.0694913504741852,,-0.02801964967850501,0.1288437236226021,,-0.28910002886333397,0.042843362718878675,0.026496170045869016,0.08242626910145656,,-0.1291974857378615,0.04529754135416142,,-0.023144072221662593,-0.05638835065850378,0.021302058782058264,,-0.002603224506474544,,-0.016726474283729975,0.10777543783437671,,,0.05478378360908387,-0.15616988820375133,0.13763485152010002,-0.03565592416623409
2022-06-30,-0.0814295856442322,0.03928892836633158,-0.07500413171518738,-0.0697244590349394,-0.12106226492917915,-0.13248190400838278,-0.0533879113420187,,,-0.22431564922807123,-0.2492636877823482,-0.052348677002160615,0.0038382431912971082,-0.11645921262241232,,,,,,-0.15564168706399562,-0.17581584805570027,0.040487120025361145,-0.1583523433057541,,,,,-0.08321849746206955,0.02763228813569052,,-0.1359580368345359,,,-0.13892512925731404,-0.17183223274990822,-0.065728793302123,,,-0.013502085971252353,,-0.11382073051490227,,,-0.19449183833768402,0.028012578784969877,0.02995516250341601,,-0.05349620752199713,,-0.042273412900574736,-0.17107525267796242,,,-0.15990658815934367,,-0.03806404531707164,-0.14523719273245506,-0.04719157314164579,,,-0.0506018691646265,,,,,,,,,,,,-0.18577056813860093,,-0.034967334002813155,,,,-0.04218453303522485,-0.09126513675132553,,-0.08834970843321421,-0.10231382733087357,,,0.016925962886572554,-0.1578119226160417,-0.07001883664130337,,,-0.011251630546061153,-0.1483776220977706,,,,,-0.00024418801310610583,-0.11116659879353874,0.0344246568107478,-0.02306217539270594,-0.10563249517033824,,,-0.11845073648511617,-0.015707968825670493,,-0.017556455914270575,-0.09696401864628479,,-0.16726906660851748,,-0.21274468693776405,,-0.0012372192425721407,,-0.02938417952465955,,-0.11701869011002586,-0.05532066247404288,,0.023384523810064284,,-0.11431321053423715,-0.13796220234366685,0.022650916782724906,,0.01722028070465198,-0.18797110436792652,-0.02850365278068323,,,0.000412527928500106,-0.01150087886576101,-0.02765734686731791,-0.026051283476632547,,-0.07047402243065182,,-0.05902154782193092,,,,-0.18037796135030226,-0.1033902097895506,-0.11073496628691948,0.01040794777569154,-0.026878803731235634,-0.09871592005035823,,,-0.05749414354826965,,-0.03553857092855084,,-0.14869318916592011,-0.015500087552227204,,-0.12756392526389881,-0.1214408445666032,-0.0422354243038956,0.009378042197336844,,-0.11188774122303635,-0.13074233415824932,,0.03760549129770929,-0.029575022452328126,0.0015912808034068693,,-0.07201766622041927,,0.048911278417897774,-0.010528281264948758,,,-0.1441992525300302,-0.05480832996508345,-0.10791655826251845,0.005616237465879026
2022-07-31,0.1886332653767211,-0.05424160496642638,0.006201096380713311,0.10696697468885841,0.12036277619091984,0.1770827089302629,0.14797158151231948,,,0.16487130686715523,0.23538642229191908,0.017139188400779437,0.059626693608088255,0.2705959712975001,,,,,,0.10224178271202944,0.11109505143035658,0.16522817536714585,0.08609067000013026,,,,,0.09874578761609665,-0.04181806394195764,,0.10101830708249948,,,0.1396339191030571,0.11675340298444259,-0.040390616321626216,,,0.044930179273345194,,-0.03738202544152236,,,0.08484596768789943,0.13135167457235752,0.11500238989229583,,0.07360107880682243,,0.03859546557567861,0.13123355365410028,,,0.14595788676322718,,0.1496925377473053,0.12394065783327224,0.025370696586782593,,,-0.011355522524291062,,,,,,,,,,,,0.1608296569191443,,-0.033327901046081965,,,,0.06751845713296944,0.12244975897211274,,0.09723996376862676,0.10730085685144641,,,-0.07365970122459176,-0.02940377910482528,0.18546702312084595,,,-0.016844293247216813,0.03348210133770735,,,,,0.020028513631887845,0.05032559543854109,0.016839608581873833,-0.03756189218738759,0.10275723053710539,,,0.12315309802367902,0.06679347382519274,,0.03140595715169825,0.030863638021423778,,-0.013333553699490852,,0.05003629068301052,,-0.020072357391114903,,0.06011732241466161,,0.11884460297374311,0.09309682094971605,,0.09075665464986704,,0.28609826723256315,0.12446208241892198,0.0006895343903825513,,-0.06069140909316628,0.19816598090104476,0.11905147247308401,,,0.049801914192853625,-0.029144722308665494,-0.027666952084752006,-0.009561306012309756,,0.12673184236120472,,-0.016102788235247245,,,,0.2389749201075564,0.1355882884834163,-0.015969302518423767,-0.030173799822282743,0.10983097192525637,0.0929094171708087,,,0.07824978239573732,,0.11828770737302352,,0.07952540181466339,-0.09207368224620516,,0.1568368476323876,0.09507600703999253,0.10147623435416664,0.06332712328910928,,0.3237652643408191,0.1719378685642845,,0.055896312158365324,0.06573504788277518,0.067656613693724,,0.07730222848128276,,-0.004897281099278228,-0.07840161151937941,,,0.11998993155518956,0.0861158839904057,0.13183066735605453,0.06396545973792489
2022-08-31,-0.031207949562049753,-0.06306173640341883,-0.05687224478984909,-0.05812045831148893,-0.08943722108769747,-0.11456584280820081,0.013644722942693255,,,-0.11010978322326148,-0.10161954430055886,-0.021474187472529715,-0.06195774426646605,-0.06061504624052039,,,,,,-0.06792049115333021,-0.013115095305689994,0.005900461087261499,-0.0059152227376605415,,,,,-0.004169095918119536,-0.08633771953430525,,-0.06586832304896362,,,-0.05953767691018319,-0.06829765545361877,0.0021736352269248194,,,0.029379825596449027,,-0.03544779207976778,,,0.12842241680223787,-0.03547017797003582,-0.15161397803840315,,-0.014326746939032686,,0.025815171232797862,-0.026155909666740862,,,0.06431023457998353,,-0.0739698610791184,0.056362008510870476,-0.018509398164089474,,,0.016788981808352865,,,,,,,,,,,,-0.006359249005228773,,0.062259451032981694,,,,-0.0696356286026536,0.005373879828095118,,-0.03534974211042208,-0.011246144124111068,,,-0.0055174075084700736,-0.11202846879825734,-0.05346698567300845,,,-0.06930986653539706,-0.014129596181081672,,,,,-0.038335633097687394,-0.0633776585818352,-0.08334075975664323,0.021955601254671775,0.013627313049586975,,,-0.08315680863131802,-0.0368649126080004,,-0.034041219624684094,-0.049718947283953874,,0.02407304359983975,,0.028727345029559093,,-0.04454880621805701,,-0.015796570185328207,,0.01091343840849368,-0.06666328601661464,,0.011628644787350373,,-0.005958153499925456,-0.07370356066104577,0.0016039354836772102,,-0.026955593870111372,-0.16896991407560757,-0.04740499670746301,,,-0.01537482100299814,-0.10453370334289225,-0.006983038247731943,0.06596570887065045,,-0.06072737240913051,,-0.01708699604256425,,,,0.0798567298841224,-0.08305404605271527,-0.0010831118334680978,-0.03151284306210078,-0.002724689184305573,0.03075864155332786,,,0.011167978385169475,,-0.0635435344722779,,-0.04447050374484829,-0.06602752645230792,,-0.012455906541659179,0.024276316390545505,-0.08871848483408507,0.006290971804824519,,-0.07248867234513756,-0.07647138180473867,,-0.04242722517150943,-0.006718446461163818,0.005526315303746587,,-0.061515619761513096,,0.004814400648638584,-0.09482563678944622,,,0.0032100624904822794,0.008158624022011285,-0.0042424663039905,-0.14253625647726553
2022-09-30,-0.12097711505050723,-0.0018591326379050477,-0.05737938817433996,-0.10802200371368864,-0.2630676670740145,-0.08044607155699879,-0.07054775882683995,,,-0.1290527887028612,-0.2534464644764812,-0.062005888656115116,-0.15489065046764283,-0.10862189009783763,,,,,,-0.1029370094873614,-0.11243411406618287,-0.24443056579685052,-0.09553780650367127,,,,,-0.16806807146220326,0.05459109577107424,,-0.04907407186020529,,,-0.1462816549304028,-0.11168860721325735,-0.03377688226198061,,,-0.017271822784751145,,-0.1895552185533017,,,-0.05151585009584292,-0.0954413018706225,-0.07865740195688786,,-0.10554554280040418,,-0.02832408804431419,-0.09104134907682837,,,-0.08286287230385458,,-0.042151967784640254,-0.15836902057982305,-0.12992265416701,,,-0.06115750856736235,,,,,,,,,,,,-0.15595280054399008,,-0.01702220508585428,,,,-0.11615221707751644,-0.11909710187546152,,-0.043270328954179926,-0.11819379041721478,,,-0.07504864317762538,-0.19266927280579005,-0.10296908388122561,,,0.012520320568860432,-0.08115735334964413,,,,,-0.08558684365364821,-0.04295537275990602,0.07343265046273317,-0.08050288574758702,-0.03260560202877738,,,-0.12340842122671725,-0.08538118611739642,,-0.10773526244216336,-0.07420816430744082,,-0.16724975280060028,,-0.08503748823647428,,0.01703686978847152,,-0.07485885575584073,,-0.07287028963975484,-0.10926679549887652,,-0.0781800752245867,,0.053140082192765004,-0.21692101281481324,-0.01604612133288219,,-0.1311720578308152,-0.19553422971548562,-0.17639916756286722,,,-0.04593291168779168,-0.03250080843414682,-0.08474695055098569,-0.05250711214978687,,-0.17881484587120255,,-0.11827560841781415,,,,-0.07887415876794268,-0.14583812434508825,0.1855401852320553,-0.08791070074931762,0.0022599214479168683,0.01296659563615088,,,-0.11768551922701398,,-0.13297168932982772,,-0.00961847811275418,-0.12542765753837337,,-0.07452884948793626,-0.0036888992133942144,-0.06942345707198427,-0.06800495449388078,,-0.03758929611475259,-0.06313194224783858,,-0.024464940106146082,-0.13224374043807607,-0.1695028928405603,,-0.10598377940549009,,0.02761214689681646,-0.09184414806988694,,,-0.0798444262542185,-0.021501350183869228,-0.08661987971852125,-0.052641522947065034
2022-10-31,0.10955152969395288,0.10192705703817229,0.027354633015288288,0.10828783837343825,0.15734006494300057,0.023539423164828932,0.06857052989838985,,,0.07762710008102514,-0.05208332079026834,0.19942324000275935,-0.027942428084540616,-0.09345130582826378,,,,,,0.05880493813303156,0.10456327002649601,0.17699035639000815,0.1933776478892164,,,,,0.17378433020648165,0.09804457556460933,,0.10512324349912805,,,0.10055230049373853,0.3280618943593363,0.18149316633159795,,,0.16430620323766765,,0.09179248467552004,,,0.23206975069192337,0.06380950942146635,0.130353016266181,,0.1462996295216017,,-0.0010309904916481205,0.2591353749234311,,,0.18548022269275166,,-0.025630009556113498,0.12943899751920718,0.0017201876589245657,,,0.2037029780900479,,,,,,,,,,,,0.256824298036781,,0.271843315235462,,,,-0.011918482392470175,0.1756014948438711,,0.07316810436051369,0.22189607764044528,,,0.16395920839977962,0.10322088994127143,0.10582401094953386,,,0.06494838726217833,0.21537089861858294,,,,,0.06836835383969508,0.10297167351241976,0.1198079047209284,0.25988236958551325,0.04366328699366884,,,0.1560437929400489,0.1816764137370468,,0.12128403853337644,0.08160997686953642,,-0.31338435309270396,,0.14586440162069336,,0.17510427224748049,,0.08574314591928944,,0.050080561926290956,-0.0033059333898393106,,-0.0116058248188331,,0.23972132814132285,0.11501423736569572,0.1673114859028373,,0.11421836138044728,0.11187074543781139,0.28494077678334095,,,0.11221395354908559,0.06375714734599747,0.07426330245879798,0.1057999408977921,,0.09005908144954766,,0.10649312731921867,,,,-0.028930136532870465,0.04142331458775139,0.08692493069676188,0.15831878543483802,0.027652800513884523,0.10852930382280035,,,-0.037058735952351984,,0.05207147478774843,,0.13182582250440533,0.20950407623353828,,0.1068802685249941,0.1606568225033913,0.013367723117490016,0.12961168459790984,,-0.14216779156971604,0.04607022228891422,,0.09921982156884623,0.011908498633779407,0.03856647690946069,,0.16611362602381896,,0.07757128822351844,0.0007846219095375417,,,0.14346108103779964,0.0973783910743462,0.2691559143732154,0.018952012634025683
2022-11-30,-0.03302724407766422,0.10095628683722757,0.08732561853443466,0.05998598699777147,0.08298270855818268,0.20537116015081014,0.09284232677821036,,,0.24438636645362544,0.292540717255801,0.06666430078991148,0.06786043131536434,-0.05759470309709869,,,,,,0.17210510831780113,0.06156990120070849,0.2552102433365262,0.050221808775756216,,,,,0.10851354346563191,0.03627181460465323,,0.07967064304919713,,,0.06782004692229715,0.09216470427526025,0.02187160139162181,,,0.01804643339155776,,0.15437924628566657,,,-0.016718101539354047,0.07527431721438815,-0.014391981095443263,,0.09443105083319558,,0.07581846861674002,0.021161012682315627,,,0.1141428515720544,,0.0863827966774744,-0.0813777472922127,0.08355907173983934,,,-0.025330514363405054,,,,,,,,,,,,0.10487105690895215,,0.1194238177470408,,,,0.06856420448169431,0.1282178619603307,,0.10069923098539135,0.081389820321085,,,0.08956061681890937,0.07197066547337583,-0.0465731067065841,,,0.029769098320327814,0.0977118645526105,,,,,0.07036144875126604,0.13159561344349657,0.02768681328572553,0.003155237093420693,0.09027975590135462,,,0.08598939916390469,0.006111348004135708,,0.09970744300230083,-0.09503074311783577,,0.2677112894867124,,0.00669963604619328,,0.08814240560635644,,0.072388320394138,,0.13265196021853387,0.10222287851230605,,0.09845393915597866,,0.04676578676040721,0.1835348494514355,-0.02540544916844567,,-0.010552840953857445,0.2541548419853834,0.06353253098853773,,,0.02164341373423251,0.0861361132432541,0.10759640554651817,0.02920581060768046,,0.06356678774284386,,0.08513882207411805,,,,-0.061856763436071494,0.08190126437712086,0.003939985371316901,0.047235399795453326,0.1870578743425575,0.038894115771090254,,,0.04392154308723062,,0.10082174754925477,,0.020284458305701136,0.057597239129360434,,0.023549059608000578,0.11486417901504531,0.08998573465790516,-0.0006597830117578418,,-0.14432626046795272,0.12345136754851938,,-0.013311624862416438,0.10292176986670709,0.14147231533052773,,0.04984056215948818,,0.014102544540014028,0.043082650817978685,,,0.049332889997493634,0.07089145142731224,0.012871600471449085,0.022283902296639457
2022-12-31,-0.12227280362507398,0.0026680370096439088,0.02054290851208007,-0.11328218714952099,-0.02435275005029769,-0.041590307376544455,-0.0913250402353244,,,-0.11149635759422083,-0.1656576203187402,-0.08296089840113907,-0.03535756234888088,-0.1298943525647971,,,,,,0.023165973846274834,-0.06244054820281841,0.06490384779426583,-0.11985112295727829,,,,,-0.003470495350023861,-0.10376173979820491,,-0.030445737668566286,,,-0.06568911806258504,0.013324353423602942,0.008460109501896573,,,0.0109094433290442,,-0.04557848362760675,,,-0.03865103708343698,-0.1534541313548783,-0.17260514888731793,,-0.04183421818891897,,-0.0852964005032607,-0.020839069849241443,,,-0.025035438972092705,,-0.02828666736859564,-0.1122919238343365,0.03062160664389868,,,-0.03508397168201949,,,,,,,,,,,,-0.024415947333370824,,-0.014437035001764187,,,,-0.12634914533727737,-0.1107599218764388,,-0.025093431997023297,-0.023912490885860782,,,-0.05379457686929523,-0.12105083439749087,-0.045069694645125336,,,-0.0075842420819993706,-0.02952657085688415,,,,,0.0,-0.02722833580664663,-0.014120868924212604,0.0026793457532403586,-0.06262081094281291,,,-0.024326571646629325,-0.03394548949650644,,-0.008487173294725703,-0.007953253733973598,,0.018967047659422365,,0.0015958764511176948,,0.0142128939040298,,-0.04446232937203387,,-0.08649421341562435,-0.060045434091911654,,-0.012987183854758388,,-0.03485741643246443,0.07000769033968246,0.023101841898672593,,-0.06733128349486006,-0.13644133558024374,-0.015536783816618827,,,-0.0200696477227863,0.0221426043423536,0.016090215301384214,-0.018463977921185815,,-0.03653975684381183,,0.028392369205632706,,,,-0.09169748784141063,-0.13084054051750083,-0.04018894296311548,0.02228524874324256,-0.02935434932229075,0.008722950253449602,,,0.0557363838027074,,-0.05062363315124119,,0.04857470833506361,-0.0451245963850857,,-0.10791883802435498,-0.005621591290469241,-0.016494486305951295,-0.07566363837778389,,-0.3673343490707851,-0.08445067592348898,,-0.02911064440862643,-0.041780006820020255,-0.08375067021182203,,-0.04258044825881091,,-0.0872945500947887,0.010774818790254326,,,-0.13889470258976977,-0.06623441491463644,-0.009340541482193099,-0.04924081019008841
2023-01-31,0.11052123367513889,-0.07707107228544097,0.011481307290608589,0.050035127570700944,0.10046651912528914,0.04535749984922233,-0.05463446030659691,,,0.1448962798918294,0.16025946303524585,-0.03898884134275016,0.05442265656751433,0.2277380625406904,,,,,,0.046286356186699074,0.1880629536523628,0.11816890050771556,0.0712557822255937,,,,0.20782213492808754,0.07137715987350712,0.01771720922546094,,0.008481693651523736,-0.0004322554044910998,0.29343564506373854,0.154543570114833,0.058161435249792115,0.031232968244172765,,,-0.04427464059039832,,0.13400551240250724,,,0.03279665066645299,0.11969354778002028,0.26683745680012017,,0.029782942386984645,,-0.04679339313549824,-0.03047527967409036,,,-0.013807203237714671,,-0.003918208941923074,0.24873393863236615,,,,-0.025303633112541912,,,,0.033514122850488715,,,,,,,,0.23039585097390858,,-0.02224794159816046,,,,0.12025392921254419,0.06532133577111576,,0.026309301828565834,-0.027158186176163723,,,-0.04372215161113424,0.0692394632752209,0.08813686186466785,-0.07409083553757245,,-0.07489391038137438,0.051408290702617654,,,,,-0.03600073919037783,0.014592965720827689,-0.059288258329355026,-0.04775001034293991,0.05060004101927529,0.18986442421880545,,0.06749895208868728,0.014685158657448794,,-0.01815438725661722,0.07681416526602614,,0.23790911512076596,,,,-0.03190619131102701,,0.060592283688026605,,0.1540233138674223,0.033316621951098746,,-0.10729681643509725,,0.20001358326102392,0.08819760176506564,,,0.172199780610939,0.33686902476332836,0.08627033996903188,,,-0.05335990806848223,-0.13026134800550226,-0.05467527342021872,0.051992818124967366,,0.14681105065411093,,0.029937684439367285,,,,,0.2116610814080675,0.05125493312132767,-0.010602718996427174,0.10020157909943816,-0.07014173430822901,0.06584351328456473,,,,0.11942457785633298,,0.03811999447042003,0.12244147761806246,,,0.028391902335607178,0.035664289241752245,,,0.40623478479910924,0.08021346375049165,,-0.05845185622164706,-0.013908435344765158,0.06552018507235613,,0.10805731402208951,,0.1188448212109321,0.07166287642698643,,,0.13514159979101392,0.01466956739621339,0.05176782620374931,0.13189246424564427
2023-02-28,0.023183055387610008,0.04162413598876746,-0.07987356606802798,-0.048378289362663196,-0.12526322997674322,0.074962820490025,-0.02652663794368415,,,0.04423735214665636,0.04564205236901575,-0.07407692081013495,-0.1136128966969876,-0.08629878923214496,,,,,,0.015863094064540784,-0.005373384793969982,-0.0537558542170995,-0.03325788462090762,,,,0.03693356564261263,-0.09191119987371943,-0.05079157884040841,,-0.020351812280053783,0.010162188555743024,-0.045085237062521766,-0.019725393126368007,-0.05049731206527308,-0.072398819121967,,,-0.07758861462774125,,-0.05540009146233227,,,-0.1481898844285242,-0.051096022025097554,-0.02595698227122112,,-0.005136441850090323,,-0.053049161673494716,-0.06797348039682283,,,-0.008513962406428766,,-0.06373438801579423,-0.08185076740443653,,,,-0.06064109645711091,,,,0.07841658986047384,,,,,,,,0.052559583324137016,,-0.04062453086666018,,,,-0.08883053604905211,-0.03870873822738308,,-0.0852331850407465,-0.07667790606090785,,,-0.02851461493681895,-0.10708530524553428,-0.036648090183793114,-0.06634377829698268,,-0.05542589194716274,0.024221121645339405,,,,,-0.029517118669806774,0.052668238916505405,-0.09275928939219014,0.030190172631087364,-0.012004552004196811,-0.028174403251391422,,-0.04131123336553688,-0.007353180539010462,,-0.003973146284419582,-0.010634610062579264,,0.17433045875206488,,,,-0.01089310634966234,,-0.073008654202113,,-0.008527679157367185,0.009017871542994937,,-0.0420897191340065,,-0.08966823583896388,-0.06706991620038216,,,-0.05044715597068472,0.1883090257465947,-0.011982856603675707,,,0.0146767514244186,-0.08129523803813021,-0.03385292042109822,0.052585350190048175,,-0.045482713661554874,,-0.06657701877836364,,,,,-0.07266723424646948,0.0025709551118549,-0.012221275090664951,-0.05990863409557312,0.009589361815381281,-0.06174530222390151,,,,-0.08761608309845381,,0.035735558065054907,-0.07167410352882086,,,-0.060786655332741524,-0.05009388448321528,,,0.18756497670132166,-0.03250373989238842,,-0.04657533579003459,0.021980591614800815,-0.006114922509605103,,-0.0427403644196962,,-0.10154749903682148,-0.06639387303553623,,,0.004231942707493275,-0.012094262426438407,-0.045291456541196484,0.009124428089109848
2023-03-31,0.1186486020765134,0.0355426816049178,-0.0045220202286011535,0.07629469347411888,0.1895971001566248,0.07494405052715125,0.018518633654811323,,,0.05751173708920221,0.24726393296541094,0.043555150375449214,0.0319681450660636,0.09614769432062276,,,,,,0.08727631611367803,-0.05195713700132765,0.053981589974123834,-0.16077290997234173,,,,0.05087564293018687,-0.022428766550846246,0.005075431967374033,,0.01176353766318039,0.07084754863249021,-0.032599092764645676,-0.07496555013735229,-0.0447088740327658,-0.07570916167739472,,,-0.12145083255989864,,0.01990842041022889,,,-0.03411265605870695,0.026209206804005847,0.2210745286218072,,0.07971910763062473,,-0.11048605980131743,0.01486615556601123,,,-0.012089071374143057,,0.01933231504961852,0.0052203635176668595,,,,-0.01787891978551326,,,,-0.01568949285623278,,,,,,,,0.12960227755167786,,0.04011053888887273,,,,0.15178769042465867,-0.06312459915565727,,0.0024183685708996094,-0.0018800598948848224,,,0.013843806270324777,0.3104691904142347,0.09492114932637752,0.11369284581039851,,0.011353294530632274,-0.09096617544212693,,,,,0.05034103142526769,0.02411771373432403,0.10346377821858521,-0.0032260662308543075,-0.02809241151452946,0.09471847206254802,,0.022854336810003595,0.05949013553028526,,0.07553751840250755,-0.0179748624559406,,0.21150109430154784,,,,0.008374008865199345,,0.027198616529408914,,-0.09015535666531649,0.15588128343194252,,0.08517526020997668,,0.0724862320732742,0.03535391593485149,,,0.07531760972231005,0.19666278387600178,0.06315795420921644,,,0.05763795603029753,0.005669330544162188,0.08090985956307217,-0.0032050751916048448,,0.01848557186752897,,0.0129283217959828,,,,,0.03909422481094649,0.08054771212704326,-0.0016309744426011852,0.019982367589192807,-0.3277720923709163,-0.0772411736503199,,,,0.010463218876092029,,0.08885945023004194,0.01797991119751674,,,0.02297645392937908,0.06457251435058753,,,0.008507121398494633,0.08492263513879195,,-0.0035022328599428887,-0.02904287853206322,0.06301701430766538,,0.025097934269310063,,0.08536290623127751,0.002061349687147329,,,-0.20076976070184238,0.04168240155479319,-0.0022745172581148942,-0.0033531601804197564
2023-04-30,0.028987213625507824,-0.043043287640595396,0.0964060722556368,-0.015462650043303494,-0.02026623156330254,-0.08792208356657327,-0.011813340729977861,,,-0.07978515697374189,-0.08815426182359576,-0.00831435790437085,0.007685690187887229,0.020911956758344896,,,,,,-0.023443620890013728,-0.01826177829857889,-0.026596968842848456,0.023776477628359993,,,,0.012780945754209183,0.003108557066487938,-0.028717690696030695,,0.06406062597754958,0.04177493910818897,0.026623132754393097,0.014843969237355203,-0.03868344429201498,0.038005880597965724,,,-0.00876622289987894,,0.09965869198890309,,,0.037092855838187555,0.012780116257305796,-0.007057781808646246,,-0.08942407100888694,,-0.005348219378337071,0.033218777376828434,,,-0.08443131959468453,,-0.060030074844957704,0.02366917149058767,,,,0.019225408003196165,,,,-0.024629447172695107,,,,,,,,0.03525117941476852,,-0.009159739148731916,,,,0.03480190476034828,0.049922078301122275,,0.018365417815236595,0.04562597144222624,,,-0.03570072996283935,-0.049280671051873726,-0.002444960776321836,0.17908169171094235,,0.05612900347934735,0.0691805801522376,,,,,0.03417706194625647,0.039415747702848725,0.15269954294716204,-0.0175153250057829,0.04450274694325751,-0.011393583655592954,,0.04737410684803223,0.05772328354675893,,0.10040159437887852,0.12813187991062125,,0.13390590008816772,,,,0.08534658335544876,,0.08569604954031251,,0.03358984946299959,0.06576518275710219,,-0.005838313914503734,,-0.045009849776145416,0.03326827717147762,,,-0.01140469052127524,-0.00100805354462985,0.023640049785849104,,,0.04712005337715097,-0.04681380556577042,0.05830329783426169,-0.04589267714450407,,0.0038471474577521647,,0.027969292618686303,,,,,-0.0844959895822972,-0.024194703364253778,0.02011625776952619,0.09757043588628056,-0.0026727859289643607,0.005091733305089052,,,,0.051657726578054675,,0.0496724036083771,-0.06905984941737353,,,0.005870317421697857,-0.03725069368119738,,,-0.2079919394526324,-0.10112386558748643,,0.041262176804649275,-0.02762603096559102,-0.07309657757129284,,0.03224515450393417,,0.08144222891931507,0.01498110023880228,,,0.06340294605965946,0.023872517243198832,0.07915362502521006,0.05838426793511142
2023-05-31,0.0460583213601613,-0.08708287666804282,-0.07667254206479213,0.09144115472884029,0.10655263069834287,-0.012174849311931246,-0.05004547088582689,,,0.18237236433912973,0.3227033171260998,-0.0709441684650306,-0.09760737609061776,0.14348037288458837,,,,,,0.28964083068358915,-0.017230705919184408,-0.005222951143390997,-0.05088798154373442,,,,-0.06609075199023073,-0.0203367928036704,-0.034895659054782424,,-0.022736269968788747,-0.012279343874984638,-0.04130743933241443,-0.058423639414685424,-0.05964356945756588,-0.07819008516150994,,,-0.02321454357255137,,-0.04882774006759283,,,-0.029915664548392562,0.018693507196170467,0.12607748028,,0.05121701764377118,,-0.07202303833651857,-0.09778769606927262,,,-0.08475756710646354,,-0.0307711623460305,-0.14185359779486584,,,,-0.04444677684768017,,,,0.05793886818411598,,,,,,,,0.025866271772854388,,-0.06410418939222262,,,,0.1446805261895423,-0.04971395847323179,,-0.05007436903046791,-0.036202735518274576,,,0.03111622263160596,0.016379697879797872,-0.05592963658811678,0.021977276045281657,,-0.045632439066626174,-0.018301418209434206,,,,,-0.06999225734071257,-0.04273911012369436,0.08770039209435065,-0.03756375005175616,-0.03223786910040516,0.17672856889806887,,-0.039496883705748775,-0.0359764750097995,,-0.043144000335839205,-0.09004947988641399,,0.10153127543637575,,,,-0.043821071833066494,,-0.03890361484104421,,-0.09125266097927787,0.07110564475475822,,-0.03521519483822688,,0.19792073389072873,-0.16934973409102927,,,0.18579946560030303,0.36343633476601034,0.11845455066128063,,,-0.0447378894613617,-0.011792122337022759,-0.08875828990275947,-0.0622433062751887,,-0.0055889361451380015,,-0.0996301717584187,,,,,-0.02228090226124335,-0.08260259172627038,-0.07200790172849492,-0.14142811936508315,0.013944857686851275,-0.13211746416087622,,,,0.01594327470088852,,-0.08032714328366997,-0.10979060128531049,,,-0.021609343699167893,-0.08369054943216869,,,0.24112954601596104,0.047959094603819974,,-0.00985607770045449,-0.009581425158860402,-0.062318280685879635,,-0.04842143055200765,,-0.050362466201422595,-0.08241054289666228,,,0.009343649703293488,-0.023462013477654642,-0.12906317381011656,-0.07264769443405361
2023-06-30,0.09433009618824739,-0.023412892440285327,0.06882350701145601,0.008694869671595384,0.17042049889471578,0.10159871164803169,0.05778533291916843,,,0.08432087682681977,-0.036375902678846384,0.006208978218962269,0.06013007578642693,0.0811079667505703,,,,,,0.07932480016122567,0.0986378835567463,0.026543542998890057,0.04062377092809388,,,,0.07635618310534364,0.05881316993225805,-0.007604246041629015,,0.06204065734645514,0.05069931300621344,0.08559099697648298,0.038808769608560834,0.1958688226741645,0.04112464021460327,,,0.1394844096090726,,0.05590854806188217,,,0.04967301008185521,0.05242789575319584,-0.0542572440879161,,0.041675147184091044,,0.01616944580138946,0.04468172391266356,,,0.17476117200695906,,0.04640853815486423,0.015006729625605564,,,,-0.00468115369555977,,,,0.1432631247569085,,,,,,,,0.08194639864360309,,0.011358403598526134,,,,-0.025799640481707575,-0.004198813589862516,,0.09592501170536494,0.08298532553593607,,,0.040594200837855254,0.06361310617131877,0.09321909214476687,0.11077185066649631,,0.06745754354665756,0.07169705904049617,,,,,0.017074018705324212,0.08143086812365463,0.09202260030260034,0.03686862346471287,0.12215971976438533,0.04529274398744776,,0.07747515775576197,0.05220442878082965,,-0.0011501497542157901,0.0729059925548976,,0.08408886677025862,,,,0.05208727133859692,,0.08603789349684088,,0.044520783420424426,0.03699851108527574,,0.010073545778591653,,0.11451562666946691,0.0519981159524705,,,0.0315539839035992,0.11821058535379003,0.12412668979722219,,,0.02283471953091798,-0.03524471356672432,0.06484222324656441,0.034868065798522085,,-0.008359390781246256,,0.09903276352288515,,,,,0.049642732276359736,-0.02313884875581229,0.06316475918982722,0.014543168007080443,0.07572612677900836,0.15309670110931783,,,,0.09106487774847216,,0.1098554921058783,0.013986151985525774,,,0.1041802711130897,0.02682094967357984,,,0.28362672689273216,0.03531156369960198,,-0.009496278205742503,0.06285063106138766,0.07335321246627835,,0.07442439744487706,,0.08758536235249315,0.04378355415394286,,,0.07209265297003675,0.07019787716450865,0.049618249901867806,0.056438533324914886
2023-07-31,0.01278547139200481,0.12252853682572429,0.026086461862963928,0.028900730018984078,0.11693489400135704,0.02422887398745699,0.12498307566612898,,,0.048775563826794155,0.004301622754951273,0.05463471820755017,-0.01871724966401822,0.0254678739635259,,,,,,0.035991309635833524,-0.027215292402397506,0.13113279958885937,0.11537119813236707,,,,0.10016192049142081,0.06903093250178438,-0.018881937367556723,,0.03214073740492118,-0.04141249162780103,0.1358257241013059,0.03518685292208201,0.0830449500840642,0.06153924441654146,,,0.051674761918545586,,0.09694612087998977,,,0.1361836332428148,0.04140195930232493,0.0650856951102039,,0.013425270942159395,,0.08928798237092672,0.04010194472821649,,,0.06024338371601923,,0.06275001247417977,-0.004368261296801235,,,,0.06153618963454899,,,,0.020984643479087683,,,,,,,,0.04073265291110073,,-0.012066859185293044,,,,0.10877177268940064,0.1033358003978857,,0.07468450371428381,-0.06443356854625282,,,0.07749784553012407,0.06967721749284639,0.11871818423095792,-0.05129557355000436,,0.012143471950996299,0.09354229289349592,,,,,0.028395782016661375,0.025165408982041226,-0.030769064858399697,-0.030431413538388852,0.042873041105059295,0.1176460142895055,,0.003941616174960139,-0.01745891383068565,,0.016314584601118565,-0.0038591652790559428,,0.11018182415487865,,,,-0.07574316450594587,,0.005498886433126904,,0.08204724832830368,-0.013566686230894631,,-0.012129460136818926,,-0.0034507123426921193,0.00018092158465843333,,,0.037421938776133645,0.10465221879419828,-0.012163664422453757,,,0.012093436312425876,-0.005949851931219885,0.036541258202143156,-0.04754910931199585,,0.017287756627051287,,0.02151192494683185,,,,,0.11029902160206095,0.032524147472961173,-0.10238876478006731,0.02533818662750198,0.16619622175315008,0.18770357040536045,,,,-0.015914644650851906,,-0.07106103969553124,-0.0734240663677973,,,0.020521251933300233,0.05157623062770855,,,0.02162204950779789,0.006914464588923419,,0.05353279538969047,0.13390668371893244,0.04396103864318501,,0.0010527517191265545,,0.001221882502078886,-0.06722020607825896,,,0.0815369165371227,0.017050731657512364,-9.33152116616709e-05,0.09461488075523183
2023-08-31,-0.04238400499589656,-0.017515672411690386,-0.07572077964330182,0.02345489489139463,0.02411345251003838,-0.08895898540552616,0.029725899885804985,,,0.00990404830362479,-0.07587412752972966,0.10363841072121005,-0.04723861975790822,0.03239079943366252,,,,,,0.026973868221967567,-0.06448362319789636,-0.062047339106182875,-0.09659625901837787,,,,0.04518309078596938,-0.05185097281010198,-0.008683015676615446,,0.02341181086488575,0.04030858657847469,0.015077839514681113,-0.12360341170310019,0.060187625183940385,-0.017318135760864495,,,-0.06384263791509703,,0.033142049919469896,,,0.01552898217563925,-0.018463854348320985,-0.015777171297816306,,0.10203686055980077,,-0.12746003129230832,-0.006182016862859352,,,-0.04343573372901477,,0.0389711015805112,-0.05861174354135501,,,,-0.06280342286866292,,,,0.12646667239322573,,,,,,,,0.001925838299328797,,0.00446537452437723,,,,0.025994811947608554,-0.07145127397750395,,-0.004285724363726651,-0.02658774097437111,,,0.030099150432697508,-0.014078333486767902,0.05884312075516407,-0.036128241187461385,,-0.027912290843145282,-0.07362625819015456,,,,,-0.0339092101737376,-0.00929183107538556,0.22184165273614753,0.011140739265145472,-0.01617785753523704,-0.02239411515547729,,0.04656591504933716,-0.03594294991996749,,-0.038715519749698224,-0.07133090219672855,,-0.07128045556827423,,,,0.021847405482481985,,0.034868903651843475,,-0.07000864683199481,-0.02222562612092227,,-0.0823630957639061,,-0.012050922303035394,-0.07863029737444194,,,0.01000000327160988,0.056196469706959906,0.02695533856164678,,,-0.044213727237393474,-0.01885748170560997,-0.012539926803237789,0.059453847695490225,,-0.0044088987893965426,,-0.03670290813937649,,,,,-0.12732865369983237,0.11400306116593528,-0.014666199786193435,-0.03554604178721965,-0.10170412615120872,0.01062741442681947,,,,-0.006942534900538644,,0.0004941763802761567,0.01859494022266328,,,0.07288899842427332,0.015382910317818244,,,-0.03496244385292657,-0.06633323498989407,,-0.05883045335505965,-0.04378580612096994,-0.0865433955120326,,0.03538466639675475,,-0.011352670833781886,0.026408465164055706,,,-0.09850636291226711,0.020818639412840678,0.04533278684618747,0.01286611995278042
2023-09-30,-0.08867821583635871,0.014289554152920214,-0.05879500576136887,-0.051456268055702026,-0.08838994276331213,-0.03222426938316636,-0.05037578384837449,,,-0.09367635926387052,-0.027430963794871643,0.04845130802608821,-0.09303992703484021,-0.07890726899285905,,,,,,-0.09512108716486523,-0.0556996996192165,-0.14440033156178034,-0.044994948797419054,,,,-0.006789025625378864,-0.07045934963544942,-0.058556226935468025,,-0.02748479755290012,-0.02113458321602457,0.0072388419399320725,-0.0038749507820589058,-0.028918971308952934,0.04065602875025642,,,0.040133992444696176,,-0.051753716710320474,,,0.011520472523900649,0.02854664858916145,-0.08434933268266309,,-0.06259811677704474,,0.0713518242847655,0.04667871940593815,,,-0.07842965937217361,,-0.06377359697214591,-0.03142932881812022,,,,-0.011629172254241649,,,,-0.0741848309648302,,,,,,,,-0.03346539780637714,,-0.010537012518681221,,,,-0.03899537552376087,-0.012633079079429121,,-0.08519510119037499,-0.01702674066352461,,,-0.04447336087226961,0.011667502556232723,-0.05697573304515713,-0.06521038956273018,,-0.03667729705230316,-0.00895248167091589,,,,,-0.056925731521890954,-0.03477504729440961,-0.030801271745704795,-0.08785548805929666,-0.09822985825917441,-0.10497649119036778,,-0.040543949866616025,-0.06299146532913213,,-0.020151811214215276,-0.030315892405054057,,0.014599932547132877,,,,-0.04889132784619432,,-0.02405249833937584,,-0.040869262520833005,-0.036642644618270936,,-0.1423651609493416,,-0.1293119743829111,-0.056722730269738064,,,-0.05072770648799141,-0.11857786263844516,-0.12019257123751292,,,-0.04766198609926431,-0.062464677916208244,-0.05494380399604204,0.04368020127122718,,-0.09017142400069511,,-0.02267047857059379,,,,,-0.030297738806897456,-0.00427108600384607,-0.16352878402795834,-0.06332091632505754,-0.07185113990751679,-0.007065157623314944,,,,-0.06511274218525698,,-0.03353542038658153,0.015551099279967007,,,-0.03892738424224085,-0.0907969366184398,,,-0.030455617484936748,-0.053849856973003485,,0.0620519158609969,-0.07680088805096241,-0.07987004383309793,,-0.06378215981103919,,-0.001722472612457726,-0.07347060490977197,,,-0.010414489984404862,-0.01648122306854105,0.0574692424916472,-0.08676688836938973
2023-10-31,-0.0025698497816665222,-0.043384229451155054,-0.018343849617362018,-0.028614366313636452,0.04345950956533673,-0.101433721476891,-0.09294198007668619,,,-0.044059229887801754,-0.042015169302141775,-0.04859348525631346,0.09449471210340765,0.046963447626806376,,,,,,0.012990844191851814,-0.01715945839013211,-0.02535468247738748,-0.037983730465423804,,,,-0.09545874115132891,-0.05291646576365372,-0.10315299174837855,,-0.025606627271721583,-0.030492436242716914,-0.13050746462265717,-0.03987358920150441,-0.16769943362511996,0.030934653759563835,,,0.08085448562440178,,-0.06267682399361063,,,-0.008347102774777349,-0.022160788445763524,-0.009616312940241234,,-0.023316715603333926,,-0.0031172643894418206,-0.13574886978188472,,,-0.03185129239183271,,-0.12589152330433262,0.006662690631485724,,,,0.033691542225498194,,,,-0.025178196804968245,,,,,,,,-0.017367695145471984,,0.04803844051001871,,,,-0.0518111160132233,-0.061687032583281676,,-0.05781726481905769,-0.008011243426168657,,,0.030934006375441303,0.026722909805652062,-0.029607451519002015,-0.10287730146477903,,-0.04757603700205493,-0.0340222561936121,,,,,0.009110328014895863,0.026346124381873226,0.03127706000554231,0.11169795056521337,-0.07770719057881126,-0.06150590186246574,,-0.048027085151699955,-0.0048207258144865595,,-0.04596547111960658,-0.09954078689132462,,0.0035308037586783136,,,,-0.0024283274716898617,,0.0003005686276311703,,-0.12225372519269084,0.07081547632766161,,0.017629683473829427,,0.09028073485862631,0.0747751910954817,,,0.040951078227295934,-0.06250733900434413,-0.020219423561524064,,,-0.03635499683133525,-0.07868555881979433,0.03508138156890794,0.13570328445974478,,-0.10212984112496815,,-0.03694100876769446,,,,,-0.01863866628367805,-0.05233532519907058,0.13088822516465215,0.010627788789486559,-0.05209484574604073,-0.04528299859742557,,,,-0.04406020080319095,,-0.011161122531317846,0.04488669587870464,,,-0.0091133785546742,-0.12130300584686171,,,-0.1973463537763216,-0.09872522552761154,,0.0622186620665377,0.019545164058897058,-0.09379592193462816,,0.02212941379681288,,0.0413239648034216,0.10706126127669258,,,-0.026676224287327854,0.021759549004382484,-0.09976197041891177,-0.09543702190000336
2023-11-30,0.11378030681467033,0.008570719144711081,0.10301429844185517,0.12134354267938186,0.14838554405386728,0.1655759630551079,0.05361556504382148,,,0.1341276314893407,0.23005079860009547,0.06280834658170464,0.17167089010297576,0.0976782655173829,,,,,,0.10026515126323643,0.16941732315026337,0.23985652393658086,0.1667937037733287,,,,0.12049936251519378,0.22693848475699196,-0.04172327188082503,,0.05469784127443367,0.09181482494682425,0.21678406979846065,0.18254123975895342,0.10913506967087683,0.06900580173154336,,,-0.149805890322802,,0.014531336176055731,,,-0.022283530009531538,0.07491776690175844,0.254294604029224,,-0.07193558424744428,,-0.015360167180409445,-0.004286872480545045,,,-0.002599875635494575,,0.1629516188993836,0.13604600551912682,,,,0.06532022109297242,,,,0.09951181886556926,,,,,,,,0.12123713525973678,,-0.024700843430673913,,,,0.06810106146970041,0.13416762471438548,,0.10855678463984875,0.07537300671428171,,,0.10867126655761705,0.22868446213937088,0.15458117630732282,0.18541680608210132,,0.05095379653520449,0.12239345652460232,,,,,0.04275680959818762,0.08271402487213586,0.06896590897970789,-0.008089798001177928,0.04334378670622763,0.21709554757239347,,0.09958818014960902,0.08146894498567536,,0.07325185029498216,0.12344090982942246,,0.08590294426642675,,,,-0.0021420778692601283,,0.0515157681598315,,0.12030454063336071,0.1229453976602759,,0.011768701492920641,,0.151278895158228,0.07297836340357344,,,0.17855110215802994,0.14688583652330567,0.12388774097628619,,,0.03854279137424266,0.010497718157219227,0.02326206089082672,0.03757398772301812,,0.14074439688979457,,0.04710630388175052,,,,,0.19158421683362614,0.05631553326498273,0.008485291183367938,0.08245522135057914,0.18371474104644836,-0.06503772100904415,,,,0.19301918799478113,,0.09662515327193133,0.07597413274585119,,,0.004137833010934511,0.11464339543621271,,,0.19537943740621877,0.07534693797996361,,0.03250819390124349,0.0850632759124701,0.08591499801852698,,0.09411504337517851,,-0.02015958710964938,0.09109018472745589,,,0.1311921472052393,-0.04724313387134971,-0.02050559152292797,0.12528669345384902
2023-12-31,0.0135824126680828,0.08834890159193409,0.055422410785539444,0.05334089252918206,-0.023583957626512553,0.08788051801475838,0.019407726408975146,,,0.08205390135045265,0.21665565538612808,0.06816501321855495,0.04220053846348604,0.04004385139407596,,,,,,0.211349659119632,0.09703118963325408,0.1253291808804471,0.10429640834965026,,,,0.13485617913333225,0.08783864248802153,0.03908475094246744,,-0.009277767605251785,0.03435322964054621,0.1650794675587668,0.11583514783490578,0.17928377380811122,-0.011189221362510438,,,0.1444673790164417,,0.04678921642049194,,,0.004326382465412948,0.13893202562707274,0.044620776121393035,,0.044233274376535014,,0.16203084467400908,0.038718514201672605,,,0.10133864229871725,,0.03702788411684188,-0.022718102159850928,,,,-0.013516420826871656,,,,0.057666187116960366,,,,,,,,0.048523231642316755,,0.06720492231215291,,,,0.05402553995901238,0.12950139678712902,,0.10545776973837806,0.07038580352634916,,,0.031470894445560615,0.12416112635372833,0.0937424877691877,0.08531717065407496,,0.013448995468895442,0.08982563328938542,,,,,0.008384677555086872,-0.004327373305173299,-0.01373838264097249,0.012216255079446459,0.11929766177004164,0.0970437097339687,,0.030640690239934543,0.05205093184936982,,0.02531410572314563,0.047938617061795474,,0.08195020111879892,,,,0.07152035973183235,,-0.0498946199816479,,0.17532168629478284,-0.007574488156512849,,0.038112989475681536,,0.027238018939319764,-0.012101975180502378,,,0.030259349802533864,0.05893405480119074,-0.09276306797502565,,,0.009210233276106594,-0.055136202859338956,-0.04546658469231657,-0.02895860676518447,,0.16724245558351236,,0.021652947497684538,,,,,0.12072807781467398,0.06613169290268295,0.032645899921352584,-0.03313195630757404,0.12198303507616792,0.004828139226827677,,,,0.05937525648360831,,0.013273602158866415,0.012673472001558217,,,0.06469185361810115,0.07138238963140942,,,0.03498831153123505,0.11623346316599625,,-0.04467533710061389,0.0964543644530742,0.03706899942117303,,0.014298169369686642,,0.14678283432879624,-0.01643624335342586,,,0.10383512042729759,0.016349826961113534,-0.026863852103126695,0.11716749008149874
2024-01-31,-0.04222717270712295,0.07098601771228163,0.03294829235134089,0.040747598203423996,0.03550126479662685,-0.031224812817354453,0.0549856577706096,,,0.013759597753908004,0.13757545807937333,0.09110461007081039,-0.09370968774414856,0.021455801332457947,,,,,,0.057110883668772594,0.07498946330112677,,0.010097841846353095,,,,-0.01120618001710838,-0.046181352127759534,-0.03650053444171952,,0.07592661440647697,0.09427429196983472,-0.049419357626642624,0.09195169582680518,0.020398611281437162,0.0840708659524072,,,,,0.06841132108645276,,,-0.036185133740885944,0.05272086708957402,0.06821484386034027,,0.0009989534966090563,,,-0.011598271064898191,,,-0.015729999583081078,,0.037045102017264187,0.06379450023028777,,,,0.046399361267263295,,,,0.02184199238866258,,,,,,0.06797650578315495,,0.037530503270509774,,-0.03394650045643122,,,,0.0029352376392348667,-0.004562269207354808,,0.01849684879209179,-0.035525392510111775,,,0.12295924149515303,-0.14268654268401937,0.011600849567146465,0.12111696005251016,,0.01378071053903085,0.03136482540165675,,0.021916286391538975,,,0.009502990661887312,-0.014316695206046393,0.10754455755891246,-0.052577081199818076,-0.03882156818765925,0.053506969221491785,,0.054929540175693736,-0.012782179829559204,,,0.06263656116541916,,0.10221501851368764,,,,0.10787007379983393,,0.026725132585725175,,-0.05528586294428839,0.05728136484867141,0.004804354544529543,-0.03473805519684259,,0.15862223990142965,-0.06484278751292749,,,0.08338403469679534,0.24241763372757408,0.06357608682094029,,0.14795850569845026,-0.007712888122186068,-0.04524105399807721,0.07910768132704549,0.12472600655217425,,-0.0495874109978256,,-0.03433246079872798,,,,,0.026827224803361194,0.07342695507618258,0.08295703500295959,-0.031038395638662508,,,,-0.008557094990658598,,0.017774412307799192,,0.12028323767647175,0.07142858076103109,,,0.0117259455470069,0.015429802532129555,0.005613256549862777,,-0.24625725810339172,-0.05324686684634594,0.06009415245381633,-0.027978641214242983,-0.006880617086184815,-0.0975007166042764,,0.049587114101927066,,0.0651035643065927,0.14228518123257272,,,0.01950409249273166,0.048208185044482654,0.02830574908893979,
2024-02-29,-0.018543245488840343,0.07086383631321058,0.048519691860979375,0.029954857739167284,-0.09307520035156125,-0.0028072297479815322,0.02176752380848801,,,0.2292249211199049,0.14813045486459608,-0.12183968277209478,0.016406952537300512,0.13891751277407427,,,,,,0.10211007290822294,0.09305552983706122,,0.022145798805191186,,,,-0.011016314432969243,0.04782320753906677,0.038469431981933866,,0.06686820324990661,0.04663295670583811,0.03490537329102228,-0.0026773684977524637,0.1120508611206743,0.027224365613953694,,,,,-0.07928651300975986,,,0.013165488484451204,0.07210380128617855,0.09865165869016623,,-0.03607032241998509,,,0.04231651179068585,,,-0.07248839682807873,,0.055145619536988155,0.16168664478643935,,,,0.01582768231836562,,,,0.17441494791276968,,,,,,0.0521604948894292,,0.18479083913862504,,-0.07871213803278165,,,,-0.011706039186814676,0.020304194647359664,,0.07833745307318263,-0.012052175773342388,,,0.01664444445846147,0.0022326982931941686,0.04998976317159154,0.01951246591664524,,0.023318624025442825,0.06710249151735259,,0.15112897716809215,,,0.008908922911372574,0.10866304028328022,0.16943825077951558,0.004592433736103851,0.13075555813246909,0.1370385968494625,,0.05683066514201873,0.004177925082346379,,,-0.04774959458404138,,0.25762564710076186,,,,0.052740527287759464,,0.04348960425506698,,-0.01375506026262674,0.0423182339913899,0.056676422998752196,-0.05005706390140985,,0.06879864861620777,0.02363826503319988,,,0.007760671059765523,0.2858095544791077,-0.00017914874359903354,,-0.08259732700966493,-0.011441672114676504,-0.01920243855251247,0.011454768461925946,0.06345009280190061,,0.05193788282808054,,-0.009796262447694715,,,,,0.06788402190247234,0.02472469967697921,-0.00943449419934661,0.026238345231802462,,,,-0.022412677089341804,,-0.042553257212655904,,0.040508951334223164,-0.04296213762700307,,,0.04813157747691865,0.0578870040306243,0.016874110790939145,,0.07790064669600238,0.04502883116824763,0.21801752855529277,-0.03544761596402435,0.045376880458173785,0.05653707861865054,,0.03625479325266001,,-0.029166123277550415,-0.05501753570195966,,,0.11559305977457757,0.06402419877274435,0.02608069508052191,
2024-03-31,-0.0512863795324191,0.03436529501275665,-0.04197572182122866,-0.0751640091510779,-0.09937891818709865,0.03598169230521653,0.00020954082395796547,,,0.02286486033006918,-0.06253567424541784,0.03830867996329923,-0.006386447114929306,0.020479805886374214,,,,,,0.02350232716496059,0.037690371286061675,,0.09849366443003271,,,,0.04852762674194655,0.03393608943503579,0.06857136951632836,,0.02716168852703782,0.03443586785717945,0.027773422831832928,0.13966492714332146,0.09722716444784085,0.033056460813988275,,,,,0.01166852498421167,,,0.13097572554254522,-0.015136494615688223,-0.023465306780534823,,0.0318380669731837,,,0.0376950485290235,,,0.1293265288241221,,-0.01243709312984942,0.09661221717367274,,,,0.03784503844581,,,,0.08532543534939596,,,,,,0.07067731459631421,,0.11880947269453812,,0.02635698781167961,,,,0.09006214773364696,0.07361533083916028,,0.013883615357128454,0.032808329353141374,,,0.03204873612372028,0.02601623308367329,-0.019445159665539613,0.03498441395447904,,-0.019767088921740394,0.07653459819258157,,0.023845604012632915,,,0.02748028267429037,0.03759401620932823,0.03221525512955559,0.06218474338305402,0.058420075129238525,0.03774176458968115,,0.014343990776192861,-0.035342699722745174,,,0.05412007218866788,,-0.00928327213851643,,,,0.04433332476011187,,0.018341840670846432,,0.09437479220351386,0.01711631774729616,0.30232647565816895,0.15799976470755994,,0.0073144346418954065,-0.09250671829774937,,,-0.011590281725971874,0.14218115730301983,0.124731500912445,,-0.08507481548435791,0.0584854325032782,0.0448041140705715,0.02082546786539119,0.09105305259589191,,-0.015658597809568353,,0.032585674673603515,,,,,0.07294521964445577,-0.0037264243806315323,0.08765469644363866,-0.03698620216512749,,,,0.06676582055159819,,-0.006839491003046816,,0.02755600661319102,0.03957478476023679,,,0.0229977594224664,0.020015346568019954,-0.0004900252858113241,,-0.12923524353897475,0.04111641887219242,-0.031572353914848694,0.006179240018500343,-0.03058857199380438,0.002495912104910847,,-0.012595678404156208,,-0.0064885214909788935,0.048475455015434266,,,0.04263357400944923,0.03011301145840828,0.11213169390846822,
2024-04-30,-0.0067060846624859005,-0.0985233923738793,-0.06303404131279677,-0.12848694623227896,-0.08277847607215671,0.014257737232800771,-0.03143271372676515,,,-0.03675517760866398,-0.12249986114155775,-0.036508322793517345,-0.12393780905960317,-0.029825949313549094,,,,,,-0.0189676272374798,0.031029374638142482,,-0.023997877012171487,,,,-0.04847198649057205,-0.09483029670481069,-0.18032234174839956,,-0.056572763837322126,0.04935034294402407,-0.10634163290003007,-0.030202479628995804,-0.08361863747533382,-0.040481750390034654,,,,,-0.11438322957999769,,,-0.013042196998688027,-0.011697160803330275,-0.10704565320427961,,-0.05101520958194128,,,0.02237856034872454,,,-0.0470615077365264,,-0.01241395723706995,-0.0920235071907618,,,,0.019362075854489236,,,,0.017845589924057492,,,,,,-0.044737885293476665,,0.15718761692224792,,-0.10989768933794819,,,,0.07851317901722465,0.021594848729353577,,-0.12872775821167537,-0.060998879437064835,,,-0.12966076614844524,-0.31016523950801467,-0.036163309851407255,-0.07133729605339179,,-0.08597245289836952,-0.03715214025754254,,-0.013284284625847742,,,0.009643644243952698,-0.05031022147427078,0.004036330807713817,0.022116117010581027,-0.10069565558781912,-0.0794177619242532,,-0.061766804124613106,-0.0316013766462635,,,-0.07928852099132855,,-0.11411094918325171,,,,-0.020689753028488855,,-0.028402291571452465,,-0.02634387652666237,-0.07461034207696238,-0.041818691290174015,0.047879987839465565,,-0.09334303218081119,-0.018301885862844203,,,-0.09059546004980157,-0.04376022325813289,-0.09149683032036104,,0.023791960192353967,0.005142602432430365,-0.07675671076700563,0.01235015560932795,0.007393858636973061,,-0.21632623964963005,,0.03623656499071193,,,,,-0.02037783539145832,-0.07462936119316232,0.04091039574180044,-0.03173226717215882,,,,0.024533014222727134,,-0.02261150617791563,,-0.059714441844595845,-0.02462182960245407,,,-0.07227366870384999,-0.021489611792362973,0.005820391789241874,,0.0426076897390435,0.0126858170621027,-0.1392388819086825,-0.02223560043633377,-0.03566048256541432,-0.007737447295851352,,-0.037516031658835325,,-0.06028566689386372,-0.0436248691171498,,,0.023464555035766832,-0.013627936929645257,0.017463890954990013,
2024-05-31,0.13022215887027144,-0.008607875740186621,-0.03567043004219694,-0.06187901060750067,-0.03904236400166605,0.16888482302558838,0.012526192945397918,,,0.08468232622500116,0.053794600018960415,0.1244150959583703,0.14094197482914184,0.008228585379463915,,,,,,0.02174924834943326,0.02550948143092313,,0.08051893327642223,,,,0.09395075834424627,0.023044018744516226,-0.06486109511301652,,0.04453906289122456,0.05148179778549067,0.033359102599375356,0.024805083249640036,0.011806131505812889,0.0892053916381561,,,,,0.05038049714867987,,,-0.06686024731187112,0.12033475015121575,-0.1282815744697413,,-0.010217296068674053,,,0.016549084950121973,,,-0.04253838098813478,,0.04127811545204607,-0.06471642208305173,,,,0.018729493984017243,,,,0.048970606941663775,,,,,,-0.019060743413969128,,0.02051652035213336,,-0.014263581832896999,,,,0.05971245133852299,0.07633455914219645,,0.008910064438754084,0.05463883466137731,,,0.013876856026532547,0.016583726214154826,-0.07860985892988193,0.08499271602990532,,0.02258522740130764,0.056795866232059344,,0.1041439252694849,,,0.018779371032508596,-0.012336676672977331,0.05202689003123018,0.011636220969545086,-0.029387331735975963,0.042519585539106064,,-0.00915334286283831,-0.05182389978937485,,,0.014082774889377259,,0.08522196730162146,,,,-0.02847841692845099,,0.04086639237443057,,0.07705850563689576,0.06819115136576248,0.1065865034123663,0.19486309685243608,,0.16522598292156743,0.030240694458079753,,,-0.052500243463218466,0.2688711558740151,0.0302417668228534,,0.01381961845108437,-0.01711110996865728,0.1355276991465706,0.008210559462871636,0.0140696068578261,,0.08270449282556513,,0.06783221963369557,,,,,0.23537050051956787,0.10048723886034971,0.06834715975188321,-0.08657903258020005,,,,0.10032041903118771,,0.03026369559375186,,0.013640389265816788,0.07874472731248194,,,0.09992410439672139,-0.0013011249974974604,0.06979834632997273,,-0.02837187354253523,0.1133402307464515,-0.025803518501484102,0.024126414293016207,-0.012701035178976028,-0.047487631084392024,,0.0162103650894998,,0.15918637297404703,0.042035950222149454,,,0.015921787652452446,0.11183871946316049,-0.0004866775600057549,
2024-06-30,0.09555260923009312,0.06375583101506943,0.016831324386534785,0.07481659087279668,0.2490780776808068,-0.02269636980349976,-0.019819012589412988,,,0.09721969862194602,-0.02810058330814602,0.021579536992592407,0.0012950656414161266,0.09527316552932041,,,,,,0.2123201598960236,-0.03520824642703979,,0.0005470982637150179,,,,0.051443549465974625,0.026529597123251758,0.010708312355907523,,-0.018339783338447657,0.019055213010737537,0.027385923068190987,0.018456106553513374,-0.01601074068892272,-0.05485210654765138,,,,,-0.021733706030818256,,,-0.01802893489224211,0.04951292718728029,0.09665590652020373,,0.02172050915087098,,,-0.03622924626491686,,,0.000889447157722989,,-0.026019200925054276,-0.044461548669029405,,,,0.009329563453880585,,,,-0.05798393668822854,,,,,,-0.004807700635100054,,-0.037362277265543864,,0.0806187823949005,,,,0.057153973527823254,-0.009199960343611147,,0.027980888708636575,0.05613520910350589,,,0.03655961761633897,0.003889728738130982,0.1401186372802583,0.10626184100563218,,-0.0034771174050506337,-0.0018262762057734694,,0.08555274830379078,,,0.019289412868727318,0.010789089696611853,0.10366435527973605,-0.0001924556418496648,-0.003750660338945666,0.1441389744641155,,-0.01321945600398522,-0.009252928965784335,,,-0.024078778264595924,,0.08116585926724884,,,,-0.00796065327432427,,0.015126620837687454,,-0.00664335815000916,0.07665061037185938,0.0522398941292066,-0.1093643051147759,,0.05183747804061012,-0.20395026014890094,,,0.197494388545723,0.12694283974951182,0.20488111439537326,,0.14953716576546805,-0.03857420380450438,-0.023726518668085395,0.002309411971368025,-0.01643126839801845,,0.025237125490851886,,0.012513557030737088,,,,,-0.023866690183300676,0.07230464020162963,-0.06882479278633791,-0.02954367625300458,,,,-0.032068851301799484,,0.04325044885889029,,-0.00011380855152887115,0.04884750014357242,,,0.06789512279677634,-0.025710732104075595,0.006972771331123839,,0.11118599982126098,-0.002461285765896548,0.12577452065750827,0.032401076412931884,-0.028176232507417853,-0.014971464362580011,,-0.03666604919748395,,0.029384646616643195,0.002187145116611111,,,-0.008845244801460317,0.02965298286784468,-0.01824988945998174,
2024-07-31,0.05441086672668338,0.09038264109641192,0.024945074162196823,0.09445965639598297,-0.007002112840004848,0.01366872506816752,0.10025553352240735,,,-0.10080945724181656,-0.10930281889207505,0.06407400366027938,0.1338616348198065,-0.03244504151338112,,,,,,0.0007911536681171061,0.09606432915419738,,0.013578037205148386,,,,-0.062221568223510215,0.11327034096839372,0.16260929466110752,,0.0779253027489375,-0.04064413447587667,0.15489209138281246,0.0223762094797344,0.043560171946111836,0.08068051434610668,,,,,0.06251324917288215,,,-0.027802030962698954,-0.031553124375008346,0.008179208191711584,,0.028521964009059264,,,0.025891794538495105,,,-0.004416026885808444,,0.10898534587146158,-0.052047237911791,,,,-0.01814105636517127,,,,-0.02793811960265391,,,,,,0.09749070513033842,,0.07245450172333379,,0.10858457668957833,,,,-0.058248592381152875,0.1253758309803219,,0.0694865778649083,-0.041163229696463355,,,0.11095685739805528,-0.0074265350905735605,-0.013638108218747003,-0.000539554341148607,,0.07998059504458555,0.057941157708594204,,-0.0017465222235072408,,,0.048546528582234405,0.03347696078610385,-0.11167690078324999,0.16017976239417653,0.1190260377981529,-0.1348640428364407,,0.052672165901964885,0.04143773031260123,,,0.02045487621447184,,-0.05828808255931539,,,,-0.08618746265683452,,0.06020901130253198,,0.07149267379863833,-0.06398913893439673,-0.1643271655346069,0.0788026111095006,,-0.06894558957840602,-0.006766606351572335,,,0.035237179252802786,-0.052776332803233905,-0.009605429694266698,,-0.04212264643503982,0.04692892706261609,0.10689819217154195,-0.01936177056033217,0.03134858856713674,,0.12234002933999633,,0.13648477107971102,,,,,-0.09152528177511965,0.0267925131311193,0.17033553182620964,0.0012844725025626946,,,,0.07670470697912757,,0.08683867895411401,,-0.037619241740329934,0.022445299758047765,,,0.02652130723142898,0.10911391751820565,0.03462370214773691,,0.1727814918018329,0.05452533881546251,-0.11296091152999066,0.13136696178387908,0.09047108828302108,-0.04735133888673304,,0.012192168327041841,,0.05760368648592551,-0.0013793499659207065,,,-0.0008419447205895159,0.01373531258496552,0.030142372756766234,
2024-08-31,0.032353484047683345,0.059302519124973196,0.06919003327688023,0.034269027291401466,0.041257949285225415,0.014953781860418403,0.05060543073095558,,,-0.06862359590450384,0.02823921616629055,0.011081907751131048,0.016606167937344152,-0.04535242229813641,,,,,,0.013318404148741747,0.022170368556347908,,0.010915439175538388,,,,0.05227988441154263,0.02887618201458375,0.050252292992565506,,0.08533640462425174,0.10706556518914101,0.0014771726575750765,-0.025235306811992264,0.02859636560767087,0.030907684836253724,,,,,-0.041192302742505515,,,0.03069354759785714,0.08562044578086425,-0.022797634536018463,,0.04313714351486353,,,-0.06770203278376075,,,0.036991282675645776,,-0.028042273099858184,-0.035329258983957,,,,0.04672668808521885,,,,0.0104101283953566,,,,,,0.06743289286179333,,0.025969498626163157,,0.03865378581073786,,,,-0.04756916850691473,0.00832690741768305,,0.007002950634592997,0.02098965463837965,,,0.06119452861130448,-0.27847058573763883,-0.02640003162818161,0.10800481571118903,,0.05871966250500682,0.05639093559052166,,-0.0026006118055219574,,,0.08585579907314722,0.05457555364826838,0.1953217446786868,0.0483097027088788,0.01217879018737289,-0.10879925001513835,,0.042332460678760286,0.08764154912940536,,,0.1028387147129819,,0.09788800845622858,,,,0.047025586946547016,,0.02219522774477345,,0.0038755761007283063,-0.0010953135057464314,-0.12365687841836259,0.060760012505368666,,0.11617733998760782,0.11301089749638726,,,0.049865504980948216,0.020081994328860597,0.013194616455137753,,0.11698946493730289,0.0012160857436200878,-0.05009832730924357,0.06705668100920059,0.17784441019635544,,0.014041996649936994,,0.07059738908475865,,,,,-0.03122406867532712,0.09775869697393458,0.05540925485037751,0.22054613457399097,,,,0.04307980536648359,,0.060738999092853296,,0.10068698688182498,0.033765920021846973,,,0.04118326647309756,0.002820631766161874,0.09374430832256997,,-0.07739046902676994,0.0516656997353484,0.1343259790405258,0.02436835030388651,0.043458460560164225,-0.0014054628755576504,,0.0423612948030474,,0.00034296261461252975,0.031095683451384026,,,-0.00713380454035939,0.12835281201098292,0.0025255748507337916,
2024-09-30,0.017467228076569308,0.005959957175829089,0.006533100586430196,0.03371824608907037,-0.09858802335489258,-0.016031164228535233,0.00804127243598396,,,0.02428260130298865,0.10446960505865399,-0.034808066716715325,0.03793632016211679,0.043865556476496925,,,,,,0.06293674721843856,0.048521481113598997,,-0.01990930723226514,,,,0.07997943772455773,0.05912441512979938,0.03583584197635625,,-0.03290469663026108,0.024575157277555215,0.07565334574790272,-0.0006386616154883118,0.09834311516063776,0.01802511639855542,,,,,0.055597457891871205,,,-0.07478692002431286,-0.006566642658470734,0.08398471113515615,,0.05302737191784512,,,-0.0045961753187350185,,,0.08571267727645338,,0.03334916574585045,0.06428416494051348,,,,-0.06343494061691823,,,,0.07985526890633898,,,,,,0.02892318222471779,,0.08154454350524354,,0.07118421466787717,,,,0.01646519787412859,-0.02967185047076515,,0.09959287876533085,-0.005771723108127347,,,0.09375147584229837,0.0644282264046967,-0.014692435981225604,-0.0027607247947963875,,-0.022910898608091035,-0.06201068716867819,,-0.05494067728129137,,,-0.00161946169711924,2.5819167282614686e-05,-0.07716499260367715,0.034710983558009056,0.08993952606092548,-0.00298119471120184,,0.02164111224743115,0.061047277700135405,,,0.02438574998320986,,0.09912719572345718,,,,-0.03486898330557786,,-0.019427777490965248,,0.006080428269124916,0.031548183397573704,0.07761849099172524,0.04993153536689343,,0.011292504352621968,0.06570240224751167,,,0.04607021041780879,0.01742808690201625,0.20603013522431168,,-0.057675378686948164,-0.008879705395161364,-0.0024130101810700966,0.009677164962536011,0.006185424261443417,,-0.004697196558491767,,-0.004283552517767131,,,,,-0.024935580868099883,-0.11264536100724587,-0.017674723161509642,0.030876622723779112,,,,0.04374982794958515,,0.006585717790934531,,0.004561305936844118,0.10552795870370546,,,0.0023025602896709074,0.006329470873154497,0.03844607717653181,,0.22194201175563144,-0.03625078135114801,0.027758874400840128,-0.005840078724043463,-0.03752587606458957,0.06059892310520243,,-0.0051378751336504935,,-0.06213076925538563,0.07491638823838143,,,-0.03386350482351286,0.045578002670289886,-0.0061047759510738375,
2024-10-31,-0.030429145415120762,0.040601758993412895,-0.0009270429416622372,-0.020528524227691247,-0.0766735688483785,-0.030673068900484046,0.04520637956936335,,,-0.10131169039828225,-0.12195267115756869,-0.006362359441771992,-0.07510482753815995,0.0003756349741959042,,,,,,-0.015826000473699198,-0.0015278956496708185,,0.05393159511406598,,,,0.11018925641264765,0.03319611424929381,0.0899554268862266,,-0.020292869551379766,0.0026252217577213965,0.10112795110855854,0.02507983241030387,-0.03469119480714522,-0.020631993371707957,,,,,0.053317746439571545,,,0.040463584294240906,-0.01391955863683425,0.06452101518689846,,0.03698933848387509,,,0.01052505491286504,,,-0.030287812141536752,,-0.11639450817463814,0.00010389194653170897,,,,-0.21969237779229567,,,,0.0004223982943369897,,,,,,0.10158642148641417,,-0.0890867657643839,,0.05939876901425123,,,,0.03171535002002179,0.04580808588039664,,-0.028257605314802925,-0.00498286131048975,,,-0.0649538368358582,-0.0826938918336535,-0.015583030739529269,0.02558676004096183,,-0.013574885046366947,0.058901205462491335,,-0.13969343083942742,,,-0.09114941167290791,-0.04343000292412591,-0.06343547868684407,-0.0658784429268271,-0.029201292245471966,-0.08893729978263509,,0.013070548878617805,-0.04072120397588752,,,-0.008663883061452049,,-0.008490260578268405,,,,-0.09897852902126092,,-0.018133239079964003,,0.12403230624252082,-0.05565877170579925,-0.03806560600272957,-0.06246302632348644,,0.06592686486505084,-0.12748876149025423,,,0.04315791188718787,0.09321472513522777,-0.012808740212908454,,0.05421298841742672,-0.023345999743206725,-0.02211470785255365,-0.040697663066021295,-0.04269586461122088,,-0.10563827878328469,,0.09308071848157007,,,,,-0.04281093023186133,-0.20265601109895715,-0.0014031660604598706,0.002154064720044424,,,,0.00942570541500265,,-0.07018710712164578,,-0.013785022721016782,0.037700147123776784,,,-0.038369942411887736,-0.11680175172867047,0.08141106727176872,,-0.045025412068364745,-0.010032777789443226,-0.0413783988666756,-0.03451467063475122,-0.05846307190310163,-0.0167228196947814,,0.05419159554872488,,0.02343688124358545,-0.047257123682792335,,,0.1492298659348974,0.014860772852931081,-0.0037535920948554846,
2024-11-30,0.05170694988434121,-0.10271261447602598,0.04763163984198959,0.05089603909009299,0.07917086505731463,-0.022679323705688925,0.061160261042663366,,,-0.03557164445431027,-0.04782407370142039,-0.10940756433621979,-0.021260539936621692,0.11528973281564747,,,,,,-0.04529660722108353,0.12811038131719377,,0.13605912394442132,,,,0.11242536042198892,0.04257755138027619,0.06186116823265109,,0.07118773758105079,0.07902888936369568,0.13913560110844458,0.11420394955914737,0.07950548185966477,0.02227027512710511,,,,,-0.010991356472650926,,,-0.004043526778844897,0.11323903858490403,0.13254603732718606,,0.08106626626675961,,,0.09919253136070982,,,0.15125156553713426,,-0.02430180630959422,0.22110194693572094,,,,0.0029573294585458765,,,,0.1354013846815889,,,,,,0.1165235650762313,,0.060426009079252774,,0.04233284111347979,,,,-0.012623399635890764,0.17532212681085557,,0.0955931018547529,0.13806249160801332,,,0.10875697668523854,0.1175649965371699,0.051499230067152846,0.07573833744734726,,-0.022558997024141214,0.12527061822083607,,-0.026124588028077378,,,-0.011391554266226178,0.010610575810680922,-0.03985915731433709,-0.030473635869679883,0.04048403990401295,-0.006321469838104443,,0.06675490197712652,0.013351238797570275,,,-0.030364205725457283,,0.011875318089843878,,,,-0.0066458071494920334,,0.0686859529456898,,0.13212895670632907,0.04419231402128454,-0.017059851581192054,-0.0006659171822053223,,0.1729825996151546,0.021262755705528935,,,0.12481372998213147,0.041352839301181055,0.10128703642331138,,0.07629123796622994,-0.015835788307652976,-0.059466203762307046,0.08524033925503982,0.10727675391608749,,0.0340003210970512,,0.002712768028730439,,,,,-0.02604921594711329,-0.1049630329551915,0.012305562291707428,0.05520736751941624,,,,-0.012788724762168746,,0.08965168017363445,,0.10067903162942704,0.027506478230480358,,,0.11545891400294339,-0.030549696980470498,0.11055063688911337,,0.3814688622385136,-0.010484233869285986,-0.0012491875568763078,0.08095669913033543,0.05425078312807896,0.02484217279817269,,0.0891116991601777,,-0.016492302034383344,0.05245650063262941,,,0.18005081387202138,0.12873685408964963,0.01840464986557877,
2024-12-31,0.05515523002797629,-0.028590052129171206,-0.047655071810592475,-0.02919665775927871,-0.13810013182306835,-0.021510682584115814,-0.041322800037810414,,,-0.06914322338939427,-0.11947800433982314,-0.07858721988086226,-0.11464446856080279,0.05531771626226978,,,,,,0.43423710226959833,-0.025895986559946294,,-0.06978562622711293,,,,-0.04331524248975127,0.007221691998095858,-0.044917265945912166,,-0.06157093062567476,-0.014780541729066843,-0.09770252983304917,-0.006773137463007561,-0.1067443837861447,-0.03987792640771537,,,,,-0.1310490639917864,,,-0.08464091509600713,-0.057219074711542084,0.0143079276891791,,-0.0001689029035609746,,,-0.10553959369069676,,,-0.08709463168258302,,-0.04118535208568008,-0.04789826175362866,,,,-0.08981468119669211,,,,-0.1160033615114251,,,,,,-0.07032950793238102,,-0.08288470280817084,,0.0061179910574176155,,,,0.12173387433801164,-0.05441153866101134,,-0.09353820146483338,-0.030223636765086215,,,-0.03333191460730156,-0.16632017159635015,-0.020616204519397496,-0.03697412920174126,,-0.06702773021666886,-0.0400849208853411,,-0.026134754742315414,,,-0.028401910671037034,-0.08904780088267372,-0.02935819799803452,-0.07635278325342831,-0.0940789857686738,-0.019331332153286418,,-0.011952636243605319,-0.01478375033032997,,,-0.06897172953565245,,0.020306136147630882,,,,-0.0134167569717617,,-0.08926810936271268,,-0.04475342453721398,-0.004628314221841512,-0.13966975788617986,-0.08872491975260954,,0.005085689488863787,-0.03445186244249854,,,0.01017686376517446,-0.028576911337693467,-0.09846354989361339,,-0.06162651086874937,-0.0617633984377447,0.012209240156472179,-0.06476629631776509,-0.10885899284079137,,-0.08699209802795393,,-0.08547584607772718,,,,,-0.025902800850479912,-0.05050516166290098,-0.05015182476668478,-0.1094086956481134,,,,-0.07640522519187687,,-0.04685080372228445,,-0.07972234850595439,-0.016839235633859695,,,-0.038825700368777416,-0.017018283388695044,-0.10613924997427082,,0.17000808915631316,-0.06725369994239516,-0.1617565249825036,-0.16781356554582183,-0.06255280483437553,-0.07088117216504519,,0.0030468469025424216,,-0.13976885051869403,-0.09810546969125256,,,-0.07785231562181982,-0.02107898707582556,-0.08808074581911685,
2025-01-31,-0.05758335412410709,0.044649460727705925,0.13695800724609009,0.0989112158311396,-0.016258839137881842,-0.0026829525013921662,0.035117776332121986,,,0.10895905606973022,-0.04006957472141992,0.09507369602308158,,0.08336748865953902,0.04252243399569311,,,0.019150575456284624,0.1413087473769612,-0.045591650337516554,0.07212625245419502,-0.0027118402685823995,0.05346978373877587,,,,-0.04646543908445777,0.04915561637531174,,,0.033952556234299935,0.14599194984416242,0.027200881948657774,0.1568405332568632,0.02768142752285674,,,,,,-0.09557644550995992,,0.14238443923969357,-0.003428426024214337,0.06942294688664319,0.02204401105738918,0.1634030952294523,0.03062407055016725,,,0.03003311631229355,,,0.12475807892680058,,-0.02966664629120741,0.015356996987949678,,,,,,,,-0.016361880915192972,,,,,,,,0.22051677140250003,0.1336152103743662,0.052289442541199715,,,,0.07776017902351962,0.11836825276449026,,0.05910202056258962,-0.009606452852582326,0.39425665869975735,,0.16317151500682003,-0.030922641170916365,-0.04135104389490529,0.09563947583857568,,0.0520674782691708,0.12085627000022447,,0.17158642301925564,,,0.01959521446989254,0.06556459706466056,0.05062179252357102,,0.05825037772498831,0.12210979321882265,,0.0563621690245355,-0.004105055051322304,,,0.13695548931440404,,0.1770592745908437,,-0.0011475622417267406,,-0.006634490089564404,,,,0.10842413130152884,-0.015278763670863893,0.0841253985124144,-0.0018135787291986283,,0.09585781038817198,,,,-0.03937293476418646,-0.10589012246917895,0.023031708222764014,,0.013519407365963021,-0.009009726870374157,0.01614889569812994,-0.003864015606187987,0.048300899011336496,,0.1281929173410301,0.09070475815786883,0.08184465655758633,,,,,0.1256994525053019,,0.11432775603680989,,0.1176867882168311,,,0.0198007044236983,,0.046944947226994715,,0.08676567228450738,0.05538853312375491,,,0.03294427141116696,0.14901122581222537,0.05545252512613641,,0.0018819576379678349,-0.008185331655351291,0.1082559484803376,0.07241138252278612,0.08660752523877768,,,0.08150850200908177,,,0.002450269393638127,,0.08291685700707285,0.12186821611333687,0.08644148646387873,-0.006879123617141825,
2025-02-28,0.025872638881390575,0.13665019305140325,0.07879319649856176,-0.09468764515200079,0.002537399292692921,0.08575213537098447,0.04016352755730468,,,-0.12151882559567506,-0.13876668185746388,0.08804142770796242,,-0.10686635257151145,-0.19248459306619614,,,-0.0590562751167768,-0.1186450026732504,-0.09870304859528956,-0.0519453002646052,-0.010706998322587702,-0.0043195471327583945,,,,0.058774972686061355,-0.0908600403578047,,,0.09635778344729262,0.013970303796882577,-0.08229570968584077,-0.0113762000920965,-0.07400915397543162,,,,,,0.06595372092711016,,-0.012581746084311618,0.011378971334461196,0.07132347812885564,-0.12832890706982703,-0.02112694628424905,0.057920856698409295,,,0.07500086905746262,,,0.008876063687091929,,-0.06725343613048096,0.006545275695435393,,,,,,,,-0.10145811784199976,,,,,,,,0.016751068403767277,-0.10110491207359762,0.17602887629993003,,,,-0.1653759269418048,-0.023460836226282256,,-0.037331960025446254,-0.04331594709954345,-0.03561120811644214,,-0.00617195190813391,0.221307214077352,0.020498445939624244,0.0022207797447126865,,0.09326920804853178,-0.00991401027114902,,-0.03765551793454924,,,0.1217707234119414,0.04691571323015786,0.13702295403069042,,-0.04383943800384271,-0.05317693342755492,,0.03759235317588905,0.06799412977149077,,,0.013212903088195116,,-0.03044197946260163,,0.06930893351542555,,-0.06648467241156719,,,,-0.03843076383365729,-0.04161820766117763,0.02619459610281316,-0.011344536021463236,,0.0038903849838498594,,,,-0.08702055946497289,0.040392992652889426,-0.023521247028767678,,0.03258862686534769,0.018448590863609615,-0.003393651619887139,0.04729171480149619,0.14429482902066426,,0.039161477515198495,0.029458120597710247,0.19262659034268403,,,,,-0.09113494863140337,,0.03654952269760359,,-0.03537099791824383,,,0.07864010523057097,,0.02549312875390819,,-0.013033738879838053,0.15507803214275295,,,0.0027823108797924156,-0.11508161135402273,0.16148589028749316,,-0.2758773935575025,0.06164356363834966,0.13702324414645095,-0.12448151974918509,0.0010343580183131973,,,0.06296182719975985,,,0.09418629406330004,,0.12980509951315677,-0.0011845043502882735,0.004584393179114077,0.05144442468272059,
2025-03-31,-0.08150015054907067,0.0023442442819303633,-0.038838004759704337,-0.1046198376074371,-0.12547883775456437,-0.1195886872043721,-0.025451994354794838,,,-0.08192578030468045,0.028840348846536967,0.011328834726683779,,-0.10373094214756773,-0.16732938403197706,,,-0.012614215353457858,-0.18655980486137713,-0.15791688150462135,-0.10602719863053323,-0.023363693048011003,-0.08908162898393823,,,,-0.07967740782923749,-0.0267273035472938,,,0.03649066690613667,-0.028037418214088894,-0.13266323773044997,-0.1120701383324646,-0.04113983250854014,,,,,,0.028428055163880472,,-0.10595853796678367,0.05920322632611863,-0.09806303984633935,-0.09900960593258312,-0.0951599259389152,-0.03743574530707705,,,0.05465883497377089,,,-0.02038357156295767,,-0.011779479405745308,-0.1326889906648313,,,,,,,,-0.0698704605841175,,,,,,,,-0.031199215308210126,-0.08920581775562819,-0.012891028480867539,,,,-0.09080285341534966,-0.12212965403065046,,-0.07005612141461293,-0.005354851036856512,-0.16926147306404848,,-0.014973900023952824,-0.04298358522713841,0.00024438534010706725,-0.13588071548982006,,0.00496892775117419,-0.07311526799175105,,-0.04096829992986073,,,0.013179640574474627,0.00030688018144520157,-0.10288615758283592,,-0.06197710730121031,-0.049786202894373965,,-0.04891448694228162,0.018952408048739766,,,-0.015730030568700593,,-0.13667642534664937,,0.09402083150906781,,-0.01858590780975633,,,,-0.12350688845567437,-0.05440924960509841,-0.07077720423405331,0.010260699022904163,,-0.04898222868327429,,,,-0.14371450492551208,-0.13232493747099827,-0.1580751912138464,,-0.10392266999572108,-0.014363030097945706,-0.04124100903155814,-0.019673181918918203,0.0035815014464180006,,-0.08985306037965368,-0.006123370869979161,0.031241086291529108,,,,,-0.017380712309698843,,-0.00398524344391471,,-0.01571723674557024,,,0.024056152732062408,,-0.048038338881023934,,-0.03386963516422614,0.03174028705282761,,,-0.023725625845100407,-0.05849048497649256,-0.011049816992461214,,-0.11543452131892018,-0.08311666963755227,-0.04144193444743305,0.10743712543894945,-0.04236089421301126,,,-0.03377357167487782,,,0.05243622407015369,,-0.0019540410044291967,-0.08337605156308447,-0.1072803554751175,0.06826540078069221,
2025-04-30,-0.0433532217978605,-0.060218335377718146,-0.009757387755955027,-0.03655490090364011,-0.02229287883654929,-0.0334704340983395,-0.016135866818719813,,,0.038519865706814205,-0.05246252191668721,-0.06621711512780648,,-0.03069482028015491,0.06182231645068925,,,0.17319742779494418,0.01637919884476191,0.14955508839416964,-0.006525241087293798,0.07440634543732716,-0.044332280950665104,,,,0.10687641408157145,-0.0340418219716232,,,0.0012579948339352942,0.019726462602541073,-0.05109141478526469,-0.036765676920449075,-0.05773472123576806,,,,,,-0.06476591279524391,,0.005354162174944221,-0.1513997683562437,0.051512902323429755,0.0028775782843275532,0.21637645768440517,-0.05824928120775641,,,-0.18668178051700834,,,-0.012336197236501034,,-0.027658466480835697,-0.07852077212456166,,,,,,,,0.08291965852820926,,,,,,,,0.00694474552597546,0.21561422232084082,-0.04917451201481715,,,,0.026901180782505474,0.0023065869465526134,,-0.01637153606809516,-0.0059031307109463915,0.17996160189059385,,-0.02750737160091543,-0.11492729230391929,0.02373971888737958,0.04145213567287276,,-0.05746495351669245,0.003370298622493939,,0.03367156794566473,,,0.012985113353944477,-0.02665154374411849,0.08843595992616282,,-0.03640290437801108,-0.014167737926341295,,0.0014764103607192158,0.02330578904395919,,,-0.056754885543183864,,-0.04747051395460167,,-0.014495265751098496,,-0.050802281252772086,,,,-0.0027765067197054183,0.052931488389262205,-0.11439728969492868,-0.05656639901381977,,0.21360169721367117,,,,0.19955034735432076,0.004982481462220578,0.010124373776542184,,0.09546409601734318,-0.09577185498622931,-0.03670097159822916,-0.04011644997342512,-0.004133339324679519,,-0.08578596308039,0.40331753910087165,0.07956914224074874,,,,,-0.03352633452077736,,-0.04778802796713533,,0.03985697724509807,,,-0.0006524371651348559,,-0.015843297479334884,,0.004486115897053944,-0.010112981859046632,,,0.056485989087404764,-0.13786178352432776,-0.07408789541556982,,0.08874826236685496,-0.10175030984691114,0.11185837850131719,-0.21443438953528549,-0.0871147616680309,,,-0.014152857377263905,,,-0.013058102386951376,,-0.0040468766268606515,-0.010864890345067879,0.10775709227274044,-0.11183052892842282,
2025-05-31,-0.053583979035440876,-0.04607904120939976,0.02164438147036485,0.059067377139202515,0.10696566263908114,0.0977836941936685,0.08293418744309622,,,0.04303454636635773,0.13744227110973561,-0.0006642310796109996,,0.11164730800522138,0.05311781846231933,,,0.16868093495540437,0.45928485226210336,0.2577024558587453,0.10374992658650317,0.13141236143410318,0.10656950059368442,,,,0.08229602235891931,0.07178473511965455,,,-0.054927348419919086,0.023233200406693966,0.05352659137555227,0.11029980330628097,0.12532754277217495,,,,,,0.010818710633584194,,0.052667160546052694,-0.03415188893647936,0.04729545084711684,-0.012429704838752498,0.09909762978029502,0.09197987073093383,,,0.016941480952010313,,,0.09211330588460376,,-0.047308621508242665,0.24288078929686518,,,,,,,,0.09153419544204233,,,,,,,,0.2201548898910053,0.27549758520760403,0.03322701470477263,,,,0.08148620054283029,0.10207817917038886,,0.021637469452201907,0.08231893942146695,0.34697619026165505,,0.07842149478479543,-0.02736324049606631,0.200806262719746,0.07084148880818963,,0.0014753618226501786,0.07922499179179132,,0.07971108340105793,,,-0.006202705412029164,0.03166148407729108,-0.17772734293257397,,0.009706485464746173,0.12724977624160672,,0.06849598978786209,-0.018144787287050934,,,-0.021000419486865485,,0.17939907767135077,,0.02468302554409285,,-0.09812196336629353,,,,0.10925328151719294,0.1668398481439819,0.22755010755082328,0.05622014353812865,,0.06672147437453146,,,,0.058721916432720844,0.24063540697595998,0.17630741518403514,,0.02936931315610858,-0.030461753647704426,-0.019331217156135394,0.04502684216747199,0.011322405597478546,,0.06262236506091834,0.11263083470882385,0.05386324506635809,,,,,-0.02195887616258796,,0.0875743278147898,,0.08874209916834164,,,-0.012329166104016465,,0.027526393942002514,,0.023320551621343943,0.003610070707777524,,,-0.010629086963362844,-0.061025697951934244,-0.015614639306629874,,0.2278848417863253,0.14245551719219018,0.038884106194463586,-0.26621135177204314,0.0340488837212094,,,0.058745393743934615,,,-0.002269653395691962,,0.015759957331245023,0.0588685638375952,0.01757011173284284,-0.022605096122436774,
2025-06-30,0.021508529195637838,-0.002632793476667561,0.018191329268119283,-0.05659365484512935,-0.06796114506241846,0.1174113634935432,-0.04788818236011316,,,0.16791056423900708,0.2814954356957404,-0.031126381927576996,,0.07014294555445688,0.18086332270701266,,,0.10002007932834411,-0.10921123009601619,0.141400385605998,0.08478157722719537,0.010659807915316177,0.07860551275351568,,,,0.05078939606486932,0.07645439074523841,,,-0.03609413991155619,0.020425626850133494,0.07797647828109078,0.1301116104755049,0.11544975364200094,,,,,,0.03239795897710662,,0.12482155592879551,0.05143528692955446,-0.04829926223447811,0.02921353570494767,0.08048879401408171,0.10057093730054101,,,0.04747611635706406,,,0.0075844682952252995,,0.04188666912967265,0.1017235168189854,,,,,,,,0.11489693606237505,,,,,,,,0.046683788488107725,0.1187576859534929,0.014327894218211679,,,,0.02738635993381755,0.17869921139065337,,0.0017064010647802608,0.02739653743481041,0.4154194269638598,,0.13788324748141978,0.14578007635248547,0.04533691974186005,-0.01616767439755773,,-0.015849533881914568,0.09814379498431891,,0.1834634870623073,,,-0.011747088032275088,0.00662216075415234,0.05674630896945532,,-0.017099983833786747,0.20785020776682472,,-0.04040288308323092,-0.06379788583799562,,,0.059220423227605457,,0.14080206991161326,,-0.015884769894828343,,0.040507395345540154,,,,0.10021085608453961,0.08048051413440493,0.3047851119988052,-0.00931901818123948,,0.10925834231001463,,,,0.016803622606018864,0.16925179558689685,0.3207880274834203,,0.06350691891169191,0.015510215606775235,0.03192853800365292,-0.06221678788426033,-0.06341906573187428,,-0.022804752864746036,0.03445142348593766,0.016120634917274224,,,,,0.10342059192867947,,0.06990048535086846,,0.0328276969571033,,,0.020333316769028498,,0.02813653432666463,,0.03615991107008831,0.04100729118646673,,,-0.026871565079766513,0.007597056058890939,-0.01626755690129722,,-0.08312644606383923,0.1354663618965628,0.10860264961898358,0.04065675684686121,0.037986022489263194,,,-0.027766428285129763,,,-0.015696120396082813,,-0.0035649069611194406,0.07140950905497201,-0.009522012858654394,0.053763290948841025,
2025-07-31,0.011697701285229511,0.0271121879394014,-0.0680359307147681,-0.10189080492633118,-0.07544975721929092,-0.05625576431088619,0.0035666745309694825,,,-0.016441828263927705,0.2424947508257922,0.05691060869470688,,0.06709513314943627,0.20437888926870462,,,0.07858233944173287,0.11603069924815745,0.06548181665828734,-0.059296367837913255,0.05875052560640781,-0.0010567472617214468,,,,-0.049260269322635164,0.05409568167204082,,,-0.028593746927557562,-0.023182249401993982,0.1563044318222837,0.10079875028686702,0.13244016592785357,,,,,,-0.06039192906364377,,0.010528256883012066,0.06240252203281682,-0.05081114535087283,-0.052660551765634334,-0.10747872709503847,-0.012836438502585645,,,0.059012590741433835,,,0.031229703530564867,,-0.00192363763214487,-0.03951296679351923,,,,,,,,0.0776772455261121,,,,,,,,0.05472566695276848,0.2483743994030203,0.012807809440051665,,,,0.0889178069253902,0.022380836864826392,,0.002372926992145752,-0.04521637780648291,0.10060884411695259,,-0.14122402949041946,-0.1160714475780118,-0.0018251050461380869,-0.11468316719697991,,0.07849443899845054,0.026757209851034025,,-0.018655048690866538,,,-0.04042409266106051,-0.019011785309549945,-0.050620268116787215,,0.013021368227265961,-0.025683202812496586,,0.009425283481901525,0.027038925709380157,,,0.035218519841639706,,0.04789379349156997,,0.05645579688263003,,-0.013138046673869641,,,,0.018384983417908174,0.07255587936941144,-0.11364924803437348,0.023624480244002655,,-0.13421395007954562,,,,-0.08263950576056078,0.12583058573170547,0.16319445819909562,,-0.15168096842607282,0.04453206024577616,-0.02261243731592244,-0.049089872943636204,-0.09265554867660486,,0.015791560136780625,0.16160502931093168,-0.09926980874909896,,,,,-0.07848807557615511,,0.07909880618960408,,0.07113112812342015,,,0.028857734777595567,,0.045155289529805076,,-0.007329969075865361,-0.04340426202264014,,,0.008421732932855308,0.15345531359386833,0.0006294844284964185,,-0.02955995259140498,-0.12162280898604183,-0.059485561309992385,-0.2000514397833667,-0.03524862327952105,,,-0.026982136398830847,,,0.004191892191423907,,0.07376577524418426,0.006365349136517873,0.0020454905553402014,0.035621504589787634,
2025-08-31,0.11963891239084856,0.1131097533316816,0.05127199396324866,-0.026694108028819774,-0.0027677324711841145,0.11877314474359246,-0.017609152153179708,,,-0.10462765053797851,-0.07759056698548805,-0.017133389784617647,,-0.021827348669553825,0.10818050396849888,,,0.022063575897186993,0.22495516095424817,0.0125637085353838,0.1068124334809839,0.057879537278451965,0.07340808449660652,,,,0.017258198989707374,0.01910472949058062,,,0.06590659867276871,0.005528038897987475,-0.0029929683807099483,0.037407998403807596,-0.043331342471053746,,,,,,0.022268949273189342,,0.05971331359533427,0.0466379894726372,0.00530717713303952,-0.008051572166268062,-0.0679103210062203,0.014835355079790169,,,0.07087719765791833,,,-0.08720928519547055,,0.043923760054612515,-0.006128799333140478,,,,,,,,-0.0898398542131319,,,,,,,,0.015198576760659721,-0.07166544944213193,0.006055852003925333,,,,0.10948431305867623,0.03544756921788128,,0.10682691469587646,-0.007678590284397213,0.009509904886144449,,-0.03165612321758238,0.22979804645106938,-0.15045911514846122,-0.01619241431794516,,0.0833459905258056,0.017485825680117584,,-0.005838434814638749,,,0.016202716646539717,0.03917348468427906,-0.007946498126160217,,0.15426921375521419,0.05598911487417646,,0.05087652098152473,0.04488967389263143,,,0.028479671333570433,,-0.044916111116965696,,0.08508227705844984,,0.0768049116158489,,,,0.056296527379639416,-0.048691698328366284,0.09043440841423345,0.021772521995577554,,0.042133814075989706,,,,-0.02720750656343829,-0.02074546634730956,-0.10891753243136004,,0.09746542381373025,0.07779855576036443,0.06311717114229465,0.043663134819144744,0.020740376104954494,,0.06555535728890138,-0.010356800293246038,0.018774756224350098,,,,,0.09518944202505852,,0.010969653310707095,,-0.016572773865280443,,,-0.01532781016929774,,-0.0030920654654206237,,-0.003361180550791043,0.06858821342538701,,,0.10049269805421024,0.053540939036388124,0.060685980529608274,,0.08304410748975077,0.11830332517983932,0.06837606837606836,0.2416652906818899,0.013498474150326123,,,0.020056789795070307,,,0.03437803727638156,,0.023955634197122766,0.02521136385938405,-0.007894433410320811,0.033263295928476655,
2025-09-30,0.09688125410893011,0.10047518749048079,0.00964873002302391,-0.05142900479057555,-0.011073765270124492,-0.01845641953965871,-0.029684144999656326,,,0.2735755226738146,-0.00516516984233617,-0.019150977961593152,,-0.04117900731782176,0.06708168039100948,,,0.13835645084566028,0.5013685691834757,0.11125211129187762,0.00265630116440585,-0.08032210428252584,0.022407454620447353,,,,-0.03402089944590081,0.039244579874268215,,,-0.0004771973969351917,-0.07459718243205715,-0.0032087160578092577,0.05105095026776474,0.13867410646970102,,,,,,-0.07506620251780283,,-0.06443097609113446,-0.04425581121473132,-0.018752933074392963,-0.07351144719937441,0.15737547971369792,-0.00969741508590738,,,-0.03306357739880661,,,-0.04133190859004765,,-0.03502947533793943,-0.03277577895434147,,,,,,,,0.0719193966806404,,,,,,,,0.09443157133319713,0.0031487562008820635,-0.010614939547128888,,,,0.14281814251802705,0.0685674869129842,,0.0017670311936286431,-0.041002296197997334,0.3763336956250696,,0.15881561342066441,0.37782335570688463,0.02385301744978241,-0.05508129617371604,,0.04656543829535198,0.0464799963349416,,0.23692663504147427,,,-0.03132888777186127,-0.0037111187133040957,0.04152450759035986,,-0.026156642846043687,0.3396345012793358,,-0.04448257113763476,-0.02527514575192147,,,0.03396724968966813,,-0.005177200803961557,,-0.0012260352473280056,,0.007597147442210073,,,,0.05635320042516834,0.022222678333202905,0.40593222640750604,0.04774454932435668,,-0.007721900937653459,,,,0.0030736781321301088,0.07125110299903303,0.2437092266586589,,0.06875913579128623,-0.0459883013738992,0.029079133033810267,-0.021586811700328168,-0.0004452910601931981,,0.015479206701995318,0.1640609428472639,-0.029497975301736923,,,,,0.040918002110069684,,0.05504418574905845,,-0.0038607124976115514,,,0.02676052405368079,,-0.11255557702313179,,-0.053393014034232356,-0.035848518030226484,,,0.05804829257058519,-0.014743989884090758,-0.05004159461653024,,0.33201547825406585,-0.09260173963840213,0.04501334635416665,0.12136861795673881,0.057252689073878926,,,-0.02956389962284689,,,-0.0063305432333433664,,0.05859276844065864,0.01995604091211778,0.06269333241942654,-0.013474461717012165,
2025-10-31,0.061815169671435743,-0.05151647460438924,-0.07294536123304729,0.014193038202509278,-0.03526577587925217,-0.04708993288371155,-0.11311760404649707,,,0.1385171080948986,0.5830397783886911,0.05751229475355335,,0.112264849816605,0.08221807134402437,,,0.125979718504605,-0.11302079692274214,0.12039645853683822,0.0887645487815103,-0.0686188084740258,0.036053469975907415,,,,-0.059550614510864075,-0.0712427618479411,,,-0.05012527783537768,0.03165014907523167,-0.14170340809123583,-0.0026599994872660293,0.21328414570045418,,,,,,-0.10453524520728774,,0.03485752036842116,-0.06057727075844954,-0.013926134290641712,0.09877634500759669,0.10732494057417674,0.0749994963589311,,,0.0156481344643693,,,0.00955689059704401,,0.086351393594158,-0.016419136175129245,,,,,,,,0.01953249129590695,,,,,,,,0.02702616277411951,-0.04800154163008086,0.07918922425286845,,,,0.1566845448808456,-0.008764879088151822,,-0.06318019614107462,0.01477979180179867,0.02514322033573224,,0.08948818665651981,0.19195238711935314,-0.020705503313390272,0.19464261380528858,,0.01860647618836042,-0.00886857859989143,,0.12065637051908129,,,0.038902318521922385,-0.11936837864981942,0.13087809648252025,,-0.04778634545011018,0.1759523036491213,,-0.02828928871127745,-0.01796693813918493,,,-0.047668957165679426,,-0.11714639634418178,,-0.14653344876112195,,0.024425052353032495,,,,0.03798686873188695,-0.000270291399078193,0.3382149947862201,0.0782885959629902,,-0.06677673921714455,,,,-0.0010866092303837283,0.08527167560685034,-0.06462179117273836,,0.08162268330480726,0.04023080312038019,-0.032574534554808854,-0.014503548423008494,-0.16548438684565125,,0.08356620472595644,0.09894750155101462,-0.10181122487027006,,,,,0.08740068146938262,,0.06675416944605073,,-0.00995077181671944,,,-0.007702848866519285,,0.0010273164953904512,,-0.036329747849013216,-0.11414808234718343,,,-0.030441428116222635,0.16982815447912158,-0.12252491382960384,,0.026623485126352042,-0.11336650939730952,-0.015004605515841152,-0.010831188021835136,-0.06769051905734358,,,-0.0018749120867446178,,,-0.08024749855070423,,0.01627942430890794,0.03758067460820502,-0.018241728413788683,0.014279372203928498,
2025-11-30,0.032364217563672915,0.04430384008736188,0.04271151514160865,-0.00039982263591398226,-0.05929885345876962,0.13330194092702263,-0.019208661466245114,,,0.08427490541165605,-0.15067154878022615,0.1658478197491413,,-0.04504135592915359,-0.17128549272273152,,,0.011195610282445756,-0.05938844179021008,0.09017108963959264,0.012585568690049342,-0.059795065252158164,0.003741847168485357,,,,-0.03211079041100018,-0.03279437526468709,,,0.07595172836761388,0.00853852859341342,0.007361655895615327,0.02951396705271203,-0.0025985111457692556,,,,,,-0.04130749624394947,,-0.00039474220847268704,0.007347829779749349,0.002347860401481716,-0.11470378179738994,-0.06233772029013973,0.05238684818981887,,,-0.031081068307456605,,,0.006195416978977741,,0.052929542120387696,-0.07236729341140702,,,,,,,,-0.0909817440964471,,,,,,,,-0.03398609594807245,0.02500260993577208,0.05050500106282074,,,,0.13866065500241875,0.04645472955808838,,-0.05972238779761596,-0.03968046139889758,-0.12460821255104537,,0.009340623635792689,0.014253555161293008,-0.05013861045487744,0.07336967324693577,,0.10252433087511847,0.006299815132071229,,-0.02589295165154759,,,0.0612482525296687,-0.01907722768850828,0.24823198155873816,,0.018267246137565696,-0.009272328052949752,,-0.002644877107606969,0.0448681257164687,,,0.1613010735531475,,-0.0006169086820239089,,0.046647746505671606,,0.21923710542439734,,,,0.034512246399961866,-0.04804685731303826,0.05679942064043564,0.06725197961586726,,-0.03848559868782564,,,,-0.1162540675980881,-0.1258827644807442,-0.23098896209736552,,-0.13671449264146585,0.018139460627446313,0.06260626323464513,-0.014697080251840466,0.11063101460572944,,0.035780479848864344,-0.15972466741898794,0.09111053348737408,,,,,-0.07081260693272828,,-0.016239150223721133,,-0.016152034031749807,,,-0.023079163977124395,,0.02586315671278938,,0.04193803066537671,0.05131326424915139,,,0.08718870250393573,0.04131195711370306,-2.1363322690981512e-05,,-0.05780178787448986,0.042177618456956445,-0.0928497314453125,-0.034518054435597634,0.05200356417944518,,,-0.016544880371371473,,,0.03447414411467142,,0.1546235294842091,-0.007688111282338483,0.09221186088900746,0.022507005122056167,
2025-12-31,-0.02506728904621991,0.0034695035861871393,-0.028006098539192448,0.07319998504970981,0.09327456001037171,0.02569492480721447,0.01407280333703853,,,0.01879079085155766,-0.015492093670292584,-0.05253875647714179,,-0.01029068640735109,0.002678344988770176,,,-0.03903045935045524,0.12400752198153508,-0.13946236821665803,0.012812463623926629,0.1487830429480821,0.030490552445645802,,,,0.09174257383863815,0.026973905859187575,,,-0.02172009831481858,-0.061331002605170215,0.0527250520688507,0.12635132720751052,-0.005019541473957445,,,,,,0.11989511583155466,,0.10631299281664597,0.05547415196024219,-0.05609735181096631,0.150939649491306,-0.07934636186249777,0.0011696461825327908,,,0.00846950404617619,,,0.005792394856558136,,0.01083394369556423,0.09638889572135634,,,,,,,,-0.0791580286933441,,,,,,,,0.03327942290798891,0.0897010701786296,-0.018192438350595364,,,,-0.02178548616629794,0.06938844640454533,,-0.02968302027736125,0.01508915208100281,-0.11977590754995937,,-0.04008686456071231,-0.09023667957324677,0.04469463560992715,-0.012415420519767406,,0.00014498676237129082,0.029193898748310243,,0.03369729909039365,,,-0.03718491060704687,0.04299165378353864,-0.0007344981820599505,,-0.0054436916744469155,0.09911434161277666,,0.03696426158209487,-0.013969482507654507,,,-0.08130337866006832,,0.019566782055977505,,-0.004995100143216802,,0.012683843360063562,,,,0.046386827221650107,-0.0170525388427748,0.20739718483900438,-0.06964890509155197,,-0.1284625344822672,,,,-0.05718782692643609,0.05373099736807685,-0.03486013257295473,,-0.031189227277542586,-0.025657039943946303,-0.03263408403927137,-0.032734892003355553,-0.004676762591465544,,0.0009687228574080109,0.055209280025189544,0.027831935327513824,,,,,0.022809376511646162,,0.04853926726456215,,0.07742910757926302,,,-0.04302029822151965,,0.047631446906002184,,-0.0507419633242443,-0.04534971416498801,,,0.011124297400924688,-0.018523550212875217,-0.028563298466607656,,0.045447119005781245,0.031021511320143302,-0.06659814679097853,0.007761338439218113,0.00363692303515184,,,0.04864838863779153,,,-0.009243579713144823,,-0.10858705177634687,0.08561431153501253,0.010199159973349747,0.03812968351524759,
2026-01-31,-0.04553807543927246,-0.016130820641631738,-0.12320494953973338,,,0.14631259246661155,,,,0.25421232840388974,0.10538845573162892,0.044514422799720954,,0.0367385645024596,0.08173705879297777,,,0.06615359841708246,,-0.042762187575445476,-0.04594590863510162,0.07645544619027822,-0.032727276571109964,,,,-0.0660071765273188,0.04540621685378232,0.032639360859642474,,-0.04400675497022466,,,-0.008398286613871764,0.150170229200828,-0.008201884340673371,,,,,,,-0.09667438677614737,0.11344937367867791,0.09183673034137296,-0.19863353723158395,-0.05835611062472068,0.02218736609902705,,-0.05326202621411258,0.1606849850776988,,,0.13409367780072,-0.08690285529748598,-0.043814440752911854,-0.008525903042482907,,,,,,,,0.10332477517194105,,,,,,,,-0.004025512062678094,0.11220649524222082,0.15650978468528942,,0.17919149675690527,,0.07987215515972257,0.06417522511998941,,0.0886080330935306,,,,0.035414077073034234,0.25934957450103413,,-0.10971817525612548,,0.09809123941665776,-0.046397476282515226,,0.17518177654705203,,,0.0700900424223787,0.07171845269423782,-0.034922069415214474,,,0.36382754872529555,,-0.05479388180361411,0.030657960122141947,,,0.07183011834363895,,0.08545811569772321,,0.07509538855437214,0.0833794933922456,0.047596442216044865,,,-0.07064272842962949,0.03536146325127909,-0.11027248002775836,0.45362808188767434,0.09491777148558245,0.12518776515231034,-0.1095350260075606,,,,-0.23617729439631163,0.02482579447315203,-0.15337827103154655,,-0.03925079178785562,0.07044307284494855,0.07963453910146634,0.06655206853509554,-0.028582107890778752,0.06471283250455584,0.02271656360667218,-0.1753024116011781,0.11870337583510371,,,,,-0.11376804654663375,,0.09558337407375284,,0.040136023731274895,,1.427542287247309,,,0.009950370895993377,0.4804096040785193,,0.0675235765566895,,,-0.024737928047513957,-0.0014496843860172248,,,-0.04293782243658151,0.25054439148215746,-0.020315702500482535,-0.1308048795709683,0.016340997796464363,,,-0.08234723465763638,0.11450337168813096,0.036483168076899775,0.11201607992115847,0.45254530421154615,0.014816037845988506,-0.029077067500567044,0.06938326484533897,0.17500413567711215,
2026-02-28,0.019065847756251753,0.04067087224049604,0.06450134868134905,,,0.1444608624849293,,,,0.15650379717367713,-0.15426853239039484,0.143236287620498,,-0.12244046250772744,-0.05813464917328148,,,0.013742366445933074,,-0.035466378796530584,-0.12286683142528998,-0.026484692833631085,-0.06334583835453911,,,,-0.1524417659175591,-0.049788268210380626,0.13296997396474408,,0.050818915551098076,,,-0.042741635750557894,0.13002013548229852,0.10111109419902542,,,,,,,-0.10296177537998519,0.09702541680687538,0.07502260827146578,-0.08243442035627302,-0.15728183410918117,0.014555681727582703,,0.07219551227927057,0.06606536260184992,,,0.19263264647850087,0.29395318167891604,-0.03769016855063245,-0.05992913952262424,,,,,,,,0.06971714570883147,,,,,,,,0.11561649847518018,0.20269281047950893,0.049313148257880135,,0.45918333388798294,,-0.07763296448008339,-0.08107674377403729,,0.016364512633035178,,,,-0.2123261273433884,-0.018506576022391252,,-0.0014080985549149716,,0.09901297653640295,-0.018274626056834276,,0.06904417972892762,,,0.09022851087369999,0.11184536811799828,0.016001333099480597,,,0.0018418509681208395,,-0.04005254589212137,0.08273008203901511,,,-0.05147629198395465,,-0.09535243551687156,,0.11372789027953933,0.13061654205953,0.12288021080968803,,,0.03509880590843473,-0.08911382432899173,-0.08518351769513599,-0.006049905538305755,0.07405442755951186,0.1570984090220664,0.15271290365588652,,,,-0.0769165014587524,-0.07293464314527742,-0.11653907797239693,,-0.1585014570733716,0.10486239596874825,0.04576392893084669,0.10166688897023546,0.027211586685356837,0.08037784973024009,0.09198845602884309,-0.06412438864393843,0.04118368925938087,,,,,-0.060887812316557266,,0.011760259857380495,,-0.08081710688720112,,0.10257698108731028,,,-0.16082692991257408,0.000367835165387298,,0.06867603527146748,,,0.08215096917384224,-0.0993762014281373,,,-0.06482189925675397,-0.01595920727017086,-0.05783890951033299,0.022095837713382416,0.13298491562555492,,,-0.003199915442253509,0.13482640884784236,0.05731005112912113,0.12623539374041526,0.11777162036387279,0.10349804573281629,-0.09547682277892178,0.07394659943934112,0.08568934855096844,
2026-03-31,-0.039329296870931674,-0.06286626604820622,-0.11757627664812376,,,-0.10302095605063111,,,,-0.0819499770116151,0.016083042075493825,-0.09354385368866647,,-0.00823807489304329,-0.08029963461200817,,,-0.13323480829353274,,-0.029387376398660958,-0.020783414530114563,-0.12525820838088642,-0.016143076898785025,,,,-0.004582244297300253,-0.09044698915167104,-0.027577269885088573,,-0.05099514680166484,,,0.02922225956713631,-0.04626897344449732,-0.04097819458184837,,,,,,,-0.06752191682015751,0.1634056352875377,-0.01420674480746742,-0.04168588835099285,0.04954565334549299,-0.02353384736520714,,-0.10112654452459502,0.10783885804832294,,,-0.10284492344271767,0.10838731933859291,-0.09796728213917338,-0.09109766888503246,,,,,,,,-0.04558070680989601,,,,,,,,-0.16968570181995046,-0.0001970328682578959,-0.05900305347332613,,-0.09582397313385183,,-0.07697462092431295,-0.01061900793197934,,-0.1303612454985894,,,,0.009075293621160219,-0.032449013866060694,,-0.08444721794317911,,-0.016060835714468258,-0.020446181140362008,,-0.03420017218322857,,,-0.06114606860505534,-0.02097057750276099,-0.12568553130553195,,,-0.08539919884105507,,-0.03393210996681584,-0.08366213568990832,,,-0.10549388459131093,,-0.1165728204981028,,-0.028161213918379335,0.23192563102825425,-0.021313519393089453,,,0.21251075423334753,-0.01165086732340559,-0.05746798756249505,-0.1803915633187605,-0.009491348852940784,-0.1656225690471813,-0.0009351240636769065,,,,-0.03203406180946722,-0.015692673808816004,0.011760729962057681,,0.07655123083160742,-0.07695671642648216,0.015551481153918578,-0.13612433671528756,-0.07217072767626587,-0.11290353145944654,-0.06541788280772454,0.06625844577685647,-0.10712430264247075,,,,,-0.08958404228659955,,-0.047971564874969785,,-0.012815059808640394,,-3.141289434949179e-05,,,-0.03743099192762944,-0.03775155031907251,,0.03498750974031073,,,-0.012124257178000808,-0.055830822380764866,,,-0.07642048401115797,-0.08472015566150093,-0.046274170624503674,-0.07016162476245702,-0.08438378029714999,,,-0.05591309907626718,0.2073886004291512,-0.1012217043788054,0.0011966613493934464,-0.032465301177499684,-0.04543258508963455,-0.022590489581250872,-0.02668960559367406,0.11252462106599048,
2026-04-30,0.06919111547343992,-0.020308286242734175,-0.11016280685942081,,,0.26441179470005904,,,,0.15418813145358734,0.7425650248110038,-0.01591593214975573,,0.2726748553374958,0.4066623915212928,,,0.1655717704599764,,0.3486801802051369,0.0713808434319898,0.15073104649549252,0.09661538116115476,,,,-0.00031348733030389653,0.10802626086491296,0.00931141502392352,,-0.011686156011816107,,,0.12847183749567126,0.25879314072242066,0.003282966811681387,,,,,,,0.048621397754650575,-0.04712121615330633,0.018164931051450672,-0.0519553640467163,0.14174840761966245,0.18566585894906873,,0.16988381185447743,-0.0656838150807596,,,0.04716841957978746,0.2770152763696301,-0.056170932332443635,0.0764681464549799,,,,,,,,0.2106410709669475,,,,,,,,0.021707658200458724,0.24121883633255004,-0.06120402801858926,,0.20791354519883898,,0.33815544466040715,0.09193967591335794,,-0.00027376531560141526,,,,-0.047072934959326185,1.140947225700323,,-0.007332056995628111,,-0.05968745313440571,0.07027816638364404,,0.18876536061329596,,,0.03563444368672508,0.01085200631298422,0.016123522093130838,,,0.2068707076320626,,0.008254124518965122,-0.055342846435653015,,,-0.06555099437759926,,0.06952959553258364,,0.10092442455790263,0.0168318991463563,-0.09236015763561722,,,0.6681743123749617,0.16433261973140567,0.10160193378338156,0.5307836853293346,0.05383291911360866,0.02623557765651241,-0.026417065784899663,,,,-0.155332424860135,0.1443234709050243,0.10090182531315084,,0.11851296863763161,0.020606592789027323,-0.04914523624637002,0.026014896323121928,0.015860318070809676,0.01583930949141865,0.07444410638616117,-0.04901557443791893,-0.0016328845909401313,,,,,0.3944712472044032,,-0.08724729573462042,,-0.024898971819639737,,0.7258632596983634,,,0.013847791015102473,0.7195221945783083,,-0.08922115616336568,,,-0.018472141726620928,-0.025573264638230397,,,0.026577013807162153,0.4478210277541006,0.0372584497957098,0.36915627071354096,0.11070826252291655,,,0.0913182423813359,0.02226002929359394,-0.042907697620518714,-0.028836557565092513,0.6064180535640058,0.09928675674677745,0.03291040856727023,0.06155451032906156,-0.09035711580980921,
2026-05-31,0.1510871522184356,0.030285817466402243,-0.057164871337442524,,,0.028812190102020185,,,,0.14228374511613606,0.4558943547170746,-0.019976138535479193,,0.021051901989134203,-0.0766603264343515,,,0.010117413966125977,,0.0702872209607619,-0.020368285704650768,0.009256408018542661,-0.034792422094167885,,,,-0.005523952596198867,-0.017567530013339216,-0.05627991728771875,,0.0018581183941541735,,,-0.011599067446390832,-0.015998012717017285,-0.04669717850476973,,,,,,,-0.013399468773842904,-0.08708016156795417,-0.05600861568889792,0.08253556595342859,0.6399326977005049,0.3160655117551403,,0.09232801735992568,-0.04748235279370605,,,-0.08084832684869303,1.0144053655740604,0.020787913789400925,-0.018505980557842583,,,,,,,,-0.07229153638306829,,,,,,,,0.1166834130816794,-0.10627058141478762,0.027438094031743132,,0.10471054153077142,,-0.01159041994984078,0.11018981611245282,,-0.03546217542225505,,,,0.29877822735693793,0.21380182293102967,,-0.0720481889786464,,-0.014027084349572116,-0.04444019264251209,,0.09930171945075039,,,0.0031741339662247903,-0.006884344013472488,0.1843592686437816,,,0.23392547027451527,,-0.017776206617706736,-0.04901397643998662,,,-0.08842791442578013,,0.03366518620300196,,-0.04225744391789732,0.005757152923365538,0.08737873356889847,,,0.24129574688134237,0.09134797790233162,0.10651617603697683,0.8775622219761785,-0.11105425899235843,-0.009214102721786688,-0.08108112293341696,,,,0.4083343470150411,0.05797470065579535,0.39897142232594396,,0.5708788252060337,-0.09022643333887559,-0.0032904295815632256,-0.023998922270426548,-0.05405411554791861,-0.06914394773845556,0.010209789416480097,0.12529647472723981,0.07457434832704157,,,,,0.3978172167713143,,0.024640070632954147,,-0.043393356943236316,,0.5457952644053343,,,-0.014477278117216108,0.306038808662622,,-0.050899377178151295,,,-0.009525498369995167,0.028290589643664488,,,0.14191757191298504,0.0930453760623069,-0.056426739713610896,0.026533138541375845,-0.02031872222914144,,,-0.008499385602809939,-0.026117722544441113,0.04717114378721865,-0.0045803880970977096,0.22252143207708297,-0.052033740951524576,-0.05164399393558605,-0.12096639770660866,-0.0523816708634921,
2026-06-30,-0.07274245453871897,0.1557963544425669,0.060046729412394084,,,-0.03767575762924824,,,,0.6064525119888502,0.12557643988456646,0.07521007235357158,,-0.11934679486514499,0.06527875827693874,,,0.1870531991052098,,-0.1531484658936927,0.0688216148477343,-0.06350851422628823,0.11000109572441152,,,,0.067240679315973,-0.07632344559054194,0.0076950074071933106,,0.05460715533252669,,,0.11167598918511867,0.21581978711898242,0.09647165689764381,,,,,,,0.06752520199073753,-0.08791018046302979,-0.02180238086486541,-0.17810395732841822,0.043967188301556215,-0.024580625943728562,,0.13706307643265103,-0.09152695932975896,,,0.17299454002387327,0.025064734878400774,0.04491801736315648,-0.04755469546079871,,,,,,,,0.0637044476890285,,,,,,,,0.1543427748457873,0.21391716250380788,-0.05400339543046251,,0.40996902327625495,,-0.05983206320284984,-0.009490185171780907,,0.12040514406270297,,,,-0.05570850982995135,0.21756195074330376,,-0.0634891226512807,,0.1271025106716661,0.09361524528603371,,0.570007744894018,,,0.03524494377540632,0.045994464048189077,0.08545705392076974,,,0.3628613625242092,,0.03971819188140735,-0.025274795911808146,,,0.06944641606944835,,-0.108611711384627,,0.04952570882492746,0.027736425995604108,0.09016221973871574,,,0.45312199634800576,0.004999977502166519,-0.17150856157139238,0.18876418311149634,0.016123041184471276,-0.14943991614076524,-0.16996042417732338,,,,-0.2017367806802164,-0.05123052301166564,-0.3509167830361414,,0.2106215558168658,-0.0510816156095133,-0.08021389977916038,0.02145442026591704,0.14732145040515077,0.15804552487679202,-0.048907843531267536,-0.2546952652815747,0.02835636703769029,,,,,-0.2611246057056156,,0.056050277395878645,,0.056325109387386885,,0.34144946056527803,,,-0.03948111445911273,0.09762225440644601,,-0.16532254324700046,,,-0.02100170547423419,0.0189895021489368,,,-0.034856243015127464,-0.024895293742470126,0.025000029802321633,0.09911352402639517,0.035638049624850066,,,0.05126240194470211,0.06380194605974432,0.10991196653308544,-0.11441120055427911,0.20270044068462245,0.10539129080414544,0.06577246985173235,-0.02151189103654705,-0.05879115894949227,
2026-07-31,0.06756296301144116,0.004316355911025527,0.17317481573336702,,,-0.07493008635496068,,,,-0.2978284673707272,-0.18033771856415082,0.06362529611326773,,0.1394645915293682,0.06163174546601624,,,-0.08858900270025849,,0.03052280773119076,-0.0031915630842598297,-0.0015244691143981859,0.08722364674262595,,,,0.08224855498522055,0.13398019773680359,0.14625538308641328,,0.02228260670692661,,,-0.053658221218011226,-0.23342895579309253,0.029171806997665417,,,,,,,0.04182034422449954,0.158907360998797,0.01917057509242004,0.1746457330435187,0.00039309666274922606,-0.008820773725339293,,0.015722802568038485,0.18743967785350568,,,-0.06567564683571792,-0.05891656512400456,0.023624528039347226,-0.0006233512581168554,,,,,,,,-0.02562656016334497,,,,,,,,-0.03534952877242248,-0.15709957750326142,0.030631708195554497,,-0.4587558304512498,,-0.0034697744415896903,0.006931187292394725,,-0.058750128682016345,,,,-0.20468686503025735,-0.354007062995203,,-0.11152184399599163,,0.009371173771967722,0.07956745208724669,,-0.39405384419323786,,,0.07776544321555279,-0.07815929259930343,-0.04217844238764257,,,-0.3237947985972368,,0.1177193913869492,0.0012209204225492876,,,0.09152495410188366,,-0.011681296165063415,,-0.050312640757288585,0.23780659713276653,0.013229521696119129,,,-0.37021629183432625,0.012142701699750624,0.24583136341252132,-0.28687195184510217,-0.009684432699191836,0.003319064879582001,0.004341702408527048,,,,0.1203666873949305,0.0032985604928095213,-0.11073488215029514,,-0.026948574093813016,0.030723773178397362,0.056790836469399864,-0.0073061194109649286,-0.0317514680659321,-0.0016255549899717447,0.06746884078513427,0.05476985934631973,0.05477863833676433,,,,,-0.20120137722010956,,0.13434884405489056,,0.14056582017073094,,-0.4657105432527042,,,0.06912049468923986,-0.11281863103795597,,0.13822771004630052,,,0.038547912472625345,0.14548426926176394,,,-0.26008086795299534,-0.07017882553817867,-0.024944608653103217,-0.0029594382098424576,0.07400736609847547,,,0.06715441375798603,0.2060713702606347,-0.039518459623235414,0.12442074416712345,-0.14698143561635457,0.03291185418702902,0.04610352240927962,-0.018188275839716272,0.13692228319054656,
2026-08-31,0.026587852979950588,0.021837933103582285,0.044087074708159646,,,-0.01434366304576562,,,,-0.09610543351666134,-0.011403954101408043,0.12263020304928585,,-0.04348625871756273,0.08505681074990301,,,-0.013378948023104575,,-0.04865393869238366,-0.018081744452834614,-0.03867863715165665,-0.00016147414943679106,,,,0.032089206011971516,0.059813416851312695,0.022967387170000242,,-0.014681177699056747,,,-0.001214172587581941,-0.021281067865421943,-0.034447335192311246,,,,,,,0.029938800590029624,0.10701931022049882,-0.008404332304036921,0.3995217944048197,0.21031121901542815,-0.04741788172511019,,-0.10073730357487154,0.05643967175402187,,,0.10501626879897175,0.1249229475748399,0.09529183628159488,0.11809959790022306,,,,,,,,-0.029699491934869315,,,,,,,,-0.06765355451337585,-0.0926596762225691,0.1238766623652876,,0.07783046121431259,,-0.047117638120926175,0.007384265029628967,,-0.012441273184306323,,,,0.05319770885631625,-0.007649610148076191,,0.06659496695303657,,0.0421734373436351,0.01202416318259325,,-0.039228210112748685,,,0.012330168615173998,0.023412288052632624,0.0083106419247847,,,0.02890583214912401,,0.028284806601297063,-0.026234132228720952,,,0.06159977580787945,,0.02807566076772039,,0.002195259682023165,0.1828678876308627,0.13486943743836743,,,0.12849225003848042,0.01378200351919534,0.0936585239403942,0.16487849330091287,-0.04556850194269502,0.3452138743772861,0.13024688448653943,,,,0.33048638880526515,0.09977585001332034,0.1482251537980721,,0.15158370354088713,0.005589020157844571,0.13794477505069036,0.004360091356306439,0.03150129467311502,0.004999965867761524,-0.03243208462421243,0.5145458197662445,-0.01844672538178982,,,,,0.15493528803072776,,-0.03159527151809671,,0.04656246503267325,,0.2896454712558527,,,0.06041944379825703,-0.03241331319481955,,0.11354836084509423,,,-0.146227814723647,0.0745255008336414,,,0.18232069120487493,-0.05378250198551304,0.07518477643033261,-0.06030399032124878,0.034009956447625944,,,0.038086943901350034,0.1470758083379018,0.1413121202373373,0.06857506922236967,-0.17306002357293326,0.011481936699085038,0.005043185140786166,-0.054666667950446945,0.04215235888311275,
2026-09-30,0.06018622994120615,0.03392863752386077,-0.08417905821084248,,,0.059744007024520096,,,,0.03459932556280987,0.3368032123848257,-0.05545732778241108,,-0.039996860954991,0.051152304062304976,,,0.049622917108850695,,-0.05222771474162613,-0.0742345118236778,-0.05284433435386626,-0.09079964958969411,,,,-0.20744310443167113,-0.06632968173122011,-0.07947908625407107,,0.0022815981177102262,,,0.0036469457843446573,0.0097558899804282,-0.008117283317252477,,,,,,,-0.0834459668773796,-0.02377544738977322,-0.05022834593429393,-0.07339015342612087,0.12411261224127434,-0.03185805693838861,,-0.0943456529107386,-0.002377051977369038,,,0.06112294962416276,0.17545669623951388,0.04780861036986028,-0.018503072400716802,,,,,,,,0.0948541720265561,,,,,,,,-0.04745164898648202,0.06289155274497538,0.02865314490442472,,0.03644186327332588,,0.009518317726834091,-0.09561175830389546,,-0.10217747998382198,,,,-0.029118731349788374,0.4231928985518978,,0.060128441710176395,,0.018168089002732257,-0.04904216615322565,,0.06645770227940839,,,-0.0004995146805035766,-0.04064359631039571,0.021751000323767977,,,0.019888962522064624,,-0.03941894854149375,-0.09423730027216026,,,-0.015599543963593088,,0.3596877593431851,,0.02190552944012869,0.047224913042233974,0.007400506130091022,,,0.22342439632768207,-0.0796924780438536,-0.018451015615285504,0.12704312090936543,-0.08161275067018958,-0.03575667860945475,-0.1151141453393485,,,,-0.06899119085672856,0.018349924506323,-0.06424357661443147,,0.020385754704896453,-0.07710557689046937,-0.0017568249708000971,0.003858858719926861,-0.07295489512346376,-0.004553644900697318,-0.03600292253961901,0.03331897892685798,0.0224239021879864,,,,,0.14569020668372357,,-0.09204253362747616,,-0.09406302913640896,,0.11930813159565035,,,-0.0747751390687531,0.09448101130665365,,-0.016994926113629627,,,-0.01702635140724773,0.10016211312047263,,,0.027150400605922664,0.03733084242714102,-0.08499669762698103,-0.031049126264302007,-0.08846910205732517,,,-0.030023418502934107,0.06670001958151661,-0.04065968900004213,-0.053978423395243724,-0.00021180463238268388,-0.011132766769634261,-0.048732481933286276,0.025936812435119805,0.007393615805963094,
