fecha,AAPL,ABBV,ABT,ACN,ADBE,ADI,ADP,AFL,AIG,AMAT,AMD,AMGN,AMT,AMZN,ANET,APA,APD,APH,APP,AVGO,AXP,BA,BAC,BAX,BDX,BIIB,BKNG,BLK,BMY,BNY,BRK-B,BSX,BX,C,CAT,CB,CCI,CHTR,CI,CL,CMCSA,CME,COF,COP,COST,CRM,CRWD,CSCO,CSX,CVS,CVX,D,DD,DE,DELL,DHR,DIS,DUK,DVN,EBAY,ELV,EMR,EOG,EQIX,ETN,EXC,F,FCX,FDX,FIS,FISV,GD,GE,GEV,GILD,GIS,GLW,GM,GOOGL,GS,HAL,HD,HON,HOOD,HPQ,IBM,INTC,INTU,ISRG,ITW,JNJ,JPM,KHC,KLAC,KMB,KMI,KO,LIN,LLY,LMT,LOW,LRCX,LYB,MA,MCD,MCK,MDLZ,MDT,MET,META,MMM,MO,MPC,MRK,MRNA,MRSH,MRVL,MS,MSFT,MU,NEE,NEM,NFLX,NKE,NOC,NOV,NOW,NVDA,ORCL,OXY,PANW,PEP,PFE,PG,PGR,PH,PLD,PLTR,PM,PNC,PRU,PSX,PYPL,QCOM,REGN,RTX,SBUX,SCHW,SLB,SNDK,SO,SPG,SPGI,STX,SYK,T,TFC,TGT,TJX,TMO,TMUS,TRV,TSLA,TXN,UBER,UNH,UNP,UPS,USB,V,VLO,VRTX,VZ,WDC,WELL,WFC,WMT,XOM,ZTS
2010-01-31,,,,,,,,,,,,,,,,,,,,,,,,,,,,,,,,,,,,,,,,,,,,,,,,,,,,,,,,,,,,,,,,,,,,,,,,,,,,,,,,,,,,,,,,,,,,,,,,,,,,,,,,,,,,,,,,,,,,,,,,,,,,,,,,,,,,,,,,,,,,,,,,,,,,,,,,,,,,,,,,,,,,,,,,,,,,,,,,,,,
2010-02-28,,,,,,,,,,,,,,,,,,,,,,,,,,,,,,,,,,,,,,,,,,,,,,,,,,,,,,,,,,,,,,,,,,,,,,,,,,,,,,,,,,,,,,,,,,,,,,,,,,,,,,,,,,,,,,,,,,,,,,,,,,,,,,,,,,,,,,,,,,,,,,,,,,,,,,,,,,,,,,,,,,,,,,,,,,,,,,,,,,,
2010-03-31,,,,,,,,,,,,,,,,,,,,,,,,,,,,,,,,,,,,,,,,,,,,,,,,,,,,,,,,,,,,,,,,,,,,,,,,,,,,,,,,,,,,,,,,,,,,,,,,,,,,,,,,,,,,,,,,,,,,,,,,,,,,,,,,,,,,,,,,,,,,,,,,,,,,,,,,,,,,,,,,,,,,,,,,,,,,,,,,,,,
2010-04-30,,,,,,,,,,,,,,,,,,,,,,,,,,,,,,,,,,,,,,,,,,,,,,,,,,,,,,,,,,,,,,,,,,,,,,,,,,,,,,,,,,,,,,,,,,,,,,,,,,,,,,,,,,,,,,,,,,,,,,,,,,,,,,,,,,,,,,,,,,,,,,,,,,,,,,,,,,,,,,,,,,,,,,,,,,,,,,,,,,,
2010-05-31,,,,,,,,,,,,,,,,,,,,,,,,,,,,,,,,,,,,,,,,,,,,,,,,,,,,,,,,,,,,,,,,,,,,,,,,,,,,,,,,,,,,,,,,,,,,,,,,,,,,,,,,,,,,,,,,,,,,,,,,,,,,,,,,,,,,,,,,,,,,,,,,,,,,,,,,,,,,,,,,,,,,,,,,,,,,,,,,,,,
2010-06-30,,,,,,,,,,,,,,,,,,,,,,,,,,,,,,,,,,,,,,,,,,,,,,,,,,,,,,,,,,,,,,,,,,,,,,,,,,,,,,,,,,,,,,,,,,,,,,,,,,,,,,,,,,,,,,,,,,,,,,,,,,,,,,,,,,,,,,,,,,,,,,,,,,,,,,,,,,,,,,,,,,,,,,,,,,,,,,,,,,,
2010-07-31,,,,,,,,,,,,,,,,,,,,,,,,,,,,,,,,,,,,,,,,,,,,,,,,,,,,,,,,,,,,,,,,,,,,,,,,,,,,,,,,,,,,,,,,,,,,,,,,,,,,,,,,,,,,,,,,,,,,,,,,,,,,,,,,,,,,,,,,,,,,,,,,,,,,,,,,,,,,,,,,,,,,,,,,,,,,,,,,,,,
2010-08-31,,,,,,,,,,,,,,,,,,,,,,,,,,,,,,,,,,,,,,,,,,,,,,,,,,,,,,,,,,,,,,,,,,,,,,,,,,,,,,,,,,,,,,,,,,,,,,,,,,,,,,,,,,,,,,,,,,,,,,,,,,,,,,,,,,,,,,,,,,,,,,,,,,,,,,,,,,,,,,,,,,,,,,,,,,,,,,,,,,,
2010-09-30,,,,,,,,,,,,,,,,,,,,,,,,,,,,,,,,,,,,,,,,,,,,,,,,,,,,,,,,,,,,,,,,,,,,,,,,,,,,,,,,,,,,,,,,,,,,,,,,,,,,,,,,,,,,,,,,,,,,,,,,,,,,,,,,,,,,,,,,,,,,,,,,,,,,,,,,,,,,,,,,,,,,,,,,,,,,,,,,,,,
2010-10-31,,,,,,,,,,,,,,,,,,,,,,,,,,,,,,,,,,,,,,,,,,,,,,,,,,,,,,,,,,,,,,,,,,,,,,,,,,,,,,,,,,,,,,,,,,,,,,,,,,,,,,,,,,,,,,,,,,,,,,,,,,,,,,,,,,,,,,,,,,,,,,,,,,,,,,,,,,,,,,,,,,,,,,,,,,,,,,,,,,,
2010-11-30,,,,,,,,,,,,,,,,,,,,,,,,,,,,,,,,,,,,,,,,,,,,,,,,,,,,,,,,,,,,,,,,,,,,,,,,,,,,,,,,,,,,,,,,,,,,,,,,,,,,,,,,,,,,,,,,,,,,,,,,,,,,,,,,,,,,,,,,,,,,,,,,,,,,,,,,,,,,,,,,,,,,,,,,,,,,,,,,,,,
2010-12-31,,,,,,,,,,,,,,,,,,,,,,,,,,,,,,,,,,,,,,,,,,,,,,,,,,,,,,,,,,,,,,,,,,,,,,,,,,,,,,,,,,,,,,,,,,,,,,,,,,,,,,,,,,,,,,,,,,,,,,,,,,,,,,,,,,,,,,,,,,,,,,,,,,,,,,,,,,,,,,,,,,,,,,,,,,,,,,,,,,,
2011-01-31,,,,,,,,,,,,,,,,,,,,,,,,,,,,,,,,,,,,,,,,,,,,,,,,,,,,,,,,,,,,,,,,,,,,,,,,,,,,,,,,,,,,,,,,,,,,,,,,,,,,,,,,,,,,,,,,,,,,,,,,,,,,,,,,,,,,,,,,,,,,,,,,,,,,,,,,,,,,,,,,,,,,,,,,,,,,,,,,,,,
2011-02-28,,,,,,,,,,,,,,,,,,,,,,,,,,,,,,,,,,,,,,,,,,,,,,,,,,,,,,,,,,,,,,,,,,,,,,,,,,,,,,,,,,,,,,,,,,,,,,,,,,,,,,,,,,,,,,,,,,,,,,,,,,,,,,,,,,,,,,,,,,,,,,,,,,,,,,,,,,,,,,,,,,,,,,,,,,,,,,,,,,,
2011-03-31,,,,,,,,,,,,,,,,,,,,,,,,,,,,,,,,,,,,,,,,,,,,,,,,,,,,,,,,,,,,,,,,,,,,,,,,,,,,,,,,,,,,,,,,,,,,,,,,,,,,,,,,,,,,,,,,,,,,,,,,,,,,,,,,,,,,,,,,,,,,,,,,,,,,,,,,,,,,,,,,,,,,,,,,,,,,,,,,,,,
2011-04-30,,,,,,,,,,,,,,,,,,,,,,,,,,,,,,,,,,,,,,,,,,,,,,,,,,,,,,,,,,,,,,,,,,,,,,,,,,,,,,,,,,,,,,,,,,,,,,,,,,,,,,,,,,,,,,,,,,,,,,,,,,,,,,,,,,,,,,,,,,,,,,,,,,,,,,,,,,,,,,,,,,,,,,,,,,,,,,,,,,,
2011-05-31,,,,,,,,,,,,,,,,,,,,,,,,,,,,,,,,,,,,,,,,,,,,,,,,,,,,,,,,,,,,,,,,,,,,,,,,,,,,,,,,,,,,,,,,,,,,,,,,,,,,,,,,,,,,,,,,,,,,,,,,,,,,,,,,,,,,,,,,,,,,,,,,,,,,,,,,,,,,,,,,,,,,,,,,,,,,,,,,,,,
2011-06-30,,,,,,,,,,,,,,,,,,,,,,,,,,,,,,,,,,,,,,,,,,,,,,,,,,,,,,,,,,,,,,,,,,,,,,,,,,,,,,,,,,,,,,,,,,,,,,,,,,,,,,,,,,,,,,,,,,,,,,,,,,,,,,,,,,,,,,,,,,,,,,,,,,,,,,,,,,,,,,,,,,,,,,,,,,,,,,,,,,,
2011-07-31,,,,,,,,,,,,,,,,,,,,,,,,,,,,,,,,,,,,,,,,,,,,,,,,,,,,,,,,,,,,,,,,,,,,,,,,,,,,,,,,,,,,,,,,,,,,,,,,,,,,,,,,,,,,,,,,,,,,,,,,,,,,,,,,,,,,,,,,,,,,,,,,,,,,,,,,,,,,,,,,,,,,,,,,,,,,,,,,,,,
2011-08-31,,,,,,,,,,,,,,,,,,,,,,,,,,,,,,,,,,,,,,,,,,,,,,,,,,,,,,,,,,,,,,,,,,,,,,,,,,,,,,,,,,,,,,,,,,,,,,,,,,,,,,,,,,,,,,,,,,,,,,,,,,,,,,,,,,,,,,,,,,,,,,,,,,,,,,,,,,,,,,,,,,,,,,,,,,,,,,,,,,,
2011-09-30,,,,,,,,,,,,,,,,,,,,,,,,,,,,,,,,,,,,,,,,,,,,,,,,,,,,,,,,,,,,,,,,,,,,,,,,,,,,,,,,,,,,,,,,,,,,,,,,,,,,,,,,,,,,,,,,,,,,,,,,,,,,,,,,,,,,,,,,,,,,,,,,,,,,,,,,,,,,,,,,,,,,,,,,,,,,,,,,,,,
2011-10-31,,,,,,,,,,,,,,,,,,,,,,,,,,,,,,,,,,,,,,,,,,,,,,,,,,,,,,,,,,,,,,,,,,,,,,,,,,,,,,,,,,,,,,,,,,,,,,,,,,,,,,,,,,,,,,,,,,,,,,,,,,,,,,,,,,,,,,,,,,,,,,,,,,,,,,,,,,,,,,,,,,,,,,,,,,,,,,,,,,,
2011-11-30,-0.4630562395416668,-0.48639196448635985,-0.4292703043346173,-0.37469362513199733,-0.429738893273741,-0.5849526939866007,-0.37217130834367007,,-0.19375327928046077,-0.6325457633304385,-0.6394197413074665,-0.42515824475054537,-0.3404163128224053,-0.48522999089233176,,-0.1608640946243767,,,,-0.5465962952388592,-0.4508318642708701,-0.4537616700876626,-0.4601235073200343,-0.015531390992630326,-0.2883288826509965,-0.25103174791446586,-0.47615784451605675,-0.5165181797515179,-0.4148216421001302,-0.2455943772441285,-0.440549425906071,-0.39790752579861893,-0.43373222160356584,-0.4750561247455645,-0.5054493140153992,-0.493549895254756,-0.43087135439489077,-0.294906816089531,-0.19631739956784894,-0.13795283255190494,-0.3179456574845462,-0.18971747405901684,-0.578351474883243,-0.4258545898898467,-0.44833959397972917,-0.48786188037015343,,-0.47064069945770914,-0.22653394608667538,-0.433800741178005,-0.4227748649063854,-0.0987006998235049,-0.22134225137749186,-0.47330443916007375,,-0.45970287600000687,-0.46090534322257654,-0.1080675129403421,,-0.1760838576408888,-0.32400433811510965,-0.11607720832124065,-0.10299434698693634,,-0.5779288344122961,-0.058935702814829495,-0.11542822256762228,-0.14488502170392645,-0.19498391297020212,-0.401481808359678,-0.3360585455964387,-0.09418179239832526,-0.480803256136459,,-0.4269539184568582,,,-0.1366019731697418,-0.4986314672355334,-0.46438521605392163,-0.1859801072250536,-0.4564097658226937,-0.3588966088990835,,-0.1797831502024687,-0.4735061144683726,-0.5634857948668528,-0.45991654251903014,-0.5199279634284947,,-0.4398667343759928,-0.4568452770061319,,-0.6884710076765669,-0.005995014460748318,-0.1955024979063788,-0.43390840222933713,-0.4580663152035105,-0.4684904370073514,-0.32949341453270653,-0.3598548110187763,-0.6373174672244142,,-0.44217449932425495,-0.4327897074469499,-0.3805278854203298,-0.24594389319917204,-0.4400038898005798,-0.13240783228085976,-0.523750189526537,-0.27628308352791914,-0.4503978582874097,,-0.44316682892502557,,-0.32482010749003887,,-0.5271739259933411,-0.4657086898119821,-0.7307531254980033,-0.46841067438089395,,-0.49327083037827596,-0.3195925869243954,0.07598932846068814,,-0.5128884417694475,-0.5418105432693715,-0.4996360609042787,-0.22158220708656395,-0.6530653398378649,-0.4276760292255853,-0.43385282099198175,-0.4392994741511725,-0.5355348812186128,,-0.5127192883218183,,-0.434853471704073,-0.258385631302851,,-0.2472046234152356,-0.42778558918046616,-0.4932276975738735,-0.3339423435359545,-0.435330223905924,-0.3136877898759432,-0.5456642007111101,-0.18857581035775325,,-0.31212876095460657,-0.14216405705823523,-0.5031138370857292,,-0.4130040561204537,-0.40814469853822655,,-0.38471068420728016,-0.4661845311467433,-0.48822681767577586,-0.38457437771581304,,-0.6448559230771224,-0.4785601758411346,-0.6054605497927179,-0.4547445898556877,-0.45142766672130513,-0.32854986276184545,-0.24871211488501088,-0.4481216780715814,,-0.5124669817969026,-0.42363491879445736,,,-0.4507422527788544,-0.44552125136935244,-0.42224998295396604,-0.39839313950969674
2011-12-31,-0.20880948917810271,-0.20295905253719276,-0.1940979144267223,-0.22384259012134197,-0.2517284985840653,-0.2580034139080818,-0.20415990059338562,,-0.18198439559446739,-0.2967052093228009,-0.3091217607948317,-0.19581972622804514,-0.20410159554336088,-0.2365909862909237,,-0.17888392762716737,,,,-0.2376073657097792,-0.22024599953402962,-0.23300327667666593,-0.21810596336063676,-0.08613993921265554,-0.18622117774086702,-0.18671826964399518,-0.22231966689410154,-0.24192199747499288,-0.18266587815895238,-0.06512114103041057,-0.19729920789218253,-0.23582081430230717,-0.2857366592170387,-0.22932673389979186,-0.24484185037753786,-0.2040914613561198,-0.25372490558814215,-0.15797403291426876,-0.20413752222028383,-0.11420776109338646,-0.2063191998270007,-0.10377172477632102,-0.22507239654930247,-0.20122035572643346,-0.2039719970984991,-0.22698305179028236,,-0.21933833727462246,-0.166854746798218,-0.20363813262012104,-0.19911728331034736,-0.0920066692640537,-0.15172572492016376,-0.2409547504693654,,-0.20881962657353076,-0.2240344171578952,-0.14272982023567576,,-0.1373942069466919,-0.1856626454755995,-0.1382336714462465,-0.1192083948379363,,-0.26039450830374183,-0.11016780273296184,-0.13055352643344342,-0.19363021095175859,-0.12726736743577804,-0.27270325640828963,-0.08129251584049871,-0.14811044596006484,-0.2282168009660309,,-0.20157515255617708,,,-0.0961394060543097,-0.22639506293515815,-0.22616162398302947,-0.14770137201245687,-0.20852871182474175,-0.2216664153151542,,-0.14359901529365157,-0.21260102974295966,-0.2634273950341346,-0.2607586060811386,-0.19451643615396114,,-0.1913972837751509,-0.2108390164172363,,-0.23663061677098554,-0.06480020523944716,-0.2701178216868401,-0.19293759908580896,-0.21539045416484529,-0.19165340771119235,-0.19782862682052257,-0.22021943301043953,-0.30305883199501105,,-0.20997125702777608,-0.19051354521967118,-0.17070276707350363,-0.18544091428284618,-0.20806526960711388,-0.14120668419837534,-0.23291099099076645,-0.14746968659085413,-0.18137333854607163,,-0.18939441646581653,,-0.15284902389309546,,-0.24226224693984433,-0.21067787496568677,-0.3311869087881237,-0.2039330751720686,,-0.2306021165788902,-0.20399561247354306,-0.06389148395587634,,-0.23666433231734757,-0.2551244611702519,-0.23658760112550678,-0.16063149596810192,-0.262278850343772,-0.18930823647910758,-0.19351115973306182,-0.1867265617166018,-0.208088036102957,,-0.24062308542843097,,-0.19808381092146266,-0.1366178326080691,,-0.07111883836327497,-0.2758066579069627,-0.23393210993791938,-0.19691654599795813,-0.20841858365693813,-0.20007517465981353,-0.22863017024912308,-0.19607059114444766,,-0.19190394434646377,-0.12058531867845114,-0.2326505101950697,,-0.25701684433444255,-0.1832642408073652,,-0.2532612285023607,-0.2128680101953795,-0.21462642685871622,-0.21866806779196568,,-0.27136912857187023,-0.23395044119961175,-0.23827611235758472,-0.199009127439369,-0.2142108734999624,-0.20524667863937393,-0.12952124592794123,-0.2107204048571666,,-0.22809510646179373,-0.18736243837661817,,,-0.20649221110524887,-0.19068152067350028,-0.19832346420383562,-0.28757840575966703
2012-01-31,-0.09707597678340946,-0.09814853403192561,-0.11300516277432507,-0.23590409819736066,-0.2615172281617753,0.04619104930001677,-0.172928972504361,,-0.3625534041781036,-0.07011346345468021,-0.17675390940653038,-0.12408606477208467,-0.23112427465954194,-0.17154431420268865,,-0.2397708399700053,,,,-0.10347514248133652,-0.14351919821903095,-0.1611767906588278,-0.1024452752768963,-0.18415502578196363,-0.24635048281586375,-0.35623464944204836,-0.14607776950385373,-0.10935606326759059,-0.11049695516878645,-0.010545293697603316,-0.10987635598415381,-0.11009000738267291,-0.1010698872951965,-0.11941872845994514,-0.16938070533962168,-0.022617664021500995,-0.36215613163949545,-0.17450155314779286,-0.29087320202773254,-0.20267860651188746,-0.22756673546878736,-0.06125536974629975,0.12266637016998119,-0.08866225649096786,-0.130285756146997,-0.11268525165622811,,-0.1345152987747692,-0.1627515796596816,-0.13753229836927194,-0.1090674503084508,-0.17874572155422785,-0.25728956850175455,-0.15684790810090657,,-0.12293793384117084,-0.14055773314941294,-0.265991809958602,,-0.23752344813585977,-0.16614612775227425,-0.2879611986060139,-0.3052817870389256,,0.1140220196906466,-0.15004084504195894,-0.2841283195128275,-0.29121850636211305,-0.1979319924180326,-0.40190595967962706,0.1380393724432871,-0.36802483834245414,-0.09793585840254272,,-0.13685917837092776,,,-0.17856088654275223,-0.14487386908279032,-0.1269221654359198,-0.2452258445620839,-0.11986423670262576,-0.24728178271286264,,-0.25263495009559184,-0.12112238974172919,-0.1965145868383212,-0.2588493026639619,-0.022195755334069683,,-0.11372623328461864,-0.10255059832580499,,0.12530081794558287,-0.19350009354221567,-0.694091561249737,-0.12370294480577945,-0.10187618868110276,-0.10492285648540894,-0.22434329370293146,-0.23357045683437128,0.015320801499209261,,-0.13456632363135618,-0.11243489499103548,-0.2993636279340175,-0.246833414515431,-0.15440872809954995,-0.26792742703659017,-0.12246396257050625,-0.18042998069855984,-0.09403941312310894,,-0.10939883124378925,,0.049873170420520516,,-0.09634269508001411,-0.1177815746951888,0.02485085162112061,-0.12418856131762095,,-0.12167775112164485,-0.24105380674508034,-0.1240566022432786,,-0.09747901151837174,-0.10793714196162503,-0.15983078247378268,-0.31559676375613754,0.13928446021076032,-0.11487355074452837,-0.11116534498959992,-0.10122526468148164,0.11904701853051572,,-0.12586425601637868,,-0.12439759197837573,-0.15151838067342052,,-0.14066027271971965,-0.36390642705160187,-0.1270937233094522,-0.12366949490397167,-0.1389726793676276,-0.23739219007454404,0.04005067158371344,-0.32688919893600754,,-0.2258305248461034,-0.27695447282302704,-0.09908423526148097,,-0.28333035143469754,-0.10221358375473978,,-0.35427165777513475,-0.11591378446242592,-0.12297541214726143,-0.2670325453882341,,0.11023432576971975,-0.16587749045501995,0.13926690542713752,-0.11033687509927623,-0.14036320916308018,-0.23676648219109808,-0.14643741058064946,-0.14358622396412002,,-0.12615682997268324,-0.11696905126628994,,,-0.10080356174200543,-0.10821188170467351,-0.11728976673376941,-0.381375429457126
2012-02-29,-0.2543629591895639,-0.23962533687364,-0.24365388535010338,-0.18396805458453883,-0.23753799363820574,-0.15250129372293147,-0.22217672867466573,,0.08884873068982654,-0.26854156425284204,-0.36205141435218996,-0.2373601623618411,-0.17162548300287142,-0.2900354376715206,,-0.03929643213134624,,,,-0.2711821482146962,-0.2179069376708848,-0.23380352588171988,-0.19129096716576902,0.08650226582989726,-0.06715419678130241,-0.05278010243205197,-0.19892806327576112,-0.24705014634361872,-0.23268849693491575,-0.09304440121916449,-0.23189419108827564,-0.1595108734183929,-0.04353017079798848,-0.19318689116594462,-0.25020373242049565,-0.20894099771802208,-0.1718404626719904,-0.14909033435355604,0.06237108261406328,0.012876539994221359,-0.1269472701046937,0.01412873073650913,-0.17123355504878415,-0.17922311338849536,-0.2629071857654086,-0.2509357292048706,,-0.23693195273434137,0.054089629771720105,-0.23676542064833017,-0.18361674018991597,0.0759095529531484,-0.03113959954664491,-0.27187254397084964,,-0.24503081458310838,-0.23076757457337047,0.06786743880436706,,-0.09170552467342533,-0.17186534693883465,0.0301425842220455,-0.028006551448929665,,-0.18107160569809075,-0.022093355052280647,0.07839509051763904,-0.017916312990733655,-0.12388580822239116,-0.12060477778389934,-0.0783082537155136,0.17687403721445588,-0.2201979233185169,,-0.23962646519335584,,,0.10008876071315059,-0.28179770476816873,-0.19884426391925322,-0.03194976954465169,-0.25785051133738823,-0.16323531962508878,,0.003563607768996566,-0.24956618255171797,-0.3355688214708233,-0.2774383897802532,-0.279986797587107,,-0.24625502220353446,-0.20504812396589986,,-0.27952861051075195,0.10501744557635008,0.2634726306755396,-0.24395959372311363,-0.26365564846596246,-0.2918253521251773,-0.15278886623051327,-0.18585485803893306,-0.18965763750691014,,-0.23345255948159863,-0.2435260120290386,-0.14365585752363472,-0.09487118407156177,-0.24002133414260265,0.11763407363788321,-0.2800441952253065,-0.11567558122538775,-0.2662997204175776,,-0.24363091478031323,,0.029519348606876303,,-0.20570535427662143,-0.24374474670036714,-0.1404250016266033,-0.27145898501153504,,-0.30782889834101895,-0.14835508225801125,0.3006009137695094,,-0.2902997289447509,-0.3071735925494055,-0.24934785942137602,-0.035384002878949175,-0.16220901896453993,-0.23871023711871228,-0.23466969672256702,-0.2519997333942248,-0.16128491526033625,,-0.27202688330066704,,-0.22341376456956968,-0.07969470778547964,,-0.29435315816791546,-0.25236096692221877,-0.267638395147416,-0.09440249502089536,-0.20375999549019772,-0.13686490287915573,-0.1717701659166093,0.025419737946010677,,-0.11318286283707757,0.021361393778020068,-0.25166622245283893,,-0.22962386380743316,-0.2091853072144357,,-0.28085882591708966,-0.22324039707567156,-0.2612510972550088,-0.24831436853702687,,-0.16617571933713401,-0.2603358227774466,-0.18852437259560137,-0.25304781211397936,-0.223912120022355,-0.1399087644923058,-0.07352524113121038,-0.25290425793975524,,-0.23857373861801603,-0.23332185075376624,,,-0.2020264239480417,-0.2640207768949353,-0.1910309170372074,-0.24915014908422495
2012-03-31,-0.0725535119289313,-0.04729339406339731,-0.1038991200005073,-0.11006761239492206,-0.13230091481557543,0.26063552000180384,-0.13724359324514504,,0.0009294600838614696,0.1095297143592663,-0.0538029120419484,-0.10196190615100513,-0.13531178188402623,-0.12321782468754611,,-0.08124152348609864,,,,-0.022222130824169486,-0.051358473757686846,-0.06718658356590555,0.012243205834288217,-0.07369571778765381,-0.03638433270855724,-0.11974653954384241,-0.011793111613064155,-0.011463275795327257,-0.10626797923907537,-0.08321688400533149,-0.07656844016718879,0.01180596615370092,0.22528624069315806,0.01902989804220153,-0.049643164029320584,0.03729921928358137,-0.0753166107025689,-0.13053768944991984,0.024889039252181423,-0.08927098572940778,-0.08519350131435932,0.05149017215068031,0.24776478062287705,-0.001134474905822437,-0.1172013225943988,-0.04882892749294539,,-0.057721940710684906,0.11183429043354183,-0.0950751357340325,-0.024400232757024784,-0.041528170246961565,-0.08307264050329363,-0.09155612797647503,,-0.07954912445249561,-0.05764288556731759,-0.06626920787024783,,-0.18181987320843174,-0.11848973896457421,-0.10170693136968458,-0.21029079891517377,,0.2572706983630214,-0.13272047172077536,-0.04821251026529458,-0.07494221000889413,-0.20876794548052677,-0.039559852401723695,0.08073912788294609,0.00677899838615771,-0.00229658281852309,,-0.10366741918031835,,,0.0009296207208166164,-0.09721132766746245,-0.0022440535794166316,-0.09452282494213951,-0.09406589520978204,-0.1017597889275765,,-0.06915165393221033,-0.06915821850351726,-0.11404544549722255,-0.15160875029182144,-0.03918165094850075,,-0.10236945865178744,-0.014121262854112563,,0.19449444074535133,-0.09204053776146821,0.09202822905287134,-0.10854109187592602,-0.08188156976094907,-0.13535940770076313,-0.11596848048759212,-0.12151170644775315,0.27157866675434417,,-0.08154367644615078,-0.10427786779931938,-0.13982534722802215,-0.12098312821205351,-0.10550160976406807,0.023110930058046434,-0.062313715820472786,-0.11301259691831841,-0.11550670325529043,,-0.09603601430528781,,0.20772978573396086,,0.057804636641621464,-0.06937675050491057,0.42997249258625425,-0.11369623977891369,,-0.11645495485822388,-0.12133847200220806,0.10061665588334222,,-0.06459394520417248,-0.05583038516059605,-0.056330135583292536,-0.11259602393537799,0.34785967749154945,-0.1040713711089492,-0.08806342180148924,-0.106877876101195,0.21165616318232947,,-0.05584260707618915,,-0.07785112547421898,-0.07044609759539174,,-0.3963356072486881,-0.18845162111178554,-0.062464847405616475,0.002461302859165494,-0.052090951059095864,-0.11232878861446537,0.18092201255979018,-0.04075516329454935,,-0.09013688022354843,-0.11230004164567772,-0.028133872390137916,,-0.1427943574137386,-0.07634745582415643,,-0.25991735485359824,-0.03807003558694473,-0.07952607368143173,-0.21390582475804307,,0.32755944617359795,-0.0856512295100657,0.26096348456103513,-0.09111671688149822,-0.06267488202401368,-0.1026096449634372,-0.07321443121673364,-0.10647227456251163,,-0.028594809580920047,-0.10198375780008553,,,-0.017445031067502927,-0.1179755731831882,-0.03911513651378578,-0.20353120762550864
2012-04-30,0.19959269744800265,0.21906149555712298,0.1458691192403805,0.13262440255299773,0.1420257731479843,0.6114825547415658,0.10491259959768498,,0.1370796559753539,0.4855915198576624,0.3238059887567703,0.1490845165964092,0.07862228626557569,0.16461516990551522,,0.12107297593467012,,,,0.2820237310012158,0.2197581517145812,0.21532751268110184,0.2914167820243811,0.01591774128868268,0.18663611597990867,0.058065657899668395,0.26257778372809504,0.28825615977626323,0.1340290694662035,0.0404846846381543,0.17871737728432263,0.2744384850216295,0.5243283656839064,0.3069951101225403,0.24999622104232255,0.3101717732010933,0.23031402637282058,0.06545097059258169,0.18341675178659597,0.020835665330128383,0.13200442896782702,0.23457299355111844,0.5814345208686447,0.26006791937030505,0.14243193204363683,0.2348116545976643,,0.2188883306065562,0.3209554907591977,0.16433051096135345,0.22843629702058654,0.04276949537592409,0.07705710311552702,0.2057032873638635,,0.185245388741084,0.21684831259367918,0.02650948255040555,,-0.023398708644476778,0.09663685945518138,0.02431286333442654,-0.10257206244203318,,0.6135427434256012,0.008500478626789801,0.06593529129818668,0.1386614340507027,-0.06814846103734085,0.26321516235043135,0.2339619619922096,0.08017250874371817,0.28623426581657896,,0.15440008924451792,,,0.06866681219360693,0.18872846747746283,0.2801696102370956,0.07200718753971637,0.17446906499848347,0.13515117439822102,,0.07839933819498886,0.2061052622806007,0.21906977060275787,0.1408624923889902,0.24009982351682035,,0.14817697699011745,0.2582720144178193,,0.5628590007907232,-0.04202921031120774,0.22118320657359986,0.13944235842813374,0.1987152511288968,0.12470705117883495,0.09764792493811836,0.11969541438832437,0.6698897269729555,,0.17965848191232847,0.14318915936127133,0.04685192765939489,0.061626008600941216,0.1493534142255377,0.1374144063545288,0.23313959303815404,0.06874034750789086,0.1365696944754382,,0.1541600668466132,,0.3799114190472655,,0.36356754725892815,0.1988022933263214,0.8763323916430508,0.14724540108813527,,0.17649122755339658,0.0925836647638882,0.07364146500847962,,0.23608155778277912,0.266408217897657,0.23315359469903196,0.049180118791765225,0.7247864008388594,0.14078387322342512,0.16345684045752676,0.14169764677787056,0.5164364607463339,,0.24121983436201702,,0.17368559985882912,0.10422641537562045,,-0.26229279090757046,0.09433184585309065,0.2362919638605815,0.20384199644002166,0.20522180942321577,0.09678438400229136,0.4992300443363974,0.12786330316881547,,0.10280393497230454,-0.0059072708872378804,0.2632171179966323,,0.12685407520280412,0.16233674449411528,,0.00943530862894939,0.23476732784038323,0.19102580283142354,0.014165761081664854,,0.7047435759712041,0.20379574518987,0.607737413058828,0.17163493458368767,0.20319131714795657,0.11214828161319396,0.09272917407281932,0.15642399508626476,,0.2507701150233162,0.1412967847256738,,,0.24976839097018408,0.13545484738823918,0.2127608951703716,0.08070490898075353
2012-05-31,0.19319109387439878,0.18330826754459964,0.16162770192854184,0.09719304428878521,0.11792057817369785,0.3477114056094959,0.12730043478792233,,-0.08033210702627543,0.3182219874851722,0.26592981142543987,0.15672133469390723,0.07078689195527925,0.17390498660705325,,0.049658277041006435,,,,0.222506942298222,0.1689463260262469,0.17351687325819257,0.1965560101194287,-0.04219917887543284,0.05824199390633916,-0.039399221597537434,0.16830211792972755,0.21822459774386294,0.15105949716638645,0.07200828449609488,0.16782651357040898,0.18995860161856346,0.23765776298384822,0.19741361252117193,0.1846160040480232,0.2317096301178015,0.07908236367102127,0.07139615593273038,-0.0094163019721093,-0.028698618713420332,0.07550931322775911,0.10235007997116245,0.3664897335021987,0.18495810954435712,0.16311283350930106,0.19922113371445183,,0.17776272525790468,0.0863036712091935,0.15804731039977768,0.16595618148558924,-0.04487620965815235,-0.009191544816820864,0.19157818705224502,,0.17199956395369667,0.175024936818365,-0.06722302866152444,,0.0005471390291863673,0.10289616702911783,-0.05594438140497979,-0.08504859922037172,,0.3951637897812636,0.030847978411855822,-0.06854190693184946,0.0342263008254811,0.006515347050057043,0.061238018967842436,0.18381211857796872,-0.14474379310492125,0.21113126848272515,,0.1570577731889217,,,-0.05889002338072463,0.1824131581917692,0.18825463709519258,0.0031781574949654996,0.17736322136521934,0.08499072708048475,,-0.01882364717233333,0.18207960227642356,0.20296099769724654,0.13748414969359754,0.23433767896959104,,0.16001583266844047,0.18893927370141717,,0.3981791136802337,-0.08775469778972421,-0.25130766706163327,0.15310903154176142,0.20050615358464996,0.17307944331070033,0.0714136319555684,0.09680680358229933,0.38447255238062866,,0.163400179728542,0.15835877119197522,-0.009649866322768328,0.031204883798287137,0.1463974460757601,-0.05690333891818163,0.2042790819234647,0.05176785087015226,0.16863129994195375,,0.16106836714438127,,0.17381319682227686,,0.22792526259976362,0.17803733092585408,0.43100977657870676,0.16690278913743006,,0.20508628360611691,0.0649250721970331,-0.1096060339599649,,0.22600620508886177,0.24358667647717647,0.17916900107836464,-0.03836175984143001,0.42102008416337394,0.1544575445844485,0.16303292027952027,0.16414797821938515,0.3369037168458636,,0.20729699768211887,,0.15664337528904362,0.05793287434593464,,0.015183245967061759,0.07529662353056989,0.20573704569867607,0.11849326012738494,0.15605267748349758,0.06146128806382198,0.3094273216509651,-0.02463564744554828,,0.0513033577198257,-0.07346630209288649,0.21482956010892232,,0.10448398755085234,0.15427560843220448,,0.06463488328708868,0.18259704562129717,0.17804666691828597,0.06791909324114567,,0.4088170850713158,0.17618394627186143,0.3915242884433302,0.1741536682316144,0.16435867854512184,0.06770232365295879,0.05140198469755458,0.16026790530366258,,0.18634886136862777,0.15110440738837858,,,0.18430101310619493,0.16568986648891132,0.16037975308180685,0.07307014987720267
2012-06-30,0.122587525324588,0.09488615197191931,0.0893236481510256,-0.027243036007033698,-0.006198364597858354,0.245710153206213,0.04511975159915976,,-0.3272015393491026,0.21473853055325723,0.167133065667122,0.08013914192474958,-0.05130269091578063,0.08741336012296273,,-0.05734259761017301,,,,0.12939108504845473,0.06958041722681696,0.0765689664793942,0.09791187039437702,-0.15487988224826618,-0.08410910321337309,-0.22656031215579567,0.04994320547181927,0.1218085938776399,0.0794266511794936,0.01686838483389489,0.0881125850140878,0.08812265013857266,0.07430095336205887,0.08926215888490859,0.07557881995171928,0.15166192598896733,-0.09078594812848695,-0.020263596597809214,-0.2199213086352346,-0.16354833737087407,-0.055255669669562364,0.024435415751934267,0.2996390783523571,0.09571657937166403,0.08815937131102818,0.1122763084077253,,0.0841359557193591,-0.06080004302328236,0.07528887446960335,0.07058653831812293,-0.19030392158746953,-0.1626264789298746,0.10949553500394013,,0.08747118896873503,0.07860000335868121,-0.24924784984639312,,-0.09751828599736183,0.012887935089138608,-0.2140072749310169,-0.2198378626510895,,0.3309768808943026,-0.023669944895483155,-0.2502911146285015,-0.08981462808388047,-0.07877204266704865,-0.1378253573271439,0.1374558420892708,-0.41086963610006877,0.11966634252817328,,0.078617778176931,,,-0.2400147848243707,0.09650146165211633,0.08318887013836386,-0.12729985723783493,0.10273484478024217,-0.04760607153896298,,-0.17262112836970234,0.09817833874517727,0.11032068464693447,0.025382971775495252,0.18098517669915157,,0.08534280048902107,0.09669464032889681,,0.3475437030437966,-0.22010225652791696,-0.7040955502845837,0.07530504043538194,0.13686163276358396,0.1138766788460628,-0.05091300278971405,-0.019524084413846045,0.2775585492374636,,0.07556670745182575,0.08461973742984219,-0.18480172660807156,-0.09978877701612895,0.0540917330761447,-0.2615564417952094,0.11630549098276544,-0.052564660273790684,0.10794406138868118,,0.08551586773984994,,0.04619349314203465,,0.11505481510876199,0.09300309493164341,0.2801499956734261,0.08979421592324999,,0.14212135662278322,-0.0617971173531442,-0.310714516770368,,0.1560212558956237,0.17083714602139705,0.07258855838860531,-0.20905257050052833,0.3334514301819147,0.07909220403855398,0.08630017298633863,0.09640345387594382,0.2737286120910144,,0.11792069625094659,,0.0692145326921316,-0.04672217354728558,,0.014376569336720397,-0.07458476227526971,0.12490462611221624,-0.007541195626877268,0.05505122391291986,-0.0680077450186259,0.22379292094613373,-0.21894872462372825,,-0.09001159878888812,-0.23950997312040986,0.12786281397674046,,-0.026332032852605745,0.07641704488842518,,-0.05140475714679918,0.0902705039623419,0.08987279964597317,-0.04639876954335922,,0.3154034911338638,0.0823340183885782,0.3284061954571742,0.10087071365535172,0.06761858232233062,-0.0652691647847166,-0.05254652537725426,0.07658393256808756,,0.07718005639885014,0.07420338829080696,,,0.09257719209034172,0.09982187326365954,0.06589454728192133,-0.07373622856201764
2012-07-31,0.11662574789333618,0.1047724173932733,0.09224997420740377,0.02478958402229208,0.04477723384978437,0.2164103992753245,0.05968466720942714,,-0.16263613984151792,0.20544869877601743,0.17343937260964593,0.08493723514610003,0.009126922451450732,0.10160196303877783,,-0.045922907934388586,,,,0.13738629479214148,0.08663965035851898,0.09091522124700234,0.10317530314565154,-0.11897700914022136,-0.044426559486146246,-0.1172618009786381,0.0795075013974105,0.13250329817763434,0.08140204082970771,0.01255861357920931,0.09292594023512561,0.10950502909400943,0.1239598115538989,0.1016244928159127,0.09731115069485276,0.14596774175200491,-0.03953489850878509,0.0011341891137541063,-0.08800574163024448,-0.09267895586131772,0.0018796240657424372,-0.014166573186037635,0.24296101790231234,0.09594681437590348,0.09405359496539208,0.12003984296779714,,0.0958747446748904,-0.038112797651656816,0.0823113182427578,0.08222532961519877,-0.11253194434247256,-0.08803957663426384,0.11059594204226761,,0.0972187234749514,0.09507179740208123,-0.12214288755555931,,-0.06724267944325993,0.03626940862302601,-0.13076541638597855,-0.14129845034824554,,0.2720256317596447,-0.04659199675687037,-0.14914075265056134,-0.07171965010655684,-0.04196618192565643,-0.06136222754972831,0.11420601376740684,-0.21510162570049457,0.12227377852881553,,0.08219926610789788,,,-0.11802623824425064,0.10657207163790512,0.09627164287134413,-0.08122775892322483,0.10289496284687905,0.010408867279684457,,-0.09951453170647602,0.10207794514045018,0.11689219332032419,0.06410355477117628,0.15642008693153078,,0.08933867406985077,0.10084305482560359,,0.2788885309784607,-0.14871264233010376,-0.3517532774219883,0.08394901600383674,0.12238874487785888,0.10661253961302385,0.0031007085872683466,0.024608980346789707,0.2437087580819688,,0.08847208107217996,0.0891168759918397,-0.07675802147578385,-0.033773699168244825,0.07584259138402756,-0.141404834437032,0.12489370332140046,-0.020636766116370196,0.09828962191979604,,0.0893740162702186,,0.09027851724950364,,0.12844582500979182,0.10146791752471009,0.2540584551777025,0.09915084517615828,,0.13356199948690212,-0.0029091043263145214,-0.15422927472375,,0.14843070719135332,0.16099743502681876,0.0963856480552401,-0.11711862985985859,0.2793961014873262,0.0853921103531715,0.08995308442423873,0.09506566511585278,0.22556620759210855,,0.128065538120458,,0.08204364580333406,-0.020698689140774527,,-0.00897660861803667,0.003640576896165626,0.1211643111168748,0.05137410620956376,0.07598573965379271,-0.00695774403364365,0.19443266512147594,-0.10790406827935965,,-0.013358444887863374,-0.138492003804958,0.13321514693212175,,0.03413419282350021,0.08099989888069023,,0.000923717914487758,0.09857890285353257,0.10520522133912573,0.01798913799993586,,0.27027256746748984,0.09465159340106431,0.26894144240638723,0.09928823926030661,0.08501888740190132,-0.0020421568292307447,-0.024829201808123376,0.08847991043876811,,0.10695630566691068,0.0809596263396397,,,0.09764502113328813,0.09708897777049351,0.07830939001997077,0.003910802983287561
2012-08-31,0.5041279793842589,0.49350945223373716,0.4707102544359922,0.2634382275579526,0.31070541933407875,0.5546563193582266,0.366773832156495,,-0.22229067814345654,0.5880536432328735,0.5854118147531435,0.4450278778406803,0.2612749830950153,0.4764923262559995,,-0.03501441401625499,,,,0.5425619291032557,0.40740578797203447,0.40571380645839045,0.41292351149237233,-0.1311479916558834,0.01871231099011685,-0.07683369299250016,0.3860903548470414,0.5067156389595593,0.45063251365443097,0.34778710767652193,0.4586612555112993,0.40333143275950384,0.29622098874528874,0.40100497732994433,0.4253514578329552,0.552414774446305,0.012239584096360062,0.23856331927179075,-0.0853280723074913,0.007616627197883778,0.19332531461398378,0.05342918995604329,0.6587140262490448,0.40648373611954247,0.4786693855702569,0.4994393981723748,,0.44113986521136794,-0.06081767991264284,0.42615091206042194,0.3955103907732996,-0.049222335644875645,-0.008222899352237833,0.45621694110485117,,0.46856025669639606,0.4338741616164934,-0.07642312965403292,,0.057647358193336405,0.3086377503120084,-0.13487661969219203,-0.08534161702902225,,0.6816249243351703,0.021001981996464747,-0.18485186490179362,-0.14024391116744242,0.18515745452467797,-0.0831387354347015,0.5508294900046391,-0.325201854357876,0.4678234370815163,,0.4267635999653629,,,-0.020887395588548414,0.49326730302364546,0.3988455673756054,-0.027142007765446795,0.48026147537561853,0.22009000397517708,,-0.05582200598520598,0.4682472057163463,0.49210056307282785,0.36071942894930153,0.6277325314411267,,0.4706709307394453,0.43008077786073173,,0.8055677455136612,-0.13099560655855608,-0.7452705681374218,0.4591985587252429,0.5025477613947122,0.5376095975669569,0.2287527178515482,0.25880984315546424,0.5711336577595747,,0.4384940241106752,0.47065663479534997,0.13376584266531347,0.12347205425856068,0.4276943697919837,-0.1860864766579464,0.5267690361566173,0.18619800603243924,0.5073987440392798,,0.471524611493143,,0.37526422220861455,,0.46159554570695177,0.47329438306112726,0.5111964681454633,0.5049438784780004,,0.5531295743242367,0.20602166485102483,-0.16627919408502945,,0.5683578989405317,0.579176553787941,0.4408780399548531,-0.07233938035190886,0.6842508600754174,0.4615981119857812,0.45817479368198305,0.49116713917092736,0.6497756955603295,,0.5182351335520404,,0.43337619180198694,0.16483666342520437,,0.4231728778091649,0.21204384549814007,0.4847800460127604,0.32190180028326,0.3941216515312374,0.19567391202850812,0.5661830102807728,-0.12891057882118254,,0.19822025674043262,-0.08862565854878014,0.5214638201379062,,0.28194185970942814,0.4325067376690689,,0.22953581331556833,0.4426542730209149,0.5021985007858949,0.3314149047869412,,0.6618180606837722,0.4326011498632264,0.7162497179394153,0.4801381716502748,0.41960914277570555,0.2053763145301572,0.1642301327974033,0.45227982236012365,,0.4854300940811344,0.4489743473952567,,,0.42832114476663585,0.49753067190301536,0.3939322053969342,0.1902067572092694
2012-09-30,0.2793539068703293,0.26421866724598153,0.26038103522419725,0.12695066418119458,0.15527679368755606,0.2849193470850068,0.20190851062166493,,-0.1971507479500863,0.3092317259044457,0.3165603641120835,0.24518090405106385,0.12505444067488955,0.2605506399595115,,-0.023302389170057718,,,,0.2895781546880847,0.21453080617400755,0.21627916989182122,0.2162654487740994,-0.08631038966825759,-0.01098685106402341,-0.08377101434159535,0.19352491977746258,0.2681323675761256,0.2498048965025727,0.19385471180771746,0.25020939732766895,0.20615292686946673,0.11559359616019259,0.20604839669696123,0.2219081851121206,0.2955739577980662,-0.017346810053687052,0.12744988718451455,-0.10924578568898932,-0.022973899945977788,0.0841991271766897,0.03201142787956628,0.35481342011601297,0.21626773025357332,0.2646688547858477,0.26894128990528166,,0.2357066703772833,-0.06144089049783562,0.23305376825266255,0.20773940870213203,-0.06153382700540092,-0.03492303632650273,0.25181271953457796,,0.2538918626430745,0.23003799625734836,-0.09334061974564026,,0.029260982801333435,0.1647614235402707,-0.10573129321320494,-0.06626892133972395,,0.3683572035179566,0.02725209277425196,-0.1458621882494301,-0.0849138594290181,0.10003637788782176,-0.08311876257369608,0.298660930232907,-0.26632148566923036,0.24918376677213966,,0.23564943455238915,,,-0.0677665824927037,0.2687477448021105,0.20665570412515866,-0.03251890044420321,0.2656416326468377,0.09980453884027746,,-0.06158229483029986,0.25487169859810893,0.2703632541223663,0.1894810908484841,0.35153847584107517,,0.2595256203041404,0.22866532455512378,,0.444689585089754,-0.09882322788135225,-0.5715261304893463,0.25196583932322036,0.2829202768935371,0.3039414489668219,0.1077102499881853,0.1287729692355688,0.294716055915094,,0.23635002165357324,0.2596230869631403,0.0336474628677218,0.04588508531328318,0.2289835408719617,-0.1607525324214034,0.2845337121769123,0.09250751185828102,0.2863241011219824,,0.2593752585174744,,0.16350456123705132,,0.2352316897276264,0.2560364549084128,0.24216976072889226,0.2772896978081997,,0.31164169494069144,0.09384334614478008,-0.16825295563104767,,0.3147683702986609,0.3206700927657488,0.23037113287951982,-0.0748927846504693,0.3580996079714858,0.25389434334537087,0.25151418427300104,0.2734678845788113,0.3502914360964619,,0.278913264385651,,0.23310467646100327,0.07915743022043065,,0.2723244598125222,0.09477058778742489,0.26654759216277774,0.14707074264980574,0.205714476939658,0.08641186616079966,0.2989478355424185,-0.11940108349042923,,0.07950662888075077,-0.08675290109251539,0.28014582455766335,,0.1367899371833569,0.2360277968428252,,0.12184207394378743,0.23609458062598693,0.27005071951413573,0.1693361183754869,,0.34417564306489296,0.23334670837114213,0.3866541149072208,0.26585192997871315,0.2221452935796097,0.08988934067092443,0.07846666918787693,0.24664484493891004,,0.2500221722298295,0.24649314980145032,,,0.22766310612978202,0.27854622091531644,0.20788591582597274,0.08496114831341582
2012-10-31,0.2505466646900606,0.2442072306790164,0.22496246277113557,0.08287222784292723,0.0993246772701072,0.33858772085800437,0.15664374007545298,,-0.19764407218095661,0.30866511675554215,0.2711835763366862,0.21365859664485498,0.06981401743162219,0.21047025328835944,,-0.005826951941591334,,,,0.2653872362404095,0.19197957553411615,0.18737914540747322,0.2161189771597888,-0.059022787979022925,0.022470200040942336,-0.09639047745594584,0.1842286728103168,0.24184154833239485,0.22074061301555206,0.20262637058169602,0.22441235531169296,0.16907669727931188,0.11906646468822686,0.2054987618355188,0.19803495664241766,0.2877561707325076,0.017166170421892488,0.11084755848392473,-0.13190768266000077,-0.030462976622144564,0.050452981401925764,0.12938163331378172,0.40894848615041024,0.2152481814968359,0.22414575319252963,0.23690653630209432,,0.21317410404139622,0.021877810332632974,0.20558904703287176,0.19812059434087245,-0.05070049942785804,-0.030020743673073953,0.2152633661836561,,0.22250561723075934,0.20099329899142418,-0.13232884806524794,,0.01623728243698882,0.12648569235131346,-0.10424462782407204,-0.09145173399749218,,0.40193907564655207,0.040711107371188396,-0.1278305618550753,-0.054714018340383024,0.05485033652239664,-0.05065884221054976,0.3189524409607077,-0.27357975417553637,0.23496374304560852,,0.2071783718900833,,,-0.07267088454221406,0.2313314046194575,0.2000737969790308,-0.01713189485880487,0.23318073243745935,0.061131385033731354,,-0.05010325289969499,0.2319208852289231,0.23535316395302405,0.1294114636462919,0.3335964725392874,,0.22863841326032852,0.22193106585316225,,0.4873045005638079,-0.08950403148114083,-0.5719895208298877,0.2173442394775829,0.25298501441352605,0.26493482245070044,0.06839142588673444,0.0853716110135264,0.3440134655905538,,0.20428275205934682,0.22613532120733099,0.012515850131103953,0.0047423615070652835,0.1899093588774402,-0.13962967609887167,0.25104489766216526,0.08594515206707284,0.2598508219522931,,0.2316829600982784,,0.1753501192474385,,0.23639019055695104,0.2272466466478538,0.35113340646823926,0.23500363373246339,,0.26192053806545956,0.05021759314838715,-0.19061463318887278,,0.27409843162308095,0.2806863002587931,0.2019118452279975,-0.07355864577701142,0.42991359972954546,0.22066487325712697,0.22394478878494828,0.24159217060468785,0.3886570399294107,,0.2405249091170801,,0.20663895340496766,0.08971970091643285,,0.20856197352921188,0.024957522945147366,0.2411505922356208,0.10498034111470769,0.18490672482938453,0.04598372437020591,0.3353645794031048,-0.12907492404058307,,0.03673716358285248,-0.09317735506463733,0.25002370190986245,,0.07247123178159358,0.21358409832408054,,0.04596796827470459,0.22084284847329044,0.23286164668404477,0.08491726071431538,,0.405302010323663,0.20265178934928568,0.43215035171826427,0.2392391484061709,0.1970818262889329,0.049827888002177495,0.08790473248699293,0.20821133835528327,,0.21989842026166906,0.21639760772028976,,,0.22030556209832183,0.2437501030113808,0.1955420037743686,0.002748335048528579
2012-11-30,0.08679742998330853,0.08659084617972486,0.059265084072819996,-0.06363401930987936,-0.06789651945865588,0.2529379426836153,-0.0023130644187564623,,-0.23865960466061673,0.15963368334795375,0.07247753571139466,0.05441826559414029,-0.0853655415636593,0.026410391699199533,,-0.04482120374722643,,,,0.09666688265143875,0.04571836891172034,0.03558655144350316,0.09192347100610185,-0.0703716997478802,-0.021629272507282596,-0.17447911885876222,0.050440639509919435,0.07954417868464235,0.06308715263332275,0.10034870648798885,0.0686870489387426,0.023126683090680344,0.03102364693274425,0.08130999915811055,0.04400252941638357,0.14066199918804445,-0.04108649411379438,-0.005526913359105119,-0.20013931294604106,-0.1001598442169334,-0.07338965232073334,0.15124508844989415,0.3121813464244995,0.09313364462646437,0.05071542429937246,0.07032220517231347,,0.060925553935044965,0.04489582762767186,0.05152061127178409,0.06786533609297982,-0.09329291182437446,-0.09488056515405266,0.04923089349311754,,0.0592199913222875,0.045342709423576065,-0.21535030756970447,,-0.07059118057829661,-0.015527106367372765,-0.14945959726246594,-0.17130266849462325,,0.289320656913579,-0.001963050177393434,-0.15183726195458955,-0.06954396138370729,-0.0767155336668521,-0.09486691883587949,0.2093730931398464,-0.3016730590317234,0.09094853445137538,,0.05243582626144505,,,-0.13461162791315218,0.055870383096025274,0.07054349668811292,-0.06678204275065541,0.06765053347941741,-0.074533601206004,,-0.09925329151845817,0.07535368991384926,0.05586744845551625,-0.04995282789525669,0.16207749373347846,,0.06528329770138815,0.08853689465716552,,0.3506415199539168,-0.11942584177081227,-0.5577920483013752,0.052166007772042326,0.08930745175342901,0.08290978020115017,-0.06772411710477294,-0.05901673462216101,0.251159232593968,,0.04531135463178329,0.061245095259736246,-0.11181709884203396,-0.11424640339615066,0.02409020075984298,-0.15795859846372148,0.07560718060853663,-0.014680933731641024,0.0942420113497832,,0.07082115286837541,,0.08869168151431393,,0.10505809917070359,0.06587366941408769,0.3158178052847948,0.0551467522720231,,0.07081258776672548,-0.08621040672488976,-0.22378989780481812,,0.09083396678667426,0.09555513324384984,0.04201784870867138,-0.13745349939400867,0.3462451550523841,0.0573386042423544,0.06653963520511227,0.07504832321977103,0.2804958006133929,,0.06416673038908638,,0.05310436932023473,0.010229897610174723,,0.016795610995507707,-0.14749502485898314,0.08100241166198809,-0.03485196039793093,0.04215125983910069,-0.08578936662265597,0.2309531456954451,-0.18558710551155483,,-0.096836841204639,-0.15572924701514124,0.08306404890000439,,-0.0976914841902287,0.0661434639545462,,-0.13362468307301673,0.07617104822734788,0.058109107327457686,-0.11169856638253996,,0.3146967982929123,0.0425198089356239,0.3213128798408037,0.07837920752035081,0.046151810699910874,-0.08341596341803029,0.007891195755272924,0.04014123572475006,,0.05373905401079751,0.05740155754610386,,,0.08669078821426775,0.07294821223591746,0.06206312391730546,-0.1744827369448638
2012-12-31,-0.0010864337833269846,0.0009060659229329007,-0.030893976270574497,-0.08093366095591943,-0.06952358188220448,0.1768328358919584,-0.06411312632830736,,-0.1795804801818522,0.12274421475733642,0.05691170985200418,-0.030453048640345814,-0.11296084252267188,-0.025733020363656954,,-0.07703901851485369,,,,0.03036449422933729,-0.01120991687800305,-0.01159641041197953,0.02530719728952967,-0.15177538876994448,-0.04668518939765839,-0.15279634140096326,0.0015121668955711102,0.02299556278875381,-0.034105185992092016,-0.07947843296178385,-0.017667816390503875,-0.017883282439601165,0.050081954990125147,0.027868383223355706,0.0054278741489589884,0.03984606123629363,-0.008797972076275863,-0.08516354099110518,-0.1538738687551645,-0.16209112934029038,-0.09334585276933709,0.019592673382073027,0.18502719703586018,0.012571585840530832,-0.03121921068104816,0.00284689389228406,,-0.003619562301263353,0.0038125431780284737,-0.024226212933548503,-0.00726432580694153,-0.16361511353512012,-0.12562960615338487,-0.0033602916225606914,,-0.017099115530641522,-0.011936468045255015,-0.21759862637403488,,-0.13706150798214708,-0.08060363268912188,-0.16865445877513913,-0.2109471583810261,,0.18756491930249664,-0.10809527894002052,-0.16470665965348266,-0.07418731022558955,-0.16295895954020187,-0.024195503315235373,0.004063633627495765,-0.2409223442438769,0.024846570504819945,,-0.02621557437628805,,,-0.18667764809963913,-0.009620796441494937,0.015965244736188763,-0.1103057154966548,-0.01419599089545903,-0.08558248692922027,,-0.13078923481267313,-0.0012823859834938571,0.017419823754417793,-0.05611002895605299,0.036910014682574606,,-0.02705526081333688,0.014205083053484247,,0.20801284509333945,-0.20128358321887377,-0.2823461102135082,-0.03508523748242332,0.003516243897359577,-0.022280154209495282,-0.09985745510843937,-0.08161274146762887,0.20610496297918837,,-0.024495390924488897,-0.031273695800825146,-0.13213711091184618,-0.1359165590349839,-0.04134593271775166,-0.15539305256888342,0.009279940349994428,-0.09194599030346368,-0.016933022288777248,,-0.023608879831773674,,-0.009051755465769714,,0.053082019614512366,-0.01050129183128744,0.29706930132095677,-0.029022717354340737,,-0.005886548111288884,-0.1079260613543009,-0.26436809071946593,,0.015926952351651466,0.032347897598343084,-0.0037942709407306854,-0.1449288019185984,0.24301459540922665,-0.034133703001582916,-0.022906505812666778,-0.02579800430324757,0.1467245674893916,,0.006174423473672496,,-0.025802923873354405,-0.07664925816492112,,-0.16812541146643542,-0.10412824869094399,0.015708016307240474,-0.07885411595082875,-0.020663581172233735,-0.10856841230084228,0.13259076553626895,-0.14893942241354022,,-0.11989667602151834,-0.18725104781407167,0.01562006384791566,,-0.08643109846858187,-0.027750409766070756,,-0.11954005384489587,0.004228991589855759,-0.015697049934863705,-0.13315775821194495,,0.22642605717208947,-0.008363922974660654,0.19598267421824164,-0.012141448281871203,-0.016742077326587928,-0.1027966910535849,-0.08357036323571705,-0.0307100192239946,,-0.002473964065222272,-0.03394512440359527,,,0.009698050896554835,-0.025967586038890822,-0.012824496725582094,-0.11770712538967347
2013-01-31,-0.22980740081280063,-0.23468243853246712,-0.2537955319314278,-0.26637774351083954,-0.26891583764055826,-0.06412598818417316,-0.25818970286798426,,-0.2769630837046658,-0.1389777804099319,-0.20666346487727452,-0.24406974904092507,-0.30681948866108616,-0.25694372725518705,,-0.11585079912833378,,,,-0.22294563646752266,-0.22155971722765072,-0.21874944113304803,-0.17915237240547513,-0.181423862164684,-0.11923284926672177,-0.24729900330570975,-0.20933891819452113,-0.2228798223822838,-0.24723121916230476,-0.25241406043952536,-0.23712847781875182,-0.24755635051223843,-0.17312106194215768,-0.17721596456857425,-0.2117857507775885,-0.2142268747911708,-0.07037583397129091,-0.2322852683083347,-0.2900641815824732,-0.2720590680931324,-0.2599514723366528,-0.006494277468212539,-0.07441504760153166,-0.18669173485589644,-0.2577442978743575,-0.23687205811570425,,-0.22064980731945075,-0.03426075622272246,-0.2311031157282731,-0.21072243554878067,-0.2605923174049605,-0.22240689896568544,-0.21762100787638577,,-0.24403418542122823,-0.2325958525738816,-0.353285475417165,,-0.22127506476240932,-0.2629185671450369,-0.22931275227375825,-0.2818805618594691,,-0.0869281416075593,-0.1449476833574443,-0.2217606017376333,-0.07490681665803989,-0.3072007038768584,-0.07563338787983799,-0.2459067481897048,-0.3328745255965479,-0.19988803832392826,,-0.23036748055125722,,,-0.3365839218577876,-0.24280279652889747,-0.1886399692467141,-0.1756834722189278,-0.23694821772516433,-0.25931528549295235,,-0.2109419914462338,-0.22126016596796785,-0.20423898878771707,-0.26190835438817234,-0.22271619858552524,,-0.24869468692239838,-0.19483292479350256,,-0.08727619809958688,-0.26219696050084706,-0.3309627140160628,-0.2565904848898169,-0.21749520413663123,-0.25724211060057084,-0.2745517308706733,-0.25856364588029124,-0.036448105805330214,,-0.24339332894208202,-0.25442068408273016,-0.29791155393632307,-0.2850991464601296,-0.26186408562178815,-0.23411240077881398,-0.23749798528785132,-0.2273648214623148,-0.2384574956470505,,-0.24508508555960234,,-0.2629067397549714,,-0.1772270212903754,-0.23841632891153028,0.07652225224633698,-0.26795934178586084,,-0.24990879842027033,-0.27883967537691806,-0.4201961100538078,,-0.2375766204525082,-0.2223214424745994,-0.22969563369827195,-0.22684425201246208,-0.030720190141163697,-0.25546807357426904,-0.24079253568015171,-0.2511291321732509,-0.11919229819655917,,-0.2417710600909738,,-0.24198140323331074,-0.20109525335168235,,-0.33533600286419124,-0.28240673058110766,-0.20497601872951018,-0.3108786006812379,-0.22938601849163995,-0.27780052138271283,-0.11043762718937519,-0.23937984514168134,,-0.30608147805827085,-0.27869711588691115,-0.23193174806753714,,-0.2843437125972541,-0.23835960165998255,,-0.2802777228662597,-0.21155658123140098,-0.25967174640054136,-0.35234247277192693,,-0.04656039097793619,-0.22052546856925687,-0.08628248020514366,-0.2322155890752894,-0.23133152271976076,-0.2775434638088927,-0.20984016361840002,-0.2523177301650575,,-0.253831600837445,-0.2502985904899387,,,-0.19958850746615137,-0.2516011907579678,-0.21511995152368896,-0.29113531963875966
2013-02-28,-0.26384197321027814,-0.2855670162179332,-0.2754889994721385,-0.20144404597091237,-0.2072378811326405,-0.16501124164813544,-0.22519626488812255,,-0.10731577261275003,-0.20572687220023697,-0.24196868946164982,-0.26066813626593727,-0.23558196686380437,-0.2622118516506409,,0.01755298333526536,,,,-0.27827167346867177,-0.22833243115284219,-0.21335920059250815,-0.20502798503194533,-0.04608672790128312,-0.05086503295540129,-0.11880365801780061,-0.2285253728381496,-0.2547852673612782,-0.27199849670891707,-0.3001788653202181,-0.2643594885630834,-0.20978711645093773,-0.1145723687631184,-0.1983260140020752,-0.2249543948343642,-0.2834555455868926,-0.010677195148911632,-0.19709744294943124,-0.11496547560911818,-0.16871479129405306,-0.17829693873705044,-0.0037892224498655416,-0.21614755498932484,-0.20970688431336854,-0.2784012782798556,-0.26409103867233813,,-0.24235264533991885,0.03095538468616995,-0.24449746330357924,-0.22712959744106023,-0.1579886515394936,-0.13024203875418175,-0.21909346062757679,,-0.2688294648101686,-0.24141534189576833,-0.18096528745190685,,-0.12413554554069138,-0.21755763741671583,-0.0799197093995256,-0.13569388347081304,,-0.19322555989365237,-0.029517498128652224,-0.07802895719659594,0.08670929137147837,-0.22811126461975398,0.0292838849192046,-0.3581891339346563,-0.124773292906695,-0.2279169942139651,,-0.24218493493373505,,,-0.24021214470336544,-0.27147790414899275,-0.2040291133078872,-0.07576951083987672,-0.26240463326126934,-0.18504701630592763,,-0.10322175594413599,-0.2539672339959468,-0.2337509565341636,-0.212661078573114,-0.31864300398779033,,-0.27952866858798414,-0.22424062802731362,,-0.2854875875735577,-0.12762448303588492,-0.000976473111693471,-0.2795750699100713,-0.2439025033875621,-0.3071415243107684,-0.20738291917062343,-0.19017216670967443,-0.12533341905855247,,-0.25444915545089924,-0.2814124985582031,-0.2665487380472667,-0.17320817253110543,-0.2676067651662072,-0.08939012750832906,-0.27922415489356295,-0.18893554391888454,-0.2906910409902438,,-0.28077165307885144,,-0.2778714707234409,,-0.2209580054001547,-0.26654043483386175,-0.053080202005177705,-0.30027927243880725,,-0.2766708162444798,-0.1964138399849539,-0.22150555756893586,,-0.27506906990521274,-0.2601358732100383,-0.24658790581437184,-0.11516533816051241,-0.188800087048408,-0.2798054873524536,-0.267158653778294,-0.2883283594153896,-0.2452353897341828,,-0.2685192246766174,,-0.2613857469735283,-0.16946259400150632,,-0.35426161892116703,-0.17703700830204638,-0.23123731628537908,-0.25814705725360043,-0.23731547886059187,-0.1958265300507629,-0.20999531838433924,-0.06923855969143708,,-0.22786939175904825,-0.15633917099332822,-0.26583034488596496,,-0.20172384811935595,-0.26021642789965077,,-0.17508071083796387,-0.2406558914215955,-0.2940788873412737,-0.28416181788455486,,-0.18425618096038987,-0.2286357513141465,-0.23376193107773904,-0.26764784562516236,-0.24364603572717564,-0.19952562305618116,-0.17874006112830487,-0.2642551340704734,,-0.2883977406724443,-0.27411791567442234,,,-0.22908403065575864,-0.28796627126403235,-0.23023691566830012,-0.15370528728876767
2013-03-31,-0.15916088197282835,-0.1809047664820112,-0.16102750692869686,-0.1165229188948997,-0.10826575299402957,-0.17178097637976286,-0.12616542295154862,,-0.11759056701509989,-0.14632673768761414,-0.12981731573571867,-0.1577265436963583,-0.12432041123878956,-0.14038565476002934,,-0.06267096178159287,,,,-0.17026507443793223,-0.14803443730841095,-0.1337419069013638,-0.1549910040946172,-0.10827230308347881,-0.11886304825298974,-0.11549357040187781,-0.16188221204465944,-0.15407708528698855,-0.1666511431095227,-0.22144581918199258,-0.16429557797676253,-0.11450784657136742,-0.0951729033165079,-0.15128835767723628,-0.14578708421257458,-0.18453557606619586,-0.10572721820403025,-0.14434389011990476,-0.08934853660782546,-0.13940948121598704,-0.11386067827254195,-0.1512859975262515,-0.197699293479496,-0.15668511913170127,-0.15838014197931902,-0.15505635730868167,,-0.15583257569843123,-0.11759188969326613,-0.15364180229110425,-0.15920491054024533,-0.15114328960826431,-0.13464199994181594,-0.12882490714429334,,-0.16113170321333195,-0.14795999004667448,-0.1120846492055996,,-0.11392040327885852,-0.1289194647890719,-0.10499669216140341,-0.1127048806141801,,-0.1598150383866862,-0.08266282740016045,-0.12055119360053482,-0.04084739475961575,-0.1346692531378064,-0.08093249259193827,-0.24952804026418962,-0.12036839121558938,-0.1518307221881531,,-0.15155299960583662,,,-0.17766868010454007,-0.15764457557692238,-0.14911902368367946,-0.11547924876557587,-0.15669924442518746,-0.11386133453773986,,-0.1259702313347803,-0.16179299054653248,-0.14252452312159458,-0.10716456943204535,-0.19685709474068994,,-0.16870262797327787,-0.1597556028380085,,-0.22630377969791518,-0.13596816322153393,-0.07317236984306953,-0.1653077811409429,-0.14705262399292177,-0.17607670084511132,-0.12551061717718298,-0.11132160648596663,-0.14458545915122975,,-0.15294558565365032,-0.1667494603028611,-0.18779643426486609,-0.1057492007975177,-0.15487920096560165,-0.12580933612476972,-0.16329260834839743,-0.15117989760416137,-0.17979918470153938,,-0.17259423395689535,,-0.1917928730368296,,-0.16252448208873546,-0.16196746697288664,-0.16408176872676106,-0.16828666561771227,,-0.145446985570781,-0.11544947288734894,-0.13817485000973442,,-0.15077786167433394,-0.14294328213767923,-0.15265742564278892,-0.127127823284961,-0.19590161660674926,-0.16630934833576821,-0.16455755693292098,-0.17204834295458038,-0.19825053139859294,,-0.1511420646244969,,-0.1628519542331466,-0.1561866613013739,,-0.19186967714032344,-0.0840568065800067,-0.1455335357774039,-0.13852858544016247,-0.15518862932644636,-0.11823796661058211,-0.18232644689938363,-0.08428421512694279,,-0.13213634583590259,-0.13971898569834962,-0.15622046057128075,,-0.09719131884836979,-0.16557469305769892,,-0.07915251741871385,-0.16126552614714815,-0.16871619767636245,-0.12409868962061536,,-0.1835791422445162,-0.1416511746176427,-0.19561029739064875,-0.1659607693390029,-0.15434560123817792,-0.12016821459329062,-0.1601159786496394,-0.15295969740597787,,-0.1711671363555798,-0.16680131672343143,,,-0.16193310262476562,-0.1693743425295629,-0.15910953274676273,-0.05780764690280751
2013-04-30,-0.1533004142535687,-0.19562308749515459,-0.14351951816538777,-0.06077763640764456,-0.05029444768156071,-0.26279046789273075,-0.07455733165017003,,-0.05932531728261523,-0.19066788719954977,-0.1323078575089677,-0.1417542851213835,-0.05440782705464801,-0.11285599437400012,,-0.0006816872094658915,,,,-0.18831362908041624,-0.13990718922221818,-0.11518670956897246,-0.17088488737193158,-0.042213716819740316,-0.11882167306363231,-0.0633342326925999,-0.17545534907388927,-0.1568187600355071,-0.15466432644613232,-0.2314176069859507,-0.1586014147439324,-0.0648123035563814,-0.0748687436566326,-0.168024212715347,-0.14683522086544015,-0.21061079297421964,-0.13321858381799323,-0.11123219573473761,0.001603674073891205,-0.07720559250868411,-0.053982662762964796,-0.20353827043992437,-0.29910715922814946,-0.1658720741485466,-0.139396498924491,-0.14827001587088504,,-0.15536832681094515,-0.14652526291187012,-0.14151501068525682,-0.16110633210614336,-0.10089646851630699,-0.09998432924451695,-0.10636482191605343,,-0.15278449641731176,-0.1358553273638347,0.00033830977550897807,,-0.0494808989070083,-0.07402983635886709,-0.033814391779295,-0.020680063119194514,,-0.22572345623833728,-0.00614264929136583,-0.06872661483134644,0.021001077651316584,-0.051859352090567766,-0.08830226479751001,-0.29378824552195093,-0.0345780485579347,-0.15775829578201273,,-0.13664320909394495,,,-0.1274525221856854,-0.15103508460396275,-0.15779001394106476,-0.07728768374411059,-0.14573953776727555,-0.058535036341213056,,-0.0849910176234239,-0.16455250055358933,-0.1469009356135622,-0.05224309153759077,-0.22730867857106016,,-0.16079503760201228,-0.1715895494635746,,-0.3535625550703862,-0.061173673776338006,0.010333644166417683,-0.1513281924342327,-0.1349008930877857,-0.17088744444157802,-0.06864316353595828,-0.05176720964622529,-0.2313042111851988,,-0.13704538144642306,-0.15410539260045764,-0.18389154729027318,-0.021678834119868817,-0.13330683208939756,-0.0789768941264471,-0.1664846682468877,-0.12563978473014048,-0.1836949650077971,,-0.16975719783206913,,-0.19548159406882382,,-0.19453991586813157,-0.15732587321113534,-0.32931577376850923,-0.15545420651961903,,-0.12213087772869213,-0.04846255988940629,-0.0051259942895455525,,-0.1401765864107241,-0.13570065449099375,-0.1509277425049656,-0.0870560085500763,-0.32508737377438635,-0.15261828158727908,-0.1563647111528121,-0.16468297956119282,-0.27682173186226194,,-0.14210309986157985,,-0.1546187059824894,-0.1438166301899853,,-0.1341676255177326,-0.004571329821703489,-0.14354454142190834,-0.07942800926567893,-0.14825207041913882,-0.0537757300506521,-0.2558925179019353,-0.005936888104434992,,-0.06913196396218126,-0.07997850806599548,-0.15409001643935993,,-0.023409469843360422,-0.15682658984090958,,0.013458175754066362,-0.16830921857774514,-0.16354251564438804,-0.038295949864060756,,-0.296449443750585,-0.13056025952223851,-0.2928942506194332,-0.16392212119347155,-0.14686158499273164,-0.05946679004152666,-0.1462287427176126,-0.13323642498489904,,-0.17635790437732007,-0.15542148911436185,,,-0.17285190994570748,-0.15994772898346896,-0.15884611713139826,0.049637200515507185
2013-05-31,-0.06059507314958384,-0.0992399846913289,-0.05916976573721392,-0.0116523704333723,0.013711182099451859,-0.13708311521608696,-0.018778929264240664,,-0.10747140620462799,-0.046157661654923424,0.0035754952981684423,-0.06938960663408697,0.006140722584174733,-0.017709937316902912,,-0.12561283203575585,,,,-0.06671745342702975,-0.06699432520251482,-0.044517197181920584,-0.1037969309301009,-0.17758563071521952,-0.22026061835345603,-0.13417018754761378,-0.10469936828248919,-0.03682787446848288,-0.0851076704493912,-0.21727346881043022,-0.07883953048931641,0.05884756996072786,0.06270380126654393,-0.09970752513566482,-0.06881695949002178,-0.08093478787172124,-0.26588441638626087,-0.12095905199961961,0.020688665165433287,-0.11805021181512207,-0.023069118492502202,-0.3654946259946711,-0.15519683550399038,-0.10462715355547295,-0.05221991009062557,-0.038232461334150175,,-0.07789124836757164,-0.27743920209723777,-0.07804608121361524,-0.09617833628071124,-0.1553912465442265,-0.16718946207969426,-0.0284873296118884,,-0.06333029697175252,-0.04946331371567312,0.012316421931986954,,-0.13440646404340473,-0.02916579809085823,-0.1353042223245418,-0.1186857068821195,,-0.047108506524361396,-0.13468090208222977,-0.17464798855707583,-0.15083912289953705,-0.05933385971859662,-0.2211174104970277,-0.1690199515796855,-0.07956019722542337,-0.06357460487935515,,-0.07670641198958647,,,-0.11128028416270955,-0.057273279173479075,-0.09041782923423845,-0.1826634551738451,-0.062329271254891835,-0.023189497494917718,,-0.16815666629055648,-0.08614326898263701,-0.0742429736753739,0.016123731443555202,-0.10394417147156514,,-0.08164000697932425,-0.10146325185052019,,-0.18307066244841236,-0.15907988549738283,-0.08367800174157007,-0.07119550142066527,-0.05036606269797196,-0.08093565559443203,-0.033717774668712557,-0.013206478560791764,-0.09963115988142045,,-0.055140691216380565,-0.07153849219206283,-0.18804566148970625,-0.009419788800296442,-0.05154566148959625,-0.14912442526816078,-0.053788871129123256,-0.15074960097396303,-0.11080345411033307,,-0.09177827232843756,,-0.032365968416294924,,-0.094393740755208,-0.0663691247877978,-0.23055831080557496,-0.05481738109303193,,-0.010324573541566738,-0.015372626442394599,0.06542388646052484,,-0.013092721843766541,-0.006833916770388414,-0.06220602525419345,-0.17641818491489022,-0.15788219705520593,-0.07197366559118672,-0.07941834236804496,-0.08159959548944361,-0.12225297951893481,,-0.02210004493384344,,-0.07859816233732402,-0.18061993156925088,,-0.15053570012815548,0.031016178348249254,-0.06075028241598442,0.04710013508666851,-0.07823794648115003,-0.022451209190815575,-0.1338873160345174,-0.05863084873003416,,-0.014470600526219424,-0.15031927571080175,-0.03256075821249199,,0.042790781993515374,-0.08694356163407523,,0.021930901740337766,-0.09198966536393831,-0.05432235281723976,0.047192914932285224,,-0.12748808585162832,-0.05948527486067633,-0.11645624051673362,-0.08685778963539062,-0.07080609180963336,-0.021241054075734365,-0.18073642256263298,-0.05045029766750987,,-0.054402550329642634,-0.08160821584958029,,,-0.10267005416348003,-0.07738828394489947,-0.09696711608568806,0.08784543606446026
2013-06-30,0.032323630478277736,0.0015058086660777706,0.018834258352774937,0.07764727725081402,0.08839048426540076,0.10380115298447315,0.06102404420659322,,0.07144674604208158,0.10868542522571253,0.09118760410735292,0.022170936624689944,0.05990372593419663,0.04830621978613963,,0.1454350395085881,,,,0.030132933774148347,0.04919928506823848,0.06860811499916979,0.05398233190289903,0.06808935857812048,0.06463245855003423,0.04678454624335152,0.03420392536287589,0.05896150306465881,0.006283628378482723,-0.08714902715591491,0.019102519404438738,0.12992039762319824,0.21418111404904142,0.06103100722595844,0.05341929141915984,0.02522072901071594,0.06801002570969122,0.019500524853389458,0.14122692199625947,0.026525926488600172,0.0843597410648873,0.031847183246339276,0.06504237160862389,0.04752823032897648,0.019923812490639257,0.04656252273364669,,0.036237639006089756,0.10055637242330945,0.02852588306867964,0.03686585584970347,0.015874885855131214,0.02975516024007678,0.07355477158450313,,0.024734304706490944,0.0504196134366666,0.08073344764359935,,0.04141434801557883,0.05822093379540025,0.06658962527380585,0.0280623417832777,,0.136833158603556,0.10388089376323513,0.051305387068750534,0.1728904052907849,0.01489754826572606,0.11470397032338626,-0.06855614810183232,0.0656375494563924,0.06108937793849466,,0.029582643174554415,,,-0.008932402221894044,0.02661854068957823,0.05905183648083149,0.05465116296754325,0.028415124686025993,0.08072792540504178,,0.04478290509991784,0.024726211806677438,0.04314729742345397,0.08758405538939015,-0.013229274895646848,,0.005379215143550211,0.04030186749372713,,0.010768163694704775,0.02094992740363509,0.13462700545059045,0.009056796876559716,0.04937768658217763,-0.011634377569718458,0.05861216349040439,0.08232652496611528,0.15268660833276687,,0.035908639502400114,0.008763487797229227,-0.06455680720543436,0.084354860916628,0.025598434727443158,0.06510322140824715,0.029852194225658418,0.008407567433171425,-0.015735512981846153,,0.0003351418401275341,,0.057340076495167404,,0.0581184429299609,0.026331839294450737,0.15231208884198574,0.006618478641337892,,0.04777972188534907,0.07288886051910497,0.08861933090764283,,0.05478914564561378,0.07032709588593442,0.042335951746893134,0.028155373107857172,0.09690482608976461,0.008963180743451026,0.015421315839024322,0.00019840452906226853,0.05637238800961333,,0.05275819157504487,,0.01944210985246599,0.009386901908052163,,-0.12063629660946522,0.1050937126231151,0.05483983976459635,0.08431871678206163,0.036288389800126684,0.06997796630892049,0.065999322977115,0.12161217843528214,,0.055343784956268995,0.010612362929485714,0.05231486880194088,,0.10330387078465295,0.015327667289073085,,0.0934080948363763,0.032461234760537645,0.015300179118498264,0.04473171189980672,,0.11134625865478599,0.051167369089997014,0.07838979342419551,0.012907205092326379,0.036562322818791605,0.07024020921168132,0.0025312074060539398,0.029903569690168046,,0.02458767002847527,0.007296761273703483,,,0.035821005208466296,0.001847948102489476,0.03263904317534717,0.14522719741922566
2013-07-31,-0.03497711794859746,-0.05698603955507559,-0.027392322960392148,0.05095971849222386,0.0593565204672166,-0.09321718594361639,0.02103075071373171,,0.09307282794624996,-0.0368946929223013,-0.0028104719630839864,-0.02903938876265,0.06342259150355907,0.0017154993184216245,,0.02604945114679356,,,,-0.04340755484138495,-0.01741049360873954,-0.0020854888420232215,-0.0438684018426648,0.009740078176841981,-0.04399751271943497,0.039336695005585454,-0.036696376682847524,-0.015802949510206134,-0.04147013396995601,-0.11456373950995923,-0.03766020002031377,0.06987881164253193,0.10053268490593985,-0.03758672961736491,-0.020809877951228014,-0.05668356391238863,-0.07065332591000065,-0.02358433055664781,0.15021174798113082,0.027766004791355603,0.05715768124388918,-0.15880123074906666,-0.12973210372082888,-0.04443352107488566,-0.02378152822215118,-0.016599615154089604,,-0.03196337936015302,-0.0678323191583404,-0.030661007761842475,-0.03567649421821308,0.014309864155107708,-0.0006658169087755759,-0.002613116565780628,,-0.02825293083356824,-0.01073649843363345,0.13933979046595454,,0.0019560142250936072,0.025936997428075384,0.04555366242446872,0.044727142746682894,,-0.06045363224253083,0.0025310174780907987,0.031193610548824115,0.03060341046982605,0.0280728877211988,-0.018229195244447362,-0.12077962202101529,0.1343492157327795,-0.027544064584815363,,-0.030442456038735816,,,0.04430690097003506,-0.028600881251227058,-0.031195617136238245,-0.010987442291403473,-0.031127411513897946,0.05226583207067824,,0.007614811857769588,-0.04398495308831615,-0.03933059054860283,0.04996270606728884,-0.0901044155723364,,-0.042454065040355836,-0.046277394923540174,,-0.1784921818570705,0.025393272523484327,0.23513665119872848,-0.03271003124523256,-0.02868799387607096,-0.05657454168486466,0.04216541992633424,0.04964363623614276,-0.07022620929403797,,-0.016577201178406498,-0.03564120285366723,-0.03836378589129659,0.07975076120478353,-0.011420108026538802,0.05202514414982791,-0.03223982898855316,-0.03243957164172359,-0.07119713081132228,,-0.04944020665995339,,0.016514990561354168,,-0.044682242217862794,-0.031174427331736868,-0.1431240560317219,-0.03014791955715819,,-0.010772918619622677,0.05957011458978413,0.19558412367636635,,-0.014620141573091766,-0.012092152847032175,-0.01943772737705116,0.007345963191549781,-0.13378841085238152,-0.03401569232950367,-0.038347379449390026,-0.04718130388771654,-0.1058049996567987,,-0.008768081380451202,,-0.031700688476034765,-0.04890004198295313,,-0.09012751255472118,0.0931353362092649,-0.030233299895221204,0.08069857016784973,-0.02233642880929412,0.057043207990704364,-0.09516890815668712,0.10171423671863467,,0.06376341865612556,0.02792738095529806,-0.0168680603135047,,0.08559160719121417,-0.038518886678053484,,0.07909889673458999,-0.04208457415151653,-0.027849678265110023,0.07744937531939709,,-0.10796482520667293,-0.017782401710366862,-0.1144845734302923,-0.04806520149214651,-0.022609283754232413,0.05651622930373405,-0.048910968821827785,-0.016483624896674622,,-0.021970267509578884,-0.03805168253640567,,,-0.04681575105490603,-0.04575553711294534,-0.036024947151075015,0.13569896749113405
2013-08-31,0.20899709201710653,0.18741970335632285,0.20302515346046138,0.2397507395434837,0.25584122667161374,0.20357214844581695,0.23276749818113887,,0.20632166204766644,0.23834259801275892,0.260044514293796,0.20615397039822778,0.22668542215733709,0.2312519059716443,,0.27599506511943295,,,,0.20506793245652838,0.21731672931522134,0.2333153761274472,0.21069055051646526,0.20740626126946554,0.23022301522559518,0.2245530103618328,0.20430525201832056,0.21746534629194691,0.19592060927187588,0.11816280174887077,0.20039928930031134,0.24124292191581242,0.2576067570559676,0.2157595307201145,0.22635029405038046,0.18225822995968344,0.2642373330351628,0.2052121893664987,0.23547549178641128,0.18559504310057887,0.2345399621570783,0.1891448166685039,0.17750442657910445,0.2053229825178014,0.20835893299319225,0.21423733982803633,,0.21225843278994522,0.22162191677914472,0.21152482942625828,0.20191199630418957,0.16679577897877307,0.2021923211739141,0.24247019441050272,,0.20559626147494023,0.21846360023453062,0.20315882950228922,,0.22450607854133176,0.22267676848493687,0.2201111151916216,0.21355475051422326,,0.21554117664354291,0.24577235665673824,0.2011405778992505,0.2976129061498108,0.2028287448050749,0.28321214014435875,0.09391243420839934,0.18745963473040977,0.21635432323824044,,0.21341656702771525,,,0.13707446089806277,0.2147239117966135,0.21715726176035044,0.22133618314984208,0.21113111148253663,0.24022825554059682,,0.2059918627280093,0.20731914058520318,0.24062439333744975,0.2623305438478857,0.17673372021147038,,0.1965126946532158,0.20599054719193696,,0.1638282605761679,0.17369195344944544,0.23749322163694667,0.19902755034873199,0.22215019745104272,0.19403338395948097,0.22488917103948147,0.24449623015447475,0.23870924293103257,,0.21186814698436499,0.19749114075063465,0.1647580026382919,0.2343574185002918,0.20954540412750075,0.19320049162964417,0.210659327201072,0.19487794623183727,0.1880062571817982,,0.192780706012254,,0.14244771639839807,,0.2087075288563503,0.20529228911310718,0.2271334283379083,0.19986672240258727,,0.22801545403748014,0.23388257226822756,0.142446297898361,,0.22302603820857778,0.2349107759663275,0.21805398100567125,0.21032991944018056,0.18554489666488064,0.19719256157699838,0.1997408477432718,0.19334499026584484,0.17116178184564435,,0.22127443740635172,,0.20069589145468048,0.18699127543985028,,0.16035108400725495,0.28126502641767875,0.22712625418205368,0.20495218301271376,0.2076260709965816,0.2298416212359656,0.18967695602211646,0.24575052314531914,,0.2124962825719184,0.18521840795115826,0.21425847739486759,,0.26461499691067775,0.19511630827025037,,0.2855742368206362,0.20577445589265475,0.20035110640518958,0.2337484976214627,,0.19708458907232554,0.2290372393901469,0.1819609492176279,0.20155081085704443,0.21099416227031878,0.22912794972154002,0.18147052960966406,0.21337679666934573,,0.19805595382847918,0.19629822245186598,,,0.2029271437753967,0.19739081267464098,0.20239664210779293,0.30503765271738803
2013-09-30,0.021967695368514048,0.006972973687326415,0.023004400457526095,0.08167345287808574,0.0875101066707289,-0.008833582768108425,0.06579216393068808,,0.1331176244566893,0.013175534449445414,0.04403794656182375,0.03534336035034359,0.0602296580516373,0.04318535379159864,,0.2270135219251711,,,,0.004349248677012468,0.046500151505327644,0.060690995330276,0.044198722998240375,0.1719705651869994,0.1899343634213746,0.16765625469781745,0.04223932946468436,0.011717296717373352,0.028669821134203737,-0.0022855905152194002,0.025781321413483944,0.014019724870938024,0.01679837104202998,0.04943924501282203,0.055585944431051054,-0.02901335417986216,0.2605599332820862,0.09345512611563228,0.09230460444920296,0.09402072323720313,0.08711937341097292,0.18642599151685796,-0.04818164926162721,0.040997505325620826,0.02746701889564829,0.015184122298379002,,0.0404332418378564,0.1954812260543837,0.048054697701624266,0.0372259430991537,0.08704939674094886,0.138592198368061,0.062253235095908695,,0.024295860963082037,0.03703495618979502,0.06615925193847061,,0.1615083712081513,0.0630175399837344,0.17126647203973902,0.16411577596025753,,-0.050126463546083765,0.19259663780872546,0.16203047673749246,0.28224465238756125,0.0829033052677271,0.27426336810006047,-0.11189232818228388,0.1096215405973889,0.02755926455136665,,0.05144875569811755,,,0.013996650231109761,0.03226497249880713,0.05076234861774453,0.177723192197478,0.03221439224740774,0.09269599153711802,,0.14985654115693664,0.03544051220073934,0.0767715053992448,0.09071489185701063,-0.0255176626793268,,0.02388689897881221,0.03826451928998167,,-0.06915989168338614,0.11937149617577716,0.22053355778343117,0.025096243256938044,0.03721221200139972,0.015236410912101756,0.07814088589220064,0.0917450346148431,0.017143000332138163,,0.0339799141011476,0.021033539622790424,0.08086617985842554,0.09713166442609031,0.034039104124336944,0.12830017317176082,0.014717969124207147,0.09789141297204319,0.022444767135005025,,0.022292350542375487,,-0.10334476795024267,,0.02191237277101541,0.023001277364672633,0.04402733268043421,0.012277197013532368,,0.023957720753479895,0.08615566803732384,-0.04980102118931198,,0.008143220487849654,0.018143843955029274,0.04007976577795021,0.16691053805233685,-0.05602681197114594,0.022139887493347908,0.027085214659339465,0.017451291095953888,-0.0646103485097112,,0.015208664278279707,,0.029759622455831903,0.09804261939185052,,0.060888743149453584,0.13595192734027087,0.047370053485988294,-0.016929768968538872,0.040608499066497945,0.08407137060827238,-0.018317463631195015,0.15916350428088502,,0.05269625824525448,0.12439192591939371,0.0061832842399589085,,0.0919572222210101,0.02663867961563404,,0.15567192957140313,0.035081097992292226,0.007476182450162031,0.0517318630892714,,-0.048017792890587184,0.06011090213794485,-0.07039545816468017,0.029983953739210527,0.03951465349784344,0.07935593182271837,0.09120560033858946,0.03552231440641553,,-0.0016673837462207746,0.02687395571536107,,,0.03547420918215219,0.021697413156235492,0.040633930711062985,0.14846592497282896
2013-10-31,0.02531445420358321,0.04206458705034469,0.030166537668050296,0.08150673689339528,0.09486799585233442,-0.02134862963145866,0.04652102550331666,,0.17084162876124945,0.022113691023325666,0.07187729358729936,0.04129877296240697,0.06537505434605291,0.057812629301192464,,0.11465247301162815,,,,0.03968784236710835,0.05514571208370421,0.05878549082285132,0.0455289168042316,0.07723568166405492,0.167770223502858,0.19172452771962006,0.07350591651396851,0.02786893663720735,0.037601780565158234,0.005106606425364081,0.03730734151700875,-0.025467299338813382,-0.03163656027212609,0.056147054207007996,0.07908519082648612,-0.013400883115469619,0.2801270926795863,0.079902299033142,0.07469734335248755,0.07300121292386408,0.07357194765728248,0.10241434358605954,-0.06320674465084437,0.03322573393357133,0.040746672573009235,0.02765076867665583,,0.05637990305840861,0.13106095222601274,0.05483668705812483,0.04135471242946668,0.06676320030733099,0.13968620424734002,0.05333662117107463,,0.04124606832662784,0.047037298022494504,0.05085976003789383,,0.11393616562541485,0.03947916728433168,0.1346009894923986,0.13786927131299745,,-0.10106369411121838,0.050107954444079034,0.14557614206330338,0.15788271921500135,0.056312566315956485,0.28224265677110655,-0.10264291204259103,0.14695244379864586,0.02846631548222151,,0.053551532412386645,,,0.04566579242893907,0.058012793552069605,0.05599229243474392,0.1385038165030244,0.03980601228793499,0.09147028880737253,,0.13269294945961216,0.05198605910661491,0.10836290184768806,0.09721822112961295,0.0009577090730132243,,0.040882547133548164,0.0441578181695007,,-0.04006348431221367,0.06878817783526814,0.3603809323296243,0.04199972021014984,0.025248357318641175,0.039167614078550614,0.07713679375071264,0.08010373764035748,-0.008592103932959878,,0.043464856835853195,0.03495596726578447,0.18857473756748427,0.07146620824185847,0.05372385893777851,0.12334021807294378,0.04446838092310201,0.09258727335182033,0.04251208785655162,,0.04249837899940798,,-0.10870376166604437,,0.043981890129700815,0.03991611318512458,0.04934317633652784,0.03923978159903727,,0.025029097324175464,0.07922598193443336,-0.09275185665661101,,0.011984486302143816,0.020356107957841926,0.06867053979048128,0.18064858524407093,-0.06465463449868657,0.03595765336278334,0.03776201453058805,0.03298416459557495,-0.08081118745594362,,0.032432652817091144,,0.04527363917922003,0.08431380821282133,,0.06774444384265231,0.1532966297448597,0.04928242686153358,-0.02481138429068911,0.054218705805338795,0.07867369943083066,-0.023673827538764715,0.13415133007197436,,0.06479889684967431,0.13281927483081823,0.01822582903042966,,0.09449336785149777,0.03178173020762623,,0.14916111434646273,0.049579390706809244,0.039765978264200766,0.07671481270078506,,-0.05962574658207085,0.07104335084167825,-0.08699120069512628,0.04339876371774457,0.05438868924318003,0.07912497259669478,0.07944502189148278,0.048331899656751866,,0.04281790724071291,0.04086411934291656,,,0.04256986957998537,0.03689875982077241,0.0470184367868587,0.13880338538915207
2013-11-30,0.018520083532596494,0.020444050742414472,0.021539003679474724,0.08526611703618606,0.11312502999778225,-0.05588814637902164,0.05035025895374536,,0.11684940341288651,0.02813521050553062,0.10168189919378182,0.029162419252103854,0.07174432806644623,0.06928219136670648,,0.07100920679775205,,,,0.03371369051847183,0.04404073559000199,0.05743809716813148,0.020829990191786375,-0.0016306382336680563,0.09465241120808167,0.1424541753011898,0.04848867890542769,0.030120218430614555,0.018994435287275832,-0.07612439927412762,0.02170200456655128,0.000358584882508859,-0.010045167052810333,0.03362861986781917,0.07171560730569476,-0.03122402701642676,0.20604828986122073,0.04181474327932309,0.06639779467033217,0.018587658238131077,0.06793248957217292,-0.027344824710948314,-0.10443902007295292,0.006144709454859571,0.036529329907108186,0.028682782936990232,,0.0431925609875348,0.02974047969355352,0.04060056773806076,0.016673104524629494,-0.006478522266404562,0.07620565961382887,0.061112656630123816,,0.032336582265478205,0.042722114521208006,0.03427822890339297,,0.06629078955145057,0.034398204879801296,0.07596616379317578,0.08739249975776556,,-0.10379272202183411,-0.0025189187297038253,0.06928814224275075,0.10628388794966974,0.03303791118866959,0.21964363835792805,-0.16897337430857137,0.09125631246005199,0.019538830110435872,,0.03996731170326267,,,-0.01749034785226943,0.055284509000072944,0.036621542447393365,0.07139183959420808,0.03260763194939949,0.08974844255341122,,0.06591263674432873,0.03673680496669606,0.10788698815954824,0.12041560387865663,-0.019096094894579696,,0.024952819501091333,0.020587811177894655,,-0.08125942139162773,-0.009278487305565545,0.30269347126918783,0.029240290712684944,0.023506004744387656,0.027123282010964155,0.0692571736042257,0.08364609792498089,-0.024126391368994384,,0.036463810616663185,0.021952305848072083,0.12608634067804741,0.06599861377509972,0.04788309596601278,0.052071968127505676,0.04306304588291297,0.04126069807423072,0.018320536605532012,,0.022925630639763262,,-0.13544831457739034,,0.024706311162958534,0.03011138363377001,-0.009652054538686342,0.03446014302866433,,0.0402655805861654,0.0773734140940577,-0.11845575320570577,,0.025266527568938376,0.038620476521333505,0.06239948070636451,0.11499338828510942,-0.10461186199417732,0.022311633602385833,0.02192878006328531,0.01721491440870329,-0.11407920229700862,,0.04123390989345837,,0.028947768535596833,0.020052900654484562,,0.024929692869373164,0.17986880915456582,0.045735534944476894,-0.012548952134982565,0.037260772927659704,0.07326625005429152,-0.0582838079884006,0.10407345457029597,,0.0585298977725136,0.0672154696314957,0.021558599076599714,,0.12168996795415285,0.010778913740956958,,0.17431511829079077,0.030364561670809666,0.034971730776271526,0.10286559217328173,,-0.08896625472610994,0.06695972924733441,-0.11360838421842234,0.02719713598113105,0.0418918939794749,0.07460112862791775,0.013956283882089806,0.044392391136579785,,0.03675582008308858,0.023609214556538194,,,0.017961860707198272,0.023804364713795313,0.022583224105677563,0.18462674608783833
2013-12-31,0.12366752972991181,0.12787808606655757,0.1210462958554346,0.12417300958577734,0.15768202992872668,0.0717992041803949,0.11299215245008389,,0.04092853496003639,0.1560643906758106,0.21217400503230643,0.11512457597793135,0.12746111527052273,0.16159070733670344,,-0.04488297414973484,,,,0.1551577854952574,0.11848630246617164,0.12544068151767063,0.09312763991105265,-0.10083712558294705,-0.005484816588376022,0.055842064898684936,0.11704700198549026,0.14725982701855642,0.1076478000906933,-0.0003400527554330536,0.11490070713838853,0.1196172780485344,0.09787795562707723,0.10131331213346897,0.14151773465303707,0.11413704458497097,0.04669654994721988,0.051786813991213584,0.05971860187729646,-0.0011116676453817728,0.09277963168455851,-0.14009247789414092,0.06135669675082325,0.07971192705232029,0.13467198261060165,0.14164597191144648,,0.12425028560398757,-0.0899111826046542,0.11394304579126636,0.09194541985066862,-0.03401672915460037,0.015019078156950512,0.1370860700763647,,0.130139940567072,0.12990690219724454,0.04383364334938669,,0.00290503602541506,0.09004688959500012,-0.018822639717440245,0.004482101092069946,,0.08499471686840977,-0.08852349748645001,-0.03167799014237473,-0.06549812811066133,0.05204318563179968,0.0462698044448812,0.020621684414538308,0.02253218328587378,0.1168732211675937,,0.11123708704919644,,,0.015668695209567634,0.15121097378497583,0.10423865808911681,-0.02090078133922232,0.12665631880855602,0.11357507408966859,,-0.00875420243719065,0.12331806201093884,0.16955372016457246,0.16946064068377073,0.1284266091190305,,0.11996798302107001,0.09903068643987253,,0.11181900065794313,-0.0707151148160451,0.09876863498922762,0.12344818470087707,0.11980415396171513,0.13633816465589554,0.10238631204363356,0.114844511571133,0.09433027396846257,,0.125049614679048,0.12062313240392752,0.1161438466284601,0.0764973431034209,0.13480196434694597,-0.02060028630409711,0.1567079500099821,0.03648327692325087,0.11422102535433933,,0.11755623479039355,,0.04951296444193057,,0.12065157200848378,0.12914698397288982,0.0631806078182717,0.1458652416351292,,0.15785424726927236,0.10493395938089078,-0.0279129206884086,,0.15629114184404505,0.16535767877742852,0.14580642804773317,0.023195026868858264,0.07125292095966923,0.11894613961026672,0.11387872234607392,0.11939460115949391,0.06656892520748067,,0.15898373385434958,,0.11590894963686345,0.008601119308193444,,0.07178870424899882,0.17908113553279176,0.13088100460090105,0.1143117448437971,0.1120600731547131,0.09988273551719337,0.0763317935760975,0.03150928306183571,,0.10840418675057598,0.007111005685183767,0.1450055186407802,,0.1639395897998568,0.09880863826877444,,0.16013741314078545,0.11349323853971964,0.14988923122654613,0.1783076307201147,,0.08293224966376589,0.13580543130816206,0.08175714753096326,0.11872610638035952,0.12179648289633435,0.10599414801741755,0.007038210242922377,0.13392702085219108,,0.15633671693996076,0.11376913539800905,,,0.09781515679578424,0.12436212888132847,0.09481034602365174,0.18190320800694887
2014-01-31,0.3343810781359257,0.3245906520390488,0.3121677431049967,0.29360432911136014,0.33103278219016885,0.39463156788577924,0.2995410279386254,,0.13966557461339654,0.43818108881976836,0.44870033036612,0.30827064272538834,0.2730913356002104,0.3541454181597545,,0.19094691159756488,,,,0.3690915970762113,0.3231196391518671,0.3356940525938849,0.32307245568690457,0.07729874278264982,0.2058473159142339,0.180065800289224,0.3192008002079635,0.365765415144234,0.29673984164664524,0.16000638956324048,0.312467772679054,0.3377670219196525,0.36138070334960487,0.3308955765754515,0.35047068241726625,0.3395193076840676,0.26927649731085357,0.2263510214544529,0.1938381360867696,0.13047041067152398,0.261258006156338,0.13919407310704374,0.38663621979191476,0.3057020008916665,0.323254838927871,0.3499404465417689,,0.32971647984431407,0.17156322804796642,0.3117306441071895,0.300286430463172,0.09593852964538621,0.16328508751297344,0.355432787438926,,0.3254117254714407,0.33249872197838415,0.13603658121497494,,0.16768650445908678,0.2683661989412434,0.1230887190710336,0.11542067634119237,,0.4268641639148735,0.13869627764508252,0.10308749402230152,0.18271686220619138,0.18405423370381555,0.2657475892394788,0.22003865347525953,0.0821005483898389,0.34490360528954783,,0.31020005122249467,,,0.10162761250089598,0.3477919896581805,0.3273498406434003,0.15820790263098827,0.3285452584512964,0.2817883625955786,,0.1455615562867498,0.3294980017655073,0.38411869195043424,0.3515422735575045,0.3476306899798519,,0.3092720828273981,0.31966857743948734,,0.4295703838876978,0.05296555967600371,0.09853355463927044,0.30799811841175345,0.3414309688161757,0.32460202778895164,0.2605810135401492,0.2898916788298514,0.4428792880511688,,0.32002726297038264,0.3084134028197286,0.207945133427999,0.22550970486641012,0.3150717671594108,0.11142732969909186,0.36126812584643725,0.2039244233130866,0.30829619003634007,,0.3074340994667743,,0.2475773443694501,,0.3560434699273623,0.3283167103633764,0.4562792839911068,0.3283059502551932,,0.3665219520888404,0.2615257259665854,0.03726487644548968,,0.3754556866373934,0.3960497131795754,0.3454431118404455,0.15692690558222872,0.42801715813697455,0.3051660666497023,0.3087802198324435,0.3094941258568586,0.36750625501337214,,0.3670752059008923,,0.30717982008691525,0.1892253819410346,,0.18419703160742745,0.33155633423121084,0.35475004668706683,0.2788808170540468,0.3083126363934977,0.25526476242254564,0.36834864486890806,0.17859305302566847,,0.24623394255292824,0.1135296848481848,0.36032314627010925,,0.3294662410318529,0.29325498104123393,,0.3157282625878447,0.3239311415711171,0.3375794609985714,0.30186378351563437,,0.431567503767852,0.3423445854368126,0.4120201913199265,0.3192185643123791,0.3196949569338128,0.262125635598461,0.18197542339352646,0.32378148434544773,,0.3457850944493952,0.3005324524508126,,,0.3149465928202431,0.31486967361604945,0.2991139971836075,0.33896487533554287
2014-02-28,-0.10813821902797173,-0.09851461149423767,-0.11155783584436811,-0.12574657592641522,-0.09759305216807916,-0.15174379864118398,-0.12752221409056988,,-0.20330177436934369,-0.0888508114125954,-0.03896674620203102,-0.11323241617885604,-0.13145620141413614,-0.08218557032090533,,-0.23475665483633007,,,,-0.08209433346092014,-0.11414942531237039,-0.11084694165895237,-0.12915896100428062,-0.28840180839777957,-0.17863197515593265,-0.15746607499637152,-0.1090570771976831,-0.09951165465942334,-0.11599792061946179,-0.1882505664755127,-0.11300608670419948,-0.16042565978904882,-0.19958085735127554,-0.12330125065413836,-0.09011499859500312,-0.12356069361326205,-0.10276026987118615,-0.15590905009333575,-0.22357625380300775,-0.2231357472090272,-0.15559098112693015,-0.257479705501444,-0.15537630246464926,-0.1411995829505436,-0.09932436131118329,-0.10189344094806889,,-0.10426445804969936,-0.24901720114502993,-0.11084835257101307,-0.13331824499290795,-0.249588255150751,-0.1866348631569924,-0.09976813713208992,,-0.10351319084203689,-0.10886306204359598,-0.23521220587325378,,-0.19169178790240685,-0.15074274998887052,-0.22750036682239322,-0.20382746490877457,,-0.16523983706128306,-0.27085506150682254,-0.23597974557212648,-0.2421762914431287,-0.17588994501378913,-0.12248222257319057,-0.20030343663318417,-0.24087428680891948,-0.11855064204885087,,-0.11239594504021659,,,-0.2343767374865496,-0.08219907730540785,-0.12219725955428722,-0.20623444156026785,-0.1035151642133373,-0.13312875657718934,,-0.20926725536112242,-0.10105769066637409,-0.050802492920705586,-0.08238008680000414,-0.09370370251581418,,-0.10585038246529781,-0.12320179261110858,,-0.09320953265686675,-0.27753914398322627,-0.18568152980469513,-0.1061312101078383,-0.1108953931500747,-0.08660701074092322,-0.14160105512018253,-0.1311063169389701,-0.1365930654820541,,-0.11052068024754261,-0.10872899287343354,-0.08995943257606141,-0.1752506113795228,-0.10254004303531623,-0.24472891448177633,-0.08138669705728127,-0.16469689923612812,-0.09919648121066937,,-0.10562586942373371,,-0.23308783108250863,,-0.111091317042774,-0.10394965965032665,-0.13305215736500622,-0.09012263700363482,,-0.08619660889905616,-0.14446104232099582,-0.3543222809352894,,-0.09170496166550432,-0.08304323815889755,-0.09003278208706968,-0.17407454145678,-0.15086924570882013,-0.1105495170919662,-0.11289000406977305,-0.10592737482992584,-0.16268725108935664,,-0.08951578071856371,,-0.11321641672081964,-0.18438379653403944,,-0.1084279026412845,-0.07808570732450489,-0.09833794553559091,-0.17405087661338411,-0.11876895685988581,-0.1485591254992209,-0.1456238498052873,-0.21089179026240024,,-0.15106008750870253,-0.20619096087191036,-0.10190917598512143,,-0.1012733297537942,-0.1266477687418807,,-0.08278774734697457,-0.1116845740404193,-0.08976238741296043,-0.09094832431647511,,-0.14839597904165697,-0.09444222084391832,-0.14973011505451336,-0.10398484976424763,-0.11008129833043118,-0.1443057215498873,-0.1870865115253071,-0.10137073452764224,,-0.08999056457689034,-0.11236704905154848,,,-0.12447595929268189,-0.10080160766632759,-0.12918449689428563,-0.09038374125241161
2014-03-31,0.2362443574324739,0.22253635043953832,0.21771458289974188,0.20400903307512788,0.24795806651965485,0.24920096561372299,0.21081852203425308,,0.029823131660045278,0.32181809353264373,0.3590631220628986,0.21302780513476827,0.18704238546262833,0.2675932736823109,,0.08159827466733954,,,,0.26751588640161944,0.22281543228730102,0.23887575419415924,0.21155870354268508,-0.04034620151458438,0.09123917770489177,0.08442036154103391,0.213008203446354,0.26346657847090366,0.20060713412652179,0.046376697920328544,0.21370318512381198,0.23382874769023518,0.23129025634212377,0.2197005630582193,0.25222015777358836,0.2258873078726542,0.1640316424935162,0.1287179948363957,0.08567581316039248,0.02443475167530055,0.16581944625990838,-0.004098640754855291,0.23978100110868297,0.19437667889439258,0.23194965424843267,0.251491285285673,,0.230056597330177,0.0300202333082699,0.21560417489886546,0.19318965582769917,-0.019867970004636498,0.05731630169113168,0.26281124098355774,,0.22892916450771464,0.23431358541711123,0.03619594108088862,,0.07295581801825386,0.17518864155911246,0.018291125100189386,0.025699774487158825,,0.2845681514118398,0.029799511572934503,-0.01029159887620187,0.07129449560827696,0.09776938590875113,0.1585974687084076,0.08794305463815714,-0.02899583484341923,0.23813482285578477,,0.21489328359339271,,,-0.014001570364564042,0.2556170633881627,0.21926133661986347,0.050186426168670945,0.23347400065904522,0.1902533818334369,,0.03605544611054456,0.23055101466049172,0.2958529463409036,0.2716754053130542,0.24313035816188514,,0.21382045021042675,0.21168802807320872,,0.29174877320512754,-0.05970353677141817,-0.010480885532041793,0.2140481026489238,0.2445598952631583,0.23406632089510102,0.1689700967344342,0.200826886196008,0.29990268038194307,,0.22388223813294034,0.21353416657393684,0.11620366196796882,0.13368452937099318,0.2228860884128054,-0.008819304206074281,0.26519907953743355,0.10218309642138222,0.21258461970070947,,0.2106464239815631,,0.10931939419720349,,0.24161222420307357,0.23039935578771636,0.28830583994495307,0.23722350537631004,,0.2782350751319531,0.17166238256859512,-0.08856758295215472,,0.2805411354176902,0.3012943556298508,0.2482797705401941,0.055777062534222564,0.2701064033728471,0.2101597958906271,0.2112570744416979,0.21427602939783374,0.22626569795273996,,0.27156882624367407,,0.20890634233141717,0.07891947362496919,,0.11683802980844361,0.25911701522268477,0.25665983494753863,0.17523054536502064,0.20709348906992242,0.16365846397326017,0.23254724572026686,0.07398133654220004,,0.15267320720123884,0.011068701776218373,0.25969677217266596,,0.2494432590341722,0.19278693275771336,,0.24959951763554175,0.22036073332360717,0.24288110617356815,0.23077704402153806,,0.2784446961302013,0.24803749917383797,0.2661944391662781,0.2221866430952067,0.22073102705139905,0.16990055379133417,0.07173608108316337,0.2315087474196726,,0.24577412869780932,0.20461064530105838,,,0.2071641814982841,0.22159617509852722,0.19405429245694947,0.2707347459843985
2014-04-30,0.3087242349777637,0.313505580509342,0.28566860350503864,0.25556259695654837,0.2528154925215852,0.48025404793244825,0.263373780646425,,0.2343105951429977,0.40587983679384015,0.33104567791159756,0.2893724161425212,0.22719859372137166,0.27860415323280124,,0.3167996233972125,,,,0.32860796929679525,0.3092606494289198,0.30574088223536117,0.34831400139327146,0.276790909885442,0.3373068345015249,0.23803166868586859,0.3251317966473153,0.3256619076645905,0.2880368490037477,0.28654611496339616,0.30067605987360835,0.3015195000828076,0.37874302930490644,0.34974757968940035,0.31721906754926477,0.34745656901128685,0.3580121622120155,0.2716204676003426,0.23779288266121582,0.23707499552496075,0.2580270637839761,0.42566961124060193,0.48234729273116483,0.3403751876526111,0.28121711148734113,0.3090255921881473,,0.3122562322932866,0.40995919014840165,0.2965732167531351,0.3211644944333069,0.25024796166003865,0.26684682828721734,0.30473888719514014,,0.29668824337837624,0.3036309971639423,0.18454948611311828,,0.24860552520092233,0.25982019703808806,0.24431535877320576,0.1959584328527111,,0.473753934926056,0.2942465084423771,0.2580405800777652,0.33121711533203624,0.20536927748667771,0.35171265850324296,0.34351957104407355,0.1943240792876413,0.3371883057347876,,0.2949021970950245,,,0.22091654030238184,0.29578649857941786,0.3381549774781831,0.2871881215137112,0.2980462427431948,0.2576370832994035,,0.27109662210004626,0.31232981474735405,0.31381250632765273,0.25690124575428885,0.3343616285516601,,0.29011478090259973,0.3356196325533085,,0.4801241015976975,0.22959059310386576,0.17838685367520382,0.28290821687025175,0.3122011834477215,0.28466085665524865,0.24751442262703985,0.2565026743567613,0.49711585882819953,,0.2931387050701653,0.2860257521690592,0.2312232349514798,0.2288325943481902,0.27696642222034357,0.26631212366396895,0.3095511139603477,0.27486763514680707,0.297623731043669,,0.29412438977087313,,0.3393312227221103,,0.36434578700593245,0.30257610079233627,0.5948613233175268,0.2795121977816004,,0.2903498672672646,0.24082881515385643,0.1735430240097744,,0.3102115924935915,0.3211143459858472,0.30735888783184234,0.2526853230781271,0.5310233084306302,0.2846661851691213,0.2960867808675575,0.2896725175130507,0.4476790836425119,,0.30601771366038355,,0.2955015589540308,0.29761459783846017,,0.17610226186070949,0.22329151364502361,0.32256771852290267,0.2590308772366553,0.30427583483861753,0.242789103808673,0.438615269047734,0.24990655499096173,,0.23285616605304835,0.22174187005250431,0.318107726371999,,0.23793681565073874,0.2977411100906887,,0.2098174801916994,0.3222805473051467,0.2914973125156614,0.19048679715230793,,0.5143423502679835,0.30431746070722787,0.4824689849992167,0.30255658621304876,0.3029796223399982,0.24612253944763315,0.29227186997342686,0.2839617915981111,,0.3048162211324824,0.28718313598735107,,,0.33223144768672463,0.2873502111000483,0.315474103771693,0.2096796783238881
2014-05-31,0.06684854149803758,0.08306346689720649,0.05491834735434289,0.04009322693060836,0.0003127808298654612,0.2690836494648495,0.03672183628958913,,0.16909143297315443,0.12275648539311089,-0.002672150822952802,0.060770784262466626,0.02603651522683865,0.00810322373288296,,0.1824813647384676,,,,0.06897105342744568,0.08032336482129641,0.06312022450025324,0.13320061696087415,0.24247934196819534,0.1919231883192554,0.10110115690062124,0.10594440081277882,0.07482928108375084,0.06729126224680121,0.1816768151290709,0.0746619938021195,0.09241620974508108,0.20580007569755968,0.1293653570094685,0.06334057285805533,0.13127106598596763,0.13579125006346918,0.09917940320240551,0.14846587410361597,0.16018250311699023,0.07657568952995703,0.350999654366957,0.27596221565520357,0.1374767590485331,0.037325082321928826,0.06198198694864803,,0.07496662847582546,0.32968625234667,0.06501240356732155,0.11746665744742506,0.21321116649272262,0.15417041065326229,0.04003809595689995,,0.05987885822933888,0.06706626223732882,0.12283561097906986,,0.1093800121090058,0.06485966713362018,0.16416955034709607,0.09552917348042221,,0.24629148618299773,0.19494068170090303,0.2057241452935758,0.1999940863038846,0.05643475913296581,0.14572635003918835,0.2414456703905055,0.18545100264538944,0.1040505058814723,,0.06248695062307383,,,0.19734353928386145,0.034339138755441895,0.11610540831527244,0.17331982220613074,0.0545596566374541,0.05290940611118469,,0.17748057454898483,0.07176520575054234,0.011087510805776192,-0.018659417458573416,0.08803128270599388,,0.05974792003562162,0.11699014447846805,,0.21912563366767324,0.21549225229384616,0.1653662954513741,0.05292984983887514,0.06216745021725225,0.03253632673564682,0.05767010276788079,0.040865701169308204,0.24871211110411767,,0.060908540500784016,0.05717982702743497,0.062287700528739505,0.0703529552904297,0.042691369998682525,0.2298304112925819,0.04689881846378268,0.12329353179567097,0.061884566693115595,,0.06607536471515457,,0.25943734139278984,,0.13396907445259368,0.06571041561454236,0.36109615850872123,0.032400856472709315,,0.013357268626306896,0.05013074212361981,0.25679929073254343,,0.03981689559388647,0.03491183516427234,0.057639366869730514,0.13443339400445384,0.3148043904165069,0.05860930411417461,0.07016063541311185,0.05843529081150634,0.25284560104753007,,0.04341546027474148,,0.07337400525002107,0.16768905073851892,,-0.030814151360972226,-0.04667373946601364,0.06373613407698256,0.09895958293485875,0.08729979980387632,0.05938430046189671,0.2301474049822374,0.14475235315082027,,0.06550508883515668,0.14730212096856876,0.06860165988705316,,-0.013352159289728232,0.08807207188051297,,-0.06643138083195052,0.09436427583025059,0.04544546948576253,-0.052993898319083826,,0.2920586578653978,0.04911549778853723,0.26256393981676845,0.06565450029803295,0.07394819580625257,0.05950636861330985,0.16836980667754572,0.042057622633318865,,0.06516733163802281,0.06449721707519526,,,0.11690336658814558,0.04857631911223337,0.1085171426582339,-0.06524426051245069
2014-06-30,0.08723671479800091,0.08753925406147951,0.08644799726303161,0.11176714997307417,0.07590278535935117,0.18448180353620203,0.10427391049456296,,0.2598289664891441,0.08365495306554047,0.012107602968011446,0.09782519651908242,0.09745328507344919,0.05132678720818114,,0.32942580467715477,,,,0.06263801164386758,0.1101187729226596,0.10396632252034461,0.14440132297055455,0.3733161655405333,0.29641594576065067,0.22526258030701857,0.12151426818998945,0.07408063584728312,0.1020551963410616,0.2048393814622165,0.09959831062470656,0.10388088784018146,0.17005985364165796,0.14088174937637576,0.09236818559066587,0.09891116890306828,0.26851075858169005,0.18102375556188913,0.21827149888386793,0.25070825657358387,0.15030893454055222,0.4312695923536873,0.17317065985265492,0.1528614269004171,0.0727466525113958,0.07354014926027046,,0.10055428912087382,0.4058129417837767,0.10561258944113967,0.13758264001025358,0.29195414783637286,0.2550679752772117,0.08522354041956658,,0.0840858536977054,0.09358860277083732,0.20749456396570456,,0.24622258093513133,0.13134601347894695,0.2967286164596655,0.2503784187413251,,0.14573139752366385,0.34333923619790546,0.32119293557274464,0.37288674404677424,0.1636201835219522,0.28363997036158395,0.1682727281847521,0.2759364684103589,0.11036583409411264,,0.10710814699201543,,,0.23282589730960504,0.06307853004715983,0.1344489538221123,0.29637221537300074,0.08556501175227035,0.1293175909481869,,0.2844013110248192,0.09630852600879927,0.05810675362092592,0.05935844359677662,0.06955933352702094,,0.08934760608043944,0.13149798187246167,,0.10578934846669436,0.3289293676415383,0.2909245814226145,0.08583180575390047,0.09243168930156272,0.061972837269722705,0.1320898114501376,0.12073119969531525,0.17106131563194993,,0.09244549894795327,0.08700054447975075,0.13432090715874956,0.16464874760452916,0.08048284443497086,0.31409935359045915,0.05721686541103107,0.204278142199206,0.09043367807937457,,0.09268828083202624,,0.1743099929977267,,0.11916059631735727,0.0862618047425795,0.2468544014966329,0.057951244056755155,,0.044003252717491774,0.13173520291186117,0.26969074228608103,,0.04947013298705744,0.04499799510783856,0.08163087090083361,0.2561599021691678,0.179284849087629,0.08947651184905944,0.0987810927498907,0.08564116947328734,0.1561674169559695,,0.05521923411399,,0.10154822379900301,0.23911072424432428,,0.09417750596919343,0.06750770175932491,0.09156076717836219,0.10509749714182966,0.1155020653632069,0.13830787040990228,0.1623314978550172,0.25689569568099185,,0.1258454300719141,0.25749904397512313,0.06996718360924381,,0.07027390455702295,0.1159138226364734,,0.07497349346566054,0.1125070529357571,0.059700744856243555,0.029956556801085533,,0.16772046434478208,0.09063218955102435,0.14538483557510573,0.09375159681159026,0.10264414134583229,0.1328372959045807,0.23807772272638658,0.07948372933853619,,0.06241146727485999,0.09711096885465326,,,0.13135027703107285,0.07984704416612344,0.1335942266958715,0.06380201922362799
2014-07-31,0.0973288744735894,0.09295692269051073,0.09471403996790743,0.12114485912349456,0.08968593056215907,0.1858901916256135,0.11794196214651913,,0.2521820855917168,0.09187196896019603,0.03098854599578584,0.10929445328469303,0.09785572914313208,0.06453280711639817,,0.3784307446331682,,,,0.06798736294086198,0.12115355623914764,0.11893173457607487,0.15658616612165868,0.3976695107162535,0.34052108423537397,0.24751468162092094,0.13073483673730502,0.07703172111413507,0.11279561523218047,0.20556429513449642,0.10868893170412801,0.09240002916588139,0.14565748982915308,0.1534117378155532,0.10798629211926024,0.09296039021864604,0.3415873491722681,0.20201397488073808,0.19755231457927774,0.2518777499214825,0.15652854405788247,0.4876143120444162,0.17045117038852903,0.1639251099073312,0.08294026796730888,0.07824061749609032,,0.11297127810289403,0.44734201958144265,0.12069704913856921,0.14597749804281515,0.2876627562881861,0.27451450196569566,0.10439667022933162,,0.09218054644934354,0.10206873260224456,0.18064913023252047,,0.28037156075649394,0.1396781069067237,0.3165642779058742,0.272686348054954,,0.13631726157173865,0.3869021041526247,0.3348822610177828,0.43563061577532847,0.17365973187427777,0.34982683282238425,0.13773267012648657,0.24887750673555356,0.11815864714449509,,0.12369373457189775,,,0.19839482820515297,0.07587948721541875,0.14709628442800313,0.33103292267952034,0.09800745574486827,0.13991099866725845,,0.30423147720825744,0.11002122123355575,0.08876251099165582,0.07871928489149396,0.07444561909779647,,0.0994337300846578,0.14324923756545907,,0.10987957384692079,0.3319534485628948,0.2660840914275992,0.09474993416102404,0.1077622943109432,0.07495186698833027,0.13919874068112106,0.13407978801581608,0.18048535412377834,,0.10120156710974315,0.09536128509998894,0.14479619750614872,0.16885236033780113,0.08842644005654011,0.31135379540789654,0.06513869806289237,0.2243214236120557,0.10553090739201797,,0.10282940663870627,,0.11912412462070315,,0.1248812441014341,0.09426859145421587,0.2670310633201377,0.06453513918116675,,0.05601419852493789,0.13874637969905965,0.18536852871238957,,0.05585228675509631,0.05528678261882754,0.09235282878614595,0.281873995260334,0.17348855305830427,0.09753030141376022,0.10864630861839848,0.0951837658210226,0.1449766688795323,,0.060271976182399385,,0.10994287603275027,0.2589736072800699,,0.12650073505532214,0.09072707810932279,0.10920508259745294,0.07596956920365827,0.12406294673858083,0.14400819646411117,0.16267021291322414,0.26508094273955995,,0.11868180434689303,0.26431769278369077,0.07224923731193474,,0.08140859266847314,0.12394020961497962,,0.10981207177896449,0.12375271693973261,0.06332997427361368,0.0312020501142605,,0.161192644387726,0.10891221453457184,0.1359289483810279,0.10708073102791257,0.11253956499841157,0.1371624189700291,0.25540771320812833,0.09008684949370156,,0.059831587170068604,0.10656646981391063,,,0.1420767845457451,0.09141369494618848,0.14346967571016725,0.08634634508539037
2014-08-31,0.092232805201012,0.06986593027534346,0.07258593991827685,0.07526178793122927,0.04463069992046146,0.28289925944994093,0.09186874941461202,,0.1274911023506751,0.14944450032794415,0.039812297750498445,0.08523814796507943,0.03847364888696414,0.0396397636720195,,0.3690605441563568,,,,0.06227959809815323,0.10466608765127136,0.10753613216526356,0.16077679203629938,0.34924976512229927,0.2902577623715239,0.1295982246599251,0.10546957169543282,0.08145338743298466,0.08485895902942227,0.15290446582538056,0.08886654247825788,0.12108278526021488,0.21938100146748724,0.1552980575587651,0.08839358092908021,0.11027587220239532,0.2657007318995778,0.14988957216022203,0.1366604216556688,0.17190886377173,0.11236250611299123,0.49593086496287864,0.27699226828006396,0.16777714969722943,0.05626405689893655,0.07353856214306768,,0.095246763155867,0.44569228268731587,0.09636446825193551,0.13414828718965935,0.2065770188886421,0.18610106698277284,0.10095984451095312,,0.07081656543160925,0.08726224975039536,0.08949651646992719,,0.2108488682410213,0.10919713165928945,0.2282309173030375,0.15703972631846458,,0.2757976958593067,0.38443828167323796,0.2366039626179581,0.4236821115701721,0.09834051273925876,0.27727057888538,0.1508639306180847,0.10364179082612315,0.12802649436514643,,0.10046456631974057,,,0.0935800441181914,0.0509843535126381,0.14421180119401902,0.2653822152296167,0.08170536107761794,0.09012460542390065,,0.22317151604679883,0.0925785736107829,0.0628153398442106,0.03898905989084487,0.07793633024369258,,0.07105697090343989,0.13975899784519705,,0.19879932619370794,0.24438387608468992,0.025698625430382822,0.0632848947576511,0.11189198200133514,0.04456507247058623,0.08377093508657574,0.09248992082658364,0.29796880723554237,,0.0800542676770505,0.06822311996801128,-0.005469511701022061,0.11093498375046937,0.05286433110525955,0.22128794158697035,0.05102404587264022,0.1616426259381776,0.0769302362770301,,0.07371642843334258,,0.15134635422261847,,0.13551212650621075,0.07626912117188091,0.3975291346367253,0.033047009964175166,,0.052266525831365686,0.08332316356458218,0.12122844178910383,,0.06484432328054826,0.07186515100429923,0.0684305234887479,0.17043376125033877,0.30754978501978747,0.06896680282051448,0.08622205766655516,0.06911845786889254,0.23913636426173923,,0.05528657117865975,,0.08339529547505908,0.20744017199654002,,0.01611523766579594,0.015222036825620542,0.10869175962394977,0.062107804684639355,0.10032945264771456,0.08750159220817857,0.23395003172956275,0.1899347649340159,,0.05346326452018656,0.14652632606635407,0.07640485867197748,,0.03305179928406843,0.10262038566720756,,0.03456520625390074,0.11092645584844003,0.03693255849601284,-0.04761680738590298,,0.2900768672589546,0.0892018005866632,0.2559538525769883,0.0865463744074884,0.09015737232709059,0.08143833346012436,0.20060097607304583,0.06321615054814449,,0.035755889490021765,0.07644951947361144,,,0.13606125966679067,0.06464573108920352,0.1265167497329242,0.023265424195582383
2014-09-30,-0.01286253799517128,-0.031796787639900924,-0.043424328592262244,-0.08727862183008585,-0.12071276268025205,0.2617293254818989,-0.053777138374542635,,-0.09566620566638473,0.089720818956025,-0.06672590068505473,-0.03745235340702042,-0.12265620080402294,-0.08910236915688668,,0.14895351646633323,,,,-0.028821391263508286,-0.017726567375657257,-0.021573049894028074,0.053991002148068956,0.13700962303787886,0.08239651844133415,-0.10809768727938862,-0.014200900068618912,-0.011392585375487324,-0.035768667977080754,0.03915287356502249,-0.024923218258713693,0.02852080860720195,0.1545214113846756,0.04528341487400102,-0.037830351032385114,0.04783811817490979,0.016762937458118802,-0.018438730174189906,-0.04294051190542671,-0.01466287241393324,-0.05283392105050046,0.3255196636111489,0.28094172081989405,0.06076999674507724,-0.06429716664766602,-0.02758353239914192,,-0.023363126160448975,0.2637681971300645,-0.03186982918041194,0.02032812899073355,0.02544878596600632,-0.020747579743028134,-0.02627222771324019,,-0.04327116856050542,-0.03041293168866871,-0.0966896192379176,,-0.00592769297434721,-0.037687206920895666,-0.0020297836404081695,-0.08740855080565822,,0.2896102470940354,0.18018598532012509,0.010620621132367713,0.17522440120441685,-0.0857294386345219,0.02004798037838442,0.12986925930787693,-0.12251074251281417,0.030214597387283052,,-0.029621242413987576,,,-0.06114512145802739,-0.06829331478992297,0.029596510970222187,0.04836291979490732,-0.0347339619408956,-0.07950787726171647,,0.01289265006816158,-0.023074943245154838,-0.07674373738260515,-0.12511549753684276,0.0072383716856046065,,-0.046448949287927296,0.03129419271844559,,0.2095594070328849,0.03865943914405304,-0.2949493434483839,-0.057378403953935404,0.0021546410948487223,-0.06944960015485879,-0.0819666945950065,-0.07405140133547113,0.27306703576547625,,-0.04015964940341409,-0.04821457816224065,-0.20602679316632805,-0.0706392653131397,-0.07521426526126336,0.017794563081822576,-0.05232864834794433,-0.012168671597026236,-0.03811135112874313,,-0.04234190383638749,,0.12992089775247725,,0.0466411384636768,-0.03482606992809821,0.38195633127187983,-0.08092248756253334,,-0.05665318338651329,-0.08824122780959698,0.0020781241224867558,,-0.027390081803877968,-0.020941889888338346,-0.052727006852787854,-0.062079471160113885,0.33470060487782943,-0.048869047330595425,-0.030048329239235637,-0.04417486824975939,0.24080650035443946,,-0.04626824112017082,,-0.03586020690596718,0.04134492506812005,,-0.17134825001737686,-0.19220817492433165,-0.005784295349964495,-0.036528631480623665,-0.022344518766375138,-0.08298968369548794,0.20130102267348143,-0.028027886523316146,,-0.10486295984321337,-0.07186669491639364,-0.01505472237477888,,-0.13894607313004825,-0.013042478698051429,,-0.18625836183840222,-0.001289374651975208,-0.07035202155484097,-0.2169210704892794,,0.3077977641845509,-0.04219259609544558,0.2766299197118305,-0.029145837949705905,-0.031513484925985415,-0.08545601755300258,0.0360238618014963,-0.061341233248337276,,-0.0631635395162523,-0.04402015025985712,,,0.027578404639581184,-0.05153925457130587,0.008104018575619334,-0.1899897843067881
2014-10-31,-0.28154747715351225,-0.2959546356226542,-0.3079129974973907,-0.37434335574227184,-0.38238575063521224,-0.09929337782653024,-0.33571946532864577,,-0.48565723055617754,-0.19129349032536316,-0.28765170040521737,-0.31141814666401935,-0.3937353376990004,-0.3303346895053305,,-0.32047861987635984,,,,-0.27867488671892143,-0.3048779336243526,-0.30682238887132834,-0.262554104786746,-0.34992979446869216,-0.3514848801999495,-0.47482609987961355,-0.30826046123671197,-0.27291176429544217,-0.310931516914922,-0.3011727760413329,-0.3002467629238042,-0.2608770637479859,-0.19710843159443486,-0.26927788263459623,-0.3128403162229676,-0.22929703789457023,-0.4002369383167526,-0.35414309917983444,-0.4104727902073795,-0.3975172506242637,-0.36941052812011843,-0.21607355929248462,-0.06764791671336234,-0.26101121427339974,-0.3183893152096031,-0.28651423638080414,,-0.30224589120719497,-0.2618679186347594,-0.31320647461648843,-0.28668416439622346,-0.38709986256927625,-0.41080183739081017,-0.29896890126122405,,-0.3070195455059786,-0.3046608484093136,-0.44506820211021153,,-0.39325700580380774,-0.3385529244168212,-0.4264575296818298,-0.469738755607737,,-0.04604677446289167,-0.2942618807466764,-0.429718184745642,-0.33243090683895876,-0.40202544883935,-0.41192879042552244,-0.1859561384006135,-0.5181540631217447,-0.2605166021029335,,-0.31243676217245187,,,-0.4190627771683014,-0.316847854794609,-0.27917133810919054,-0.3800526027020047,-0.3010299836572077,-0.3801880924867279,,-0.4015283162960784,-0.29782029057386494,-0.32670012144540195,-0.3755789852675608,-0.24421598646133952,,-0.3118631034179237,-0.2730810537660165,,-0.08255911541734826,-0.4023133230577563,-0.7027302431416014,-0.3198426082683938,-0.27371067833301793,-0.3125836163468572,-0.38122151848291314,-0.3692992576896638,-0.0859167331682889,,-0.3113288752645202,-0.31183240496902304,-0.4886864898734366,-0.3957399745012159,-0.3346517802881337,-0.4167654205829462,-0.29719935124061914,-0.36367124884810326,-0.3033126645985043,,-0.3098975856874853,,-0.20016177880088043,,-0.2512274714699642,-0.3008045273108045,-0.04066922643209435,-0.3215529282666754,,-0.29386548063002704,-0.3883811886309386,-0.3861455309858512,,-0.27010344165608663,-0.2633532159169704,-0.31706878089846224,-0.4518296816684468,-0.024824262343418075,-0.3141887529812768,-0.30416799840902553,-0.3063044157522555,-0.09057508626855694,,-0.29188849022652147,,-0.3119638823020618,-0.33814475289280527,,-0.4218020442002748,-0.44768576647428804,-0.2820328010111944,-0.3151611445819501,-0.31123378617604114,-0.3876082072219937,-0.13578966888521218,-0.4270234872897236,,-0.39560584222048667,-0.4562364557532517,-0.2723758372328923,,-0.39664611920722787,-0.2999455283015735,,-0.4475525466776008,-0.2893392110806008,-0.313488350187127,-0.4329386436312946,,-0.04333954642550092,-0.315574251843955,-0.0520446882789716,-0.3001358581127723,-0.31095382669927984,-0.3859239597186285,-0.34118017913411997,-0.32169013321251577,,-0.3089551065944506,-0.3151731946731764,,,-0.2757830943314574,-0.309642550021456,-0.2951666622492212,-0.4468097337637982
2014-11-30,-0.17684117625326934,-0.20893600823528277,-0.19800036495636666,-0.25301023298195596,-0.23688628422005123,-0.10719816900205167,-0.20930634747582208,,-0.4573785451665992,-0.11300547298295488,-0.13934875575083486,-0.20588415517176012,-0.26421080666094404,-0.19114020535196688,,-0.2762875787162101,,,,-0.17933255199141243,-0.21010132110105445,-0.19868349300778496,-0.1988979634587055,-0.34926489014112116,-0.33454242180117155,-0.4084162865209153,-0.23478946875824142,-0.1712511037142823,-0.21114250179144545,-0.28019761294682183,-0.2037509817204669,-0.15224422925923048,-0.1483844662329165,-0.20389196319661593,-0.21056051119369718,-0.1625266266924383,-0.36275688435691017,-0.2755681214409585,-0.34717262931135284,-0.35470134418042476,-0.2683040617105537,-0.2916395389712835,-0.07982744048676084,-0.19882274679635523,-0.19888626783206342,-0.17794524701946102,,-0.2063019044158637,-0.3202639212117457,-0.21110161402503733,-0.2148279675402255,-0.3780691304115728,-0.3725999592478112,-0.17480106599726689,,-0.201397190015315,-0.20066949155505834,-0.37025878928782874,,-0.3196572974298929,-0.22895871126654893,-0.38693041768352743,-0.39273918214860115,,-0.024749362003440342,-0.25375395192559735,-0.42050515893388496,-0.29978730154530653,-0.2935739051656341,-0.3745235772835408,-0.1890439806131528,-0.4979566123749053,-0.17593639518578694,,-0.20817353192844004,,,-0.40412570555165567,-0.1974449032561103,-0.20556918456639584,-0.3481457307590422,-0.19088620050680646,-0.26748105589074694,,-0.3741414959717827,-0.20081772157623975,-0.19669530907452268,-0.2185649604136544,-0.1572189212548217,,-0.2083777810583474,-0.20102285736349843,,-0.0711281678091272,-0.3921744184500032,-0.6912760468970056,-0.21174058214197877,-0.1630578342934698,-0.19439794732511628,-0.2725330085732312,-0.24698433542838147,-0.0759044365840596,,-0.20474110951410668,-0.20548536074831847,-0.4164766136386349,-0.28954801800728286,-0.2196035539681257,-0.41939680796281803,-0.18415191356293228,-0.3033624284406889,-0.20408454419509542,,-0.21136453329104501,,-0.19790308467129647,,-0.18887480848911575,-0.19851974158548544,-0.10957969744417077,-0.20129887829314666,,-0.15368850326252723,-0.273087736621195,-0.376733426179951,,-0.14450734580423089,-0.13370484111263037,-0.21172119340133697,-0.4066279417358272,-0.05800652068535725,-0.208800614860525,-0.20526651169078858,-0.201674535703671,-0.08721288731412995,,-0.1718185466166656,,-0.2157071421131064,-0.3040908884411754,,-0.2782907963927215,-0.27761823575401207,-0.17525405847213438,-0.21793494224998328,-0.22253904394134943,-0.2784836484597774,-0.12388183411252117,-0.36963403753370294,,-0.2916634368593559,-0.41551030815878276,-0.16627567951552835,,-0.2404101007063676,-0.2112261831733116,,-0.26444120838357854,-0.20517559700886803,-0.20082061107970722,-0.25825293752186,,-0.06086680125542645,-0.2029226907668076,-0.051656419079287086,-0.19954387502815726,-0.21399768345337739,-0.2772569408971186,-0.30794464716234404,-0.2047465335740702,,-0.2086992295242476,-0.21420147054382838,,,-0.2040928400696898,-0.1990513021739687,-0.21895084951401908,-0.2569852814209149
2014-12-31,-0.4792023448088125,-0.5226847749271869,-0.4927186278541182,-0.5520041605019068,-0.5491316782217956,-0.4156327296127618,-0.5056806670273483,,-0.771855737966587,-0.42581941401244483,-0.48070907884696334,-0.5179051515152446,-0.5205435911648781,-0.501512171906636,,-0.7234376742215729,,,,-0.48655910880953973,-0.5306031926838881,-0.5233955566105594,-0.5347312216075523,-0.7168183520615602,-0.8388270717766148,-0.8253600838307302,-0.575783784890543,-0.45357905062363435,-0.5239775298203317,-0.5834946460559592,-0.5130869793048998,-0.3266357099015042,-0.29431649416615,-0.5456170559155191,-0.5601898402481825,-0.4170521142213787,-1.0257851943483145,-0.6372436434910566,-0.5373460431124322,-0.6447785423900787,-0.55495662683644,-0.8470175264044377,-0.36321840664375227,-0.5227065296971495,-0.5024318579390546,-0.46152028225536534,,-0.5365922703291378,-0.8216110266666796,-0.5434284443378956,-0.5307394551321031,-0.6618551054491923,-0.7688287436413987,-0.503817155711045,,-0.5057889740799912,-0.504789816461641,-0.5241413878740351,,-0.7255783905621996,-0.507478053240474,-0.760526392011453,-0.763286093663153,,-0.23423144250622607,-0.6487551686108823,-0.7980341366430918,-0.8125477390847446,-0.5801785177109097,-1.0021951924919974,-0.353963531732806,-0.7290596086688517,-0.47875221403397383,,-0.5426745393382236,,,-0.5837780615797044,-0.5230983519944015,-0.5424483719937813,-0.7881381597741102,-0.5055088169511086,-0.5774040179202304,,-0.765502175076291,-0.5354697367287011,-0.6059268363387919,-0.5484466175036072,-0.4558913261851573,,-0.5220089329797095,-0.5328561054544814,,-0.401487840700338,-0.6883424802192413,-1.0387787220619362,-0.518128712061876,-0.4755199353114975,-0.5162777154921075,-0.5668605401883635,-0.555187303494198,-0.40415103029633404,,-0.5074281003522644,-0.5073334169055624,-0.8290548751906142,-0.5569718703194423,-0.5222322348601918,-0.7363675637355788,-0.49247419025935385,-0.6777939610789367,-0.5432057782692287,,-0.5300353763414714,,-0.24683154274171615,,-0.5104084837669117,-0.5040860991120691,-0.5551709274852654,-0.49695263639451154,,-0.44427708522622145,-0.5604600109413558,-0.27713453176261615,,-0.41832013038772703,-0.4228576556733368,-0.5398749442648992,-0.8409422146612752,-0.343737004816967,-0.5099568805840344,-0.5161200553993371,-0.5099805566459141,-0.32209415426298255,,-0.4547067775980673,,-0.5260612441540815,-0.6850398392819055,,-0.6617506515826403,-0.6339519187935645,-0.5125999952666482,-0.3416273722006357,-0.5383372016684763,-0.564314578486528,-0.42049161842174915,-0.6921116085656858,,-0.5333065847322692,-0.7592854881973172,-0.439013830000664,,-0.5328502138071939,-0.5151310174957349,,-0.6478401096705518,-0.5345452088181111,-0.4914238924115596,-0.5082017135892918,,-0.33446589841060953,-0.5491926932137697,-0.2946687553801673,-0.5269677143255219,-0.5319439653677476,-0.5607336996207475,-0.6787156893013175,-0.5126363565558548,,-0.48759424760555675,-0.5246354789572908,,,-0.532112281824703,-0.5133696828751478,-0.5411911105531761,-0.5814435986780688
2015-01-31,-0.46999236626308216,-0.5021016196058562,-0.4732680441909773,-0.5284190441228384,-0.530437844761879,-0.463086636694016,-0.48742035118982946,,-0.7018222196926471,-0.46273155930260984,-0.4950698058580577,-0.4964323972727693,-0.49037097215588304,-0.48834170550251876,,-0.696699186149459,,,,-0.48186136094338855,-0.5170462792547934,-0.5148283742801599,-0.5288501885830238,-0.6593307741233876,-0.7871624131516363,-0.7500902496970017,-0.5561824267790809,-0.4573242314159694,-0.49772738284702894,-0.5216903401817548,-0.49391257311379244,-0.3518243743243722,-0.35377006859537036,-0.5404423044374408,-0.5473973375194134,-0.4209446700034512,-0.9612548963883254,-0.5911947917364662,-0.5138669228747782,-0.583881924293461,-0.5300022546542361,-0.8010092306246601,-0.41006549044953855,-0.5143965892699427,-0.48205420537204047,-0.4579059791889404,,-0.5211030237589006,-0.789381836259025,-0.5216529731512338,-0.5152882704718345,-0.5962983670458182,-0.7017969073674278,-0.5002955528506462,,-0.4886958003147233,-0.49424629017467686,-0.4769439520758899,,-0.6644038982607822,-0.48509037557936324,-0.6940191814263259,-0.6801957297747931,,-0.3114855480434766,-0.615865440256923,-0.7244920218564002,-0.7822935437057725,-0.5244026523280509,-0.9470547180166755,-0.3378360538648611,-0.6502924943793867,-0.4806064243825645,,-0.5208859258825428,,,-0.5164520184148067,-0.5059496664781428,-0.534925113073458,-0.7276925301903299,-0.48994990458363963,-0.5506737430889134,,-0.701100340405673,-0.518181566770237,-0.5884226151052325,-0.5324274117826978,-0.44692586354724295,,-0.4971084218836924,-0.5221339420652207,,-0.4369843403046852,-0.6138353803271984,-0.9303373510107731,-0.4928572277785807,-0.4714252667688084,-0.489445093579356,-0.5338353998848854,-0.5322505070412649,-0.4691552927176258,,-0.4911091142734927,-0.48398218722866015,-0.7332847261602451,-0.5235243167494413,-0.4987046533348018,-0.6741187606525092,-0.4830446374416573,-0.6233602490286037,-0.5135214929222889,,-0.5038060035708604,,-0.26630124044158554,,-0.5133098163918492,-0.48880190550276525,-0.6204882782271098,-0.4746757381458844,,-0.441473484792021,-0.5296284683626226,-0.24949168920775228,,-0.42403883346023025,-0.4346179807926057,-0.5251478764148608,-0.7616364626633447,-0.4106482487511892,-0.48578197311025867,-0.4948331266454583,-0.48561490430329773,-0.36419917028005355,,-0.4538127908103502,,-0.5038460660318537,-0.632975356927295,,-0.5676050767519802,-0.6024941481404236,-0.5077433399616347,-0.34304418782300206,-0.5192519191391022,-0.5322585541991962,-0.45080778321292464,-0.6484818517118277,,-0.4991120299718936,-0.6769912641771428,-0.44161281151966936,,-0.5158310953022863,-0.4929713066537129,,-0.6097781712503987,-0.5199946799804483,-0.4740828835122507,-0.47228617031692444,,-0.40225264177458886,-0.5346536304190482,-0.35416296327828045,-0.5060765652107324,-0.5144466299923797,-0.5302026198068747,-0.6245181422491526,-0.4932888715523515,,-0.47497649622305343,-0.4984936706093239,,,-0.519626624689096,-0.4889858204087339,-0.5226011268680899,-0.5619338496479709
2015-02-28,-0.4412928082308429,-0.44816661176046185,-0.4139438652027811,-0.42541045907874925,-0.4175112678108481,-0.6447136125678992,-0.419732091937623,,-0.5091947103696732,-0.5382089858949838,-0.4645548897351079,-0.4397090440416173,-0.3536134621206689,-0.410250649952505,,-0.7447293654567718,,,,-0.44594201358272667,-0.4757513083271495,-0.4781176554062503,-0.5387708531059083,-0.6500506122570161,-0.7737801456020753,-0.5781896919847003,-0.5091038907656483,-0.4347305155820217,-0.43799742010197096,-0.46430102101846316,-0.4458151671484086,-0.3534262530135052,-0.4428044438639927,-0.5449968934607434,-0.4989881399283999,-0.43116117929175657,-0.9181652886153656,-0.5190263863323331,-0.39134742122640115,-0.47120340390419085,-0.4397523587527647,-0.9524811920390518,-0.6071557164275773,-0.5252906715258088,-0.411191907283859,-0.42032969617124094,,-0.47813342631787015,-0.8951443762441812,-0.46944423211982306,-0.4929065001675949,-0.49626179514896485,-0.5927203598759276,-0.47152187080313407,,-0.43099722585725875,-0.4475936439025488,-0.298573109071675,,-0.5850832306736201,-0.41588234941446134,-0.5885510349346562,-0.5145141708019335,,-0.5353685423185589,-0.6781305391695844,-0.6127994060110812,-0.8464508261457427,-0.39161825617709883,-0.9018568327396244,-0.3635711716863076,-0.41262917807070904,-0.48286353704173296,,-0.47123949977274543,,,-0.34130931451307334,-0.43809947586861214,-0.5279733180722825,-0.6764133878486861,-0.4428310329254742,-0.44774080962082446,,-0.6117739104564778,-0.47679104102897585,-0.5282644336655035,-0.42663057504306906,-0.4352438597883725,,-0.4327991087725478,-0.5151503640014989,,-0.5963339911443852,-0.5146224597190884,-0.5348913367122895,-0.41991686268016604,-0.45993292797944746,-0.416329238676484,-0.42233907701705703,-0.4405615991007996,-0.6790908853699585,,-0.4343882914287078,-0.41859315248153406,-0.4903600694633898,-0.4092929188670488,-0.4133445801543171,-0.5635066401558725,-0.42983737914605147,-0.5437979503902345,-0.456699206396757,,-0.44099773980965545,,-0.29032865856955675,,-0.5242481610592346,-0.43797696836131533,-0.9005419304213107,-0.39117636471675393,,-0.3961329601506039,-0.41446984490380956,-0.09836327169197971,,-0.40026968251509226,-0.4233304438229211,-0.4634993797781517,-0.6175106875185222,-0.6561383202149768,-0.4184678937723801,-0.4424566037882596,-0.424168488691818,-0.5260914467800804,,-0.4085768810489778,,-0.44430329620045395,-0.58639060755252,,-0.3845789460964815,-0.4356990514656613,-0.49114124576984725,-0.26670172092715755,-0.46786544606920005,-0.41759940600958306,-0.5817182752642085,-0.5372829727183984,,-0.35985056397091336,-0.5093587155955301,-0.41643648343078804,,-0.3892067074806855,-0.44714380773521095,,-0.4513627827092292,-0.49048573169230714,-0.39857169640208606,-0.27879134737883726,,-0.6299661545523642,-0.4847802985285206,-0.5578707104962654,-0.45865536003769763,-0.4615177681008915,-0.41487982417004415,-0.5710257665168762,-0.42352034537612326,,-0.4017557203195081,-0.4327034006201954,,,-0.5080591242723728,-0.4249888460096049,-0.49120403181802935,-0.40435786603774276
2015-03-31,-0.4221217317262556,-0.41684655731196596,-0.39560219251505796,-0.37587893459680677,-0.3783085831323558,-0.5685767024186414,-0.39507865225095284,,-0.3521984218228199,-0.4949320347585019,-0.44926594759331945,-0.41580883477839364,-0.3109189925303226,-0.39491595820530667,,-0.6464292223857562,,,,-0.41815028835134305,-0.4347787864706147,-0.4413657823796177,-0.4857842362359629,-0.5371060177943352,-0.658365286987417,-0.46379888594477275,-0.4520828242387828,-0.4034819836291441,-0.41529101065666557,-0.4203489023790885,-0.41839361495681043,-0.31620750338979486,-0.34884504624896784,-0.4876309291007181,-0.4566067047624329,-0.3991611014564246,-0.793060254781323,-0.4666175940213256,-0.26829344487969753,-0.37897981725540575,-0.3765214473270854,-0.8294490498034685,-0.5522449437169386,-0.47596443364462254,-0.3954114151419692,-0.39577598865802865,,-0.4421564543477178,-0.743009782705157,-0.43963095745798075,-0.44537010619042106,-0.3854011832926129,-0.4864121056127648,-0.4485828251790257,,-0.4054402927730816,-0.4131409700075342,-0.19711358259203213,,-0.515434806715354,-0.37978510943493626,-0.47242273617597774,-0.42689584232894645,,-0.49276197826665075,-0.6066466942323896,-0.4746169387982912,-0.7271343209873384,-0.3532758879669413,-0.7584218546882746,-0.32877783287573525,-0.24350538913747005,-0.44411227674080267,,-0.4437546004367161,,,-0.2264148972810964,-0.41749185921937976,-0.47508118567147184,-0.5719765002271371,-0.42269735868949876,-0.38891285206996995,,-0.4978454755814656,-0.4470504446869189,-0.5044698096527259,-0.39834219689026684,-0.42612614156957646,,-0.4114044706049488,-0.46983310826752317,,-0.566402887720511,-0.4039987220085261,-0.25912549353800124,-0.3984525745790316,-0.44390081826779304,-0.41082822839805966,-0.36865584696638737,-0.39354661198453833,-0.6042270044487151,,-0.40557385103912863,-0.3988355424136135,-0.40230998656278294,-0.34493689830151514,-0.38617540305140663,-0.41341652948699387,-0.40827721828034247,-0.47726861540713234,-0.44157912418388007,,-0.41763845641512887,,-0.21233534957188718,,-0.4681540484694216,-0.41106504803008415,-0.7716220097356818,-0.37753836592348466,,-0.39504088184688513,-0.3595815536279644,0.030216983745202746,,-0.3919857087549838,-0.41431686577667415,-0.42569187687610804,-0.5024441036093031,-0.5843396788225594,-0.39726283601115914,-0.4172634334270881,-0.40753182471111615,-0.48046969144061774,,-0.3879484624365283,,-0.41243650906224505,-0.5084725648505597,,-0.4105304423302673,-0.38762174387099085,-0.4647585436329085,-0.21702992299924867,-0.4244364395453548,-0.3590847259885904,-0.5231313607706563,-0.4121806579566204,,-0.2978206673079104,-0.39839660592221493,-0.3921144552730321,,-0.3495993031613696,-0.4166389854779386,,-0.4218467582471491,-0.45100289468780186,-0.37727094047998744,-0.2610279588118276,,-0.5599947999134963,-0.45277104582815453,-0.5127187649388758,-0.436111897327725,-0.42404910583256133,-0.3554388916661757,-0.49394942160375055,-0.40113379248446274,,-0.3666625243744527,-0.40835285454458864,,,-0.46319345933037465,-0.41127537155882526,-0.44561696062720957,-0.3619535614091999
2015-04-30,-0.29704464499099703,-0.3091434283165986,-0.26835346697501616,-0.22638600959036764,-0.22434281251596924,-0.49601037367882694,-0.23955500842006267,,-0.2116806205332639,-0.4015910101533267,-0.3231759375642318,-0.28052828574134664,-0.1757780251567105,-0.25896183019293223,,-0.3776742134255675,,,,-0.31763768936582276,-0.3031377870887766,-0.29844402620329846,-0.3577881122677847,-0.3089149667622921,-0.42833028229851045,-0.26611137953776653,-0.3312539483535266,-0.30099348540496607,-0.2819931303018977,-0.2980926988486152,-0.29257300777426165,-0.22056563978367055,-0.2882545204102169,-0.35994941658340773,-0.32187995320220086,-0.32170719344950927,-0.5158192542439745,-0.2888086763677732,-0.15319558703184458,-0.219425677509579,-0.22625895344849073,-0.5758834293529911,-0.49409502777834813,-0.345890503721742,-0.26535212815207393,-0.2846194208970974,,-0.31192175113555526,-0.5171660942721495,-0.29717361238506745,-0.31930221428226185,-0.23602174083694274,-0.29842943175710585,-0.29827657940091507,,-0.28318362985742884,-0.28800721015283187,-0.08434432072684545,,-0.28506791791640285,-0.22983394786124672,-0.26218599938434195,-0.20709182344165786,,-0.44155521469210823,-0.3400243177512439,-0.28142839258017377,-0.42260463749175503,-0.17901647377551425,-0.48654691480156176,-0.29838946248176845,-0.1293841989509196,-0.3270945177504038,,-0.2966661124072643,,,-0.14990628668580486,-0.28903696088898817,-0.34435973704583456,-0.344700371569919,-0.289967083223696,-0.23413984490165482,,-0.30241512122306397,-0.3157293131924954,-0.3434391556207262,-0.23643503560487236,-0.329926395939804,,-0.2832750330262594,-0.34226944407013266,,-0.5129968353723673,-0.22205054911403826,-0.13720880365792185,-0.2707365556646493,-0.3048258343628234,-0.2813088129056544,-0.21936298178316369,-0.2326903115495664,-0.5169659868746853,,-0.277621656699033,-0.27289618287510264,-0.2607258258474469,-0.18559096423163296,-0.258455378485766,-0.2599358095364077,-0.29616995980173777,-0.30036996993779885,-0.30690433252315524,,-0.29089394615815295,,-0.22147538043725443,,-0.36562831023340664,-0.2904723590149777,-0.6840967991907575,-0.25970581294298034,,-0.2655292144990343,-0.20657988804392657,0.035976995393519694,,-0.2801399662052443,-0.29700699694830024,-0.301509083595224,-0.2973392958119206,-0.5462573207710312,-0.2710860091266989,-0.28856945511689575,-0.28132817239408303,-0.43253978154436773,,-0.27812405442609717,,-0.28643725078044524,-0.33273504313883445,,-0.20411450280696664,-0.20439227906730945,-0.32526092834698317,-0.15206894925149922,-0.2971094734177705,-0.2088543921294247,-0.44643118266896087,-0.23267013845606582,,-0.17723484545598206,-0.2245470470645568,-0.28935676526398046,,-0.19567044476589004,-0.2890214491407721,,-0.20612739065035796,-0.32479203445772215,-0.269419528751572,-0.1264507408108567,,-0.518419721753044,-0.30714121660644456,-0.47272856913389255,-0.3034049666454773,-0.2956850408251743,-0.21074428068569265,-0.32283828665979,-0.2691173825415166,,-0.2767866313727436,-0.27883045932652456,,,-0.33722156305751283,-0.28072150657987244,-0.3156726944473282,-0.17031409767725667
2015-05-31,-0.529996199664125,-0.49864791334261277,-0.5240613056602028,-0.5189873874849548,-0.5277310192717893,-0.5053918691332729,-0.5463294272511988,,-0.4228999497725527,-0.5191664267845881,-0.537803686921695,-0.5281800288310262,-0.5019678341343208,-0.5315343204044274,,-0.6305406344465843,,,,-0.5016408272699333,-0.5204795749200648,-0.5355873198717392,-0.5221105979927819,-0.5671745142139886,-0.5640874020892422,-0.49947736927568565,-0.49823211713213467,-0.5073275672069861,-0.5250276298484089,-0.49435738936436646,-0.5196554911885493,-0.511486457776772,-0.4749215297242846,-0.5184470759618905,-0.5205854373745581,-0.49030959131892765,-0.589748220789609,-0.5424076953712402,-0.4467439172128193,-0.4942239167847625,-0.5149232207380151,-0.6143066804994848,-0.5065474792927859,-0.5259500142702441,-0.5253438440784494,-0.5142349481207225,,-0.5206416289265038,-0.5689490892670812,-0.5320338737916551,-0.5149652610763498,-0.4759911052656539,-0.5095515006613135,-0.5527414086773148,,-0.5161059851408714,-0.5180314511238803,-0.4399472836783617,,-0.576522586497086,-0.5340809395662901,-0.5271122731302663,-0.5353759985374853,,-0.5221829684252601,-0.6455105131674719,-0.4958899814890801,-0.6535975681328828,-0.5345145783057241,-0.578116343444886,-0.4443492015265236,-0.38282067118745966,-0.5208523309813663,,-0.5381146631100242,,,-0.39259079666985147,-0.5220024619542105,-0.5210195732900247,-0.5596182993693687,-0.5311222372596244,-0.5179017126432869,,-0.5172885557717722,-0.5246786439080533,-0.5501452434579204,-0.5426588137904741,-0.5112694767936168,,-0.5202470329462997,-0.5213265561867996,,-0.5034641214125377,-0.504544923380611,-0.29132162347848106,-0.5182732683909472,-0.5494121735693586,-0.5275423524399889,-0.5125466341832158,-0.533242791994633,-0.529675971733189,,-0.5202587092318238,-0.5196085268798367,-0.440826882023066,-0.5166648772561044,-0.5134273505405433,-0.456835292840808,-0.5113610769538893,-0.5299336835718449,-0.5291851907727735,,-0.517654008192544,,-0.3965808457249225,,-0.49917342870887976,-0.5155788496557533,-0.511130571615159,-0.5121093079143647,,-0.5427219489332281,-0.5155458808791954,-0.3419616329736851,,-0.529043877636648,-0.5374304087940515,-0.5105517208197801,-0.5099342881554053,-0.4931229724758048,-0.5184922104238031,-0.5221365211295657,-0.5218068774852679,-0.495175839809439,,-0.514324808738976,,-0.5143940224107497,-0.5295838336739331,,-0.5762715181381217,-0.5356719381937433,-0.5423308104576884,-0.45569234426845306,-0.5117612839752583,-0.510787868525104,-0.5046067197716715,-0.4996951774820696,,-0.47668968134744855,-0.4797961050463997,-0.5107621908149197,,-0.5259050909735532,-0.5195351340196346,,-0.575530665985989,-0.517825121971409,-0.5015468594522635,-0.5023633904138564,,-0.49460505079082806,-0.5358564987428709,-0.5003771072034096,-0.5279182410787505,-0.5159833441822181,-0.5053707576497335,-0.5240263383681247,-0.5240495453027696,,-0.479146370329548,-0.5194829655185033,,,-0.5188055814854248,-0.5268241762292637,-0.516909732032423,-0.5527240065066773
2015-06-30,-0.21196076098978373,-0.17343170117844514,-0.2149379055463861,-0.22413749556253934,-0.22277038215122272,-0.17670540919825925,-0.2405814221422579,,-0.14200941628491348,-0.19787629640139354,-0.19602901430341896,-0.20280381073042103,-0.24968650660985586,-0.2153164783565667,,-0.17247805187452636,,,,-0.18582574136206,-0.1927893893532646,-0.20446318279320122,-0.1749354304382077,-0.18466117503173915,-0.05894990697867927,-0.10239977523212787,-0.1541327458829253,-0.2172082064954023,-0.19657519679192634,-0.16027535760848,-0.1968610588788169,-0.3299110119313398,-0.3336718014136107,-0.1688389832988045,-0.1683798978729046,-0.21789136752562652,0.06012396924583817,-0.16948075259819623,-0.28018764104461025,-0.20179023023134346,-0.23165467899280817,-0.02505755198506337,-0.19052755658321405,-0.18723815555628986,-0.20965272743158447,-0.22067532180183982,,-0.1816395104292178,-0.05808644061319286,-0.18818549661516526,-0.18757117566729198,-0.18902874676927434,-0.11798578814673966,-0.2143841641059779,,-0.20097587684940338,-0.20672578929576602,-0.301632521635706,,-0.1610731342821222,-0.24641817856735718,-0.15917361062758337,-0.167828026917125,,-0.28190335968754965,-0.2210391492059123,-0.1282975739547403,-0.1346896334289965,-0.23744110035761268,0.027449244677448123,-0.24075734364612578,-0.18973782042582135,-0.20653567102415216,,-0.1909193760994134,,,-0.22165705018024542,-0.18814724177752376,-0.17623422234675787,-0.11593247674615592,-0.20307902754754636,-0.21384983312166214,,-0.1290545299666825,-0.17833091428082545,-0.13727119533909934,-0.2177389632499629,-0.18924521270301348,,-0.19255169375057446,-0.1771664488247717,,-0.1392801761419914,-0.20092609816938217,-0.04473030196434214,-0.1993525578896258,-0.21963557623840727,-0.18857187154760885,-0.22009853276374558,-0.22661548055775654,-0.18496248741295862,,-0.20792793368985865,-0.20356933309419156,-0.046006702863662444,-0.2530670834857285,-0.20387484342937207,-0.15516148730876136,-0.1944885011461295,-0.14641518982042975,-0.17124027616499185,,-0.18468730379104353,,-0.33450954836769886,,-0.17079423436640379,-0.1990141319314882,-0.05518579624828692,-0.20519723613991442,,-0.2382189564054345,-0.2321634765581692,-0.45176754415505815,,-0.24153953728581296,-0.23610306985973756,-0.17923798625284046,-0.08751707223861148,-0.1788173904729101,-0.2035558057183801,-0.19717776192220232,-0.19722669753051006,-0.227908977749756,,-0.2237248771663213,,-0.19316766022925905,-0.13628957131804253,,-0.16089171471328895,-0.19891044233604915,-0.19326533683319938,-0.33132457289585754,-0.18859786434713666,-0.22907964755587074,-0.1849889974516311,-0.19636926318755882,,-0.24212258701999945,-0.1447749487508184,-0.22754963517448887,,-0.24401024643138974,-0.2004737989982176,,-0.20234456958155372,-0.177792241092598,-0.20231424568816994,-0.25983423060345245,,-0.19614855867477962,-0.18317392669505386,-0.22450932125097706,-0.18568542178299396,-0.1903420525852295,-0.2271262060660367,-0.1405025048003522,-0.20658871160750425,,-0.1969039916498425,-0.19533912240447046,,,-0.17822915005234075,-0.19643376089202594,-0.18357423444109977,-0.2485474369049999
2015-07-31,-0.3481235487733663,-0.3093681726952993,-0.34995747275630795,-0.3786639869539273,-0.3641531196961289,-0.360085977420006,-0.3862817821779225,,-0.3658460270175439,-0.3427834881284763,-0.31068911316122216,-0.3425368151676196,-0.3978656128802126,-0.3404208913923533,,-0.4096897533338379,,,,-0.3152430576136298,-0.34180048378927175,-0.35213930882112354,-0.33724795395350643,-0.43485613535604134,-0.2809502591438914,-0.3022699220244705,-0.3083116669573987,-0.3539212226523151,-0.3361548687466733,-0.33027504400094404,-0.3375799931503799,-0.4857092207596609,-0.5291500820879576,-0.3313253825578005,-0.31156524427368226,-0.36047064926003164,-0.15159381926994664,-0.34102540510519597,-0.4917778314808202,-0.4064238369992542,-0.40227609818380167,-0.2880148607426847,-0.3632885593273219,-0.3513649674257622,-0.3396418615280133,-0.35499072581172525,,-0.32524862450828956,-0.3254263022977729,-0.3316837996116288,-0.34583735420454575,-0.4100022186083037,-0.3247068562708422,-0.3534898415818049,,-0.3368572883738577,-0.34951906326040555,-0.5016961374587933,,-0.3584430035887775,-0.4034180494452819,-0.3851120069209472,-0.3703108985718236,,-0.4506383771766113,-0.45528360048978045,-0.36520681780527,-0.39106234160458714,-0.4022564024681282,-0.19745597959153155,-0.400760815829321,-0.42286884435789385,-0.35623576157678843,,-0.33449326969833326,,,-0.42454994804809226,-0.3159140608586957,-0.33577013750498613,-0.33667656145230485,-0.3384273574437628,-0.37597936044399927,,-0.3481490501598848,-0.3182768639388372,-0.26353422951845884,-0.3510672425536207,-0.3137581532713743,,-0.32761570680314933,-0.33282021481363155,,-0.2797132323962401,-0.4342608228303082,-0.30762892813920956,-0.333798094340845,-0.3580032796271688,-0.31001498216101075,-0.3807144857431134,-0.3837401423248313,-0.3671121517486811,,-0.34816483246258456,-0.33809032661842575,-0.20205383715737296,-0.42925652632683314,-0.33920037712679924,-0.39442586911004973,-0.3210190345156641,-0.32719761331350566,-0.30309402973073307,,-0.32068713650400554,,-0.5177837688102338,,-0.32597846220493454,-0.3359275681186217,-0.2695982909173394,-0.32902972372137435,,-0.35831155924738023,-0.3942684770501301,-0.6834519681352464,,-0.36558287977221426,-0.35968048540357317,-0.3176322607804994,-0.29559295909206373,-0.3590473707903688,-0.33921877096471265,-0.3368956816147043,-0.3298156769420284,-0.3938656462570244,,-0.3518220340897428,,-0.33547442503293035,-0.3304521896590179,,-0.27744228286212563,-0.3400872017883412,-0.3332754749263219,-0.48776567882103666,-0.338955192039293,-0.39383468547620026,-0.3551840398863985,-0.41657553760414745,,-0.40332812172510313,-0.3531674489428083,-0.3612531202704387,,-0.3853915636678392,-0.34696434142975907,,-0.340845677620033,-0.3256212361762501,-0.3289536177188278,-0.38023627845753516,,-0.3738158964087308,-0.32371087780134206,-0.3881452640766219,-0.32262867736619305,-0.33529783848857253,-0.3903220806081516,-0.33386021501821905,-0.3408001741678799,,-0.32807056393457673,-0.33377757650086,,,-0.33349010890515807,-0.3265788315469214,-0.3397307696803041,-0.39140103772261886
2015-08-31,-0.07643735054961509,-0.06847068839360919,-0.09846294776046655,-0.1697640791233264,-0.142564632855779,-0.0030128231376683567,-0.14367237488092865,,-0.3335288239050638,0.003768159387329503,-0.0022758742234841142,-0.10140534867777624,-0.19277463565917466,-0.0822047479373003,,-0.25492627184979616,,,,-0.041257675068776964,-0.09966985540341977,-0.09991880594325007,-0.08550198066545762,-0.33632032612021956,-0.19014951021225646,-0.25971477148953237,-0.09040321982029155,-0.06472411795236829,-0.10203060891989202,-0.16781889742944034,-0.09255972764642077,-0.1506985164442808,-0.1630044990628668,-0.08340121370432511,-0.07394575045227077,-0.05989465416567897,-0.11760988277151817,-0.17662875732011799,-0.3290340805770592,-0.29452367619254344,-0.20354163645392806,-0.17723624617383218,0.017206641944952174,-0.0994832970840555,-0.09070852538602127,-0.07600827958348172,,-0.08325396986523811,-0.21345170441251454,-0.09831176349575356,-0.10782597802798757,-0.31661260560731885,-0.24884495356705516,-0.08220697238579361,,-0.08742331959644327,-0.09539841989435037,-0.36435678041500336,,-0.24599789315009693,-0.17431928004676472,-0.31676260294924474,-0.31613521120579113,,0.0018662976487828196,-0.2807121075367592,-0.32497617469151696,-0.2686477591966466,-0.2433145347140137,-0.159047495153178,-0.1160440788554373,-0.4089704116668583,-0.07657767836334768,,-0.09976443801926367,,,-0.32741203197770313,-0.06727358507482398,-0.08975724957015757,-0.2499880120237868,-0.08307395228595216,-0.18161516454880108,,-0.27173166907338014,-0.07449142089517354,-0.030378461006422053,-0.11819402861814259,-0.026175013091915517,,-0.09027959150817565,-0.08483457374318974,,0.09263928271127142,-0.36112897739927224,-0.46622211100387956,-0.09765575681488364,-0.07594047930611554,-0.06533925016012186,-0.1912455440504749,-0.17262145261117115,0.019530887900620443,,-0.10064088679646331,-0.09554192225790847,-0.17356245331522815,-0.24825961302928376,-0.10642964079802153,-0.3332614622615745,-0.05416117320346291,-0.19015615867892768,-0.07083818932643642,,-0.08717517011608324,,-0.19299070886775543,,-0.05714310355202801,-0.08347010739953481,0.0724109698520833,-0.08076782336536555,,-0.06364375860567476,-0.20263709983334913,-0.4900336908209895,,-0.055242503088010285,-0.04062620546101805,-0.07769914921262554,-0.2586592285600239,0.05046116754965936,-0.09944075640510948,-0.09473294068970661,-0.08646443124689879,-0.012441124105975926,,-0.06619063683976094,,-0.10089991851144009,-0.19416818129543767,,-0.15098471704481234,-0.16368949885976927,-0.0642976591808232,-0.20364192416394689,-0.10819853442238764,-0.20647484676604158,-0.018870825154216887,-0.30958602664163776,,-0.21713384345626544,-0.30735524349950655,-0.0677310562719518,,-0.16150909871504068,-0.10861491369491598,,-0.16637000783485176,-0.08215413110920897,-0.07568248770157945,-0.17232224593557166,,0.03654676301296092,-0.08199043728615034,0.02862997802623136,-0.07921782948382405,-0.09775666804069803,-0.20028857995685598,-0.19967469785954314,-0.09613762824362873,,-0.07412353376828192,-0.10095254233865049,,,-0.08807113715914767,-0.08255464694613202,-0.1078522978964273,-0.18759251069991884
2015-09-30,-0.4778925835072929,-0.4475648189298704,-0.4579398797933567,-0.4974575769884308,-0.48562532151566973,-0.6696314973722721,-0.48369791710435317,,-0.5151477432437336,-0.5993469037860086,-0.4962068974184187,-0.45224931085861736,-0.4953160608691905,-0.4592365377411406,,-0.5229046385777277,,,,-0.4815794964744446,-0.4866062802287571,-0.4957561452798693,-0.5110619299640762,-0.507192527489802,-0.4170149878967612,-0.3980980673603012,-0.4721687568679034,-0.527591199378796,-0.4376122452320613,-0.38701467206054396,-0.45979765271002615,-0.6680830824810849,-0.8349519612415102,-0.5134755994824943,-0.46854852968704364,-0.5392399271372994,-0.3006790240628483,-0.4196156943365919,-0.663882399094664,-0.4832336903169468,-0.524578995525789,-0.42797546167152706,-0.6515265220188261,-0.5111105242900905,-0.44594644584099047,-0.5041822417372216,,-0.46659053886985924,-0.5225547193452577,-0.4482946684071815,-0.49339498676873533,-0.4985883436974058,-0.42184139811199534,-0.4896941041218785,,-0.46299398415443327,-0.4931505781576963,-0.6020615552878704,,-0.4037382700533763,-0.5008383421217746,-0.46761962870911944,-0.39285505034580953,,-0.760568580121787,-0.5126625961710256,-0.4686514057750347,-0.5143515192514456,-0.42969904589707403,-0.37217457395007175,-0.542020732530569,-0.5585480349197924,-0.5280389544220917,,-0.4462109174259077,,,-0.5336953492775799,-0.4419645983811367,-0.5064737392032047,-0.4274627182704561,-0.4578702062628329,-0.49759716157116635,,-0.4482504289469412,-0.4511465485422643,-0.3992017926514656,-0.467910208734968,-0.4522230350367742,,-0.4348857250412114,-0.4907897950367872,,-0.5479371997879641,-0.4868556574977808,-0.537889104119275,-0.4388586165606646,-0.4868387819304411,-0.40196522950057834,-0.48443227827453983,-0.49571810874034467,-0.7033479509944894,,-0.4739943479281195,-0.4440849119469638,-0.27963666653319946,-0.5250128718700053,-0.4526660422751522,-0.5359186172898577,-0.46643911477460354,-0.408803861762276,-0.39957041266310317,,-0.42993067517640654,,-0.7518630948590693,,-0.5321505079340593,-0.46772065718753186,-0.6928216684533813,-0.4367104785927658,,-0.47788254872321345,-0.49842743478339135,-0.8246946354491289,,-0.5122479929701821,-0.5192349360413503,-0.46747152300107686,-0.38276865587136694,-0.7116353720120274,-0.44472356962562865,-0.45196366251539133,-0.4328374119173984,-0.657071393426821,,-0.504083706947786,,-0.45732336792105216,-0.4270501515973436,,-0.19061640902571908,-0.446252916254365,-0.4796682264417305,-0.6464873256498841,-0.47770794389441495,-0.5003133944274692,-0.6133921855977332,-0.5545057534468967,,-0.5158927535966248,-0.42148937363560657,-0.5228416209898961,,-0.5044215472008284,-0.4627447031877954,,-0.4035122182847498,-0.47316150086837694,-0.4575515484977053,-0.4474246257249087,,-0.7211483879695074,-0.4589628474621301,-0.6888406468038882,-0.43888473090154345,-0.47184995847175404,-0.5036967916079657,-0.42575369810287184,-0.45527136465546664,,-0.4865563537179551,-0.4393371790749751,,,-0.4878180342467878,-0.4262956268736461,-0.47998285093599413,-0.496475008234999
2015-10-31,-0.42704030938825377,-0.3932343970188203,-0.40243096821665425,-0.44380716384130064,-0.43507254753717867,-0.6424801180233382,-0.43022955110386135,,-0.44951161305590687,-0.5687043132613666,-0.4592682447083875,-0.3977856087977738,-0.4349444855710865,-0.4083989075468999,,-0.48344058900694875,,,,-0.43315007715412346,-0.43703522551427143,-0.4488009186750801,-0.4657991567343684,-0.44783998688720056,-0.37222043393950877,-0.33749961200281997,-0.42232569528692293,-0.480873683770481,-0.3809749603283978,-0.3142074794684451,-0.4059042424191864,-0.6216178268401029,-0.8021372911644308,-0.4693956391345789,-0.422123030352859,-0.4888536682978911,-0.26604982367412144,-0.36136017168044743,-0.6047377314028831,-0.41477227673792894,-0.46980164003144814,-0.38770822638218544,-0.6199934240202889,-0.46355005247483144,-0.3909420135255002,-0.4543905147688325,,-0.41667406950314223,-0.4858565171461608,-0.3958713989121591,-0.44238790209142975,-0.42798738317999413,-0.3611558926015833,-0.4446473206116778,,-0.4096243969792033,-0.44311161625065576,-0.528876248427715,,-0.34500087728233986,-0.4445069112437276,-0.406383330570296,-0.3236912754137385,,-0.7351494355867441,-0.46403717429783514,-0.40546371307122825,-0.4807615364574331,-0.36099830345043205,-0.3397837376897779,-0.4733650899159676,-0.4827495933144518,-0.48252244021273494,,-0.393909316996571,,,-0.4531837116631789,-0.39048253381556247,-0.4609825619932555,-0.3732885207308565,-0.40582994330148486,-0.4441300276732072,,-0.38858753094835496,-0.40041457506880124,-0.3556142304920119,-0.41951806194410923,-0.39939319649727856,,-0.3788050982429732,-0.44287960498902573,,-0.5144298677731995,-0.41412482261156364,-0.46822079000184613,-0.38216944081511645,-0.43903196073004114,-0.34500721219461117,-0.4264932307603593,-0.44308457384042804,-0.6856345995933507,,-0.4211652540276786,-0.3875753549415028,-0.20768284734290973,-0.4655625447921594,-0.39704984349794553,-0.47227020640211775,-0.416282008775263,-0.34875725231980403,-0.3431354759407277,,-0.37371414988797874,,-0.691013740699538,,-0.48910936091142926,-0.41516104854978786,-0.6868760110672569,-0.37996259606397403,,-0.4283851317612798,-0.44115323171692356,-0.7368243449000511,,-0.46466650501562784,-0.47564747085749043,-0.41805220339317695,-0.3214640935357104,-0.6888331313773577,-0.3879112704382694,-0.39727909134102135,-0.3761556461874642,-0.6191694887290495,,-0.4553720837307022,,-0.4026360035990684,-0.368564522455295,,-0.11088756946550504,-0.39612367050795094,-0.4343503703982422,-0.5863692067674476,-0.42544803471951914,-0.44246997870891747,-0.5775934075625897,-0.4991303959150498,,-0.4531970680394818,-0.3504942244939421,-0.474446362444853,,-0.45326493064450074,-0.4072097283341493,,-0.352342938692661,-0.4233967140760395,-0.40261620122550484,-0.38363321069639605,,-0.6980879503412748,-0.4111959559951667,-0.658420102765252,-0.3856441110781002,-0.4202134936207275,-0.4462585134596989,-0.3653953085576995,-0.40152305920665204,,-0.43301917336886436,-0.38266173109013196,,,-0.4388046871340121,-0.3701256219414968,-0.428270875857388,-0.44880620999079074
2015-11-30,0.05380615713348836,0.0715774543157463,0.06161855328669572,-0.008940579058065909,0.030568288302590924,-0.12750076679126188,0.01989085043963351,,-0.18756050100623423,-0.009841840933265393,0.10706521555305365,0.05600175319194272,-0.0030713342780501127,0.08665237171417572,,-0.19250631581094554,,,,0.0724481651444156,0.02107221922690345,0.019998175608732776,-0.015127777321990069,-0.23471354219062818,-0.09208730789890118,-0.056617335109539514,0.020992726918181277,0.028142185423683932,0.06334839840872906,0.0115086333527691,0.05126948899333971,-0.10643536686426304,-0.2765775466953826,-0.015562798169457343,0.049725125995678784,0.00717652058979578,0.016518698466730524,-0.0013508781946886365,-0.24783061157363584,-0.12896587888594033,-0.06295092060976591,-0.17706817575455192,-0.0963592688364114,-0.02265474459902431,0.08041379469879134,0.04294327065572324,,0.04588615280786395,-0.24364225148991264,0.052862905500445215,-0.0037990634432519574,-0.17532110108990112,-0.08382299603761595,0.044341333376782914,,0.06026174924084185,0.02981657373735292,-0.20338049938710395,,-0.053801453206655886,-0.019269098665563197,-0.15987052114501554,-0.07415976005830482,,-0.1516529510308623,-0.19184504559113422,-0.1844392170051949,-0.2232023515849123,-0.011108342513597406,-0.05647994719320996,-0.051113920291880374,-0.2498074029272202,0.0008872247993312511,,0.05373125849745048,,,-0.16784552037348677,0.0933851525329271,-0.007452081815268305,-0.11139920537612924,0.06572772262203201,-0.025640938749087416,,-0.12701098425905688,0.06294364025942124,0.13307392225574607,0.06207492301505988,0.09802556392795411,,0.07619020445601621,0.008432285077776812,,0.0396066788740945,-0.20131051498406116,-0.29662146190011424,0.07362055497076235,0.04607401232979852,0.12581827865110135,-0.019501642841339626,-0.012993161899347091,-0.13523154610341168,,0.043487653745727745,0.07067607749378146,0.10635337508280092,-0.08413258260379056,0.06340316414655257,-0.23043886026254654,0.08408282594730469,-0.01627978823455624,0.10602492197642449,,0.07766476376378068,,-0.22721652613449217,,-0.007476339474869635,0.05652023107720191,-0.17648912827797555,0.09854413406436309,,0.08859451285319135,-0.03195629430146799,-0.4281637496692867,,0.06283343248712212,0.06457026100892829,0.05725537140186147,-0.06458009484150393,-0.13586664771656104,0.06726718657490714,0.057024591656885434,0.08234040533313251,-0.09493306236909121,,0.05768695919235418,,0.04798662103406745,-0.05346476717549164,,0.2324272942336167,0.052395622235373834,0.05092942682470517,-0.11148088073643259,0.020624059980820487,-0.03928055680896251,-0.07617802322549462,-0.19445133045320612,,-0.046181538112684994,-0.10239969329074415,0.03517270801386406,,0.01628502890589024,0.03442442398057726,,0.08143527443686376,0.03374274468458011,0.08271406535325132,0.0815960280058139,,-0.13850942855679899,0.0582957704093122,-0.09810333663364451,0.07360138533486463,0.03679736567777601,-0.03692021368851908,-0.0532075028806879,0.06667421637959021,,0.05798245626400538,0.06485324403056303,,,0.009742544675815408,0.09203249822151417,0.007938779149629257,0.01711767872774588
2015-12-31,-0.1008783148773006,-0.062368746631457805,-0.0928577328336826,-0.17542803304599205,-0.14398341095677814,-0.23779976090233318,-0.1572372365256688,,-0.3077491153555719,-0.1462464276718234,-0.0578264706932627,-0.1019700395962394,-0.16057385513959554,-0.07876889411730507,,-0.4279602876524433,,,,-0.06245470719310546,-0.1322233404111073,-0.1451201241873002,-0.1622039514953756,-0.42774627486126476,-0.28257237556968023,-0.22463323537856794,-0.11673046255551664,-0.11157379241291687,-0.0913518605250384,-0.11438387957438985,-0.09877830447159192,-0.2519673847499905,-0.39161036940020155,-0.16178421968692536,-0.10521556893080555,-0.11122240495551382,-0.1993610917759647,-0.17578992715246566,-0.37624409550499455,-0.27909488337299526,-0.22621363149774637,-0.3748676812005901,-0.1995027439430388,-0.17167394999217583,-0.07683853101676805,-0.10302546487295297,,-0.10618465668066107,-0.4236774443948053,-0.10831427019395397,-0.14930089268731975,-0.3105030076890022,-0.2462895776983719,-0.1313499083180286,,-0.08901705594203134,-0.12199990977738236,-0.32956562581812576,,-0.25920810323450894,-0.18844621552201093,-0.3393764420361453,-0.2645122037115399,,-0.26672772961924374,-0.4303320319744118,-0.34231309859531145,-0.4776719738180111,-0.18879241827580867,-0.2697451998898556,-0.12495118980695397,-0.34863151078442844,-0.14571774156233522,,-0.11147607833728533,,,-0.2513572867796828,-0.06168273662496619,-0.15707101409378652,-0.30358466984045246,-0.0928336685396475,-0.19251549080863584,,-0.2939995173638291,-0.09031561204012988,-0.043410199512920855,-0.12127520772089803,-0.034515663609622535,,-0.07541425283736855,-0.1391330962973337,,-0.06047817005235695,-0.3586420731511374,-0.3699068577215838,-0.07834319903532362,-0.1214064215421659,-0.02977151429734826,-0.18156783589536366,-0.1884641305574281,-0.26272334903944694,,-0.11007317122135064,-0.08078176941436493,-0.017453413784610714,-0.2532711536616179,-0.08900664928613615,-0.36086210606283764,-0.0606481151870285,-0.1831007454103911,-0.04860118882526159,,-0.0714739202141181,,-0.28006900210262636,,-0.13746379967355957,-0.09139923290431347,-0.2825991798003252,-0.04953062402812401,,-0.0780630485073921,-0.19828210497759888,-0.479389152366167,,-0.09091970033896099,-0.09461155833042928,-0.09106599366391335,-0.23422018112608683,-0.2244387134759997,-0.08386021680329628,-0.09514573473212254,-0.0690409942352931,-0.1941654490463448,,-0.08975011787349937,,-0.10057729652196404,-0.21548200762413325,,0.03218318461231927,-0.1399063392238245,-0.11345348892397941,-0.2261276681668256,-0.1270610491478462,-0.20205142076095017,-0.19003282355542836,-0.3594938733840792,,-0.18661564819336918,-0.25176665743382015,-0.10640102883074637,,-0.16063880382599033,-0.11522433670668042,,-0.13687216779251854,-0.11387394945079701,-0.05738531977120977,-0.0823169314536714,,-0.23238566710771238,-0.10733073139216398,-0.19549289317720298,-0.08153113180806157,-0.11373754046238096,-0.1957761662474823,-0.2116103585773641,-0.0908928948040649,,-0.06682929510459877,-0.08693722355723009,,,-0.13632194300834652,-0.06342250233490707,-0.1400738436698559,-0.18936391634954383
2016-01-31,0.005538381100241115,0.060200710729406325,0.014392257897728621,-0.09003110953508832,-0.061963770929477094,-0.11292704688065504,-0.0738326586043831,,-0.2153733900916982,-0.032188635635408754,0.04160233575108882,0.0001636061754928372,-0.0643144645091854,0.01996573202606734,,-0.42715012337979347,,,,0.06026474373198778,-0.03178971353166397,-0.054443939464839476,-0.06085867620225319,-0.3924673539558816,-0.24252269692961737,-0.16122578972334625,-0.006680488628901462,0.004585601606914694,0.014346738819909268,0.010266928182776885,0.009495763695426354,-0.14602144123664862,-0.2788273508813073,-0.06093332861220156,-0.006055052828077096,0.023807032126981587,-0.18340915030298507,-0.09897943750266629,-0.2827865612996379,-0.19426467411694587,-0.14329221412427776,-0.3473271522098026,-0.060959012836068596,-0.0712100478418362,0.029115349263088303,0.009760713813735333,,-0.0025475930980013105,-0.38936904891244734,-0.011087268353550013,-0.04434071086373821,-0.2185921108310422,-0.17636780845714048,-0.04582038731786865,,0.020844129256288074,-0.017934173251578967,-0.22611694108474006,,-0.2176936982613747,-0.10198790445378861,-0.2900002773615463,-0.21423315937857654,,-0.1367646893472419,-0.42432187721950704,-0.2800390806891302,-0.5018437752598528,-0.11040898029942384,-0.25843913740608626,0.049198212877063316,-0.2410258087900146,-0.03910867510027716,,-0.01729903704419505,,,-0.11166374927557286,0.045105863159001044,-0.057751649890217985,-0.261882587936335,0.010062375403940362,-0.11070311915670694,,-0.23171895820752955,0.01445822959038671,0.04322601643811047,-0.04348992167314749,0.09639712985306041,,0.03390010137586501,-0.0352671144398708,,0.09175193457401817,-0.2879318260020947,-0.27080303411031603,0.030639690793928955,-0.026247801376041324,0.08182354470349416,-0.09353519426783118,-0.11086027220544684,-0.15379055528387936,,-0.005562087411218877,0.029072499380777356,0.09923416382659586,-0.17645765542531555,0.017729381991330246,-0.2775639543142453,0.05519828672112778,-0.1038182858609405,0.06034972941489421,,0.03954538741256816,,-0.10307579243393405,,-0.020924460560433164,0.019181616176409327,-0.1718159993691528,0.0661270571233048,,0.023676000617426855,-0.1148037042424628,-0.3193310665578628,,0.019948565889661374,0.010937538492970118,0.01593478642486533,-0.17299981227978206,-0.07864263981441912,0.025798704410504563,0.01198061255318994,0.04204389270936476,-0.048806167600595696,,0.023277882931763028,,0.007737792053896433,-0.13630165822173348,,0.11462840755975373,-0.07624720109822081,-0.018423313788452772,-0.094744259894122,-0.022103760622097835,-0.11653987066815835,-0.06164737220869234,-0.2999027891442747,,-0.08129266360662656,-0.17101174928883608,0.010311209395435781,,-0.08111710634929382,-0.00792679147671155,,-0.091278486306494,-0.00754091188947958,0.06298198291875168,0.017909720252660383,,-0.09085405551950973,-0.014772828178432779,-0.04861326979527501,0.023956754582562866,-0.009240077655559334,-0.10683118159023425,-0.1287488599793569,0.012450622460604082,,0.06304996502277448,0.021061677911102694,,,-0.030860302601876388,0.04499250470696226,-0.03654190806839737,-0.1379438211614379
2016-02-29,-0.4213552141675614,-0.3259167255177107,-0.3788043942034059,-0.4540835212443944,-0.46462710480518177,-0.632207366059303,-0.47395514929688504,,-0.34575774289139816,-0.5720496643111033,-0.4963792716384592,-0.3959034258348423,-0.3819742918042079,-0.413335856856675,,-0.8550378855796809,,,,-0.3718374369018169,-0.4405884995902434,-0.48890470429219673,-0.48683806082638653,-0.6429298979355501,-0.6157215200647859,-0.40551903416008545,-0.3941602973425838,-0.4311588886346171,-0.36787656382675077,-0.22512382365859637,-0.38512513798110226,-0.5578757677971895,-0.7048879173860381,-0.4901575900720676,-0.4400966871352579,-0.37979251405345277,-0.6427081063263205,-0.4377074886649458,-0.48654552730243866,-0.3920924054349963,-0.47849707498849353,-0.753662353158426,-0.574048259205142,-0.48400092200342953,-0.37260364094769965,-0.41360090457983595,,-0.41732556387928915,-0.7704957208875501,-0.41712553899918015,-0.43310968938037214,-0.3741038703639063,-0.4284298243011333,-0.5141245425566691,,-0.37904819858498495,-0.42948141193572936,-0.3528099238455378,,-0.5379251305838654,-0.4626858802325484,-0.521637320859649,-0.42778846362007233,,-0.6987248140818338,-0.8156353896277851,-0.46713085583254876,-0.954612378264681,-0.380907501696783,-0.702354662876349,-0.20414017107143004,-0.2669713497697194,-0.4771839724674081,,-0.42797987324146997,,,-0.17040593461368617,-0.3786493415288498,-0.4822588886446169,-0.5722690386502864,-0.4090048665559071,-0.46512424503478944,,-0.4802506081700158,-0.4039110299927467,-0.44725729301352785,-0.4799489624886545,-0.32897914759605396,,-0.3540093704779236,-0.4520781469119316,,-0.4488209275059838,-0.4316805105962264,-0.20959693333490514,-0.35151827455464324,-0.4815938563210296,-0.32312574691202456,-0.42032027899124075,-0.4876994274556082,-0.7463422101419895,,-0.4047256839611626,-0.3560430579638089,-0.09690989565956475,-0.47358323518516365,-0.36339755459875445,-0.4336994626304533,-0.3735371650098748,-0.41210869300862313,-0.3381923286985525,,-0.34546076752459187,,-0.3320714932012449,,-0.45529474804250863,-0.3848457856696926,-0.79346260315281,-0.32424411077522114,,-0.4359752998514639,-0.4436112853956206,-0.2591693201711398,,-0.4403919563373419,-0.479761551198713,-0.3990454396297331,-0.41476675988284234,-0.631036489538705,-0.3550164464379963,-0.3803644820868782,-0.3472816555394867,-0.5205899560620789,,-0.41297884643591654,,-0.3750607732440624,-0.44142060310625153,,-0.18238474807061286,-0.47702298300100915,-0.4811714586452644,-0.38148230578643233,-0.4072443104372239,-0.4359163404529909,-0.5410286500285788,-0.551539674383703,,-0.35262946164699205,-0.33319188605782496,-0.42147463628354126,,-0.47550177250849074,-0.3857588040681112,,-0.5159727012308616,-0.41844125680357663,-0.3286608561867321,-0.3080621402429943,,-0.6418410926865921,-0.45342183181521395,-0.5761086675111216,-0.38526832275528666,-0.40746145946525614,-0.4272384837426969,-0.41975716151155046,-0.389863607011531,,-0.31697526828834754,-0.3580079822629664,,,-0.43968319974468506,-0.3531290170333416,-0.42401318417095957,-0.5593975097469878
2016-03-31,-0.21625477622077202,-0.13681765285860778,-0.18755673472477474,-0.2580400547050393,-0.26901881699902847,-0.32347808524437865,-0.27729398737058253,,-0.18059504418800518,-0.2948300899121616,-0.26961263213584197,-0.2084336237443175,-0.19065555321136493,-0.21852050340219353,,-0.6612584029285664,,,,-0.16072060232320953,-0.23732109114977298,-0.2803163717042205,-0.2697550849465079,-0.4733687257940583,-0.4682421874349348,-0.2812563658687262,-0.19874962826846362,-0.20083871328201974,-0.18782633091091316,-0.0837915635420378,-0.19289637287076725,-0.27117572889310415,-0.34207492481365404,-0.2720793553309031,-0.24194954833825144,-0.14300249956374037,-0.5426355136490275,-0.2814026470463938,-0.2415491456985718,-0.22811085553261298,-0.27561780812797215,-0.5969813152195479,-0.26889123333664655,-0.26869364505526094,-0.18594188190179348,-0.1961643931332241,,-0.2209772716883741,-0.5763624412614603,-0.23161535530658625,-0.22835882610930142,-0.2080949862757266,-0.2889726847764209,-0.303936885569768,,-0.18435357977951652,-0.22168617324000206,-0.1429846753100923,,-0.4018334034078852,-0.2637559918008671,-0.3707195459642275,-0.31179069716954355,,-0.3395300636696227,-0.6280579389371306,-0.3199031889377797,-0.7688219956393065,-0.22953480901080553,-0.5751393991323847,0.023911592334530593,-0.09456316359771368,-0.24881322372282885,,-0.24337232850260923,,,0.008762774484464882,-0.1907377805630326,-0.26831535860785655,-0.4284878248321062,-0.2152481774508789,-0.27186527855040765,,-0.3316577602877824,-0.21318928339259446,-0.2745509486097326,-0.28786025400812415,-0.1279186248884535,,-0.17344106346093083,-0.24445639712736544,,-0.18141181882911267,-0.27811283222003275,-0.07055472691756459,-0.1702609548764047,-0.27107070459521676,-0.15341050612215512,-0.23488916416512204,-0.29235386876571773,-0.4161999817941284,,-0.20686734318018304,-0.17156268444249728,-0.017412575209418177,-0.27795796488915814,-0.17738945832155067,-0.25601211925607076,-0.17142075121353018,-0.26513098932786006,-0.1713548212397316,,-0.16711668671350044,,-0.016350822362444544,,-0.22383017779691203,-0.1872311581937572,-0.46527669417936907,-0.1407804413762947,,-0.22689633689718575,-0.2530763501056027,0.037706459710504826,,-0.21352742038591696,-0.24683452315352852,-0.20190235787071234,-0.2976557869434159,-0.2919084131594824,-0.17102580058445258,-0.1921809520983151,-0.1665986735834301,-0.2170193729702041,,-0.19368139315693392,,-0.18606073692856315,-0.28679915103519754,,-0.1293334216428982,-0.30574259347688665,-0.2735905529852993,-0.11716906467229145,-0.21032313155933507,-0.24550679589966762,-0.2617715572753934,-0.3573483411741586,,-0.15736507332292646,-0.20488386550004078,-0.19328458538561666,,-0.2736967676017503,-0.1949260629794574,,-0.363848402899365,-0.21891357514514945,-0.13482919126747311,-0.13546926039545787,,-0.30011040020937535,-0.2600489796217654,-0.2494809103034123,-0.20073024691971111,-0.21113306277804725,-0.23434308134040316,-0.2667598981947351,-0.20006929035934784,,-0.11014415448987418,-0.17724507653975055,,,-0.23411875409537425,-0.17472786344925034,-0.22583984411396502,-0.3657623064576783
2016-04-30,-0.058314327983859125,-0.001987378559606293,-0.06014926084611866,-0.13251618836525814,-0.13182213735513768,0.029756446986478693,-0.15036262149835736,,-0.14580871613179747,0.017033405144648763,-0.037079648504148084,-0.08673383432240425,-0.08351658176628028,-0.07224511621048942,,-0.5661141575083013,,,,0.022593919301168396,-0.0838787061584631,-0.11617368759693135,-0.09060880641350971,-0.4564320544904427,-0.4252061521730092,-0.29275882488734883,-0.053315969780545445,0.00737832099954532,-0.0807899632576793,-0.07794336170200145,-0.06094384092352079,0.001114647768323146,0.06060524606876683,-0.0880163155572637,-0.08420043735214983,0.06813466494859995,-0.538193724018369,-0.23319876083999047,-0.08003441394388168,-0.2051482065921414,-0.15096491450970728,-0.553365796644662,0.07496464516644906,-0.09994780523449495,-0.06166541279353295,-0.01466185049262849,,-0.07461008041998465,-0.46809886181816013,-0.10986712989380625,-0.07883202830649576,-0.19108282382854844,-0.28244852326109593,-0.13207126197973154,,-0.04491105154609138,-0.05989418426393412,-0.06058622301113229,,-0.4057269761459473,-0.14442460602856969,-0.36611972327572107,-0.3677566622424221,,0.09072482912613067,-0.5666143720249397,-0.3230871168024918,-0.6843305874720266,-0.21441828956376585,-0.5337662244644237,0.17985719848755927,-0.0748725031634118,-0.04893828658356705,,-0.12401769806557601,,,0.04398809770461498,-0.05308578655251396,-0.09338820992238671,-0.4162538227344119,-0.07656477121426324,-0.15339215653215357,,-0.31800308988147963,-0.07525482993746595,-0.14219633545946989,-0.14864628986830464,0.0327035365635276,,-0.06077526002871295,-0.08207047464737732,,0.12395668956783398,-0.29775079246059605,-0.08176306725557193,-0.058123014360628805,-0.10330379527175503,-0.05235836629293902,-0.13677522784857638,-0.16957252366444778,-0.013994387810804795,,-0.06539961223949838,-0.054559768098651366,-0.08204473141041131,-0.18066382744603868,-0.056390735074407075,-0.21108629689975045,-0.006923442089662167,-0.23601855124049329,-0.07756931211354219,,-0.05736555099939495,,0.2744575579922265,,-0.00961477802268398,-0.04171193705819797,-0.041410129459491886,-0.01915915714714378,,-0.056213224195523354,-0.14855074809525834,0.20649914514108644,,-0.011245873660980612,-0.027180247344943086,-0.048981603612480086,-0.3255377096683317,0.12278744090024447,-0.05594030935154802,-0.06807009254080781,-0.054201125024995196,0.11200344330319069,,-0.004097915758879359,,-0.06074811432136561,-0.24826001908779421,,-0.26011731656496495,-0.20557638963678712,-0.10239494905997454,0.09883743005948525,-0.07136580903327143,-0.14274490181693283,0.033679508145543866,-0.27060047270636584,,-0.05159395047998585,-0.23750909776749382,0.008219456066988677,,-0.1306668472851773,-0.0721244584397593,,-0.30035638822138033,-0.0684625600319258,0.007124718368100063,-0.051025350478210905,,0.11682480078681748,-0.11499860367579708,0.13256286246538224,-0.07720521903023791,-0.06960424326719963,-0.12494158008489478,-0.2338440785460303,-0.07029529737433621,,0.05636926671214919,-0.06768685695704407,,,-0.07677405379386097,-0.06420126529539093,-0.08683652556543002,-0.23503168113736098
2016-05-31,-0.5150885222960492,-0.4724617508430355,-0.47947474954203784,-0.4545918435018844,-0.49239167979045984,-0.6089557805785688,-0.4944581166999545,,-0.23457002084461354,-0.6194078326652842,-0.622650900795752,-0.4905502430020861,-0.3906172420754855,-0.518865167369013,,-0.6236384913313536,,,,-0.5102279544562106,-0.5043239496385383,-0.5327753926320818,-0.5306215881454635,-0.42093667341275603,-0.569503274515582,-0.3922164959082687,-0.48673391526618776,-0.5080814212283539,-0.4778497453560344,-0.34459832053363987,-0.48622139886138804,-0.4540968987551582,-0.4554090992392005,-0.5339551898965924,-0.535057819640411,-0.46810745887778826,-0.7057770970102373,-0.4688474293851996,-0.26191105690472594,-0.30928693730419476,-0.42760047827758724,-0.6508931464490897,-0.5943644192076036,-0.5167011128350909,-0.4888010795374964,-0.49898621119935904,,-0.5121080995159871,-0.5918998436247966,-0.5086379094918608,-0.48655368870688837,-0.26839679464102023,-0.3999585138977701,-0.5680114410257916,,-0.4862666050355842,-0.4984823153867728,-0.1754593863904403,,-0.48436531953230766,-0.45202120876727386,-0.38340658875094086,-0.36203948020285265,,-0.6149985833332976,-0.5790864549225695,-0.33790279845705934,-0.6806051774262867,-0.3756116153882022,-0.6776778250682272,-0.2962916122613314,-0.1003316754651557,-0.5258349098339169,,-0.5155997109942202,,,-0.112207695223258,-0.5143280427305651,-0.5278002893821145,-0.4883775304273522,-0.511956921043834,-0.4512573032312185,,-0.40102443603136867,-0.5176668027648473,-0.6113074198280087,-0.5317692075294286,-0.5055786769010286,,-0.48034380877600413,-0.5189496486461983,,-0.6263603452471321,-0.2745325680798479,-0.03220538799769617,-0.4714543148609148,-0.5509312268657244,-0.4975777975866532,-0.4195176786849101,-0.4747712929359259,-0.6881695877772749,,-0.48714401063792717,-0.473270550069401,-0.3186082423442138,-0.38807120247952065,-0.4668353360182657,-0.27672069881849637,-0.5094133898709393,-0.44448571931111347,-0.5017653143744356,,-0.4791177777895019,,-0.2203194217791199,,-0.523734230605329,-0.4906533801249602,-0.7594949793113044,-0.47003861534550656,,-0.5391539278200924,-0.419645015398089,0.10218392301803002,,-0.531058419400128,-0.5660006433461342,-0.506010902367246,-0.4031658141962641,-0.6284489746288148,-0.46904159621526387,-0.48524088750584404,-0.4799316505813644,-0.5342680802327002,,-0.5081974252985685,,-0.4742704542928997,-0.44840121295639135,,-0.4369643402462177,-0.5059144161512419,-0.5638632407790707,-0.30552023812646345,-0.47915213700656867,-0.40993582781683313,-0.5650736122379801,-0.37101296797432737,,-0.33932137584923067,-0.29079670211924824,-0.5017241352610053,,-0.47652907934787486,-0.4710113803862277,,-0.5496937888813088,-0.5091168589040994,-0.46668179376736946,-0.3872872867588595,,-0.6216655654161681,-0.5423520870380177,-0.5886899452142891,-0.5074889185520626,-0.49150351324222685,-0.4078375182730066,-0.43024863331321417,-0.49118145633332927,,-0.44585405740268286,-0.4718394451178147,,,-0.5095634083245971,-0.49072531299109223,-0.4874941989786327,-0.5182948734253807
2016-06-30,-0.43149589530546556,-0.3927820002738139,-0.402524636198831,-0.3847170082174495,-0.4215213888034508,-0.4832592357952204,-0.42030417840080136,,-0.1866211032377586,-0.508146623064314,-0.5296676378142595,-0.41392527043402577,-0.3266701239840297,-0.4415247354440063,,-0.544959224604001,,,,-0.4233958876107547,-0.42303563716773374,-0.4502286608527958,-0.4412322431589371,-0.35772419987255616,-0.49830823591753537,-0.34418109842837513,-0.4060338516691636,-0.41867750071605225,-0.4028439278167129,-0.28060420492462135,-0.40737365165446476,-0.36011438287383385,-0.3408020863621781,-0.4445073542469069,-0.4530201071976995,-0.374866442064581,-0.6379970649814158,-0.40311848001887096,-0.19610340266274445,-0.2539609984794324,-0.35774074154085256,-0.5628603420446511,-0.4673752246091083,-0.42877688256651,-0.41299633346873993,-0.41402440825430975,,-0.4309944061752529,-0.5036051487534822,-0.43138295719324266,-0.40395310790863914,-0.2129258474566705,-0.34376291278999277,-0.4835175761385552,,-0.40750383058345113,-0.4168761003396489,-0.12389725676466276,,-0.4268152891777775,-0.37975305041929713,-0.3298105462707784,-0.32016515581631494,,-0.478559159532355,-0.5034327584949824,-0.28551953039824063,-0.6017102896475983,-0.3217321917149238,-0.6082710503056092,-0.20840971931934543,-0.060957442217613164,-0.43516771811367716,,-0.4384227001256977,,,-0.06254439142526326,-0.4359960432624097,-0.44063837797083594,-0.4262633728737861,-0.43217498068403865,-0.3823728711564202,,-0.3431270612201931,-0.43687580404743503,-0.53127541188023,-0.4592154638622681,-0.4179866483590663,,-0.4047998424965174,-0.43278771629053636,,-0.503702186863705,-0.22422518943852762,-0.011901748444259985,-0.39711083727819546,-0.46487895299075666,-0.42313792277866047,-0.3537164669515527,-0.4042381183437738,-0.554537964935025,,-0.40863573585197266,-0.39768351835427257,-0.27877785818008977,-0.324868123648714,-0.3932150837518952,-0.21995403264970503,-0.4266322345474939,-0.3815056307252461,-0.4264661079866549,,-0.40351590770509677,,-0.12307639685443345,,-0.429802947234735,-0.4104850155812584,-0.6140273805212786,-0.3952691174166132,,-0.45585047702557796,-0.35411534328593364,0.15979221074518746,,-0.4422981027826872,-0.4738934645170804,-0.42587301683074624,-0.35381599101209144,-0.48871568680133887,-0.3939539634516398,-0.4076438309226556,-0.40403287960849465,-0.4133719136878185,,-0.4229261193024896,,-0.3974145291538845,-0.3813267545978276,,-0.3981840692283067,-0.4445085406276066,-0.47737502152437716,-0.22601764584910183,-0.40042607469465546,-0.3446012619641463,-0.4504058465344488,-0.3101638694091667,,-0.2763806290274169,-0.24609993125478877,-0.4133967380027669,,-0.40727673124795577,-0.39337287919827096,,-0.49125116785801115,-0.4261962229001352,-0.38895653926949747,-0.3304593041696885,,-0.48411239491556146,-0.46212455570136163,-0.4572697310179888,-0.4288724534872399,-0.41236654836356085,-0.3416846627638207,-0.36456660172977695,-0.4149205756877151,,-0.3653740907133912,-0.3971199129762157,,,-0.42442948076529624,-0.4151478923168067,-0.4067591597913733,-0.45441570140786597
2016-07-31,-0.22497761613802628,-0.20672272025950003,-0.1937088976467966,-0.17140204467225842,-0.19766304210817737,-0.3396730600346528,-0.1952930911502669,,-0.04389924495801759,-0.32307069096006713,-0.310800106796924,-0.2078393923676858,-0.10883938771112976,-0.2205950605287765,,-0.3427178616742107,,,,-0.231595522397657,-0.22611303298275262,-0.24290723767285263,-0.2600224977452081,-0.18176555401902283,-0.3412624253254123,-0.17387040884733404,-0.2294115393149387,-0.21987616191876663,-0.20022146352068712,-0.1177755647610463,-0.20825482728277606,-0.13949583400426777,-0.1564581269769419,-0.26489398939561215,-0.2579541625115774,-0.19320578415178946,-0.4876818556320317,-0.2072818234049522,-0.013688358267991972,-0.07651740501646559,-0.15170197635452787,-0.4348187631343963,-0.321960243816158,-0.24447526992079596,-0.20110502151563492,-0.20921210327173131,,-0.2353203019356116,-0.3767596845006546,-0.22842495897899204,-0.21781653484548552,-0.0548251956252697,-0.17935709930286686,-0.2644104079304975,,-0.20533158583078848,-0.21477345656345082,0.068528433622845,,-0.2243573466220619,-0.1627193450172833,-0.15313141467743993,-0.12316591879529461,,-0.303274558893755,-0.28839773492603793,-0.1333004345920153,-0.40506205876679774,-0.10258045100803165,-0.45639422198299906,-0.05754154724588781,0.07842567433550235,-0.24125107077318445,,-0.232576298160944,,,0.08307333994570613,-0.22949445986645592,-0.2555557563511459,-0.2528207877059485,-0.22423855309608823,-0.17427077019718043,,-0.17924266366680552,-0.24004868012677724,-0.32328725179533213,-0.22836192663998925,-0.2267752141325778,,-0.2028880014799527,-0.24745940355077406,,-0.35784831965848535,-0.055227211159242624,0.07560210900233702,-0.1926657872023665,-0.25042474364458234,-0.2140760143564908,-0.14638582650080922,-0.18655092601995837,-0.3988283417275977,,-0.2039399574515258,-0.19297183162317774,-0.12835258545407097,-0.11148309709040988,-0.18690480779208704,-0.07858994848917081,-0.22495973063138436,-0.19915358938722344,-0.22713032435478947,,-0.20543793944021246,,0.029870168035615745,,-0.2567561611537789,-0.21030669658449452,-0.5177295008948254,-0.1869575702663848,,-0.22845822080622266,-0.1416316406807496,0.328281059414705,,-0.224356620768972,-0.25412643800947654,-0.22981296515175112,-0.1910556534778432,-0.3595302896673698,-0.1898109475941822,-0.20663709407838807,-0.2003935257504966,-0.25726516275542033,,-0.21349777536073022,,-0.20011165899011513,-0.21126076494408602,,-0.1635693587223879,-0.21258261731638578,-0.27118387212551764,-0.020669396320140497,-0.20809541392505276,-0.13610610624300215,-0.2955782536455238,-0.12983345469303714,,-0.07573469906160346,-0.08142279430289773,-0.20986000686124784,,-0.17614631575514947,-0.1962003848062945,,-0.24261434272396826,-0.23651943564486175,-0.18743461213255305,-0.09257253418447335,,-0.3455760667145518,-0.2561721394028624,-0.3037535348655958,-0.22791908227103694,-0.2156456648039408,-0.13529063299062458,-0.19512737950756198,-0.20515283827419986,,-0.17598264015681478,-0.19572696900000272,,,-0.23944159020395397,-0.20811532857161655,-0.21882446911575315,-0.202990540339507
2016-08-31,0.07951466754269174,0.07201669654493521,0.06090350288332271,0.07150050277229504,0.058196334523318675,0.2670345023374411,0.061207589034181865,,0.104788244670033,0.18607127347553462,0.08778128821213595,0.05852280244085752,0.0633730955455194,0.05274512235802387,,0.09627481392664529,,,,0.0937901629972637,0.08722076088794507,0.08630464486594439,0.11850947934889558,0.09382866257844132,0.05811960002403425,0.018953446138666494,0.09116463944945244,0.11781004489735754,0.05135355899197287,0.040893390165491476,0.06954790015113783,0.18912935046940077,0.32504886589504395,0.12049711113794144,0.07778882701386626,0.1410532819063156,-0.011840640953865845,0.03488297587872994,0.18274963556635937,0.07445201140751893,0.09177570040647925,0.0995994946837523,0.25890160248477107,0.11577967015030734,0.05067338099875549,0.09679280827981834,,0.07659390345218899,0.1532195830570761,0.05810265529889255,0.09984628940843497,0.09621394320427877,0.045528208656238724,0.07699887555226775,,0.06921395754019727,0.0883274001993231,0.13048300921683098,,0.012048989076430278,0.07483793765369824,0.060863883000053874,-0.004648309378551588,,0.3107898628625386,0.0825161357431953,0.0761324787210553,0.09256727235802077,0.01653871259984234,0.02879849554770268,0.16289641218437392,0.12572852388699363,0.12192988168155217,,0.054947158468357744,,,0.12169039132462478,0.053350367902431174,0.11102014251595312,0.047026672858980725,0.06329381310470739,0.07355365386146198,,0.062302602688056964,0.06704875380664939,0.02684391143513136,0.04485349565660349,0.0800674794128897,,0.0507121130883791,0.10177010218211745,,0.1957545046196771,0.07735257664786287,0.12202392512674226,0.05025370921755323,0.08119221974598059,0.026672050932189394,0.06477110584955058,0.06805567155485538,0.28402511125260493,,0.0733316434520797,0.05442347243109829,-0.04040688727183165,0.0815057912282277,0.05569858157249844,0.12659418434988737,0.0749809304396013,0.03464810056256645,0.03207336669334912,,0.05041124673548754,,0.28876240903456446,,0.14015819933438767,0.07445085434678286,0.3240166456854442,0.04725537404592197,,0.06569052670260167,0.06891242259621447,0.2850312323038128,,0.09673684874447316,0.10184356903598045,0.07562011424919081,0.01662761084086059,0.31455451508241256,0.05467752664106456,0.06277231697216908,0.04913023769904725,0.2509387665091357,,0.09384243006294958,,0.06728928679114461,0.0567124324004016,,-0.14204702297046556,0.019596292527122167,0.08181637773241919,0.1752244246290144,0.08314331975594813,0.07247207619740215,0.21876673590540524,0.114284522024403,,0.08555840384345426,0.036014781785364915,0.11157491996602716,,0.0627203066616698,0.07163446921684899,,-0.018334553378601747,0.08608596939418,0.06608553883860101,0.01694604211152734,,0.31171959918438724,0.06392244351075478,0.279874235102608,0.055976096036004924,0.07732848029947656,0.07653574597762834,0.05552232909293807,0.057307315230501095,,0.09286380002168612,0.0528212921327072,,,0.0995501025600742,0.04271502930570914,0.0892194762345215,0.03779642747377246
2016-09-30,0.011823764247125003,-0.0025189426241154977,-0.019620862688054998,-0.016189896704909078,-0.032472523636507426,0.2879258335835063,-0.01882318698967986,,0.005333069888288401,0.16388380110918438,0.02658360512647907,-0.017171905091371096,-0.045142194926121905,-0.03157810701600604,,0.09966649249250337,,,,0.02500328466700436,0.02224685235225371,0.0238361325872947,0.07664996119348826,0.06340032257977625,0.046931519633816775,-0.0645709901400946,0.02918112688197034,0.051808636365370565,-0.026117966052566804,-0.03686263915398493,-0.0031367094954768793,0.11914934223417771,0.2946318024056547,0.07856794786929887,0.01503757776540638,0.08118159716528899,-0.007134697673080747,-0.03297838339199436,0.08600883252251598,-0.012019222310012925,0.009560276664525039,0.15686515670459444,0.27624276311220597,0.07168217731698709,-0.033077526447572544,0.024145378414931914,,0.011107540488068652,0.19255984493484266,-0.011475461254066698,0.04166646323713144,0.01607167951678422,-0.020478802645212013,0.015980511544218333,,-0.007932313065611877,0.01768282610524908,0.002072388084833965,,-0.046658728996215086,-0.006624156978283184,-0.003629699537976872,-0.09761114585213108,,0.32696238952402096,0.07711112471095159,0.012890824710139767,0.11718501077465593,-0.08730110594984555,0.03215995549734564,0.09139613001893294,-0.0012804950784899836,0.06980266636128904,,-0.013629030754067812,,,-0.0033336938643649073,-0.024972175779737673,0.06340283058215376,0.010117569754335216,-0.009037459864766718,-0.010595544914879313,,0.004811588054358315,0.001321030366495532,-0.03425277311254808,-0.04234231210532264,0.013938153889791373,,-0.02870516301256191,0.05132993818802111,,0.19996926732432735,0.0003364256900057304,-0.023673167493431863,-0.03325695402838788,0.021660249697215632,-0.05807357038764499,-0.026623223617919984,-0.014131676263939921,0.31999416587760127,,-0.0026076630812292612,-0.02737315114168551,-0.16034353866737672,-0.011865817327916247,-0.031320611259227,0.0562622074930777,-0.0007425262253165257,-0.031910372915014446,-0.042479102862689355,,-0.027569818906769034,,0.2102524626508699,,0.09656358153452094,0.00023158066685688916,0.4125308878377037,-0.04342152780548601,,-0.012363156432195141,-0.024054735153153695,0.13104439630018064,,0.02508335756750424,0.0378185311125924,0.003390331447954373,-0.05452198473660509,0.35340444203266286,-0.027653957344071743,-0.011687723054800076,-0.031105863246445625,0.24604016284453215,,0.01778746199923364,,-0.008607413123042933,0.005142590609016594,,-0.26488312269886205,-0.08120920236165788,0.02615741784214891,0.06917095469437466,0.013677698996622693,-0.020073560393599813,0.21515768296202098,0.0427478670419026,,-0.023174842183364113,-0.059315484831104485,0.041761775301395784,,-0.03530546675216749,-0.0005696900115969216,,-0.11488802136272983,0.025747288788698162,-0.02104731290578472,-0.1181070344194277,,0.3425528939726569,-0.0014868359161084798,0.2918648098377099,-0.014661313801672054,0.006604568327901574,-0.016574114973330344,-0.0005806596019827681,-0.023839997659292372,,0.007104592800687371,-0.026987118090696288,,,0.04659955472284826,-0.037900549533813284,0.028314055320485143,-0.06381770022479827
2016-10-31,-0.22418532847466102,-0.2080593579074632,-0.2311178377092534,-0.20671528579346884,-0.22775170492816046,-0.09624105762470025,-0.23015209369872258,,-0.06694513103749511,-0.17732863284742245,-0.24461895047591722,-0.22179202437648268,-0.22437980823570378,-0.24727131878459557,,-0.08975228517257879,,,,-0.21548131818052044,-0.19752951306094152,-0.2058549034392031,-0.1654631884180904,-0.07015240839619996,-0.06842537525041889,-0.11567165615736157,-0.17255617270507065,-0.2121921169129694,-0.2211438171918622,-0.16737903688433128,-0.2141669817764812,-0.211329447720691,-0.12062308832516995,-0.1620139928506987,-0.1984641708835744,-0.19615318050555647,-0.05960815715408453,-0.17728966056233852,-0.11590371395856087,-0.13051977162550393,-0.18300356943636822,0.0019423854473688649,-0.11698576359731033,-0.16894805273759356,-0.23854561598553764,-0.22315060097871783,,-0.2030920865373215,0.015109553085424367,-0.21218287793371834,-0.1795315729533776,-0.09661545387335847,-0.10648018060127014,-0.22517966868637396,,-0.22154928943489963,-0.2100359687651281,-0.15184224297839852,,-0.15211585707149577,-0.21267369391844068,-0.09568470966127256,-0.14768889445548086,,-0.14429563792932718,-0.11703582480669662,-0.06199815123054213,-0.05537737649221746,-0.21539738977483075,-0.042711785727588734,-0.17012301376302047,-0.062225010606487545,-0.19224125448119744,,-0.21474471466472633,,,-0.1142472425231085,-0.23221024408934163,-0.17147330243441108,-0.09382781046033865,-0.2265336150535207,-0.19253761387485865,,-0.09130789164853201,-0.20956803002081745,-0.22605416907621362,-0.24163309212293574,-0.2276424682492827,,-0.22495288970575858,-0.17921737405132118,,-0.1556392931206446,-0.09419505148304402,0.039413913539230454,-0.22820065839606468,-0.22630550965021953,-0.2482143461434197,-0.19841755156127774,-0.20709118090167003,-0.09951104700738624,,-0.21807504504849792,-0.22867886052353045,-0.15866316966532945,-0.18704195383466748,-0.22679796456143378,-0.05030000974405225,-0.22883101961554492,-0.15538609179394341,-0.22717684198274699,,-0.22054727216235004,,-0.13570654892212541,,-0.1641322333986841,-0.21799019259701197,0.0034545511454142806,-0.24391620354207044,,-0.25994782331392297,-0.20037134577612226,-0.11282515053537963,,-0.24588525299709318,-0.2441649272953558,-0.20789637547004633,-0.10146712232845426,-0.08618702049428736,-0.2270193900872832,-0.21772282734740964,-0.23043345911226637,-0.14037856206270805,,-0.2330664032237663,,-0.21076106235753825,-0.12841920861442813,,-0.29629302372830574,-0.23097776396394668,-0.21335307551823823,-0.2077386049035173,-0.19422141628611345,-0.194254694933066,-0.12915800515781198,-0.09904490961836897,,-0.19569464644433165,-0.11325672625448144,-0.22199042276453018,,-0.23433976379354046,-0.2075697251026879,,-0.25103884907468677,-0.1932700267157457,-0.23279161936766893,-0.276317864146982,,-0.09701826451306218,-0.21308770504076993,-0.1347752467729301,-0.21952571823515113,-0.2038701370734047,-0.19370491448207086,-0.13061508020475154,-0.23011103187595883,,-0.21487444609512782,-0.22104876549075447,,,-0.18038947881324782,-0.23565684958287714,-0.1838852258737267,-0.2447592317833129
2016-11-30,-0.11445901167926208,-0.08352532867086337,-0.12431941139430748,-0.14198846904775647,-0.16444316137846024,0.030732780707812515,-0.15123293531212098,,-0.026635791338920425,-0.07010782087298263,-0.14573058617811177,-0.11413906965503681,-0.16576818242230676,-0.15268666360699132,,-0.02785014840427229,,,,-0.09804165893799228,-0.09700204043700401,-0.11379054423606813,-0.05420774124996609,-0.0017615803301504254,0.04195021452798621,-0.04170974646575769,-0.06010764865901868,-0.11271192100156704,-0.10668272294161629,-0.019150415813530743,-0.10216789115276873,-0.1676636223958017,-0.10222670990485105,-0.0532835314361476,-0.0930474190799175,-0.07834143096436315,0.07620861485309763,-0.07502972543067765,-0.11485488268009827,-0.0612334191750363,-0.1252414050085448,0.1600833292016468,0.028577058262617718,-0.0587436685670706,-0.13188689348936855,-0.12268498849102295,,-0.09339788884025554,0.12580484644609624,-0.10337462385143037,-0.07169866122735001,-0.022921303241517522,-0.016857106357810226,-0.1323222507045096,,-0.11341494257376507,-0.11266174387235746,-0.14337631379019677,,-0.06640259264037533,-0.1386605320992021,-0.035962058205076884,-0.08226560361822705,,-0.04057362339143876,-0.04713343606217324,0.005537937023585233,0.003311813681877016,-0.1413208574339933,0.062050011860313566,-0.025745248470038284,-0.046655629590804715,-0.08912912449750364,,-0.10635157272764169,,,-0.052639147900654354,-0.12112678407968766,-0.0656520074515417,-0.0031116708531362426,-0.11734549307450902,-0.12902376608969343,,-0.009501428940685765,-0.0930006020119073,-0.10554456478798296,-0.1719939762970326,-0.08700073775419526,,-0.1087318331525804,-0.06524583893602484,,0.025238636439065144,-0.02924021832698209,0.015406356862805688,-0.11701693878884178,-0.12122445290682907,-0.12192067104794786,-0.1298401400623234,-0.14270499352526542,0.014742805469905251,,-0.11713177820304467,-0.1165992645885065,-0.03149066736451818,-0.14256151750536716,-0.12638974406420295,0.004272925508501795,-0.11663031622020817,-0.04833580678787357,-0.09457008357651477,,-0.10043052866459867,,-0.07137407061508048,,-0.05087514248240684,-0.10862788144874258,0.15650070056413198,-0.13224757525277073,,-0.16099116402000033,-0.14159478325478636,-0.15078495959425245,,-0.14660492975932454,-0.1459920035768857,-0.10277363843572715,-0.012659597497135201,0.05958632557472444,-0.11590014312435674,-0.1051026258290945,-0.11186084507072559,-0.007463456345228839,,-0.13540254998854653,,-0.10139706107270606,-0.015727676586279868,,-0.1470376195196565,-0.18103640189271838,-0.10555840124920471,-0.1674347643518402,-0.09085535120519891,-0.1344658106570322,0.0019784261029152897,-0.0690670000794974,,-0.1389298328143473,-0.03862340186969741,-0.12218125408545519,,-0.18540292763807964,-0.09653831847634298,,-0.19413979911083631,-0.07937368033645097,-0.12277501090035126,-0.2188469074061257,,0.03547824543279257,-0.1098371617170167,0.0019518270909745733,-0.10079078664525244,-0.09948601745443335,-0.13319548013892146,-0.01790584895898328,-0.12764366093526963,,-0.10823877971630903,-0.10781168061837573,,,-0.06602987785939336,-0.11721837651736795,-0.07492099857942534,-0.2205532648442595
2016-12-31,-0.3119216707293355,-0.2654790212863387,-0.3363918722539521,-0.31800909934633076,-0.3671769298099295,0.03997513735554353,-0.3590648713946151,,-0.028764536497166353,-0.17735242552016903,-0.35820340892776675,-0.31465494102386865,-0.3685081961158798,-0.3828276249694341,,-0.046817506136190686,,,,-0.28108209326615313,-0.25873305543568753,-0.28394605773679227,-0.16857370866517368,-0.008587866526912128,0.03565027192257206,-0.1202768870479535,-0.19119459171651107,-0.2848289509599568,-0.30948211645057866,-0.16905242028374562,-0.2910806130022464,-0.3208592465699021,-0.10751446196774801,-0.16216424678999544,-0.2563327418826582,-0.22940795535230682,0.07105784253814483,-0.2271065958508552,-0.1558169700994518,-0.15135216705201648,-0.2682176075841132,0.2479102237988361,0.006925259464860136,-0.17917240718740451,-0.3548282575696439,-0.31423987765150646,,-0.2648801717071791,0.2456511095089075,-0.2910592140628176,-0.21006054556219653,-0.0684506592507043,-0.08001068937221101,-0.32713205155860264,,-0.3109328087840093,-0.2896426605066738,-0.2472872161032175,,-0.1911292660385731,-0.32353778412775286,-0.08113033915335968,-0.2092459077734405,,-0.07949742763109668,-0.10816465568190806,0.0033185234046215445,0.029489249053302618,-0.3479516844662732,0.0890618542535243,-0.15245675800141223,-0.04286098297582116,-0.2354327031665203,,-0.29772641015080004,,,-0.11955022428855476,-0.33403868363447037,-0.1886550414040163,-0.046860555500055065,-0.32151486470115725,-0.2869757081182887,,-0.049574966031499725,-0.2752658393589511,-0.31228711301337875,-0.39368815399187723,-0.29178295244054375,,-0.31614934303338393,-0.2015215092344222,,-0.05991946563865323,-0.07614024099821896,0.15006919230010993,-0.3285288850072194,-0.31897569616657206,-0.36391002055423427,-0.2996150356783452,-0.3192917199804232,0.029418038156225124,,-0.3087779995036433,-0.32784578076879073,-0.1845714099768021,-0.2942713374045075,-0.3337668538437735,0.027036751945121465,-0.32045059161054407,-0.17476487211996827,-0.30969774000323286,,-0.3028098002160773,,-0.12113333519050258,,-0.15820377846243797,-0.30035738104597437,0.3100088640420763,-0.36377744377404586,,-0.4037845968732117,-0.3119377413832121,-0.1813192787238696,,-0.36489969089788155,-0.35885317619271784,-0.27976398006466496,-0.07558563101967668,0.09173582618852746,-0.3251550751657703,-0.3002182817317695,-0.326845256529293,-0.062235862132879884,,-0.33896255357230454,,-0.2868139797211194,-0.10408825595665923,,-0.4958100641498917,-0.3941792163046611,-0.28598497842919646,-0.3263029077631553,-0.25099875667928706,-0.29695158584365117,-0.04396907228142505,-0.10256244254781309,,-0.3031028667245518,-0.1167479682999654,-0.30857380931869666,,-0.394742766775627,-0.27776921119692183,,-0.44056659538691495,-0.2370805337524917,-0.3357507991218703,-0.4965640036727464,,0.054464954660790425,-0.2945038528437081,-0.03629331338505672,-0.2990673097718287,-0.2723880970371843,-0.2940184773191315,-0.11025457649422396,-0.3378940976335167,,-0.29282649800340527,-0.3101359927249239,,,-0.20482925780395245,-0.33960973735885186,-0.22120821811835267,-0.44403232807574783
2017-01-31,-0.4897550402650951,-0.4316499070710552,-0.5311560101732431,-0.5210624684999657,-0.5774489250758906,0.024608641477896542,-0.5726278618655197,,-0.19711442003092852,-0.26123896138639263,-0.518341156220635,-0.5088398215706907,-0.5856821319655697,-0.5840233097053509,,-0.24486245889084937,,,,-0.43212391882816853,-0.4287132126230895,-0.4607592249108231,-0.30790769559343684,-0.2129401521276786,-0.1373842251015007,-0.3382159753132195,-0.3424624387807395,-0.4324001343147613,-0.506161603813636,-0.3644079383174116,-0.47274098168004014,-0.46395076635569316,-0.15108201689034415,-0.29795681453454753,-0.42290501523050544,-0.354906622193447,-0.11321976024688461,-0.4424638274341755,-0.3102787512329041,-0.3588957880288295,-0.46302748736887156,0.11481834712678118,-0.013350795094295426,-0.32623530029313463,-0.5549121906716064,-0.48051729263209303,,-0.4365386687724309,0.13920415081512322,-0.48170164949788913,-0.3688291885045521,-0.25651686505583726,-0.28054976777611834,-0.5133158664169106,,-0.49321384558003756,-0.4619381540396051,-0.44872764314381675,,-0.43686226683671514,-0.531538139691752,-0.29606099379143574,-0.47507908928657655,,-0.09461829982890986,-0.3335768969076516,-0.188162376701565,-0.16671372680583066,-0.6056923902157728,-0.08139456836204217,-0.26584423486376946,-0.21570070431394908,-0.38014932585381134,,-0.4924812026583372,,,-0.28887205602761495,-0.5224419224390424,-0.334901764483454,-0.2526141154382467,-0.5100608730080518,-0.4873760683097784,,-0.24565732044062855,-0.4516713878113695,-0.5047386926578802,-0.6105467687776874,-0.45041231123920844,,-0.5098363277557006,-0.35325586869057174,,-0.09873312192513292,-0.2920217118342522,0.012791774797184095,-0.5256358705120542,-0.500720837155183,-0.5707800331060843,-0.5080633685461239,-0.5278958980361085,0.02255419586250168,,-0.49300878538534176,-0.5227844891623369,-0.4057923795900746,-0.5099659800651759,-0.529818403209456,-0.1316085763784965,-0.491268471121939,-0.38375956576590464,-0.5082457559281548,,-0.4934318771009801,,-0.17947480028858084,,-0.27339691786391923,-0.4775276666023393,0.38073187383559537,-0.5615009834940754,,-0.600013308899565,-0.5235698372173676,-0.31696041124298613,,-0.5361147344900083,-0.5242297908636269,-0.44994110947385424,-0.290867341960845,0.12177062376513077,-0.5203782181809795,-0.4875048860497098,-0.5223554592333403,-0.10203312132862692,,-0.5072628082880399,,-0.4698624302276258,-0.29398676234675414,,-0.8349395637974336,-0.632080171014537,-0.45753215929965774,-0.47976783234321674,-0.4224815926174553,-0.5048891255345606,-0.09855674604537942,-0.28672328685001064,,-0.5019278853480696,-0.33674449142202684,-0.46427671696840234,,-0.6112003416946465,-0.461054278057792,,-0.7122832254942761,-0.3997107846895147,-0.5169294324259748,-0.7480942308055722,,0.07425899470340991,-0.4785726272208526,-0.048727971964454525,-0.4863675182091051,-0.4476916151097609,-0.4968097995356169,-0.30209966299725227,-0.5333221793114653,,-0.4499953729190677,-0.5046557635037144,,,-0.3585142912084978,-0.5398234675476983,-0.38689237187226644,-0.6900663663664394
2017-02-28,-0.5646086312663987,-0.5201723412916629,-0.5888625905889217,-0.5570902992062737,-0.6007790315842646,-0.21885662292859584,-0.6066269936460216,,-0.2699632770296771,-0.4181747720176367,-0.5917060429599283,-0.5694831625813543,-0.6029681039770506,-0.6250955685101014,,-0.3298784286586321,,,,-0.5274303655526034,-0.5094296585034801,-0.5320158379769149,-0.4267199382156052,-0.29783475522985187,-0.2525442671666706,-0.3802257204778784,-0.44462641404157427,-0.526150819381277,-0.5678609215032895,-0.4565992131059014,-0.546096545516847,-0.545402259360176,-0.3201436926862674,-0.4178265985388191,-0.5052230371502257,-0.4795751003644965,-0.22390528499641413,-0.49645721950050814,-0.37634109157599144,-0.41447028770275013,-0.5100012998791478,-0.08406453569954667,-0.25892789931699445,-0.4396504876656668,-0.6053528122532281,-0.5583190255296088,,-0.5178436712959986,-0.0557034668725387,-0.5473937382617728,-0.4670829234378952,-0.33703486713474173,-0.35147699223789153,-0.5747993083376236,,-0.5614307777130746,-0.536424539542509,-0.4735832166590907,,-0.4700518804082364,-0.572264201209964,-0.3504874823906231,-0.4787604158109305,,-0.32512681929147247,-0.4020375592058555,-0.26824283389840703,-0.2605691008419151,-0.6068873384359221,-0.193434456987535,-0.4218915037646268,-0.27429308623665266,-0.48522785943202656,,-0.5550854567504373,,,-0.3647650071986789,-0.5829536203410944,-0.4433001613326512,-0.330488056218957,-0.5745918253574904,-0.5280047457137678,,-0.3231702086201836,-0.5311995720117036,-0.5659918431302171,-0.6289086817844213,-0.5510436319364987,,-0.5723276741313156,-0.4597815784465051,,-0.32987034791501213,-0.3525611796846568,-0.05264900536631536,-0.5822146338960498,-0.5726549462106914,-0.6214933846992723,-0.5438080984315504,-0.5615211914512998,-0.22287258670575483,,-0.5582650239880137,-0.5821209338303921,-0.44626454259867443,-0.535354442237564,-0.5814260692246018,-0.2319320098505737,-0.5664368045059421,-0.44811325748702535,-0.5739333925147547,,-0.5605916391453563,,-0.34962948415106293,,-0.40858730714675384,-0.5511956362107452,0.039408855438710644,-0.612522930687065,,-0.6476329731326714,-0.5526051815101589,-0.38726104846046544,,-0.6064180545986533,-0.5991142789031575,-0.5264329193470277,-0.3476446327159524,-0.1691247492612746,-0.5793770907891455,-0.5561082158992514,-0.583811074480365,-0.3213847470906542,,-0.5789054279745213,,-0.5406414134575199,-0.3838732353401316,,-0.7849573794145398,-0.6232353061008101,-0.5385647723147551,-0.5460841740390949,-0.5032123014156602,-0.5383954386468727,-0.30463240731228436,-0.34768627089163145,,-0.5377180159357842,-0.3821289740202419,-0.5506089516393395,,-0.6220066513584285,-0.5354208867085816,,-0.6804902026591837,-0.4927792429764702,-0.5815804620689794,-0.7223401673805998,,-0.20007292988481476,-0.5453827372384786,-0.2929718696617288,-0.5569684813825426,-0.5235592026309934,-0.5338536181768259,-0.38969641782856324,-0.5871413734595143,,-0.5334242394076258,-0.5664388072289707,,,-0.463238246874881,-0.5963487688297184,-0.47876024947697177,-0.6644709446514363
2017-03-31,-0.36932828719665595,-0.3298413332196678,-0.40200645062095547,-0.4099641062016445,-0.4353305541428548,-0.006800096602083411,-0.44549134779837224,,-0.2583609569591495,-0.17510481292005306,-0.35024127996260956,-0.3973491945105036,-0.44049996207829645,-0.4248032377798574,,-0.37487840620686114,,,,-0.30797987603891525,-0.341056097740047,-0.36259611802724434,-0.2694085527279922,-0.35971680585179056,-0.29386632826433723,-0.38566605394938536,-0.28747705757776054,-0.304603937018536,-0.39969847434431416,-0.3588629277316674,-0.3682506878098836,-0.3065810388549054,-0.07828974381124329,-0.2606735296348289,-0.33431146762975156,-0.250331455447128,-0.3113577049029698,-0.41855860653316307,-0.2701414386537473,-0.37479027278196436,-0.38395097189125305,-0.19501336071767783,-0.023438334685367598,-0.2863439466060609,-0.4153583110994906,-0.345237153377,,-0.3453222827802465,-0.1357473835239583,-0.38706192573352044,-0.309863225394208,-0.3181344911301645,-0.3507722516177018,-0.39314582897648803,,-0.3724896271787833,-0.35111641181623526,-0.3693374283282818,,-0.4725897277030796,-0.42478353460834445,-0.38098392878263476,-0.49877995931777386,,-0.03821281284387332,-0.44073433961890357,-0.3130876330617334,-0.36128182907176426,-0.5157470771351104,-0.28014288693873973,-0.20098972544956784,-0.25781557863914106,-0.2929801809796891,,-0.3973843534085274,,,-0.27282334731273783,-0.3894805269516324,-0.2851640502783436,-0.36722963619178034,-0.3899759033028276,-0.39822686491977394,,-0.3388779253106207,-0.35701119552427973,-0.39918284870707216,-0.4567240650212196,-0.3268556536886629,,-0.3945275235116392,-0.29770260821808076,,-0.06862329514112045,-0.37605856975227414,-0.1247554323819668,-0.4024918514214729,-0.38323973809125483,-0.42973230616650415,-0.41352212959281714,-0.4239914986914918,-0.0012297998404211174,,-0.37654886482973987,-0.39910650727526686,-0.38826201593800824,-0.42611945769064946,-0.4001751767908508,-0.24027422343824026,-0.3533273391438934,-0.3924873991631837,-0.40413851835541387,,-0.38559402709764734,,-0.08526560849125983,,-0.21886259312931405,-0.3612629112912254,0.19932640801873605,-0.4093935717372618,,-0.424534424537113,-0.4224879465383448,-0.2152766025393736,,-0.3692220903772642,-0.36014621213598286,-0.34282404803401434,-0.37471451385884197,0.08553589560379095,-0.39867536961377004,-0.38064434836420885,-0.40056278671406953,-0.06896588470221633,,-0.3539921350244539,,-0.3680630890667108,-0.3443598982386469,,-0.7001730780603963,-0.49016970959544415,-0.3560942487788458,-0.30940401761543024,-0.33946926722922155,-0.4115122742217001,-0.09238143621924252,-0.324452070398729,,-0.3874025166458908,-0.3836839399692572,-0.32490582333882523,,-0.4513842198509317,-0.3682426180852073,,-0.5702009011751287,-0.32305540444288033,-0.3717188577770808,-0.5272888087550548,,0.05951655646638942,-0.37729550025744973,-0.017774622962865257,-0.38202431209935866,-0.3518950878411637,-0.4004161641492531,-0.34750832565003403,-0.40316972377000687,,-0.3144639643594644,-0.3944425938695826,,,-0.3010743127444485,-0.4128248556263544,-0.32467557421568644,-0.5200791004414753
2017-04-30,-0.40282389202339086,-0.37804492526395056,-0.43543933639111126,-0.4509793576623787,-0.4754522615992273,-0.05626861766812458,-0.47366292963725676,,-0.35068758765336505,-0.21666192749950022,-0.390251874192556,-0.4351865649300644,-0.4742009513061395,-0.4594214830436119,,-0.4309025863295158,,,,-0.35233097483683645,-0.3858276694526821,-0.40314503430434884,-0.3195204010890547,-0.4166127635838095,-0.38861629662996394,-0.47648261199656433,-0.34713762658637876,-0.3407640911004368,-0.4387094947425092,-0.4093379193205434,-0.4083716729730543,-0.3124845020536909,-0.09499969979710884,-0.3140964366531958,-0.38705984423173384,-0.28427301297403623,-0.44323686824704855,-0.4710529563386386,-0.3147354748006197,-0.4290760786594601,-0.4250929383152066,-0.2900643468714627,-0.06257632980665227,-0.33163680250336325,-0.45039240908767525,-0.3789174857281977,,-0.3919823378642942,-0.23350722578220465,-0.43017564107221645,-0.3562071662285216,-0.37930408666298404,-0.4315826569102342,-0.4273979891415312,,-0.4119182550765136,-0.3910319565688295,-0.4036874725889904,,-0.5302179030217498,-0.45375387999211036,-0.45200578794969315,-0.562622408168117,,-0.049598996656654334,-0.4743953723337369,-0.3981863806190796,-0.43162181296766355,-0.5484134330229564,-0.4083927922456605,-0.22583318027728772,-0.34173794868298923,-0.33197698639514356,,-0.4389220929977349,,,-0.3311930610575361,-0.4320806766604899,-0.3358873016435565,-0.4445495875887547,-0.42681634647851135,-0.4441026426510429,,-0.41721478268222684,-0.40275746653997735,-0.45647160853698315,-0.49535785896496726,-0.3633912189613901,,-0.4348929267839172,-0.3459347598711354,,-0.11781146279520016,-0.43244834407402005,-0.28470982790028004,-0.4414931170495047,-0.41302279906699996,-0.46772638778892084,-0.45623921019037544,-0.46286584703915745,-0.04792447985296966,,-0.41476250704705847,-0.4361593262994012,-0.49190091772143746,-0.4620463785666563,-0.4403778727523313,-0.32202250404566085,-0.39426969586188637,-0.4546825443814229,-0.44797117755023935,,-0.42845839679590497,,-0.09821134025962483,,-0.2720316345541442,-0.401316870307134,0.10686153661649805,-0.44594364111564316,,-0.4479133656936543,-0.46251945585635956,-0.21391246530264937,,-0.3929560910947905,-0.3854031479821335,-0.392098798917999,-0.46747745752560327,0.03988693659234697,-0.4361305991088514,-0.4201699275063511,-0.43827189109427594,-0.09706622638997034,,-0.38670103297845015,,-0.4108162742574976,-0.41019250811189945,,-0.7380317349247444,-0.5415964409566302,-0.39631870977502603,-0.3209924575627785,-0.386163680759816,-0.4531653524638792,-0.13676311242086805,-0.3902096641469916,,-0.42785091885364157,-0.46043281544103276,-0.35642340427187863,,-0.48665927558579986,-0.4075596325974395,,-0.6144982602024791,-0.3708525344931932,-0.4110479964201175,-0.5553338277378728,,0.017956058330185796,-0.42305526326673903,-0.04579877915341563,-0.4238789292226755,-0.3969060809974004,-0.4431186191251056,-0.4121927991964261,-0.44074830983016916,,-0.3592452167094629,-0.43468697974278697,,,-0.34902212994420184,-0.4501986973741413,-0.3719539557996183,-0.5564626154823786
2017-05-31,-0.30209936461268594,-0.2973977153796541,-0.33653083232483755,-0.36072193904096467,-0.36969396493345064,0.007824488757978044,-0.37085471358229266,,-0.37097118290931125,-0.10676443584002442,-0.2589051258597387,-0.3462531798384125,-0.3704349664094185,-0.3444451255277518,,-0.4460738532221639,,,,-0.2519104246769937,-0.30392627294195623,-0.3121719985795431,-0.25603171307440103,-0.4555683855739765,-0.44585128605474855,-0.49752823505089727,-0.28794672475445954,-0.22969002136041905,-0.355422067317081,-0.3930233525541458,-0.32207919546502356,-0.16167600578937386,0.039517915462550235,-0.2516633202181118,-0.3077384454228656,-0.18296668955428347,-0.5406411740299686,-0.4360770456942481,-0.24775121203172246,-0.41546742789247715,-0.34784345524742194,-0.41066909447195044,0.011951387553468558,-0.26711160386918553,-0.34841885805765027,-0.2681787316240582,,-0.3112158208863133,-0.3287524242070905,-0.35028521949268454,-0.2880142242530509,-0.3893197311527043,-0.4549879821814559,-0.32276204465174696,,-0.3173141296061623,-0.296052446192976,-0.3308373720236101,,-0.5285183955146946,-0.3611220901256655,-0.47505797950532525,-0.5682269755349605,,0.0821651527319311,-0.4764052691874885,-0.4466626715975129,-0.4800105053299404,-0.4824205117356027,-0.4966524605697368,-0.14986095043282857,-0.35337802381292904,-0.23981677159248532,,-0.3583193130207703,,,-0.307770786165101,-0.3341044977056735,-0.26853860648295375,-0.48162183962266875,-0.3309571656308199,-0.3660845259263421,,-0.4469130523203846,-0.32191518692607685,-0.3763430608127728,-0.3836174606129046,-0.2648100682598488,,-0.3478931562471176,-0.27780805682467785,,-0.04016289582185267,-0.45429626425629854,-0.37462492190470864,-0.3505852047975542,-0.30913661603915055,-0.3715524583028754,-0.3787374692357554,-0.3745115973796055,0.030749530796464083,,-0.32042816104093225,-0.3433461163186622,-0.5067506763889984,-0.3845345404321262,-0.34534222145274046,-0.3548107180180068,-0.28935023303470486,-0.4412955474964649,-0.3709433251009836,,-0.34642187048830736,,0.02125514937089882,,-0.19822509159728702,-0.3078312198236823,0.10235846639524677,-0.3407934087926962,,-0.31702733110434766,-0.3793756744789504,-0.10267720293923453,,-0.2607648976023547,-0.25157557847412443,-0.3049601705816119,-0.5075225162064418,0.11279040712978959,-0.3446180100585029,-0.33396375876134327,-0.3476118176150674,-0.0024986552404997276,,-0.2666294409259574,,-0.3279656170233309,-0.41404562859553384,,-0.6842953795994416,-0.44614308336258024,-0.30330372317569937,-0.1791906636843827,-0.31002928328151985,-0.3744171437674156,-0.06554013873171512,-0.37673354575791146,,-0.3406180155660172,-0.4797396946501245,-0.2396917268141952,,-0.36980438276240885,-0.3272285707576606,,-0.5211441730241592,-0.296158037459935,-0.306673116538421,-0.4221942007852681,,0.10261578329439126,-0.3370421668397212,0.057186614003537715,-0.33993475277416846,-0.3142798757029212,-0.3626900796721206,-0.41473409737959704,-0.34254262901166393,,-0.2575591651431709,-0.3501086763619891,,,-0.2810086478400154,-0.357391536337761,-0.30466621764120877,-0.43555084717779696
2017-06-30,-0.12470331754851433,-0.1389352186027706,-0.11912042866837069,-0.11281894061712679,-0.0907994871264115,-0.20349292491912127,-0.11763517599229832,,-0.21666542183766385,-0.11659893125406455,-0.0755723234668081,-0.1384511530483285,-0.07432956923308907,-0.09123472124320485,,-0.37292467041291666,,,,-0.10889986709839389,-0.14542384807778147,-0.13805685889802133,-0.1864958246015295,-0.3679199525874746,-0.40545950712460427,-0.2756459352760185,-0.17136315442738592,-0.09211060034132255,-0.1472177654749663,-0.24808343430202434,-0.13996978564963095,-0.018710376297426338,-0.02866978737282954,-0.18450984405173274,-0.14977276325739483,-0.10751447184935796,-0.48834248598892815,-0.23176058854103376,-0.08813148110568594,-0.22365986459532394,-0.1317234892657892,-0.5754555939287497,-0.19444747763620512,-0.18711100302603662,-0.11314711386600998,-0.09507082919278602,,-0.14953113971956103,-0.48747375738397336,-0.1564025671589698,-0.16921345631254023,-0.2543426754524309,-0.29878842174298,-0.1273522700698677,,-0.12181885100451613,-0.12100403501902338,-0.06899172519274865,,-0.30142469762057444,-0.12552113246432456,-0.3016069803250135,-0.2712372129571685,,-0.1030786319625555,-0.36509158216699766,-0.32551750864732737,-0.442324110924515,-0.1607373297956811,-0.45788717555279246,-0.1312677276943138,-0.1659026600775519,-0.13567425797856203,,-0.15916945285256853,,,-0.13580556745695743,-0.1190611629325181,-0.17567863420650556,-0.35969837877235344,-0.13057872056571193,-0.13184745399553494,,-0.3145303413066659,-0.15390289300676918,-0.16836877403452713,-0.09260726551256677,-0.1275005845986569,,-0.13802684204996696,-0.176832279664681,,-0.1912749947395112,-0.2888839515269963,-0.2050006749956347,-0.12791882062522222,-0.13239810970301255,-0.12882511487747875,-0.129763127765927,-0.1260414913838848,-0.19464926354065393,,-0.12301405344396484,-0.126932898807664,-0.23419285422998035,-0.12565898267839723,-0.1135878622518981,-0.27311212803811974,-0.10363788303065737,-0.2597647210388806,-0.1650801249575436,,-0.14580714028902292,,-0.009906184090884,,-0.15633448454266002,-0.12460311886576987,-0.3389952200298496,-0.09951966947375145,,-0.07782144196749743,-0.11924365774088007,0.060226686436889325,,-0.07054602517199692,-0.07425328845364616,-0.12909751609028683,-0.32093402665940796,-0.19562184562509277,-0.12787058569485762,-0.14119036537662938,-0.134046813045085,-0.14677226353897344,,-0.07797827851739444,,-0.14010976805110617,-0.2938977546358403,,-0.21878449390590526,-0.10110991311147859,-0.1457142676568797,0.011752539004406334,-0.14899328941462608,-0.12391743570542998,-0.18553513891573362,-0.21649801368261617,,-0.08535506930265759,-0.2622616627364876,-0.08473962332450716,,-0.06587498409364326,-0.1498027953606208,,-0.131692877540307,-0.16079077341813583,-0.09504352843851631,-0.01821249267293167,,-0.17129067933789738,-0.14735790826169992,-0.14283233443695859,-0.15061002571278037,-0.14094353639000637,-0.11796942569710012,-0.2874972734048855,-0.1175260539422193,,-0.08528880830915384,-0.14056313184209251,,,-0.17498743302873235,-0.13313640086346243,-0.1708875095313567,-0.06433960421374697
2017-07-31,-0.12801691440742796,-0.14307704733947132,-0.11587106168116358,-0.06559508363853625,-0.05416753094462328,-0.23158317109276472,-0.08445686261136014,,-0.06269243405798829,-0.15751969755463957,-0.10438808351544802,-0.12169165893163034,-0.04317469142125796,-0.09117967757054418,,-0.15484736647320535,,,,-0.1340702254527855,-0.12354544942796211,-0.1128070683088818,-0.15865220939982905,-0.15345816022860986,-0.20010842510506022,-0.09922342135763278,-0.14328666742228022,-0.11689995865948362,-0.1295441053617045,-0.19115434303524984,-0.1300961916063432,-0.0552592561288369,-0.06921432711816947,-0.1551038195151161,-0.12699943712998593,-0.14970896747621992,-0.23083029893333162,-0.1338402617413419,-0.011238155256127398,-0.09964230301606922,-0.06891455395868222,-0.32546467356119313,-0.24960831859204738,-0.15732846970192632,-0.11056862430598918,-0.11263879006324577,,-0.13209666953188703,-0.25638623320253906,-0.12808089491010394,-0.142704119091724,-0.11861501377808613,-0.1355541777088649,-0.10985932925442277,,-0.11985514197401091,-0.11328202072977547,0.0031367356780174025,,-0.1288627726015111,-0.0839742185917833,-0.10779475279805426,-0.08512585656036291,,-0.1943724182374871,-0.1606726935250416,-0.12491657558317026,-0.1707721254805309,-0.0737636425509299,-0.19742869064241086,-0.19161144907911326,-0.021687438047928307,-0.13623823234174084,,-0.128036105830023,,,-0.07045101675161215,-0.11768930951880334,-0.1462979022201157,-0.1601770378637428,-0.1233721115724379,-0.06973646896471623,,-0.1372122857062999,-0.13890307883929304,-0.1360749115793216,-0.05953071988666044,-0.16430652860644693,,-0.1282806357345081,-0.15354114349697867,,-0.269049878115461,-0.11464233065312356,0.03143296526491654,-0.11903837145701468,-0.12746647608154926,-0.13065709193288344,-0.0718994878841312,-0.06940396308023446,-0.2223154810494542,,-0.11339380983907005,-0.1215449139051223,-0.1246986969068515,-0.04806941625933691,-0.10319092824658092,-0.10767935201987941,-0.12106663651120488,-0.14545615841440465,-0.1501542277653485,,-0.13465170376606525,,-0.09894625104772581,,-0.15734260344374462,-0.1238244636792504,-0.31873448124943826,-0.11011973631303446,,-0.09908767538794264,-0.05895779344436211,0.051409237148047286,,-0.10655007632127253,-0.1088229788380899,-0.11921680162212177,-0.13017849828423,-0.2673810048571132,-0.12058005875873178,-0.12918130005422818,-0.12981537634541337,-0.21758372568681997,,-0.10350740980701253,,-0.12541995473489367,-0.16916500036053578,,-0.13132759711587197,-0.027776578845769555,-0.13329012312379088,-0.031389326373121855,-0.1255197025305594,-0.0620927976791561,-0.2153029327646868,-0.06342248784546609,,-0.048421106953939065,-0.10082387101210649,-0.11376119758778765,,-0.03136979858465341,-0.13242366859527374,,-0.036625598715204086,-0.1432269377151885,-0.11197643471374216,-0.010562352291870481,,-0.24387738424575628,-0.12104917845265092,-0.2316018602282629,-0.1374158247683976,-0.12307887158516605,-0.06203436634714073,-0.16644447829807113,-0.10867662354672764,,-0.11151009594891079,-0.12601054501308848,,,-0.15247529476763752,-0.1277732231872697,-0.1410647281512659,0.004760601700787614
2017-08-31,0.08049090634733203,0.03190708193700892,0.07604675538545984,0.08766069682785604,0.10550664975829828,0.021007986755708082,0.11405268612381725,,-0.05343536593902715,0.07194651120835233,0.10921744121805768,0.07422414364567165,0.0821781283174905,0.09827921703008279,,0.13905955179983012,,,,0.04820665742702085,0.06547287568171375,0.08932169990171916,0.050409761607720385,0.06237336894227234,0.02808191852156587,0.005581320084776787,0.025289307306795586,0.0679530913108619,0.06492816557050403,-0.017340187345805055,0.061906746854293204,0.12014139064508256,0.08399207434987335,0.04744709542037785,0.06175991045043329,0.03619670884679796,0.019678934774217234,0.06253444429816554,0.03458205180014509,0.020463689144419,0.07971726577164595,0.01658963012636406,0.018702658082220637,0.055458595605079986,0.07929694365221622,0.07477540957399273,,0.06062877081788905,0.008827180514230124,0.07237994913280076,0.04863608850414376,-0.012855978990518052,0.005275955789975874,0.11316997727057358,,0.0649220654401,0.07178905408407249,0.029651231408665154,,0.0869262989954672,0.09891083254013072,0.03752803282242739,0.054449080579379756,,0.08458131351389445,0.15755968971656178,-0.0109810466402836,0.1449400743445792,0.08728142382236018,0.027977655727321787,-0.0355238689015692,-0.07506345594758508,0.06881591485686471,,0.07898245506621732,,,-0.06987693887443171,0.07132535852793323,0.054466647915925266,0.04562445852161917,0.07977075220087153,0.08053044515243003,,0.012872380291004478,0.06138667945655583,0.08452535066980175,0.12028310286558026,0.045291360476890904,,0.06136734848721166,0.051399915681831485,,0.0011753673109900086,0.013695134831620234,-0.18636708157492843,0.06420304223508914,0.10326726610502299,0.06900365325379305,0.07294383528513543,0.10072175082006767,0.058050678946336705,,0.07236715174581142,0.0659410838562678,-0.07314670124169563,0.08895488050951243,0.0670475823603921,-0.03527157185908087,0.06344649982587706,0.03634773123692471,0.05679847585449586,,0.05416790843308332,,-0.021387985809544725,,0.031885461838222384,0.0629724199201615,-0.02683802033186046,0.06575785018732379,,0.11507750297406551,0.08380290897426561,-0.02471497278881214,,0.10128998198941153,0.11053184018295216,0.05661267235242636,-0.00206216048289225,0.002527944788017147,0.06465439118816395,0.0641978422660327,0.06373756095265598,0.025590335510970164,,0.08138338601276206,,0.05638976560269825,0.023035114695416015,,0.08785394187175635,0.11563823351657328,0.08893305884592902,0.06387696739037121,0.05267637784386158,0.07619951828748972,0.023863998372230574,0.044039280413644716,,0.04905875253617165,-0.012885326252083615,0.07446735593446306,,0.11703660838222063,0.05909168960780879,,0.1508789593731031,0.052151143850886,0.05525558605235088,0.10060692137070874,,0.017266488228809957,0.08184140390788251,0.03197831971788079,0.06556962151846629,0.05991122173432345,0.07132490198999494,0.018468854631022373,0.07788889486959794,,0.032877392241639256,0.0608203027511656,,,0.04881297340177406,0.07001053845324805,0.049806696751328774,0.1585915365539307
2017-09-30,0.10050096362687842,0.07565634556923766,0.10998774153699088,0.12751381239836554,0.14123631504539516,-0.04135337594594385,0.1430265422350714,,0.06616399156157833,0.02656797046904904,0.10432782516105907,0.1150213145418367,0.12278335731333473,0.12639241202375678,,0.2055834469587857,,,,0.0664185062219747,0.09688609940067694,0.11261440010272386,0.0737227471373246,0.16038550976894425,0.15593275473031032,0.15333722135893205,0.0735200273325449,0.06565378489349906,0.1135664135185272,0.08432377079850255,0.09955498924815254,0.05493952252794154,-0.03838472563639171,0.07159068777713407,0.10005946666248104,0.028359082567778925,0.20652129637361546,0.14960212995630942,0.04938433351382597,0.11380165187484446,0.1178249747083475,0.14265062571726123,-0.04847378606402298,0.07872363423093942,0.11705498790076616,0.08316603069479532,,0.09795171023128683,0.10396529643536077,0.11834063330692804,0.0819445050594876,0.08702442456254936,0.1341744780282955,0.12864013951026101,,0.09874026719507484,0.09495530469500395,0.07186115731376538,,0.20263487830609167,0.130015324874983,0.15611716883761656,0.19743745294119824,,-0.04970114490980618,0.21828405449272065,0.12216432684304962,0.2302395705523347,0.16984432181394468,0.19148133102751852,-0.03223282246835769,0.03915265508883205,0.07258794835989997,,0.12484654676873613,,,0.015318741006503487,0.11063499498315676,0.08065652999244005,0.16989066304742406,0.11236836847674607,0.12762403992170523,,0.13489129957483775,0.10242993548171668,0.14340860102684272,0.1555527378309988,0.06732090265657624,,0.10900777034963206,0.08138757841712946,,-0.033958752140364985,0.1261647688857514,0.010266783045228663,0.11064538702676954,0.11592699328307049,0.12181973579563334,0.12612650031867537,0.14029575785229872,-0.028195554859716837,,0.10373974289033892,0.10819804164779163,0.11400328271095796,0.13392736087555676,0.11016440132473686,0.06909481249521715,0.08797167885477232,0.14024983857585732,0.1177776905904233,,0.10542919659501677,,-0.0992177036393548,,0.04131433600460168,0.09442881303181466,-0.08168667605875961,0.10618212754556303,,0.12167175595397466,0.13127352703052547,-0.06985792972469866,,0.09208900080706041,0.09540727583922665,0.09353638548438482,0.15498166999049964,-0.0928763797791207,0.10800105151857459,0.10518688353361322,0.10919603428542103,-0.045856545186199194,,0.08579878539068059,,0.09928148825236978,0.12455295781060302,,0.2525608353692611,0.18079612154989205,0.10999518890436966,0.026930646556949562,0.09205781945535112,0.12549946539425377,-0.015148082770798724,0.11782797529714986,,0.0938793562162974,0.12793448802882543,0.07115586501717766,,0.14498105678835324,0.09945632747614577,,0.22885551328161136,0.08800822532835899,0.08797797829444036,0.14952320259324547,,-0.08292815665976018,0.12027391356882729,-0.06365063759104453,0.10994391252598289,0.09732926463035926,0.11843144498962485,0.12116270098000752,0.11507581702972851,,0.05765296624937574,0.10931654255519686,,,0.08074109531592562,0.11664260854072968,0.08937542031162996,0.1950616488794504
2017-10-31,0.34397029003671487,0.32587836469408793,0.34710810897853056,0.38316230287877223,0.39222211496649484,0.26424163006427936,0.3866369056463978,,0.3886626180627619,0.2979428678249036,0.35417793457788166,0.3623833154591519,0.35525891360188594,0.3635034081784937,,0.5738755877684579,,,,0.31294129734940657,0.35958685691885545,0.3751697586083913,0.3558359835017299,0.5050562016382626,0.5408400323374738,0.4864119047462236,0.35150549146938237,0.3088613596963037,0.3600911949366374,0.3448192762996719,0.3486210458188067,0.2721110343595822,0.2157443689356414,0.3574604324271617,0.3713089002006151,0.2663323073899284,0.6456297700610725,0.4351634572609379,0.3167929239091698,0.3988123916982232,0.3813956656422406,0.5749902010712573,0.23630079514840785,0.355488473381381,0.35359704366451916,0.3214754678677997,,0.359840410804798,0.5291783046259615,0.377102112971737,0.35025034758064544,0.3841300282282361,0.4636538786897721,0.38463682485025963,,0.34305492968351786,0.3466825433739278,0.30732924219719054,,0.5187187844976896,0.3757660613063623,0.48869625883635165,0.5029848795751547,,0.20603952746431056,0.555775765512425,0.46866130401109035,0.6385104516703665,0.4152802738695182,0.6310980589056835,0.1807281767054944,0.33673788702976687,0.3324113976667634,,0.3835585256193984,,,0.2656464977766946,0.3568491306036885,0.3608527622403276,0.5233907580574734,0.3585984445853227,0.39362179459732777,,0.4717776809253089,0.3618590604095749,0.4207369584721946,0.405948249800735,0.3023091279479744,,0.3534769524505654,0.35490424280519356,,0.24205989598877556,0.4311874950278161,0.39316110656145464,0.35172690143394697,0.3639212110172303,0.3568298399188624,0.38275237368688586,0.3998312221392768,0.2866899917730581,,0.35048664422320736,0.3476060780900552,0.4125906808067944,0.39076186220475834,0.3519726286642305,0.400995123590652,0.3296030901634583,0.43859812096645945,0.3676392147402656,,0.35288618885841144,,0.10186178328282779,,0.3179886712015724,0.3407206993385817,0.31466281217056596,0.3358615870373112,,0.34680543733449504,0.3863604028629323,0.1015208393928521,,0.31789501744724247,0.32813318436396305,0.3524412627967834,0.49898559868069015,0.2075383950418856,0.3479956916970986,0.3530191224105369,0.34907322596040496,0.21245715913328034,,0.3196739030574912,,0.3501887597025381,0.4372732604441869,,0.481434102914695,0.44659990689799917,0.37154306110840474,0.2246323947344914,0.35352762750914357,0.38248692650819,0.2692473166444841,0.43546094961214243,,0.33362645068994273,0.4361927510193866,0.30661554750086384,,0.38825858242663736,0.349860827136904,,0.49530549245775807,0.35356332570805155,0.32110642320451266,0.3549024526642998,,0.21030789806118952,0.3846280768481458,0.20072880130954035,0.36193148856410834,0.3551029370765158,0.37452263709163625,0.4289847429333948,0.3576584487755793,,0.2947362419069352,0.35490683810637574,,,0.35212280632568554,0.35635631478696095,0.35749820417671513,0.44909288834454014
2017-11-30,0.7176470642231014,0.6764286601281627,0.7060920688120755,0.7241736479968861,0.7503008643419069,0.6514266374836288,0.7566353533569834,,0.6167207149072477,0.6919293461948568,0.7648055380040841,0.730910982530147,0.6588516054898106,0.7371619696717262,,1.0591000144791847,,,,0.671031912546342,0.7270948069170401,0.7576861000780472,0.7370107467988481,0.8857434124636611,0.997511469973761,0.8313066376729595,0.7089798166940126,0.6597525529262688,0.7254812375291242,0.6657354957828714,0.7113117939355112,0.5737245868984806,0.4828534774021869,0.7379836129163855,0.75427708882083,0.5951057371615623,1.1943902023578918,0.818060953466348,0.52685000577777,0.6894053281282346,0.7090203778118449,1.1059966157647318,0.619111748719204,0.7326084736411316,0.7176089667471439,0.6749281439978557,,0.7337881453086983,0.9940570700388156,0.7574656289815482,0.7108977838920963,0.6535144905596418,0.8154941816478387,0.7872128754802464,,0.7014235073740138,0.7065712424147411,0.4855684549079326,,0.9330344945073009,0.7228024645075495,0.8349518854358231,0.8495823426062789,,0.5756660616101741,1.0290029990521368,0.7878426464230851,1.1665209694118184,0.7463180041127603,1.1502635663043137,0.42552215283401557,0.48244141210008756,0.7017211076567044,,0.7697298246455719,,,0.4187096517577271,0.7312222124951547,0.7395932564763448,0.9378735545265832,0.7349920084444865,0.7355587057539702,,0.8257044698435522,0.7422630053225261,0.8576802891876902,0.7882241699883564,0.6686880115657734,,0.717100614168097,0.732436841896481,,0.649966405845952,0.7204990480956788,0.48498466293637166,0.7090717467651844,0.7593725856010942,0.7332864898343259,0.711309732570021,0.7565377130066998,0.709336353254703,,0.7095174176698197,0.7053406184888719,0.715260435551607,0.7022811270375252,0.7017634418558977,0.6641205349273274,0.6924183707750989,0.812313247419291,0.7518374006980042,,0.7167755143556599,,0.2526062507822169,,0.6804734157044824,0.7004026483090344,0.7806176863516988,0.6865424562602014,,0.7284667471069407,0.7127857922173408,0.08219591433697371,,0.6853745806357889,0.7124864229824895,0.717084486771853,0.8607008974160026,0.5909730320643385,0.7036509835294954,0.7174942566488355,0.7128273150877227,0.5592668669041547,,0.674480230786001,,0.7064214512234797,0.8147651061095583,,0.8933480109083627,0.8200367158014567,0.7723404589388024,0.44366220238475207,0.7092524996984877,0.7035810183798362,0.6434983735849629,0.7425765905243892,,0.6056658396660489,0.7276206783049047,0.6558554056984075,,0.7332508988314281,0.7073758747657564,,0.9117121780577823,0.7259097463610958,0.6629468890159472,0.6558467768337513,,0.5869153785035021,0.7773448046773339,0.566574788343596,0.7406548975514612,0.7170669278281196,0.6913940648966996,0.7963045226346869,0.7215159894445344,,0.6143244531189512,0.7145846784411172,,,0.7250477116090672,0.7271368692098746,0.7213159749776074,0.8221737952300494
2017-12-31,0.7465432080466262,0.7012525182768812,0.715407019671791,0.7052602136079072,0.7159726181208735,0.855280109923483,0.750832115458323,,0.5905376212621365,0.8007660328484192,0.7793828468101014,0.7410337801204323,0.6224905245955413,0.7248688485140262,,1.1190655614200062,,,,0.7049051476897809,0.7527738813814112,0.7788582810288092,0.802820978938565,0.9396420305639747,1.0390929902381323,0.7802452520746724,0.7414945576826579,0.702117991326927,0.7354799646737034,0.7035993472150273,0.7319506959680355,0.6362622891922513,0.6325812303931346,0.8009177237578476,0.7721729348768464,0.6730199682354434,1.196209360279372,0.8179252142317288,0.538704607052132,0.6899047826820053,0.7054819568131578,1.2595066559153612,0.8337606879128923,0.7986045605868094,0.7162300956325368,0.7032185346465499,,0.7571654734683407,1.1319942769058442,0.7694493376218473,0.7561277177366406,0.6761616174020985,0.80988317185832,0.804333332110635,,0.7150233774827861,0.7280333920642398,0.4599154596483214,,0.9175909842795863,0.7246530317632486,0.8282221318165729,0.7905987818417302,,0.8005638298458129,1.0957769197471818,0.7934000113163262,1.230592470573563,0.7049462709959887,1.1574131597411008,0.5461777849749954,0.44478489680739225,0.7595256102472481,,0.7809283199462974,,,0.4203963132396562,0.7320288696679685,0.7923476617789228,0.9550444734728905,0.7494404625219416,0.7187323358334691,,0.83402229164674,0.7646113349556757,0.8488651743792406,0.7502995151361409,0.7175733390398563,,0.7245878407115831,0.7851083911603577,,0.8311118789497138,0.734243731445021,0.37083346698097475,0.7108311270959234,0.7921838013209704,0.7282297597073921,0.6915496984266672,0.7401418412449774,0.9204727759311017,,0.7226784322282167,0.7122737809867334,0.6309398033531181,0.6821602902919012,0.6958575198960877,0.6885532597472473,0.7085576817838942,0.8147049311688208,0.7606748537388448,,0.7268637122020908,,0.3948705713523873,,0.755099064361116,0.7194818471773021,1.057237109640138,0.6807117509210189,,0.7348709741928183,0.6888573608189273,0.13271369800841595,,0.7146965142462811,0.746177629532042,0.7292944944932047,0.828447189113615,0.847487623520139,0.7099404532652606,0.7337918099886929,0.72151918686505,0.7525394596162881,,0.6951203602476327,,0.7211976848394405,0.8450498465244293,,0.7888374914835763,0.7403891419159186,0.8039236582601974,0.47601843273127464,0.7323088512619863,0.6829378454129352,0.808875261979371,0.7402248212649907,,0.5822577846094023,0.694031218890595,0.6946293249242691,,0.6892689272804676,0.7315921119751095,,0.8204907371942274,0.761791504575564,0.6679603764792111,0.5709117020477622,,0.8285035647527627,0.7871393246631405,0.7866754916044739,0.7571494397123875,0.7356925303661087,0.6722070529842267,0.824235169884926,0.7219872546285162,,0.6315976772950941,0.7221662354914553,,,0.7756198935640238,0.7309213998590817,0.7585416700500126,0.7412368556441948
2018-01-31,0.5619775426324247,0.5076022591758806,0.5267386019373199,0.4897988853690858,0.5095559102731284,0.6763094354929066,0.5483384468230271,,0.2772334892662041,0.6406893691153486,0.6141767317739444,0.5401541416496211,0.42361770551079286,0.5412476562271464,,0.7688157301406177,,,,0.5302809265788158,0.5464171204431821,0.5738282283081318,0.5868107673031476,0.5895972458259656,0.6711263684061121,0.44439589229140214,0.5212573110571852,0.5345343621571862,0.5318698296811968,0.45719493236961767,0.5341263709788392,0.5022689209295654,0.5010833863891357,0.5829100670647615,0.5608674581260994,0.5147578371887612,0.7685910250725752,0.5509763218213106,0.3120620239037841,0.4091266226712401,0.47943115592615193,0.8460289006675504,0.67531350667566,0.5833942622099967,0.5276065035690946,0.531249610794469,,0.551395024860713,0.7419135698782944,0.5573906534790749,0.5436412373200348,0.3821364127238641,0.4841780754778696,0.6078868858657953,,0.5243948347271742,0.535144683565213,0.23990269401035,,0.596255492644546,0.5163091898539643,0.49026149594038604,0.4610115754526479,,0.6903353581567372,0.7634362532937471,0.442167409452792,0.8348372899906769,0.46122506073598113,0.7357389966272582,0.3983361293355842,0.14749305233311305,0.5715520513313704,,0.5675700141588833,,,0.18279386171882986,0.5401391310129697,0.5762961212986034,0.6033491379137278,0.555852596951567,0.49020188702588474,,0.5003017823765918,0.5596026793380273,0.6258653851952763,0.5460287795944384,0.5497547252351636,,0.5260120004840992,0.5728960224056354,,0.6782403513788503,0.41542312211329374,-0.01909050390042364,0.5146495671244817,0.6041274420055878,0.5374427541412787,0.46639004508363735,0.5186506910547206,0.7453659006902057,,0.528404195166195,0.5192907010477222,0.3284249560105796,0.4502617318687445,0.5004704155673045,0.3674857494962381,0.5310086420736294,0.5300622319145707,0.553193160796459,,0.5252515115014663,,0.2905795622035671,,0.5588404025741545,0.5291373222704253,0.8171106946206602,0.5002329586734573,,0.5709689368653385,0.46524583785995793,-0.0031817200181680303,,0.5612545122593948,0.5913127163965713,0.5292148155190489,0.47749683420508027,0.6981333926398752,0.5155566375244226,0.5345486148858787,0.5277023153766555,0.61348109898744,,0.5303205490140211,,0.5192343881684301,0.5493519414695217,,0.5273130402711846,0.5051827575365078,0.6051973386423785,0.34512607067769535,0.5232414887012938,0.4571575119400198,0.6328790285087136,0.4415263756944966,,0.3761199222653421,0.37470471055745297,0.5321931105846457,,0.489772702586249,0.5285718133851242,,0.570876599569276,0.5543079809194938,0.4912156952833249,0.3931355070213102,,0.6846446211763533,0.5768303825036319,0.660110809967514,0.5547584073516121,0.5314635718390328,0.45020901441477434,0.5317589585155401,0.5284472348936101,,0.45993641109268857,0.5206479339075593,,,0.5640261198962664,0.536548004290588,0.5430423074805896,0.5214114416434665
2018-02-28,0.7103513109057461,0.6740044474717196,0.6714084382340834,0.6477858143930372,0.6893176145693622,0.8269591593614285,0.6811910029948031,,0.43466266071845544,0.836493028277366,0.8359436620676028,0.6833794641212196,0.5788678713442081,0.7162615077058991,,0.8026865961959683,,,,0.716874906987178,0.7034680825521804,0.7309609626488378,0.7328859760905208,0.588735874270624,0.7689651523540901,0.5893333275136796,0.6928610890728344,0.7114829334243759,0.6695174865432245,0.5237488378721195,0.6814607483691226,0.6438080140163923,0.6597857260917154,0.7389230882060781,0.7408003095798316,0.6689004254446724,0.9247304912322762,0.6546752097131243,0.45146468979792775,0.4872201715628087,0.6174062161116054,0.8396013125572146,0.8067405852979244,0.7143199334718329,0.6824530444312018,0.6980579134061675,,0.712518729508502,0.7909140826312565,0.70380226861455,0.6839955756449572,0.4462945739903814,0.591034474968331,0.7649475004655912,,0.6832110036497934,0.6971500798652206,0.35159613272088625,,0.6613200167685668,0.6360779423753735,0.5645242186115784,0.5364015902474888,,0.8225799978851964,0.740571784800671,0.5244503629526509,0.862707100459672,0.5475829763156352,0.8968846201127204,0.48075488571118147,0.2924829277281885,0.7268162435371435,,0.7094272966014307,,,0.29592918816408664,0.7146711136373533,0.7307078948784658,0.6742455085503514,0.707130923367156,0.6449360605724441,,0.5887947561891996,0.7170826030813372,0.8197998446189921,0.7294777881375432,0.7050362423473284,,0.6745438084430543,0.7194538946788989,,0.8465798096777049,0.4421910737084082,0.2628828127523446,0.6650465647056826,0.7445007248860479,0.6916014458963109,0.6090565688030237,0.6655769694486344,0.910717304915321,,0.6827555830576567,0.6661961132355294,0.5262490996943439,0.5704480614451771,0.6623860154853087,0.46730667427677586,0.7123560027319055,0.6319292925388484,0.6959900335586094,,0.6742206663675974,,0.4112740591815594,,0.7339312021301589,0.688460739658655,1.0048058570127936,0.6656997632602775,,0.7334588096153596,0.6082000672224289,0.05776117031372706,,0.7286749230846138,0.7666903419468495,0.7102281994709232,0.5971479972016689,0.8518858103861767,0.6617664963656921,0.6793430026774399,0.6729366254614949,0.7400489306300224,,0.7091110638730214,,0.6701036243412859,0.6360893541552135,,0.6027651619172651,0.7056239483213645,0.763916234527963,0.49252433951001606,0.6774537207324752,0.5987126401070991,0.7757998756101944,0.5612243200156262,,0.5289964405610346,0.4750143213568792,0.702079950535864,,0.6715829416973201,0.6633873972512332,,0.7405224062848479,0.7097002506127473,0.6660542893966325,0.5755409307809143,,0.8437658114670976,0.7427274215034829,0.8011935557579104,0.7033418220248318,0.6902097372366229,0.5984561024904761,0.6167949447168911,0.6862478932947064,,0.650895364257825,0.664923919339943,,,0.7093899949901994,0.6837877809096895,0.6846559839352473,0.7125554911741895
2018-03-31,0.5497990541144826,0.5127839747337206,0.5053825702911794,0.4482239092959518,0.49870242126944353,0.6541658776947082,0.5040896535875878,,0.16569134815262726,0.6678699095176529,0.6849205524923936,0.5224733959190935,0.360254071204014,0.5512337823564964,,0.6617573306607092,,,,0.5518165810334523,0.5338198522131492,0.5633406488658885,0.5707264480742273,0.4048723321786894,0.649018561093223,0.4046936454732287,0.5250267344476253,0.529289599867316,0.512136306315602,0.3669146140982763,0.5187878331689326,0.3967756831653002,0.3625939256149336,0.5747927256413938,0.5824154345331306,0.4836344480978645,0.8714143782909008,0.5005015901477183,0.14015782716345496,0.2668377797539455,0.40472884234931,0.7733935007790609,0.6436839977676193,0.5500662863038247,0.520192579061174,0.5206719349560033,,0.5526006409715207,0.6602906953347732,0.5489456082573249,0.5134574840722131,0.2155972688484166,0.4142208379916706,0.608148491770065,,0.5165088110496049,0.5221427100795453,0.03795114167456072,,0.5150223241224235,0.4437817808044676,0.3656731022745271,0.3507844451562262,,0.6219279986917284,0.6005540207184531,0.31570306098339057,0.7396617929228112,0.35674496545236933,0.8065289790815671,0.26934331120074634,-0.030700252791827122,0.5542145624213949,,0.5573820729287939,,,0.002672730159241172,0.5592892091318608,0.5655307306540639,0.5256892936787537,0.5499466619602962,0.44478116385079075,,0.4058394461621594,0.5653862895780427,0.7019253016661676,0.5553285623554639,0.5587957152456103,,0.517530921318316,0.5597243390256903,,0.72458944358658,0.21806403392502297,-0.10556544419167367,0.5024264911794304,0.590751697859021,0.5497129222629518,0.4070449718523098,0.4733052904553392,0.744076148456274,,0.5116069299411137,0.5036127958068595,0.362245644266381,0.34442609272272784,0.48948614950833874,0.21857195640228452,0.5492184700099847,0.476417839506713,0.5603071378385392,,0.5195995007777416,,0.09339135375731197,,0.5614490887147411,0.5222639978932946,0.8738709874173239,0.5008964789552283,,0.5724753231784758,0.399021742199457,-0.39437597028873916,,0.5568880629664653,0.6011072988872549,0.5437933272973084,0.4287232393853287,0.6809999187349124,0.4976635284653332,0.5188264026393934,0.5175376003181908,0.5548088298860256,,0.5312387707988404,,0.5033993210981156,0.4820981363544691,,0.5147701827216095,0.5201962711504603,0.6141311460643029,0.20871938540336696,0.5047473102271947,0.3871847091069355,0.6067855020044787,0.3200956221687265,,0.29186667565159774,0.2639867217296749,0.5202249093511967,,0.46623724172612774,0.49746403576233206,,0.5838263481092985,0.5500064617987942,0.49357658941463944,0.3621960415171258,,0.6627009897552093,0.5894692113855344,0.6223822889506501,0.5537369869226223,0.5217718854591029,0.38487459409889735,0.45842565557403564,0.5205533899713304,,0.46259799507827665,0.5041036059779807,,,0.5481445858464483,0.5324326649137706,0.5177871109563924,0.5094884622724911
2018-04-30,0.28395756825446683,0.25537544545692625,0.26728917983137906,0.23723148404634362,0.2741581100761313,0.233752141280836,0.280716351924106,,0.046914475357274596,0.28609864818215136,0.3557311839933964,0.2825405021288033,0.1816647734200909,0.3002846532372033,,0.4203090573482846,,,,0.2636433708317094,0.2729855120214768,0.2965268980014222,0.27965116243179344,0.250661438078998,0.4066016754579152,0.25890348582736644,0.25939308994398047,0.240646618244013,0.27919518372185653,0.19726432417300688,0.2703365009538331,0.12751893181543342,0.025203156167576624,0.2801626682856462,0.3061228001313766,0.19239793316798687,0.5902120554957366,0.30352873549378345,-0.014955666336029188,0.13790130701312336,0.2035705798363387,0.48165032090560234,0.22616545866699883,0.2707809209751861,0.28146201738573834,0.2502588656730043,,0.28824685936266436,0.3708215280258557,0.3017229412405513,0.25355089584045337,0.09315501511564393,0.2508541112010442,0.3313979483348515,,0.2665051714005777,0.26202208141173966,-0.050645197679484236,,0.35084733986717154,0.23649066533257496,0.2277322693208057,0.2539754697079279,,0.1857206443965699,0.39385260833283153,0.181669476510288,0.48610067121082956,0.2256173791861719,0.5292275674266045,0.037083610140062555,-0.09236549217264169,0.2623084287199964,,0.31085097314140836,,,-0.0852060304998413,0.30126763727971434,0.28062610383189296,0.33871746939250474,0.29497839095232076,0.23689947181088158,,0.24299634677410617,0.3012348085182057,0.4130852726988709,0.3179314032279881,0.27490831640555347,,0.2793956440936875,0.2806559722486726,,0.2990532343928297,0.12195148298577174,-0.14411263422261109,0.27019025900216903,0.3151004941163857,0.3102420569727507,0.21676194568957136,0.26022152860693826,0.28561763564785714,,0.2646895370713679,0.26842157266467637,0.23027209459918915,0.17790694969058524,0.25889291593014674,0.0794724995757564,0.27682731019565043,0.2887662000009945,0.31738383391686703,,0.28006552617767594,,-0.14940801158906025,,0.24950269432074626,0.26668040385759134,0.3427394182980787,0.26480583864469964,,0.3051158777147546,0.21174631685103915,-0.4290032233995454,,0.2724555967977876,0.2985653212645941,0.278887485216068,0.28000502453979353,0.211165996685942,0.2648881496271498,0.27510476046500376,0.27953488381612773,0.1721385265162313,,0.2563949615611589,,0.2619016554319803,0.2825006272916785,,0.41100825898142956,0.3171374385490972,0.32744652075475134,0.005907856949520453,0.25558786351937224,0.2017489161678731,0.2305128033267415,0.1571156491931119,,0.12339045501211525,0.15886032709790446,0.23887530790625286,,0.25237332548771785,0.25841644025967825,,0.39111376950823773,0.28080145809103146,0.24607238253046107,0.20215490949475998,,0.2027335990702327,0.3232338544622559,0.19429297225545092,0.30084500567792927,0.2686888627806216,0.19528441953824752,0.26679099527567396,0.27921998525341984,,0.2050299600456123,0.2713370641606253,,,0.27408202819178534,0.29339010922500924,0.26284856707107856,0.3070555512388025
2018-05-31,-0.00392666728003303,0.015904974909701244,-0.008715276962127344,-0.012734860830838173,0.016073433473734907,-0.05822721290220006,-0.015777791798533537,,-0.03307270322905562,-0.007762820985400834,0.0651529440261615,0.008539018644445968,-0.05611487094176879,0.022058727351246345,,0.07668099477818366,,,,0.011568825081056763,0.01087965058697529,0.015908061120529386,0.012596245738958163,-0.02457011212194671,0.17380184513824792,0.1070589098675384,0.03480594995556446,-0.027664729708980228,0.009934593366596096,-0.02832433154487025,0.00396178825190371,-0.18237339900998617,-0.2575430204687811,0.021107353045946138,0.05380310776064563,-0.07126417267783114,0.38519610933682114,0.04449858458067711,-0.18897572223377243,-0.06514022621902882,-0.04324873840281557,0.17756231697361277,-0.08385947598294402,-0.00477714051672252,0.008125585467940101,-0.02318863578370281,,0.02778507752075481,0.11700732993846731,0.03029366862351115,-0.005035159189909677,-0.08730982493200821,0.0658354426130056,0.026302540899791966,,0.0035234546463071186,-0.003608283918868187,-0.21926146479774458,,0.07654165873932033,-0.046893269890601386,0.019460664339878756,0.04131085879402952,,-0.17686937623577972,0.008844508613694495,0.018283132068911384,0.13993310768694794,-0.03688605021396564,0.3316248324703948,-0.19998100756770879,-0.13768080135812039,-0.017138164725757445,,0.032125608995715246,,,-0.1873742704853971,0.038205191987673665,0.018608726589231635,0.09812984016333907,0.014344939957614811,-0.00526083487071779,,0.04626495032732094,0.03558681057368012,0.1423102477218915,0.04307797115817679,-8.377811499581502e-05,,0.015824988920477113,0.015024576151776693,,0.006976768221361915,-0.08494731088107871,0.013933183699031978,0.008511536190837122,0.0035099932824154624,0.037948224832288734,-0.02278169345876402,-0.005900858787826102,-0.03645696713755533,,-0.002603892940377208,0.0016386819199472552,0.1504894124063503,-0.06968387202358382,0.005404968885559385,-0.056575285194178475,0.016618447172274405,0.05447979943123595,0.04857862193733728,,0.021333200831459308,,-0.35894297444763,,0.0027823861375347045,0.003380925221139472,0.07771174523046823,0.005859777236438363,,-0.00375215750400886,-0.03233502870997204,-0.5617077095108439,,-0.029560496202388133,-0.011598314378416602,0.03296750635846976,0.11712864689909717,-0.0910737037708955,0.00012150510348066758,0.006933400924584314,0.010572236248963798,-0.13437266736919118,,-0.01760382672953251,,0.0057810862517142965,0.04725328216130547,,0.12599641187590055,0.0783910751037835,0.035082245050064895,-0.2336880454857003,0.005455604183524602,-0.03626414352269005,-0.05663883466353601,-0.03560567426264804,,-0.08339943503182569,0.007304981258569251,-0.03741957511227052,,-0.006791431890331789,-0.008270649097928753,,0.10989551244586514,0.021506400050400228,-0.002696479804522501,-0.03380344635077597,,-0.10183108303689693,0.050496738338840684,-0.1270336746071416,0.02911646693395431,0.01263357426992619,-0.03730190559958045,0.03622340529035726,0.010252274471696271,,-0.01934619946157665,0.009164840205004587,,,0.011202062339318745,0.02018204825558398,0.005603936588597042,0.034888707308474855
2018-06-30,-0.17741028333825376,-0.16807370225860052,-0.1868960283914329,-0.20529326326631966,-0.15404822497647058,-0.270183034863221,-0.1961025079193444,,-0.3343791184389756,-0.16930941332598157,-0.059566578176325116,-0.17281853854280055,-0.2524231999111128,-0.13379550065284496,,-0.17702357738195904,,,,-0.15600151490637906,-0.17562034032614698,-0.16175962173716302,-0.18653729436193472,-0.33300690571551184,-0.08264143959810669,-0.14751169817409993,-0.16278118404002798,-0.1995826811532209,-0.17549949988178892,-0.28231175774535205,-0.18024583174635425,-0.3730476201990097,-0.48427564524213706,-0.17653262711874865,-0.12087665439793294,-0.26265257567339945,0.16209289854870595,-0.17481043460272788,-0.46406691829006763,-0.3426397647961003,-0.2572631898242427,-0.12400412713843321,-0.29268951165859924,-0.20882787732890865,-0.16239379217933572,-0.1947630800854692,,-0.15352519871031356,-0.18647525195469225,-0.15181231423423994,-0.20733832529527055,-0.39167516186787654,-0.2004044407447863,-0.13582370040775113,,-0.17407432840461143,-0.18362134965904517,-0.5008642707576703,,-0.1646390028949971,-0.24661136671544365,-0.26443280467834296,-0.2224584847642145,,-0.3676929290434932,-0.2544470549932444,-0.2874398846738449,-0.12286479744988074,-0.260096917222331,0.09683623189647667,-0.4519219643213671,-0.46852151045729346,-0.2014129188351283,,-0.14883340391188685,,,-0.49678870550074783,-0.12542865457722832,-0.1763155616696107,-0.16836585538558332,-0.15843770220515443,-0.20635786641703316,,-0.23193456898191106,-0.1425815917341656,-0.002829245406550557,-0.11243758214234545,-0.17035830823163167,,-0.16430010532407108,-0.179724960380097,,-0.16811527302182275,-0.4005970095845556,-0.34510382040417464,-0.17128143285665565,-0.16484606634680415,-0.12654488618800788,-0.22991431642134788,-0.19782596669915137,-0.22867570520029934,,-0.1831102974921223,-0.1783157530237822,-0.08162986448446173,-0.2943857856507358,-0.17304512960555127,-0.37269993681169866,-0.14680358767970242,-0.18042334745547786,-0.1282851950754268,,-0.1609536377209572,,-0.6293739950998215,,-0.18948459366698403,-0.17482309874356572,-0.14434017272418542,-0.16237031776674957,,-0.15228937964868242,-0.2386203949262317,-0.9209147889121782,,-0.18395190885445792,-0.1583905094063367,-0.14191828795488717,-0.14888388581671883,-0.3010358727707841,-0.18162734319223056,-0.17659994285776623,-0.16772552892113507,-0.3442246720978446,,-0.17961095709004668,,-0.18150353074989933,-0.20338211701616954,,-0.05222829717701195,-0.08436535752572234,-0.1324474487169182,-0.4515397683098825,-0.18795936255989235,-0.24751608361456667,-0.26373397000940124,-0.3068433923458336,,-0.30293974803047724,-0.2775690713247275,-0.20767776562789603,,-0.176264216197825,-0.20177456781030828,,-0.04460269595749815,-0.16622260503993228,-0.17387572911849627,-0.1993606510842783,,-0.3067872979788744,-0.11998056128595583,-0.3248416805479163,-0.14860357223955786,-0.1727476453104567,-0.24721023450126292,-0.21701754001949752,-0.16318620689032187,,-0.19790092015285035,-0.17559415897134414,,,-0.1850118822530726,-0.1533271437940366,-0.19440956682144997,-0.12155667626916963
2018-07-31,-0.0695368508904203,-0.03009000768675378,-0.06187402705898017,-0.04993512423443202,-0.00244615022679491,-0.24076810080533848,-0.07322324903574316,,-0.05465544922859362,-0.11106497039628913,0.036879738157959044,-0.0450474806817112,-0.0834043041282391,-0.007009339502821476,,-0.0745887400093283,,,,-0.03591622349992379,-0.04860635726659341,-0.04463814730094596,-0.07667467493519597,-0.1782211395579329,0.08773020537127221,0.10164147163484781,-0.0159187111403771,-0.09223600824595339,-0.043407003900903046,-0.11631609641126736,-0.05332285268770469,-0.29749775939730294,-0.43154277856305595,-0.06188390363167787,0.012005061355916455,-0.1647992897037079,0.36350383642711603,-0.017289174471863653,-0.2674332222095392,-0.14266280835497946,-0.10126681429607044,-0.022425456441746264,-0.27878587273089817,-0.10174819407768919,-0.03300414142511443,-0.08228716445013626,,-0.02548093030924799,-0.05862071091526381,-0.022368680264655393,-0.08267127563631957,-0.18256460436068636,0.013734565792387621,-0.033657277923797614,,-0.0449662018103812,-0.05964025081230076,-0.2807280766778155,,0.004075092691652232,-0.11539339102170335,-0.05648575566727675,0.0035250812496664353,,-0.3971634890749629,-0.1732362620292963,-0.056074320730064714,-0.01678475038882408,-0.08651925365669517,0.2995859667857224,-0.34393920852095206,-0.16116532445798964,-0.10117247804671108,,-0.0226851391300344,,,-0.2449855951802101,0.006281348022935342,-0.05912544924367645,0.010666172218702424,-0.03917359448184304,-0.044620781416659774,,-0.026616014657442826,-0.01695347029618676,0.12831169898563433,0.028952271896703047,-0.06677482163446062,,-0.03020244052204824,-0.06399628201954617,,-0.13671028674956406,-0.19429009452716745,0.11157648580620105,-0.03410216044675458,-0.0717144496996566,0.00511392258303069,-0.06356866459124368,-0.05100108057142598,-0.22447604114854036,,-0.05513598468885366,-0.04636850631575224,0.21251694770661106,-0.12755691228265909,-0.02941882440078437,-0.13882849186736637,-0.02291472291254968,-0.005711648461013129,0.0038045406198545925,,-0.024645975441895392,,-0.5242248787509088,,-0.07834804612172568,-0.04839968815375537,-0.1281698005634214,-0.02502508956381391,,-0.05325762896620395,-0.07346033072533657,-0.7109141225734344,,-0.0925624815623575,-0.07530559618478389,-0.004181513706370053,0.09157361764328104,-0.30526373706933896,-0.04779776179624702,-0.04833564255311336,-0.03761822888762464,-0.32035633143827297,,-0.06730810725664216,,-0.04563374340239435,-0.03704124650265348,,0.13678138238026002,0.09894767774720585,-0.02861866451484881,-0.3198411600111468,-0.051392900284100325,-0.079374308396884,-0.2139212396074171,-0.10372237492416075,,-0.11830593909256779,-0.029576495946664165,-0.10325029424407656,,-0.022244750754460675,-0.07358105778950771,,0.12399955834083742,-0.041555327266356634,-0.0368408182438957,-0.016216398082843562,,-0.30759651127994175,0.005851309798352093,-0.3261561105334331,-0.023093042774298633,-0.03954094258586296,-0.0779659411270706,-0.04679853273509243,-0.03163884849468152,,-0.054117024556200655,-0.03943012066542366,,,-0.06650645233948546,-0.02412987445002642,-0.06535132153662512,0.04125173160486063
2018-08-31,-0.24674099477204442,-0.17500986635391308,-0.21998500901936402,-0.19232376007233615,-0.18751749781948285,-0.3959502582491102,-0.24472997185017906,,0.006944391939406139,-0.3343585719774278,-0.24239947023469843,-0.20838910482329928,-0.18775300925398283,-0.21058954704586055,,-0.26677040025608156,,,,-0.21123378668630505,-0.21217365626853008,-0.23325026926190526,-0.23649711670696558,-0.20915343008060558,-0.07445011019493894,0.02337382089522505,-0.15938209030975234,-0.26028648502992857,-0.19640660401823282,-0.1349645146467988,-0.20853176651026076,-0.41121821223111676,-0.49376372214404707,-0.2255715566254986,-0.18104596924948294,-0.28371671070189874,0.0788577096915551,-0.14893515299426316,-0.22418448255961682,-0.1358449696508483,-0.20838561170897432,-0.17526077994860617,-0.4230551326282231,-0.24974481895091485,-0.20524951054255136,-0.2497297353618957,,-0.19811369780574783,-0.17519653835236065,-0.19649275753092366,-0.2190802140129007,-0.12611729362228416,-0.04772541543009337,-0.2556541578751052,,-0.20619995410652475,-0.2243922561156443,-0.1909526618308684,,-0.1308824888741123,-0.24537696879498894,-0.09708381105217503,-0.053182763095445854,,-0.5603421660119462,-0.32924503956627016,-0.05019516529937401,-0.23975544301028265,-0.1688802338532965,0.042808708030277434,-0.3022119205652712,0.0017005012649226909,-0.2687635826477375,,-0.20235346622652683,,,-0.08966186696397192,-0.18571410015645998,-0.22387467841609707,-0.10106147251554366,-0.2198165807054667,-0.17925829852921382,,-0.07706625147263009,-0.1956123938746468,-0.14125907451188116,-0.19163792155263365,-0.2331871701836691,,-0.188648006061852,-0.22338396665685084,,-0.3335067850665439,-0.1388924157158949,0.3106286842942586,-0.18877853877954168,-0.2739264883989024,-0.17815872996930218,-0.17529007166795613,-0.20622802850921385,-0.43969462731846914,,-0.21531647742244428,-0.20036998771130063,0.1572331344697529,-0.20844804553674315,-0.18411420249237923,-0.07959730583436833,-0.20628372002389767,-0.1118037091819289,-0.1705896549914775,,-0.18023959852784105,,-0.4117880167433321,,-0.2340808194610596,-0.21024563864847776,-0.350811765198919,-0.18783724551494627,,-0.2679050399935125,-0.18695687918894938,-0.36718927123119205,,-0.2903651996796136,-0.2986588576796094,-0.18004897912833911,0.018563772289503937,-0.45607918981967793,-0.1982202330118825,-0.2048778080445091,-0.19650188624400064,-0.43192069643872777,,-0.2487059651173433,,-0.19323036304746194,-0.12721524535640027,,-0.03599130087327838,-0.11469422848937304,-0.2400734859144706,-0.3312417576735419,-0.19557309890963565,-0.18256357739328813,-0.3569618921633739,-0.1403916161767758,,-0.1712079462687636,-0.018473052692847745,-0.2694412705832712,,-0.20028777867496894,-0.21240378604119123,,-0.1277533827739019,-0.20432664079052398,-0.1917553357911495,-0.1527001481161618,,-0.46167536796368885,-0.19736611728663134,-0.47062144040381587,-0.19757904036856713,-0.19792161419161017,-0.17995436097475326,-0.12444191036646805,-0.20298637686343662,,-0.18652546801441622,-0.18961045919698344,,,-0.21967742425460338,-0.19452710688390423,-0.20654013050250133,-0.18395274958934055
2018-09-30,0.0788992696014423,0.12046998770039732,0.09549666691168729,0.1336163495610331,0.15155526074120693,-0.035750369806786364,0.08668299544032203,,0.2360125089393847,0.04716920073164999,0.12745549776559661,0.09800211861516003,0.144116716954176,0.1247644406268286,,-0.01029561931110271,,,,0.11572458213070101,0.1020719192849803,0.09464901553700356,0.07035731757314936,0.00457904682368504,0.10724046804762538,0.2223601015336444,0.1297264514068022,0.09149472936830991,0.09859968690992837,0.07126812415465886,0.09726935398312819,0.01823342728283925,-0.0210635488554898,0.08235216454744693,0.1284336055300584,0.05664085747881181,0.2023502623803819,0.10115760024106986,0.12800805751356684,0.10786017969988965,0.1133718776085409,-0.04743695792403019,-0.06508658830361944,0.056227160974727186,0.11028572293810526,0.09316865808645808,,0.1084668866747392,0.0076814510236182555,0.10284017988691029,0.08285515949173905,0.09872769020833376,0.15288716020340393,0.08399482195269166,,0.10845546208307665,0.10264789165022929,0.13747923812631327,,0.08937397734276717,0.07987541499995561,0.11951947890462229,0.15187444634900396,,-0.11472222791237209,-0.073084522694748,0.14194932050547016,-0.007890851692846106,0.10528804119659485,0.19850432777020732,-0.002735882659885892,0.24364791656090393,0.0676864264679519,,0.0972842160355982,,,0.1649293571821108,0.1277488213195479,0.08571471980692166,0.09524649762213061,0.09573780735198333,0.13665817044596337,,0.12696425449913232,0.10545782835369215,0.151921604103106,0.1491001754133951,0.0776651469106794,,0.1089915084439441,0.07963004804537276,,-0.00594631030748473,0.0727197711404866,0.4912984303250219,0.11339395319680665,0.06013441212069132,0.116798268758577,0.1322377958996884,0.11871571342506901,-0.04842235720242924,,0.10345718483613615,0.10476423787896696,0.3134357546885809,0.11165187399076533,0.12752516116146176,0.14395112494103904,0.1200883277439582,0.11487754851347909,0.10702953385711071,,0.11121585597378916,,-0.004397641431469764,,0.08821621219027323,0.10515222591901316,-0.028707176833639745,0.12570265375905462,,0.08623190779446871,0.13094750562302077,0.04323823642567732,,0.07497765933367427,0.07349502253766028,0.13318024056634511,0.19483322340007514,-0.07706576716218536,0.1058451859853145,0.09813395561881691,0.1028755797617375,-0.05921073725138703,,0.10343645375417353,,0.10869482310387277,0.08990307589485892,,0.14734491823630444,0.20818870720853738,0.08461693196210669,0.07342660613833264,0.10873006309438628,0.13139941908217623,-0.01288129184239122,0.13828150835336156,,0.1498488457113104,0.17867326534103856,0.08449391588385412,,0.1545526214182515,0.08781610417937949,,0.18104591769891737,0.0982226665001644,0.1280647312166231,0.18931399429702012,,-0.06850421781237594,0.11470448450976024,-0.0769009049909768,0.10059850866366196,0.11084024682825208,0.1364727670987956,0.09180497524224815,0.11338805928065704,,0.13979586493282312,0.10702428620631001,,,0.08146683418464092,0.10553480207684546,0.09050160390180352,0.17929371702391453
2018-10-31,0.17400652258185115,0.1919335452935035,0.16478910324816395,0.15131671168168992,0.1857929678888576,0.1748612323116585,0.1382637622550079,,0.0735525146903876,0.23817386796742582,0.27525300379246714,0.16051012402808576,0.14506777411089,0.20358691255376624,,-0.025176785433581324,,,,0.22231322631316253,0.1704323316096234,0.17187202428871998,0.15750324734042256,-0.08866632644823452,0.056246914134866,0.09224428433418685,0.1834183645371315,0.20459741984596666,0.1545705675238277,0.05198781456057952,0.166065358805926,0.1420007141939464,0.13853294476578176,0.16757833944558695,0.20173247215894205,0.18018841622706316,0.1354866426740439,0.08807395353007592,0.0663001040337476,0.01699796760459461,0.11600249931821002,-0.05954852042330298,0.1657833772470477,0.1384599423055777,0.17890867757403914,0.19283490431054784,,0.180727722741569,-0.01663062685418418,0.16274670507236083,0.1475774807192677,-0.010345152474672879,0.05527206675403356,0.18086976177378483,,0.18077447249656398,0.17927403102050954,0.03430391690314675,,0.021908949802348265,0.11224773214926666,-0.001160147129204816,0.010119614851484274,,0.16715957568891113,-0.08542427443264368,-0.0017875754346883272,-0.04262040070241636,0.0573283650403136,0.12458072242137183,0.0857463405706912,0.03714144245782252,0.17488040729114004,,0.1581039233056561,,,0.04047597353199659,0.2049141319108307,0.1657807262413951,0.0154006671402063,0.17527278417778508,0.1415605530151764,,0.02653204693705469,0.1809691270070004,0.23434991290868912,0.19961045047604584,0.19759017838051868,,0.17004822192573485,0.16087127167000384,,0.23407591402805847,-0.06293297634760549,0.13894252711298355,0.17030039010619855,0.16623524102439252,0.18792426526605613,0.12756668476924873,0.13911721046112444,0.19711526495233067,,0.1714133673665727,0.16751881561379411,0.18164254433075233,0.08482682740222197,0.17901410985665112,0.011731300512318184,0.2154326081491715,0.07785519986621593,0.17057186905561206,,0.17062321860885812,,0.09469363593219376,,0.19578324721448984,0.1818404045468305,0.21624852356499036,0.1939692255741534,,0.19910021115397605,0.12466443077854743,-0.06206365949993247,,0.204208136508791,0.21636929092081264,0.20364392405976395,0.06406491245455749,0.19299025406958545,0.1652892797957463,0.16346780791533663,0.16895904555774505,0.15637419915642994,,0.2099512458780766,,0.1664317152439629,0.056065906322170886,,0.08998800366781916,0.2005236059622239,0.18595081554132387,0.1314269710130198,0.1643581657250105,0.12092313097352964,0.1684621941852082,0.04819657570760141,,0.1298292118709462,0.032129155785575333,0.1983892289379812,,0.18329681768721873,0.14711483574608156,,0.17186289771470203,0.1734072551783546,0.20303309754748713,0.1889859107384024,,0.1961875347088019,0.18767328256617544,0.18275816746826737,0.17238991384562857,0.17402325915742323,0.1295923959453353,0.0531345220390039,0.17857695874926593,,0.21666395439536074,0.16166702686556003,,,0.1589141904145814,0.17314741165702868,0.14964224828708733,0.1862186435433814
2018-11-30,0.014591594594348209,0.06277082834454654,0.023982960919397913,-0.030274244892128727,-0.04258703181341858,0.007876202708971596,-0.03312683900513689,,0.023220120410047486,-0.015406186934340135,-0.026460256218767277,0.0183638030926332,-0.00993073835207908,-0.003869539639771279,,-0.16677800000978146,,,,0.0433211174424409,0.00560283824631504,-0.02107586208777971,0.007375128999308493,-0.07375261626084638,-0.04632132990273111,-0.005655690659474056,0.03636367021564052,0.014007290787799425,0.03281149121489103,0.12084916712742838,0.02947719808191989,-0.05582692224580884,-0.08568359688332355,0.004866068678264513,0.005753070430767258,0.056568754609579275,-0.058778345650306596,-0.0010759301313627825,-0.046117559192949596,0.01164355258800754,-0.03576791217870975,-0.04417486418742316,0.0401511475540105,0.0071840765480967305,0.022327961544510003,0.015185471432551922,,0.017698494965258844,-0.07050018900321763,0.011673689247981152,0.020039169625143686,0.03265021953876804,0.005751251040702212,-0.035626747020454236,,0.027716596956035622,0.006318071570174151,-0.004559982215145585,,-0.05415780306588049,-0.025667090466435505,-0.04596490810773867,-0.028322115707926098,,-0.02925010965638854,-0.1503599109019683,-0.010471544431566485,-0.20527714166006858,-0.007151814341052324,-0.09181249921589348,0.15764982918409154,0.04413189301738477,0.0025849451031680973,,0.006031335794154643,,,0.10853262078359291,0.023780303389758055,0.0023342385551323925,-0.04785088728252752,0.014498940199048283,-0.033038815484152655,,-0.013452971086291758,0.024689152595832077,-0.0040752277291296515,-0.049770761465295854,0.07280024121988933,,0.038532954095772017,0.017028580495498217,,0.09215727248729742,0.000185868430178697,0.04656367452873155,0.035386618451113024,-0.01239894229558332,0.048424485064131884,-0.014103793905702471,-0.04455074438782717,-0.043425767396104625,,0.014067415666432213,0.03536198241416505,0.13238830144240682,-0.04564672041063397,0.024235799325523794,0.007989544748243843,0.03247915201042492,0.015445516928011535,0.051404370736730376,,0.04517937839958928,,0.08625119746501154,,0.02620150229777295,0.02806975586325004,-0.012033385508365916,0.0432621657047146,,-0.007685988618965487,-0.029509749204791668,0.048164071512682274,,0.0005725784326831548,-0.014759835882676464,0.020194387257518445,0.003249181141128872,0.03519683043055129,0.03541228495218693,0.029677263283773875,0.04187639143046438,0.047796634327549686,,0.010939847035405553,,0.031392720782737256,0.017527157084451937,,0.07347124720024367,-0.06828308745918556,-0.009167369169711585,0.009287259336922609,0.02046106145787499,-0.023918771761971745,0.030736250788355415,-0.06697383524461581,,0.010241141948239588,0.030377599904486952,0.015477509694955701,,-0.05678139270308086,0.030435465745271634,,-0.09046895336465936,0.02419354885718985,0.04637386006456999,-0.0010675482295359822,,0.01918263791831292,-0.0061399034736408335,0.03593774491815562,0.029826275245288022,0.01812256991376367,-0.019043830992280887,0.025708624362266147,0.015190234173791983,,0.05746309762966997,0.03606342719616966,,,0.021589893998925292,0.03698727986711606,0.021077916077216683,-0.11608729822805543
2018-12-31,0.19294558537051326,0.28493417620195144,0.2265055225818498,0.19501893459995306,0.15893443966297308,0.12951144890820795,0.15318961347847004,,0.43953597572398,0.09857743339959182,0.09074106106826182,0.21781331537214815,0.2507743637622467,0.17576007773507787,,-0.04747394441448525,,,,0.23675745452760408,0.20156539873520551,0.15200372618196992,0.18890626483312647,0.17823441769077392,0.1522528079657686,0.3101640626316832,0.2588935276505577,0.19879742376357323,0.241972408611813,0.42586653954394715,0.23366390147413718,0.12861241125905742,0.1009277106214761,0.18774024526352284,0.19097419381296454,0.2634041218583474,0.09295496390239655,0.22539320375391825,0.3007745737730893,0.34049753154257356,0.20496722764447162,0.09371327036056973,0.16140782106426316,0.19257849284817902,0.22138037302166852,0.2042296043241732,,0.21135965436945237,0.10798585264504469,0.20442088599938776,0.2276853811988731,0.393027703926892,0.30366502718090443,0.10881433944534337,,0.23182223945523994,0.20170091059859213,0.3911063493517868,,0.1655508985064127,0.18773256487256193,0.25014803861871443,0.27895080159737456,,0.048373824638186874,-0.0251842914004975,0.3287296866780404,-0.11022398567086004,0.2613973440783808,0.07231621199450985,0.4643356836883391,0.5385180717551458,0.17693334178505218,,0.1926004384345972,,,0.5703896508583699,0.21426116869390405,0.18708305955369392,0.18631591174626005,0.19913912665633962,0.1987084743279501,,0.279225546276189,0.21430256907770684,0.13919130797351137,0.12549882093590706,0.26138953019379446,,0.248044802373176,0.20550419642418083,,0.20833036182823292,0.35065873447188195,0.664981497493557,0.24948730759425042,0.13815165696240703,0.2462443642236767,0.2354816135511419,0.16495433479570065,0.022994241508180496,,0.21578759329849315,0.24600867365013054,0.5164954708138341,0.21543822617067152,0.24263658002825422,0.38226569144005557,0.22385290749790188,0.26715092452851225,0.251156468767516,,0.25799262801297396,,0.4251328902625159,,0.21570143138573847,0.22964052838201485,0.05058032333871152,0.2570446608161165,,0.14660069435058168,0.21701266534538094,0.5804236536538361,,0.15909493530731889,0.12232483474997327,0.22145910906905072,0.31268140409975087,0.1383447233181196,0.24914908077903403,0.23419154045908014,0.24910101340118723,0.1981064712930931,,0.19379781552462147,,0.24621470540234022,0.26809856205012594,,0.3164483182410419,0.13805732332848114,0.14382495499331902,0.298071138896175,0.2349586046665884,0.23027757975013985,0.17883006057653394,0.23132893373580068,,0.30970911683983776,0.39620674389434496,0.20001493570132572,,0.15015141090992015,0.24301460037338354,,0.08075307639539345,0.2201319485153173,0.26445410260519087,0.26065025806266107,,0.12310451599598596,0.16757286580180283,0.14962959409807455,0.2226196409860945,0.22350346504040156,0.2377094922313268,0.2871280123376044,0.21478186701791666,,0.2937935801599436,0.25062943179209207,,,0.2160468029252556,0.23725332245913608,0.22968008267777332,0.06572434539109437
2019-01-31,-0.1712524121889852,-0.08685398564358014,-0.12280212834213342,-0.18571988260114683,-0.23025498960887772,-0.37002999367326345,-0.1915944765946704,,0.023831839088686087,-0.38717405396695453,-0.3445583511382327,-0.12583587882394512,-0.12945982151146676,-0.19640080720132505,,-0.30824803880958795,,,,-0.17202453546020835,-0.1771985806195803,-0.22702342569316902,-0.19775669243236685,-0.06083687031845026,-0.12320802362637692,-0.004637581929174525,-0.13175629959807836,-0.22633175708053835,-0.08953921949605331,0.17338488208756092,-0.12148844456607655,-0.34447034436035007,-0.500124995235297,-0.20971063126251696,-0.19698222380997785,-0.15720525794078405,-0.15687798918601134,-0.0593138833064356,-0.17978576481839154,0.029404388898363054,-0.17594666723546604,-0.0938678534869879,-0.3123630531327795,-0.17968830539881314,-0.12866031782187007,-0.19535983980605728,,-0.15962984495124594,-0.19223447165213015,-0.13881939160201018,-0.1438988073657229,0.07806733556590209,0.0068169599319513555,-0.2614880588321585,,-0.1355071440864015,-0.18542402353788975,-0.028590165096980927,,-0.06407706236444266,-0.15934076163089786,-0.0379290246411216,0.039512415122169436,,-0.4836127047027739,-0.2270045233833935,0.022749855532422952,-0.35426013959313457,-0.01138512161518429,-0.22546456804497722,0.08704797603401512,0.09937426281446582,-0.22697888527639418,,-0.14361591001133286,,,0.1705763663901238,-0.15210023573552514,-0.20319232437011112,-0.06983911743881054,-0.15445049497156144,-0.1796380730684351,,-0.015316457741686605,-0.14367141146417545,-0.2110339531593173,-0.25245769997253587,-0.10263366564304412,,-0.0926987792699709,-0.1691366516745311,,-0.23781646016119162,0.08468741148606282,0.10015738944871691,-0.09502910620958321,-0.21875075952416342,-0.07780947044917291,-0.12620677094567667,-0.20118601971976763,-0.5020103191685417,,-0.1523919924505033,-0.09857136083650606,0.20706813854168704,-0.1475498250797228,-0.1201744892531297,0.00986167201384744,-0.1670508767444275,-0.013645822204374537,-0.06249733023008821,,-0.08141140167758767,,-0.11859777226712814,,-0.21604935591653462,-0.1415366843441303,-0.500438028404198,-0.10065104559468879,,-0.22400385095985997,-0.15133096672403873,0.04435796743800137,,-0.24156217168513583,-0.28727203866772194,-0.16922593320861595,0.029646070554754236,-0.39712846944179064,-0.09540138954528014,-0.1131601555667308,-0.08735330522736177,-0.27548576334245706,,-0.21546874409363975,,-0.11147352330969566,-0.012644717407576871,,0.2049107855128905,-0.23971471917504505,-0.22704997593963022,-0.18087889850653982,-0.13856702205048532,-0.13960163477753157,-0.27864323809513275,-0.1536622999602162,,-0.08850265715519258,0.09990153775312713,-0.21492511207430123,,-0.25071821955824986,-0.10312245481242303,,-0.23326769648448709,-0.15167739211425305,-0.11735798684103364,-0.11157019560945171,,-0.4202641704131622,-0.19739239958046498,-0.3560573970062027,-0.11916269087492633,-0.14910860022827413,-0.14171121245781615,0.0072305140804467425,-0.14354031400128084,,-0.12618454568975082,-0.08901926953903985,,,-0.15639204586187425,-0.09533214261360802,-0.13408066164633364,-0.3267179574676444
2019-02-28,-0.1717894761965194,-0.12132678426260889,-0.14975039511807375,-0.20342203646699208,-0.22090900135857028,-0.27670060661397106,-0.19776647903245334,,-0.12262418998331273,-0.2839461007316642,-0.2523254541285917,-0.14824793699002278,-0.18525397885218206,-0.18698641774859975,,-0.24998487658229798,,,,-0.167809166131317,-0.17826933437714626,-0.20555503454432222,-0.18397395792808988,-0.14230378732728058,-0.12272238914263471,-0.0933048956184774,-0.14790533654081633,-0.2096615993132743,-0.12669238622866255,0.012516453589520204,-0.14534457242450696,-0.31983038638704175,-0.4265412774131507,-0.19018556025867803,-0.17914863080587673,-0.17418434446432338,-0.09344492462487582,-0.11249881702135575,-0.2652720384295486,-0.10495635874024031,-0.20755229569869357,-0.0835893949303173,-0.24199474118258266,-0.17779360126433788,-0.1498632770569995,-0.19224817748078882,,-0.16220295101825535,-0.1682303138469647,-0.15091929780860008,-0.16129850744731636,-0.08381106949482182,-0.08604442241068647,-0.2193593379424951,,-0.15429735306567946,-0.18592818458933064,-0.1897558727844845,,-0.11691148170320637,-0.18995833661752806,-0.12960124317206662,-0.082584229948402,,-0.36101925321405226,-0.2141880641043396,-0.09821305759760476,-0.26465352482613336,-0.1140241461156043,-0.15238867695933653,-0.061824234669581646,-0.11521549646891802,-0.20646403253013923,,-0.1528423741464169,,,-0.06268123008795842,-0.15519191402812021,-0.1882949389708706,-0.11668366014953452,-0.16066367748484695,-0.20028751145408624,,-0.10402098080763247,-0.1492330617827742,-0.16276085359977616,-0.22357954090691695,-0.12261638473997587,,-0.12665314723337917,-0.16754396021219023,,-0.17236280754647068,-0.08291745354049507,-0.11859090682017358,-0.13141302988451345,-0.1956324142767541,-0.10977120181046962,-0.1738290502230759,-0.20951718977331807,-0.3443582582681658,,-0.16709888207629942,-0.13373144872524456,0.04368905088893024,-0.20363694100751795,-0.15005768963361757,-0.12500713825035087,-0.16616055067255917,-0.08703127676538153,-0.0979134925887583,,-0.11851237550356128,,-0.23214624050222502,,-0.19496721593173072,-0.1568826684225416,-0.31112061348844544,-0.13426814800581413,,-0.20172247783128996,-0.19246431514126175,-0.23510552417488853,,-0.21552149620401131,-0.2358245168978715,-0.16883906024574521,-0.06718382089906458,-0.28718956464008016,-0.13295204574676076,-0.1401638070915216,-0.12339056310352742,-0.23736099390400153,,-0.2025378012384107,,-0.14170370800584497,-0.08572775412113633,,0.06095083071180123,-0.22200351590703946,-0.19436333691879057,-0.25040121021772305,-0.15890609008213197,-0.18713121973857752,-0.2276232241660454,-0.2120386873144371,,-0.17203154307953689,-0.057065841063647434,-0.20480759167546522,,-0.24160730578324222,-0.13869382308394748,,-0.20777338972679765,-0.15758327626291174,-0.14567887356350748,-0.17180448509273807,,-0.30651987373836526,-0.17966279497378834,-0.2746951456331882,-0.1364070475894522,-0.16207576753724748,-0.18830668243695456,-0.07768231571660494,-0.15936355354986426,,-0.15606570760812133,-0.1274462211656989,,,-0.16165032544507105,-0.12554873357960616,-0.15394121249790324,-0.2835873090499932
2019-03-31,-0.22825358900115816,-0.16929194098175748,-0.19958070992743196,-0.23714967920052982,-0.2636020427148118,-0.3390384055725997,-0.24597603602690524,,-0.0912030045332095,-0.3527961156341915,-0.3276960829685107,-0.19949381333121222,-0.20712405859844332,-0.24317945814526515,,-0.30922635162023254,,,,-0.22192779586760736,-0.2274107191516148,-0.25987570592588355,-0.23693768545591606,-0.16097311801074782,-0.17491695839244162,-0.10670083851032953,-0.19213827367679293,-0.2599325108603156,-0.1768271249628502,-0.013784637861173248,-0.19536300872734746,-0.3498953693444267,-0.4400779907630959,-0.24252848853912978,-0.23459587150981312,-0.21864484780692128,-0.1748984904415069,-0.15520196962330154,-0.2379808849522373,-0.10482939383904867,-0.23254458250450658,-0.1570362995115651,-0.3080079633831706,-0.22882225185495036,-0.20204974753512783,-0.24271852090684443,,-0.21512793753254186,-0.21680316863595725,-0.2048063393412709,-0.2067285074023667,-0.072759127913166,-0.10421600261277464,-0.28324012453342445,,-0.20397441838688882,-0.23451900541502527,-0.15203715478383845,,-0.15874404026016983,-0.22714656691419136,-0.13905190151435015,-0.09517002845963135,,-0.42627481748226814,-0.27153156091467867,-0.09555452835937826,-0.33121450113795553,-0.13799461917747163,-0.22004732826374482,-0.07625989649277641,-0.051963608075275336,-0.2596120768439521,,-0.2085781331967796,,,-0.01751101192994575,-0.211753908364598,-0.24009163301642403,-0.15304568929394483,-0.2166743983412577,-0.2316270900110521,,-0.11991393330718822,-0.20550340529149808,-0.23934392733592041,-0.27692519725426074,-0.18284768956044498,,-0.17758206195578297,-0.22032421714437897,,-0.2545932039962839,-0.07301747199895535,-0.0169184807661413,-0.17992375860771012,-0.25908277087210285,-0.16862353062021,-0.20092508924836724,-0.24781614812617103,-0.42002336136032786,,-0.21541283002658757,-0.18294229597173423,0.032435837546179416,-0.21953471349409948,-0.1949796144018631,-0.10510499713997518,-0.22107047789530473,-0.12325462499762353,-0.1568031524620588,,-0.16938019724075878,,-0.2100789237719833,,-0.2453162978614243,-0.2071987688112087,-0.39521421945242624,-0.1837474212933668,,-0.2646912729838268,-0.2179864728549604,-0.12922536816074098,,-0.2748351950043891,-0.30142878106447724,-0.21940035424045548,-0.08497519540819032,-0.35520185031671764,-0.18097157008600595,-0.19066774788985077,-0.1754422186969977,-0.29186150690020407,,-0.25500382110561337,,-0.18830390682720005,-0.12115890451585228,,-7.454129587101057e-05,-0.26481114922216437,-0.258650278326613,-0.24923683612096134,-0.2032457128253775,-0.21020466070438393,-0.28632165184430236,-0.21157109360082108,,-0.17983050491895594,-0.05155998231480634,-0.25532482476832713,,-0.2791110803487356,-0.1852281761995677,,-0.26463436820714303,-0.20971194554869765,-0.19234989879388653,-0.19793269120911477,,-0.3717811318728176,-0.2385821125027879,-0.3393960601573435,-0.1926210555119806,-0.21005314965553967,-0.21070087170080357,-0.1097758991259643,-0.21012822682396126,,-0.19494719766772836,-0.1758338590100884,,,-0.2128045757492206,-0.1803235736456952,-0.20029735264603446,-0.32605896532510564
2019-04-30,-0.12976084667700732,-0.07105537448471044,-0.10428777489175454,-0.16044086328546558,-0.1831884712613866,-0.22419765440258058,-0.16341618375117076,,-0.05944383431661417,-0.23531625417246227,-0.2192664539138507,-0.1104452560207643,-0.12280243634097761,-0.14726617592331426,,-0.30759070320950194,,,,-0.11394610857638195,-0.13989820213807352,-0.17391730632595065,-0.15130002407157334,-0.15589601081026713,-0.170738375589169,-0.08957575722241436,-0.1077123184066826,-0.15071266519407728,-0.08839738847925094,0.0580349965927521,-0.10298605542279596,-0.23067182517020898,-0.31425375638140995,-0.15767685475403484,-0.14854900991605904,-0.10052462751223483,-0.19919303506655994,-0.10255559716398727,-0.16779332142125478,-0.06029668052878921,-0.16147364094100045,-0.17136195912899263,-0.18120149182816273,-0.1437509876858719,-0.10704431774252952,-0.13723154671382354,,-0.12630638172345238,-0.2203238909860713,-0.12119861064087152,-0.12062250073269865,-0.03234532921937928,-0.07996908303230392,-0.1943538767922988,,-0.10816226403431783,-0.1405607060092426,-0.08050839078710156,,-0.13954769644657578,-0.14725900823445606,-0.1266815879929859,-0.0815176359034829,,-0.2806240644707216,-0.26302604998129137,-0.08575061420665353,-0.35403700150944634,-0.07940538151293546,-0.24349303678386644,0.052671843360123496,-0.013372397302910339,-0.1609917398256498,,-0.1262989993033338,,,0.05596140762667474,-0.11675611034575313,-0.15540560035137163,-0.14509502237510188,-0.12348870620547933,-0.1614549684655472,,-0.10094930076351238,-0.11603266972374611,-0.16042796238346943,-0.1958400547942017,-0.0700034520183719,,-0.08585560955693274,-0.13318258471693714,,-0.12141106663495968,-0.04976090765551996,-0.021188223986401643,-0.08767822798014059,-0.16424714884382374,-0.07293227124303657,-0.1288054622266073,-0.1753975228986324,-0.3053310412135188,,-0.12267486336690885,-0.08895098570029715,0.07607797509847489,-0.15456648115309632,-0.1031670377434267,-0.07734952397542663,-0.11698593112992114,-0.07791812328884386,-0.06845781123897421,,-0.07838929274092009,,-0.06232429031151524,,-0.14647213171339882,-0.11074525368927096,-0.30261148300741125,-0.08309220810655155,,-0.15873791129010192,-0.14660067053115797,-0.012087825493093656,,-0.16123854675316981,-0.1886713952961661,-0.1274214860842916,-0.07434810922063892,-0.2197006202185586,-0.0877658007115745,-0.09944127345303666,-0.08127151110255858,-0.1574620519776953,,-0.14624312369984843,,-0.098096521064607,-0.07966778601724171,,0.051037718441884775,-0.2024087930936284,-0.16766396998266767,-0.12650478120973138,-0.11642822989480628,-0.13932470008331302,-0.17198603544973032,-0.1791008588355482,,-0.09693388625036242,-0.025597222313307914,-0.14423746629725243,,-0.19718222779489844,-0.09580958239869136,,-0.2132009624291675,-0.12060291400562193,-0.08831994586919086,-0.10500741761945703,,-0.23574574819127972,-0.15433524922690653,-0.1966608405575699,-0.10252142016755764,-0.12109186735286027,-0.1371534832015856,-0.06650777206648563,-0.11770423538332041,,-0.08590700337511527,-0.08599910932458656,,,-0.12530766504871016,-0.08698614945975013,-0.11609687366999848,-0.2604580901151315
2019-05-31,-0.11339706571280225,-0.10672550400250486,-0.12420778829337978,-0.16080588198915174,-0.14276746521857495,-0.058347993283034146,-0.15968098282033613,,-0.2665440426690408,-0.03668871468614453,-0.05427568210664023,-0.14036685258288958,-0.14374763907212434,-0.10888573413475566,,-0.39992876497239277,,,,-0.07165069555156699,-0.135153941411493,-0.13872274242762395,-0.14280495967659762,-0.40758034823391376,-0.3688514787012097,-0.316652919096791,-0.13603620459093924,-0.07047210229688224,-0.14527439572033649,-0.22061949074226517,-0.12961459105915785,-0.05445640912777801,-0.018506657880465186,-0.13986028032026054,-0.1291359165667951,-0.05809551207064699,-0.4182174881962395,-0.2491579316073079,-0.17343366572863889,-0.27596334092726743,-0.18188313427298344,-0.4611580047084943,-0.03941856155665271,-0.15136034105623744,-0.12102384728946242,-0.08598581740559574,,-0.13130078460608036,-0.40275704427354303,-0.15228870286622256,-0.14556485724986443,-0.2908051442511287,-0.3154575475568473,-0.13248029449509835,,-0.11577880134560067,-0.11689969154222853,-0.1872782841625055,,-0.349925952414202,-0.17087998180607353,-0.35711961340024106,-0.3588855849072891,,0.012684817553938434,-0.4108027756817667,-0.358624308329339,-0.4627079645399933,-0.24283011503588048,-0.4092756189238478,-0.06385658247943932,-0.2526531685305154,-0.10625733993156335,,-0.15789883988497694,,,-0.18449275923109293,-0.11193021016845824,-0.14163683985502973,-0.37206157192116507,-0.1262679843445049,-0.17804390205661677,,-0.33522160151800773,-0.1324569733060276,-0.14490647448914115,-0.14083653520383982,-0.07631855248054556,,-0.13230555136192773,-0.1403289662003067,,-0.013256716880535166,-0.35120660902679157,-0.2922145732231666,-0.12998941107420728,-0.12580959147099438,-0.12238583466922501,-0.17971391271110687,-0.1767223008874163,-0.05023040362320335,,-0.12474213879441416,-0.12705631147513932,-0.23405914253338617,-0.2052296969435438,-0.12482826127952497,-0.3019739463067606,-0.08489401440507731,-0.26798741134525783,-0.1454087033243546,,-0.13407100079672743,,0.013257202616087477,,-0.09544049647638417,-0.11361842166252029,-0.09225775663972663,-0.1027312849071862,,-0.08938887868367747,-0.18065481641024622,-0.08463253652398575,,-0.06595571609936429,-0.06394763394307133,-0.11424801937817013,-0.34504156204013714,-0.003478847647675929,-0.12922684786656916,-0.13416533193625577,-0.12809033383379442,-0.023134402800488656,,-0.07258675959231162,,-0.1333140596350551,-0.28285609059210337,,-0.28194956862322,-0.17971752033804497,-0.12677599069707024,-0.04377463860378396,-0.13854042782933437,-0.18226786731543668,-0.06708517497602202,-0.2815090261555978,,-0.1463437737641604,-0.3142019284962493,-0.06968942112349298,,-0.1371521386960379,-0.14239907131435336,,-0.22420006783086707,-0.13265634189533484,-0.0885649837668298,-0.11381741480487874,,0.0006277490304625361,-0.1410875467867427,0.005969577445797458,-0.13599788444313915,-0.1317430086355608,-0.1723506760865242,-0.27935925286833607,-0.12526128838229833,,-0.06652596776625883,-0.13858849774573226,,,-0.1401851790679449,-0.12972921237537438,-0.15052786827008835,-0.17379291080501422
2019-06-30,-0.3907967041246796,-0.4420705067476684,-0.38042079421135877,-0.3944242932615983,-0.3921205960591975,-0.539679892240007,-0.34524775350594816,,-0.541045888183909,-0.4910870879631966,-0.43687736612118994,-0.3849035528772814,-0.3808335387117553,-0.38584795893326806,,-0.32133561368605185,,,,-0.45314551889555055,-0.4210865464524823,-0.40313133268883594,-0.4452367473245003,-0.33501643334943393,-0.4507168154667824,-0.46264196669095115,-0.47200858613366437,-0.43746786773589563,-0.3841558149151971,-0.38926343852917994,-0.4024790794906245,-0.3815291812139356,-0.49120128853630685,-0.45815974213211,-0.4437695715850249,-0.44854323057931444,-0.5074731155750678,-0.3707341044027009,-0.4623106230394231,-0.3928419218764185,-0.3949538714077183,-0.415038666408388,-0.5126186801196884,-0.4252045788988216,-0.38232043325907616,-0.4136751135302223,,-0.42396080678441067,-0.48094676616919996,-0.3945998047636701,-0.42740893219250004,-0.4199635089021656,-0.440387284701113,-0.3790549813552948,,-0.4070789591002846,-0.4153030644375209,-0.4069879546864072,,-0.32714936217438406,-0.35132171957520636,-0.3960113551513831,-0.34626095291048214,,-0.468676651960895,-0.2403801642722573,-0.4509095710263355,-0.33097375670670226,-0.30956172102845025,-0.519797031497791,-0.43756746380812683,-0.540245291344556,-0.42910825872153385,,-0.38482018099658816,,,-0.4868034781817559,-0.41058491868882163,-0.44511356772815586,-0.3944290239725722,-0.3889179878134628,-0.40286330654180597,,-0.4294621836118194,-0.41585309401368,-0.4234687687411524,-0.37948923589380634,-0.41934575525394496,,-0.39454537510755666,-0.4342867169757715,,-0.5291350689255094,-0.36623037331360186,-0.7740838943893837,-0.39188310374662727,-0.3704831146799459,-0.3802416284402837,-0.39043232151391793,-0.37650524248105355,-0.5357963262928898,,-0.40045609960331485,-0.3885184849744379,-0.5256709409389922,-0.36549156134625854,-0.4012789426347234,-0.49405166992858,-0.4278779581250818,-0.39474774355839104,-0.3895754561335775,,-0.4017034038344658,,-0.4969202212776021,,-0.48822399679617084,-0.4119753804537222,-0.6743246892690269,-0.39632320327971565,,-0.3624200018619883,-0.38313979647711827,-0.4277741040513631,,-0.3886363388627598,-0.39401755150664886,-0.441217360131556,-0.452634596282042,-0.5720181011925195,-0.38921335414282915,-0.3955400175877792,-0.38727713844088735,-0.4864084760061158,,-0.41532516312584233,,-0.4093218753145411,-0.4078298752643468,,-0.23506244265835938,-0.3941346545659722,-0.40332357721011475,-0.4114333862473756,-0.42590016467752234,-0.3898310381519381,-0.5021787859757871,-0.44021502700652376,,-0.41477337621699006,-0.43275938358370597,-0.4206008923039588,,-0.38256033069566375,-0.3955461463259645,,-0.32945273399417424,-0.43101935182202766,-0.4205154847737162,-0.3584862100268258,,-0.5604246851016906,-0.4087492721987292,-0.5081975499505703,-0.397547751494705,-0.42040340431684525,-0.40002059499287684,-0.4067465015965824,-0.3911832587518821,,-0.4620511704529157,-0.39262906120721264,,,-0.4332391225314968,-0.38189019315109557,-0.4235225629494109,-0.3551018742564139
2019-07-31,0.06858962902718685,-0.02157701982813626,0.03581459748887716,0.04565535162426045,0.07086470706215428,0.19289898962148364,0.08291960409037215,,-0.2244175871885258,0.20550934910404411,0.15415055959581542,0.0203596806512016,0.039311916894546335,0.07191894119027359,,0.02738982721947445,,,,0.04841348232330485,0.03704609424047596,0.07531824890750285,0.03942163704807004,-0.10690904487089013,-0.19463361683653885,-0.24433589735193603,-0.03094584753338571,0.11039488326577009,-0.0057927476881682975,-0.19730774473761103,0.016462380476210934,0.2922511716944438,0.3928831246897235,0.03715047130857049,0.021320455835150347,0.08925499792136929,-0.3214103700588989,-0.08577478291647057,0.0696135711150565,-0.1273762253531332,0.04313594202745471,-0.2189488048841599,0.19325670222207558,0.041987321506048045,0.03146809353640206,0.09198958964167771,,0.018906847103819843,-0.14403217757119494,0.008888376701687522,0.016440495811583564,-0.16957529318420497,-0.2130220757625709,0.11026468935294938,,0.02865784276362959,0.05989203071609377,0.001658884762671931,,-0.12367096099263547,0.06628865662957191,-0.16119861601913887,-0.20162051000789638,,0.39493424263206695,0.044776155448563754,-0.23092570378372315,-0.004204106200136869,-0.05395886259679371,-0.2578583753624812,-0.007156211429556389,-0.2275176781836439,0.0964918624648172,,0.014064340177379142,,,-0.1802677399145603,0.023322801994669132,0.038706744641761846,-0.17299467538696786,0.042315914495972,0.025445355833736295,,-0.19193727751144227,0.009544126267817678,-0.0051863557410607355,0.08253543896010844,0.02854654733827697,,-0.00606879535790283,0.02508158067764165,,0.10663951537078738,-0.17549782070208325,-0.4605360771458252,-9.403238465703163e-05,0.10297043937321186,-0.013252560726278366,0.0035370277388647904,0.05602681248853025,0.2778799276580516,,0.041248210781963945,0.009375088746739143,-0.40021471749151544,0.03726284418394421,0.01296626878967563,-0.1864908678231688,0.04794738829811519,-0.14256455282206001,-0.04181971040520998,,-0.02014746143199828,,0.1962241693867892,,0.05550442357816481,0.03190360017877497,0.14204651368515903,0.014341704868283497,,0.12731708148861784,0.026546140228272116,0.14222411562424184,,0.14964596267847116,0.17100726310732728,0.019386007362189133,-0.2752967359771116,0.24239896824761717,0.00626448656912184,0.010844935935208938,-0.0008075102379609708,0.20854807943616163,,0.10720000505321149,,0.002172086767434308,-0.15023223474540645,,-0.24562563369241844,0.0238679353244002,0.07592316665973008,0.1878963240931889,0.00901502807198476,0.016330909501508086,0.1432089478878223,-0.05160005963136434,,0.004481513077524306,-0.2510178692314652,0.11646245709268345,,0.09961793017668501,0.007598668288947726,,0.02081962138087063,0.013782826347456534,0.023522586544106487,0.03796440218991371,,0.2675833210004537,0.03591786798217145,0.26514768254187865,0.0040470029509675825,0.01890836237925371,0.017407705238896204,-0.1568783813880868,0.03324695063376019,,0.02475596043138025,-0.007918310469491202,,,0.018582500656059805,0.0020238376493862094,0.004143090962080739,0.12301832324030994
2019-08-31,0.06840971028139016,0.013219755898499228,0.05883776000658779,0.041106085199035136,0.04339421287833054,0.09290740019678345,0.07963219492458677,,-0.13031318686588483,0.0938290828396832,0.06405115559229056,0.043994799322761464,0.057812104477994744,0.0580051092524674,,0.0059674993062201155,,,,0.039241517923679074,0.03471075472491689,0.05138650438370891,0.029197443470578444,-0.01617666588559833,-0.1419039898967129,-0.1505413051636876,-0.014716995468068185,0.07664988329098482,0.03532829845956579,-0.02487679923159121,0.04014761423988448,0.2035869699497522,0.22373826843146408,0.02015120846444067,0.007985949799153796,0.08650269732844319,-0.2802117384869903,-0.01727577347382888,0.06265169957475282,-0.018409551597931142,0.045832322919567445,-0.13251304793675214,0.11973115759737578,0.04218096921493434,0.05099409126672859,0.07535359736841986,,0.02428893021480729,-0.11690613433078484,0.027817774665269066,0.031156522796876796,-0.03733073718225832,-0.11070753906183431,0.07126433163787313,,0.04346060094884146,0.051423492476937546,0.06741006943451767,,-0.04265674948191214,0.07864815039292217,-0.07268752176198404,-0.0761679681087648,,0.23749444175210818,0.0668738777664146,-0.11720207788960411,-0.0386042534781802,0.036071333148808934,-0.25120762956585474,0.10456796323792494,-0.10289199339757363,0.06839977063524637,,0.03210390449601284,,,-0.025722014326999634,0.02971848628470513,0.025188268566993823,-0.09430283819088092,0.05111633530198881,0.025454678712248453,,-0.09638504224177953,0.023131084879645228,-0.02144917508894912,0.0457819330539152,0.05508520824876148,,0.03131010514974494,0.027868749911824853,,0.06340366895468068,-0.029789137837225553,-0.34835287750470717,0.03561901605343037,0.08403291925409376,0.03057944533435289,0.028832784324199043,0.047726391678367196,0.1168947062054635,,0.04958373707033851,0.04349076905122857,-0.22343090802843985,0.05638334674211829,0.03523716282311386,-0.08892254709790662,0.04345821023615317,-0.051961977296575174,0.012240043079495382,,0.022450203782396656,,0.19722628194321598,,0.02852602996766929,0.04363678595734615,-0.016515500043460224,0.043408758770140166,,0.10047431843500608,0.04035706360013707,0.2253897095851246,,0.11087563856838877,0.11107397235662728,0.016554610634097335,-0.16022307496350435,0.1235221298345637,0.041988157605119175,0.03921803984247174,0.039013864138056145,0.14966493953412197,,0.07920642917607099,,0.030156688270642766,-0.05681638048324379,,-0.045755232450532375,-0.005104571654035511,0.05157922559192253,0.16886785706148175,0.02438893051022752,0.03541821399479824,0.08698279731432516,-0.0296851489294088,,0.0401110557846437,-0.10806957746223714,0.08866153871514963,,0.06159547484478513,0.0417431989461744,,0.004572290613748137,0.02312943858218533,0.041948437832895195,0.06036985821043202,,0.13718192058235473,0.025683951323720044,0.16569482590348833,0.030201216615787375,0.028862218574205616,0.03370116038054158,-0.05496060088589178,0.04591527782879196,,0.03397172197258488,0.03190593941150688,,,0.02712882193580938,0.038627988611456755,0.024022460094394408,0.05469808434107981
2019-09-30,0.11685929759251451,0.04585407145057677,0.13898134420503974,0.15950089245444718,0.15811684026469602,-0.10853080329599044,0.20414213621359506,,0.02431342017004487,-0.027924266317425322,0.05006640562834749,0.12984360818695487,0.19450759380965169,0.13635092462200166,,0.21555250925396854,,,,0.03204269980684964,0.08636892804801546,0.11168405132606626,0.040309565432958556,0.22773125942379288,0.018487202074109272,0.06867322196161223,0.013303328621498951,0.06761754898987044,0.1271485396333777,0.11197627777055076,0.10439762027756842,0.19645421382414574,0.0747824570974342,0.025270715399227785,0.04791227786077071,0.04466803986359264,-0.10135567511444037,0.1523284538786123,0.1573433666821579,0.17810244618642732,0.1681778041486356,0.004347539555496909,-0.0859137295858998,0.06923779411759783,0.13536393417559286,0.09889897603123046,,0.0738214117042206,-0.028352319522681052,0.11261818212192967,0.07433236847552764,0.14534754215943824,0.08212354323733471,0.13639176452122478,,0.10237426103010798,0.09835669646113142,0.23823936606935323,,0.2161761243334203,0.2071868074573586,0.16587083123054805,0.23038829981083891,,0.004297482078861047,0.32099710433186246,0.09583355404060116,0.19313137971451852,0.27266226050187986,-0.0861898854317429,0.06561762986577166,0.07036966201400205,0.07051674019210591,,0.1242094112855117,,,0.10096241627452525,0.09088246859600234,0.04583868619535958,0.122488569760993,0.12008473191269235,0.14941772321784366,,0.10152715877742555,0.07758327297910446,0.04818364927853252,0.16245110658683004,0.05674466096711118,,0.11235584288680645,0.05466063361107241,,-0.14066473136323754,0.2189612512404308,-0.18759687282919943,0.12179420866755274,0.1402016016572665,0.12012665030952141,0.1668509633045404,0.1787728495534347,-0.10656871541848513,,0.11646270786481049,0.1250939314439385,-0.040535891700305346,0.2238056886318683,0.11981282012164288,0.06336814412380777,0.06916108190491034,0.12065056532833815,0.10078138865040077,,0.09990818252487502,,0.07159826672217434,,-0.014138919193220936,0.09420167116516684,-0.3341633381552511,0.11715328471934507,,0.15988756204155333,0.18452750513903138,0.3012723544009289,,0.12751139804460104,0.11532796375003829,0.057282409985196264,0.0657501334387563,-0.168494934803326,0.1256632602560264,0.11295280369666029,0.12002614456751877,-0.029715337427499267,,0.0981994232236653,,0.09980397954681652,0.09708341509817245,,0.2953863301470982,0.16380111261019184,0.09309321176101687,0.18762984048707418,0.08208663824327345,0.17657337512254223,-0.055240005283442535,0.13859879555364232,,0.1606660533418386,0.1243278040363153,0.09042563390510377,,0.18574111743252344,0.11626019007999865,,0.23258757719392234,0.06135700460567046,0.08810864542219897,0.22727717497451702,,-0.140688462462106,0.09352310435938092,-0.07007862892174356,0.10126127114252757,0.08656727861737695,0.16350353827621825,0.10184603638908687,0.12675331063672837,,0.041382235614559004,0.118567541813091,,,0.057389760121199694,0.12526892717565313,0.07823099615470638,0.23400631131963248
2019-10-31,0.033173460195351535,-0.004761633149208216,0.0446360768505468,0.06373551903392934,0.047487499761003846,-0.04432913249828161,0.08526172380494879,,0.04962904250997217,-0.04452521505116656,-0.035410428808461465,0.0433742545327083,0.07861299613387224,0.027455259769554236,,0.17364618022900305,,,,-0.021783080042575603,0.02476754750378011,0.03517692160654508,0.01418468209969889,0.20253168762400467,0.053345029631856146,0.05384750129299869,-0.010231149228013608,0.002815636809991721,0.04379287078897762,0.07909945734893573,0.031029338981093498,0.08835159972753477,0.052732664277099175,0.00430211505097632,-0.0045212980436677395,0.003398959322221948,-0.030875432532923675,0.08552080196249182,0.11047006550454964,0.13048902596949807,0.0846359746474659,0.10042486027212047,-0.03464070722994473,0.03364158291896595,0.03649246401595318,0.018937865916443957,,0.01390520149542495,0.07430567581809885,0.036219909429276206,0.030239987238752188,0.13054727253612836,0.07546334548778967,0.040476912688313015,,0.02376918545719719,0.025290825081978403,0.15083944883742387,,0.14232228258547508,0.0988048919845648,0.13716910326710813,0.1522629848562802,,0.00558205590173115,0.23872524714075208,0.10998332266512,0.1753195741590243,0.14535801463480688,-0.015473008181458893,0.0492298347859132,0.08456172797062966,0.018120741472556715,,0.042830192473609884,,,0.08857098838898178,0.007824606130577968,0.012671045125005477,0.1113926298814585,0.033224896726241085,0.06478926345950772,,0.09787473647698804,0.014126535578762353,-0.021681441615102347,0.042226785817167344,-0.004414563577498594,,0.030779479361165513,0.016710733234028545,,-0.0931519240274966,0.1834100964487734,-0.055928003869923665,0.03456036401458943,0.04701104268439213,0.023496027556716304,0.07618735339723272,0.07707915626372613,-0.05009336696682723,,0.03450117462930406,0.03716920530817081,-0.039540814194209024,0.12042415430770857,0.03112425019834021,0.09338017140067977,-0.004758988148190386,0.07746376668370472,0.024070964415491353,,0.02536891293751171,,0.05967484924179001,,-0.02385793607482718,0.020362564654892463,-0.1452282941589355,0.021394802329186554,,0.03864642502300351,0.08548935746122471,0.2242338649841647,,0.025030215496495024,0.015896951252266124,-0.002702778194571037,0.06446425215831915,-0.0754830153218829,0.038468378834121096,0.03510202436487555,0.033771126896569095,-0.009495387975644554,,0.011022706282557677,,0.029130007591806437,0.07921316390570715,,0.12493150636385837,0.04334937957303621,0.02020962828710281,0.08649821114566773,0.024969157767930537,0.0840812492062076,-0.024761173023342752,0.10885843707274577,,0.07307263898270042,0.10102829622424574,0.013798663153876673,,0.060481861552067986,0.04425006446873585,,0.08133400197567217,0.012482296613784256,0.0070949065076438955,0.06838391631640309,,-0.06528996164237225,0.019022097225651,-0.03518381427904502,0.026073433403307825,0.02200746907402433,0.07511804360679353,0.08188740795318723,0.03427658070970595,,-0.015854326385992927,0.03730504123722148,,,0.0183010308128559,0.03378515358092678,0.03022949785066625,0.08027832629608614
2019-11-30,-0.014569303577754768,-0.05547925374688915,0.0019399943560567616,0.03688300274056677,0.009256893404873477,-0.10837999162338838,0.05793388394530443,,0.07756157965241,-0.12629400468133453,-0.1171723134263834,0.007273991647998963,0.046191480000977926,-0.025934591226818158,,0.2546769272357448,,,,-0.08921601889780865,-0.013481477705311997,-0.002640706722892567,-0.018967791368907173,0.296068520775712,0.11665024975629633,0.09456940946896036,-0.04816916712801065,-0.06322461238352113,0.010308605237947277,0.08749827175513177,-0.009191429650344638,0.02307922397090034,-0.021939942003129514,-0.030852794254128183,-0.048495206046346315,-0.06351663405857863,0.04143680252016699,0.09859955328357387,0.10242672781003032,0.16418875198873104,0.07028615566823246,0.2111773766874356,-0.10528211068067428,0.005558063120679036,-0.009192223937967687,-0.04054997889581739,,-0.027054490817994197,0.1603568586522433,0.004435107101490907,-0.0009316222218856653,0.17430812733118445,0.11977643471563398,-0.0017389048567726018,,-0.023311435233807767,-0.02098248747176178,0.15076788091448448,,0.19971051583703545,0.07938490216914151,0.2028786436440666,0.2157303572425052,,-0.0859014051570352,0.32926564936166125,0.17826503090995607,0.2817722846725285,0.15868593800470124,0.05550307670828727,-0.0028219247388274736,0.11277025321332003,-0.031231404187031162,,0.013375612069203095,,,0.0894401307074961,-0.043835018135440565,-0.02196643361749121,0.17985261086095006,-0.009973595161929699,0.04583815726344394,,0.1528549232882348,-0.02672396329309205,-0.06509111173628358,0.0008953857149950707,-0.0679746031834583,,-0.009181664691935596,-0.018071334709771493,,-0.18195224128025314,0.25455935584724465,-0.018626199823139532,-0.0063200296979251365,0.004037879964973215,-0.022976942268955153,0.059436584715106974,0.05701411003461077,-0.12053960523617388,,-0.008267123937376402,-0.004548822644722887,-0.03854506191457938,0.11801969724138305,-0.01246179008041992,0.1406815437660637,-0.06719209002341557,0.09967962671146005,-0.011402386837466477,,-0.013789609434433685,,-0.019683294010936055,,-0.07806410191524109,-0.02752492188468473,-0.1987435693706448,-0.032456440215066974,,-0.02219497816359597,0.06924154713721696,0.20087170562735268,,-0.04426198876568435,-0.05572232757528708,-0.0523440144993725,0.11892183240129311,-0.16123580698025053,-0.002116232796252126,-0.003314708078830522,-0.007830017299320351,-0.08541865249456432,,-0.05561521527806913,,-0.009495916909113467,0.11011122874184799,,0.14578167010618473,0.016852691849501358,-0.02400447031146843,0.02035923461012954,-0.010966641137273319,0.06916966052066155,-0.08569877933469,0.14175271291259314,,0.044901108056740996,0.14821470853497107,-0.052218864341150854,,0.020299563517255412,0.011060017538207597,,0.07271124980697018,-0.02680017648214808,-0.052384783955557374,0.018569721100956612,,-0.15328473802217302,-0.01984889500509052,-0.12486647871249015,-0.012878768641764064,-0.017921191897229044,0.055753810054246164,0.11193527169788922,-0.009535702019986346,,-0.08382626720930672,0.0007324218059044441,,,-0.016264938709411668,-0.007975918577652084,0.0004960457521089312,0.05218775008707303
2019-12-31,-0.10382145985875856,-0.11469764741512367,-0.13795500467164407,-0.12838438471568148,-0.13468252315161988,0.1837807886741427,-0.14220385191347248,,-0.12223608418766119,0.08097510310389469,-0.053001290154561224,-0.14022625619623513,-0.15162053803850428,-0.13537892949343644,,-0.10635606385210832,,,,-0.07146776282109031,-0.09355741812634287,-0.09112843793686061,-0.046619129462538246,-0.15275846586019534,-0.14570895313614923,-0.22020376855178075,-0.08540091923267704,-0.04209076716559395,-0.15357065220462726,-0.20904798780126765,-0.12327778520556774,0.03535648106672115,0.23314823458685388,-0.04057714365017513,-0.09476805760091575,-0.01973198797231778,-0.20505398000952182,-0.1920268444308876,-0.013356619536233311,-0.17319069986925326,-0.11077989377600395,-0.09982782274331428,0.16663051408453491,-0.05747245311012777,-0.1480816877063016,-0.07682642629299226,,-0.10525223835798832,-0.020648243480428242,-0.13707827825179575,-0.08266928162448252,-0.15266152018425747,-0.19011663718193422,-0.09842314097201622,,-0.12055200711524205,-0.09143583991592155,-0.10989802188200944,,-0.2372750210918601,-0.1342290057198427,-0.18436930824754216,-0.28076492180425255,,0.24127789085777276,-0.14905915217136098,-0.1669362018643962,-0.10575354081178674,-0.2414887859072639,-0.15319135544637089,-0.03470041817066186,-0.12030244050563453,-0.03991036731882306,,-0.14192237764035884,,,-0.12680348201603445,-0.13371754065946173,-0.05596433387512476,-0.18485857824626642,-0.12707146779762507,-0.1274514498282509,,-0.1724785427384442,-0.11833574882969387,-0.14983463105246353,-0.14550430215702284,-0.09849057831334228,,-0.15047452921042506,-0.072018829712257,,0.09646679863473229,-0.1916650997752812,-0.10270113764437185,-0.15254548134580415,-0.09857334636689938,-0.17912514367961097,-0.148218818603312,-0.13355274352805807,0.2242212899131541,,-0.11676213493729835,-0.14711663165251057,-0.29461375251406885,-0.1390446484765409,-0.1432409548891834,-0.09987494157758814,-0.10088313480264473,-0.1968312966679175,-0.17381573343872872,,-0.1506088671992571,,0.13712010093001678,,-0.007163886324193496,-0.11200803835114148,0.30279047739531495,-0.15207711234099344,,-0.11618234204738685,-0.14325077222881333,0.04831881377292251,,-0.07110464205151212,-0.05581930687417438,-0.10204819393752923,-0.22804366953746072,0.25914526099370916,-0.14780207648523788,-0.13390232147411607,-0.15340538482286248,0.14295053769489444,,-0.07608566328303663,,-0.12783437876968967,-0.16868463729109145,,-0.45435368986208724,-0.18402934380560515,-0.09002182099918805,-0.007504310574468074,-0.10413766051822378,-0.14008958656937445,0.10548673124308774,-0.09837328375294714,,-0.129274208714389,-0.225191277429516,-0.05403439093226495,,-0.1316373915500978,-0.12678503367115784,,-0.24018904330708865,-0.09338895437262937,-0.12284883724274222,-0.21026835990572,,0.25419096608100566,-0.11793393065662208,0.19857445346372554,-0.13826260385108907,-0.10885769025989113,-0.1323994461112558,-0.17379027601426894,-0.13789004002820107,,-0.0831996415401235,-0.15053998684201383,,,-0.07704310693594675,-0.1602815106653885,-0.09735474990724824,-0.1612003963002097
2020-01-31,-0.05629992422951878,-0.062212558291342215,-0.07624834077660794,-0.06870088572147566,-0.08394908457350045,0.1361639026674258,-0.07493418987452857,,-0.024926448228401232,0.04323743205135582,-0.054782439765057145,-0.0731274081940135,-0.08865145079413943,-0.08797958397242243,,0.025824890612625086,,,,-0.0477297582982387,-0.04473714504633551,-0.045635852591461246,-0.005445163597240981,0.011378118653503437,-0.004582883350781476,-0.08006633847253163,-0.036110096309207786,-0.029922331921141493,-0.07827731818406902,-0.07110136111709522,-0.06316842486879054,0.014737663306680545,0.14001410552507473,-0.00391031148920054,-0.05062737263192923,-0.0078095817144085665,-0.04066246701337799,-0.07282123521028701,0.016371415212648375,-0.04707203446756666,-0.04717858595648013,0.07734219548083532,0.12548764936274978,-0.008471849364886307,-0.08639796115096891,-0.04861704111678398,,-0.05307773316469306,0.10205843345513023,-0.06820803886895527,-0.02871877077905523,-0.02234972637151328,-0.050449142258608144,-0.05472013643591501,,-0.06778802239139896,-0.04990856944098458,-0.04008069173587746,,-0.0752802697770756,-0.06293727814189592,-0.03621575824492563,-0.10377728716366377,,0.1520201365194243,0.009009772129533468,-0.019306087772916394,0.04244191583390329,-0.11094788813391195,-0.012344064733582863,0.007817839112979074,-0.02508797055793563,-0.014771927677439503,,-0.0699904842539162,,,-0.03632936964848565,-0.08128529285996884,-0.014844336472762006,-0.029589137700999982,-0.06962666233043055,-0.062396008480490026,,-0.03131451034710851,-0.060448954357650256,-0.08816967583707803,-0.09352901906344767,-0.05629239353558313,,-0.08098918372692776,-0.02353052349856106,,0.06887446545840327,-0.03041534252655723,-0.021845511122601215,-0.08422379464280798,-0.050894982293220446,-0.10413142263166371,-0.07261138201273255,-0.06749719971415184,0.153831478919775,,-0.06359326894419065,-0.08063117424645902,-0.14861872108559598,-0.059725921554548284,-0.08282481259245336,0.010361334867252997,-0.06585554443869192,-0.0676593232439027,-0.09039087701324115,,-0.07952317717438669,,0.08921795450419116,,0.006294693705723382,-0.06219249442201752,0.22779038486508188,-0.09389529242265986,,-0.07857821861756847,-0.07122125162557626,0.053692353261300514,,-0.05285793263357685,-0.04546505928183043,-0.05914575757228422,-0.07089759428068435,0.17765539209843115,-0.08038254261077984,-0.06903243006749389,-0.08344671682907469,0.10380715106453342,,-0.05486302022090582,,-0.06575578448995976,-0.03944219769503512,,-0.23781898808149754,-0.11517383590506028,-0.04647689985259322,-0.013082511595528102,-0.04895399569505339,-0.06743016675770011,0.08594647831773311,-0.008842675433009442,,-0.06874475019476371,-0.07341481929903275,-0.03766294841957584,,-0.08647016147252667,-0.05970157261016,,-0.1396602218427058,-0.04205797483579359,-0.07819125168535614,-0.14417986724111626,,0.1691224520877652,-0.06324102887066493,0.1317244920759711,-0.07179677012477077,-0.05549377560480157,-0.06534711739919472,-0.043040402415164804,-0.07915420144156404,,-0.05752369334207144,-0.07887024040898238,,,-0.02648749670045522,-0.08885516230820474,-0.03784645956881433,-0.10649674297476935
2020-02-29,-0.026185340136489474,-0.07048024667905263,-0.036130078666056366,-0.02386014140763132,-0.027686830233348513,0.017612419743333163,-0.001208871832810738,,-0.09251159763110084,-0.006244413286226934,-0.03501044983042514,-0.03530507062883716,-0.03469434172667389,-0.03730087718202552,,0.10564181427856663,,,,-0.06057320494122711,-0.032808211297762103,-0.016198686367047268,-0.02206396215952565,0.0614682062328276,-0.014654845959508075,-0.07784005174896308,-0.06306868975755074,-0.03295523635884009,-0.04249027411235943,-0.06926258335212804,-0.041339588271246536,0.04402867018570905,0.073272209775686,-0.02698406054300112,-0.04790623729489794,-0.037587692749366027,-0.06321559065870558,-0.025127552152097683,-0.0035351910261794363,-0.025908198975927537,-0.010094259334095152,0.05068632870249012,0.016071735740348314,-0.013764372392879465,-0.042678186111426014,-0.03281821780800739,,-0.04280614547729395,0.04081674712816533,-0.035628399645624004,-0.030945130051777712,-0.031648723272346385,-0.0516277293938888,-0.004686694412123337,,-0.04562566153320522,-0.03268493866738953,-0.02216083148651763,,0.008857638593526335,0.00029751803514367674,-0.00595265822276268,-0.02661727083812887,,0.07693244348232324,0.13201383862027571,-0.03473638957013142,0.12056665584655953,-0.014986119585602522,-0.04246254644286615,-0.052946994205551275,-0.09840740013161407,-0.0169804548700821,,-0.030120141669680293,,,-0.09468130422360609,-0.05428946419278503,-0.026203750190196797,-0.0006307029810973336,-0.0336550487782748,-0.02406396337599994,,-0.029215226044204286,-0.0451715172754147,-0.057524932237071766,-0.024678533752053495,-0.057138581924276136,,-0.050836769225251675,-0.030213219924972227,,-0.04142372959323738,-0.0008211383042085444,-0.21944418642140498,-0.05046127270132768,-0.004652150123252073,-0.060098941160752144,-0.02957964555202454,-0.010019792454848176,0.04598264344268515,,-0.035864603604126695,-0.046441941136643364,-0.19082911573343742,-0.00033472633829657937,-0.05105182513175168,-0.04309329024046911,-0.05568999154976164,-0.03988770700384794,-0.05807667954235898,,-0.055663473663563535,,-0.011189466481352366,,-0.04143498247558753,-0.044787321172779816,0.009076588724699651,-0.06021426804597124,,-0.01773365546573376,-0.020439248313977705,0.01050304122197078,,-0.017473572437981984,-0.011070764532322743,-0.05570797917161072,-0.07046722205919626,0.019624137956291685,-0.0467384916755467,-0.04150307873329975,-0.049442323367990516,0.014453875035696229,,-0.0358166541400771,,-0.047158517826531896,-0.030512564215774064,,-0.07827316471318016,-0.04110870783093588,-0.019896463562635924,-0.007752816381988619,-0.04242176993203194,-0.023321667374317553,-0.0006477516948899791,-0.003924016892324747,,-0.046338059706081534,-0.06922407645217175,-0.02936769375517561,,-0.019977977552923923,-0.03632921401222841,,-0.017076129350662488,-0.041721911790031416,-0.06371929811987716,-0.05869451836042415,,0.025253547316298117,-0.0342541362611594,0.024632908392586143,-0.04424722571743832,-0.04263702297575621,-0.028498216057310507,-0.03451550910304878,-0.040861777022165216,,-0.07537153107455435,-0.04802854387750584,,,-0.03284125955672585,-0.04851185938238967,-0.03492535765838065,-0.0013235922711814607
2020-03-31,-0.654746673911081,-0.6700932064115855,-0.6493294681564357,-0.5928685845421386,-0.6196065045405429,-0.6358500704827458,-0.6036670003752522,,-0.45604733728172514,-0.6897772896559119,-0.7161987305616891,-0.6357253388213819,-0.6067586626695678,-0.667809391836332,,-0.34829987764495535,,,,-0.6950421084378589,-0.6272010771715911,-0.6222571340361832,-0.6105073504657825,-0.33077281254635643,-0.4182730106103718,-0.46668362642832784,-0.6300062735749405,-0.6771544738397534,-0.6357452138301135,-0.5679363143948593,-0.6430360441496213,-0.631860070159668,-0.5973966494821826,-0.6126140890211829,-0.6430359788775014,-0.6816112029770299,-0.42547431451730716,-0.535050658659936,-0.4939797789925119,-0.467824873817214,-0.5574910185938916,-0.3243281960530362,-0.6622826735462558,-0.6008592500573903,-0.6583879828888488,-0.6705807684200467,,-0.6401097040119414,-0.3398477905245457,-0.6262500013446286,-0.61195869653133,-0.4422308382317782,-0.4587691686035155,-0.6344619273240445,,-0.6560225548351487,-0.6430760222407497,-0.4997253465313696,,-0.43917804361049945,-0.5814282998778891,-0.395948723485098,-0.4247186098701033,,-0.6732388908894051,-0.33912931211929825,-0.38937309816934934,-0.29102475290075475,-0.5313656429131459,-0.40252609561360414,-0.6609187777735881,-0.44190996606584904,-0.6412961660105487,,-0.6220167954281618,,,-0.5245958697839916,-0.6709906401943417,-0.6134837311255515,-0.4053153371914089,-0.6496001917471385,-0.5745095873403508,,-0.4274600543249503,-0.6459234884319333,-0.662046709324651,-0.63231875867548,-0.7025537920036554,,-0.6503669628259237,-0.6208622381852323,,-0.734984495113917,-0.385908342687658,-0.40054782650657594,-0.6504941937620952,-0.6412870477324539,-0.6760375779651996,-0.575994105240042,-0.5789599048966135,-0.6364815723399208,,-0.6423275479392591,-0.6515316577698718,-0.5950235190747318,-0.5305808682004642,-0.6496174363134527,-0.41447463584277233,-0.6880768668205208,-0.5176798078303608,-0.6532424090442615,,-0.6503656187012677,,-0.6464169948371375,,-0.6495342015999581,-0.6565254860868766,-0.6001345629402486,-0.6795217429570529,,-0.6821604096446604,-0.5693478077879182,-0.4908844948202084,,-0.6909443547340339,-0.6927476700954268,-0.6567216366880131,-0.44454348365428653,-0.6759610070761305,-0.6486733032445856,-0.6416437162946246,-0.6556780176685802,-0.6727114702095766,,-0.6852607657474873,,-0.6392052105555126,-0.49458333600625654,,-0.5968035727974944,-0.5989550453977142,-0.6437323525663443,-0.6399147421262422,-0.625347581725061,-0.5659928964339715,-0.6476162433404885,-0.4364473308455802,,-0.5908106321461658,-0.45192580890402806,-0.6797534755548622,,-0.6165749625346563,-0.6274490775921587,,-0.5752215655659546,-0.6355407107272129,-0.6847996436063476,-0.6581467759755454,,-0.6760084814625452,-0.6358474561998518,-0.6934272774946827,-0.646902776670483,-0.6359286172173562,-0.5745244707574436,-0.497355797465538,-0.6501337081763977,,-0.6931668910409663,-0.6413589942004263,,,-0.6215409671611419,-0.6576704060245911,-0.6125811308023195,-0.5858338664128804
2020-04-30,-1.0239326448476957,-1.0193924003386128,-0.9562859105224448,-0.85876569778594,-0.9032508732303728,-1.4231407256878315,-0.8768602670425633,,-0.5619627839278855,-1.3645945902821128,-1.21838273116563,-0.9338580406182119,-0.8296072238649062,-0.9968380524239584,,-0.5503920645747665,,,,-1.1294639294630546,-0.9853050218450032,-0.9884612198194876,-1.033757062263164,-0.39872139402501033,-0.5901670191287623,-0.49976343788999034,-0.9942462267242559,-1.139236098461248,-0.9130334943628885,-0.6949751873751464,-0.968159093350205,-1.1538305713557213,-1.3649522005301835,-1.044655987616747,-1.0164831561339054,-1.171413360719735,-0.554679999034517,-0.6905073118859265,-0.7862217734064053,-0.5530176176606274,-0.8175638687487394,-0.5447795564639549,-1.4451809373474516,-1.0005893617608712,-0.9586260471282623,-1.0788567204626998,,-0.9936336981543863,-0.6471813672554941,-0.9273771410741989,-0.9727787687074435,-0.5280986030816346,-0.5394863675688291,-1.0104058329605918,,-0.991486353768907,-1.0121538691131295,-0.6401862825859873,,-0.47500740059746543,-0.8385886684696682,-0.4384860989366529,-0.3468905914807094,,-1.5698860928272875,-0.47283344983233305,-0.43630868603397255,-0.472700719279639,-0.5861839768157495,-0.5747313348512246,-1.077034050318952,-0.49770689477554764,-1.0913984044614897,,-0.9164778231866292,,,-0.6439445221957729,-1.00487849671301,-1.0227785867338726,-0.49096256340249284,-0.9812143059010296,-0.8282487224904775,,-0.5137931557086853,-0.9884881492675394,-0.995360823699865,-0.9223111938480693,-1.1115040555538387,,-0.9411222367727103,-1.0125071804801433,,-1.4780140797334844,-0.38617561060984784,-0.3998836490236465,-0.9347600152215017,-1.0208012499148214,-0.950387884810054,-0.7945896164937487,-0.8364071774459265,-1.5016204912082278,,-0.9738537597007317,-0.9454167203129484,-0.5865132219475974,-0.7218967180857033,-0.9414506206184752,-0.5481942722588885,-1.076893605943836,-0.6473259368488327,-0.9231160925007904,,-0.9408523051391217,,-1.2518103579604063,,-1.1475481353933672,-1.0056549077699999,-1.571431952424365,-0.9815406375064529,,-1.0572780793473548,-0.7891837172295681,-0.761855592693448,,-1.1314625998263477,-1.1652969820107335,-1.0201615960295898,-0.4609902333689161,-1.6037981519210398,-0.938286154266568,-0.951242289924481,-0.9468222980557208,-1.410494386891294,,-1.105236295157733,,-0.950548571761721,-0.6518831058497689,,-0.43062330697094575,-0.7984365676942577,-1.0377465721940788,-1.0591170248111728,-0.960239902295061,-0.7851481715357949,-1.3221528675637007,-0.6114376515668692,,-0.8174788842810137,-0.44399959999383354,-1.1264010998326328,,-0.8954308207614113,-0.9341973343286328,,-0.7004341192215222,-1.0029303696939298,-1.0281643609731819,-0.8291125252809453,,-1.5924567404662988,-0.9768029599966607,-1.5380980084237992,-0.9611077317161515,-0.9748545924440293,-0.808495757790015,-0.6440435595295191,-0.958525186054116,,-1.0875158396036517,-0.9235005624948489,,,-1.00394948971543,-0.9436876311463799,-0.9535780219913199,-0.8109872473186931
2020-05-31,-0.4420365282589055,-0.465217987098861,-0.4109533672506417,-0.37270800671300364,-0.37101665231811737,-0.7082574852269108,-0.3620609324560923,,-0.36853750530520546,-0.6133994057344769,-0.49455430847027226,-0.4062854643400125,-0.35432831732057896,-0.406759641331722,,-0.28896487120842096,,,,-0.5008247126846048,-0.44269591060874497,-0.4299656418646546,-0.4880135804508485,-0.26972024087633306,-0.35243719636571397,-0.2920738593414982,-0.4732084273819094,-0.500581588581114,-0.4020263303967015,-0.376962031091079,-0.42991333308948054,-0.493303028597867,-0.645652606126536,-0.4941812530055198,-0.45360486860995947,-0.5401502583090324,-0.3326310751097814,-0.3300991488085118,-0.4125946668657576,-0.3148580427677779,-0.3728067526179673,-0.38740599132165277,-0.7120963663031794,-0.47194792928726587,-0.40519959931268457,-0.46689514316689856,,-0.4448306541706082,-0.4352467942969977,-0.40810863764100774,-0.4557606613988482,-0.33678553956619495,-0.320787483138854,-0.42013658349478566,,-0.4336828809647232,-0.44532136415106327,-0.33648126943833073,,-0.24166827333744825,-0.3623575512109468,-0.2732290985323785,-0.19923748306245578,,-0.7279368436615192,-0.24278973781866361,-0.30789998349773184,-0.2688283120251923,-0.2582846921118528,-0.34643724332728465,-0.5535286635631533,-0.3546230566322487,-0.4918631665006262,,-0.3998969150161048,,,-0.3975349304086902,-0.42885340020446383,-0.4771185836797647,-0.2935426351740777,-0.4214398877584457,-0.36945322428584765,,-0.31670132921077815,-0.43947037711334197,-0.4177154375302996,-0.3655633834502855,-0.4929501254070366,,-0.4124228090768336,-0.4712443000112491,,-0.7081139204086551,-0.269270652679128,-0.3846464766120223,-0.4066256114971017,-0.43119802531035023,-0.40073718411862763,-0.3567959544368519,-0.35868479742179815,-0.7236334389927918,,-0.42519274069473806,-0.4110411055053003,-0.3337779502889729,-0.3273930911722525,-0.4074126133300871,-0.37207971158722775,-0.46517946722224857,-0.33270689575591694,-0.40560889758311386,,-0.41733246086434245,,-0.6389606027622867,,-0.5428632979772944,-0.44249030506139575,-0.835892651792097,-0.4168400831972278,,-0.42270682369201706,-0.34898567240453265,-0.4451849590599567,,-0.4680747996927779,-0.4786858689616165,-0.4528778965949976,-0.2886649655491385,-0.801440705726147,-0.4093444568632049,-0.42000750311115553,-0.4118479697964159,-0.6836919041006843,,-0.4691161181154137,,-0.4254833390420922,-0.35597367095587285,,-0.14817894468593837,-0.31446442932954194,-0.447886279228134,-0.47617862105876524,-0.43900056798457865,-0.35364119791775156,-0.6469828069195723,-0.33984938563706396,,-0.37762416250171016,-0.28429279758076964,-0.48852301895416783,,-0.3594902336570886,-0.42127123003695205,,-0.2504079915670848,-0.4583083140376486,-0.4461873444089511,-0.3163976300928636,,-0.7842399845012245,-0.4225066662824024,-0.7383592260440032,-0.42205393215882653,-0.4369527090144762,-0.3653538886592385,-0.3537176167693756,-0.4094207089802317,,-0.48860335635799385,-0.407459942255867,,,-0.46816717726478313,-0.4048190928459997,-0.4442267859543528,-0.2973736129475678
2020-06-30,-0.12555347571793926,-0.16064191230169952,-0.08607329350383966,-0.042279972164767095,-0.025430018380008454,-0.5064662282808654,-0.024215331951631416,,-0.1003095597529891,-0.344058264433438,-0.16208842712819224,-0.08359709045042635,-0.015646444258546794,-0.06518047879765207,,0.001074168049864611,,,,-0.19588974461067407,-0.13464025756361708,-0.11320593907609908,-0.20594708178499077,-0.00042725722702082147,-0.08059985446007555,0.017473462715045126,-0.1815789503660557,-0.19747147936957396,-0.080867230230256,-0.09453769177036364,-0.11603375191592329,-0.19411680902293207,-0.4152801685690052,-0.21259121010159385,-0.14208063706681925,-0.26185372342292074,-0.04202893680917087,-0.013703619323922105,-0.13599126377245047,-0.023311130591336382,-0.05653173090803412,-0.17340306690313936,-0.5096148081419691,-0.1881507653918085,-0.07334448104502893,-0.15347046758877397,,-0.1347019107027747,-0.22623126655024775,-0.08810675053143208,-0.16305238144524428,-0.06939231445332411,-0.03111080809290485,-0.09164179633931134,,-0.11521090264922045,-0.13212253515389788,-0.037072502859095635,,0.08210235707500727,-0.03582881302092225,0.019489576734957006,0.13143373594781757,,-0.5142978745585383,0.05497684427400553,-0.03850017772676473,0.015112598083651873,0.08543579369549666,-0.0637351625852656,-0.3147553710107406,-0.09200526212306794,-0.19810804676143576,,-0.07733229038719348,,,-0.1358874814923267,-0.10054121071199502,-0.18785160665998743,-0.004737363784854168,-0.09820912950872941,-0.04439904301124227,,-0.034941789686148424,-0.12650166989819397,-0.08065501728451452,-0.010945949125353469,-0.1899949192182514,,-0.0902422631613497,-0.18023873850667438,,-0.4832953738202344,0.007969364307125845,-0.14063187253516,-0.08132995477231782,-0.1105251187169094,-0.06533051824368026,-0.0307544717504953,-0.025714854649338727,-0.516380517747443,,-0.10614042788560907,-0.08741878733515576,-0.01566498533326364,-0.0023883777642960285,-0.0797922174625483,-0.12225535975799005,-0.1465309405585042,-0.027473575130670534,-0.08227213215842018,,-0.09842539327020676,,-0.42485949608026935,,-0.2700232181001918,-0.12745195250390257,-0.6924673803901102,-0.08510084211425713,,-0.08231938677616527,-0.01927354955301586,-0.21000484554239288,,-0.14431258753232853,-0.15479955371401782,-0.13876337636516708,0.010325477903895795,-0.6276648619198603,-0.08620322746977459,-0.10281487595940945,-0.08830961671629685,-0.46783872412204386,,-0.14923394109779659,,-0.11142109494287661,-0.07062121758904637,,0.24993143563477033,0.053187910949499616,-0.1322820888611722,-0.18003914513377026,-0.13338192930450815,-0.02837333928915329,-0.4207819952333495,-0.0517995469934516,,-0.05903323006748795,0.011774426282044748,-0.18032662302374694,,-0.007548177231441459,-0.11100407311047941,,0.13685892991314805,-0.15717286313579545,-0.12444224606362597,0.057774010278598235,,-0.599930572707821,-0.09963508088517697,-0.5333703213847536,-0.10327839155368009,-0.12558454056246215,-0.042111934420760604,-0.06821863902605556,-0.08082724298747923,,-0.1822104564514902,-0.0865709332498167,,,-0.17667270845000033,-0.07645605670109136,-0.14662587324775164,0.08088677362692212
2020-07-31,-0.30418457586871167,-0.34455885766825417,-0.2775018805542856,-0.2686751399559403,-0.2347071792750771,-0.6521448205962397,-0.23246067626573477,,-0.4387867478949284,-0.4786483456969826,-0.29636442573884025,-0.2775157361784289,-0.2541889977580956,-0.24423636037391838,,-0.2655441826236,,,,-0.36134684783614746,-0.32851159721613676,-0.30288050012444306,-0.3948336870346483,-0.3223815496191735,-0.3360837918890332,-0.27686857057992864,-0.37843936398263217,-0.3702131858138323,-0.27716652413459386,-0.3417540376849252,-0.30715317085283833,-0.3973432126937497,-0.6266204656090754,-0.4009269024093289,-0.323998084660745,-0.43676353329389067,-0.2670627983013043,-0.25202367171383205,-0.44975772010303083,-0.3285229268484093,-0.3014403721960042,-0.4257361218145192,-0.6448237230142466,-0.38334905175309353,-0.26053496330211146,-0.33165583211022004,,-0.3214122173865304,-0.4952010352596794,-0.2813203705197242,-0.36405414244480777,-0.39179882424868445,-0.3188259624743441,-0.26793191808870126,,-0.3027919082538533,-0.3219854649608982,-0.3711719802203648,,-0.19056940546402357,-0.2622493987359807,-0.2971372936804666,-0.18356010332205175,,-0.6414409570604905,-0.22126788360730357,-0.3681178154672374,-0.25973954195974625,-0.18184531513527058,-0.30667169036693065,-0.5301972605342582,-0.47126840191674607,-0.37765738666622856,,-0.27028292914307794,,,-0.47025952891474104,-0.27724585246877614,-0.37837337502106616,-0.28714675797472217,-0.28128385145874085,-0.27866510882204537,,-0.33283172569217956,-0.30892129693503645,-0.23852064923892274,-0.20551239172116942,-0.3485965366748043,,-0.28094549887065806,-0.3689699186900189,,-0.5849874069832954,-0.3342366467361037,-0.5728518069204878,-0.2751576287406543,-0.2849593290980113,-0.24238705409056688,-0.2714558036668569,-0.25166592973572266,-0.643146628791544,,-0.2991520976896712,-0.2795892490945848,-0.28052683876517454,-0.2690300598662976,-0.27728914552076833,-0.4572723220704265,-0.31657389504981626,-0.2782313710223058,-0.26499273228500164,,-0.2890010041785624,,-0.6704345335819649,,-0.44605763857784086,-0.3131907355632028,-0.8093650161441985,-0.2693513652372086,,-0.2476305042986565,-0.26359236322177654,-0.6088444043979081,,-0.3063035407009086,-0.30757395574720103,-0.32303935567693887,-0.28577748319632806,-0.7465493773327095,-0.28064579284672425,-0.2949261893604309,-0.2764903623773824,-0.616209456598942,,-0.3209432828091818,,-0.30801956084643256,-0.3256931591258604,,0.023534889970339683,-0.1675222619545433,-0.30378668430022043,-0.4205276420650106,-0.33415914564744037,-0.2760017556785118,-0.5754626069687795,-0.3597718446639652,,-0.3155300467530667,-0.3089357830969743,-0.35341397152603093,,-0.2238768410812486,-0.3110190722042046,,-0.08094956352196846,-0.3446503350860701,-0.3071628297489905,-0.1674458854625367,,-0.7230287523257324,-0.2824960670895944,-0.6581381664951251,-0.28762318620480704,-0.31969745985122117,-0.28713157365181013,-0.32679906811689435,-0.2710307889335212,,-0.36696994050456094,-0.28288162417514123,,,-0.3675601517903959,-0.2617504450809597,-0.3479148103332531,-0.14294467922111775
2020-08-31,-0.21183309314206,-0.2480424982985248,-0.19740368225637167,-0.18302150898523048,-0.13147392874858424,-0.4854142811791603,-0.16482575359145019,,-0.39167478950858564,-0.29458507804421374,-0.13015940054762803,-0.2054946079792732,-0.1658246749839087,-0.13857715197608508,,-0.3325415550963554,,,,-0.2296588972537406,-0.23653965550795486,-0.208948372519314,-0.3054629153149989,-0.42209997442403296,-0.382963687241913,-0.2841278325357764,-0.28234850867514705,-0.2314268149136698,-0.2146520726731132,-0.36720374910960313,-0.22685402896186996,-0.23699949542026622,-0.39763546028198743,-0.3036451179441985,-0.22008872405380484,-0.30548841252101017,-0.32490139872222273,-0.2529587364327313,-0.33866021168367166,-0.34076471211591464,-0.22893029692366038,-0.566224958918088,-0.4884181327121696,-0.30662935894777466,-0.17605145280672085,-0.2111931502081733,,-0.2308859384022565,-0.555659731341258,-0.21238965632403678,-0.28479384454821,-0.41484389307506336,-0.3427036434527274,-0.17263415564796808,,-0.20949959135829185,-0.21864317837113212,-0.30057031283363084,,-0.2555038248999505,-0.20295354500505294,-0.34373748276276467,-0.25063716715376355,,-0.435196922737878,-0.3307526987681034,-0.4112191592866555,-0.3543154227508275,-0.189878928530523,-0.3391441469996528,-0.4483230743286716,-0.41755719972104866,-0.26475080137231793,,-0.20658153335415969,,,-0.418349446102328,-0.1780029733647942,-0.2846674697662716,-0.35027193604965695,-0.19725822445322921,-0.20130568358180762,,-0.367933062098942,-0.22517138387448038,-0.14894577621718647,-0.10331204756728334,-0.24610951778693027,,-0.2077504265702775,-0.284113128038856,,-0.4240731683568603,-0.40502287582006613,-0.45613389992825676,-0.19901691961968881,-0.19878007615032686,-0.17072906976075874,-0.20637462358633266,-0.17860390838473367,-0.4535207717012564,,-0.20877419641768943,-0.20309370607746885,-0.25949562449958147,-0.21641180593655845,-0.1884422576987199,-0.4521069589253991,-0.19688989419088104,-0.29066147934304376,-0.2093481217956772,,-0.2176036179587696,,-0.4811881201837346,,-0.31621930719828484,-0.21746567912866602,-0.6234043304304422,-0.1746619556840377,,-0.13717105382217604,-0.19476135768738514,-0.47752450205872554,,-0.17528487056917252,-0.1683175843208551,-0.2139450919494845,-0.32298083128957367,-0.5466018824203389,-0.20527131241899912,-0.2199642114482949,-0.20437018723431113,-0.4564177897755764,,-0.1880414201109713,,-0.22778171355282184,-0.3479468360552486,,-0.06930395016553687,-0.07511205444069902,-0.2084322151054673,-0.26162266167516174,-0.2481304071513453,-0.20834015972536127,-0.4326815468840441,-0.3275340631325312,,-0.22514939978567025,-0.3385390105311867,-0.22006875743526505,,-0.11240511131924807,-0.24256322848324596,,-0.03418644633606827,-0.2565096664037064,-0.19605407719802911,-0.06439159682448141,,-0.5156655855240201,-0.19388859867417352,-0.4692626459599241,-0.21413562589424776,-0.22973079479421185,-0.21091520481842282,-0.34955524274814637,-0.18367195869665,,-0.2306110891102068,-0.2135227396823083,,,-0.2843840421636512,-0.19051278104673178,-0.27327682655066815,-0.039909655998949516
2020-09-30,0.21537009245057334,0.1415286678403497,0.15384687398928346,0.06066669737308339,0.1616165474742626,0.3512014349588633,0.12406292208228828,,-0.5474660610124321,0.4831560658603411,0.4958738139963145,0.12222731171517912,0.04036014541136562,0.25620827406758434,,-0.3319252844822312,,,,0.2799348890050485,0.13772942682132155,0.18150918761572124,0.12095295888075953,-0.6195528564393985,-0.4208087620951614,-0.46311783879585,0.07594702441472533,0.3015039947894417,0.0879278175755901,-0.31579757972817135,0.13020434890191904,0.3461355132695033,0.3893165253924376,0.12914565292040828,0.17856884988536764,0.25470937056896326,-0.41956389772104136,-0.17728930604683618,-0.20360974020537398,-0.43315180095136224,-0.026632101395319158,-0.6070365215754231,0.37814404901153337,0.0917985370427765,0.17550042921643158,0.263444622729362,,0.14903720256592515,-0.5180558797054959,0.10750657882257635,0.07428804972627107,-0.5461064822448017,-0.46202524860389155,0.25485596264790067,,0.16909624713250013,0.184811660626841,-0.319579176469873,,-0.3832961966206533,0.04033642050997086,-0.5446768604299598,-0.5447069742046478,,0.5963867864994952,-0.3842684009601417,-0.6431438964855896,-0.4279208199095298,-0.21507155785725898,-0.4128298278013485,-0.003953377168852151,-0.6570623187449526,0.2277006427747342,,0.10702026768751499,,,-0.48323949390276294,0.21324621284603884,0.12793050987278007,-0.4816402693534601,0.1821155129959535,0.007446658389939187,,-0.5035638433726178,0.151554901011438,0.23692037447109246,0.21833493810748064,0.2560240884563769,,0.11899797196113826,0.11878416019786339,,0.456606437907598,-0.6607236446296715,-0.9152254128305867,0.12066909944495899,0.24139784651525945,0.16833563845631014,-0.03445947965840031,0.05313661881761521,0.48385377134617436,,0.1561368062017775,0.13049504158924616,-0.4085132866299552,-0.10836756254557843,0.13439474483427666,-0.5865822249197993,0.26510208303456045,-0.2743039709697783,0.10007024473410513,,0.10534958394530185,,0.13541542242045274,,0.21146233640133238,0.17563094978747276,0.3468537396630977,0.18953234318503262,,0.33719857966727773,-0.023933301583075127,-0.38898366029667175,,0.37007819658503205,0.4168364830575585,0.18372314353052907,-0.5354326295320572,0.4765091806215224,0.12003705119721593,0.12092144432244199,0.1309800857635508,0.373429795569209,,0.31351104085290515,,0.10540134960268288,-0.325846124028577,,-0.25229928416931374,0.10168955102424235,0.23663872973746028,0.18053780560218965,0.09273055289741783,-0.0453992524480565,0.29648243363571036,-0.35979605072075727,,-0.04974300928640983,-0.5742885995033224,0.3045279145717344,,0.17533122848291943,0.08088776418756678,,0.06942834538410407,0.13187239805743045,0.2093570676246228,0.1376120810548745,,0.49899461791967714,0.17762814166233545,0.4987610257156749,0.13804820105549556,0.12910400721548554,-0.02804744132128937,-0.33857850890940694,0.16603155305716108,,0.22017314154969245,0.09518122405936601,,,0.10794399160144137,0.14422507679164054,0.06517885360296932,0.17456840102514837
2020-10-31,0.5188770043227207,0.40976504721390017,0.4402581634671794,0.3692470895917104,0.47673534185074773,0.752002935424812,0.43609516769459283,,-0.30499099322014356,0.8689639117466326,0.8402500215104972,0.40545539153867255,0.3390865842584301,0.5585841682148286,,0.005516009101371061,,,,0.5795214511075278,0.4397519934596334,0.49943148436178697,0.43292746163101775,-0.34252397323478484,-0.17603384752503506,-0.24972519893362732,0.35628979147562706,0.6313601549407372,0.3580149629563964,-0.12498416848074537,0.4137861589206647,0.7602635422296008,0.8850293726093886,0.44288622149142715,0.47550645046756357,0.5742087016930986,-0.22136580127380664,0.07396575611356718,0.15331979054053801,-0.18298734337797476,0.28821491734981836,-0.3642656507120266,0.7656585402592234,0.4021032940627707,0.4586402965311033,0.5802728130953129,,0.44006462797479934,-0.22588502467562935,0.389887415416095,0.3704411336658456,-0.30514507376709443,-0.23854626931665485,0.5815939446600209,,0.45702868016745213,0.49296607612330595,-0.01074463648871636,,-0.138448482854084,0.3501484498567073,-0.2924391460033301,-0.32976360383843356,,1.0690103562789128,-0.057156396275566394,-0.4107797760923615,-0.08970104999462322,0.037730930371304774,-0.1756129788786094,0.26688391404628525,-0.41416975737034045,0.5566601228579536,,0.39058761304381345,,,-0.2510576917894286,0.49674241166435257,0.439264681666695,-0.2373835529841329,0.4739641854790751,0.31239612567034225,,-0.265688420738679,0.43472194212759446,0.5132270252486422,0.5336436983128278,0.5351050123502933,,0.38826100093177657,0.4189261716395156,,0.7904841857847672,-0.422586572265061,-0.7164860841958538,0.3922642832902001,0.5600769440855045,0.4251849986162952,0.2560477120879572,0.36570234296577236,0.9258140162875551,,0.4517928114066922,0.40548201454187965,-0.28524178633118946,0.20263901239734272,0.4151550698992777,-0.32891289306687904,0.5603948171715919,-0.04119338944802983,0.3501182827424503,,0.36939928813015077,,0.5223814623942167,,0.5325714601593267,0.46611396179225423,0.7638416369816923,0.4628057921594099,,0.6570816306354985,0.27771640146737286,-0.010021637835133027,,0.7044857513736885,0.7628792216730601,0.47575672636412775,-0.3350919650063024,0.8986402560380672,0.3943131059414258,0.4004872596903853,0.39972107028320697,0.7595238366183245,,0.6351641484488958,,0.38465555636745835,-0.08879954301977348,,-0.12421110925508534,0.4008774414613732,0.5498993521952071,0.5485060360247764,0.3824607426199609,0.25346943153406165,0.6617122597384624,-0.05257604887178175,,0.2430538042740142,-0.37000053022609086,0.6325928988288985,,0.5030075180283876,0.36171979683089983,,0.35741686720938903,0.4227353062319838,0.4915130663545792,0.4198368446296069,,0.9310054116050274,0.4750154988306831,0.9128679022306446,0.41381505480813396,0.42014626359193596,0.2718315359502381,-0.10582931281072387,0.45413770019499766,,0.5106779973145101,0.3650534878764806,,,0.4044496862219294,0.4128445889070247,0.3544915196813087,0.5158038852807262
2020-11-30,0.06832617213368816,0.002015694021097637,0.050080333939928286,0.03486638538708277,0.09370190807731854,0.0012521246750267718,0.07364987331131201,,-0.31316899192092473,0.13440139425172318,0.2041412573129887,0.032684713676219716,0.03754082235632978,0.11567419864215496,,-0.1461446786764949,,,,0.06771976944493519,0.024844058846132725,0.06182633101957485,-0.013747259170911245,-0.30392615907086556,-0.2670043224298961,-0.24347863934382186,-0.036552087680223076,0.09219989364627781,0.011472398922649578,-0.22553699128456103,0.022515378392221275,0.1601455215971893,0.11911886950935043,-0.01209087611711128,0.03722919931483819,0.03775586993450611,-0.28215246795228327,-0.10094469917484793,-0.10355656028334863,-0.22249621948753773,-0.010836343889358864,-0.4116702049433476,0.008699006962394134,-0.020048258730414357,0.06456522997470313,0.0876028560171959,,0.02481620913254565,-0.3626435079090594,0.021190391299933064,-0.021554105810065276,-0.3017353965472645,-0.26090968021855887,0.11007653283692222,,0.04468019050198345,0.053296762642963465,-0.13243982914096908,,-0.16649805097017986,0.028339389860761913,-0.26519676390886654,-0.22972251752239267,,0.15536113733779747,-0.14911228104851124,-0.34707552121928414,-0.1931467067943444,-0.06638290227835308,-0.2681658736033194,-0.1257443486202909,-0.35355303963476303,0.052441903219388845,,0.02581160372025373,,,-0.2908333199264626,0.06935733911041908,-0.002040241205536616,-0.256734637337091,0.058688718435398836,0.005402418454909812,,-0.2771955505119778,0.025729553288649135,0.07881489945056266,0.12590649544593865,0.0492192232518911,,0.022412880433520747,-0.00763709746236591,,0.0330047419671452,-0.3266642908516278,-0.5221967592040936,0.02914972861043693,0.09240631606796659,0.051653673939393296,-0.01368062649694918,0.03871874859810367,0.07656622045217701,,0.04571376066398004,0.032809860459517844,-0.26628867479217005,-0.02620547278980134,0.04144270521291695,-0.33948475726055444,0.08071309761824869,-0.16294443113018103,0.005697082215822915,,0.009429105620141529,,-0.04473953090032826,,0.00794896442467513,0.04324552756451371,-0.09102415265494097,0.06337297516839242,,0.15554317397104853,0.0020466327931097294,-0.19020817927471867,,0.15148979453351089,0.17292127804328072,0.04156968624549094,-0.29047200349356783,0.01815741381435592,0.028068476086532457,0.02203215086931172,0.029199491561822347,0.029781257600596932,,0.11644993758614147,,0.010984618628089528,-0.20730132736575058,,-0.07340974984391033,0.09035232553791547,0.07642450414813298,0.07348426686317416,-0.0010404149906253915,-0.013483388627990015,-0.0003394918058612551,-0.17707258236699908,,-0.026461638754761874,-0.2981469160294851,0.10127271384331854,,0.11597824849925048,-0.00026187327578888384,,0.10314927696107629,0.0060448361780987185,0.059946085127737934,0.1130601737642215,,0.047361756174325885,0.05568279725555511,0.0721007498572776,0.02688200618454211,0.02057858700571031,-0.010265044266117043,-0.21313024351984042,0.0584231651191738,,0.044771620525860534,0.012967834586146849,,,-0.012415938915454863,0.04035711328996589,-0.021970629358539648,0.15850029146978853
2020-12-31,-0.08795828607310237,-0.1592938131774819,-0.12207763735876835,-0.06874001474339048,-0.023778898646666286,0.031070879326277993,-0.07011245010893112,,-0.27996302251706423,0.0890895846489256,0.07200994906078036,-0.1322128905757451,-0.0866668845570026,-0.050957522432015706,,-0.14061402543855242,,,,-0.07511882998024075,-0.09479922932499817,-0.05373082742782324,-0.10205783692872081,-0.31898071935319977,-0.30070098015878133,-0.3086379114619961,-0.14354648769568887,-0.021593642697117565,-0.16541578367528179,-0.42384350685625116,-0.13499596589617935,0.12048600218076103,0.24653688252939324,-0.09149453967510612,-0.083917170376213,-0.0798942850673289,-0.33604062226309833,-0.24214609696171752,-0.041078969223161,-0.29573589006509365,-0.08516540404514637,-0.426961439707307,-0.007699668200185227,-0.11628807417751118,-0.1151477809077706,-0.04895453648643082,,-0.11179261590744495,-0.290424943320255,-0.13389767719255533,-0.13291053896987626,-0.3479031581266557,-0.3296542247886656,-0.023277762799780864,,-0.11312411858614779,-0.07328872366157563,-0.14696282719618825,,-0.28496863517515714,-0.0968261723445648,-0.29638434916122586,-0.34252151968485256,,0.18195889446123426,-0.19852028499571847,-0.3534927430671607,-0.15057214943006714,-0.23455869227949463,-0.2605416630389341,-0.2725953515467939,-0.2999926116754587,-0.048303477716230975,,-0.13262926618804716,,,-0.3366902799157663,-0.10109219380633709,-0.09189024085151451,-0.3124294302863524,-0.1057796214213244,-0.0847018722163141,,-0.32128570206865587,-0.12774258861503648,-0.09204342273792596,-0.010655384872690781,-0.14077511450371685,,-0.15730177307944287,-0.11914531678628981,,-0.06866912228802369,-0.3771012268376409,-0.3196407785355692,-0.14912641798086673,-0.05796552905474967,-0.16582942782688012,-0.12395273193184737,-0.06639830448561221,0.13567734175121784,,-0.10084353185185466,-0.14554466548668002,-0.44558204532814344,-0.10323611817130102,-0.12046295221864213,-0.3041682531342893,-0.07778219574021512,-0.2929800276841176,-0.19930415575966098,,-0.17053118414394042,,-0.0271050956729412,,-0.06663682771171607,-0.10983634470317788,0.049146690744152455,-0.12746798470032522,,-0.021479663762232832,-0.09818003617618702,-0.09951748265687202,,-0.00012375435515085662,0.03174142577331357,-0.09154469312292762,-0.3632617519059965,0.06092227533859043,-0.14837107633859092,-0.1427712380634268,-0.15912888864086772,-0.005580822870456437,,-0.023679750655383133,,-0.14243385033403763,-0.31267658206008286,,-0.45183956737644093,-0.027024281880927568,-0.05971665425499693,0.018915676237737357,-0.1258291524431923,-0.10923030734985525,-0.03084797196771501,-0.15012433962317082,,-0.12040975983102481,-0.3754360711338081,-0.026332905507291355,,0.007826376309791811,-0.15446110482667685,,-0.056643030404016234,-0.12367930715648266,-0.10981120156907899,-0.070106743559447,,0.09320181689326208,-0.08417799213119699,0.059358072476636006,-0.1452860379608592,-0.11385259057040956,-0.1033493985848073,-0.32336862762709434,-0.10591166054357867,,-0.09333858997902156,-0.16125223120403012,,,-0.1276056837634216,-0.15352344778706734,-0.14246268778326765,0.062265123468144244
2021-01-31,-0.12931493526795879,-0.18611822128691216,-0.1580776628191544,-0.08095655626651847,-0.05246227850018221,0.029154886565515833,-0.10761088347057436,,-0.18342854982474938,0.05692495324679624,0.005559939093226102,-0.1710469857707184,-0.08293102836232108,-0.09885074311824359,,-0.19497801470575696,,,,-0.10601920831262904,-0.12325264757541145,-0.09169374988218955,-0.12815110415429284,-0.31061002870842797,-0.3436227676081396,-0.30128383405583226,-0.16090667360990837,-0.04318977063657933,-0.20374391300473627,-0.4268360324463879,-0.16836258737352014,0.13980033252462926,0.3237322653214397,-0.11584522382073138,-0.12281546253572805,-0.08552384996075398,-0.4364005593464168,-0.2762848719359337,0.06240922668450818,-0.25749759295506675,-0.08048933612983193,-0.49359401850053375,-0.016272284183247072,-0.14098791074293107,-0.15686084821243446,-0.0765522436489862,,-0.14752997540777932,-0.3068139972918354,-0.17672250447515134,-0.1523982127123847,-0.2871618820625861,-0.32356643701201665,-0.07865635893181852,,-0.14583487937712014,-0.1006799467385301,-0.04053013355576852,,-0.32773560803029295,-0.11478100193350414,-0.278223748826586,-0.3448184709514615,,0.18238158301210758,-0.25555917458602756,-0.31086000826482485,-0.21829713045133006,-0.24791299433742206,-0.3324208647202324,-0.22589646967934163,-0.15138672951959564,-0.07428616935378103,,-0.17949529692990943,,,-0.21393839220711405,-0.14741649896064413,-0.1181734759359936,-0.33689175247639364,-0.1503462353255103,-0.09296271441638725,,-0.30945378671727264,-0.17052982681672663,-0.1745382872934327,-0.05859728403719367,-0.18374171530417396,,-0.1961976636015283,-0.14873028133399538,,-0.1121870397162294,-0.32614975590152806,-0.10787658168013053,-0.18480136703003155,-0.11106485218478719,-0.2217128293773883,-0.12770984285099668,-0.08743311188730261,0.11605337974021251,,-0.13151751363881797,-0.1813874783267824,-0.43984928681361374,-0.08932039656063705,-0.14974224394827934,-0.2221377455676082,-0.11556330143871513,-0.31639966995919855,-0.25380299300175646,,-0.20890008581788116,,0.10125003804653283,,-0.08124731671359221,-0.14208311300850343,0.03206065650016824,-0.16447612095864025,,-0.07710653070821351,-0.09960087955704858,0.14509764311169748,,-0.041896819557909255,-0.01845064475144659,-0.12316851945359236,-0.3631235794478788,0.06430455018245516,-0.18241618281331218,-0.1786629723697279,-0.20009850965314416,0.000362166978775311,,-0.05482836544974114,,-0.17104769862407299,-0.32955439444478724,,-0.5548304638564489,-0.06595080248448382,-0.11260335831592527,0.08439621608150862,-0.1474702081354358,-0.10583033556126961,-0.038875661235755546,-0.10393636299448368,,-0.08915721202050349,-0.3362643985079587,-0.0502309315159267,,-0.013131407912097895,-0.1826186152695593,,-0.1282788952576553,-0.1556093990424614,-0.13733726455329442,-0.08320424950754651,,0.09893164119863786,-0.1331215673481078,0.05757645841099998,-0.19097510787582508,-0.14232949822377225,-0.09737910847541054,-0.3353243573861775,-0.1440699512616188,,-0.10130656757786309,-0.19620121087790907,,,-0.1551747669447016,-0.2003179246362085,-0.1658499269316754,0.024678410665411647
2021-02-28,-0.2495221999489288,-0.30116179182769925,-0.27799536236165256,-0.1931398265692271,-0.18639533056983823,-0.06979479638999074,-0.2114748004106979,,-0.1878394227261529,-0.11061401946312646,-0.1753902616775168,-0.26775083816428713,-0.2358533621375058,-0.24471781305009657,,0.014108877244003724,,,,-0.2605661954147758,-0.21984601108521884,-0.19031072382075295,-0.1909122368757149,-0.11444212560607293,-0.12522330081000427,-0.21630624027979475,-0.23936704884508955,-0.2137802261771556,-0.29130913109618906,-0.40810836222595714,-0.2704102612171814,-0.10522360122172564,0.05402569346167118,-0.1818738635534327,-0.21644119426675668,-0.25418851011840893,-0.11687476924457656,-0.24977284986934398,-0.08898081890075414,-0.24010646551438156,-0.17212140928959252,-0.09747485000244502,-0.12982427450654827,-0.19949286457579865,-0.28140197340569295,-0.23574417606386927,,-0.24103950130006865,-0.01737355047816808,-0.25308979014450866,-0.22797854691531558,-0.24427421552201142,-0.22211184245998414,-0.18475322619079446,,-0.2684964719312919,-0.22498718475648527,-0.19937819266164156,,-0.1973687196670171,-0.21159360441909295,-0.1577134711492197,-0.24093405510410626,,-0.029524649449009975,-0.04678383478030538,-0.17650669533250216,0.07691421954546278,-0.2827979456082758,-0.04733824007331008,-0.3851223874475882,-0.21253143594030582,-0.19365139509872153,,-0.250188594605999,,,-0.32579718290758986,-0.270776452145001,-0.18950714287411116,-0.15570777810306421,-0.25877502883792547,-0.18313877192796246,,-0.18816999744179244,-0.25848446195869157,-0.23612537274268827,-0.18782616323622037,-0.319199417856217,,-0.29682753498273884,-0.21895014298436116,,-0.23174841512218938,-0.22559374000669066,-0.13159236224225318,-0.2949267341931135,-0.21716715737076003,-0.33007710051981987,-0.2194389884413641,-0.1800549480531496,0.009612060018952802,,-0.24951855658509495,-0.2937787067716557,-0.423979053889738,-0.17613197209329645,-0.2746958881098463,-0.16430177582986882,-0.2659658091472411,-0.26150292097304007,-0.323785773793228,,-0.3028000700642593,,-0.20762015932948735,,-0.19254146094700486,-0.26386996251792627,0.05524198097473253,-0.3090229479428043,,-0.24150800853331905,-0.19953995610917669,-0.19438020377446558,,-0.22668399944450193,-0.1997463811299637,-0.24120132251436785,-0.22842382048627424,-0.0692873261772504,-0.2934189874562926,-0.2769238076121561,-0.30537139214966175,-0.16034897673939127,,-0.23269586213004212,,-0.2720812652630242,-0.2433193305544304,,-0.5042459955187059,-0.17102902590437488,-0.20793847140420108,-0.19797503956310522,-0.24097280605149557,-0.20247603696621297,-0.14497343052678957,-0.09175869855322895,,-0.2384849322711459,-0.2698913980518995,-0.22628229332367567,,-0.17055976309282944,-0.2721759790721666,,-0.1812066160876266,-0.2408758583322598,-0.2944454017220738,-0.2887697339354215,,-0.055678952873183675,-0.22059610778802427,-0.1192291891586139,-0.278949173347537,-0.24371607490976752,-0.20392071015985988,-0.25664745137351674,-0.26408573101162985,,-0.2809846832808183,-0.29275032931251965,,,-0.22723334924061947,-0.30415280897399555,-0.23669163353682257,-0.11231721643450053
2021-03-31,-0.36557074714480997,-0.3410916825710008,-0.3423196369314397,-0.09171973836142469,-0.12286802496314733,-0.3622992418254754,-0.22805313509658742,,0.4603801237233106,-0.3856241645654016,-0.37273753079745175,-0.3036470580678483,-0.12346505299363247,-0.31685961973629034,,0.271167840098142,,,,-0.37752153168730707,-0.23734746529696268,-0.2301103604831422,-0.23242008683837198,0.29130498781206504,0.26963444854080154,0.3359498438543513,-0.19240477553848528,-0.3507859345439086,-0.3167543094955417,-0.2704746988112511,-0.3157213890678263,-0.3034562224552898,-0.14970979849184307,-0.2076472463898819,-0.22509046545581024,-0.433310951433,0.4021847511205851,-0.07437746484065959,0.24439813086066703,0.12717238138201342,-0.029567527238427784,0.20365232442532386,-0.5130478480565873,-0.24431973749474623,-0.3410584909885182,-0.35500586763422576,,-0.2698398605154675,0.3515189309465597,-0.2666860583335522,-0.236676292370445,0.1803789963594899,0.22628179782601698,-0.28445479634251547,,-0.32186850138377476,-0.27370022923061726,0.1724856031204378,,0.12743913210453733,-0.18122117341846905,0.33919339797642634,0.26265640499898085,,-0.5640264563944627,0.13011012065374286,0.40330305114766285,0.42946890392812065,-0.08063891735554526,0.5033754925543843,-0.544166051121088,0.5152667676646777,-0.3069683016704946,,-0.26940263298127554,,,0.11424892492343942,-0.32859031800556465,-0.21193404387854917,0.25693682267292967,-0.33368173975611654,-0.03791088071396049,,0.26993894480499564,-0.30302364480632615,-0.26394370417047563,-0.16729790134947725,-0.506249392214287,,-0.3316972108868949,-0.25947459496298736,,-0.6430678187932132,0.25130019548620863,1.15059283155535,-0.32219866255673324,-0.3594556818290816,-0.4044989650510282,-0.07053135893149824,-0.08772047904841193,-0.347239682034007,,-0.29012566812089585,-0.3391011022400077,0.10484417490733108,0.021171238724578084,-0.279007792141073,0.3896992397164469,-0.3671078385029685,-0.011079945845811255,-0.36642702044008696,,-0.32984465635926835,,-0.355358612944248,,-0.27145963829111625,-0.3245568475716263,-0.18082837921673545,-0.3711541766618005,,-0.4193506059584276,-0.046856559234456245,0.10993946022229596,,-0.4358385160480357,-0.42925823771307725,-0.2576921419530702,0.32315453919738285,-0.5080937117402873,-0.3299223224052508,-0.3178923352351678,-0.3609826179848202,-0.5411735143594348,,-0.36837543823354674,,-0.28540987572678034,0.012388723551283367,,-0.342425243019533,0.021397238044266766,-0.31098567329620097,-0.25294679127781183,-0.2303735587893688,-0.03693979350271043,-0.4042180221584668,0.34810512765213497,,-0.06061439424311916,0.27143102188546375,-0.38020422157597156,,-0.09967544637486014,-0.29844672994657234,,-0.010101767349132283,-0.27409338741039974,-0.35990431743358814,-0.20065164322789317,,-0.4865093413003521,-0.24771552357529072,-0.5900863178725488,-0.33076312790804097,-0.25549233818063016,-0.04395906223876581,0.004048562262404006,-0.3042844577245085,,-0.3313578832686548,-0.31181321761258546,,,-0.26194633886570623,-0.36402981090033654,-0.23304614321502654,0.028601220658234876
2021-04-30,-0.09672880385437536,-0.08420742796317537,-0.10445367613423545,0.11627416825487205,0.08211036206193284,0.14527164161244577,-0.011019059180175428,,0.598718983114718,0.03552361972190845,-0.06752765489383372,-0.07336159748877424,0.07102828147463211,-0.08368155890060122,,0.4485496542484545,,,,-0.08158906719946706,0.021097144117845412,0.028273556896223833,0.06508924658587156,0.4340492638412098,0.41409991372726507,0.40850305016080846,0.06656080950840886,-0.03428007108718289,-0.09484523658853791,-0.09293144199339923,-0.06945453038416412,0.07194570844658213,0.3671743547333579,0.09062115709321211,0.028772231186162477,-0.08321603796892503,0.4725621049726459,0.08224735875434727,0.5034370372722609,0.2745269219333275,0.18574248903214902,0.4020575590755667,0.003997120174252295,0.046949724868925936,-0.11265757306938602,-0.06614399509018733,,-0.01654808520584818,0.5912250265607356,-0.03961534937708976,0.03248293710447404,0.3392696661781049,0.34238732367504526,-0.025203904641062626,,-0.07326280756580979,-0.00855813434501262,0.36494647582655093,,0.2183848293340494,0.037325925102346016,0.44487161170112155,0.29927588360266016,,0.02042220732599482,0.29655708635534633,0.5153813675533917,0.5835397442070095,0.03742929775225838,0.601707518605668,-0.18139590282935697,0.6501847547781879,0.006058881083236383,,-0.04592549996300767,,,0.30467112743039904,-0.09147615392906791,0.07417330359028565,0.3730336087982862,-0.08898362095588046,0.16337428540450702,,0.39523431021231725,-0.05555953770084427,-0.05257290714409278,0.034108800722707555,-0.21160791111893354,,-0.10565600543263395,0.021011259442962664,,-0.1674555415566682,0.36897083631789235,1.20144101402427,-0.09936725753139823,-0.08770272536596535,-0.19231259400639694,0.11969988081257983,0.11550381112185604,0.188748111212126,,-0.04297561119159255,-0.1091112415865893,0.1492834875496882,0.20691883945769243,-0.05558644748516508,0.5597658750106151,-0.09720966773151492,0.13336189734697648,-0.15441970948825828,,-0.10400401001067638,,0.12035384369089754,,0.06327980445972277,-0.06849186447085355,0.3958786508156076,-0.14172391606204543,,-0.15501390696161274,0.14369299352948472,0.45127210010839647,,-0.13147158892988522,-0.11436924132625093,-0.004640330814074094,0.3928039550192583,0.08363305157132112,-0.10172200476175501,-0.08001562277155004,-0.13290366588154304,-0.038780316286951715,,-0.07800333451794712,,-0.0473275125700185,0.17805272651351425,,-0.36263942140898875,0.16232688141025367,-0.04023729884281584,0.08240717078995552,0.019102095388502178,0.15519341045983212,0.04546771193284868,0.5209139007101354,,0.14487254086158075,0.3540219381590845,-0.06892206647012632,,0.10415977569451716,-0.056558551519151026,,0.08932249392486204,-0.009677637511242744,-0.10813593304250406,-0.045727631179613655,,0.09725015290566305,-0.009485969640554478,-0.03607417018341509,-0.09517051326100695,-0.0068809408699595795,0.15532010330794346,0.16716185449864712,-0.07302262451776166,,-0.05104327719145127,-0.08836012596952567,,,0.014995478816582239,-0.141649369226431,0.023254033521794275,0.18670573459145065
2021-05-31,0.20392124494981304,0.21869256134197096,0.17748119684426736,0.3817913004696093,0.37813375329843385,0.5221020549445152,0.24815460397121522,,0.7535525269314963,0.4458103955149537,0.33672417456032383,0.19992814772575132,0.33062973504781207,0.23362617382189005,,0.538670294939583,,,,0.2658763916377607,0.31215282936869354,0.3242746061024826,0.353907353766283,0.4531012998220201,0.5380959108412875,0.5490743250739794,0.36048699630154873,0.31227476807404436,0.1680537642348963,0.04949487174452684,0.21264350453129854,0.40917035394474627,0.7536092637617439,0.38793530774233104,0.34174776681927627,0.25035644446999816,0.6192785291647003,0.2590018869839821,0.7244023678777445,0.3911434006002343,0.4237798145439925,0.43042496456170576,0.376220700285,0.3187101477014437,0.17787765029141495,0.2607004964801808,,0.2789849582902704,0.6828274433237452,0.23200873991820561,0.30458420170350337,0.4316571688440151,0.46612203469629926,0.2816089507862517,,0.22405905214300692,0.2956281762486511,0.535885298346302,,0.31362701743063515,0.274537973707028,0.5251706898176793,0.36650949561268603,,0.43945708691000107,0.33630095821373834,0.5897749224565698,0.6442079606533414,0.18759018968407876,0.7574020276889883,0.06997525656461138,0.7804858000365539,0.32263158402645076,,0.22098232042544627,,,0.45822793121200833,0.22131438614785787,0.3672931211684641,0.4620717437031198,0.2028018159463629,0.4159455329711616,,0.49931825722692896,0.23689048874686439,0.26886358253446957,0.34036911533351333,0.11119049704290665,,0.17165211137078967,0.3068913952873892,,0.23875008711522344,0.4032704997968703,1.3698791571370035,0.17874730981599907,0.2095992609284484,0.09470889322520139,0.35593421653400364,0.36929918927354494,0.5997850065772563,,0.24757311952730568,0.16970513585915217,0.342478679981651,0.41158517835108865,0.23252811369504037,0.6716994996872163,0.23731250841463178,0.2913953896365768,0.11305137811864227,,0.1718056987167484,,0.44397415993034467,,0.39816938550895603,0.23193034009053018,0.8105419273315161,0.16094365924501616,,0.17322580639549337,0.38081012123394903,0.6155258879724211,,0.21559806726338937,0.2469797976954739,0.31132930851355595,0.5028004838459026,0.5044117999779645,0.17450280490154227,0.19683071165612412,0.14474438660866398,0.32733242922660877,,0.2657881617394564,,0.2316541039769964,0.32136355877668465,,-0.2525729571000107,0.44671785123593366,0.2693620195945019,0.3942586106359445,0.30004201619785675,0.38862303681722643,0.3969005957041596,0.678801038046351,,0.39241731569924193,0.4501709174790491,0.2720628539936984,,0.4028809489820361,0.20752860893977185,,0.3343471641218796,0.28186570523950855,0.20994714930409086,0.24165410513210273,,0.5227902492559022,0.28865281131139475,0.37144849447046463,0.18644883613174842,0.28288167092528727,0.39850847662854333,0.3074251388247552,0.21813157708849862,,0.28809075254213845,0.18123539157095178,,,0.2978830381098169,0.1378571178009964,0.2919108575964773,0.4766653930094781
2021-06-30,0.3985837348398602,0.4312619881452468,0.39710760379572635,0.5427110711184538,0.5274648545400346,0.5257071263766495,0.4458288085067668,,0.9022327275430214,0.4729225058341749,0.43602338011025343,0.4237465496455181,0.5036035133052283,0.41857271565015347,,0.7547815656286533,,,,0.42480332276325566,0.48694355525290955,0.48612187634811604,0.5134459260103341,0.7375472776056536,0.8077762466322734,0.8086639462852395,0.537573640674796,0.4341069460569936,0.41312218756832514,0.42208634754158064,0.42703728659765705,0.4293898844360398,0.5940191157290823,0.5349214619547735,0.509796601638928,0.39057518574119265,0.9292948421310546,0.5429086216518939,0.7495530661800308,0.6459373313197073,0.5772780839444883,0.7803721339709135,0.4224252725849063,0.4935230413917307,0.39862201886735116,0.41479915024410696,,0.4700823005876218,0.8915869484132865,0.45357193837147475,0.49054314705252067,0.6876732697827027,0.7416057267810972,0.4471507869251635,,0.42505263524354137,0.4614104760779435,0.6565682132376149,,0.6367116089387954,0.4704521227212634,0.7817432613212159,0.6978238503051142,,0.3776842408011168,0.6229555857621499,0.841999023160942,0.8617339445109009,0.485275604299683,0.9924801126616289,0.29694350682140735,0.910194504736086,0.46024499253963047,,0.44782147746340956,,,0.6561948443538674,0.425464880481864,0.5228218458299099,0.7534358647066756,0.4129310061676267,0.578092993418459,,0.7639691564410946,0.44690351810671947,0.483869918170687,0.5007610178624136,0.3326546866572197,,0.4099966301875136,0.48752334863411556,,0.353717560941036,0.6996405070706447,1.3797808452918825,0.41187741542326556,0.3982875426109796,0.36047154664307324,0.5463253337198161,0.5392605949606135,0.547994361107974,,0.4403306996397849,0.4014769944479277,0.6875756137324122,0.5819087929019495,0.44044996808587605,0.8511411465962542,0.4143501239669445,0.588196639310743,0.3900659522608143,,0.4148822768023409,,0.43399970945219674,,0.514362839574595,0.4277529163799308,0.7391421382005285,0.38452377431043466,,0.3533566593349554,0.5560164200159746,0.6007096809911376,,0.360545544987591,0.37404391490415834,0.48373580193356547,0.7999597146897715,0.47033197179881886,0.40636619479222164,0.42108695898436443,0.38919870686617114,0.37904868016632,,0.40845630108616265,,0.4452985498181897,0.6138229330486049,,0.28876151205781925,0.6070104748647193,0.44568856676422514,0.4441896478802825,0.48858941240731624,0.5641615287876857,0.46693772657086985,0.81146117686506,,0.5516464775056061,0.7410376841471356,0.40635775025699983,,0.5323009262686167,0.4313191076473079,,0.5590136818876484,0.47278288103134974,0.4054516046754449,0.4382952947826465,,0.47371418864223114,0.47790449239039134,0.37631940083523174,0.41816997092193925,0.4724527485766514,0.5654580601092414,0.6049275861864291,0.42558209273954484,,0.44305940278622263,0.41917632695540513,,,0.48354100608517403,0.3855525638067808,0.48923786495853666,0.5938404607370574
2021-07-31,0.24434473452395428,0.2636393860296217,0.24856112428509738,0.4013644821492828,0.3994197429733949,0.2815761184002382,0.3112865391929712,,0.7036532534452978,0.2844733292586339,0.29825989313830803,0.2735864078949106,0.36746483366174604,0.2854907907073626,,0.5886264450558015,,,,0.2595007732975603,0.32592418684355545,0.33407965846495846,0.33160475035545944,0.5473185086948941,0.6177523242465891,0.645345943976904,0.3608264224202309,0.26959801436718733,0.2606135702703465,0.23095994520651505,0.2691526038463636,0.2673061342265435,0.37934366530325614,0.3528024658439879,0.35149439469047195,0.20350427863297632,0.754039460455406,0.3872780217223177,0.5650613023637553,0.4683750840505155,0.42467882978654625,0.5439322323388383,0.1771624992872547,0.31306129425263923,0.25575236284066116,0.2582620233021048,,0.30992498704592714,0.6530525644306149,0.30153482635470047,0.3161159658391413,0.4888966610000975,0.5621949502102463,0.3059012149076579,,0.27109215239387474,0.30474292140520437,0.487055440106466,,0.48935195543880283,0.3260197558686308,0.6080020528558611,0.5531020021944285,,0.14754245220993875,0.46223481765409785,0.6465896763348349,0.6925258478051387,0.3518789298304765,0.8131938379430483,0.07095356753387351,0.7053382564031988,0.28872885486765804,,0.2982366860486614,,,0.4479734061757737,0.27967809099676977,0.3469967032403746,0.5770278301226524,0.2637773205529124,0.4322979429154489,,0.5794524201463535,0.2885906828521799,0.34664633000492756,0.38068542183264203,0.16402435104628235,,0.2580171399163888,0.31214422377571566,,0.12282374881163621,0.510427819845203,1.1564385739053238,0.26259129420129523,0.24940733829992504,0.2186203912759674,0.39994218229048845,0.4009260802969485,0.31230655984260297,,0.28769613008246997,0.2509772379054883,0.5217678967647426,0.436578705487957,0.2937277361457555,0.639277217449718,0.26062441705982037,0.4219179936631353,0.23803043339606866,,0.2597497124510327,,0.19390619887314564,,0.3242807618052102,0.27107468300637383,0.44915721120599167,0.24017883928118114,,0.22031754375024387,0.41365567663775865,0.3772656041453896,,0.21394722600338778,0.22875845956269414,0.3266125715755857,0.6273923656465996,0.20299282912616298,0.25541741537585505,0.2657845996419355,0.23820886552585702,0.14404711642586648,,0.2575531526312082,,0.2872210378428236,0.4313861697941392,,0.19294937400703213,0.4974782361693833,0.292275213850628,0.2742910268832753,0.32438133845589123,0.41776691594117094,0.24044720035508033,0.6362908031886285,,0.39763148816513705,0.5644991008708796,0.24591670642606306,,0.41036570213664825,0.2703054764961708,,0.46659983124827054,0.3049886094811326,0.25299761631787554,0.33019282735820604,,0.21593589726983053,0.3295673961624411,0.13414730772650335,0.26415662685420066,0.3131694850230672,0.4171823602215595,0.4220206498175135,0.2804821738694695,,0.27758707885476186,0.2662216661505911,,,0.3081963519228919,0.238779526288099,0.318543307564229,0.4965786442966565
2021-08-31,0.3030562335561789,0.36725313838302115,0.31646945624086986,0.45346428665467736,0.45118757967458173,0.3490951188485095,0.32922684787968054,,0.8114037968641148,0.3706263254681054,0.3707476532711628,0.3223930266143115,0.4667110204524667,0.35196147731599975,,0.2997678902900667,,,,0.37607164802173704,0.3784409681887854,0.36375134817658034,0.36332949194267433,0.3604588436769887,0.43111918837132523,0.6149373083654854,0.4358610905319109,0.3798396823188993,0.312080038782395,0.2813546841757455,0.3331593411279335,0.39243240817454755,0.5454785527605936,0.38945841426133576,0.40254799514886586,0.3430499365521729,0.4810972607659346,0.34586141701873657,0.7081732479693044,0.48566652122764,0.4673237385570199,0.203932378175082,0.2616398709803148,0.3382655443877808,0.32463421851014096,0.3554755355645984,,0.36443512646888765,0.41208673819032987,0.33280703135463086,0.3666932801176857,0.51691899252305,0.514829174393027,0.3175186258480451,,0.3499704867422274,0.37568530773978165,0.6548996576418827,,0.337485730396689,0.35480404380096475,0.5152067279834197,0.4674760663445322,,0.2490295046151392,0.16282311044963552,0.5893639109795592,0.31915837243069206,0.35167292902102354,0.5611052385934143,0.2835650641933927,0.8930548761524223,0.3522286773171398,,0.31823586285642785,,,0.6737395058338613,0.35190614896791134,0.38331321260309265,0.4156121619294749,0.3149047313776704,0.47221991507994804,,0.5065440303676417,0.33801749148634463,0.34654672540920534,0.4122017401734208,0.2688419775662286,,0.3236842628650235,0.35212302072111595,,0.23107561518774866,0.46615161624612084,1.4203534775851265,0.33473110566531256,0.27148640011000014,0.2844591146734486,0.4522261864261868,0.4226816405058866,0.3427075656965411,,0.35531917667493135,0.3229064980785624,0.6353246878041104,0.4717051068779516,0.37585845451826155,0.6710675297069989,0.36161773915209394,0.38260836079171007,0.2812666530596603,,0.32638210993704453,,0.5172537754162346,,0.41299464708235967,0.35004164311663916,0.4349931372222561,0.34073590909385204,,0.2840954649528025,0.462638500838549,0.7630428764042599,,0.30562113463288093,0.30494525450066073,0.40640751617177,0.5606223707167427,0.31056637019467986,0.3277389757485335,0.3252109788533318,0.3058958403053247,0.2694683552823499,,0.3640170634044969,,0.3568037868289613,0.37497754548424356,,0.12799173625251536,0.5174807824491613,0.3167764691049651,0.4991080432024315,0.3888868145799073,0.4715244677057595,0.32054265352452743,0.6262717684545424,,0.5271373709779119,0.5757283564291947,0.35615315389417906,,0.47287945665344955,0.3275833538391646,,0.40907775047841943,0.3596116226790916,0.372409952033155,0.4623144451252737,,0.3289707338168681,0.35765494858476743,0.25919906005772053,0.31190327775290305,0.3771022124486069,0.4836625752126944,0.37821188694638536,0.3458873401584464,,0.43625220544141197,0.3295709389067495,,,0.3532784918497162,0.2990146031711669,0.3649033409993722,0.5017277603346911
2021-09-30,0.45749883192017154,0.472914445718486,0.44505788078326364,0.4396961847225854,0.4538257680183603,0.5686058216912635,0.41301645483692473,,0.40866817748807094,0.576566824597478,0.5322961569721847,0.42738865881150834,0.461828648709032,0.46577803725475947,,0.1557700630519787,,,,0.517720180030178,0.45088793078567163,0.44450243962659547,0.4456567443487161,0.16456157539136035,0.19556557706404548,0.28591787683175784,0.45952700181783485,0.5291723501116422,0.41781405793647725,0.32849867464163074,0.44325867452099166,0.5793127866552646,0.6849291286062346,0.4540861976979478,0.4568366591796316,0.5411993619349158,0.12202240596670712,0.30944218562647907,0.5179544132476813,0.32707289747559587,0.42707108095641777,0.05734326309595989,0.5695118739416369,0.4321875575749882,0.44674840216777295,0.5028380155367134,,0.4479566675450909,0.18047224941461476,0.4152399765163296,0.4406124302609591,0.3232357801735524,0.2744754002287564,0.43926402140586407,,0.46158289787683376,0.4711713116023858,0.4822342162803573,,0.19524123232721532,0.41154672166580175,0.23936723426429304,0.21160273169555996,,0.6436243438708243,0.11759854399663407,0.25508137081050875,0.08850063247899463,0.3208363611239095,0.1625341198451885,0.533576808179808,0.4528647642910449,0.48565706659152674,,0.40563839330596035,,,0.4799447185889095,0.4601182631396852,0.44930160740460906,0.19309906456681014,0.4414656492854866,0.42518396733136704,,0.2575272994441811,0.4382769343829,0.4108740645293903,0.4429915876406086,0.48712880999309777,,0.43320604896070086,0.4419396459592489,,0.5683158578173149,0.24554980126471146,0.5081481641061771,0.43865869372376765,0.43846961911356297,0.4283649521346723,0.4181031984823942,0.41558171421044826,0.5796565741924494,,0.4550852965786269,0.4407165909043526,0.356728144637199,0.40369883278720714,0.45465328534321714,0.34839244243566686,0.49679530302959385,0.2955402433897693,0.40323443227933015,,0.4310879449442007,,0.706832617641656,,0.5109891147759104,0.46495469615154483,0.5514394200993126,0.4682481586246161,,0.4772072040366181,0.421586693392904,0.6723282648784806,,0.5148132207974594,0.5169677743474891,0.47422557663606496,0.24253744385796883,0.6301693450585385,0.4396000326347801,0.43510752867347274,0.43393245460629193,0.5908482193144672,,0.5180212311435171,,0.4436086381610036,0.28307551817698706,,0.18283201746908942,0.41644302895415614,0.44430330631207454,0.6119584621920393,0.44849134182773676,0.42255701475722013,0.5424340657940557,0.3596456773822303,,0.47773602647367447,0.290634470013111,0.5245186094050686,,0.46782161779857145,0.42988057890822073,,0.33682258232840306,0.447672282761368,0.4944099353156863,0.4811454673583274,,0.6394312342614852,0.432624043283865,0.625413025419708,0.4270966121267652,0.4515659387884052,0.43638275480040684,0.2878301208380894,0.448172940231871,,0.5376906732925383,0.4288463856007212,,,0.4420191015958473,0.42883355879296803,0.43185790684450825,0.4288001916200993
2021-10-31,0.06517934038630947,0.10014152031473995,0.06138747199543478,0.04557197221589565,0.07252707885716418,0.06414335530730471,0.022590186798844055,,0.02104979337264649,0.11749987759587009,0.14848642230350154,0.055932343515485,0.04852824409208882,0.090917542176459,,-0.16980981566219078,,,,0.12238234934364858,0.06521260677136459,0.05756263723004769,0.051686249013261285,-0.1922194341819951,-0.05281912640640031,0.010649247210123254,0.08970671164834489,0.09898855522034625,0.05391616553208076,-0.01509382860104128,0.06484974822830196,0.026756466783510294,0.026845280575089767,0.062013521954293306,0.09450854191140574,0.08649207714156244,0.014701724762856541,-0.01355841880104744,-0.011178105902435514,-0.059653675913210996,0.013678259445040657,-0.1781083113365866,0.05857047899083532,0.03289578641449712,0.07414932476830227,0.08705560667796194,,0.07648394539107524,-0.12823923328247486,0.05624808496572225,0.04774116243798567,-0.0756669199480472,-0.02769338089662363,0.057515422048734756,,0.0791464119570369,0.07363170361780287,-0.030391519877278707,,-0.08953361976042996,0.0040099282045917665,-0.09223558025831366,-0.07991980644265222,,0.04067100395438716,-0.2288607678815274,-0.07676910862270558,-0.1968095730502507,-0.03927948761232037,0.003011598757227102,0.028103685546763485,0.003989182521607594,0.06599372730640662,,0.04922324930390357,,,0.007965669581016306,0.09935985680048373,0.059513057807482915,-0.08866117706060937,0.06720674977148726,0.03727541174193021,,-0.05969561482736863,0.07641292377344966,0.11495628397401791,0.07911350824226067,0.09984542516706735,,0.0703653816803968,0.05691867115413022,,0.1312687197108906,-0.13633075903827738,0.13754908063395457,0.07092473898257551,0.04748066047761992,0.08591930748872287,0.02908699037852081,0.02770321175845349,0.0679788478045768,,0.06736547046306257,0.06747904530096917,0.13265652243653606,-0.01573422829462161,0.07916750550689279,-0.05124647554933175,0.11224469541895538,-0.015278991123108668,0.07025765121938889,,0.07282034886526945,,0.03783039182535686,,0.09562175288420029,0.08006130710616115,0.09708674322432914,0.09526921136448263,,0.08036502495314318,0.023208764311353818,-0.08647564827860041,,0.08910927681468724,0.09496066323450358,0.1014227817720521,-0.01731723336963981,0.08457553411027337,0.06593871035367177,0.061973059918724205,0.06900627046014657,0.054846044899820603,,0.10198744657959047,,0.0677821803639072,-0.035501389359632096,,-0.007013422102039309,0.08342837063824994,0.06907849853969149,0.046999612746350915,0.06512801804364249,0.02219761560764776,0.06375677482482137,-0.04364437203112475,,0.04592419279594841,-0.03412402843493393,0.09225098053982445,,0.06877558759202683,0.047838078649353445,,0.04191594917753783,0.0711973097255278,0.106811273051677,0.0910585719687,,0.08499278196319696,0.07506739865265412,0.07334495154200478,0.06839214064677528,0.07212589030870026,0.032383316502776954,-0.035153062298172714,0.0734025412968519,,0.1275612703771698,0.0627552553819197,,,0.056733625362941714,0.07068972308538049,0.04971356095035768,0.0565261815631322
2021-11-30,0.049251495604809147,0.0581707956596949,0.027380627136691676,-0.04342552884069571,-0.006570936459679922,0.1230005812808701,-0.027891836505295645,,-0.24524135819092582,0.16176828285962952,0.15582456967973074,0.011235108260501423,-0.041896763024892356,0.05683131841618881,,-0.316650359558288,,,,0.107524225664372,0.016121163727347922,0.015073009803908313,0.012665597827886692,-0.38145318696822406,-0.25129930612201457,-0.2382448738849128,0.01870571649239354,0.09415565309207752,0.005391114292948561,-0.11513582195892992,0.02452204201666292,0.054681378269477124,0.06995208470049416,0.017417721160369236,0.03947779952668923,0.1003987953691617,-0.24189985942291478,-0.13264467218671472,-0.15982628997773862,-0.23340861175768082,-0.08600950533005663,-0.343090347768816,0.14893298235346797,-0.004293526413587309,0.036930883624292796,0.07457751644685032,,0.029669309192643635,-0.3087961247320773,0.00277966476299385,-0.0023031674959411285,-0.265395578832154,-0.2378238357954987,0.03343897820978876,,0.041511365784587514,0.035838490403287473,-0.19318296730490808,,-0.2627452096580852,-0.05927946492201915,-0.31580494011314175,-0.3112432641472688,,0.18900988424897905,-0.34613104062442124,-0.32610480800590347,-0.37990091896811856,-0.16412606472023114,-0.2587772327781508,0.04561337088677423,-0.2810550315833911,0.052706261313801794,,-0.002818112226487836,,,-0.17794591682256108,0.060118567394519914,0.013229943414734855,-0.2896886761828236,0.03544432935620627,-0.06661688219042197,,-0.2711699969397414,0.03382343309054051,0.057599441597392734,0.011731434400721413,0.10836315517371213,,0.024734041074693684,0.016424946525613573,,0.2224338900400128,-0.3455793964894605,-0.3399817941258611,0.02310193751767095,0.03947530380691542,0.050683248522416895,-0.07537577407988479,-0.05919082827152459,0.1473559244077281,,0.025871987112472856,0.0263221769346523,-0.1124989447718651,-0.13308283271473578,0.02412432956146997,-0.28384691649179045,0.09031702670156298,-0.15959907264814904,0.02424944483219266,,0.024372882593330474,,0.06832183711347521,,0.07154294529755854,0.045241425386665285,0.13332200479620485,0.059161399709676814,,0.08365816556964346,-0.08194272808709008,-0.19590358250317158,,0.10660893373900192,0.11833602758676817,0.050274331079697344,-0.2666594913241846,0.1977287150304443,0.021952997909971454,0.019551873090952947,0.030497895218975102,0.146815895592468,,0.09441409504406578,,0.01661130762279898,-0.17963868775600578,,-0.1374550390365615,-0.04510122138023551,0.04641958429096591,0.030381367254119707,0.006963476403279667,-0.08666161122843692,0.10844186902187022,-0.24158400643286387,,-0.06282131870161634,-0.2721005902791649,0.09315023510366952,,-0.011395461377511386,0.0019899222731011557,,-0.08447292101533213,0.026963064939442442,0.07370558632478197,0.004428306842446824,,0.19564730634902372,0.02512783111108006,0.19670411015524597,0.02786158956415794,0.0205593364242294,-0.07416985715081205,-0.18027435786461296,0.029952837473290684,,0.09251765506395401,0.012336988927765254,,,0.014442489218265199,0.032528447746255455,-0.005757842231397523,-0.05201070362099333
2021-12-31,-0.2395137993631253,-0.2573868547078891,-0.27207002896762167,-0.36217763235115874,-0.32228293275546105,-0.12780470526466806,-0.3202556165358872,,-0.6622062942559063,-0.10282623428190174,-0.1286246096706119,-0.2902501259259184,-0.369115192107095,-0.24339694318059732,,-0.5875605684618282,,,,-0.19659737796159588,-0.28788325284266325,-0.2796401737800071,-0.28232483276548054,-0.6916196170082614,-0.5846095156686001,-0.6265039540677448,-0.304578863570915,-0.19880586552303775,-0.2994198591654847,-0.4458884444747352,-0.27853155434069193,-0.20882866616966583,-0.18776010892524678,-0.2819283761463299,-0.27073865228908084,-0.18885508652208832,-0.6011807832257287,-0.4515055445956158,-0.5113895264506244,-0.5826647333471848,-0.4048784102320379,-0.6271053483514064,-0.09018894944262829,-0.2954305400802406,-0.2655931227975715,-0.21950450790969836,,-0.2758069914758799,-0.6156283185430714,-0.30051276155286627,-0.3058237740871576,-0.624000145776595,-0.6010357810996422,-0.2485385401905208,,-0.26341347863847314,-0.26564799454500115,-0.5564597355707804,,-0.5825935072358,-0.3579209712910987,-0.6684374598272977,-0.6717766525514236,,-0.01443141951653776,-0.5955804368250415,-0.7008783291566965,-0.6526636734370274,-0.4873408508882761,-0.6187786585411302,-0.2527490104384249,-0.7168361187644832,-0.23421444341383604,,-0.3027578970073027,,,-0.5742496160745337,-0.24682569747340752,-0.28644087416974834,-0.6230685669718549,-0.26069957543076494,-0.390270313088637,,-0.6266395449517326,-0.2695498300207255,-0.24932071732869654,-0.2957978695776738,-0.18262238890243776,,-0.2826801370429025,-0.28178295536299763,,-0.03216945230781007,-0.6957419841139881,-0.8976735974633333,-0.2859714330692725,-0.23651927617878427,-0.25420126671809257,-0.4015525124863152,-0.36998642759219713,-0.08450121280507583,,-0.2771047026515133,-0.2789471408237674,-0.5422511881981158,-0.45578846329374983,-0.2897199156056109,-0.6651176219992848,-0.2134610499562555,-0.4927580078577258,-0.2818804634617289,,-0.2854539851592342,,-0.23102315755588687,,-0.22926558987887774,-0.2583928006042268,-0.12113002214005471,-0.250829669809554,,-0.19575709723874254,-0.40602457997849406,-0.5558812582532998,,-0.17057662927204045,-0.1533340392498075,-0.26345655216038133,-0.6484525449162082,-0.03498711308712072,-0.28462268155146525,-0.28372482217270306,-0.27369610712668363,-0.09660845374098642,,-0.19961186924229776,,-0.2931007102599128,-0.5085098678291247,,-0.4670758221028082,-0.3811211727515872,-0.24003021245320655,-0.27560774336389404,-0.30437475811663234,-0.4135594058790213,-0.15312776245099508,-0.5945829842626373,,-0.40434043425858823,-0.6578184178088988,-0.19628554249890673,,-0.3272179637478196,-0.30120124951583405,,-0.4036143830380911,-0.27717399161428874,-0.23854686456407928,-0.3305074196391867,,-0.03760629003766746,-0.2765491421510371,-0.03177641106517599,-0.27383853682474674,-0.2879751531587291,-0.40299241684829745,-0.5119050125081036,-0.27457767564049307,,-0.22865218947416827,-0.2961326414397483,,,-0.2856690822782599,-0.2703799288184901,-0.31186887889962317,-0.36878272565971
2022-01-31,0.24094709596164407,0.23801755771788916,0.23812269215028262,0.20856954068394576,0.21329075915906587,0.26294662055445756,0.21589582209628838,,0.1268319471968527,0.27388645452238664,0.2538437683518555,0.22129573736732946,0.23641954773423365,0.23827474967031836,,0.013940821122817568,,,,0.2594114600335657,0.21730455937397278,0.21371022099513154,0.20636894763101257,0.04264888482768358,0.004186341643537435,0.06469121599739512,0.20595305436586084,0.2695396758152717,0.21902404263807845,0.18356318143200523,0.22797420873594682,0.32146278730467226,0.3436677045103331,0.20429101913643816,0.20740899618907382,0.29017408537314254,-0.09240252155722618,0.1378177604770487,0.2341638978071733,0.14657593053840093,0.20078946635815612,-0.06092772278257228,0.2888587137449158,0.20780018120227658,0.23599947678429065,0.26180956282051576,,0.21633916231219588,-0.015495346727223552,0.2053179726973199,0.21383851169886434,0.13936880088700745,0.07813209912171075,0.21737378377711167,,0.23715674583039079,0.23473335067918286,0.24608894865092065,,0.061999814066123544,0.21591397234647677,0.06308380286382957,0.06727561662479016,,0.3481399815085635,0.03664605021468685,0.05756039945262341,-0.05098610483204624,0.1736199037714737,-0.07715887246188047,0.328998007934337,0.16669917021535596,0.24147019401534642,,0.2018313962886012,,,0.23785143068650286,0.23044796293083336,0.20580948861145518,0.030812753234995473,0.2282929766772052,0.19325037109104953,,0.06871053298358241,0.21529787182292892,0.17643274950522322,0.2087103655702889,0.26587707984753134,,0.22561251456078718,0.2105131212526671,,0.2871606362052314,0.10206753898258955,0.07182354294586829,0.22950410535252358,0.23050043235196865,0.2301013729474668,0.2003637777786109,0.19681819770830214,0.25809257900843674,,0.2322760138468416,0.23351841375828594,0.115948220642914,0.19573069223093936,0.23194114890665948,0.11107064402706512,0.25235287226078107,0.12040556535998326,0.20977652443060932,,0.22245542617505346,,0.40800706878427856,,0.23689051298954575,0.23775388647784346,0.17968721342938523,0.24943218909494602,,0.26032851497764775,0.20201381143422842,0.40517211340585046,,0.2792224764430923,0.27344798430540695,0.22513147717967155,0.04376952725776383,0.30465365530038657,0.2323747737977012,0.22526003310226445,0.23113421795652506,0.3188008043520591,,0.26930082809523326,,0.22451007816088603,0.10906586357150978,,0.12474354810962773,0.17116140338514374,0.21737648417669797,0.34597390453263893,0.21729112860977312,0.20138605074150645,0.2658117000210903,0.12127848105683284,,0.23843876949515197,0.09929232704230356,0.27528297225590087,,0.223669015089026,0.22328863971645566,,0.13966766286990437,0.21606006562573937,0.2578347565502705,0.2574751555561273,,0.3111783019687901,0.20417195202851773,0.3313289879732861,0.21786587619944062,0.22081759717821278,0.20745350472340213,0.11541999185975163,0.23055569733044098,,0.27208626751612064,0.22308962785659794,,,0.2123035559033188,0.22800227965677838,0.20866832380638012,0.18763818577110514
2022-02-28,0.02393076139820604,0.02558324782640335,0.03195145401221051,0.06655270903335463,0.028002602232959552,0.057718781433042377,0.0588160005076736,,0.24246766342154738,-0.028108487577982764,-0.07151351310623168,0.04713720596537848,0.05344751944819683,-0.005996031180364078,,0.3269201583057786,,,,-0.014176579521161534,0.05097107123389193,0.045034771857819685,0.07773545270511709,0.38211068036334195,0.29559707849920963,0.23154031122985066,0.06173872822510277,-0.0077564380480454834,0.054481697515152167,0.18184409776528987,0.043681821238141384,0.006511924763689403,0.0325804594382891,0.07299954313429124,0.032385850435015934,0.009458307415961459,0.28849748681329923,0.16284923575517757,0.16116777164095386,0.23822995333478347,0.10674915537659073,0.4360630431824264,0.043694619509420815,0.08958450980931128,0.019541462838940645,0.0008080827209246842,,0.042234545893640216,0.3889802848617829,0.05692210433702814,0.0782732359212396,0.2793238557228742,0.2535637243528341,0.025455914284708718,,0.02518748340355036,0.0303262637670441,0.16988797939696904,,0.2573972381962965,0.08741526746993873,0.303658954637485,0.27425914436603355,,-0.007211066686047508,0.34846761453083785,0.3263939310270296,0.3835508254053263,0.1541666011177672,0.2945840721908263,0.08144746091290408,0.2576659778868779,0.03495649443121959,,0.06021322933861463,,,0.19674840185539583,0.005655391491888056,0.06971476033227816,0.30377543548562247,0.02935650900647707,0.0878547640685783,,0.2838657649974899,0.0399689120152312,0.00986895314807853,0.01211651871783766,-0.003760628330232718,,0.03866338762860994,0.06869338974943158,,-0.01791180532200448,0.335268757517209,0.28754603104110427,0.03537991101865595,0.03026684005037813,0.013471360983620388,0.09434839278178853,0.07920706302207516,0.03533336738699658,,0.034995297693801254,0.03473438260602231,0.1360593943211291,0.13156941409985584,0.02824938355408165,0.2972405475707033,-0.011618181772502666,0.19141030092362388,0.045510152554593196,,0.04233762382814581,,0.04652017533923289,,0.03630812463018114,0.025325304488825397,0.10590952130473655,0.001854985692015258,,-0.022119078321672293,0.09372056377297361,0.1858119517384323,,-0.029313507560980053,-0.03703638957228372,0.020022889562843534,0.2684268141340634,0.026311975870204347,0.03789942668994913,0.045588300981366056,0.034260512254183126,0.028216847456226414,,-0.020230440761130366,,0.04771139588650026,0.22393774815766337,,0.12558266033104276,0.037622005247595826,0.028687754847263526,0.015477951068719345,0.05912929138998562,0.1001966413102344,0.051092408767394175,0.23522002157870187,,0.07949167513237375,0.2637506964132592,-0.010250505772958,,0.02143554523922458,0.06325244223681886,,0.06241287397332726,0.05213391450464846,-0.004055738475590593,-0.00965640281256985,,0.015467105781399048,0.03662762724091499,0.0009227248291857352,0.04129430102414177,0.04546809342402687,0.09146250086584574,0.2232011318018158,0.02576501139584873,,-0.011909088312646147,0.04793708068176173,,,0.0694573499186839,0.029917107384170815,0.07791300791770543,0.028949155424624708
2022-03-31,0.04322383081554677,0.06386783799717062,0.08072081451342443,0.1527061334989214,0.08566435413062665,-0.057481131090409206,0.12822547456107744,,0.5141788762020202,-0.14772094016256743,-0.15136918349040504,0.1068062956892166,0.15242420961390277,0.014037656464803672,,0.5436678861884251,,,,-0.029869072320730043,0.09319365018691786,0.07675499751702224,0.10878115220338193,0.693867110164092,0.5316109595241068,0.505169357788096,0.11539548625804541,-0.03345135073122687,0.12665914104303289,0.3846607083043471,0.09373983925283752,-0.04076914948883558,-0.08359919448498632,0.10000438063140298,0.0609263861895883,-0.015051984028751216,0.5380977960343866,0.33512940589642415,0.3055783140658414,0.48880657343285294,0.21657910571987596,0.7099020579363597,-0.07997152922818168,0.1336403253163235,0.06469039697564316,-0.0022287057500201732,,0.08190138440913057,0.6192946306884002,0.12048850177748385,0.13463694380633145,0.5561641359926432,0.5147806742763261,0.0379408176316568,,0.0628575805229267,0.05764327939666218,0.3761878490034573,,0.5161558647865198,0.1807242006377692,0.5991364989518864,0.5973868315428078,,-0.20862553656551172,0.5934605753320786,0.6421798834280305,0.6339793389762157,0.359328701200415,0.5338614362602225,0.1300235042801369,0.5652494640634805,0.03240840088016057,,0.1261436238245286,,,0.4399333991734814,0.0332420821140993,0.10267138881527588,0.5749947705388214,0.0662507165996866,0.19072333916019574,,0.5559192252444024,0.08127758211501658,0.03561528245447521,0.05511222601565597,-0.009287999170129338,,0.09916331027804028,0.10703595528912688,,-0.15539492812664013,0.6651558668936128,0.6723305266082542,0.0970848989770365,0.04327102808186262,0.0649657498797662,0.21446047698756143,0.17094032714946455,-0.12724111802754015,,0.07803083195885925,0.0916406144155153,0.39344457209782185,0.2791167524218294,0.08528900682457337,0.5745443628041472,-0.011517198526100069,0.3929855335046276,0.11544548611391908,,0.10584567100958626,,0.01687481745055725,,0.024194091014734725,0.058046042527121124,-0.04874675128963716,0.040918081247585905,,-0.033227371960312606,0.2120290157291846,0.36830767029610956,,-0.06565020956927185,-0.09127667166279878,0.047969758313809716,0.5642785083858661,-0.1569592634820318,0.09843068066911805,0.101793468011082,0.09136338038553718,-0.08502702923293333,,-0.03845783224288425,,0.1070484330648455,0.43191181096400194,,0.3894832589839671,0.1332980655191125,0.03926629131781088,0.027425742210418148,0.1168581778568451,0.22352271306585214,-0.02518710625750468,0.45218919840189953,,0.1979058111017554,0.5711526185592787,-0.03314242046990488,,0.0775152751920107,0.13007326648129047,,0.18731258393605996,0.09226025551746828,0.019463460655648912,0.07628511200355129,,-0.16969849422377106,0.07451483590354203,-0.16848677416878566,0.09243550152673165,0.09334160518255456,0.20627543409364138,0.4360203471919932,0.07191462102428643,,-0.005017047127258685,0.11665857059145342,,,0.11228514351173119,0.08548589584728093,0.14138362810228725,0.1037442308950715
2022-04-30,0.44861491554136174,0.4771194223782892,0.47837221542890246,0.5388075248794346,0.4908936247069742,0.39050012582477156,0.500849479561893,,0.8320915193851981,0.3345312160732095,0.3221254433666857,0.4891065538253323,0.5582206131451862,0.4345808419390487,,0.6819285013678252,,,,0.4198791073032647,0.48627882182619897,0.46793308253336585,0.4880646605327776,0.826265341043929,0.6992091187774676,0.7524741188601829,0.5087466451315882,0.42183101203811496,0.5014241886807278,0.6715782343861584,0.4855404493110235,0.4436650592887269,0.4495756201697766,0.48523346330175543,0.4614800181531711,0.4416476830564802,0.6594755005781078,0.6155193791037054,0.7132391983645148,0.7616613781791634,0.583870552643951,0.7498940395710764,0.3733426826219176,0.5025980550763771,0.46696100101535415,0.4364799582991436,,0.47541277104861523,0.7462420859510777,0.4918662871677581,0.5132533930363216,0.8141982931085946,0.7478718282576828,0.4317328648431562,,0.4709802705010851,0.46925803331610233,0.7654493397510814,,0.703373093643926,0.5449230325565907,0.7994008585367812,0.7935879678042144,,0.304643013835228,0.7065786666724914,0.8439148560061326,0.7140770420679559,0.6552885253315242,0.6780589278976016,0.5645259006565084,0.9092005131065027,0.4488416622348975,,0.4910758991173287,,,0.8172566893683662,0.4456507055027686,0.4870010208795665,0.7439303997104447,0.4611794517787703,0.5617993654112055,,0.7702347991195483,0.469785220229966,0.41480030221554115,0.4579618993374395,0.41983725455583737,,0.4872459362401834,0.4877999251441009,,0.31415837577032396,0.8631196846620736,1.0368223817567104,0.48992738112004974,0.4352833062251195,0.45777700632901536,0.5807506900299766,0.5391264575188359,0.33179265361471433,,0.47979460822309017,0.4857866867181716,0.7102979268870526,0.6281649699517123,0.4898546303572538,0.839668295678005,0.4266414513551701,0.6565058205537967,0.4831258339424279,,0.49124980896339,,0.5644996005578152,,0.45252746004679373,0.46764904287956194,0.36374555525991226,0.46110649626296557,,0.3984095513657287,0.58109268742722,0.8703949564185557,,0.38890992018453224,0.36557106780562026,0.4634365776227378,0.7744695706209874,0.333013929858269,0.4911187749312175,0.48861151244654294,0.4813482797211806,0.38876157826064567,,0.4153174425492959,,0.49818036132576554,0.6771102892852727,,0.6138807795744008,0.5147784794348429,0.43368669697446577,0.5324179471856783,0.5066892504548594,0.5911852064699618,0.412826798175867,0.7425764783632809,,0.6053441550416777,0.8150830579034208,0.42097741506544234,,0.4942016648159752,0.5088279291706259,,0.5158570630946434,0.48211325464449295,0.4557768417992982,0.5142096445718484,,0.33014931623762356,0.4608328057849581,0.3305929922597315,0.47500301250928656,0.4889453914319537,0.5842948760948224,0.6848351873061075,0.4728533832979638,,0.45794759397965235,0.4998040088459172,,,0.49321747363360235,0.47377177092105466,0.5152646484604516,0.49653255231042565
2022-05-31,0.3785677359244652,0.4799122484552207,0.46444357080646687,0.5808541438296204,0.4704137723705425,0.10247448196313123,0.49904134272024725,,1.3191629508159435,0.0004627862612864047,0.050395110422420626,0.5050411693230056,0.6090844008857496,0.3527048913743224,,1.0187403498611323,,,,0.30214650975175295,0.47440977454051086,0.42111646912593065,0.4736593626831836,1.3640378153203017,1.1704319308605535,1.2602437411201937,0.5534999721951163,0.25883159927336286,0.5496304855792689,1.0324626518058142,0.4898373786945949,0.15142417660631505,0.02617264526155418,0.4658220120608989,0.43688787972983195,0.29465928902131017,1.2303594107515252,0.8796901875569851,0.8403369671315859,1.1667562740274382,0.6713855558639524,1.343411704938659,0.06581108808699665,0.5063351945429065,0.4468874111789135,0.3148735992884308,,0.4674994332738161,1.2211294087819975,0.5250643644406032,0.5401591109236462,1.289816665918149,1.230073067059659,0.3353265800759178,,0.4454612497424625,0.41659899324021604,1.0041128775359511,,1.138411922798762,0.5909037592647913,1.3145861313117055,1.3520617653864917,,-0.23448995190171293,1.0716531564922949,1.4304871365930516,1.1401143116811994,0.9311445226974742,1.2011210273818902,0.5768415459508481,1.4385769311718049,0.3415703342639183,,0.5260893053604567,,,1.2107986760565805,0.4051021559873638,0.4722690474368448,1.2431203016572705,0.4304534008309402,0.6451274886123144,,1.2665040283203297,0.46839983436307686,0.39872736661279534,0.4088524388608057,0.3281765382753559,,0.5148039338327128,0.48583166007315687,,0.015571303276743232,1.4318360859206694,1.8107046056341582,0.5136728415080483,0.34320416754477084,0.46870983582285725,0.6976772668864344,0.5888873961326532,-0.06618099739321312,,0.4581235433847045,0.49778872803076396,1.2403206027043536,0.7733472624944416,0.4976856437948467,1.3360974307864586,0.3299639125700036,0.9998799500413653,0.546919299698129,,0.5319989850924524,,0.34526834980905624,,0.35763256630087764,0.4344719827605786,0.08933852533230992,0.4343382297036325,,0.23987308524258114,0.6826690074083575,0.9816260687821338,,0.18238643815714659,0.1243674821263185,0.43152805771927977,1.342974096774588,-0.08104486746473975,0.5104514735585887,0.5044389973040326,0.4994924245169048,0.07408870589535219,,0.25831941968941907,,0.5232590333403982,1.0463244852061824,,1.0630432713618565,0.575474961475326,0.35515313207319976,0.36593299449742805,0.5314797693870957,0.7067676448482001,0.1950684012252987,1.0691393862457692,,0.7073362773760282,1.3723842335066154,0.2561042771332302,,0.4517034199901665,0.5458264787392025,,0.6276954988712605,0.48131205925699433,0.40189992535485,0.5233852076949473,,-0.10524121337579202,0.4415084725275653,-0.09355598642794477,0.4883560162571717,0.49105617526423245,0.6849279236374928,1.0620176861834512,0.456150143587375,,0.3782009916543771,0.5419093341077558,,,0.5000701638829872,0.4875071896154654,0.5580647097976129,0.4720707055939096
2022-06-30,0.4946158410573768,0.6024661687559141,0.5873261576312199,0.7206067679428403,0.6034709591003047,0.20084940554721378,0.6261537482993595,,1.5157874689203255,0.09904703417879895,0.15069707174883262,0.6275657322520641,0.7582584485160572,0.4716994158087114,,1.1446841117151618,,,,0.4179905176653884,0.5977112139998189,0.5409673139807637,0.5917516106224874,1.5217172730253574,1.3013965214931429,1.4252721324588136,0.6802723795891052,0.3772837259752,0.6730922150816538,1.1752106750021636,0.6121494420982067,0.2840548051401006,0.165458750553522,0.5845853265735953,0.5556489865238817,0.4143597391131992,1.3437213910877146,1.0145512238909558,1.0272190064948294,1.3364595223850377,0.8179707260166461,1.4539541493366228,0.15918671516922656,0.6261736644375734,0.5685266560569738,0.43461851391642925,,0.5876991466984064,1.3504481356093405,0.6460578079032588,0.6654147283204018,1.4672459185082594,1.3879550460125047,0.4476412146569554,,0.5679538935212778,0.539758518433182,1.2014791655747556,,1.2797148280579902,0.7266264725070555,1.4814892711503165,1.5195407352862562,,-0.14307822848762455,1.1983533559831476,1.6061614003420563,1.2632962731785728,1.082851954477232,1.3250225342242377,0.7163558017082048,1.6601518947205018,0.45837231177791576,,0.6459215091356655,,,1.4114083387889642,0.5229385522583075,0.5921584654174228,1.3879285477893744,0.5483868364997301,0.7874720608859676,,1.4262473671257743,0.5859553574239919,0.503324699181192,0.5336770989383856,0.4378490843417839,,0.6372478649667213,0.604657920248576,,0.09684198189447035,1.6116008262242159,2.0710371100406277,0.6383155001116435,0.4541932075427225,0.5851170112251166,0.8433345974382903,0.7256080635981715,0.021395093834580558,,0.5822153051171868,0.6213792939871957,1.4045627887853502,0.929127792636953,0.6256252099174612,1.5216606472206227,0.44690059397646575,1.1404935667029668,0.663418235882264,,0.6543736339833658,,0.5098168085831414,,0.4751938447571199,0.55602953912548,0.16840350016283628,0.5574679629739026,,0.3512925011072216,0.8300006062493982,1.2224951694098216,,0.29419987552513094,0.23105736776482536,0.5536780945418373,1.5043717515695287,0.0068334091377911885,0.6351226399471505,0.6268106989896172,0.6206972694193892,0.17696016663816716,,0.37647356878888477,,0.6488451037049552,1.1864166359885513,,1.1901810211846489,0.713418768535012,0.4658106734511349,0.5241813515204004,0.6587562698163334,0.855862662450215,0.2987601444204527,1.2407422165860051,,0.866843461238879,1.5503856762544768,0.3744322261931346,,0.5893262488098144,0.6711438436318652,,0.757114533140861,0.6013377568995807,0.5260212464067627,0.6708925820940407,,-0.014288053654091996,0.5584911132156655,-0.0015121791294715066,0.6063187976962096,0.6154548532178221,0.8340399902740492,1.2046407020842276,0.5791119680665997,,0.506824585510629,0.6666365345992731,,,0.6202525666079315,0.6069876754864344,0.6833107781099855,0.6103414941500583
2022-07-31,0.19877772498276472,0.363543980701326,0.28933530860154905,0.3265887137962513,0.2205052382227432,-0.11435387969349019,0.2522591009486872,,1.0844666493579032,-0.21978699021983705,-0.13779211110547665,0.3368050449795333,0.3420193405835254,0.16139810018210698,,0.7119012904698285,,,,0.15784814232656225,0.28919850537096775,0.2099066250661139,0.29804215294581216,1.0841573201161656,1.058138946685025,1.1148378214291623,0.4169220780911435,0.052148605175052584,0.4004219810949874,0.96782999067847,0.330463891478887,-0.25034479778121077,-0.4730533467503875,0.29061885983430485,0.2800273737704781,0.11145695747915116,1.254118412357586,0.7196113591681095,0.41783056996260454,0.9291647696304377,0.3900261268392591,1.276121418806764,-0.12451672480683906,0.3206284672720131,0.28016102868269405,0.11468528828315497,,0.30956507677329803,1.0534447840314647,0.36518818278383886,0.3638146980740693,1.0606070794110516,1.081664537490184,0.11845402831153783,,0.2804451508846222,0.22007889833541106,0.6092000871282511,,0.9466016905254879,0.3289534316000208,1.074809733939315,1.1477873248809267,,-0.5749990756677179,0.7480672700512507,1.2253359979438478,0.8383524493615448,0.6985129527175513,1.1395636020366688,0.4260824244810417,1.1409513398433098,0.13615165847453445,,0.3627090813010932,,,0.971196332796323,0.25931801472570526,0.2918926222608143,1.0722219278510075,0.262248231252726,0.3928174316465183,,1.0850661667006447,0.32676296726990006,0.2993131087733674,0.1737258026408348,0.22138950855204861,,0.374315761238256,0.3226369473821272,,-0.050067915892446746,1.1747542817093866,1.5726609556372528,0.3623304809522523,0.14193271619680867,0.35765657052005256,0.4560026967335899,0.3274105374154607,-0.3254207905408633,,0.27285885204915766,0.34281478673027144,1.2754814868246018,0.46042898375539404,0.326106674154941,1.087515806158434,0.17720230296707631,0.864372072860808,0.45052852257695847,,0.40341086698643563,,-0.030328930911455398,,0.1895962944187524,0.27019725523323873,-0.0480482327136763,0.2869057733440115,,0.032172972622056706,0.4147597003114082,0.3858851207557582,,-0.03596468321275137,-0.09805060688571512,0.27399141409051675,1.224373585286921,-0.28495402916686424,0.35403882224187505,0.34807952606022163,0.3605087717779087,-0.14885112635068748,,0.05480427309701332,,0.3648376458377698,0.9126297859696191,,1.0607995454033583,0.3332497147682193,0.176603741878053,-0.01245679192879486,0.35840866015691747,0.44205062731331113,0.0049712751963940675,0.7492884517107453,,0.43933993017361217,1.2003950255713907,0.04570563513494827,,0.16503205737162543,0.3803090597498148,,0.39505365778985835,0.32814867846548706,0.24897537279385926,0.2761750411140849,,-0.33923484865978476,0.27261579511234174,-0.3229048175794077,0.3499471103918277,0.3207491214634271,0.42342244263162304,0.9288424940047352,0.28122894042831736,,0.21962362513541983,0.3935312775808698,,,0.3389820114403078,0.350194886264656,0.3904188336082439,0.14338480266610085
2022-08-31,0.09594444012279318,0.23444043056300373,0.14429739098202937,0.1544662051827763,0.10910445901202628,-0.039805546380265795,0.07876354073058499,,0.621651213773892,-0.07864443194337192,-0.031945628290790846,0.16518893119772754,0.1712955897720707,0.0893123614102621,,0.1535319652459898,,,,0.13590130326834796,0.15374293862131885,0.09392460814787353,0.15338480499562482,0.3784588484724654,0.47839571562927924,0.5832123486589076,0.2599312677498233,0.05561987577857256,0.2009131556394682,0.4861624860908545,0.17506661113070024,-0.17321427646489393,-0.26255285515006876,0.15962761722321897,0.17167184870562316,0.09236243336043949,0.6269972451599435,0.3185323783872372,0.2082280731209831,0.4279367650698313,0.16965440921735378,0.4884957149798526,-0.05150037788422718,0.14838136451589828,0.147247679709301,0.07500663066748729,,0.17357582187419618,0.4279974478394011,0.18035777025197486,0.1876273363466515,0.5032229130663163,0.533041344395332,0.03148812529449286,,0.1592612879002144,0.12165513002647757,0.29670345794742364,,0.3665632704129631,0.11529617407513347,0.46807439787487903,0.5052029579598757,,-0.3283820427195522,0.11589122676300809,0.5856788834772343,0.19366283813914764,0.28261086452150264,0.5613455285736838,0.25154609463280025,0.6598295613700541,0.0718495725089549,,0.169726010066679,,,0.5618140148150804,0.15868620255361077,0.1551539803477675,0.45482513666970426,0.13103479888803563,0.18684364382155952,,0.5073759053487036,0.18036266177356533,0.17868348728326822,0.07883135708121866,0.1483624338058935,,0.20166082743040958,0.16941321271244736,,0.04469743850958705,0.5020042019755084,1.0610479577283274,0.19561459475713894,0.039569450997876204,0.19795096002777643,0.21760047110739908,0.1330237645958977,-0.16739928748324787,,0.14346408478387856,0.18159554659547392,0.7969140943514326,0.18227042783438313,0.18400154864101675,0.5526279846303604,0.130510450840638,0.40703364484451676,0.23952273724775935,,0.22197764704482956,,0.033837801739299386,,0.14150033843429966,0.1553685526079283,0.03690989641335271,0.17435993058220556,,0.002971149239673291,0.18753391141767128,0.18784705923157272,,-0.01749522824356223,-0.0513767826384358,0.1778511410039506,0.619283895862929,-0.10648874755202359,0.1873047108655866,0.18056487151026723,0.19161399260680476,-0.06627208500260734,,0.05199291130009888,,0.19925918319996705,0.42274926227961257,,0.477019015447491,0.17252268011294442,0.0814177134788079,0.003570694995794903,0.19711462601618612,0.20536305529447635,0.02067447027234707,0.33982186083016713,,0.24079527839408607,0.6068045958720262,0.043488933855630574,,0.07441440083856914,0.19009574914990973,,0.14940727601934126,0.18319750504895915,0.17008653285607428,0.1597740362960064,,-0.13971502786438061,0.14153728351493833,-0.14847517096422072,0.18367064463715052,0.17822530626903035,0.20627832568741733,0.43463445912543247,0.1488396978651641,,0.18511403070299406,0.2069739151775218,,,0.1794528421806608,0.18364350597523932,0.20199648859069078,0.033775636059009656
2022-09-30,0.07975916262930069,0.21235795496482837,0.12562470604129156,0.14826532058192937,0.10480621039001443,-0.05775099393205602,0.07428230938676895,,0.6252891627093254,-0.09930840408131456,-0.04294537201262929,0.15504477144942153,0.14620929513015654,0.07517298627319906,,0.25611842726988376,,,,0.10876100615222657,0.14664033340301996,0.09253955702220053,0.15332272139967698,0.4452082639300015,0.5720560455940865,0.6311139946323403,0.2538223506644851,0.025586930121598545,0.189938753910042,0.4744516117427017,0.1608704378524146,-0.22641067774398446,-0.32522464414149704,0.16061396265888303,0.1712042069246513,0.04784040260163611,0.7744216956389036,0.3437765535042236,0.17271471616987688,0.43357158382448585,0.16472611932693249,0.6197374504970183,-0.08291239754175177,0.14680502928534994,0.13029829590552808,0.047767776228905615,,0.166988860613481,0.5337495103337396,0.17898014806297588,0.17979889572537527,0.5069399988941172,0.5761667109772607,0.032863533400467514,,0.14099339552181658,0.10646170733909145,0.24680790054125523,,0.4293597050387596,0.10649010200522441,0.5194120874092316,0.5523929314950563,,-0.37959084958987593,0.20535623986010526,0.6326456249883865,0.33139714598574577,0.28468471776228055,0.7008372919092066,0.17023579205202802,0.6326182567659958,0.056514068845964424,,0.17095008511406226,,,0.5032283055828216,0.14592715298370007,0.15517770717989493,0.5302957185581597,0.11996855137003322,0.18698474365854104,,0.5559203047586672,0.17457519778351407,0.19935297655183898,0.0807149219350056,0.11744270704687415,,0.1875635879793651,0.16611190246291943,,0.013987584218104782,0.524959341646537,1.063427153178401,0.17913733831800574,0.03291236115193065,0.18320508759977547,0.21105606623154663,0.1348301995946429,-0.17341411068336118,,0.1281456022575144,0.1636558195197024,0.8078684721709056,0.17673794855427377,0.16628320944624228,0.5691327099261184,0.10717765248592862,0.4364086321869548,0.23383283439570576,,0.20872617941710983,,-0.08662294568081104,,0.1259083481987931,0.13718962529491818,0.0681671466283056,0.14855811370840774,,-0.018078311442312776,0.18108238848346278,0.040891732407244384,,-0.048182162572025525,-0.07567649256707869,0.1663137124060675,0.6772834826480535,-0.14213916320915057,0.16944869215582073,0.16754299406516093,0.17507593558204293,-0.11633815529767266,,0.022432667193874156,,0.1851861395527039,0.45734716018201804,,0.5032407832417781,0.18850513656552606,0.08087707400608375,-0.07790114057873677,0.18689111405824607,0.19793300971344094,-0.0032694006741555556,0.3648096569383994,,0.20862527956927002,0.6293543732750225,0.010592163815585908,,0.06486199688749887,0.17665519543946231,,0.18531097422749251,0.17614476532267642,0.13980951494805613,0.12477181705160344,,-0.17802920861916688,0.14429615596793077,-0.19857394242415344,0.17588724028415664,0.16778152730193832,0.19560727989732657,0.4644099225658981,0.13465043751756695,,0.14551037614031667,0.19333654429685404,,,0.17429480371199196,0.1697484743782885,0.1964567969247833,0.0466453382932573
2022-10-31,-0.07739665259573332,0.04552960369998782,-0.01259541770682463,-0.009707174605768028,-0.07676143712158279,-0.3508175577746681,-0.04628670925942606,,0.4937920322652003,-0.40987252463740304,-0.31373599558876397,0.02960493932265305,-0.01822333810336594,-0.10185942898779062,,0.3420265756997155,,,,-0.11388482261807678,-0.01566175635485753,-0.07116469657619456,-0.006827951523171541,0.5707949102136805,0.6255075127449485,0.6113645914104986,0.08160375899856392,-0.21207740253133125,0.08028496793762016,0.49835856850718635,0.02083856194388282,-0.5113892485732386,-0.74158187404171,-0.013202046193981213,-0.007949325988737072,-0.18019116403113036,0.8573834710649871,0.33041632477572797,-0.061857623582189485,0.4175579336785453,0.02211599054005689,0.8275508757693127,-0.3543717194781225,0.00703230879031622,-0.01335627574731673,-0.15825120110083912,,0.009698994055388075,0.5973951480413695,0.05850557614040233,0.03550100581090515,0.5015967489516571,0.5844846074868122,-0.12794423607944666,,-0.019854254134612868,-0.0735452587228619,0.08061368956153178,,0.5168846804753146,-0.006283761482805592,0.5584319876373509,0.6330834932466127,,-0.7342233023581817,0.3636265661204856,0.6591144407458734,0.46086745210392394,0.27946044926453645,0.7332398790844986,0.012453946847013434,0.47791687040212016,-0.1399455248612858,,0.059863914079721935,,,0.36565058466528666,-0.02084023977031835,-0.011994013617172092,0.6068319201345242,-0.023134854753748893,0.040244029343567175,,0.5793026014850345,0.030746423355517177,0.055150788679705694,-0.09374776571898,-0.052471006552679514,,0.06127185590417486,0.015281747310373968,,-0.2517834933012088,0.5973718070987891,0.7814269193655666,0.047280400702401595,-0.11225446865057392,0.06551585621384341,0.08424205111666802,-0.001140885451913725,-0.5008375055438044,,-0.029352661155065286,0.03143692580849617,0.7511789643341997,0.06349438710379338,0.011554518631315736,0.5082870929867489,-0.09422351936869562,0.43799359680603867,0.14046902694225438,,0.08520062214548833,,-0.44307734655368464,,-0.10153365994089998,-0.027833164633158654,-0.2592415811073512,-0.011545650678092172,,-0.19963454994157548,0.04704358250290179,-0.2562004495947192,,-0.2665452449936547,-0.30595742423978817,-0.02178124894484521,0.7073969147551197,-0.48848836340984425,0.038453463687006716,0.0369357079255543,0.05163997710702045,-0.39516850173124374,,-0.20239343900832596,,0.043745955099666424,0.4718391580554971,,0.6652347259061154,0.024952923978352155,-0.08010539661723068,-0.3701925705053405,0.03281312033629894,0.0644303902884129,-0.2535275335308748,0.2690880437056212,,0.033070790992451846,0.6396846444843781,-0.21695973794411821,,-0.13221949770216154,0.054086701328358626,,0.10390819448518539,0.021580828829367557,-0.04963112489535761,-0.055978080089181134,,-0.5371170729465807,-0.007203606698725169,-0.5227658504897083,0.050215907387130033,0.009577623864480751,0.047849801101081196,0.4789677349650085,-0.015449225421141768,,-0.09017787424786747,0.07186281117163261,,,0.025918135172940268,0.049253378539662086,0.0607698908243458,-0.13532605723944008
2022-11-30,0.2617040982130348,0.3062440243703041,0.2843398358350396,0.29415346347907256,0.2674055252403251,0.15273918088715094,0.2852976529191429,,0.5122048835888314,0.11681031855378869,0.1653364293299885,0.3139117867637997,0.26306573364906516,0.249592778767508,,0.5978058802667516,,,,0.23114233827241876,0.29782415015759894,0.2811266780264386,0.31455237852748325,0.6455530750240484,0.7083391705778861,0.6283455069072383,0.3411686117784556,0.183835401291876,0.33523641986168284,0.5174318843442165,0.30547771854178124,0.019681119617383152,-0.09223337537857433,0.3124066797433467,0.30989756163944726,0.1820305406695122,0.8801251544347205,0.4883704701783638,0.22209353050420844,0.49262965482108684,0.309126270969926,0.8599346313179731,0.13697835238399864,0.3186956375480383,0.28569465353297435,0.21035044182267154,,0.31045066999450444,0.7178626184057162,0.33816707669872864,0.3205221935128602,0.5267340311273987,0.6160692507748804,0.2614546482358675,,0.2815920063376986,0.2617125990523943,0.26294825732350713,,0.6162676929294524,0.2957796728255774,0.6127861051410394,0.6377811390924398,,-0.05528080943675095,0.5926670594551979,0.6497923091632276,0.6956571221090183,0.4299376203502484,0.8120146735096916,0.21978330576922053,0.4587342618109611,0.23610795972317988,,0.34245198421056783,,,0.3791045841106771,0.28835787339183055,0.31089871484226184,0.6725255402205895,0.29076444100560517,0.32365051099573033,,0.6211863048511188,0.3216484661297989,0.3668443541385355,0.2698112357979,0.2572237938286779,,0.32278610982398714,0.3193938234367173,,0.18436397077101957,0.5930736736458768,0.6108368189757185,0.3125750395260928,0.2600847962037691,0.32489763099033186,0.33399738831053916,0.30930591927452455,0.10431123879278097,,0.28065860722459146,0.3044050840807248,0.6414058718100748,0.32351972029880005,0.2934363199914345,0.5423094140485976,0.2434865363162976,0.5397154625429526,0.3704934974366987,,0.33461539008157654,,-0.03890620284631205,,0.2529786376222321,0.2787240607942723,0.2635948823798581,0.27447792628241374,,0.20120164476685032,0.316851424417097,-0.015668623884809708,,0.16042885268129042,0.15248749533270683,0.28857380631914953,0.6863757884631622,0.07544722598496605,0.307278255612669,0.31391000665238966,0.3159954307030898,0.09166904897154977,,0.18761429052634584,,0.3143942609020632,0.5633058053378585,,0.6358554078801792,0.3334213815128688,0.281540820122545,0.03748921997752297,0.31417406523064545,0.32302248516108123,0.18499149021412645,0.4490004019206043,,0.2745877773202212,0.6074282089200318,0.17812960700522,,0.2342545432728046,0.32078653885156105,,0.3961584011849458,0.31601605273412414,0.2520037441828069,0.23113726077794408,,0.0486498204038039,0.31474313858751035,0.03932469753679603,0.3276053285092771,0.30410769124147624,0.3115097988639393,0.5595987616522682,0.2878226654785711,,0.22120234112999138,0.32748091038889104,,,0.3213050137233572,0.3184480963570829,0.3341434840539543,0.25843946687028113
2022-12-31,0.3177804624701554,0.3659001539895433,0.3310534934886717,0.34446290707059496,0.3300045272990725,0.2679494758432542,0.32227721683426047,,0.5365795464939266,0.24184562796899992,0.2748366912153102,0.35489775704005544,0.3147670122255586,0.3143098197327444,,0.539096932922882,,,,0.3164272293518071,0.35396469310542467,0.3383498963520932,0.3699887193265538,0.5633407752216444,0.6654055811159251,0.612086729854584,0.40108540337409243,0.27419722369211924,0.3693718482469633,0.4889553701629918,0.3528670960402764,0.12522438324570986,0.06595105178183966,0.37364289840865267,0.3747619132106218,0.26787434670507015,0.8292519469262944,0.4765068114992583,0.2922288665755927,0.4729283393261756,0.3503148715827089,0.7515857980042148,0.24462458733366765,0.36477280013925784,0.33536312733879714,0.2869261923379906,,0.36554061670251864,0.6675974306476987,0.37710264700297724,0.3680145428890904,0.5000848327331979,0.5885187423368318,0.3192595462864193,,0.338236013005864,0.3258608531214461,0.3024319569414001,,0.5575047374784691,0.32700050870014075,0.5682931542833535,0.5768034401143591,,0.0878366464994778,0.5024706432177518,0.6087936597158914,0.6173493881135405,0.41128267875688124,0.779656022407613,0.2708290410700049,0.4875851506826944,0.3080812384364488,,0.3774830814704741,,,0.40676269079152216,0.34906153144804686,0.3691767322271633,0.616643529827736,0.34052721306093237,0.3681538616113637,,0.5857171913034177,0.37173660037620393,0.42058216446511626,0.33142890528394475,0.321375015153253,,0.3646847594943706,0.37116079296767746,,0.29476297709539184,0.5312073298246578,0.6864894703647872,0.35643535702408924,0.3115434925370183,0.3652374279640547,0.36944043021928785,0.35038178135954606,0.23609821632821665,,0.3351124795656835,0.3485842815391805,0.6455961673726383,0.3496658068399049,0.3463969918101672,0.53697079719813,0.31943504860212385,0.5199561642924462,0.399737234329499,,0.37537040764221313,,0.09057751240768645,,0.3382604848305736,0.3372974661789656,0.39596865951409704,0.3315711077510668,,0.2694517572757698,0.3548082473337114,0.06930268848224717,,0.2442865285706216,0.24243656370999758,0.35700688623457116,0.6488511115628403,0.21606907789861568,0.35064689467276444,0.35727889653236256,0.35704905886860233,0.200944608220619,,0.27299558204131547,,0.36170640703930684,0.5372438389028403,,0.5539096789600839,0.38732233932758026,0.3400082704485123,0.14173829970149548,0.3660462841783417,0.3602948293418504,0.28166978264804093,0.46186649874778096,,0.3284542426287269,0.5750584740258822,0.26427877407555994,,0.30244713314468347,0.35964290279303246,,0.41614737643321426,0.3697459070594095,0.3214496215525304,0.2920804954732595,,0.19413728232285662,0.3679731672147218,0.170368562337294,0.36994729906753643,0.3586462138357982,0.35509736594592894,0.5331085548922219,0.33971663310687034,,0.30960705536375926,0.3665978365449451,,,0.37180407008126165,0.35869447344168576,0.37809317843673046,0.3194405527273933
2023-01-31,0.5345864922755005,0.5653719558074637,0.5491318519314827,0.5935812299926685,0.572248498874375,0.4795829507560469,0.5704465556811543,,0.8185416227036993,0.4432007344752495,0.47472681823022694,0.5791488927119248,0.5553562882697316,0.5312057480811768,,0.9098783890871699,,,,0.5091463206398392,0.5813355483239978,0.5737650465491203,0.6010568258010712,0.9212031959078839,0.9818084066804,0.9028899914779742,0.6189264223125346,0.4791873492702588,0.591017524102973,0.7184022937775248,0.5709557672628958,0.36055978419956836,0.3101498257840562,0.603810698415622,0.5956503600091569,0.46117612330717417,1.146194786503155,0.7440098032946874,0.5739831742893056,0.7603182381300079,0.6129359189870224,1.1028321638145244,0.4412783917349955,0.6004224272578484,0.5507226175057025,0.4959763836328085,,0.5859618379694403,1.0132533553623193,0.6059063861501942,0.5974120493035447,0.7907958278952346,0.8798709383084982,0.5544496853374954,,0.5516178287848079,0.5473040861286385,0.5779509926057614,,0.874458708267099,0.5811464519144209,0.8948158941135765,0.8936615758280487,,0.2940381681384324,0.8772447398783724,0.9276849885018907,1.017240802324155,0.6844939302101165,1.109628823577554,0.45088471967981497,0.7695916959395038,0.5290560645531791,,0.6095572336483339,,,0.6471835249567086,0.558158703449524,0.6004401447771308,0.9408554809592039,0.5600177572550125,0.6242878112292036,,0.8924632941813156,0.5893065934704091,0.639355577273422,0.5714771965656995,0.507314580275519,,0.5792859780117688,0.5975136196431743,,0.45560365118962315,0.8526100972083821,0.9738619209619835,0.5717312475077797,0.5396647678774883,0.5698100365484541,0.6220327539241983,0.6085141508506515,0.45740159589284946,,0.5564880578759206,0.5634689448894658,0.8601332280306017,0.6259479664923575,0.5636367675287178,0.8387630162030726,0.5187581907227131,0.7896429064532096,0.6116833522054447,,0.5883525013183774,,0.2826663533561902,,0.548204170905226,0.5500117399947203,0.6174037560798322,0.534310275008103,,0.4822040790391543,0.6131218661153003,0.3298933132166821,,0.44971476478892286,0.44989681400015996,0.5699933992029987,0.9467248249784043,0.4039105931173166,0.5665486425393532,0.576412625563036,0.5693489174304638,0.3934407385914263,,0.4774470411001878,,0.5806355855661244,0.8137639993266498,,0.7960199418767456,0.6439915932630239,0.5651980619572644,0.3600283862550514,0.5910527061021899,0.6183076122385206,0.48773201486717005,0.7733430084871483,,0.5685847681287368,0.8645385333995951,0.4689388544230516,,0.5488581032016216,0.5835730282558997,,0.6904996642684686,0.5898982820262774,0.5198041077660642,0.5143826113775242,,0.38575417969857523,0.5959803574480027,0.35547834609386714,0.5873101442194077,0.5806321076592413,0.6083331113614513,0.8070046544110809,0.5589767350391988,,0.4997389882362831,0.5850578789890684,,,0.5971029842833636,0.5717307091582888,0.6076436286241181,0.591529858295973
2023-02-28,0.10610798282320567,0.1069579957286624,0.12888769328812397,0.22437131799204135,0.18350718772392383,0.02289514121771521,0.20054821821911048,,0.5173581998005041,-0.03365081724866961,-0.009058540224299071,0.16478389694575646,0.18741979788381624,0.09900640141430317,,0.7115187829167687,,,,0.03413226178636918,0.16594977541251055,0.16864746389609137,0.185908483983968,0.7399829179579865,0.6780960003907527,0.5867805901536525,0.18241210444783904,0.030406233294747006,0.17419987383632954,0.3369260904799472,0.14610465099688516,-0.008200069961691982,-0.0468928405738947,0.1842468940254903,0.15806668199206078,0.0037785185862108735,0.7933366314633475,0.39898526764528813,0.2960378374971145,0.47881079875278243,0.27270659027651145,0.8498297494787933,-0.03098864992246286,0.19877049159143217,0.12249174020364462,0.05684616951779669,,0.15615335342134404,0.7582285504446141,0.19278413752801735,0.18925094765147385,0.5201391648753884,0.5718509317295902,0.14560715506556837,,0.1185987493770943,0.12545953540592708,0.31095878966639534,,0.6071900456540189,0.22961840210090484,0.6554059018781935,0.6438771225158603,,-0.1502216919487729,0.708546917666018,0.6765176059822228,0.849298010774549,0.37664691309061143,0.7860860458736418,0.012933823339587015,0.4985820073334431,0.10346126895738567,,0.20158901295818635,,,0.32096216584832626,0.10983119467632103,0.18501667922950912,0.6752019125470523,0.13408373516340594,0.2649642353528247,,0.6126092674144675,0.15423202218833296,0.17965701087051433,0.17213507335672884,0.027740428687454157,,0.14897421316090265,0.17715204690378367,,-0.09100877809543394,0.6357563748375084,0.6750099931185318,0.1447410967462301,0.12585442148737,0.12001343010646853,0.26480088435471766,0.2522418738313563,0.0033048230124424305,,0.13752063780524465,0.13685280582313064,0.4197956938778384,0.3189290167282498,0.1394481145538126,0.5726347921756066,0.056310642262844005,0.4476598287187232,0.17113749505481837,,0.1542550572491457,,-0.1142610975688349,,0.09667320910517778,0.11490226337981067,0.12647596334241032,0.08709854068931297,,0.04662666240267025,0.2667894244704668,0.11524937358868813,,0.003985555327508875,3.037182489085986e-05,0.12632983519685315,0.6408731434718067,-0.09219664615099186,0.14221355265508923,0.15373105124179495,0.1368844534830377,-0.06897036938678235,,0.028703790309804533,,0.15764531906092952,0.482103751849575,,0.4190892095030423,0.2680730140314463,0.13757042947647424,-0.01373151576882275,0.1753831427743005,0.27258923525086026,0.03149699298366822,0.5127649158598856,,0.2064708326950197,0.5754169160556648,0.0234679867731684,,0.17236888743415987,0.17239911246177148,,0.340387156553558,0.1602676958421701,0.06448401644225497,0.11667822540540752,,-0.10122787292904002,0.17295392177200172,-0.12895585755424357,0.15602028911613527,0.15816084827734989,0.25426374412715935,0.4749819840765242,0.13541025383298833,,0.03154781132542841,0.16304244009110044,,,0.17686271133462483,0.13837324958174355,0.19866676442126208,0.24777828306268357
2023-03-31,-0.2262335791674257,-0.2286391180257081,-0.2170544651515092,-0.1505630051047784,-0.18299378086463816,-0.2216216268635499,-0.16829825816528093,,0.056876273922015545,-0.28816495759238514,-0.3036667060514487,-0.19295702131029413,-0.1795721313737292,-0.24096255741464445,,0.19753959295118753,,,,-0.2719856194335642,-0.1835077328684475,-0.18186229407311938,-0.1587291432980457,0.21464508331311782,0.16158657748729324,0.08109499805057542,-0.17120286784125494,-0.26731337051197257,-0.1885380358247479,-0.07875304017438205,-0.20227757876460753,-0.27291028573614706,-0.2576172743040979,-0.1595851562358663,-0.19198096387735447,-0.27735970987200925,0.21951424541329287,-0.03918512150921937,-0.07063320191523817,0.02537209374879454,-0.11100435690961626,0.29874642368094795,-0.260086555506193,-0.1505596756146825,-0.22487866415030916,-0.2556613380878006,,-0.19327253851431803,0.2486560763866136,-0.17367777541451118,-0.16297752504676147,0.0606467430694122,0.08118617145851811,-0.2000850963582324,,-0.2217436187034921,-0.2112800927934422,-0.07717829675137305,,0.09710113515475975,-0.14442449183926287,0.14298434363959914,0.11408287234837551,,-0.3266540090302173,0.19249977374420107,0.16172214019504794,0.2917374751846351,-0.0622494515542027,0.225742667399804,-0.26342351194567143,0.04815687074043974,-0.21484353563247602,,-0.16842095899818058,,,-0.07205172011194916,-0.23276747235145392,-0.16222761566914187,0.1549597134337867,-0.21236793368888784,-0.12206494690566337,,0.11475737458408071,-0.1971773758900414,-0.19214527155048367,-0.19434290153097214,-0.27897256794623265,,-0.20626994030963192,-0.17014696759690698,,-0.32067415204974553,0.13482292942144675,0.16132251935545686,-0.20969681715496113,-0.21157129591102075,-0.2333265324545751,-0.1248752936700186,-0.13193058875721483,-0.22942822496493506,,-0.20758085998513662,-0.21361217103175092,-0.05297925495811582,-0.08311479368686238,-0.21242011242327413,0.1046362109933873,-0.262818893191104,-0.00599214306026202,-0.19589709920564044,,-0.2026264231631464,,-0.31588140385420027,,-0.21393765715751553,-0.2225155869162511,-0.13037866434765735,-0.25064439544904943,,-0.2719217217258036,-0.12257311184349459,-0.1664286147428588,,-0.2915315658613406,-0.29239464621988204,-0.21490304445261846,0.11894501877026839,-0.2845127391363072,-0.2099315048076017,-0.19911886896295103,-0.2148815785837102,-0.28987839407635096,,-0.2762390877419652,,-0.19546311359969284,0.025390083490775227,,-0.07956836413588532,-0.1382328478387989,-0.20360297462320406,-0.2835931166656923,-0.1785073103295055,-0.11752119527178763,-0.23134014966380487,0.059479786627638906,,-0.16018146558039167,0.07864576649187098,-0.27392329026106865,,-0.1900321429409008,-0.18345683498196974,,-0.09888526801179261,-0.18713631638819125,-0.26055212544089307,-0.24379369377042182,,-0.2923774613216308,-0.18573875605336299,-0.321307450010879,-0.19927287426084775,-0.19209087261752777,-0.1290009861504988,0.01991580285327577,-0.214120598867045,,-0.2755310472695706,-0.1960576102287473,,,-0.17113759018260366,-0.21581351057650353,-0.15988632275877715,-0.14687440923691022
2023-04-30,-0.6529877810742127,-0.6734241770215723,-0.6712443611928076,-0.5769121290470588,-0.5824811464704176,-0.4633252219272938,-0.6258747513492632,,-0.46390863327786025,-0.5139631971785834,-0.5978361354021252,-0.6687394957884006,-0.5907367448691639,-0.6485788294600131,,-0.5191856235901317,,,,-0.6367626638134256,-0.615524397000458,-0.6027266043290612,-0.5946326461810844,-0.5597609573496659,-0.600485686272622,-0.5960754639831858,-0.6161865609317025,-0.5906854062289251,-0.6889771953567421,-0.7693385113240158,-0.6628623977963315,-0.462763326393171,-0.26434475947160163,-0.5828080152006947,-0.6187486480642985,-0.6097856674008655,-0.6518269469460011,-0.6714698351071434,-0.36890274948650253,-0.5907154048736607,-0.5485219792024496,-0.6439772392493698,-0.5210905137990309,-0.6042509003131645,-0.6774564875685051,-0.6187519356649811,,-0.6393973243619561,-0.5024751114763569,-0.6625020730486124,-0.617666954570801,-0.5745076185673468,-0.6118627463688368,-0.6169201177763444,,-0.6560128925806253,-0.6147582438246005,-0.4604690461629079,,-0.6599889222538509,-0.6084138873939702,-0.5585746110544815,-0.6464844210340813,,-0.4231407422704492,-0.5847048037142216,-0.5451780704870297,-0.49367934376072503,-0.6753794184839828,-0.5615018066813187,-0.6735639886684562,-0.4250147555133675,-0.5894547754168735,,-0.6663979738243243,,,-0.5445548314620916,-0.6689388420503083,-0.5912587504226605,-0.6090120703933694,-0.6646022512749448,-0.5674967133122988,,-0.5850788075408341,-0.6623012978709396,-0.6820502476098318,-0.6042441637465793,-0.7054230290577653,,-0.6899550324287224,-0.6201632464431636,,-0.6302007957347544,-0.5860347124350883,-0.26228730445509657,-0.6838175808410734,-0.6436894208182659,-0.7329146739603345,-0.594239799046712,-0.5808917294037326,-0.4155234754669658,,-0.6405215447107074,-0.6836259069285336,-0.7417845157482014,-0.5473828681860889,-0.6568541458525141,-0.4802539622331671,-0.6509851332220223,-0.6718813406329093,-0.7323876316208736,,-0.6944488540113813,,-0.42056788145889273,,-0.5709305165822152,-0.6516052135497985,-0.3800509813970165,-0.6895318866197965,,-0.6554651923343446,-0.5754248255781214,-0.29980047976790486,,-0.6246505929287098,-0.6107470284303572,-0.6279655198675629,-0.6239298660179299,-0.45114701450223466,-0.6817125508997461,-0.6719192413661089,-0.6993412492477132,-0.5270682022042726,,-0.6156770925139158,,-0.6583535077651793,-0.6562112959388388,,-0.9601590496718067,-0.5804722277898856,-0.6323410903586387,-0.48131116703277493,-0.6257839329651138,-0.5729955998855555,-0.5319081201125233,-0.45420163340953823,,-0.5631574132618811,-0.6128596675939318,-0.6045433768807816,,-0.559336061972275,-0.6628656286722798,,-0.6375562688216312,-0.6368825153603976,-0.663680460646437,-0.6406045119809864,,-0.4351736472692814,-0.6376009632419796,-0.4969007594720779,-0.6841266522958667,-0.6336705222090107,-0.5685916979502957,-0.6611526638350089,-0.659530337991295,,-0.6249360606744562,-0.683935909241085,,,-0.6246922579427083,-0.7045414289596945,-0.6291683745551764,-0.5326164710835969
2023-05-31,-0.9851948998005681,-0.9738758144904959,-0.988796053512513,-0.9262365526790086,-0.937405372342487,-0.8649194074284111,-0.9784850441709264,,-0.7832515974023878,-0.8996827556083632,-0.9627206039269307,-0.9935406533544772,-0.9126016585021468,-0.9817393848790159,,-1.0125456887657698,,,,-0.9534702482515209,-0.9576528516427565,-0.9623651907483199,-0.9519969061912974,-0.9730775246752873,-1.0159763679267784,-0.9396881668301663,-0.9440319506850507,-0.926768810603103,-1.0034362159980281,-1.028761195515656,-0.9834607744475178,-0.8367132887980557,-0.6891545237961495,-0.9425825263408405,-0.9637057041702735,-0.9229595549161551,-1.0903768045750186,-1.0145532116044929,-0.72719421982904,-0.9156635885390031,-0.9051524875177753,-1.1004096988724639,-0.8975727849566597,-0.9590693819565667,-0.9941367354752556,-0.9485249278744168,,-0.9736175842089141,-0.9678773288277797,-0.9963446262804304,-0.9554154991359203,-0.8920551818637813,-0.9576231857296663,-0.9850659755566241,,-0.9750067080327521,-0.9521282560756136,-0.7685529448821764,,-1.0415880549487095,-0.9558884248729548,-0.9359903871706426,-0.9912992430914939,,-0.8393162265702246,-1.056538076607257,-0.9044207053893075,-1.0268966084761695,-0.9952208618624008,-1.020959475931641,-0.9137878770971798,-0.7131049390970756,-0.9416508000622266,,-1.003915158961428,,,-0.7878035009470189,-0.9899459364031401,-0.948198318581492,-1.0053260294131188,-0.9940538102862384,-0.9216997464675745,,-0.9480618189194876,-0.9913717727350765,-1.0333730955760607,-0.9651149453581168,-1.002681827705519,,-1.0000264700232162,-0.9651439909510126,,-0.9659408745244774,-0.9236808437356296,-0.5538783647834652,-0.9930870776901614,-0.9971650537506564,-1.0321861740013654,-0.9308916719033166,-0.9418854701154495,-0.8591310805827822,,-0.9687039510491576,-0.9937039295707665,-0.9770139977100889,-0.9016254962717493,-0.9715998181856832,-0.8250779926842684,-0.9687596688993615,-1.0071717117715184,-1.0372208110980747,,-1.0016973808323604,,-0.7045954410066367,,-0.9172774697995812,-0.9725191314048514,-0.8470676268793453,-0.9890823170024655,,-0.9930655757789415,-0.9204514832853302,-0.5571104884751058,,-0.9623611052769117,-0.9634580182936052,-0.9572343754991691,-0.9694557920174383,-0.8478298345714274,-0.9915011649734338,-0.9908752577668,-1.0061804176626523,-0.8824694227820125,,-0.9459188961055937,,-0.9762276746581958,-1.000757303676789,,-1.2122168743423427,-0.946304534644958,-0.9885023261292143,-0.7925594220949618,-0.9559356289226884,-0.9151840499610199,-0.9009816233915569,-0.8422996956621375,,-0.8742770184587286,-0.9236926690534701,-0.9360985546793616,,-0.917921539232193,-0.9828704332990749,,-1.0166567946274017,-0.9706865684954982,-0.9648778200971893,-0.9380582410295262,,-0.8361735368611505,-0.986298917376051,-0.8715799820066024,-1.005606046012718,-0.9640508124119782,-0.9078317450214752,-0.9974464979689331,-0.9831034456303198,,-0.9223402746493309,-0.9953032381054119,,,-0.9650864270989583,-1.0139481029561124,-0.9643656196144291,-0.9257184053665987
2023-06-30,-1.3571848348305988,-1.330374760396717,-1.3832105532981622,-1.4064621497347758,-1.3863624836900275,-1.1749121502915025,-1.4283837684140444,,-1.4410594331428261,-1.197233203204052,-1.2550121610954332,-1.389171103114836,-1.4210550963536708,-1.3591788954466455,,-1.5794529965869528,,,,-1.285688278515309,-1.3550485897990068,-1.3621501866882528,-1.3342648278412619,-1.6298363299571037,-1.489182070358624,-1.4953404281485774,-1.3261389893517284,-1.2935787454580985,-1.3971933966355663,-1.4839261168510676,-1.3697821305293802,-1.3268658354195442,-1.2147118681505642,-1.3225647400725729,-1.3284806249693968,-1.285299860479257,-1.4578570816074359,-1.485066512237417,-1.4114205126292232,-1.5285332029997332,-1.4264687969952579,-1.552588131097867,-1.1835748214132722,-1.3576349957158536,-1.3782413246883378,-1.3249998908808422,,-1.34926037957296,-1.4779375040251357,-1.386575375589487,-1.3616729594578285,-1.529853977700713,-1.5041585029339557,-1.3651504367953393,,-1.3568713171680709,-1.347217063702737,-1.4860752276486107,,-1.5848287308987687,-1.4423667899773258,-1.566717176679438,-1.613122545709651,,-1.1649577347574185,-1.6538304895398335,-1.5419372805460823,-1.603582447372383,-1.547943996884081,-1.4470567585729022,-1.3396146302002006,-1.4654331295913925,-1.3196610787263299,,-1.3955523330931232,,,-1.4482275502070863,-1.3459234688342356,-1.335104516843815,-1.5516116893783105,-1.3701861166780032,-1.4139866441883315,,-1.5237135976929284,-1.35484248498498,-1.3379923949524162,-1.384137872005889,-1.3136438401520298,,-1.3803789055105526,-1.3444806662040947,,-1.1512794117895015,-1.6092322822810252,-1.3585627014566577,-1.3829524358875018,-1.3699223135515681,-1.3804205519952408,-1.432635010029924,-1.4247520383297936,-1.1490830664333878,,-1.3671503496427744,-1.3821410319828196,-1.4190734173888013,-1.4744608872236682,-1.3738688373031867,-1.4839497271667226,-1.3141233121293443,-1.4891712202534628,-1.389062815318768,,-1.3772189178316854,,-1.2534367970939915,,-1.2713802782617902,-1.350365329821569,-1.0642488811597028,-1.3610822528624986,,-1.3538448029686723,-1.4378204509005839,-1.4570216917494014,,-1.3186373303591297,-1.3038663279485507,-1.327383558353901,-1.5194800323872995,-1.1037542566048877,-1.3843544412764113,-1.3785823803213806,-1.3823797929322257,-1.2061122580829247,,-1.3121714747048259,,-1.3713675367403229,-1.4878477951465305,,-1.6240861562985063,-1.4121917211887676,-1.3453987692845093,-1.340315916402501,-1.3613567694494162,-1.4367581294361758,-1.2224754850548447,-1.4814022768800577,,-1.411875629966645,-1.5384484356308719,-1.306471570537866,,-1.3925998762413812,-1.3873940070883082,,-1.4790711280667963,-1.345331950730873,-1.3339035534712718,-1.4199280847193028,,-1.110748229468885,-1.3597215190492957,-1.153329060430063,-1.3732762494655695,-1.3573988312117058,-1.423023797141142,-1.4909829371336119,-1.3741927123207198,,-1.2934553888828837,-1.3882506606705385,,,-1.3477795988541659,-1.3849120423536736,-1.3686312156815252,-1.4289507097454521
2023-07-31,-1.3538629775555069,-1.3735065207004045,-1.4146801761560452,-1.4249272616063466,-1.373935453308418,-1.0045906618321707,-1.442055945619909,,-1.636736351961629,-1.0187013627597548,-1.1282482282130524,-1.4305716040844398,-1.4571606972633917,-1.3454400857359725,,-1.6752797421861918,,,,-1.2584757104262587,-1.3629460532028328,-1.345005088321569,-1.331978795070752,-1.8576142104523683,-1.6848882308222077,-1.7256091951605916,-1.3625126443797229,-1.2291056835266254,-1.4623161334949009,-1.735505518580362,-1.4057802768076024,-1.1643183191706177,-0.9249241273257135,-1.312953358751074,-1.3276445477415444,-1.244355611727919,-1.6938108133230834,-1.6337133125311254,-1.4140717899838648,-1.7283771601851838,-1.4576286482917025,-1.811793588371105,-1.0310712157252226,-1.3685301188042691,-1.4075223465608577,-1.2891230566441976,,-1.367288905425073,-1.6392799824389077,-1.4302315603373836,-1.3909826903147458,-1.7611773375638244,-1.7316814276212342,-1.3267101548751286,,-1.3771961322717186,-1.3381858870092784,-1.582148949078969,,-1.7956625483568092,-1.4761543161244266,-1.7875754908797898,-1.8863598780530089,,-0.8718745102406742,-1.7936044795886608,-1.7965040761684368,-1.7180382819273892,-1.7129750421674947,-1.6310732365538232,-1.4207798503166515,-1.682805170583463,-1.276150902123455,,-1.4401798072601757,,,-1.6573040060241564,-1.3600838774202557,-1.3307981543727658,-1.7718632370506338,-1.3874718260438788,-1.446752915152276,,-1.7467149246231641,-1.383836170861555,-1.3524064872149288,-1.3619693101814747,-1.3263724653506157,,-1.4369620183520022,-1.3584307438103025,,-1.0402498257625699,-1.8812677227788133,-1.6226755449680172,-1.4363240269708224,-1.3477950822211038,-1.4437001818632456,-1.494784615926826,-1.444675965413817,-0.9013661697687592,,-1.3824083826630673,-1.430524253385036,-1.728899242277184,-1.533453962088825,-1.4099506199434786,-1.6861409500576865,-1.2997503895195042,-1.6756900940699593,-1.4748328123319947,,-1.441720064609057,,-1.1489803686728206,,-1.2285100001234972,-1.365521512580339,-0.8509283878449662,-1.3954442592180927,,-1.3084508635221554,-1.4853412442499947,-1.4829320038917055,,-1.2441169541111665,-1.2041924191360882,-1.3312764836794317,-1.7859620618487717,-0.8772995799829252,-1.4356474520990186,-1.4227750573512365,-1.438829562233785,-1.0601558577733834,,-1.2582966968789195,,-1.4158186905225532,-1.6804941980253987,,-1.962273494469856,-1.4276220282169947,-1.3230475153966768,-1.2595538769851566,-1.3926199929853191,-1.4910531560577287,-1.1126936557714797,-1.5839767089119425,,-1.4678150198151814,-1.8124809697109407,-1.2471802901666542,,-1.3630026208855315,-1.43950771324583,,-1.5300116109659454,-1.3668465250375403,-1.348256916482062,-1.4554613798521296,,-0.8685122374452462,-1.366201267597538,-0.9432829764143061,-1.4180555137820428,-1.3800320169410134,-1.469950475574685,-1.6915961256041816,-1.3975384399281776,,-1.2862879918306909,-1.4497299787063742,,,-1.3685482759894543,-1.4394870168349627,-1.4084805129900773,-1.3861559042333709
2023-08-31,-0.7371168471016115,-0.7492733402225188,-0.800245236697982,-0.891758981153812,-0.8412038045775849,-0.41517788054159976,-0.8629039376390361,,-1.2025415871482048,-0.447273323456998,-0.546345332255738,-0.8130590047902427,-0.9373686230398425,-0.7540000019903769,,-1.0835248914585016,,,,-0.6538677062852317,-0.7718747484803351,-0.7613007465022439,-0.7277321403533031,-1.2722815409405057,-1.0500139353814715,-1.179863710950611,-0.767150458439459,-0.654762243641167,-0.8317490204934916,-1.0436816934141764,-0.7881606541712215,-0.6865247304036985,-0.5426327977301704,-0.7178530793685222,-0.7326454876338325,-0.645275321565043,-1.009299063185457,-1.0086540647147182,-1.0417474905911344,-1.183277409810074,-0.9383687427960307,-1.0613228093258231,-0.40101099214449737,-0.7595795629253933,-0.7930210881391225,-0.702713484031027,,-0.7592448553335931,-1.0137083586764255,-0.8108817002101225,-0.7891581801745969,-1.2192541047088574,-1.1506415044196159,-0.731247073636877,,-0.7699478012627233,-0.7538497476040489,-1.1795657339612817,,-1.1725858999693257,-0.9108079762371499,-1.24514807773979,-1.314462023806808,,-0.3137269378781367,-1.1617753346345387,-1.26146992991076,-1.1233095468792924,-1.1273489090043067,-1.014309042080401,-0.7820020177405177,-1.3076277656251563,-0.6868891038230374,,-0.8170332136728077,,,-1.1858438585547553,-0.7458465030311712,-0.7365593092528393,-1.1604596972072712,-0.7687938550205617,-0.9168787985961019,,-1.1752968995635782,-0.7591659667660611,-0.711833147385145,-0.8097628683039407,-0.6663547320860113,,-0.8078253902938742,-0.7456923427289267,,-0.3464199280550342,-1.3292812320539424,-1.397490861431874,-0.8166569198472138,-0.7290479148056938,-0.7895183655578929,-0.9530420972883862,-0.9026705939371056,-0.330566506406507,,-0.7855521466217049,-0.8085670207046591,-1.1160282515422772,-1.028948167956508,-0.814783957725357,-1.2039163586709485,-0.6940228573009425,-1.0490028753292657,-0.8091101518084556,,-0.8074855846739664,,-0.7019087422756293,,-0.6420781934574071,-0.7578247214888494,-0.2446367834833572,-0.7795388832535759,,-0.7028740562915634,-0.9596818349966051,-1.2166667819363945,,-0.651813985292771,-0.6136478387555013,-0.7398457142499639,-1.204811690374079,-0.27137668764200495,-0.8157802456701414,-0.8008442836560155,-0.8033814791128409,-0.45120968229304886,,-0.6784123361502711,,-0.8056539677937383,-1.0467772225254421,,-1.1928003689951785,-0.9126526219879469,-0.7088456318458076,-0.8093238344388857,-0.7990296263238167,-0.9664261770014977,-0.5025695953471667,-1.1248974504375886,,-0.9673951338701404,-1.2647252674753438,-0.6669305742622149,,-0.8561778539889636,-0.8211635360301425,,-0.9700157301839635,-0.7538861478369439,-0.7464278822620327,-0.931556007228332,,-0.2844719136372986,-0.7610263648286086,-0.33552616383550243,-0.7830386913805657,-0.7822934818950591,-0.9488964120897175,-1.059204772866078,-0.7934671384110406,,-0.7101535414982773,-0.8255540582894656,,,-0.7553278891578652,-0.8011367240513692,-0.8019508419146605,-0.9075286205079239
2023-09-30,-0.44945338426624704,-0.4615767378871496,-0.5091466828800557,-0.6172581895596402,-0.5553460304406599,-0.19077118025719123,-0.5787419882634808,,-0.9864329340234952,-0.183693722606931,-0.2458006075439794,-0.5246048364266412,-0.6581260923694054,-0.45501414899328885,,-0.8635465670579361,,,,-0.36537763097974557,-0.49509131512951066,-0.48293849777906445,-0.464662068217478,-1.06339271305007,-0.8160826127173477,-0.9288935284188902,-0.49548370152213295,-0.37521432520787484,-0.5419700995227603,-0.7731413812585117,-0.5024853370417944,-0.4323475091188685,-0.34007557670180527,-0.4555612543542343,-0.45044542661393844,-0.37360133497729064,-0.7558657556177726,-0.7374596288984625,-0.8292437500686513,-0.9441093583950564,-0.6783779682600248,-0.8576181788922024,-0.16725215820862582,-0.4970135150881674,-0.49686553712362524,-0.41770167459884394,,-0.47684230511641384,-0.8255008337404598,-0.5247822802761715,-0.5206880365577478,-0.9954590317475317,-0.9073680971381741,-0.44463994258157685,,-0.48126235478156676,-0.47319353113964296,-0.9506263803352974,,-0.9139795338256476,-0.6371965293718078,-1.0171630544016692,-1.0593118383130715,,-0.08575418874725176,-0.9360501719253486,-1.0448785976257602,-0.9148954905544274,-0.849484483235387,-0.7778430508366664,-0.5266354973731492,-1.1036813266451002,-0.41600788820470014,,-0.5301556956150817,,,-0.9584127330276455,-0.4488356819975856,-0.4706526060107467,-0.9243184166657542,-0.4779743871997528,-0.6480068370085845,,-0.9428785191557336,-0.4723097128304481,-0.40818255811065546,-0.5153812020154811,-0.3709252869056712,,-0.5151220134081389,-0.47533038615724804,,-0.07991735233357831,-1.1094876177967485,-1.2203120003160841,-0.5236927674477392,-0.4422791917772516,-0.4830332379186943,-0.6817300416280825,-0.6286281431302414,-0.10732369276175727,,-0.5004664063156268,-0.5161964639735691,-0.8273518037557575,-0.7712327312023314,-0.5239154775778136,-0.9993619810146802,-0.4001542194222969,-0.7846121113482643,-0.5103242738017708,,-0.5154122389687318,,-0.4873458989932329,,-0.37887884269166505,-0.47068612749344924,-0.05020577401799212,-0.47920335724476987,,-0.40171210872588886,-0.6901623585506412,-1.0395052997578955,,-0.35902314981129335,-0.3210574675407318,-0.45448833318959325,-0.9580073607866105,-0.052509851557691584,-0.52430935883643,-0.5132377607031001,-0.5085484202405881,-0.21229045035144298,,-0.38882429301670784,,-0.5210703494946614,-0.7948639243577569,,-0.852345414500184,-0.6206747350592471,-0.4237728704882846,-0.5561903009800462,-0.5228437554655245,-0.6994924144235096,-0.2612191894868362,-0.9039848293299044,,-0.7019168664290297,-1.0228213555442764,-0.3840643563373885,,-0.57150695378852,-0.5397082776633646,,-0.6677484930366832,-0.4758811577840977,-0.4516742630318114,-0.626019125902148,,-0.06369933677958699,-0.47396595477914544,-0.09941798278876561,-0.49204288549130853,-0.5012691019152921,-0.6818431081318499,-0.8067934989201824,-0.5014827535174965,,-0.424115753049951,-0.5355849979243655,,,-0.4844394869567938,-0.5033776375318484,-0.5302226159383518,-0.6193377995076519
2023-10-31,-0.21305984081258814,-0.2072962521601578,-0.250530747098073,-0.34869900645027085,-0.3171095917387862,-0.06108500390450776,-0.3060433866139183,,-0.5605785810932958,-0.08864509613565023,-0.11971973541600887,-0.24655706733405117,-0.40153541614654603,-0.2348162680776306,,-0.33790684308217767,,,,-0.1748838501819309,-0.23825868346623297,-0.23632301030931557,-0.199075407532191,-0.475493222927861,-0.26108587311157655,-0.4278184240768311,-0.2217332808384789,-0.20791167260903545,-0.24693770089697537,-0.31779095890265646,-0.23465596765232227,-0.34172871129465426,-0.34309877215615325,-0.19698911894473362,-0.2011773670359867,-0.1995761429108695,-0.1297243962044249,-0.3172279681203214,-0.5821987767917248,-0.4926931970577952,-0.3874847223656702,-0.16620111084977748,-0.03952773988970184,-0.2183574562077669,-0.24254845859930033,-0.22422609516407144,,-0.21576133621084742,-0.2494522683696336,-0.23423235678102275,-0.24184778436279009,-0.5152690214180459,-0.40000277318664507,-0.21188046894516627,,-0.2345907579066722,-0.24163171303125305,-0.650747244645276,,-0.381657712426415,-0.3478949891135757,-0.4857567620134621,-0.5040679871297017,,-0.07997014068632996,-0.3780570832097481,-0.495503421656395,-0.32439840838463263,-0.44135411330329766,-0.1940673466191625,-0.28551249483486313,-0.6931320138531832,-0.20465788634750318,,-0.2340528676816902,,,-0.593312045609327,-0.20744136769359772,-0.20973156492976566,-0.36507750084729085,-0.22199945279820568,-0.3581495207587726,,-0.42155916655472786,-0.20276440099405038,-0.1322633377659575,-0.2801035973211712,-0.1492714064703641,,-0.23509682138356158,-0.20472915202460915,,0.05365639240372786,-0.5598922654702707,-0.7763918203135843,-0.24943541783699022,-0.2033864482059524,-0.20556299150117116,-0.3763596319526707,-0.34443199006853364,-0.02129145160901771,,-0.250439437227121,-0.24607810205033698,-0.35094118324815077,-0.45326009166313586,-0.26637647042041906,-0.5293597184872215,-0.19467411907511342,-0.3297835969931107,-0.1992614638305268,,-0.22890357848223206,,-0.4267649474168019,,-0.17319896732029727,-0.22744883742223668,0.10605609192245247,-0.23815673145835886,,-0.2096219567441307,-0.3939997403320469,-0.8812718789521333,,-0.19990118387878575,-0.17425010508353703,-0.2175565737292413,-0.4087875703928089,0.012833736461397243,-0.251438189145897,-0.23767389049552243,-0.23138832844671559,-0.1030162044336136,,-0.21655632933311333,,-0.24781032018585913,-0.32046912159286123,,-0.3075238666597009,-0.34400089362102626,-0.18333944345262096,-0.4457314888169266,-0.2524425399458333,-0.39865073269099166,-0.0982498639182968,-0.503702656683683,,-0.43573535040963873,-0.5053283500590678,-0.21520354953535534,,-0.3517448120412706,-0.25368554789245784,,-0.33189125024603616,-0.21000286369441987,-0.2325093761164414,-0.3995387990470686,,-0.014548528996447183,-0.21136884151582203,-0.040703871626225296,-0.21193028009554124,-0.24032560016540397,-0.3929922936575947,-0.3325500376369301,-0.24740608456211477,,-0.23570641352315733,-0.24897358658049676,,,-0.21114249544825398,-0.22559070127231717,-0.24226774590509148,-0.38204726357967284
2023-11-30,-0.43203117120983164,-0.42583763505584143,-0.4621105791373809,-0.5355185705003916,-0.5108780387903618,-0.32035580904008015,-0.4996480691516056,,-0.6824990979568681,-0.34830130761395806,-0.36195834580815656,-0.450252724138003,-0.5945569935639363,-0.4500892808903897,,-0.4260453322564304,,,,-0.4105240023993367,-0.4436040018292665,-0.44034101618314114,-0.40501756362603514,-0.5574058827533935,-0.35482630726326014,-0.5306726964925803,-0.4244548447176713,-0.4453707837951207,-0.4486095762963899,-0.48760746762632673,-0.4438628619476579,-0.590223673726448,-0.6111370433475323,-0.4029242699983699,-0.40720403945663114,-0.4476536348440784,-0.192541826837805,-0.46781955284263743,-0.7575929615444457,-0.6262076657229652,-0.565617978016441,-0.23585588954019224,-0.31220122759170216,-0.42150897777720053,-0.45416089752536737,-0.4540762105564427,,-0.4229941430866067,-0.3375292382341917,-0.43190286409009876,-0.44460221786462334,-0.6426254503595608,-0.5119047110847903,-0.4203331416873816,,-0.44898989814407503,-0.45541782962062155,-0.8184363486561727,,-0.48404869620658353,-0.5361806881631399,-0.578923317841376,-0.5932676498039652,,-0.3800532820650521,-0.46785262600515426,-0.5858014220858221,-0.3823123001436098,-0.5919014171609726,-0.25915994750304755,-0.5377285664242282,-0.8181977916086874,-0.42782184595350825,,-0.42963705755521264,,,-0.7627623445715116,-0.4220730335813127,-0.4142150956266981,-0.4565784162307998,-0.43296335964346394,-0.5362583131775931,,-0.5261460170009642,-0.41029160440527696,-0.3298829313866641,-0.4757954987332253,-0.38830191426211974,,-0.4420442449519884,-0.4110024965276779,,-0.22811404468007768,-0.6604188211302434,-0.8530553940786664,-0.45661126896812465,-0.4183004230998847,-0.41730265096385605,-0.5542706707379653,-0.5253003928335914,-0.2854498093463135,,-0.46055521180840414,-0.4556464315061783,-0.4871404134093745,-0.6191465131270701,-0.4737414994730782,-0.6452687850344794,-0.42312884553627017,-0.4700508073638503,-0.4014473193583442,,-0.4350358336156471,,-0.7099030951037973,,-0.4000847641575988,-0.4433487553829414,-0.13906751483260082,-0.45715219260644274,,-0.43876820522711385,-0.570899227474273,-1.102834959977427,,-0.4414341703191399,-0.41707101303831545,-0.4300067510768335,-0.5020409637214365,-0.27858618167833415,-0.45975178771285885,-0.4446453084555016,-0.44116978637480025,-0.3815725666017328,,-0.45162798561323286,,-0.45376529741204863,-0.4566422196187844,,-0.44070918294314626,-0.5132250246528016,-0.3954912451378901,-0.69224903429935,-0.45548361982804175,-0.5747281249650532,-0.3509257808539898,-0.628976185498793,,-0.6263953846090214,-0.6132813843895792,-0.4537588617124215,,-0.5467605998442736,-0.45757109612807845,,-0.48344240025649776,-0.417935147492907,-0.45790660376672404,-0.6020939795190613,,-0.3060512647001839,-0.41301064700896406,-0.3357427572333039,-0.4183573895973671,-0.4465725441826593,-0.5733311611721024,-0.4700747807511925,-0.45637213650727454,,-0.47004656721257926,-0.4528377126928063,,,-0.4172532571000639,-0.43437605875219987,-0.44192576696636005,-0.5554182813616975
2023-12-31,0.04006236441303717,0.05191851381763245,0.012096485155862344,-0.015656479501523525,0.020707188680302465,0.14152933008664675,-0.013311166416611018,,-0.11660443589110774,0.15395202075651207,0.1596127985264152,0.021859553933141932,-0.06752799543693276,0.05042581909405657,,0.0018252703612910382,,,,0.08343848983333678,0.04428814089368037,0.05123492179846083,0.06685462601548472,-0.1404082015867045,0.0857261173548249,-0.01694008641678966,0.06741064928835669,0.05640662883534327,0.015363257840641732,-0.08513727287601734,0.028697182493025008,-0.06450615052826367,-0.04706324715867353,0.07780710122978111,0.09013249889432774,0.02855456550718296,0.25721015400748626,-0.014961910513266998,-0.17827062541108651,-0.148845673844865,-0.050432522194092326,0.09227833289020372,0.12173179551275873,0.041524238692078476,0.025932427334663253,0.039737120445467615,,0.05952837939246702,0.07263648897798759,0.0405621617797232,0.028654340680037225,-0.17269661318910629,-0.03682125496003438,0.06631467710910276,,0.03416374749725094,0.038160055520786065,-0.25956967146156334,,-0.04549196933399353,-0.05038507574295084,-0.10124821477891435,-0.1211878553656864,,0.08408343614593228,-0.08387521623517766,-0.1025134534786525,0.04097209905907934,-0.12380361415267088,0.22203415750873215,-0.11587453007507828,-0.2298281890051482,0.05566064981491641,,0.03917869219496894,,,-0.23656220968252192,0.0665939260576133,0.06751514067686241,-0.014326951892810049,0.04153573011600235,-0.016584598741894135,,-0.05686943649315697,0.06338437083784224,0.1568393779435725,0.049123658765805406,0.0652612051614581,,0.027739348440684177,0.059103258595366484,,0.1985616817775409,-0.210480330649664,-0.1262307328650466,0.018949474496043173,0.04861852106114172,0.045493661940861435,-0.04470335190784302,-0.014706520689641357,0.18980848055607916,,0.025225564930959985,0.016635215469357516,0.025460993109856143,-0.10308269035579941,0.018782317199461978,-0.13316843203667697,0.07029852041957821,-0.018810251814757414,0.04944257434699845,,0.03239500355133476,,-0.18924816051374288,,0.09145654886077523,0.03909966848074505,0.3221805408325577,0.027742581260225486,,0.04723550387762807,-0.05360954974901456,-0.5157531931826721,,0.04963307261382295,0.0775945070527788,0.07021758062923564,-0.017652867533165858,0.17032821054249853,0.013250863921742937,0.025454048066417594,0.024173345832863718,0.06243859741377854,,0.05134182675516939,,0.024515006233475876,-0.018870999587777187,,-0.05032821523678338,0.0414475330632407,0.08183881278194516,-0.14704115354701078,0.030525073130912142,-0.05797139299958029,0.10360015811577576,-0.0949702390866625,,-0.0932650733252256,-0.12231645926514643,0.04271345617084382,,-0.0015763347653661066,0.008688066220070909,,0.03892034926914935,0.058254681711843254,0.03598317210128898,-0.0584592911530413,,0.15682998756048236,0.07453550286734471,0.11146292854253914,0.04756770884617413,0.04012943295200745,-0.05219089310494412,-0.03209836813302625,0.029409644311236213,,0.04088945338946835,0.017262452683159502,,,0.052425124292562755,0.031172830066778793,0.030881824536863167,0.011026576808244017
2024-01-31,-0.10513540313444222,-0.07956062242876724,-0.12515738186314165,-0.11966523899279413,-0.09307880634383582,-0.019464169478185852,-0.13940437375603112,,-0.10617037874783193,-0.016287447011723546,-0.004570032668545152,-0.10772219786994122,-0.174974209350267,-0.09074069012685113,,-0.0367481478501167,,,,-0.06425916425397984,-0.07924942234949071,-0.0763271675696612,-0.05524507159558156,-0.1552122015718258,0.07028845685930347,-0.02068684338229851,-0.042080583007273624,-0.09471768949274219,-0.11214536047264465,-0.17434069943854477,-0.10244574414014701,-0.22945748341797756,-0.20466217334116563,-0.041363995976621735,-0.03169649492987427,-0.129421643947996,0.27188670378056967,-0.09432203112625913,-0.23556579256418997,-0.1915453500656453,-0.14338236924369108,0.08017930168707393,-0.05906060284593979,-0.08123132604711164,-0.11151712689089582,-0.10867771029998836,,-0.0666455394393299,0.06682232600846295,-0.08253607466682897,-0.09052648801588292,-0.2009349978262014,-0.05681276012681923,-0.07361657910332023,,-0.1005071511481896,-0.09401538142722311,-0.31571667167017003,,-0.08761911282262241,-0.16638384948427629,-0.10896551291757789,-0.13470954163551302,,-0.13051609429786296,-0.1396940484436172,-0.09260006911468595,0.029649530485875483,-0.20667241708427658,0.24239562818618504,-0.2703417308738844,-0.20995152358937064,-0.08540985178249132,,-0.08458138609386331,,,-0.27718811760724005,-0.06980055200923199,-0.052341550756888136,-0.03196724833123281,-0.0959494545148066,-0.10996044217030573,,-0.0717110831688116,-0.06597483434657951,0.03157204709510074,-0.072904351803426,-0.09534550013242904,,-0.10285608293855028,-0.0650362569873081,,0.007152820212868303,-0.224459812426826,0.0024418360574775225,-0.1112464782830426,-0.09951303280061512,-0.0950957128809997,-0.1387532253027913,-0.11851573332234781,0.018442521572906493,,-0.10616387825970212,-0.11689223488135723,0.004388719683866806,-0.186413192614301,-0.10801315034855787,-0.1325323944197399,-0.07540922703609733,-0.08149600939618179,-0.08091498222699309,,-0.09612273658334618,,-0.3468100436587015,,-0.0409268219747735,-0.09641982424891035,0.19043992385551609,-0.11271033028864746,,-0.11467858994347517,-0.14733233353543304,-0.5943428973852642,,-0.11796183960186274,-0.09260012168504403,-0.05609840153874049,-0.016852743725905887,-0.018169874353335475,-0.118493455751222,-0.10503950105027622,-0.11099237606931328,-0.12393123708981599,,-0.10208055563216281,,-0.10074753554727069,-0.07578522552760353,,-0.1445955137425429,-0.04754019330007165,-0.05749449783094297,-0.29156755946135415,-0.0880692837502346,-0.148798817880495,-0.05619810996464669,-0.11988312408169005,,-0.18689407057396878,-0.13025806964149048,-0.11277021717029173,,-0.11601520844309102,-0.11767714028498594,,-0.0514342920895443,-0.06731117443597476,-0.10489288169869117,-0.17928746053599612,,-0.03239861337025944,-0.05119023003466654,-0.09061708990106597,-0.08422949756454437,-0.08377543110839279,-0.14476209498422818,-0.08916853206690298,-0.1032890833989486,,-0.09749244769300246,-0.10986095194826587,,,-0.07110367922142116,-0.10499741815596732,-0.08629654307406075,-0.08911244160792511
2024-02-29,0.015433929109449275,0.06495739222106894,0.011033529695888427,-0.008385569454243428,0.03056648773541753,-0.023822856275739983,-0.031853665500956946,,-0.024297174467303968,0.04989914147761678,0.1232417914634432,0.018115500865921293,-0.03275605396970904,0.05201296789543947,,-0.13690766900401602,,,,0.07636201948420955,0.026329674261868944,0.019605538313885073,0.016764231917030713,-0.20902015123381748,0.041993853153801816,0.05579025345390273,0.06780644316090315,0.026796418479989807,0.01942032205724866,-0.04812192628761745,0.023679981377798424,-0.14640793760276863,-0.19953601048339026,0.03093296110805254,0.07936587079465765,-0.00787998887847208,0.2403544590942114,-0.0127054450760648,-0.17047587150883783,-0.11886800265942989,-0.054682411842876005,-0.057972755851326004,-0.04338065079798039,-0.01043559023866247,0.03257185599337694,0.02034217305201278,,0.048203189472790564,-0.06012834005946493,0.032715658145319834,0.003569832284138755,-0.142789031200761,-0.0034485872838844046,0.023464471926192065,,0.03459269549481002,0.02281985447288594,-0.20126157744137294,,-0.057030100729872475,-0.06604381696937982,-0.0930402949721703,-0.06669218763315896,,-0.13242904129328484,-0.23055189095673828,-0.07484082224345459,-0.1190702567736322,-0.0895388688219492,0.19125436051169525,-0.1288886907251312,-0.10479256800273412,0.006198141421400692,,0.027369299587242345,,,-0.13241349542124084,0.0737672276885972,0.02679431451627004,-0.03862734732068339,0.030041848407494257,-0.0095363787681595,,-0.04482981587596301,0.05393826920548403,0.15380337183766774,0.05234217348868375,0.05249625621445108,,0.03734086358429909,0.023703788406150453,,0.08281478888925789,-0.19395907435164486,0.11749422560357071,0.03253911718077707,0.0021191350807715776,0.06522138654912754,-0.025677920799924567,-0.020329408922141887,-0.013597584880120759,,0.0193704583550865,0.0247827125588802,0.2011735056916708,-0.09695841805042296,0.03615925416800092,-0.10241012531087637,0.07017092814531285,-0.0037243551991483423,0.060821205548755086,,0.044098980829734395,,-0.2365286413111519,,0.04781760456142511,0.03522347700269987,0.09472822690162178,0.050819418589865335,,0.02357708171367838,-0.03884328322245078,-0.47195017371180487,,0.01405469362071916,0.02870561890723565,0.07251059098430801,0.04107834723297075,-0.02807356074889626,0.02267679268299779,0.02337743969400918,0.03268763352212231,-0.07985536180828975,,0.03534774037026306,,0.028119112747726056,-0.024353177306929267,,0.055024160231176365,0.08031773897587918,0.04230819895655073,-0.15386073732528738,0.024991462180962258,-0.041308835100404034,-0.020133207676867163,-0.09415334519977646,,-0.049230313062264455,-0.04366078069552528,0.014472210733976433,,0.010297407338176192,0.0020663633929226388,,0.06420764430068893,0.040549845877558166,0.05498249362130471,0.016963250218008832,,-0.0370541527236044,0.059226561219539384,-0.06268120147402952,0.04340142534743844,0.03474068576012787,-0.03315584166042801,-0.030427073351558708,0.03293984455219716,,0.06261934525199714,0.0266371179014884,,,0.02162799224493547,0.03977783713338074,0.012625472725534385,0.02189077793348621
2024-03-31,0.16497308479706663,0.19708401537472314,0.12475158842467171,0.06345185419984674,0.12773549100531575,0.3051093831107123,0.06044047813201234,,-0.12476706866533997,0.35401348953514944,0.3702289782035928,0.12767472157007284,0.007839840455268745,0.1899690026385909,,-0.10548636260966224,,,,0.2586940849830646,0.1588839948018518,0.162561771777762,0.17725222853049308,-0.29391810286135295,0.062057763120865535,-0.01895829726417306,0.1967557309119618,0.21407103769985136,0.11757389468261405,-0.0644410435514692,0.14398295677306883,0.03550157211781545,0.06266313929431253,0.19567100670466236,0.23044641645806116,0.18036795030141745,0.2840948684771232,0.00730412561488798,-0.17831646737546555,-0.19406793210781992,-0.003163399413552742,-0.017056629875305887,0.2892031246831867,0.13501773462529393,0.14878681230712315,0.18329340546150363,,0.18518220134299435,-0.0037727958452939848,0.14568667212728348,0.12792293847260913,-0.23767967575475069,-0.05764655883980549,0.18497867433975904,,0.16211772979513236,0.16245199326329393,-0.2889109501574748,,-0.10471028123572151,0.0009636347685875373,-0.18397993751097916,-0.20026182314022933,,0.2532824142609876,-0.23713979464681753,-0.18117343038151335,-0.09557994718608702,-0.13566248559019964,0.23497986709384835,-0.023016345059440783,-0.2690409898040633,0.18459904023610646,,0.13901053898490612,,,-0.24047527171441052,0.2129686640708235,0.1815418265566045,-0.07788114009496241,0.1626313528670884,0.05104504973122868,,-0.10513234400698222,0.19061630852036565,0.31837554680025976,0.16786981716326901,0.22845832647852288,,0.1451482701365207,0.17198621874237052,,0.4304620771443431,-0.3341174719226654,-0.11297023772725845,0.13510998697122747,0.16303687999412242,0.17995235766812148,0.013234874244084505,0.05101453571246003,0.3683629384748623,,0.14172228751195262,0.1321286536036633,0.1244483015762169,-0.09059970266099132,0.13907030272641924,-0.18835599871984252,0.23339708612030943,-0.006510221380938375,0.16862754873000296,,0.1513336979743936,,-0.08998958766983872,,0.2444507516025258,0.16934058703124225,0.5245692791326825,0.16777619092989585,,0.19071240629335273,-0.0014613806916702827,-0.5951850193147289,,0.20562710848684068,0.24311538309176864,0.21514724284385597,-0.04183493188608866,0.3720710393103113,0.1262501911306682,0.137301239994758,0.14246337221069136,0.22106188500241403,,0.20937500116496516,,0.13805133697448907,-0.021888894491189345,,-0.03386023654491506,0.14198728905017163,0.2119608467564963,-0.05452116200101547,0.1406016764251701,-0.008190121249051023,0.2572499304866964,-0.1294349704923074,,-0.028105866172524512,-0.16652779531859188,0.19538819201349755,,0.09979256529393966,0.10672746610475684,,0.10636166449727245,0.1807196840845604,0.18736969145044732,0.05153090773377001,,0.3564808394648607,0.19923193018662702,0.30071631739137555,0.1672846217633281,0.1587500666644292,0.0070752101932834025,-0.03655502403294252,0.15010229977162273,,0.20909449986617398,0.12603976785007912,,,0.16383793131237698,0.15147513667236384,0.12992452349451317,0.09390139124818755
2024-04-30,0.4837936468949836,0.5021085275363274,0.4281918993146259,0.38083362968863665,0.4552707789733414,0.713961695860004,0.3719821911482478,,0.15438468375981232,0.7546075360138275,0.7410787636021341,0.4298457701156745,0.3128570176983227,0.5115807652139149,,0.2036658300040748,,,,0.5911954391744861,0.48090194571443373,0.4933863445786464,0.508937795118902,-0.03907827907572595,0.3413214851465496,0.23891645844459922,0.5141233418822584,0.5608878854257487,0.4098412408860992,0.15822984429306902,0.4496869089536318,0.41609288307389874,0.5124956703114806,0.5321120948695568,0.5585470730055534,0.5169724183057854,0.5602489381124185,0.2766684985580534,0.1608273258104963,0.0614820441028091,0.3123941463445993,0.24330022625680092,0.6830221575079767,0.4592002220819602,0.4528011886483702,0.5160230111294984,,0.502347548042297,0.3018261458565992,0.4501081034241815,0.44329061639957174,0.010839045657138939,0.19819904849235026,0.5203238967160035,,0.47329094313312386,0.48827554499981574,0.002299189300086067,,0.14595573270428314,0.3066578292235334,0.07496615600234639,0.027406943238262337,,0.6952344780762292,0.04199323510320101,0.07179236204321804,0.21632594479953202,0.11639549999203444,0.5353376317882598,0.2597752501031168,-0.0008715892927220708,0.5264508461217501,,0.44232697864999043,,,0.012409452476172946,0.5264493710368902,0.5138370902914013,0.1827307793122075,0.473848194874072,0.3661189758880746,,0.15440201947489357,0.5017112378311399,0.6380515310181777,0.4971343337073066,0.5386796467540957,,0.4407139935031974,0.494249953618738,,0.8032353825764866,-0.10256770344308956,0.17641235287610205,0.4313727142613791,0.48892889581984195,0.4684049358457349,0.31368639352343103,0.3673966365214908,0.8095359774251899,,0.4556070529438463,0.4296799244738418,0.34309634647731196,0.21188529981708776,0.4437163165077029,0.08644688754110798,0.5582138417488671,0.25276656291190225,0.4521895472454675,,0.4447482918089469,,0.27411510513398585,,0.5935189120374956,0.4832568094430499,0.9782489539835765,0.46881942543840655,,0.5198230953855184,0.30458484803404046,-0.2823960268078588,,0.5483986575430077,0.5974443560616023,0.5385317430952273,0.20283447957642772,0.8026202322322717,0.42298211910892564,0.43894830592758377,0.43630307583601635,0.605635628595753,,0.5481466130134355,,0.4416532819360245,0.23926691132196443,,0.1337716849406392,0.46270790161880404,0.5430220055656781,0.293171809603087,0.4535816658285022,0.2962128196880932,0.6345003909070422,0.17757594560796122,,0.27421130502448837,0.06774334368772685,0.5371750674113767,,0.4327600991785301,0.40634745500763175,,0.407806731285899,0.49776101535803213,0.4989945265859749,0.34809583463585,,0.7916315960891172,0.5204435022991778,0.7125638123361864,0.46906041363808293,0.4735168337717995,0.3147935103695138,0.22042406933229916,0.45883966003881527,,0.533552277908543,0.42020393133275546,,,0.4829108734812561,0.44544973959175416,0.44066060168435267,0.4338092850032934
2024-05-31,0.4667924262339474,0.4914997203598781,0.4113848851065177,0.3471010485861884,0.40288206932030335,0.7416802538308295,0.3449982651534454,,0.1613730810507962,0.729386536178844,0.6763868851281503,0.41396993758133194,0.2803032169514713,0.4690149074689056,,0.22063672354820055,,,,0.5670848513841366,0.46283360554112773,0.4665951566804568,0.5070510531408249,0.019795794680985884,0.3607097020490871,0.2290303425682701,0.5027257869797134,0.5361555583254165,0.3998628150126372,0.21400092146554914,0.43759972472948894,0.39476752285902,0.5066435051764516,0.5256558327724027,0.5290427645196499,0.5201960576634213,0.5455445618480259,0.27987337556648323,0.1561177640153494,0.08992032110953578,0.2928742538308158,0.3342751694656842,0.7240907321813415,0.4632585197533721,0.42827254688008,0.49189389527546845,,0.48377800564551376,0.3650903663588907,0.4330626322395743,0.44190035750873863,0.0599897375068542,0.21496319574807213,0.48552352706843693,,0.4536506124154753,0.4655360588499871,0.008076831527800196,,0.15538568412107306,0.2919271736514927,0.09589216884595882,0.035086541663473476,,0.7166643142541733,0.08323301851774134,0.10610553574493439,0.23288971158804386,0.11433942008905465,0.5155859608856236,0.32988766951749127,0.017797278492287738,0.5137415584640252,,0.4252024775035458,,,0.05490832602965403,0.4950015240844328,0.5043891365615985,0.2064179748076543,0.4531129349004048,0.3360612836104391,,0.17931771750131756,0.484785097343194,0.5900559639379579,0.4377805204372701,0.5343083428214841,,0.4263670664729272,0.4901163049552288,,0.8279352630534369,-0.04608479715078443,0.14693423666970207,0.41428941988979784,0.46872348897287863,0.4475144901786687,0.2920155917488065,0.3349903966299462,0.8185970078260161,,0.43532821540645006,0.41469003416274036,0.33073474663680663,0.19517610906635863,0.418557712393591,0.12370468475669393,0.5288480400481529,0.26523529402260937,0.44247158269698017,,0.43290672358632803,,0.32330184768783476,,0.5854274756834658,0.4648512158345262,1.0118761295247318,0.4432794947986306,,0.4817007444236721,0.2783859768676675,-0.21983018327108977,,0.5161626820959205,0.5587346951318225,0.5098318581645305,0.2106018322527543,0.8443707258851205,0.4085820014470561,0.4266976981470919,0.42327244266842184,0.6442416366058243,,0.514970404257217,,0.428505490072852,0.2674290409226631,,0.1290384706986029,0.38840347806008385,0.5177929160253613,0.2830686455710208,0.4407205804653306,0.27362909814559505,0.6597646133360313,0.17518081410383252,,0.2552699290914927,0.08953689860594069,0.5135376354102297,,0.3740496590515248,0.40171483766840055,,0.33517038960317813,0.4867145089774456,0.4739280083241993,0.28969226125719744,,0.8235419587239454,0.4901469411733332,0.746380092821898,0.45452328617934173,0.455599387999467,0.2908661089987761,0.25073661323908925,0.4332387601320467,,0.5097123871446247,0.407968345356894,,,0.4799564185881971,0.4286069663424491,0.4369856555115568,0.3497922007757104
2024-06-30,0.40847344880030323,0.40308852898763103,0.3687380798451243,0.31846000193931445,0.3428378171406539,0.6141040355014693,0.339154291327107,,0.17250497142514637,0.5685073041537767,0.5072174608902973,0.3728570927633959,0.26765341423292327,0.3896542023958171,,0.35586548889890657,,,,0.4451138979245459,0.3995829600640147,0.4067160777617287,0.4421207624253788,0.22130945685288206,0.3839530119483449,0.23766034228745112,0.4115470146345689,0.4356129080619539,0.36476482184440556,0.27392332047563034,0.3851219248717304,0.37356163937985476,0.44821432492756624,0.44773404677037293,0.4287649579980653,0.4368119247818146,0.47206632967053785,0.31070648472656054,0.19642628586323138,0.19007380627663567,0.29672824732359454,0.4554534772319423,0.6123046975415402,0.4227573554085082,0.37258827641109177,0.41112065916081886,,0.40949348272855207,0.4348974178728326,0.3854132332188401,0.3963347828805598,0.1767497158076538,0.25878784884272193,0.42315087398319684,,0.38731656278284426,0.3971311034956753,0.1030019291783329,,0.260478567262871,0.31000965033289407,0.20739732382861908,0.15753176659198415,,0.6179972005670773,0.3002266632319406,0.2023157758328769,0.37666702116394596,0.20343334499494437,0.451301459442826,0.34126522696563055,0.07325967489819363,0.4398421347099181,,0.38444285896929725,,,0.11780307094108414,0.4048553700555084,0.43362211580056603,0.2927623797117753,0.3956262633558061,0.313596637078241,,0.2516693400572414,0.412159885729866,0.4630544429405976,0.3666267260041255,0.44300064008784606,,0.3740207766099714,0.4273130897235769,,0.648056371792737,0.135689680522185,0.0496119737787385,0.363918222474898,0.4213873481772308,0.38293028420579617,0.2881170252593369,0.32144247979188223,0.6671722559134244,,0.37989410175761035,0.367303243050684,0.24360373612313185,0.24110285340401674,0.3589476621461876,0.1975154156993402,0.4228455935988364,0.298718830007328,0.38869649236582293,,0.3774080289215677,,0.31603627243455645,,0.47218143704870436,0.39520390499607105,0.7868642779863778,0.3709634359704651,,0.4107405466586056,0.28031802788933463,-0.029569399631556095,,0.43101626420548533,0.4583447607560014,0.41108660772983463,0.24454821456065665,0.6837068712211434,0.36336363512830705,0.37912489818878287,0.3740128175109108,0.5557380019394841,,0.4184893754061185,,0.3749407778099264,0.31346922908815916,,0.2088781455101342,0.31793896948613853,0.4413865755370037,0.2744056998020422,0.38310984469735737,0.27711696855548995,0.5555930210225768,0.23070109371407613,,0.24801384479787558,0.1669875851557274,0.4246235353157265,,0.3219820325856421,0.3692224816612967,,0.3085064996360012,0.4157084746082698,0.3852658088020624,0.248930535082725,,0.666135234090549,0.41389168615302213,0.621306865584234,0.39643146958578923,0.39053705299360936,0.28332930821899904,0.3011588400239039,0.3749711381239965,,0.39626169510570536,0.3644842391074707,,,0.42001518008914535,0.37697457246805055,0.39130138358343725,0.30539868035291695
2024-07-31,0.32583108174050174,0.323298764621138,0.2782237661864148,0.15435884775077394,0.19802579253672914,0.5310810900300335,0.20385503364972,,-0.16333080704307223,0.5157284389943818,0.46008521949705783,0.26691951702901945,0.11857566073333062,0.304531822074499,,-0.015376500101320818,,,,0.387844411811302,0.2789849348559763,0.28216454668449314,0.3120418281716872,-0.16042407472908646,0.045814306898034514,-0.08170686264493794,0.2835552289349013,0.36686922683697465,0.26034543389172354,0.1211607990801309,0.2860822739757863,0.28236249509015765,0.3215207761349725,0.314507641264554,0.3129688502115173,0.3869080079340636,0.10250224871528582,0.10406369891479676,-0.06812850983082108,-0.08299069088703903,0.10377264778711709,0.07381212359940445,0.5704071041104085,0.2896551584006803,0.2859802091116663,0.3379419814695792,,0.3004218623650677,0.04402355614245873,0.26668204461513284,0.2676402738271714,-0.11869463070463732,-0.044013710806571266,0.31421960194228354,,0.2970925364018742,0.2928200781214177,-0.1478080709931883,,-0.03858349027610841,0.1557300102887142,-0.14762185271775147,-0.17204148075061446,,0.599504439677909,-0.050569113116814446,-0.16717040715463471,-0.0577159217546308,-0.000944229542196734,0.05644958744057871,0.303065435285603,-0.2742234707965952,0.34227869205224554,,0.26350198153267307,,,-0.11263141251524436,0.322266845495852,0.30136857072350265,-0.04762696212981721,0.3029507583523588,0.1293695486324103,,-0.07495099523362853,0.31110096361850864,0.35840256375713636,0.23492473492368954,0.4109878699695342,,0.2803761724613586,0.30683852038947484,,0.6626619136658094,-0.2055312272786283,-0.43590316787283545,0.269184879896521,0.3298930073975552,0.31428337515586025,0.11032698574978214,0.14813194480110922,0.5826505425618104,,0.27698074200177664,0.27653431100906123,0.031720824321335606,0.024723617588100395,0.2571414632320501,-0.14894769630724336,0.35877575334375955,0.07037423624378956,0.2997690339101275,,0.2830366525984802,,0.2530385425569936,,0.3730229121663989,0.3059657072426057,0.6484474473790619,0.30153821342447673,,0.3531674672509057,0.0955952467418356,-0.251754234367838,,0.38400236610217064,0.41091933894525695,0.30956598074636926,-0.08670536264174776,0.652155538167353,0.2694531254816057,0.27914945909846717,0.2885311189435689,0.5268044881225996,,0.35595557273099565,,0.2683538642134049,0.06877391820418088,,0.0699600130505142,0.13240434570898815,0.3416708177863912,0.18040684506651333,0.26006145754551235,0.08900402674367687,0.4838411872280369,-0.09597189175774999,,0.08101328461731959,-0.1452983425749768,0.36249739409935194,,0.17314987284767022,0.2587095293407387,,0.11109929651760135,0.3052455847147304,0.3183639057164177,0.13992570971803386,,0.6317502281762273,0.29731327340671115,0.614025588532415,0.3002876779083839,0.27738684575718897,0.10162332986979113,0.05985831698190634,0.27766089663676213,,0.3314856177942114,0.2626435408109789,,,0.30036453938456714,0.2924967540757331,0.261329775798099,0.11477361719437026
2024-08-31,0.22761698549166198,0.2247479829432878,0.20296761276229716,0.15617915002859334,0.1591838841973132,0.3979901756270345,0.17198144797376727,,0.06602387299141078,0.3401005860751161,0.26156459477220007,0.19622845401971034,0.1444797116130251,0.1993293590352422,,0.10338702068690961,,,,0.25431867769643723,0.21160875413473523,0.2089891534956185,0.24078629053277067,0.07113064795609703,0.10535331347622735,0.042143609153899815,0.21531400060885378,0.2592247622535533,0.19252929645265357,0.158806350698855,0.20964200699673555,0.2709267086348004,0.35232152533574224,0.24056401955759085,0.21348050967140156,0.28853720531614885,0.06867521845488038,0.1266781172992749,0.1434946145672062,0.09077107967081666,0.15207084914028318,0.15010718482198962,0.415736069862969,0.23439545079894955,0.19806040795990568,0.23945322922125975,,0.21376344677453182,0.1597489727006365,0.19345018927208396,0.21867020135397494,0.09442156271478262,0.07786839827843502,0.2135822100950255,,0.21174135167665858,0.21743608846154527,0.0986936215108539,,0.06114790307739784,0.16598358817588763,0.04965881862860128,0.008420112943951674,,0.4500324244936221,0.09724617491911902,0.05330057027263337,0.07897392311858364,0.08621645631410166,0.07143892318272693,0.29795879122285573,0.046990649220890614,0.25341539537102986,,0.19057948899296806,,,0.11746677214110172,0.20819670217954292,0.23115030997699598,0.07413469160025954,0.20973317336716416,0.14790035161341805,,0.0766484406621206,0.21359347299893666,0.19588717678479248,0.16281325337068003,0.2638791289399697,,0.1982521941363777,0.23136219662350455,,0.4125844320532142,0.05488490580811284,-0.039982793356587824,0.19383996149658447,0.2275095864376392,0.19737203748182264,0.14140829920505224,0.15166044956576205,0.4160760726961297,,0.20601568161317857,0.19945376659657924,0.05888562949227448,0.12132734790683206,0.189664942471573,0.0895032447147241,0.23357919047077466,0.11594114897164698,0.196070108599524,,0.1994117568129123,,0.33983608344540894,,0.2724615650182869,0.2175475778333192,0.4535355732627393,0.20300806486036824,,0.22611235329949111,0.13700910854055828,0.1723605152790746,,0.2546484763076496,0.2630420164128196,0.21389525349439167,0.04291358589900679,0.4700557993790917,0.19722527718676788,0.20391944307162574,0.20151476914345867,0.4005972118276144,,0.24204585259669684,,0.20176963469154932,0.1291413328238371,,0.03255103932187486,0.10679989923114493,0.2280893386448873,0.23688708088606666,0.20512076566090115,0.13747930505565156,0.36020417252836623,0.09006181457058328,,0.1463596651710758,0.04382251395678303,0.25620213389133595,,0.15203533624920815,0.20335368097461795,,0.07974494049023147,0.2221387594839514,0.21815672915014925,0.12484294740561791,,0.45943808459113306,0.20159911921726775,0.4428215546443386,0.20627636125317655,0.20712776729163151,0.14378344424291747,0.12714340903518523,0.19709019502695704,,0.23646185701492234,0.19362735906877263,,,0.2288168646208609,0.19831976071019633,0.21036227252757184,0.10811954464937719
2024-09-30,0.25269807593457627,0.2502846314834095,0.26409824664770776,0.2851570394311067,0.25415748256311715,0.2648838531963488,0.2764163621443828,,0.38962821208028775,0.21698892853049084,0.17406575126931698,0.2598366517516953,0.31091446898849,0.23306415286011092,,0.305205177787221,,,,0.23279274304894754,0.2576434400790804,0.24971514177021187,0.2595464046182281,0.4000567911261715,0.2576099969666951,0.2987875189094812,0.25235389313167367,0.253388251430564,0.26330189201577037,0.3411354726972798,0.2606100984782572,0.3375639204401115,0.37699685413624057,0.2538903333313745,0.22755409865615336,0.28212356710402864,0.1406676292850707,0.28754773945906725,0.4274634057297593,0.3883086848197198,0.31629288959076873,0.28377487794475714,0.2722154092312255,0.27352787567422454,0.25143239449649907,0.2563369421992348,,0.2455380231027411,0.3069123502300461,0.25058177335881815,0.2754724997981254,0.41719928570666387,0.320532001598059,0.23316445524004126,,0.2550036269439099,0.2582912964193885,0.45851934962183855,,0.3049408855695024,0.3064514867871644,0.3625872669246695,0.3482175049838691,,0.2948958618237589,0.34888906272564746,0.37680377060804376,0.28771272903775497,0.33856646530920925,0.17234381698917378,0.3868728551777725,0.4638039777048342,0.25970078327176527,,0.2498962093110405,,,0.4589255658254767,0.22902174193232017,0.2554625444787246,0.30875144674440697,0.24760487539812726,0.2895960160354485,,0.33924506735740795,0.24011573002522552,0.16922558490172274,0.2305098385688222,0.2403046388313657,,0.2548953176483393,0.2576237425366735,,0.20540352361532038,0.43530049320710457,0.42252100934913595,0.25893105158884655,0.24616941752021398,0.23382967621094772,0.3043350132402124,0.2832792539603386,0.23579020634509865,,0.2613764163307482,0.261204086099886,0.25658319210837005,0.3441234790128134,0.2595217189119928,0.4092947048538503,0.23267893720834842,0.29620584140403156,0.23842519449616548,,0.2535476226501476,,0.46063882029997716,,0.2502304680629482,0.25411746878663044,0.19294450658832216,0.24917327434616487,,0.23483944173344057,0.30909251240768854,0.6578197552529025,,0.2439962967020615,0.22787123759135228,0.23731703391297726,0.30357499437317464,0.2622612324674908,0.26369153885179286,0.26026310557098076,0.2556089124883275,0.3002954477145838,,0.2457499925364002,,0.26341889866197954,0.3083410597434541,,0.24575850003796934,0.23049062422371044,0.2294820571455511,0.38774494058352255,0.2666592120511711,0.3143283653506968,0.2702040872889016,0.36696212369506825,,0.3392867949378001,0.3688868609235365,0.25800976959486555,,0.2657590020042321,0.27497139841550866,,0.21847021999561383,0.251359984372902,0.2510388264697388,0.28222891515646187,,0.26580832790839903,0.22988666947096625,0.27789283351927463,0.24517183276832183,0.2570541501991151,0.31200541057889286,0.31588165382362704,0.252390767340412,,0.2585275457065377,0.26249577584037614,,,0.26109815537076575,0.24843506872224486,0.27078310184469717,0.24650078255249663
2024-10-31,-0.008798781052371042,0.0027005711922693863,-0.007387757602963555,-0.02800024549258653,-0.0438353073339142,0.04777226631060986,-0.03144788360842785,,-0.00327390451321255,0.009681092763614577,-0.041541729849416675,-0.019172049009112936,-0.001057118426692749,-0.02896191646693262,,-0.1508581324201902,,,,0.005537734178406239,-0.018959607511736244,-0.03219862941958081,-0.0156456294388521,-0.07435730406789459,-0.14272534002486922,-0.09499136400598196,-0.015333930863988144,0.014018436543527999,-0.016152854666537722,0.0201376687037919,-0.009607560446881972,0.06318854876655478,0.11063023457679715,-0.01887249774777493,-0.03642882791993328,0.05276784929532208,-0.25016824070191873,-0.06032376602959298,0.05681138405768708,-0.006434831186928716,-0.017523431817393208,-0.15470376301395164,0.07060505870935838,-0.010778233357715963,-0.015788431270844016,0.006787542527933632,,-0.022442392803964994,-0.11997062254979231,-0.03219951522337539,-0.00677057489423557,0.012311451225064543,-0.07146359617884654,-0.04332750649927549,,-0.007835630891532126,-0.01001621239687392,0.0742644274832655,,-0.11211548547381084,-0.015084238180030834,-0.07635738185417408,-0.08939836568779426,,0.0968216334694175,-0.1230993085437964,-0.058812965806663106,-0.2007576930523656,-0.03138387136013468,-0.23231556244770304,0.14532659981927748,0.05385297195888248,0.00024096416069731405,,-0.03667103666259199,,,0.10431719449096175,-0.025214626603424918,-0.020631127860220567,-0.11503188672610147,-0.02036589940172892,-0.0339800134447145,,-0.07143555135384307,-0.024988693711108158,-0.08709658330367781,-0.05997546416663465,0.016975590929090376,,-0.01433095509437504,-0.015269510570507922,,0.047566040288860655,-0.013737326466883928,-0.0037430143385034677,-0.01211095611172478,-0.024337248742040574,-0.022358691112974276,-0.021498254189156584,-0.03966663436844269,0.02281046254297116,,-0.011205854233801563,-0.008483634259993664,-0.05591698142606422,-0.015493355476170374,-0.01284367851413246,-0.003989815995050879,-0.0057166687809275425,-0.06014970619242776,-0.028136116516237132,,-0.014260847382990313,,0.21669277627748976,,0.006663461936846471,-0.006535080547082221,-0.00990500262848756,-0.004356016103775005,,-0.01635641932681462,-0.022887935774704844,0.2737285580825968,,0.005784764377787135,-0.006357881125437947,-0.020491299430499058,-0.10111237642658798,0.08613561377931254,-0.008042799482954936,-0.012563740848382793,-0.010847658197277198,0.09536529407986666,,0.004554159251674551,,-0.010071454477250974,-0.055402885214162166,,-0.09997773659207532,-0.08907019370849192,-0.03514697115524705,0.11044785951157438,-0.01196005182002194,-0.01868250319235579,0.04687822608084059,-0.04102985119871241,,0.021814922273023125,-0.03840389637822988,0.017298429271994282,,-0.038141077122944296,-0.005931703370590918,,-0.1245432068282938,-0.016246238641817724,0.005785357986854854,-0.009385539521028044,,0.08482906278122762,-0.044302613035595025,0.09625833963102487,-0.02303319093761815,-0.01586244936624452,-0.014104465944682813,-0.047386342722599936,-0.018646143380288936,,0.02520268343166041,-0.013078438906783266,,,-0.012254446732128594,-0.017958126767488435,-0.013045949112512336,-0.08650909078266522
2024-11-30,0.04589777412108584,0.042790808462560545,0.03173072242315792,-0.004150954627002173,0.0012166628455236768,0.14699509975613234,0.004364346445138363,,-0.09368734945632073,0.1276573004789898,0.07623568867802683,0.017741617121296138,0.007794453217724807,0.03276770203875172,,-0.15897525299936754,,,,0.07295908622027711,0.025300555155990806,0.022309299161528195,0.03195564017891633,-0.15877791547311437,-0.164419671650318,-0.15148220875657342,0.020421431134318494,0.083265307844289,0.013387723461640192,-0.032431233296873696,0.028733717569113727,0.12598059969948258,0.18744420735088205,0.031559005832110035,0.020836661842969208,0.10810013562967045,-0.24306805989627445,-0.07068145268529509,0.014727613078364926,-0.07935028216939466,-0.010927655802346024,-0.19360842294614833,0.16842143564908119,0.02870342675474271,0.02837142225767838,0.06737575305730004,,0.024847306150641103,-0.15051689606700433,0.006538820683420136,0.025316039129435315,-0.08237186020295807,-0.1290670128902794,0.026161517864176878,,0.036575897042359716,0.03958994755835856,-0.0036311484721108086,,-0.15163937975407585,0.0016816829669702878,-0.15126958075179966,-0.17130638584534352,,0.22694743786625923,-0.15299748806662206,-0.15212946855503354,-0.21156155147882563,-0.06718407148874078,-0.22769909558924925,0.13102553531712127,-0.07553075495423887,0.06125718440626111,,0.0025350285139350308,,,-0.003863659117354475,0.03087156324633816,0.02775379453205058,-0.1633399621393213,0.029107799878152964,-0.017662582654365235,,-0.1355715258508442,0.022897163623145794,-0.00938157446583174,-0.0008460933607283847,0.0768708083776885,,0.020844156899393954,0.029221411743758093,,0.16311555097018265,-0.1273102854705451,-0.162554738254153,0.021706381486307463,0.03902674699026269,0.02177779513242914,-0.0178456018615267,-0.014636174656287998,0.15501972782719886,,0.03120354052794731,0.026713227565019898,-0.11395968985717574,-0.029272332433944795,0.0231631978191709,-0.09694971189206092,0.05792244739637817,-0.0870216823158273,0.007405193914735634,,0.019161039458298758,,0.214661678435346,,0.0689505202985715,0.03985569242763031,0.12417728683882699,0.039421590376967255,,0.0584156726225892,-0.01796978733155452,0.1378121588717568,,0.08542634788256653,0.08657019650383735,0.032189473937147516,-0.16728155081757684,0.20793062469217471,0.024992438289094032,0.023805679181705078,0.025339927297533496,0.18036165771085608,,0.07420723854770415,,0.023254658835395608,-0.08843291260793865,,-0.13660507075396333,-0.049029442284493956,0.03227077426083786,0.12577246373530773,0.021714594809844195,-0.01812545652916108,0.1280597419767685,-0.08791070624311066,,0.011066427550517947,-0.13138246674838588,0.08461218040886592,,0.005775797293982213,0.022125330964969873,,-0.08609256075898511,0.028325309179766216,0.053485022626737856,0.011704650035614035,,0.2082569813125288,0.011676027783300302,0.21001445185096196,0.01976240797417942,0.024822794267305336,-0.010730535798875207,-0.08553252319619009,0.02533416079769182,,0.07373128377727785,0.01711203146080901,,,0.028952101824580058,0.021714624970160534,0.01770380051310459,-0.03617193109926832
2024-12-31,0.03346143038455456,0.03326911633609588,0.010620166009289639,-0.061631093614470465,-0.05117618570679167,0.18679228917222188,-0.04210471897661912,,-0.22057925973914952,0.15745815614161052,0.08136032203471914,-0.011133557583665037,-0.04509049506726952,0.010395752877605274,,-0.3115460323613086,,,,0.07860802648748637,-0.0032822763759085887,-0.010114337772845355,0.008467003163416495,-0.3137190470780589,-0.30154724607558525,-0.29195915729089433,-0.007773800647756146,0.08710166442762497,-0.01566890655732596,-0.08137584777445019,0.00690450077020568,0.12985891529181967,0.20882063489824632,0.007078280982994179,-0.007049564195651071,0.12958063243034051,-0.4097043461213218,-0.15373598644262654,-0.06573375825091081,-0.18537764752661906,-0.07738303801852582,-0.336691420086793,0.22720987161189093,0.0026188180637602304,0.006436438176793058,0.06340794090796696,,7.7633505264643e-05,-0.28775722523170366,-0.028271893778482212,-0.002660261839021771,-0.19178944179734064,-0.25375789925869724,-0.002135749118906938,,0.01846341536654284,0.018494358158300216,-0.09049700539177274,,-0.2872108192472521,-0.050260922623832964,-0.30114685132006547,-0.32617737425681764,,0.3036322931119082,-0.3000335951058682,-0.30217878838746676,-0.3955227331727807,-0.15775925227491544,-0.39903369318076,0.16822237966453701,-0.20418760666226432,0.052618980751009424,,-0.034480468301001745,,,-0.07439821855527856,0.012476299081879636,0.0007163434658790341,-0.3072570677291382,0.00775053917347475,-0.08399622713322887,,-0.2684293647511999,3.8040271917913535e-05,-0.04444138288710242,-0.05041668865475837,0.092904086711423,,-0.0028613816586215124,0.00617489446275286,,0.2367633085190385,-0.26550392368802433,-0.3553573987054601,-0.0032046908146845924,0.021424411372775683,0.00440560258338579,-0.0827581725173805,-0.07801757475015995,0.19599991754177706,,0.007131790705202834,0.0047321801323922715,-0.21024689151350234,-0.1112735681068769,-0.004701109091564502,-0.2231990457039996,0.05434981876871641,-0.17893416972953485,-0.017198909438654323,,-0.004307707294900081,,0.26483977041315665,,0.06688950229145865,0.02376035492912159,0.15728229956012624,0.025844225658683842,,0.05203265059316967,-0.08644658976736729,0.10148223583068047,,0.09266960626380114,0.09456007456584288,0.010671013770169907,-0.31253121636551884,0.286871533498455,0.0015429695573405916,-0.0002725546621710914,0.005179881725204592,0.241684965380825,,0.07411272341413275,,-0.0027234425190861737,-0.18148029499599166,,-0.2301384792794965,-0.13207861755891023,0.011962937266221253,0.12666248214517864,-0.00834108356795269,-0.08690782725106729,0.1609209177324353,-0.21320841948190494,,-0.043474736845263776,-0.26381564101894733,0.08966620390402541,,-0.04915157704718775,-0.00470626940171332,,-0.18558387754613898,0.006018875349254649,0.046314322497284954,-0.034764541828313955,,0.2833403869275786,-0.021301535073410285,0.2893163931163138,-0.003685882266076001,-0.00219161491012766,-0.07510494786120675,-0.17712310535281098,-0.0002588990348661314,,0.07520096733587277,-0.010232651132422353,,,0.0058460900050209515,0.00013783190569777761,-0.01354328639961113,-0.12116325620970128
2025-01-31,-0.10073246598127229,-0.09553854812916321,-0.11673637660304761,-0.21493690481380673,-0.22480932360796715,0.03942850540300524,-0.17843642355293074,,-0.3430723903018436,-0.030757348156232257,-0.12284641160117944,-0.13622169113200505,-0.1945702255249742,-0.14882016638594026,,-0.3888369067713191,,,,-0.07640751595841254,-0.14338247712620508,-0.1593147953969254,-0.12156331541616613,-0.33879552213889574,-0.3770762815299628,-0.3991582824145064,-0.1450462065905991,-0.07487993424675714,-0.13070025232073765,-0.1062696068435827,-0.11860386999976108,-0.04613220674808811,1.5089889841197432e-05,-0.13079227386440542,-0.16107802437747856,-0.004746827502419777,-0.5098875292483207,-0.24169712017611536,-0.22366018394159315,-0.2556596965422184,-0.2179745769484922,-0.3233782984373105,0.10152797517832975,-0.11685358262200439,-0.12806064439194745,-0.0887318437331115,,-0.13765603917254557,-0.3362745718426727,-0.15497860941024083,-0.12516594749379514,-0.24401948318943373,-0.3320615411451797,-0.15658112522921602,,-0.11776901603764642,-0.12828897350986715,-0.21416672719112573,,-0.35237894408276255,-0.1754336807024595,-0.3736161903037988,-0.39154659928375024,,0.13836452975056834,-0.33412716864087333,-0.36721031050201275,-0.4701438620382674,-0.2430195188706873,-0.5202905833714225,0.1140320906957953,-0.32005713183993423,-0.09260428897668868,,-0.15915570439610716,,,-0.15500424518013056,-0.13443456872601117,-0.13701579488616536,-0.36968727480039,-0.125761027619219,-0.23331138860232334,,-0.33955561433102793,-0.13172589362765755,-0.2036022054547715,-0.2274769720859135,-0.028739105734891402,,-0.12477580550129697,-0.12088336214037693,,0.10724193137124272,-0.29530981970628956,-0.5538892106361886,-0.12854704166635766,-0.11479400219761692,-0.11748167886011716,-0.21756980341545254,-0.22609620567329153,0.01993460638150965,,-0.13031937547667022,-0.11892358989841709,-0.31165457923436074,-0.2421096628043804,-0.14344999672668524,-0.30663441230655486,-0.09906121062643797,-0.25644897059792976,-0.12603726755830127,,-0.12342030275834341,,0.13500799831944962,,-0.083561714842469,-0.11292073867916019,-0.008744266581390311,-0.11104362607957897,,-0.10365126653322747,-0.22783143311397944,-0.0045746908699956165,,-0.06814435976772754,-0.07643440449546246,-0.14230130629950216,-0.3937461975309127,0.13876409998019526,-0.12146156773704758,-0.12313284278218141,-0.11401082580482713,0.11618033430150561,,-0.08950247818883993,,-0.12957503776751855,-0.24578292434614485,,-0.2608240054618451,-0.3213294485179585,-0.13377397339333896,-0.035289686926485465,-0.14097318797395553,-0.22531008917960632,0.02835135774920661,-0.33967131526302746,,-0.18555280106161567,-0.3334092024518786,-0.06755025685767277,,-0.2320817496962138,-0.12020365912683414,,-0.3529886013987935,-0.1253760647255909,-0.09847883523856303,-0.20294106318722288,,0.12394536923587313,-0.16844717848900728,0.14633709063020578,-0.1272541676925441,-0.13924871520326884,-0.21781039822568282,-0.2384951943660157,-0.1388428145331679,,-0.0810245392875381,-0.12975613780174747,,,-0.11900971111447406,-0.12139798493963681,-0.13522898716517778,-0.3254345451109855
2025-02-28,0.164597426223266,0.16752974821211492,0.12962853218726694,0.0026146082948138283,0.024901109107926336,0.33278156946977905,0.0553992432979118,,-0.2508453484492215,0.29247905137261215,0.22894433519823673,0.1178174767953542,-0.01704349061072065,0.1285244734247931,,-0.13491859305052276,,,,0.20727219200291452,0.11699971102495935,0.11148324135085422,0.14906363474939743,-0.20788174866773731,-0.08133727085214117,-0.19176561555978094,0.12162239389187994,0.18708216103517183,0.11908963859176419,0.06114526535548792,0.13547551321203863,0.11913051716821671,0.13653190880246008,0.14536441461638447,0.13304573237018769,0.2289377084410844,-0.07546758571489447,-0.010637300272105325,-0.17386648698390214,-0.14781861222137954,-0.03168647381082427,-0.013207612060161293,0.3862725471547689,0.13802683489473014,0.1304101266811114,0.16777158684230703,,0.13611402466283884,-0.06798836155390381,0.112651218291654,0.11961881488032179,-0.16503462453562384,-0.13770386141431212,0.1340279633244551,,0.13932948668741685,0.1278256378595514,-0.2129330206765952,,-0.13195249049154045,0.02426193683612238,-0.22372511320186758,-0.23890227647310083,,0.39518205324495576,-0.1295820710898271,-0.23388811560710093,-0.18412220746263322,-0.08721492440328645,-0.12400702371925948,0.2275948665098041,-0.3263923257032668,0.17139160684508453,,0.11026836066488228,,,-0.15251281680985307,0.15068840151974017,0.1347135360409542,-0.14326362540715212,0.14313228468311107,-0.018623154218842836,,-0.16075812631442782,0.14860766331966022,0.15794092351315403,0.050994080998424306,0.2506612394520685,,0.13260069131743993,0.14772738264219315,,0.459355617636128,-0.23139822892142475,-0.5339755041579023,0.12192325940970483,0.1629940765200864,0.16109398035349257,-0.02230746989090281,-0.0024088889813633093,0.35278519419076154,,0.12049883739975661,0.13003519161895888,-0.0790215590677616,-0.0915528455009919,0.10341167519304262,-0.21700004724639452,0.18204305572524607,-0.034314178233479244,0.1536191652361655,,0.1362218227073876,,0.15447933645106462,,0.1935829908370683,0.14655525842627748,0.39806410284028,0.14542364321311954,,0.17559594943629278,-0.03891091134623765,-0.2438320166285264,,0.20278584410011347,0.21611707953425344,0.13556384839775207,-0.18299810021077706,0.4428719804782891,0.12444657225887522,0.13079577104409584,0.14239901851917833,0.35769885959995285,,0.17627182811228867,,0.11939405951850492,-0.02874531551817715,,-0.004682956279176742,-0.05057384927743941,0.16354310901780517,0.053509813422906276,0.10710287678134353,-0.042093627182458036,0.3044936183530374,-0.20384576773655638,,-0.04077237316853725,-0.20885735062788513,0.18785470896999543,,0.0002504655252115864,0.11882754096623134,,-0.06262092825542584,0.14473069773458694,0.15644549261102209,-0.00808815264015893,,0.4194068826466037,0.12317159674825674,0.42026008034584084,0.14573103805501506,0.11882606091122139,-0.03295199948683033,-0.03229797092489722,0.11954850838284624,,0.16401806103592584,0.11909951709257587,,,0.14446355619206577,0.14297915698812408,0.11362738946409572,-0.07297145104009187
2025-03-31,0.06387326170779878,0.07532418349081324,0.04275839749810636,-0.06937421991799748,-0.06819500715257493,0.19153072973509877,-0.023639622364401838,,-0.22168183109208922,0.12928429363104715,0.06423087525475192,0.03421700765001554,-0.07799147848315137,0.018926021263260998,,-0.1460631131664645,,,,0.08806009261447112,0.025684387676328784,0.012491286409558008,0.056829354386285835,-0.1533258934985312,-0.09339895149861054,-0.18516603708356855,0.03510935248349085,0.06803346523201788,0.04226820584705629,0.06398667958461313,0.04923950134915968,0.00989997920643792,0.01203296814128133,0.049492752444613305,0.02789600498885412,0.12228631474843736,-0.11433257261695086,-0.0423939352450449,-0.18774879483060436,-0.12316157272269378,-0.08543475978426363,0.007651420798170753,0.24633872438514917,0.054860566997848775,0.037986989941749254,0.05809979200036374,,0.041277686952720695,-0.06397785882689078,0.028177293707028206,0.040766793268197994,-0.12009464017902245,-0.12608089661126307,0.022487034838673797,,0.04579112960590138,0.030187460458089604,-0.19399202838622648,,-0.1268237172668227,-0.03684467072024276,-0.18994325560908723,-0.19983784746772362,,0.22620211659403858,-0.11579075865136082,-0.18639966292396493,-0.18702563913707182,-0.09632351089041526,-0.16127888892966374,0.18512246822632347,-0.26497996177962735,0.06447059257309555,,0.026445955319362946,,,-0.11124192036464225,0.04546521479379874,0.0408781240586875,-0.129994367528933,0.04729301264072742,-0.08270248618793706,,-0.13976726522451463,0.05361700977417956,0.03551885119156009,-0.054182279494297526,0.14096762639343427,,0.04881443139782434,0.05759635065678785,,0.2974340292999021,-0.16155047791070082,-0.4611420560232233,0.03894106674011366,0.05747959339494208,0.06828244823239932,-0.07481908344844415,-0.07266614318483842,0.18307972414353307,,0.03006579540484813,0.046109857324496926,-0.08614718541992904,-0.12454515711155588,0.017164142179235103,-0.1761970407179193,0.06770204829897654,-0.05118415097617219,0.07083485285061027,,0.05382569585031143,,0.09361189453030164,,0.08210700949369776,0.05116978016422911,0.22673339761779643,0.050335949350751634,,0.05534532844085406,-0.09210887350758279,-0.17930491340624927,,0.0761416985504186,0.07775676500541394,0.03270027905737769,-0.16362733208117958,0.2781691806487959,0.04254468619256776,0.04679264994903705,0.05777673090588304,0.22756602784040625,,0.056841998861964685,,0.03712229080243824,-0.03770808693457394,,-0.011006626002305047,-0.13877581457462443,0.05257825982619376,-0.01929380519524667,0.0247956514264743,-0.09151638527692872,0.17910613433044226,-0.20338485642341705,,-0.08542523853892342,-0.16785747523902936,0.0711141332739013,,-0.09224885487646506,0.04344012193805633,,-0.14237625320499622,0.052783695120978795,0.05598953804050882,-0.08471627944005419,,0.2527631557664747,0.021776786555713416,0.26288314786849865,0.05609678559785034,0.029746723863076027,-0.0862811536205036,-0.0372601410885619,0.027402269626413813,,0.059258978549187255,0.040432300371307045,,,0.05707582547466028,0.055451493031940954,0.036052130312933486,-0.1680292259105811
2025-04-30,-0.029472105978012544,-0.03240158808597084,-0.018282754303160727,-0.10943827231698279,-0.15190252233402587,-0.04942116336750472,-0.04929476246767599,,-0.14345341772849915,-0.13739410592390416,-0.18731689674168858,-0.024506006438015013,-0.08566429186767573,-0.0935654053302283,,-0.029702299748494657,,,,-0.07768012367098415,-0.06752031604573007,-0.08627129807188397,-0.04970378140486003,0.09309648875705147,-0.062367005177365015,-0.12264741468029897,-0.07923759521028684,-0.08406139349877115,-0.003041197322987887,0.17639946172479526,-0.023517846834150168,-0.07481434940970666,-0.1511639103297606,-0.07229878916526652,-0.10967222246344904,-0.005939135878715494,-0.19020316349560393,0.004545851065188834,-0.13219231193625933,0.032983689227638134,-0.0861392316473526,0.12832073259665014,0.02571098713132006,-0.021051043246119516,-0.03719837137962033,-0.06359446677291132,,-0.062351106443194464,-0.00736413475802091,-0.039624853642041206,-0.029069974361348096,0.06392049008150891,-0.035096821285684796,-0.08863975799136266,,-0.04413457614975808,-0.07100012508093569,-0.042745101684165177,,0.013219408030024376,-0.027286914663777105,-0.025810530271073464,-0.0028003900429402597,,-0.016566234137415328,0.10123706369574635,-0.025424158032296276,-0.06550074778019098,0.034979421628518886,-0.23490699760137665,0.20275582703829081,-0.11346283475481105,-0.05934207941099907,,-0.0348228687393978,,,0.03661682190690857,-0.07337751878347946,-0.06993505688671539,-0.011802189205296703,-0.03797763948733238,-0.1125319676841709,,-0.021498351590823153,-0.04672520036916118,-0.1347314286689877,-0.15737907676980428,0.014228394834738454,,-0.016686238962500197,-0.03975766886067713,,0.013245406964492954,0.10074722699844789,-0.43572084381360365,-0.023038999581428375,-0.034262941831645764,-0.009940330624927583,-0.073681506398714,-0.09980655110618535,-0.11278510130545986,,-0.049368207948888104,-0.014910658038540185,-0.09294036724973306,-0.06632621859290941,-0.0563883859013067,-0.04403477533873417,-0.07577456317687661,0.010618097576966972,0.00673099513013465,,-0.013398520128272254,,0.059931713560777165,,-0.08476059015376,-0.04480252483055812,-0.15739600429926523,-0.038056970196525666,,-0.06151008130677967,-0.08737730820790061,0.08717738848312914,,-0.06413645245201278,-0.08988390125114894,-0.09734306301273225,-0.07065127170357297,-0.02105089730743556,-0.014773971654687384,-0.018258918847677927,-0.004790622106923002,0.04453135517354255,,-0.08580676427685245,,-0.03214805394697765,0.03447308667787342,,0.14677832600115948,-0.22221862189422006,-0.07127948119646266,-0.04624646379432179,-0.05315735752343081,-0.08258771962480085,-0.012312609753039825,-0.1231860294057452,,-0.07677831359334948,-0.010892121223170924,-0.06633956363545773,,-0.16755886157068348,-0.0028090040557090653,,-0.17690282455055525,-0.04789669354571313,-0.05496639355664134,-0.11555030498066804,,-0.04336267503684893,-0.08898428960898158,0.015096986232877663,-0.0233081335796842,-0.059359530040649616,-0.09053445274762459,0.0442576449868493,-0.052190263325231495,,-0.08098636526217204,-0.013272443772822494,,,-0.0340921466410696,-0.010983289591718529,-0.030602128976128136,-0.2385358519531981
2025-05-31,-0.029458957762897114,-0.028237065388790266,-0.01913151640155888,-0.08831264123073941,-0.10095390167164502,-0.11989218552987349,-0.04095631627234871,,-0.15339928118420817,-0.13298652720099996,-0.1112677377540892,-0.01830261354816098,-0.08347349965557736,-0.05517771526447259,,-0.019586152309332992,,,,-0.06324695303144158,-0.05665127226526756,-0.06506609829931574,-0.055122511931853205,0.022739887365707496,-0.010284651217263342,-0.06274362436657321,-0.062987394164618,-0.08537369068993413,-0.002241082979704544,0.09790714765850238,-0.02316177064304142,-0.1441979624061306,-0.264460651355485,-0.0687887289279541,-0.06894889263982847,-0.05534932635844558,-0.012439940470233361,0.012113280844622418,-0.20342985566242147,-0.023537966315316416,-0.09063945898560218,0.10442975765789006,-0.07266183001974916,-0.04011692316913016,-0.023076132521776302,-0.06365975944749937,,-0.044592035454085806,-0.0233628300472243,-0.02245683424264694,-0.04162659351340281,-0.0208832875666048,-0.023146088330510028,-0.05711606577370934,,-0.03629869702155556,-0.062254815923139015,-0.13749043478870895,,0.03177631465497491,-0.0426777452700495,-0.03557090294641074,0.008912426851080844,,-0.13687894031194295,0.05461141172323245,-0.046282193730076714,-0.025757945055103412,0.01480353597023313,-0.07190550694729739,0.0314227346614041,-0.1755299009533994,-0.06808637173675477,,-0.01712688435150481,,,-0.08093842576197613,-0.03937099329406682,-0.06446953140413639,0.0047400217404990255,-0.025494624381177944,-0.09061686605821055,,-0.025520520317779568,-0.028252740544840036,-0.04005704614314871,-0.08982806640252143,0.0003565895635837517,,-0.009162636152710792,-0.04219324768138379,,-0.03279308519624375,0.010317128433534682,-0.36509605660205685,-0.01542149440307162,-0.02879908068488146,0.011626064640438883,-0.06787856232483169,-0.07773710480558932,-0.15660674643269296,,-0.042902449705042124,-0.012854203169637595,-0.01425426195098404,-0.08315823505312306,-0.04064826619076949,-0.09834923507513285,-0.05374847357664803,0.01524245276575869,0.02219552404512624,,-0.005938721334315151,,-0.15152937173001843,,-0.0882976704144567,-0.038432128805121694,-0.17437719335676638,-0.02388342618052609,,-0.041820530582246176,-0.08058407409943133,-0.206823816240612,,-0.06150116465029963,-0.07363679700235826,-0.06634947636509252,-0.025230664815105275,-0.12351753258639296,-0.013652127901559674,-0.016540119523757824,-0.0015778934666043959,-0.07224789340908087,,-0.074703328305997,,-0.028861376824232628,0.020385715256314673,,0.1913390404880698,-0.11911864789422627,-0.04605755030889115,-0.1437609044407261,-0.04908153156617133,-0.08065365427615923,-0.07962831384935871,-0.1317363312561246,,-0.09721297734846965,-0.025364881385614973,-0.07359962389324468,,-0.11909538123216885,-0.014643261688694963,,-0.06445185273427272,-0.04051705010531138,-0.044400476464712485,-0.0789966775619236,,-0.13979244696614168,-0.049888884918171186,-0.09597751548728926,-0.010570562750153792,-0.047940466162195244,-0.08766852693570899,0.023521951341474,-0.03522896227514546,,-0.07726433340399334,-0.010131782268641313,,,-0.039189183599210996,-0.00013138697060564769,-0.0362138618135775,-0.14472006109241348
2025-06-30,-0.1262573969199915,-0.12714147101686318,-0.1105444976975636,-0.11305132675158777,-0.11228223159134644,-0.28305070786037945,-0.09465195548425467,,-0.1068071760767228,-0.24519179158751717,-0.16624336637220657,-0.09731762858771674,-0.12632591607292343,-0.11584787234728561,,0.044561307064524436,,,,-0.16426455712107424,-0.12371094241955694,-0.12006729424449036,-0.13497347938366203,0.03277923680264815,0.05567835819231224,0.01694209600667819,-0.12611260906313856,-0.18742480802249142,-0.0879205746545849,-0.03293907228186356,-0.11164443352599296,-0.2693652252303237,-0.4012045310293871,-0.1396017501137359,-0.11762606507610379,-0.20909042384755264,0.15503338753232257,-0.014127667918621094,-0.2276205723987074,-0.05315969303071295,-0.11856873763208048,0.11491134002001091,-0.28267553462606504,-0.12817036050373537,-0.10485238387609813,-0.16216710886638624,,-0.11492674140579114,0.013160923593552077,-0.08767123960824445,-0.12501485762169365,-0.06242017306447031,0.005895429855395744,-0.11256158615951016,,-0.12206575181802022,-0.13768429483562764,-0.18548489223288522,,0.06456706202117697,-0.10309833346661859,0.012186332400929735,0.061028452612824614,,-0.3628029320592663,0.06430515279462912,-0.002071407486676424,0.09156048228230257,-0.02180048740686983,0.10642069744418785,-0.22673729449452865,-0.15251963917258138,-0.16350656148128434,,-0.0807818995371707,,,-0.17241110811038693,-0.11004691242875825,-0.13290279862202353,0.053298913021195306,-0.10724568584157164,-0.10458106898228645,,0.005044808257470761,-0.10407412747702931,-0.05827108737821613,-0.09742790217436936,-0.1417165580617501,,-0.0955745399924069,-0.12463430148531204,,-0.24109261224079606,-0.009973616357628133,-0.15951937953354509,-0.09935568246372074,-0.11637939352949626,-0.07927065106533553,-0.09802159652018004,-0.0974908637232783,-0.2965980617362461,,-0.12128633350560986,-0.10339350955847108,0.012956073813454864,-0.10357531264355338,-0.1114298360302335,-0.08658606096989253,-0.14339656800525935,-0.00381680601987045,-0.06585722707882238,,-0.09331689398513372,,-0.4033982414999737,,-0.18284817873275247,-0.12643855601333123,-0.28337225333583116,-0.11515202874897726,,-0.13230605700963294,-0.10345227606702982,-0.4034159643033706,,-0.1708928190526259,-0.1729580072702898,-0.1285999954085474,0.04408014708576898,-0.34398572728709403,-0.10297910281225299,-0.10353028572108577,-0.09596015691972998,-0.2968725217502449,,-0.16904443429951607,,-0.11026861998024073,-0.007562743211140533,,0.15028723837674826,-0.06575767107741819,-0.11581291412056627,-0.2844382766388334,-0.12044453827423517,-0.1058154928582096,-0.24499969271447677,-0.0881004562941916,,-0.1475480314535138,-0.0043254781207386845,-0.18318876249263413,,-0.12536160751587574,-0.10626042171627276,,-0.000372201107550894,-0.11968283564766662,-0.13954442126895317,-0.11339240859727195,,-0.34963631920921306,-0.09845827683333659,-0.3299531130056916,-0.09334446003982338,-0.11894570140765454,-0.1155409144048641,-0.010733283268231092,-0.10848922640955296,,-0.17784289442875348,-0.09479149672392963,,,-0.12393107006784558,-0.08918434974579602,-0.1138002952338124,-0.08810317509490377
2025-07-31,-0.1139117759646293,-0.12811632916766658,-0.10172971553397647,0.006078039047718141,0.01007776938160529,-0.2244188317824493,-0.026696454069636617,,0.15127624217934665,-0.17953835780719798,-0.10273215577877295,-0.07615850212008482,-0.028270623200347053,-0.0742139095196659,,0.28856775108324084,,,,-0.1517246058475151,-0.06453253728673213,-0.044773573269021254,-0.07389747115442138,0.2211742749198201,0.2504105566777706,0.22499222458546408,-0.06431314539560964,-0.14888894114197201,-0.0823650651969891,-0.09338363993079098,-0.09570733157362507,-0.1734845558888569,-0.2057927677127979,-0.06555075117227283,-0.04870339360347753,-0.2208738884748141,0.39690113470386357,0.06008882361671221,0.020191565862020918,0.07446225178296464,0.018223744585654383,0.251305347574447,-0.29425465891478986,-0.07693165856683211,-0.09311808468352692,-0.13448284816784653,,-0.07284534896576399,0.24502293467402836,-0.05183825478483444,-0.07754049946472395,0.06858564922879885,0.16634015320934986,-0.04760592595286157,,-0.10191389613584775,-0.086358782564022,-0.00254210206374297,,0.20275996864020837,-0.02716852133067704,0.22411239772030872,0.22735462181775554,,-0.3365321705721736,0.23360820953576628,0.21604945602015047,0.395988912740619,0.04617867442529431,0.40846645259596087,-0.34673680195982576,0.11377213627392135,-0.11535391018681647,,-0.0454427717640046,,,-0.0700194728491954,-0.08757142921897364,-0.06125780441738091,0.2344232605749895,-0.08844342177786454,0.030298460570498797,,0.18469450963726025,-0.07932353122447322,-0.0035601503425289694,0.013581869769939539,-0.1986328561076727,,-0.0930147655731762,-0.07993238148375287,,-0.3191455485450881,0.13859354246095112,0.3430800216481113,-0.09126870956213584,-0.09124689371506876,-0.10660846211909687,0.010824804798660907,0.0245761298088023,-0.19692269201976095,,-0.08541254566026384,-0.10058715334512751,0.08879366320962019,0.0445076502176968,-0.07841569827776379,0.13913149406958877,-0.12837615060990107,0.07854915447036565,-0.08817827029145141,,-0.09392548758026581,,-0.38009279300175536,,-0.12552351598135683,-0.10595925791026989,-0.1394812323902403,-0.11933064719499605,,-0.1201167268623144,0.02199312489755412,-0.24239430582389135,,-0.1582472961529785,-0.14638043530762135,-0.07594255279856459,0.23144536596473012,-0.32986947841732145,-0.09772140883595473,-0.09097649863712562,-0.105254878054372,-0.32220413106266244,,-0.13848993353798242,,-0.08553586504514286,0.07860608496032022,,0.05409452220407036,0.11081984943518802,-0.07152484576834764,-0.20689459364503301,-0.06909955846597768,0.019778005231006382,-0.22421602985715916,0.1713381113154474,,-0.03740264489522274,0.15378922236738932,-0.15794781464087868,,0.014275131050559118,-0.0903944075365623,,0.1561780670609143,-0.08266358702049877,-0.13374368467765307,-0.04096450353467485,,-0.3183100393215134,-0.03859500496465704,-0.35108898737233707,-0.08533096410203701,-0.07313581303088157,0.009230560479601607,0.06810781132525137,-0.07965768182318499,,-0.1563559130365139,-0.08627809196008714,,,-0.08321494713254275,-0.0975843530655569,-0.06792704410429175,0.11793940278907113
2025-08-31,-0.30328458525602175,-0.29383639795591676,-0.29140181177789626,-0.21113670519301048,-0.2036085142449381,-0.38994668317690645,-0.2522338399828445,,-0.07483718949767791,-0.3407790982598207,-0.2763057972434715,-0.2758667497377152,-0.22719344960758142,-0.2647767221240716,,-0.1067620322099129,,,,-0.30709653460605846,-0.2633808734412867,-0.2557736911444126,-0.2779067849647418,-0.13719750104767084,-0.08214606532233314,-0.05179668856808718,-0.25019812707293215,-0.31271044183546554,-0.2799660773102946,-0.2970983360352968,-0.28577954762347924,-0.3486591961857439,-0.36474010699366743,-0.2676709541223618,-0.24447319454798416,-0.3652953943383508,0.03275519487521005,-0.1983006765578849,-0.1876502348238421,-0.17977292502100842,-0.20953984147256904,-0.14194711367176924,-0.44394130419450933,-0.2860198188602594,-0.2816599065772788,-0.30657904662742613,,-0.2669457843864119,-0.11423109478657253,-0.2598494253124457,-0.27694341888681934,-0.18321407556105776,-0.1117256035799878,-0.263871424680908,,-0.28473326146381045,-0.27572015480470924,-0.20334044000804175,,-0.12408659454593246,-0.25295321746114224,-0.09059805976570684,-0.08415525982609222,,-0.483598462877135,-0.16719809792507812,-0.08253631221431426,-0.04437178937385016,-0.20686693836639644,0.04353644592160454,-0.45815425258164366,-0.08914141539364798,-0.3029088718464322,,-0.2590858398749679,,,-0.23003856869699826,-0.27072001952347136,-0.2651273287422128,-0.09773308603999548,-0.2835527006461817,-0.19535323913473526,,-0.10987389070614918,-0.2733590387904103,-0.216259464609236,-0.20498980993929483,-0.3523110822841183,,-0.28179314517887744,-0.2797210635205965,,-0.4419934728517805,-0.15666143579553796,0.1509288965719357,-0.2789534147721053,-0.29848130936760897,-0.2899516910441715,-0.20939730927232775,-0.20754993515322645,-0.3781863473729697,,-0.2768251390832643,-0.28749323641288715,-0.09866485225445099,-0.19627485159550007,-0.2647492596961431,-0.11854664957640386,-0.2945205647457757,-0.18118630941068456,-0.28247937525756595,,-0.28129533691590397,,-0.4604948715019554,,-0.2969769819891353,-0.2877622476643946,-0.3300937115607665,-0.29046067064751563,,-0.30642287766225473,-0.20305965606502974,-0.358352272684612,,-0.32877467901902097,-0.3222128228825063,-0.2582832374721435,-0.06000896621820819,-0.46201324978680025,-0.2852825798696838,-0.28363073197943256,-0.2917522419871992,-0.45844758077499476,,-0.30513238699743855,,-0.27515755440532974,-0.18851568752513118,,-0.2068145324918671,-0.1266561541457944,-0.276416330694823,-0.3445604364261414,-0.26337961520580144,-0.20346824468033517,-0.3865171370576411,-0.10591987042243611,,-0.22608539035300043,-0.10828551340800807,-0.3218625418204767,,-0.19933967074051145,-0.28625757581180045,,-0.11796039462053216,-0.27552551954002347,-0.29503410817711323,-0.2220785525766345,,-0.4522432446728104,-0.24672035554013216,-0.47924062415665963,-0.2804328270221683,-0.26584086423410996,-0.20678688247138677,-0.1937631973976542,-0.2716023013409032,,-0.29897543975203655,-0.27835080424143943,,,-0.2810440281561857,-0.2872360042983907,-0.2696093660394594,-0.13304611081343085
2025-09-30,-0.4314130069369112,-0.4491132989837821,-0.438948030414084,-0.34975652024244064,-0.3334001937286702,-0.41773536176971754,-0.38264324661672483,,-0.2812391738090405,-0.38946189491272754,-0.3602397203158479,-0.4212699769992981,-0.3892048220059206,-0.3974363698500225,,-0.17120548997162596,,,,-0.4369661835971215,-0.391132873014179,-0.3695252528217251,-0.3880314666620655,-0.2793697904581594,-0.20779500364816483,-0.24581611488661173,-0.39014516404869015,-0.4255765733969609,-0.4354951826572333,-0.5187276274854032,-0.43048607229956753,-0.4265982234436233,-0.3809950050784947,-0.37564087600358975,-0.36830680562023693,-0.48953596637800756,-0.08730939747051751,-0.36060440266242205,-0.32999094003961843,-0.372918016816066,-0.347031683637418,-0.23596737215509211,-0.4850257303212786,-0.4008138368632118,-0.43029643897526554,-0.43087493952015016,,-0.39984515068917204,-0.19310703448329103,-0.40010495920444256,-0.4087877684242879,-0.3852650547959996,-0.29544606810138674,-0.36751547369042,,-0.4283052643659621,-0.40334869412082,-0.3988442452721786,,-0.2835007811595635,-0.39164922788069917,-0.26085434372703525,-0.28934318300859485,,-0.47633906509195123,-0.25141371510305144,-0.26900396909264024,-0.0902334784268053,-0.3968708705991236,-0.05882167206623669,-0.6438237918493485,-0.32609333047354405,-0.4088212752478927,,-0.3974872561034738,,,-0.4761255693717992,-0.41222597273168987,-0.3775861608400691,-0.24701115056441467,-0.4197306622444669,-0.3346706543449948,,-0.28275977790453743,-0.41029088729814217,-0.33880625180346713,-0.32768670914023584,-0.49583350690611805,,-0.4378045361428794,-0.4015350182854609,,-0.5120047251944064,-0.3589787596535925,-0.11426643683042834,-0.43640155768800454,-0.41012773584759427,-0.45261323756165395,-0.36500632661516746,-0.3393025796681597,-0.365080995168705,,-0.4154634813870711,-0.44252620351102234,-0.3666979561598685,-0.3462782842865021,-0.418256317462724,-0.3026947555693757,-0.42954538313293744,-0.3559462573031938,-0.44445395962184314,,-0.4397457826974807,,-0.5936516693712028,,-0.40301843763316525,-0.42819456702478853,-0.29715131790091087,-0.44977936369880855,,-0.42583677834750167,-0.35291578868795465,-0.5708233262931152,,-0.43913227301587987,-0.4176390439741155,-0.3930814731405067,-0.25606023968194164,-0.4700438426288757,-0.4414761032555008,-0.4314634326886066,-0.4488878727547359,-0.5183363911929266,,-0.42629806511484275,,-0.42474620448089273,-0.35534613497754464,,-0.4655530044576295,-0.264277909227777,-0.38622895331272183,-0.48293282852575425,-0.40337617561288464,-0.35611258480646785,-0.4502704858973322,-0.24879869482968883,,-0.39865106554971697,-0.3298599225542122,-0.4387350967701707,,-0.3271476786629252,-0.43496009513485373,,-0.25506264326839695,-0.40734944760027886,-0.4481911554932413,-0.4031303039866752,,-0.45847052176605774,-0.37105238346763325,-0.5092109254734327,-0.42546937246689503,-0.40378656245323136,-0.35920119760648145,-0.3675645829630679,-0.4156679779522321,,-0.4492575085766379,-0.43544394437922934,,,-0.40728465894791976,-0.44287213542582027,-0.4059407110466655,-0.24659689999903306
2025-10-31,-0.23379618701451452,-0.2254124028223151,-0.2820156489058187,-0.1907588549306927,-0.10712286556197267,-0.06682854728341361,-0.2567437093722531,,-0.2303515590408761,0.021211708467757228,0.07262808336129133,-0.25446515831158456,-0.2964499585373135,-0.15536872152359443,,-0.11865373233290656,,,,-0.14500474014328082,-0.1728945404643791,-0.13867226675448974,-0.15320605925454486,-0.4453472749715154,-0.010761215893360994,-0.11517189239472471,-0.13215423554247696,-0.16508795657870665,-0.28732914063560133,-0.5907098092852994,-0.250871534423506,-0.31649018934217527,-0.19475772894608787,-0.11478952436703367,-0.07199176883857464,-0.29334092670918704,0.3629745561849601,-0.2836684962909136,-0.34394414983519683,-0.4678999136190964,-0.24618777148390722,-0.15939470055633154,-0.19016158084839943,-0.21401035578569255,-0.2467700717025181,-0.20628277297998676,,-0.16442043480995996,-0.04891039711530039,-0.20706228230929277,-0.22942939472740098,-0.5233267106672514,-0.23393219279327016,-0.12002356226530346,,-0.22766210993150274,-0.18577034596715206,-0.5569405965876092,,-0.28225613771694624,-0.32141009946206006,-0.29802130233750435,-0.36433377125760125,,-0.19887984762326405,-0.3737288688266791,-0.29998220464420156,0.0058346020674474265,-0.4643472112408362,0.3749379761494539,-0.7145747300098336,-0.41448518541662294,-0.17369735688673374,,-0.2114634640838215,,,-0.6307450374590983,-0.15824048186548687,-0.13157871005819324,-0.196632464985925,-0.2196120248486405,-0.1793218241993163,,-0.2594804518559679,-0.1789766507104441,0.03987135480734098,-0.06735704405975441,-0.27410961634965525,,-0.2633720150076763,-0.18008755318912714,,-0.10916723511787692,-0.5836990610534294,0.09446424514824536,-0.26858670779385757,-0.2080140283141878,-0.2590007994437289,-0.26179658883020857,-0.19154071142403362,0.07097501645141951,,-0.22663274469247657,-0.2811211914662169,-0.1617170783360214,-0.32578557305740474,-0.23203235059989621,-0.3380608549023652,-0.16041471270146598,-0.2879783302160976,-0.26021490365732153,,-0.2609237501848314,,-0.6544027245815242,,-0.10332413179969542,-0.22052584833587005,0.3171328546674327,-0.25549999405240853,,-0.20136525226006022,-0.2551018530347792,-1.0549380770765315,,-0.20114272754665227,-0.13472357226419202,-0.1207358221215508,-0.16117900018949113,-0.08082354032052796,-0.28453007370091526,-0.26011805481333056,-0.28392384669547405,-0.29814690705648894,,-0.1734480676981609,,-0.24559793205370245,-0.30266962839095773,,-0.5167202932578788,0.010235511803649447,-0.12386400848280119,-0.4701310124371723,-0.20741749922195468,-0.2651004707035298,-0.16545216157273407,-0.2055357865427228,,-0.3357385178213386,-0.3765468187221162,-0.20427635484555848,,-0.11881430352133678,-0.2930260251314179,,-0.0270087687391029,-0.18008498328598904,-0.22941089066202763,-0.27725562504956874,,-0.07442890859867506,-0.11082956006753346,-0.2090314419583903,-0.22652629444008676,-0.1924684371086801,-0.253374542266522,-0.3334627056949252,-0.22139734428797817,,-0.20059045286088859,-0.27687828865851233,,,-0.19603412613475615,-0.2680542402763489,-0.22480339607784808,-0.004771074627420478
2025-11-30,-0.5500420515000232,-0.5353369257772389,-0.6022240918430972,-0.5092581797942956,-0.43651306642440724,-0.2852591102877086,-0.592527084814515,,-0.5180901087710369,-0.2320541236210166,-0.24535977088405772,-0.5885816376189912,-0.588044392227339,-0.4840581541897345,,-0.5942225748922544,,,,-0.43565275806008535,-0.4929459705952899,-0.46764645082530987,-0.470334791167252,-0.8618878947285453,-0.4942526666026489,-0.532494425502181,-0.45047364394335626,-0.4354731064812186,-0.6252602823363435,-0.9360025838595851,-0.5733869473269265,-0.5034685511915697,-0.2848260256182218,-0.43088819097437264,-0.4074453329315468,-0.5338776740561941,-0.24232573962839649,-0.6790837950638466,-0.5322140950148733,-0.7966813252477443,-0.5531070592205806,-0.6967362566878259,-0.399978920407917,-0.5308740209422022,-0.5748095549302589,-0.4928238140155005,,-0.49331285424597815,-0.5013153588481569,-0.5544734203861468,-0.54296026305531,-0.8358341231159214,-0.637708456889965,-0.46129731374879446,,-0.5430073788953774,-0.4928543479146089,-0.7528136621571461,,-0.7424026719072898,-0.6403136711894246,-0.6999045316038641,-0.7972836785949495,,-0.3464415213021706,-0.8435847083660326,-0.6839677848328012,-0.5232510020580069,-0.8275964974392198,-0.18743754159846931,-0.8917286128093125,-0.6339554633919976,-0.46573130950087366,,-0.5651386119915363,,,-0.824920518689327,-0.4913272288964241,-0.45086441501632374,-0.6541935942993169,-0.5511598352280276,-0.5047998138854175,,-0.6613203987995739,-0.5166399240122812,-0.3608915778551984,-0.41692670015531885,-0.575205070505265,,-0.5969628508403333,-0.5019553747602008,,-0.3619385709634751,-0.9351443876717751,-0.13724325353185693,-0.5973008150122628,-0.5390137067188732,-0.6084331402121138,-0.5829400717034076,-0.5254923460744196,-0.15648076051328316,,-0.542634226232467,-0.6062472067988542,-0.5625934596408213,-0.6334819538784936,-0.5521964575628623,-0.6431280839710127,-0.46627101282399147,-0.6879129390947878,-0.621335991099817,,-0.5964170264763985,,-0.681182706203063,,-0.3842945464603392,-0.5335813761799137,0.05173627253334496,-0.5720026912748255,,-0.5176194043848167,-0.5720297358305838,-1.0059305826617926,,-0.4857749722418651,-0.42691911557844725,-0.440065002971917,-0.5997891739792398,-0.25397176358002,-0.6091227391739729,-0.588359828546874,-0.6159940856949685,-0.480548342877147,,-0.4576029990969739,,-0.5675803912804442,-0.6999749187226302,,-1.0240624811579875,-0.36422745422316277,-0.46228413586675726,-0.6131291144749044,-0.5242901810825615,-0.5781817883231434,-0.40127385598526377,-0.5302774120617157,,-0.6005875649120291,-0.7465477328803766,-0.4747098957733693,,-0.4341904573957553,-0.615126502372598,,-0.45802220724521747,-0.5041244447932284,-0.5276209204741398,-0.5788802857710489,,-0.24185706629481082,-0.46019466690150657,-0.3789634707347718,-0.5683632923552339,-0.5132041853174089,-0.559101373776206,-0.7236503018966439,-0.5483387752069743,,-0.46693174637994994,-0.6089652666774111,,,-0.516085832459957,-0.6080004042346817,-0.5475932388283462,-0.36173432601057226
2025-12-31,-0.4674370171091646,-0.4193785922738422,-0.48443692859302323,-0.40166669557287416,-0.38331514032530223,-0.28736325452859107,-0.493153261212639,,-0.21402580877778926,-0.2922845442807098,-0.3318926243960668,-0.47821304499854583,-0.42378388440031506,-0.4352962639585402,,-0.5285656546730519,,,,-0.3777923525496907,-0.41138616304662845,-0.4172266358508862,-0.3977942565534371,-0.5763964624485683,-0.4028669369433777,-0.33967299356969965,-0.35725936098748856,-0.37891310229036124,-0.49419053934729396,-0.5991267122586692,-0.46063350447442936,-0.4036356382217854,-0.21924151951408444,-0.3711446649581363,-0.370103873399225,-0.412314148537972,-0.3044184314117456,-0.5121666550004423,-0.2697390994449781,-0.4797641917705193,-0.4073831112398531,-0.5626381274018272,-0.3633398807640124,-0.4332728090126669,-0.47400037681697516,-0.4177626081583038,,-0.41692578141961506,-0.3900745241927698,-0.46187430719947437,-0.42665132127305283,-0.4665246042654749,-0.412594816191672,-0.4432616005653099,,-0.4427746832371306,-0.4130303177616521,-0.38206116677961927,,-0.5612671616399844,-0.49347037081936207,-0.44829685018177784,-0.5224677675094939,,-0.3586560815970969,-0.6854466180738057,-0.3921713757567924,-0.502939836587769,-0.5774039379300793,-0.24711360109317013,-0.5377254274667216,-0.21161887310132194,-0.40357068730939766,,-0.47513341296484946,,,-0.3653997376839954,-0.42799778762267765,-0.3856181469270655,-0.4773954612826284,-0.46720181454106985,-0.39105075069764605,,-0.4259054509286974,-0.43818965130310145,-0.39463252908844526,-0.39932954223478323,-0.4736290226513675,,-0.4768009023464608,-0.41735241051914324,,-0.36464102984339364,-0.5421820434425754,0.21740242520578426,-0.4735555205804399,-0.4850446328157648,-0.5031483841787029,-0.42690173261072817,-0.4267260250411013,-0.25200210427251973,,-0.4433143332483873,-0.48110434767010524,-0.31764385708676607,-0.44300430182460215,-0.44025094513608953,-0.3211189123185726,-0.4053779144959181,-0.49282955147026625,-0.5055148642554951,,-0.4730362383405895,,-0.34210884701756106,,-0.33110048921046337,-0.4373051809338411,-0.10230885176107862,-0.46063543105093047,,-0.47650130429679954,-0.42213669856286895,-0.37424115438678895,,-0.44297628863080607,-0.42370100938641675,-0.37790781803947543,-0.38596626034621584,-0.2699077475166754,-0.4799296513988161,-0.4718847928943518,-0.49168169656870997,-0.3929421193456205,,-0.40324959331315546,,-0.4478858056429337,-0.4922591215215256,,-0.7725256369718114,-0.3449972864485503,-0.43335154907722345,-0.3831190309516984,-0.4151919373248895,-0.4175160849828937,-0.3528725517069043,-0.3273150833252368,,-0.3881668094096921,-0.42403948558820287,-0.4063738714639689,,-0.3769328817020986,-0.4779505635336898,,-0.44682463499300945,-0.4179022771348841,-0.4228909782844615,-0.4355273327881695,,-0.2639508877684696,-0.41859244881276536,-0.35351284875014294,-0.47167414371406374,-0.41897158166186843,-0.4021901708285746,-0.4979933707023624,-0.45437893117918154,,-0.3597772916499464,-0.4788731552731738,,,-0.4215918754041024,-0.4951665477647727,-0.43201172818319594,-0.36238798356026425
2026-01-31,-0.31118797984764407,-0.276265905930457,-0.3237171488521404,-0.29050369158158795,-0.2867632634889467,-0.1732752792081013,-0.33866538754118486,,-0.16575324295257576,-0.20625112374392196,-0.2487028098071662,-0.3171403348504164,-0.31080477931612455,-0.3067485953942118,,-0.3204476959851679,,,,-0.25906743626104684,-0.2780106773912048,-0.2862714888592786,-0.25713764420412377,-0.34103516930378236,-0.23005145772816388,-0.2282704905760626,-0.23810750499706917,-0.26609820146126634,-0.32276947180993265,-0.3509186766959264,-0.30423285522383026,-0.3026751891611754,-0.1913569707908681,-0.24316363614847333,-0.2540888450940751,-0.272678149735957,-0.16249577956996722,-0.32401856239599836,-0.22514696230165032,-0.30994106371868463,-0.2900361457946689,-0.2728868613755127,-0.21191119506216438,-0.2773365934366116,-0.3201974383729074,-0.2891290240824386,,-0.2786452639968971,-0.19942959755691086,-0.304968753093306,-0.27831633732149513,-0.2923935184822672,-0.25765612226659695,-0.3044300993895441,,-0.29859779283001836,-0.28391862564937764,-0.29247385862617553,,-0.3481628750572388,-0.33662164707835124,-0.2854028223631717,-0.3367738555402662,,-0.23422073264715118,-0.40792693115078954,-0.24419853621401968,-0.29705605122558876,-0.3819750434294109,-0.14089299207343262,-0.32367581486346586,-0.17573737167849074,-0.27137499013259503,,-0.31263173453797827,,,-0.2529264093643988,-0.292109919232023,-0.25464872674347294,-0.28561973337573526,-0.3118241886452459,-0.2813581174109172,,-0.26340766406413735,-0.2887173924088661,-0.2669359861570607,-0.2957773701891003,-0.3034646705475706,,-0.3140624619996877,-0.270343494841432,,-0.2086419846789691,-0.33425915317438276,0.0612824460276724,-0.31547458823749686,-0.322151461661678,-0.33005696947410457,-0.30032233455947266,-0.30339197513728106,-0.15944661351793304,,-0.30072201979074514,-0.3192208221723059,-0.20917141597101194,-0.3156918016789226,-0.30207489758225436,-0.2106006483695915,-0.27923683770569874,-0.3060668308597877,-0.32260353235214,,-0.30928775024447336,,-0.24600605366055997,,-0.22154913171822527,-0.2941921528807695,-0.034841489355273175,-0.3131531988262638,,-0.33003610138542616,-0.3023165759276711,-0.3025717003490298,,-0.30881981557370447,-0.29806696860858956,-0.2615956405052307,-0.24217196540934408,-0.15402489731075775,-0.31858319185288403,-0.31084210101809684,-0.32250646197050414,-0.24030249985547275,,-0.28535528228253154,,-0.2978180617085097,-0.29581579219660087,,-0.47485151353922744,-0.2722160721396709,-0.2900400446280155,-0.29496437208240317,-0.27834827208340723,-0.29794116711049534,-0.21577192383093127,-0.23585659238823745,,-0.2857813629966286,-0.27354136940717183,-0.2832337566181374,,-0.29139372708494676,-0.31203698369083877,,-0.3272037748627895,-0.27478961574265803,-0.29112890665275293,-0.3321462925406191,,-0.1594243507316542,-0.2842401009598011,-0.21586947688027913,-0.30833466003092763,-0.2824447402251647,-0.28958733600856806,-0.29978901700706756,-0.30915866325149227,,-0.2549846614759468,-0.3153629401350396,,,-0.2729046507541919,-0.32562312742728106,-0.28179787803589657,-0.2954661107414347
2026-02-28,-0.01427935914530155,-0.004038357022315669,-0.026036070877902367,0.07000340286001323,0.08427898007703269,0.04233914570745427,0.021541324034522743,,0.23528446463553668,0.03919093431078739,0.06598656336735127,0.008283568766921079,-0.003750209481427958,0.014715209920032883,,0.3835718232802277,,,,-0.007271926959825743,0.05156284378252449,0.066635665850279,0.07777507970046936,0.24828543719072763,0.4294847314389032,0.3215638863020992,0.08650979331417868,-0.020844364247756916,-0.001420899098542307,-0.04541293334314561,0.0017810782838027848,-0.12156607926462525,-0.07158169916202689,0.0958841755905932,0.09644336396814279,-0.0923300946620881,0.676453813973718,0.12824918176455058,0.04565126576786302,0.08898816525135264,0.07270698350067924,0.46463964999001794,-0.048089811494952076,0.05460154910160935,-0.013659661516394294,-0.028071931620601214,,0.05044860363450694,0.466962497069067,0.0479477068396198,0.040739673511135284,0.09133825642157578,0.2582991365348003,0.059288133713831084,,-0.0034254269243496984,0.021011315819354125,-0.05318958597297104,,0.24357807098106546,0.00894881588697264,0.2706462700895072,0.22486316800576694,,-0.12738911083786714,0.25456700887757466,0.2888094223542773,0.5230488951109277,0.02040364761948189,0.6779756492080523,-0.2819099470904615,0.13610140051079825,0.01774874275130862,,0.04991024577169138,,,-0.06952452298785204,0.023790996390929332,0.08635992600183282,0.33239977566074846,0.007546129762058251,0.09988409511191676,,0.2692936949261696,0.041927458042191,0.15846512907646437,0.0950940109211561,-0.07306528940548049,,-0.0038147114983822046,0.05829891162363665,,-0.043528545092506796,0.12361897835178853,0.49523468147140215,-0.009572346674249636,0.007166319721196418,-0.020333211868899786,0.059885798409735964,0.08408263617507575,0.09500064323874641,,0.006985945729527937,-0.020035087492446552,0.2099251226422723,0.05754096204566805,0.004512678826607628,0.21562514891283108,-0.005548076196559439,0.15737555814675044,0.010875903705811775,,0.0014851279773477174,,-0.32389773507199626,,0.05444774112369983,-0.0013340175439294536,0.3021066879302992,-0.0368678345597558,,-0.038407884275979735,0.06270750145989869,-0.3959208406798714,,-0.05896605597473027,-0.0293513653521839,0.05454217832109527,0.332168461502982,-0.02369090551921138,-0.018531680859640506,0.0009238624717983167,-0.021048225200503905,-0.12537618294675737,,-0.029427709357868634,,0.01119965657095404,0.17376110522692392,,0.012579857120043714,0.18532778092897279,0.05691396374563487,-0.19563767105122531,0.04133520306363784,0.062326388530389513,-0.004890685507944802,0.23464060256298286,,-0.0068952114486472696,0.19034024077145098,-0.04520553651099294,,0.07007973667372216,-0.0032765884728718935,,0.202755250993412,0.04716392451977064,-0.034682303249329395,-0.0410704853461191,,-0.028655652712721177,0.08264208011288032,-0.11438808165472762,0.018517227071890453,0.03755869490134166,0.05836684820505766,0.15493529285482982,0.006574225890023614,,-0.03539870268253912,-0.002315275434723824,,,0.05043885208429306,-0.013599107584535081,0.0475542469664514,0.16113229058372835
2026-03-31,0.22747929172116838,0.24545329010840247,0.23128345955831883,0.3515425864977236,0.3703469597507657,0.14892808254318426,0.29662235153858085,,0.5692881727225607,0.19425169172919785,0.29601666284887496,0.27670697072377454,0.27020878322733577,0.27932417894074707,,0.7528589641510699,,,,0.21631532675556778,0.3072648017687271,0.32501104689919197,0.3168926810473878,0.6100623401502026,0.8268965540614399,0.7273866431590715,0.3471218505742612,0.1850457179996343,0.27166425774090946,0.2522943034218499,0.25914451632603286,0.02097984598462476,-0.01723119264735157,0.3363258289701507,0.36297796230011276,0.08346640600788871,1.1676837623724707,0.4631465747670908,0.26952240442512476,0.41026278502002644,0.34869848602102943,0.8543249635924894,0.0421981194261753,0.29425388239369266,0.2513833376447261,0.19475318330467964,,0.3109976085776682,0.8145797989933493,0.3256375525341855,0.289373110735181,0.404930703270001,0.6326051654895832,0.31827840693990517,,0.25008599949523214,0.26641388074892675,0.1959875268109172,,0.6394457966462562,0.2786799939219746,0.6499354031146386,0.640737456711549,,-0.09839843030232791,0.6138731660596598,0.6647399636923377,0.932277129870074,0.3540043477943646,1.1441608965177001,-0.1440580068724001,0.44539365771621214,0.23524475084777455,,0.3309113318253808,,,0.18350047909699105,0.289870892114364,0.33234161090122966,0.7266239582052391,0.2676012940630138,0.3901830571787802,,0.6395926092032233,0.3066773195193949,0.4679397730377901,0.3883373056049224,0.14725776902266785,,0.2658673417562061,0.30497907386736955,,0.07906416149035253,0.47033955251396975,0.8923147983355362,0.2597146170683776,0.2524239889194572,0.2579807099514703,0.3508947427524066,0.37289493075314667,0.19315885066935545,,0.2622141533941601,0.24359308706375132,0.6168460792582998,0.3467470923940604,0.2725858248865988,0.5358235061831302,0.23439917030314816,0.5040347063289882,0.29636398059909574,,0.2726734500440949,,-0.28602851828189335,,0.26382810638797966,0.24817713189079954,0.4156494093422639,0.22279482191683833,,0.2010286218309078,0.3522613900322631,-0.3160490499353265,,0.150886210438038,0.17971307502536024,0.31317621069537205,0.7466674300145579,0.023072008331037935,0.2461026589826951,0.26375712451108696,0.2452926126641573,-0.04319362504712594,,0.19137826346493356,,0.2737915237122571,0.5117866740147077,,0.450765795112218,0.5249175878876625,0.3103601919742855,-0.049164620497259365,0.3003379859357199,0.35049427861627414,0.12996301299554344,0.5560863991787119,,0.25626805102501815,0.5667499392482002,0.16045792477476173,,0.3510852756264397,0.2559723876533866,,0.5778365011087119,0.30107775635216033,0.209832717441085,0.24986498841890326,,0.01932312926646763,0.3581924834257648,-0.06060478235366603,0.2876562455601618,0.2971088278662072,0.3408296913501032,0.4906897206895348,0.2721279771340929,,0.1876583535747932,0.268550602590047,,,0.29774585731434006,0.2580218563836745,0.30561165662302064,0.4830859864462275
2026-04-30,0.056357145456055135,0.05497262513287204,0.08501802820033692,0.20744752272253963,0.17662858806247558,-0.11251600216198915,0.17978881262665866,,0.5218015542426074,-0.12929178102831607,-0.045119282050522846,0.13338111956400547,0.1505128979456431,0.0707603963825623,,0.8118189064997776,,,,-0.031205956712277095,0.13097491471280756,0.14227071867041788,0.14310816722075448,0.7935260101129891,0.7870401679786907,0.6712775642492897,0.1491523337359826,-0.04697910695442576,0.1428299528538757,0.2971654357076336,0.10458396728043033,-0.14071420983465668,-0.23879297428286023,0.1444535599318335,0.13817224586134813,-0.10968832400101633,1.0073313572616827,0.4244802582868305,0.2134908943539521,0.47174898724140973,0.24896778771595496,0.9632055801747978,-0.1897120633211885,0.1529490302108143,0.08661244669057797,-0.009672566373445409,,0.12462193625856609,0.8366220601815553,0.1738075072605594,0.14474303768999824,0.5008690450863804,0.6276873037443491,0.12442039934994346,,0.07413666591173211,0.0799499488543757,0.22650133474664436,,0.6922710302208155,0.1983241360629545,0.7179682229778376,0.7265762280385641,,-0.35208725181796446,0.7849603663232085,0.7297528618039943,0.9990915855932716,0.3831652337999885,0.9811821977238241,-0.17156760801450555,0.46026040977507826,0.040212655101693216,,0.18644178247110343,,,0.2213389160316879,0.08043779895497198,0.1481785427159294,0.7653851406824864,0.09924932290551426,0.2565316090022092,,0.6677621465358251,0.12521553712259412,0.20596850405996017,0.17653245847851698,-0.04820181733855279,,0.11482788529884233,0.13646275614418582,,-0.22560573380168297,0.6465271707828582,0.7217507087347814,0.10917216760612827,0.08653385135134381,0.09232342272772813,0.2486511026874664,0.24512983176414657,-0.12104299393112397,,0.09629544974525393,0.09647231612348509,0.4776343242151827,0.30009654369627037,0.10456056045199758,0.5707010517440785,0.004085585320635365,0.47980787856667745,0.15110459342171473,,0.12090847519179954,,-0.37846564952284023,,0.02797762776638003,0.06807624748968281,0.03411465607858184,0.0417545225016354,,-0.0017461528305287954,0.25109353445640636,-0.1569201778284543,,-0.06951995293526884,-0.06655605495165086,0.0930151084253149,0.7327561481190198,-0.27709912235771644,0.10219750390406844,0.11607336358962118,0.09863510764697676,-0.24681916575289903,,-0.037849971458816314,,0.11922582487430079,0.5090378473193301,,0.5031026138228917,0.3124049023251888,0.10935316417170328,-0.17100365770640547,0.13796954243521636,0.2542283391591479,-0.09322203169434634,0.5305369941365684,,0.15367825398637872,0.6133608980116333,-0.056767382309504955,,0.16013530042483817,0.12994856396592414,,0.41895302367718773,0.12257186208685829,0.007454554946838366,0.0890111857358675,,-0.2849033754232126,0.16047450610705016,-0.3198382203201905,0.1268966841087182,0.12255205888643245,0.23078984010272252,0.49608718510990585,0.10227822891739219,,-0.044670709241689095,0.1290757708048536,,,0.13460628911090744,0.1062736271004543,0.16172009868314263,0.28259349312597964
2026-05-31,0.7915530545712182,0.785717100520588,0.7732043784027722,0.8696402653260621,0.9129267164059732,0.7311842979246755,0.8552381569761874,,0.9613735322388124,0.7760152295656123,0.9127143818899579,0.8432580278117134,0.7125966503849056,0.8418097294983358,,1.5866179400428422,,,,0.7548465156254536,0.8743860517185318,0.9129921070261592,0.9146630332391662,1.2692404362984677,1.6529320295317391,1.3411267688302182,0.9135688061523871,0.6983164544674667,0.836890180903864,0.777630810179792,0.8155820480919017,0.40246487600177383,0.29438781231071254,0.9348021690860647,0.9641419216063054,0.5562691036819115,2.206969879205279,1.0942593609675895,0.5513197387274846,0.8829165039713917,0.846540218868353,1.8369142057108012,0.6068577129531838,0.8825084898879343,0.8031937465745876,0.7151058349964332,,0.8924165970755112,1.6603649158388787,0.9205048527980949,0.8494983449848625,0.8510661614301132,1.2501172242769978,0.9337678072104674,,0.7944336762042293,0.8108786289361788,0.4213759760517535,,1.3510552126621589,0.7997392817492596,1.251723874978219,1.2414964182812782,,0.39381202307424396,1.410901322807693,1.2346620207889272,1.867221233304179,0.8715843360064087,2.118845316602914,0.18207805829092485,0.6793609496370643,0.7916956792806028,,0.9356390731500102,,,0.3990544137395305,0.8651255839083627,0.9255804276234302,1.4614990925599343,0.8433388043420188,0.9182119413177735,,1.260541756874541,0.9004425558980099,1.1752395433879586,0.9724068201863535,0.6990626459474693,,0.8266574186782499,0.8956246542471203,,0.7004574015536303,0.9596784620088884,1.1079019796501375,0.806949047766687,0.852129249751248,0.8394404768230294,0.8549619556270011,0.9197001971485743,0.82797871914541,,0.807010974601685,0.788898820230573,1.1648266152590816,0.8155951323586101,0.8043635264830387,0.9879026406986433,0.7809226523697552,1.134092590351182,0.9030263653041393,,0.8374995962569627,,-0.17321656746744213,,0.8204798217244623,0.7948031407002307,1.183373033515737,0.7500939274030289,,0.7620660285439983,0.8481772556800821,-0.5043915298745075,,0.6807919253168159,0.7389170767513867,0.8762501076869375,1.4008518302783968,0.5833715689492992,0.7885464476887641,0.8242626848280822,0.8033446952494242,0.44352193983794,,0.7095383445004199,,0.8221629665174053,1.1551897647443883,,1.144600313322318,1.1127077957232077,0.929827212002729,0.19411771958687662,0.8507411851968134,0.8392235217732413,0.690879824048791,1.0590982666937696,,0.650139951800463,1.0743982847422855,0.6667347737268741,,0.8622499603682405,0.8055371017936241,,1.2463911989580916,0.8814743742879824,0.719910655650555,0.6775874598162668,,0.5606081636740706,0.9725784620609821,0.4508067501532451,0.876753060799156,0.8554883300038308,0.8208945736550048,1.114858036464492,0.8258875134366865,,0.6574653543924895,0.8232646217095202,,,0.8804135632115397,0.828483301817496,0.8740354152576185,1.048460891997804
2026-06-30,0.2966237782313531,0.26698908507268626,0.22347424112353323,0.3091705870169406,0.4261795800738742,0.41930303976742717,0.3012795287078253,,0.14553801956479007,0.5162213630226845,0.6606759759202152,0.3029603307192247,0.06987867735881872,0.38141308461477497,,1.0348459968234625,,,,0.3197602882597913,0.3808976734347102,0.4519391936976221,0.44697692675567086,0.4250350683254598,1.1271513740779575,0.6633174998266884,0.42390046070211795,0.25277411504511077,0.2710528077890672,-0.05725244443570651,0.2811035204850109,-0.14026199652141888,-0.17430495943676405,0.4867561240604995,0.539139174939066,0.03912745906603836,1.9065551397801124,0.4549572723105427,-0.23231832370911007,0.026131942005197268,0.22930580831792016,1.2632348577054144,0.24817366251503137,0.3739512248196722,0.2765211937621746,0.2355546642271718,,0.41161037237852327,1.1182480504444816,0.4058403043687224,0.31424948520980567,-0.06781470421604228,0.534162362128227,0.5112555368840024,,0.2775991173923595,0.31890870526713283,-0.5244013222724946,,0.657597268464887,0.17964640011200717,0.467509129507939,0.4115249473934226,,0.07709867322459762,0.7157470084724088,0.4149438783938827,1.3692662983147346,0.08731511942068895,1.8045800191440424,-0.6370610856834373,-0.30806938898404257,0.3343360866819463,,0.42088329781032846,,,-0.6172253932214952,0.4002216837147489,0.4642156351070757,0.7933020153142891,0.34292253796416033,0.3487382473306487,,0.5221749561848192,0.41790736349395563,0.844480688916886,0.5337248870687237,0.2079825164770042,,0.2808077390859253,0.40945576869034145,,0.41807112836388194,-0.01874588684093517,0.24210602856404145,0.25293960762031736,0.38692246437179306,0.3154645314558648,0.22704202719170533,0.3642940526867435,0.6369502428654572,,0.2848162410986677,0.23336718353705208,0.46842262131994483,0.11893579481492346,0.26356922042548797,0.14145071733445821,0.3293364309723873,0.4628406811063394,0.36817270867721535,,0.29104415282025126,,-0.9840243816946506,,0.3985142097808279,0.2859309608744907,1.1260616011822082,0.2175004376547808,,0.3122337781253596,0.22135499834495181,-1.8010436534436445,,0.2407009057731495,0.3538896191313507,0.4184917392313417,0.6968112769140674,0.31968401932420276,0.22688017350797204,0.2822773145970477,0.25183165193248386,0.003364991631926029,,0.25837005979649186,,0.2777967157349881,0.4730659817740754,,0.36622696526166637,0.6572276718831802,0.5082106748298937,-0.5195445051557557,0.32195475782701505,0.20008303860604526,0.29876616861970845,0.3484350580116594,,-0.049250983282736846,0.21517183957593974,0.20084935499632947,,0.360422421627639,0.23417133021254435,,0.7812629634637667,0.39203392494945427,0.20459970776212455,0.05732472751487808,,0.2950814649689692,0.5293059865787403,0.10850926910919326,0.3648846824068009,0.3465258850948981,0.1913564755457782,0.40847823567575037,0.3082610412947824,,0.15204055236069522,0.26110833509263526,,,0.380632079939161,0.29044243429757777,0.3380202457737716,0.5976593084026558
2026-07-31,0.35281609005897246,0.3424326745552188,0.28905081748673483,0.35363776751979586,0.4988605799439511,0.3484800366154371,0.34216999163790796,,0.11617363422705013,0.5420148808669035,0.7685641780169415,0.3608900066660637,0.13143815140428072,0.4732196316969923,,0.8723574841963627,,,,0.4030605950476243,0.42356689175212614,0.4923161167851306,0.4542286653167351,0.25393651641343495,1.0422217029659897,0.665650013828558,0.4699500289103971,0.31297985159511826,0.3303683293713142,-0.05428413881559724,0.33765929242752896,-0.14299145430117916,-0.2616779909727532,0.49810676125427616,0.6013207266408135,0.07866275931553139,1.8723754429736958,0.45870345889305597,-0.28533459490174207,-0.02097291989783031,0.23857741352200124,1.0472680772223255,0.18622667099856044,0.3729368588421892,0.3561484173116703,0.3007331189865398,,0.46642835486908935,0.9157324929181855,0.4584684528202827,0.33464085158355883,-0.14481994807447574,0.4985930422642358,0.5610042654727178,,0.3466840859109919,0.37266925261378697,-0.550444613101246,,0.6095419592186708,0.19961615026879684,0.38403120455776574,0.3819735216816969,,-0.0003320127680763885,0.5360124117112226,0.3236066473390732,1.1717885179674978,0.10571653587794622,1.745262275834764,-0.642299709570118,-0.34701409558515184,0.3622031082970259,,0.4708669907082673,,,-0.6313106987016532,0.4899267231800141,0.4819267008032496,0.7074243316389903,0.406974684459175,0.3811893705580984,,0.4544976930970191,0.47809821819303455,0.9428409187852378,0.6182674113197153,0.28664802063505646,,0.3520898489573324,0.43237193729301493,,0.4361322166180876,-0.12862292313558624,0.2476591329754198,0.32699210939464657,0.4302390312289565,0.4133129132665873,0.26187748197243815,0.39755404921435233,0.5595844604373148,,0.3438454610224703,0.3039684264204536,0.5887269671716743,0.11823220716408468,0.3410776789031935,0.048893112920358466,0.41877416521004085,0.45710322910276024,0.44440058201220767,,0.3618874440083819,,-1.0316911377250582,,0.4258963904070402,0.35191570269478495,1.0006932503405237,0.3149388476568312,,0.3974477817260347,0.2524275138365386,-1.9096651731665388,,0.31538233293461587,0.42744923717368166,0.491959620854015,0.6746864987722316,0.23948461698112444,0.2960068154928449,0.34090818502532727,0.3252097229374642,-0.04312008061870847,,0.33781751258301007,,0.3362827681037162,0.4347732061514801,,0.48623428009634717,0.7503753925038734,0.5579334499988403,-0.49654363566959187,0.36599469001391044,0.22720206494998882,0.2612265871356195,0.2813478986565104,,-0.006046633881510023,0.18974556253677213,0.2637566516335846,,0.43390718927615307,0.2775017150562414,,0.86677385680136,0.4360327979430096,0.29832902281289203,0.18444416136261382,,0.22195991572222404,0.5901179770712772,0.05774191757785717,0.42881599328805325,0.40033850367101176,0.22336871140983255,0.37301781304464654,0.3814245260009771,,0.2433748712755346,0.3258707342554758,,,0.4053108334392806,0.3686124780523651,0.36498212068332825,0.6744951712757955
2026-08-31,0.41708539445707504,0.4112049376888886,0.4020678122732083,0.5178304677392296,0.5714017195899259,0.3428367058981849,0.4823726150929196,,0.5938953945165211,0.43231943447094934,0.5757805628829128,0.45763679732695556,0.3917417786303113,0.48936320860518684,,1.0222177500406564,,,,0.4048620912168685,0.49490954426226635,0.5341481984440644,0.5101896422638956,0.7283810147956211,1.0810764151901997,0.8830184142637986,0.525375867357851,0.3642534519289258,0.4437115641723006,0.31752764320099686,0.43337536682257777,0.13561615384610004,0.0652664340048939,0.5347580825606857,0.580926953125458,0.21659869138843027,1.5597859951350175,0.638887980918511,0.27611544041958186,0.4644125449226886,0.48791662724252155,1.1248358291512432,0.21624162140831382,0.4747757332741717,0.4344892168180637,0.3720407564521202,,0.506596357081922,1.0464161710289788,0.5219686449290094,0.45614433209595506,0.42180844675794094,0.7708160993873938,0.5531485900389481,,0.4268511397268172,0.44907027055012366,0.14849041246000377,,0.8359136648438743,0.42918162058697745,0.7711584896497979,0.7648865822575698,,0.07332340597003256,0.8368471788587767,0.7525562471464976,1.2498372428008038,0.4667836431731544,1.5101428294173067,-0.16307541801759468,0.3682947547945028,0.422961850549636,,0.5321986352555906,,,0.0882678982477161,0.4948743571865528,0.5291555228550259,0.9212506975706992,0.4624984269087205,0.5552626667649326,,0.7715159941765624,0.5067277828445195,0.7577413403834894,0.6203779339639218,0.3230840525105772,,0.44144723963514293,0.49420305852768115,,0.29689867516120905,0.4936786043907965,0.8286214376495936,0.43021426868344326,0.46594767649290586,0.4511614157552922,0.4918217022135164,0.5526056578438266,0.4426319923088168,,0.4391587195634665,0.4124236717043487,0.7371871564262829,0.4604152594294112,0.4430409586260387,0.5669201898048309,0.42829112893172044,0.6646886209384947,0.48971049132164884,,0.44743298984282476,,-0.37985136219634097,,0.44926622128825316,0.4262488460984681,0.7130625371558281,0.3942112923800133,,0.4136025823706357,0.49361536804058215,-0.6247305241043609,,0.34759627446862446,0.4017834168590456,0.5098116666727828,0.9040621542389061,0.2079376367726161,0.4121541001628308,0.4388659408907364,0.418912176473834,0.08890144686479282,,0.37834086106618914,,0.4425336283605697,0.6654170098793815,,0.6415518810225518,0.7603602488015598,0.5389318696889431,-0.03239220547236139,0.4708895543871404,0.48381846518945604,0.30474113475578696,0.6624642406600035,,0.3362189701193885,0.6315926220298144,0.3343085393120466,,0.5416173169188956,0.41680647581105473,,0.8488001428873225,0.4897118605612763,0.37519007399946075,0.38678937975890865,,0.2031854129905681,0.5820586293167339,0.10139866811894858,0.4808092155208924,0.47818295362994717,0.4723632633612867,0.6309820576451132,0.45729634173881056,,0.33415145480551467,0.4375245315964943,,,0.4806041070123307,0.4417954428953806,0.4769693038315247,0.7211365122824797
2026-09-30,0.19020277114980946,0.1912142243381079,0.1644693454910574,0.2996962237271708,0.35943476154239606,0.2095575556482651,0.2404024529973524,,0.40104244519196125,0.2879210667393224,0.3982080624767265,0.21761568055368827,0.16979947876907733,0.2672303064377463,,0.7354657145651631,,,,0.20866241290365006,0.2789180394034842,0.3180425220042975,0.3015403887183261,0.42237654834837035,0.8109595931982567,0.6307189712114419,0.3197350871514414,0.1763773218534797,0.19600374190633155,0.018928558910017847,0.2012018913840653,-0.030506052502999106,-0.01727033840707086,0.333643125365613,0.37331268634688447,0.02500226993026692,1.2848345339372922,0.3632267606231365,0.11530849431572855,0.20049645518000747,0.2690374055575558,0.8029282755645331,0.06469566202824295,0.25558004450750926,0.19786979507909044,0.16707151084574198,,0.2864771435954307,0.7938480640927167,0.2832579517443283,0.235685878281576,0.16078363992271721,0.506034508652707,0.331250522253813,,0.20217285723045164,0.2372029931602331,-0.05558804065769612,,0.5259407850234259,0.18752950491436152,0.49754565952362706,0.4581082560098596,,-0.0469744179162961,0.5071396208680237,0.492103085413353,0.9566922988847985,0.17601353471486925,1.2634490696905183,-0.3879416933364279,0.18422620700421044,0.22277057206557357,,0.28887786397891885,,,-0.1239699137005346,0.27099845064915457,0.32262453128922447,0.6324520850781775,0.22930491281111268,0.33642031213688767,,0.5046617047849099,0.27847025405883685,0.5293507147164894,0.40222452917776497,0.09741218054877572,,0.20000503933222552,0.27719249725623035,,0.13139769063279735,0.2003150421993151,0.7360159084234359,0.19049106556337383,0.23458582257645147,0.19931367310021697,0.2609670010492738,0.3253070911505263,0.3269835538772326,,0.2146026679609741,0.17246993162108654,0.48322113154856866,0.22749234020497186,0.2147501231748154,0.34624354264241425,0.21974566040768087,0.38786741597813645,0.2327224711214512,,0.2057098217950324,,-0.5050600631045556,,0.26991447003774993,0.20433730881810533,0.626346680429906,0.16236614160567803,,0.18910561303333684,0.2661899109981108,-0.7701477965077523,,0.14226510281395022,0.20343216270628897,0.3024119717854632,0.6326897178734531,0.09824645462917289,0.1721085772617499,0.20156269300525398,0.17428101086891146,-0.06706403922658769,,0.1795023542876608,,0.21204295613475502,0.3896864134074972,,0.25237528365521483,0.5430343081588485,0.31894560735531535,-0.19811799346853748,0.25128210219712793,0.25745978603843706,0.14229070181088566,0.44854323140151714,,0.12562966002831624,0.3620183332627726,0.13884013153617636,,0.3352591517307199,0.1782820972379769,,0.5907565526230578,0.27043997624934907,0.1591990336438598,0.15825150266902616,,0.09709177758235125,0.3585114580830654,-0.03229504391405457,0.2412041975116516,0.25802138891227794,0.2522705421763212,0.35396585449071327,0.22641244674457092,,0.14296828643292847,0.19503379622601696,,,0.261867718812663,0.19490291232570753,0.2517111641430149,0.5098726336575694
