fecha,AAPL,ABBV,ABT,ACN,ADBE,ADI,ADP,AFL,AIG,AMAT,AMD,AMGN,AMT,AMZN,ANET,APA,APD,APH,APP,AVGO,AXP,BA,BAC,BAX,BDX,BIIB,BKNG,BLK,BMY,BNY,BRK-B,BSX,BX,C,CAT,CB,CCI,CHTR,CI,CL,CMCSA,CME,COF,COP,COST,CRM,CRWD,CSCO,CSX,CVS,CVX,D,DD,DE,DELL,DHR,DIS,DUK,DVN,EBAY,ELV,EMR,EOG,EQIX,ETN,EXC,F,FCX,FDX,FIS,FISV,GD,GE,GEV,GILD,GIS,GLW,GM,GOOGL,GS,HAL,HD,HON,HOOD,HPQ,IBM,INTC,INTU,ISRG,ITW,JNJ,JPM,KHC,KLAC,KMB,KMI,KO,LIN,LLY,LMT,LOW,LRCX,LYB,MA,MCD,MCK,MDLZ,MDT,MET,META,MMM,MO,MPC,MRK,MRNA,MRSH,MRVL,MS,MSFT,MU,NEE,NEM,NFLX,NKE,NOC,NOV,NOW,NVDA,ORCL,OXY,PANW,PEP,PFE,PG,PGR,PH,PLD,PLTR,PM,PNC,PRU,PSX,PYPL,QCOM,REGN,RTX,SBUX,SCHW,SLB,SNDK,SO,SPG,SPGI,STX,SYK,T,TFC,TGT,TJX,TMO,TMUS,TRV,TSLA,TXN,UBER,UNH,UNP,UPS,USB,V,VLO,VRTX,VZ,WDC,WELL,WFC,WMT,XOM,ZTS
2010-01-31,,,,,,,,,,,,,,,,,,,,,,,,,,,,,,,,,,,,,,,,,,,,,,,,,,,,,,,,,,,,,,,,,,,,,,,,,,,,,,,,,,,,,,,,,,,,,,,,,,,,,,,,,,,,,,,,,,,,,,,,,,,,,,,,,,,,,,,,,,,,,,,,,,,,,,,,,,,,,,,,,,,,,,,,,,,,,,,,,,,
2010-02-28,,,,,,,,,,,,,,,,,,,,,,,,,,,,,,,,,,,,,,,,,,,,,,,,,,,,,,,,,,,,,,,,,,,,,,,,,,,,,,,,,,,,,,,,,,,,,,,,,,,,,,,,,,,,,,,,,,,,,,,,,,,,,,,,,,,,,,,,,,,,,,,,,,,,,,,,,,,,,,,,,,,,,,,,,,,,,,,,,,,
2010-03-31,,,,,,,,,,,,,,,,,,,,,,,,,,,,,,,,,,,,,,,,,,,,,,,,,,,,,,,,,,,,,,,,,,,,,,,,,,,,,,,,,,,,,,,,,,,,,,,,,,,,,,,,,,,,,,,,,,,,,,,,,,,,,,,,,,,,,,,,,,,,,,,,,,,,,,,,,,,,,,,,,,,,,,,,,,,,,,,,,,,
2010-04-30,,,,,,,,,,,,,,,,,,,,,,,,,,,,,,,,,,,,,,,,,,,,,,,,,,,,,,,,,,,,,,,,,,,,,,,,,,,,,,,,,,,,,,,,,,,,,,,,,,,,,,,,,,,,,,,,,,,,,,,,,,,,,,,,,,,,,,,,,,,,,,,,,,,,,,,,,,,,,,,,,,,,,,,,,,,,,,,,,,,
2010-05-31,,,,,,,,,,,,,,,,,,,,,,,,,,,,,,,,,,,,,,,,,,,,,,,,,,,,,,,,,,,,,,,,,,,,,,,,,,,,,,,,,,,,,,,,,,,,,,,,,,,,,,,,,,,,,,,,,,,,,,,,,,,,,,,,,,,,,,,,,,,,,,,,,,,,,,,,,,,,,,,,,,,,,,,,,,,,,,,,,,,
2010-06-30,,,,,,,,,,,,,,,,,,,,,,,,,,,,,,,,,,,,,,,,,,,,,,,,,,,,,,,,,,,,,,,,,,,,,,,,,,,,,,,,,,,,,,,,,,,,,,,,,,,,,,,,,,,,,,,,,,,,,,,,,,,,,,,,,,,,,,,,,,,,,,,,,,,,,,,,,,,,,,,,,,,,,,,,,,,,,,,,,,,
2010-07-31,,,,,,,,,,,,,,,,,,,,,,,,,,,,,,,,,,,,,,,,,,,,,,,,,,,,,,,,,,,,,,,,,,,,,,,,,,,,,,,,,,,,,,,,,,,,,,,,,,,,,,,,,,,,,,,,,,,,,,,,,,,,,,,,,,,,,,,,,,,,,,,,,,,,,,,,,,,,,,,,,,,,,,,,,,,,,,,,,,,
2010-08-31,,,,,,,,,,,,,,,,,,,,,,,,,,,,,,,,,,,,,,,,,,,,,,,,,,,,,,,,,,,,,,,,,,,,,,,,,,,,,,,,,,,,,,,,,,,,,,,,,,,,,,,,,,,,,,,,,,,,,,,,,,,,,,,,,,,,,,,,,,,,,,,,,,,,,,,,,,,,,,,,,,,,,,,,,,,,,,,,,,,
2010-09-30,,,,,,,,,,,,,,,,,,,,,,,,,,,,,,,,,,,,,,,,,,,,,,,,,,,,,,,,,,,,,,,,,,,,,,,,,,,,,,,,,,,,,,,,,,,,,,,,,,,,,,,,,,,,,,,,,,,,,,,,,,,,,,,,,,,,,,,,,,,,,,,,,,,,,,,,,,,,,,,,,,,,,,,,,,,,,,,,,,,
2010-10-31,,,,,,,,,,,,,,,,,,,,,,,,,,,,,,,,,,,,,,,,,,,,,,,,,,,,,,,,,,,,,,,,,,,,,,,,,,,,,,,,,,,,,,,,,,,,,,,,,,,,,,,,,,,,,,,,,,,,,,,,,,,,,,,,,,,,,,,,,,,,,,,,,,,,,,,,,,,,,,,,,,,,,,,,,,,,,,,,,,,
2010-11-30,,,,,,,,,,,,,,,,,,,,,,,,,,,,,,,,,,,,,,,,,,,,,,,,,,,,,,,,,,,,,,,,,,,,,,,,,,,,,,,,,,,,,,,,,,,,,,,,,,,,,,,,,,,,,,,,,,,,,,,,,,,,,,,,,,,,,,,,,,,,,,,,,,,,,,,,,,,,,,,,,,,,,,,,,,,,,,,,,,,
2010-12-31,,,,,,,,,,,,,,,,,,,,,,,,,,,,,,,,,,,,,,,,,,,,,,,,,,,,,,,,,,,,,,,,,,,,,,,,,,,,,,,,,,,,,,,,,,,,,,,,,,,,,,,,,,,,,,,,,,,,,,,,,,,,,,,,,,,,,,,,,,,,,,,,,,,,,,,,,,,,,,,,,,,,,,,,,,,,,,,,,,,
2011-01-31,,,,,,,,,,,,,,,,,,,,,,,,,,,,,,,,,,,,,,,,,,,,,,,,,,,,,,,,,,,,,,,,,,,,,,,,,,,,,,,,,,,,,,,,,,,,,,,,,,,,,,,,,,,,,,,,,,,,,,,,,,,,,,,,,,,,,,,,,,,,,,,,,,,,,,,,,,,,,,,,,,,,,,,,,,,,,,,,,,,
2011-02-28,,,,,,,,,,,,,,,,,,,,,,,,,,,,,,,,,,,,,,,,,,,,,,,,,,,,,,,,,,,,,,,,,,,,,,,,,,,,,,,,,,,,,,,,,,,,,,,,,,,,,,,,,,,,,,,,,,,,,,,,,,,,,,,,,,,,,,,,,,,,,,,,,,,,,,,,,,,,,,,,,,,,,,,,,,,,,,,,,,,
2011-03-31,,,,,,,,,,,,,,,,,,,,,,,,,,,,,,,,,,,,,,,,,,,,,,,,,,,,,,,,,,,,,,,,,,,,,,,,,,,,,,,,,,,,,,,,,,,,,,,,,,,,,,,,,,,,,,,,,,,,,,,,,,,,,,,,,,,,,,,,,,,,,,,,,,,,,,,,,,,,,,,,,,,,,,,,,,,,,,,,,,,
2011-04-30,,,,,,,,,,,,,,,,,,,,,,,,,,,,,,,,,,,,,,,,,,,,,,,,,,,,,,,,,,,,,,,,,,,,,,,,,,,,,,,,,,,,,,,,,,,,,,,,,,,,,,,,,,,,,,,,,,,,,,,,,,,,,,,,,,,,,,,,,,,,,,,,,,,,,,,,,,,,,,,,,,,,,,,,,,,,,,,,,,,
2011-05-31,,,,,,,,,,,,,,,,,,,,,,,,,,,,,,,,,,,,,,,,,,,,,,,,,,,,,,,,,,,,,,,,,,,,,,,,,,,,,,,,,,,,,,,,,,,,,,,,,,,,,,,,,,,,,,,,,,,,,,,,,,,,,,,,,,,,,,,,,,,,,,,,,,,,,,,,,,,,,,,,,,,,,,,,,,,,,,,,,,,
2011-06-30,,,,,,,,,,,,,,,,,,,,,,,,,,,,,,,,,,,,,,,,,,,,,,,,,,,,,,,,,,,,,,,,,,,,,,,,,,,,,,,,,,,,,,,,,,,,,,,,,,,,,,,,,,,,,,,,,,,,,,,,,,,,,,,,,,,,,,,,,,,,,,,,,,,,,,,,,,,,,,,,,,,,,,,,,,,,,,,,,,,
2011-07-31,,,,,,,,,,,,,,,,,,,,,,,,,,,,,,,,,,,,,,,,,,,,,,,,,,,,,,,,,,,,,,,,,,,,,,,,,,,,,,,,,,,,,,,,,,,,,,,,,,,,,,,,,,,,,,,,,,,,,,,,,,,,,,,,,,,,,,,,,,,,,,,,,,,,,,,,,,,,,,,,,,,,,,,,,,,,,,,,,,,
2011-08-31,,,,,,,,,,,,,,,,,,,,,,,,,,,,,,,,,,,,,,,,,,,,,,,,,,,,,,,,,,,,,,,,,,,,,,,,,,,,,,,,,,,,,,,,,,,,,,,,,,,,,,,,,,,,,,,,,,,,,,,,,,,,,,,,,,,,,,,,,,,,,,,,,,,,,,,,,,,,,,,,,,,,,,,,,,,,,,,,,,,
2011-09-30,,,,,,,,,,,,,,,,,,,,,,,,,,,,,,,,,,,,,,,,,,,,,,,,,,,,,,,,,,,,,,,,,,,,,,,,,,,,,,,,,,,,,,,,,,,,,,,,,,,,,,,,,,,,,,,,,,,,,,,,,,,,,,,,,,,,,,,,,,,,,,,,,,,,,,,,,,,,,,,,,,,,,,,,,,,,,,,,,,,
2011-10-31,,,,,,,,,,,,,,,,,,,,,,,,,,,,,,,,,,,,,,,,,,,,,,,,,,,,,,,,,,,,,,,,,,,,,,,,,,,,,,,,,,,,,,,,,,,,,,,,,,,,,,,,,,,,,,,,,,,,,,,,,,,,,,,,,,,,,,,,,,,,,,,,,,,,,,,,,,,,,,,,,,,,,,,,,,,,,,,,,,,
2011-11-30,,,,,,,,,,,,,,,,,,,,,,,,,,,,,,,,,,,,,,,,,,,,,,,,,,,,,,,,,,,,,,,,,,,,,,,,,,,,,,,,,,,,,,,,,,,,,,,,,,,,,,,,,,,,,,,,,,,,,,,,,,,,,,,,,,,,,,,,,,,,,,,,,,,,,,,,,,,,,,,,,,,,,,,,,,,,,,,,,,,
2011-12-31,,,,,,,,,,,,,,,,,,,,,,,,,,,,,,,,,,,,,,,,,,,,,,,,,,,,,,,,,,,,,,,,,,,,,,,,,,,,,,,,,,,,,,,,,,,,,,,,,,,,,,,,,,,,,,,,,,,,,,,,,,,,,,,,,,,,,,,,,,,,,,,,,,,,,,,,,,,,,,,,,,,,,,,,,,,,,,,,,,,
2012-01-31,,,,,,,,,,,,,,,,,,,,,,,,,,,,,,,,,,,,,,,,,,,,,,,,,,,,,,,,,,,,,,,,,,,,,,,,,,,,,,,,,,,,,,,,,,,,,,,,,,,,,,,,,,,,,,,,,,,,,,,,,,,,,,,,,,,,,,,,,,,,,,,,,,,,,,,,,,,,,,,,,,,,,,,,,,,,,,,,,,,
2012-02-29,,,,,,,,,,,,,,,,,,,,,,,,,,,,,,,,,,,,,,,,,,,,,,,,,,,,,,,,,,,,,,,,,,,,,,,,,,,,,,,,,,,,,,,,,,,,,,,,,,,,,,,,,,,,,,,,,,,,,,,,,,,,,,,,,,,,,,,,,,,,,,,,,,,,,,,,,,,,,,,,,,,,,,,,,,,,,,,,,,,
2012-03-31,,,,,,,,,,,,,,,,,,,,,,,,,,,,,,,,,,,,,,,,,,,,,,,,,,,,,,,,,,,,,,,,,,,,,,,,,,,,,,,,,,,,,,,,,,,,,,,,,,,,,,,,,,,,,,,,,,,,,,,,,,,,,,,,,,,,,,,,,,,,,,,,,,,,,,,,,,,,,,,,,,,,,,,,,,,,,,,,,,,
2012-04-30,,,,,,,,,,,,,,,,,,,,,,,,,,,,,,,,,,,,,,,,,,,,,,,,,,,,,,,,,,,,,,,,,,,,,,,,,,,,,,,,,,,,,,,,,,,,,,,,,,,,,,,,,,,,,,,,,,,,,,,,,,,,,,,,,,,,,,,,,,,,,,,,,,,,,,,,,,,,,,,,,,,,,,,,,,,,,,,,,,,
2012-05-31,,,,,,,,,,,,,,,,,,,,,,,,,,,,,,,,,,,,,,,,,,,,,,,,,,,,,,,,,,,,,,,,,,,,,,,,,,,,,,,,,,,,,,,,,,,,,,,,,,,,,,,,,,,,,,,,,,,,,,,,,,,,,,,,,,,,,,,,,,,,,,,,,,,,,,,,,,,,,,,,,,,,,,,,,,,,,,,,,,,
2012-06-30,,,,,,,,,,,,,,,,,,,,,,,,,,,,,,,,,,,,,,,,,,,,,,,,,,,,,,,,,,,,,,,,,,,,,,,,,,,,,,,,,,,,,,,,,,,,,,,,,,,,,,,,,,,,,,,,,,,,,,,,,,,,,,,,,,,,,,,,,,,,,,,,,,,,,,,,,,,,,,,,,,,,,,,,,,,,,,,,,,,
2012-07-31,,,,,,,,,,,,,,,,,,,,,,,,,,,,,,,,,,,,,,,,,,,,,,,,,,,,,,,,,,,,,,,,,,,,,,,,,,,,,,,,,,,,,,,,,,,,,,,,,,,,,,,,,,,,,,,,,,,,,,,,,,,,,,,,,,,,,,,,,,,,,,,,,,,,,,,,,,,,,,,,,,,,,,,,,,,,,,,,,,,
2012-08-31,,,,,,,,,,,,,,,,,,,,,,,,,,,,,,,,,,,,,,,,,,,,,,,,,,,,,,,,,,,,,,,,,,,,,,,,,,,,,,,,,,,,,,,,,,,,,,,,,,,,,,,,,,,,,,,,,,,,,,,,,,,,,,,,,,,,,,,,,,,,,,,,,,,,,,,,,,,,,,,,,,,,,,,,,,,,,,,,,,,
2012-09-30,,,,,,,,,,,,,,,,,,,,,,,,,,,,,,,,,,,,,,,,,,,,,,,,,,,,,,,,,,,,,,,,,,,,,,,,,,,,,,,,,,,,,,,,,,,,,,,,,,,,,,,,,,,,,,,,,,,,,,,,,,,,,,,,,,,,,,,,,,,,,,,,,,,,,,,,,,,,,,,,,,,,,,,,,,,,,,,,,,,
2012-10-31,,,,,,,,,,,,,,,,,,,,,,,,,,,,,,,,,,,,,,,,,,,,,,,,,,,,,,,,,,,,,,,,,,,,,,,,,,,,,,,,,,,,,,,,,,,,,,,,,,,,,,,,,,,,,,,,,,,,,,,,,,,,,,,,,,,,,,,,,,,,,,,,,,,,,,,,,,,,,,,,,,,,,,,,,,,,,,,,,,,
2012-11-30,0.3222268388764953,0.31815488574617645,0.27711808360803786,0.13783207656698182,0.1528391560874884,0.558492352328036,0.20544895688123319,,-0.11966376757990045,0.46870736792568685,0.37286176929647097,0.2738332982281178,0.09278516668405298,0.26474081813639416,,0.1493461946567366,,,,0.35228264633817863,0.2775780062856373,0.2739547684189451,0.33556078157636987,0.04597357071629974,0.18815690453978404,-0.017064664328740035,0.2856696163785666,0.3298595764626853,0.27668847297873944,0.2460589418960309,0.29202164888453,0.24013688044262751,0.27198043243472686,0.32949462420025316,0.2945456967699533,0.3794563643791365,0.22604938871474362,0.17800685786518422,-0.06945455641008484,0.016917443336795512,0.11147649301889766,0.36154193861902534,0.6115161031267636,0.32530566329317534,0.27392700230633893,0.30966909798861997,,0.2979977961958742,0.2563148515143621,0.27720926397995493,0.29098943851291487,0.008764317360938578,0.0598462163308083,0.29835013427537993,,0.28679220228378993,0.2779611404506666,-0.13013715676465734,,0.08723898374086227,0.17349190881230186,-0.02135567360416708,-0.05854494015895039,,0.5966819172805432,0.15629530198436561,-0.03123878294304281,0.1341504774475822,0.0600819931872424,0.1634621440100014,0.3765108660879627,-0.23326421719853152,0.3377731844397301,,0.2776552336569316,,,-0.05593329908757511,0.2969376066205432,0.31371051694460445,0.09940309043904344,0.29932822998262687,0.1231759320645026,,0.04793789191082356,0.31322711674341336,0.33117471312032865,0.1847722476472974,0.4087132993696184,,0.2851340612645789,0.32689939493789516,,0.6758985239097293,-0.03943849732164128,-0.4768959739724559,0.268533381498189,0.33142745082753106,0.31029115501325744,0.11516775409108874,0.14302095265136266,0.5876632760682435,,0.26944133684701865,0.27808979203028783,0.05328528959162468,0.044038138735844536,0.24143871421065938,-0.04178426069293215,0.32354242098705865,0.1599274059855692,0.31948571178805724,,0.29130816631586703,,0.24908926260190822,,0.364945903233139,0.2963991942615714,0.6969765297500139,0.27851139679007014,,0.31611677378622793,0.09468621288034904,-0.22725767156916335,,0.3422287381939399,0.36187094044181506,0.28435120877112247,0.015676451456712998,0.6765805548213296,0.272142744025926,0.28735996802665653,0.2943357745991946,0.5551655776570054,,0.310765010582626,,0.2724292315666463,0.18436172890137084,,0.16228971792930247,0.07224568264510706,0.3347360680840772,0.13371600429511638,0.264643991266004,0.09213565150178596,0.5122918672155918,-0.03846994102207695,,0.06647900282064516,-0.04443349536480564,0.32793923119322727,,0.1158394032700407,0.2789563013981695,,0.08141607857793158,0.3127196920859599,0.28746853979118564,0.07020583568288509,,0.6410104345845848,0.28657259511390903,0.6270198953938284,0.308286445247676,0.27426458976293444,0.09793110578767437,0.17561546933941777,0.2647109307824808,,0.2872841237261835,0.27190896089714256,,,0.32133792141263606,0.2952978885548842,0.2841781762225025,0.04216657184973355
2012-12-31,0.11291896543303304,0.09117058221255954,0.07169568160004296,-0.029248642865860434,0.0002266358884388302,0.28122747239373475,0.02946392061442999,,-0.30865132115464156,0.24861903856914272,0.19772334972174133,0.06843308469660463,-0.0721309369589723,0.08477456602587934,,-0.028844052788424796,,,,0.13499712222236324,0.073486201941603,0.08320598848460654,0.11056895675319015,-0.169255519994273,-0.030567810314227634,-0.19732518974629362,0.06563019111755794,0.12326899440768467,0.06364671647975982,-0.030521577156041795,0.07847203755161995,0.062087521386453716,0.07894746908695106,0.10811850385892437,0.09474432367619082,0.13792437555744927,0.022686283657866835,-0.02747983800501265,-0.23256765735736573,-0.19107352152079665,-0.061768397878888215,0.07024391255566205,0.3141969096322392,0.0986847519507718,0.07456890797340986,0.10610258954047207,,0.08904056533787458,0.0003858799705297464,0.07245086939513991,0.06976348335648004,-0.21952736646077556,-0.1492311024921273,0.11516555042398319,,0.07967889599699815,0.07801371185355248,-0.29818576722095,,-0.1004633421735301,-0.00939161500317674,-0.2104013543452738,-0.23395389367039202,,0.3347917731598094,-0.03749301774537202,-0.2399294531355005,-0.03674592630071381,-0.12091690315008619,-0.02206359530842395,0.0682308788864143,-0.41988948231977163,0.1235719279739692,,0.07460103275332672,,,-0.28851338543337723,0.09742407026630423,0.09781275461200935,-0.10679162971757762,0.09514251490636186,-0.045285249429001334,,-0.1611253670446753,0.10028005595628504,0.1425050859085221,0.03548027017726737,0.16672454270436687,,0.07255799744372002,0.1033867502874441,,0.3704741874938712,-0.25817238043861707,-0.618835155506723,0.06088824365271991,0.12994307655677567,0.09838440938392554,-0.06126223914166785,-0.021878022435954082,0.33113579806761945,,0.06800449409602863,0.06816233466829628,-0.1650152683720081,-0.11928835399531496,0.04465944752207174,-0.2561139511737929,0.11715649600993938,-0.05568057210168451,0.09651353628482875,,0.07421720719451287,,-0.014903965405202562,,0.1351829860672178,0.08687369720584982,0.3912884820034879,0.07448325122257503,,0.1298994100621691,-0.07225939501452444,-0.4311114888879194,,0.14587785985118426,0.1704671337113869,0.08295447401507855,-0.18313321522857798,0.3686807103068517,0.06241178561401876,0.07480173119680732,0.07967533104119506,0.2675487011256368,,0.11459936842491296,,0.06102425728533153,-0.04711950735060849,,-0.0429424896814758,-0.05118951317848404,0.13316715028660794,-0.05435763304822247,0.05493577817983615,-0.0787279343694479,0.2400738795825493,-0.2051429718528558,,-0.11140936439245157,-0.2485066328640718,0.12178821327972726,,-0.02381461196659688,0.06172215849697441,,-0.03655046684728481,0.09476559111355425,0.08009105122271266,-0.07314120029665294,,0.34879623032838303,0.09296794489168714,0.335712487541427,0.09442427760703173,0.06799649614116346,-0.07414193059989754,-0.05778054538380902,0.06796189562467844,,0.074515690455005,0.0599666477124816,,,0.096821027739419,0.08452148768276353,0.06525910156707047,-0.05750137523234244
2013-01-31,-0.12343836702376587,-0.13498938077370728,-0.15691965215224477,-0.19578311128870057,-0.1808731313692397,0.05612118102605071,-0.17397844550080713,,-0.31227071310899496,0.004222548171868112,-0.05616320158940266,-0.1519546167541292,-0.24056221313567466,-0.14528326382503765,,-0.11553965728532171,,,,-0.10368408315065808,-0.130257732587226,-0.12265438830771974,-0.09021940670176862,-0.2263266916696047,-0.11531293820732602,-0.25518660058196,-0.12447385641784059,-0.10687185800086348,-0.15852325656728433,-0.22124530549859936,-0.1431496806303597,-0.14515614260747559,-0.07886570771716173,-0.0874058929817274,-0.11120837166052625,-0.1031819722738901,-0.05292625510363702,-0.18952466752264446,-0.2865085406371079,-0.2824068360051537,-0.20725429341317075,-0.02654033865598348,0.054936173676041804,-0.10307534077749463,-0.15639055230505142,-0.12567904714822772,,-0.12425785909368513,-0.05401316639789339,-0.14092685881548483,-0.1290876525517457,-0.2897834473028593,-0.22915361558885994,-0.10899374087024481,,-0.14439194906984548,-0.13445625086625057,-0.36379177739145807,,-0.2159103892743013,-0.19476102350698546,-0.25945892925452385,-0.30610158934810316,,0.06288889419202556,-0.15203802274406547,-0.26626602893798873,-0.09092319986084374,-0.2772575436783117,-0.06780493375912951,-0.17313793923976092,-0.39395715022001776,-0.09586701952894351,,-0.14035182296115992,,,-0.3584975880593004,-0.13370559364293047,-0.0992187641220417,-0.1868744420586612,-0.13486943064116877,-0.19783247165334136,,-0.22822472902420782,-0.12215268012754507,-0.08652604006385804,-0.1621307459166402,-0.10138151684481439,,-0.15409105796031447,-0.10438067833069714,,0.06954120436807452,-0.3122505336473143,-0.438506057033177,-0.16294115672638132,-0.10865294825218541,-0.1502764128249121,-0.2182625024532713,-0.18948533796571104,0.10099367862890675,,-0.14817965452487625,-0.15936642287556368,-0.276888330035178,-0.24895691397448086,-0.16879684219114913,-0.2755704410673826,-0.12095519708732361,-0.1989087420564156,-0.14155605052069142,,-0.1515987016906548,,-0.1958093670333301,,-0.07358319997723181,-0.13773504610916315,0.20034627157709717,-0.16237094238906385,,-0.1254522503927568,-0.22372715897149897,-0.46582099779899483,,-0.1096180448788875,-0.08725571849472409,-0.12813668850653578,-0.2431991103441057,0.11155659165040938,-0.16238218645122418,-0.14778238866188992,-0.1539963284728351,0.006492505855279047,,-0.12266314217525974,,-0.1523799759017344,-0.18144229464815345,,-0.2814151466486625,-0.20422256356118162,-0.09555653323509164,-0.23454941070562538,-0.14434325273537024,-0.2261346964056306,0.005118293342826494,-0.2495853529194517,,-0.2562415581619117,-0.3068641554006906,-0.1151907769207025,,-0.19811241223553375,-0.1531287351070267,,-0.20413109801552437,-0.11764010786657199,-0.1522336531680381,-0.26669344193264316,,0.09619856076364373,-0.1202908495379546,0.059054491612379724,-0.13428066145961248,-0.1396497207293728,-0.22291885137130327,-0.192179273206367,-0.15392902911914108,,-0.1466936741950274,-0.16059202700331487,,,-0.110654054673969,-0.15189760490964693,-0.13389713236361026,-0.2096631085171685
2013-02-28,0.19198915573925027,0.164795283622607,0.16833623847686421,0.08913006945322066,0.13445296202126697,0.19692669503377416,0.1409866662138524,,-0.2214505616983234,0.259851739459454,0.29203486184044675,0.1583790397893555,0.07263285654177382,0.20256211324494,,-0.03426540595938811,,,,0.2082170869223081,0.14647954614281355,0.1625441412604838,0.14058089197325846,-0.16406905624159365,-0.045115643579048376,-0.10628330280018813,0.12163222558812069,0.1972610905967625,0.15163171198785189,0.013488426482589903,0.15880515685204638,0.15093312345484708,0.09280911471731393,0.13925357340231878,0.168471734352806,0.182528404017489,0.002328868945379468,0.046551183925339676,-0.12857511336508567,-0.11171414209579375,0.041663451109664844,-0.06895030021261513,0.22775387468958513,0.13101504964763588,0.179825036545507,0.19196207054696193,,0.1617625174502951,-0.10797962612096303,0.15454882623952604,0.1223175738045699,-0.1657102715934716,-0.09455665338749977,0.2016672644275263,,0.16948412469690174,0.16149657959265848,-0.1541436475859926,,-0.030186059034041677,0.0954616196794632,-0.14976944183238358,-0.12255771140750298,,0.27103136776992487,-0.03562734602146776,-0.19897899467084598,-0.06677736682497173,0.011556467915778955,-0.03756385603864475,0.08259732283451517,-0.30580750124671,0.17510687386158005,,0.1573218017844904,,,-0.1894829407569965,0.19558861559802318,0.14014437072358651,-0.08267502842541621,0.18304518324744568,0.06567764090685432,,-0.11919351490097106,0.17306341120298607,0.2292232058211634,0.17165962590611075,0.22760496790140125,,0.16357798591227957,0.14672566454445246,,0.304774035147992,-0.20180335865573132,-0.4837145340081437,0.15936168797638595,0.20527904865899807,0.20144286164612565,0.05457258470715576,0.09239688833103725,0.24226307761475466,,0.15862966102493514,0.16356103004082972,-0.04489194792350283,0.0021406179016016306,0.15179506141656787,-0.2164255060699968,0.20707446349086547,0.007066775576747854,0.1786818112136819,,0.16048300438151508,,0.015324603635875242,,0.1628315793894399,0.17138877589446022,0.19921386248196882,0.1855770189849204,,0.239992526217806,0.050355480216676976,-0.29734366271668095,,0.23935804161873983,0.25818833006746106,0.16752624135921784,-0.11722942902146702,0.245133813745606,0.15809045694607057,0.15860228451596503,0.17167427183314918,0.21411367584199273,,0.21006363109810441,,0.14514229349642854,-0.014865840063333035,,0.12222231118806791,0.11161059364342554,0.2017436113854442,0.06565123790055057,0.12903533993708027,0.03989042205351131,0.19296184514083495,-0.12803146470753707,,0.019361144695265956,-0.15957489883199125,0.2023069470487835,,0.125825569142732,0.13812583990041066,,0.13134769705030105,0.15490921039054636,0.18237126646725724,0.12346667304316002,,0.24409194104128928,0.1765796017994195,0.2603763350658078,0.17444422575795218,0.14755671111383922,0.04404206682978709,-0.021426623572017064,0.16979702202747896,,0.16718458983676926,0.15077682155566816,,,0.14254228056809565,0.18043295984092447,0.12332270260860277,0.12056429335997071
2013-03-31,0.043683219875600456,0.013445237671219799,0.038540144744460075,-0.018525388625523474,0.022436281682384412,-0.07405724502473703,0.028767445142116755,,-0.29404793963750886,0.030066694409273988,0.1095245036042375,0.02690540252465997,-0.013617738685287626,0.07026285570177321,,-0.15958964523882868,,,,0.03959108891392078,-0.0009533850397066225,0.015908671630126933,-0.0321326179453639,-0.2463428631021904,-0.18997444933564767,-0.18510899420625948,-0.036675197592975585,0.03154381826478167,0.02288125806571995,-0.09200802445763831,0.01890189663432437,0.006605989423441347,-0.10734865649750407,-0.03599786608553056,0.010921608087114806,0.006727424547476062,-0.16694322018951294,-0.0590873036435492,-0.21056500867457062,-0.18043465943287618,-0.06214194638192059,-0.25716083485548813,-0.04279311153782017,-0.033255692136583456,0.050979249721859334,0.04009462947433089,,0.011220450636567302,-0.2936904781398,0.017823869064759662,-0.029082376436479613,-0.2378581345549152,-0.18833407738509125,0.053123473375782784,,0.029773764585694334,0.016106410536316902,-0.19164523333597117,,-0.10958104722545041,-0.009568122450238938,-0.22108186295375437,-0.16074729484050607,,0.00038713796060189324,-0.13601455549348973,-0.27732920847206594,-0.1994885749897882,-0.043735830196388145,-0.2025887932476038,-0.07139154158789304,-0.34398864507907506,0.006041360193056956,,0.022232120981134536,,,-0.2469716432126714,0.052718099374335435,-0.02682721756895697,-0.18659026703139864,0.042595032123990004,-0.041453369707215415,,-0.21226820065501978,0.022717772987520517,0.06910994749583119,0.05409615740555215,0.05967058510731927,,0.031078129176155836,-0.01716647512311774,,0.027859932760113323,-0.2518693737645697,-0.5204871419097591,0.03168659168327434,0.05437981005255286,0.07018699902522245,-0.04244143708018267,-0.014584999297321228,-0.04697570536982018,,0.022333399375127818,0.033913914947468426,-0.12677459266449698,-0.07640046317558934,0.026470657195366978,-0.30306829525553297,0.052595270859136435,-0.09754544412355612,0.04179805384261876,,0.02554450755371394,,-0.14250862996235428,,-0.026976727755919784,0.02733388828082698,-0.15749090044451258,0.05638975435326184,,0.09874834781661662,-0.04232885354750076,-0.3135458735709191,,0.0831738938885836,0.09166994629565528,0.01691808080587247,-0.20109641472936743,-0.06477829650792451,0.029827064514021888,0.022423053032220072,0.03956861370577921,-0.03087620751698918,,0.05718433973860963,,0.009204796064023687,-0.13172060978791678,,0.08751244726988872,0.018521124244889182,0.04124535702621571,-0.04341081657020536,-0.013003178685852138,-0.05320770837101199,-0.046429730123964244,-0.2136250805984979,,-0.06709188934021226,-0.2166792923196452,0.042691389109175464,,0.023725956207757255,0.003476182420063023,,0.05154171964742043,-0.0012372856561008597,0.04332024138910989,0.05610267740494583,,-0.05551607248344267,0.029590227548981194,-0.014603417837635553,0.03244907601674853,0.004597682273996905,-0.05264899735677918,-0.13375898280814577,0.03894934095851904,,0.01703532039916889,0.021655935143829366,,,-0.018432243066791126,0.04910326913480251,-0.024145205972749738,0.036045563480722666
2013-04-30,0.04838171589538348,0.00769279332803339,0.04342751215277656,0.0035072305006618714,0.033245843637331206,-0.047829319233686385,0.050513462592053304,,-0.2362513658788428,0.029905498229191148,0.08912409297273435,0.03469552498815618,0.005710415762553748,0.06623079286526527,,-0.05516564844479062,,,,0.028000611599034487,0.01012790142402577,0.029464642260201852,-0.013394764284530498,-0.13349742341732043,-0.1259855582982972,-0.14068899385054304,-0.03078677657013421,0.031235115960794455,0.02988120595300216,-0.06307242799798202,0.024731945886929216,0.03961975849947697,-0.051803853397084654,-0.019124132601385256,0.012264793084745635,0.009479123450561882,-0.1272862314976331,-0.023264126051290607,-0.14241201885036373,-0.11627783066049595,-0.025233266016496985,-0.15415407665643316,-0.022235658466740253,-0.009525373731896016,0.050797949721994785,0.04082380545182926,,0.016119650453666638,-0.19245049248477963,0.026877121653280593,-0.011196942290088835,-0.16392915346069983,-0.13397081247838694,0.06314911605433175,,0.03102292257590114,0.02333491659123965,-0.12633438199243366,,-0.04484922125135475,0.021660462637017347,-0.14013344237044267,-0.09430197894127364,,0.030805466348724404,-0.020948115848283464,-0.19649998571053984,-0.08103042517953102,-0.0015598953578427634,-0.149853359112786,-0.052336939487509,-0.2751765346075269,0.017893828684703836,,0.03290521632419834,,,-0.1971447709230549,0.04549671933658142,-0.010399207982883844,-0.11278616350098981,0.046130411962300465,-0.01440006524504952,,-0.14431702442519406,0.025023492668087365,0.0560431470307998,0.05919646254066937,0.047698533024837036,,0.032349230125724895,-0.0030604109841902015,,0.012906947799708439,-0.15868941617287968,-0.465456050240784,0.0332500352216463,0.06476454550789276,0.06067766822546662,-0.01516426728936957,0.012528767125985645,-0.01958028707664369,,0.029051679863196164,0.036288216447751834,-0.13623350201203518,-0.029240444250342848,0.028131410682343348,-0.22413532951720366,0.04240152573897495,-0.05853935764997582,0.03913564717786589,,0.02606258141043425,,-0.10234661016815472,,-0.020664394703840676,0.028761884706047403,-0.12835875698505067,0.04818566607234259,,0.09501525761577587,-0.011664761547990494,-0.21351136788872618,,0.07976436885790425,0.08716634683527492,0.014730616071218994,-0.1492564521111904,-0.045624882942926964,0.03311632060835433,0.02824393132231445,0.03982608087108118,-0.010753592753639456,,0.052468357380063314,,0.015239986998009944,-0.08313193578460525,,0.08914607300631418,0.02759706996216898,0.04703307150088123,-0.015181201919508348,-0.0019799312137751966,-0.02137039674824674,-0.02725366783961133,-0.14034339379757432,,-0.04146771858165443,-0.158765964680883,0.042517830141324604,,0.03745803064632843,0.015532228231897788,,0.0671531021282827,0.00615562422689382,0.03431343908407773,0.05394255272570925,,-0.03569860048616794,0.03427627382335043,0.0008853067356558461,0.034780645869776375,0.011693486168142008,-0.02372052576904782,-0.08565608310043636,0.041335113111814176,,0.0061951904254654725,0.026398142041628932,,,-0.00458285177008499,0.047915572992495686,-0.00796945174140703,0.05601127993208513
2013-05-31,0.0003175932787543632,-0.031867810660746426,-0.01724547059789204,-0.07407086986929803,-0.051435564279706025,0.03419308234105089,-0.03199149329784784,,-0.3057976662611866,0.05791776716261697,0.049317216389894475,-0.031089445288969716,-0.07178867301800737,-0.0033369122992212997,,-0.18654637857858414,,,,0.003947193058894583,-0.039826684973014254,-0.028086458963195882,-0.04281976928246599,-0.2510198084200888,-0.24306975768235065,-0.27196956669228434,-0.07006991098974205,0.013492575625928555,-0.03754491392976175,-0.12992183938725382,-0.02929581862483447,0.04507665977323687,0.03597666217394248,-0.047394972992594764,-0.040870809472883296,0.018914083842437937,-0.29216681059200916,-0.12819565201655883,-0.1676661703078317,-0.20574389683609187,-0.09656868183192009,-0.25443434666030823,0.06656172351514572,-0.04287829211880116,-0.015780156188019846,0.007233290076565825,,-0.03581532379000949,-0.2610475713717107,-0.042039946051727096,-0.051490170450144306,-0.23799805716350675,-0.24446473849588995,-0.0016842033079952838,,-0.021560398655875064,-0.023164650948759438,-0.17905094977740715,,-0.19522583484941725,-0.0541856079640752,-0.2641429752745299,-0.25573104738909247,,0.14064227409988075,-0.16032134878101362,-0.30296285895539476,-0.23303452950884576,-0.12421092157468556,-0.29932237696818753,-0.009284732739800475,-0.3306637419015483,-0.005346250226784581,,-0.04019784141742876,,,-0.2243207216851929,-0.016055986170328964,-0.04603725010477126,-0.2424648381264924,-0.01437828080439762,-0.09442368319545297,,-0.25312067574649727,-0.03067700826973536,-0.030289339162024174,-0.033518549175410695,0.022897872011329982,,-0.03155857544735279,-0.040382018978674404,,0.08363544554519454,-0.26364723220658487,-0.5325054492945404,-0.032038872165389386,0.009666250192818025,-0.012835008485568618,-0.0970668548159259,-0.07290564067676342,0.06340874137708882,,-0.02643289252058529,-0.025820402021579168,-0.25427226457283114,-0.11597009331925316,-0.03654412706521577,-0.287780904376182,0.0010844109905581171,-0.16296376292375558,-0.03346326162823582,,-0.03636940760045669,,0.006213590289834695,,-0.023672919725589988,-0.01982606623796164,-0.013201625069109315,-0.012390149653724425,,0.03665353365124877,-0.09576292050947295,-0.15261465258263762,,0.04668740113795268,0.05497488277453745,-0.03471026910246243,-0.28316893563104695,0.08433870214114629,-0.02939932987280646,-0.030764864009446783,-0.023430041071071838,0.07447920320279436,,0.01837488701136091,,-0.0408885027784983,-0.1751551487838875,,-0.11166639731929857,-0.0941984348873158,-0.006093023162219442,-0.005536674125927585,-0.05197138854537453,-0.10234057660108002,0.027407285373649604,-0.22584013368179237,,-0.10221207006516685,-0.27381455745879313,0.021047480016586365,,-0.048688425625993535,-0.039777025090779704,,-0.08978331091923443,-0.03822208146504879,-0.011414088751971271,-0.04557973626300729,,0.08789564582483675,-0.03267149355988654,0.10843853745654536,-0.027483449234093085,-0.04089392606985887,-0.09920941970095756,-0.1764365242138199,-0.023752720838527485,,-0.017012072059757414,-0.03840373645377812,,,-0.042434380778022834,-0.02050374099339231,-0.05536786794603382,-0.06716479745152154
2013-06-30,0.08026017633623013,0.05279797282434822,0.03722195856102754,0.050038749709968,0.07602516431144038,0.3246768094468735,0.04547670512686344,,-0.058122708611528205,0.2871694346495361,0.2093186281518589,0.03926029153088736,0.00354020748009294,0.07762655965561019,,0.08531305218345533,,,,0.11563501580937181,0.08724073484398764,0.1066944003945007,0.1238571997431621,-0.06863420378474809,0.03971336165500411,-0.06585951713698458,0.0849489725267029,0.13787987634423501,0.01823019139114012,-0.1365426155558703,0.04944314519172078,0.17174089762555897,0.3278286968905317,0.13498217753893493,0.110156992672544,0.11705168173881929,0.07952748228274834,-0.029659926442915173,0.045762864946112786,-0.09879029717759474,0.04117231212390705,0.045339299996354415,0.29168306454449744,0.1028077500983957,0.03952309936352553,0.10364366442428491,,0.08159924983767596,0.11466968931869899,0.0507316972548449,0.0751042246932784,-0.11433691857621281,-0.0627113888127758,0.12003394995918222,,0.05855497570118013,0.09028897640212875,-0.08047304438092645,,-0.06951203116228061,0.02476150862397109,-0.07202797970555662,-0.15119514906771708,,0.3741963249632451,0.005911126317269296,-0.0834847532565471,0.10930802602720349,-0.10743613073871279,0.11545292462048284,-0.022081872185508826,-0.12058284560274307,0.13564122308877855,,0.048893745412986835,,,-0.14475198501219586,0.06955578949016111,0.12158042845468522,-0.032664656168729427,0.06309950501919712,0.04681642998059793,,-0.05594272216004251,0.07123347471439437,0.1103902116134055,0.08812931685319823,0.07251589871041864,,0.026358717239656677,0.09969385006074677,,0.2632216772612686,-0.15427631135757502,-0.07547921794332735,0.023237771360622474,0.10003191150807787,0.014689064248146633,0.009122633917044652,0.05136642163664433,0.4049803098848503,,0.06193283601317257,0.026354784195194245,-0.1481209145478462,-0.002486002601624485,0.03652150240892753,-0.05262588676489851,0.09392760884966922,-0.049582697274035956,0.0116921250842938,,0.0241573441669731,,0.10925256555392604,,0.16196610127911923,0.06658131282061547,0.4866454608042774,0.030808569679806202,,0.09595935275874416,0.016474703417870336,-0.11023166382762097,,0.12636996095073164,0.1587619500705707,0.09180120633291308,-0.08379178559531097,0.38455248712559714,0.023626497400613244,0.04002127711007605,0.02218713558810542,0.24851429345307238,,0.11588825947486331,,0.04232336916590217,-0.03769418544988521,,-0.2586471926740333,0.0599940085950857,0.11892886407515611,0.06995475831713495,0.06443795500426495,0.012539724277262796,0.24277537475080818,0.01639290442751186,,-0.008076841819759614,-0.13997835058321753,0.12344362912260627,,0.07677817588087246,0.033495083715548525,,0.02548248292026494,0.08412698592920077,0.0546685625460602,-0.02473513965812125,,0.38531687493197236,0.09225599598225148,0.32146401625520427,0.047549616768994364,0.06953913123201562,0.01992062036878578,-0.05102736374821387,0.050277224083865764,,0.08066171949640692,0.020878989282052913,,,0.09076151443221685,0.02379186833241982,0.0652024728807783,0.08878623674578841
2013-07-31,-0.27396650433056796,-0.29615617213551865,-0.2888829027577225,-0.2243056671566166,-0.21686231401298198,-0.17531489420081472,-0.24922532368725986,,-0.18992948353783823,-0.18644653687310828,-0.21488484178563658,-0.2821201161721466,-0.24855242220263943,-0.26132928496647134,,-0.1305619677219267,,,,-0.27020077960828126,-0.24855432294468383,-0.232135651891883,-0.2361697174239591,-0.20616972679144868,-0.1911376556138435,-0.22030436467170866,-0.2533432502487631,-0.2447915874639032,-0.2973503245754197,-0.37799865903797353,-0.2830296598493045,-0.1883443461296065,-0.08648612559026121,-0.22723584313939946,-0.24072812783000058,-0.2769920416556299,-0.1688061296474125,-0.27193505301341864,-0.14865834439130257,-0.2591984141162934,-0.21431219691126624,-0.21112519495307877,-0.22130887402342128,-0.245316941276876,-0.28816589313164714,-0.25991504167821106,,-0.2612796664636296,-0.14105159090192423,-0.2718686857691367,-0.2574628747781422,-0.262033865791217,-0.23974823818919938,-0.23246169964986355,,-0.27892804838150603,-0.25144518585467396,-0.21945795507743063,,-0.2440753764891514,-0.24951150664317553,-0.2061873429558361,-0.2556506160192506,,-0.16632392593070308,-0.18587728177530044,-0.21063238069637924,-0.09129397389977432,-0.29217904832323954,-0.12209949360033441,-0.37154274377237917,-0.20036951441757728,-0.23812934772068,,-0.2718025861130613,,,-0.2925735179078935,-0.27700489270014483,-0.23190438381383643,-0.21349783819665974,-0.27682356478381903,-0.2170451984896621,,-0.22360902008909378,-0.27394166606610215,-0.25218551069286893,-0.21990630596310967,-0.31818810171615797,,-0.29822224733034136,-0.2527648179828599,,-0.27610558151839126,-0.25863395266931116,-0.08528026019272585,-0.29581445565032277,-0.2585751640102966,-0.31938512698014426,-0.2415379924838967,-0.22038633077499178,-0.12772959662206237,,-0.26788628142365367,-0.2969747631410764,-0.33227069070945264,-0.21774012221935002,-0.2788596048098605,-0.19745561028625114,-0.2740410755836377,-0.2756690165729389,-0.317599963864448,,-0.30145736650293625,,-0.2482235000152291,,-0.2306583243462767,-0.2764662187924824,-0.09154516483052207,-0.30172572781634516,,-0.26829338433432515,-0.228922564102139,-0.2245538341261135,,-0.2591271400437923,-0.24241188689581883,-0.25499934825630544,-0.23545365727493736,-0.18182137748797222,-0.29640873742903645,-0.2874831312301802,-0.30531261858871217,-0.2390428578045728,,-0.25564430852546854,,-0.2812191332328699,-0.268877468292102,,-0.43531971861426577,-0.1959736086677008,-0.2465573670575386,-0.2323911425935874,-0.2602952662223808,-0.2302802050690725,-0.2205017980887021,-0.15488629833882545,,-0.24640881115970045,-0.2629402523757587,-0.25493240179944715,,-0.2054870333047692,-0.28627517746745457,,-0.21305976597619025,-0.2630153535814645,-0.2902886492241202,-0.27408297955204575,,-0.17112914149288772,-0.24810758759576818,-0.21571521831834695,-0.2889406582067544,-0.26207461818889244,-0.22951432334886696,-0.2767160462133357,-0.2759045314219158,,-0.2762992253221754,-0.29589697952594984,,,-0.25761566435343686,-0.3044991211608738,-0.2619047730282103,-0.16480683604880936
2013-08-31,-0.053660961514943754,-0.0936397663982707,-0.07458930650274534,0.023406679767349076,0.03597402702925993,0.06328441026203124,-0.005952931751987331,,0.06259141496229885,0.05418171144878996,0.028943276495858757,-0.06022256056175397,-0.02068004842021871,-0.032671472143784804,,0.22784181037890402,,,,-0.06156890744633081,-0.015256397176447433,0.013428097166925104,0.0028057745793514176,0.09737472834662987,0.12471707851805722,0.056690647105054524,-0.026752064874542132,-0.02640081910610292,-0.08211500736466053,-0.19794610080375952,-0.06615314992877809,0.04319631024185649,0.16648244674610635,0.01484033579357388,-0.0019996878298489096,-0.08316376973479583,0.18576697582510238,-0.022264799468627354,0.10290871225538639,-0.019402894574334723,0.03753727020235975,0.11988418969650391,-0.007457502634658621,-0.009058008320380341,-0.07228672721697559,-0.043093658207778926,,-0.03299416973192259,0.196296934790325,-0.041332903493445795,-0.02961737737685961,-0.02822426942404942,0.027045631113996486,0.01736540464762081,,-0.0631250446827547,-0.02363906540588281,0.0009613504023543928,,0.045133043170174976,-0.01008525144761193,0.08369854718649501,0.018316828585798136,,0.06163139840835426,0.14959850529032837,0.0686561748197807,0.3039660052715297,-0.05792805715111794,0.24495755804076047,-0.23998371747317226,0.02871615370288393,-0.007557399369315611,,-0.03859605544957359,,,-0.11635417566883688,-0.056788318665598865,0.009314471089838013,0.08814013351026767,-0.05381629295907125,0.03661870146196793,,0.0536915449265662,-0.049427307119682115,-0.0017143229334431037,0.03707586019637654,-0.12853857238739752,,-0.08621396319335829,-0.02102119469529845,,-0.0843672804684912,-0.005820126182873184,0.18796384354898724,-0.08387602770308536,-0.02408773147725754,-0.11442288976015536,-0.000739755668777689,0.03566073793310236,0.13801529340872665,,-0.04509833019045935,-0.08625422311191892,-0.12899534835400947,0.03570211887588362,-0.06150175194300969,0.06306407567300722,-0.06146616789669864,-0.02752781495618478,-0.1076964825580019,,-0.09104506111433086,,-0.09794268337224536,,-0.0037035164951803026,-0.06027277068305536,0.1961870929131703,-0.0981501909969473,,-0.044990973883392606,0.017921103215806807,-0.0723076127531713,,-0.04153950790849022,-0.014632480073205325,-0.028588872847011337,0.04204369222681009,0.038157411018683134,-0.08547042053253517,-0.07084353581764934,-0.09701390304940366,-0.040837048906366434,,-0.038389373105786904,,-0.06405531020166803,-0.01701153872024666,,-0.23422339527124356,0.07936720555632741,-0.006576299019140743,-0.038768658538241546,-0.034182603214385,0.014584573821385482,0.0009680094886750797,0.13484110314068834,,-0.02610640509998811,-0.01701323932448583,-0.04064979161638138,,0.049928274546973135,-0.06974301821192806,,0.07474083010421459,-0.03687806963460615,-0.0876577583224238,-0.05879072658117734,,0.05318413962912866,-0.006567053038891625,-0.010966736793158202,-0.06975799777009781,-0.03606654056026219,0.01257554657300914,-0.030903109526855942,-0.05427974868986454,,-0.0784360652601359,-0.0825076694134934,,,-0.02885050534506351,-0.09347754195903847,-0.03376700147035977,0.12521922830881718
2013-09-30,-0.19460889677308627,-0.22575863387440637,-0.1948893939414826,-0.10486275713687883,-0.08745540179116029,-0.2436606954295471,-0.1296094420978762,,-0.07568096744690728,-0.1864792311294293,-0.13658593334343144,-0.1838698074034082,-0.12574842062055056,-0.15311057155328608,,0.021473647459378263,,,,-0.21339932561858407,-0.16582673798925696,-0.14047694857390305,-0.18020665339695366,-0.0685481583352374,-0.05462222589375672,-0.050454260844986255,-0.18291189556092852,-0.19279038363611078,-0.1987615198942257,-0.29202816983247976,-0.1975969741152361,-0.15375436862791678,-0.13659050275524084,-0.17127186703407196,-0.15386068404332318,-0.2584915457960391,0.015379150729524081,-0.13775594721261747,-0.07452872679934526,-0.1363071163267298,-0.10282256148437449,-0.1170571926281338,-0.3003616961548629,-0.1861235461733837,-0.1867804041582976,-0.1917827818714841,,-0.17748613127752336,-0.06536876222764756,-0.17119992817960772,-0.1882136168115002,-0.1579842560733907,-0.09895028586977081,-0.13336781546026502,,-0.19277059385005446,-0.17048096376771635,-0.11649912318089344,,-0.06556255531059403,-0.13711678780076325,-0.049943472477435566,-0.0578635037284381,,-0.25965540593047975,-0.030212551702108195,-0.07353530339617867,0.07879447413916366,-0.1321208791695822,0.051543992021641075,-0.39656645493188786,-0.0944749474236812,-0.18482185499414408,,-0.167250631988514,,,-0.2249112336053673,-0.18054037221002225,-0.1672815091377104,-0.05987295346950156,-0.1838520876630451,-0.09581834027033657,,-0.08606764632641256,-0.18755875165085165,-0.13239146078850877,-0.0831753152471428,-0.26700283036996664,,-0.20231025446259035,-0.18790869018192355,,-0.3370533346742331,-0.1251830434679837,0.050667503830072014,-0.197015735351379,-0.17289119908397452,-0.21379728669135944,-0.11925562656854975,-0.09442574651058327,-0.19555010986792792,,-0.1782018751150575,-0.20204846354438954,-0.17498428647929554,-0.08855580970982126,-0.1776448535076173,-0.09993642275550423,-0.19820546741472472,-0.14340471033132338,-0.21640143140566612,,-0.20786474512531392,,-0.3240812130863283,,-0.19938784514646743,-0.19493698451377836,-0.20419134317227017,-0.20548031754400634,,-0.1737858953537375,-0.10261871757826224,-0.2321561681844264,,-0.1910466052673242,-0.17531730676389026,-0.1705146410808917,-0.06902293900169242,-0.3040781754304303,-0.2009368026233416,-0.19701043833028084,-0.2105300788167477,-0.3099091869095417,,-0.1850081492437125,,-0.19260948665321287,-0.15359401543944445,,-0.20470162712497955,-0.023606119017607567,-0.16243938936210958,-0.19689865603706772,-0.177738821076599,-0.10759025447518843,-0.2588306278551752,-0.0286347367045468,,-0.14104016554279758,-0.11214569290898808,-0.1991670183515461,,-0.07119124550285078,-0.20058245912730427,,-0.008652093398417405,-0.1888312626912925,-0.2087524618645918,-0.12244181855615603,,-0.2832416859083259,-0.14742649084332185,-0.3108272501202599,-0.19620874367209776,-0.17635334402546793,-0.11192039866447193,-0.16228222466566788,-0.1755705940399298,,-0.21632424860274516,-0.19897177658105855,,,-0.19206720389516294,-0.2041306462624414,-0.18508668691447855,0.012550993422323777
2013-10-31,-0.21863077411003085,-0.24196187327910243,-0.20576715465381817,-0.0936173125014011,-0.06425558474101502,-0.37216777732656076,-0.13640715061040418,,-0.053139357767696745,-0.24587885522976335,-0.13936229492650698,-0.19999238919994936,-0.0932674911462643,-0.14576178651132632,,-0.09597016448039375,,,,-0.22765356144933807,-0.18810883386408633,-0.16215248590271614,-0.23397376084667162,-0.16864158034905058,-0.15003599987070979,-0.048543438242629536,-0.20783501593332854,-0.20932610104962723,-0.21658537135871755,-0.3437858290174238,-0.21755853840081849,-0.1670209322893315,-0.18639605874546353,-0.22122077596751846,-0.17140504553636574,-0.29598489812133627,-0.07794495556973151,-0.17175779447274506,-0.05327918212695823,-0.15612415832950657,-0.10334117121090153,-0.3292129759015699,-0.4362735111014137,-0.2421502498923691,-0.1902951345142054,-0.2038340211178829,,-0.19973392711009688,-0.2332436552379551,-0.19249099478876308,-0.22593401983315062,-0.19222401414628543,-0.13270020427413842,-0.1553336119501724,,-0.20347194874166397,-0.18470838841737822,-0.07226582022147003,,-0.11448714181379498,-0.1469869889801158,-0.08821387771297663,-0.06461797321456,,-0.3849003757104279,-0.15865840134243395,-0.11489921007115224,-0.05982242449353,-0.12765449916088548,-0.03323665794112923,-0.45737962559202855,-0.04502124803365049,-0.2231889356704303,,-0.19049764474300135,,,-0.19980772201030184,-0.18434220862171974,-0.21061946015716382,-0.13290291594486003,-0.201138348854148,-0.08909470983494755,,-0.13304826225332947,-0.21190809223596252,-0.14658068387997558,-0.06240738000425822,-0.2995118815604366,,-0.21516213281510402,-0.2327284455261035,,-0.45338626140593286,-0.17042851598628417,0.1713828266520856,-0.2038434146425686,-0.20568170367318475,-0.22037546867664087,-0.11048812118477046,-0.0914572312298741,-0.33049933462611153,,-0.1897211857040036,-0.21218127383265514,-0.13249906031234382,-0.07968635663635779,-0.17469786841731916,-0.1295026772772962,-0.20432989323721387,-0.18127021376339802,-0.23900472203964893,,-0.22317633842861176,,-0.3527488824044112,,-0.2444532122455364,-0.2090529601986353,-0.39800766357362694,-0.20025572035607456,,-0.1782757935483554,-0.08961775089101308,-0.18044537220670515,,-0.2027860645766386,-0.19158029093699352,-0.17846941149487525,-0.09146065599932116,-0.4578393491105576,-0.21058351233877307,-0.2157162532540446,-0.22413515048417051,-0.4218478532847331,,-0.18864268362809827,,-0.20758744729814751,-0.214417455104567,,-0.19412646597179758,0.0228843536161337,-0.19403703353152435,-0.17311409852428442,-0.1974564412655658,-0.09620224728161873,-0.36382515018976125,-0.04074663587303333,,-0.11118075963666786,-0.11562140039224121,-0.21382913727235361,,-0.036384284233615935,-0.22514180630996333,,0.025374542238052147,-0.21999412307153898,-0.20504442616831947,-0.05116408236131704,,-0.42332566417047945,-0.16492983706623715,-0.4371531319140265,-0.21844245093998005,-0.1929978460980037,-0.0983861796580796,-0.21934741641714808,-0.18001443213355434,,-0.21024318004185175,-0.2122333303264486,,,-0.23487920380015018,-0.2160271138993034,-0.21926121160413972,0.06348972694698103
2013-11-30,-0.06072702936716886,-0.09784684625161368,-0.060359814767735505,0.03159645945889144,0.09090650923479907,-0.19420883331292482,-0.004886328003084154,,-0.08600843057419455,-0.012356590303654068,0.103564915376515,-0.06978039149142236,0.043351461345696805,0.032234406878471025,,-0.1838760354572218,,,,-0.039549570953256515,-0.05335059402569406,-0.018465244969091396,-0.11621171812085461,-0.3101029647260523,-0.25057227620555256,-0.10138539364742126,-0.08994734001160279,-0.012168033918379879,-0.09698124493829596,-0.34958059570627653,-0.08308910588440772,0.06290160018534086,0.06389744384884413,-0.09956558549922688,-0.027436010216113655,-0.1103776996615176,-0.211022592778604,-0.15119104383082005,0.034196296630546665,-0.18407170203184153,-0.004948526583576836,-0.544264568649837,-0.2492823329402092,-0.13333374511762885,-0.03793190566029679,-0.019653049600029494,,-0.06344161019653355,-0.3844225026590106,-0.0725958185616886,-0.11298747758029158,-0.25283945788629003,-0.19534109162159158,0.005163096724513361,,-0.05240969720443726,-0.02973767584775515,-0.007396532338977552,,-0.17838888803902575,-0.035610780084578894,-0.17820583713357507,-0.14851156832991613,,-0.11858108160024769,-0.26267159218792674,-0.22781184172459945,-0.2002172243706946,-0.09325001886917111,-0.1514805958463348,-0.33188838998308995,-0.07856018633208643,-0.062259673293932824,,-0.07344220265113777,,,-0.18301357009593594,-0.02291955736736641,-0.08747388991663584,-0.23417271270492415,-0.05398351555388457,0.017064053244755045,,-0.21337568775323404,-0.07761971175275832,-0.002467568165546582,0.10218146893555126,-0.1264264867456391,,-0.08331925070990862,-0.11252290199665359,,-0.24473630359238738,-0.27981064311952114,0.08836714067381146,-0.06791605227495447,-0.04927351196443372,-0.07548147014232019,-0.013018979573170757,0.023461937306170383,-0.12285630637477003,,-0.043568614122782595,-0.07383008445730029,-0.14151228023266185,-0.0011394487340013902,-0.02932791042500693,-0.19984162965868288,-0.021545297645027498,-0.1903007194089504,-0.12307663220226125,,-0.0964067334207697,,-0.13913262808852128,,-0.08713191105887773,-0.05694976374309461,-0.26297737241806657,-0.036186649166412635,,0.021181740985389014,0.012878210534770885,-0.06406766757965165,,0.011691937796926984,0.031363863144382054,-0.02395689215239357,-0.1798561898583887,-0.24131620446405064,-0.0748627551218741,-0.08481609346905969,-0.0885320706201415,-0.21837982603368228,,0.01356649347362391,,-0.07793076069166845,-0.246774441153417,,-0.20085453896901642,0.1570512546199219,-0.040600472788946435,0.04016786229955651,-0.07276158397220406,0.0008253883894152962,-0.19473307435755113,-0.04863065595105265,,0.0067633164865294245,-0.1872325316778478,-0.014811982795969304,,0.1304317181670055,-0.10631643445759618,,0.12954954049398376,-0.09062076432646593,-0.031145337048519132,0.12698035398364801,,-0.1941096929743099,-0.025268689559822165,-0.20157311527895017,-0.08776220436204582,-0.05783523782853405,0.006587866342670052,-0.25139982893947976,-0.03092211823729968,,-0.023565855700947495,-0.08703957375734839,,,-0.11617117308479195,-0.07829628189465697,-0.10982071461758873,0.22244862144145686
2013-12-31,0.16784474529135832,0.14003490295744017,0.14833874349954415,0.19928943017066564,0.24739456439989374,0.20497094537881058,0.17449742936133136,,0.07559981776996816,0.2967685552327847,0.3277006868971978,0.1412586550275163,0.1892613886430947,0.22099622229427668,,0.04274199687355767,,,,0.20531301904129237,0.17238284355882405,0.19851526135258413,0.1507605272489729,-0.093183868466073,0.0011363528083294932,0.053536159828451946,0.1534379044983418,0.2282897593038265,0.11649283866518981,-0.10382897899394124,0.14051959671604014,0.28133485977293804,0.3541021031639442,0.16602541402735166,0.1994387493464174,0.16603068084734526,0.03740273638531536,0.0467134903449852,0.19585192992663983,-0.005991342296591984,0.1702111186318598,-0.18344879415501705,0.16233295391635466,0.12967185666442446,0.16311842800443774,0.20645042621113452,,0.1656729777236235,-0.051899622877878186,0.1428437838123695,0.13153103357882373,-0.05339969481456071,-0.0005228708173409283,0.21754595564702095,,0.1644890623332617,0.18996640880624133,0.11622522306873068,,-0.005395245130261951,0.14621368234236973,-0.00569069971972579,-0.02229650203358875,,0.27527891098456536,-0.04107122186164685,-0.03617542384237502,0.032674918904977944,0.04541049021396669,0.08662490928441338,-0.019764068956380103,0.05540551476338351,0.19178065435455272,,0.14012322817151304,,,-0.004158261529567988,0.18734542776031046,0.16659052565765256,-0.0231812722497266,0.16273805528784133,0.18697369549148563,,-0.012916708706757492,0.1530637811568933,0.21175642508553283,0.2589912921029925,0.13598233957309702,,0.13063207130583007,0.1433192940806267,,0.16160011589927814,-0.09876422673046256,0.1753310902804696,0.13832738863625432,0.17898381227523524,0.13222531117376765,0.15361263332638259,0.19139861253900167,0.279256792915,,0.1686698516452909,0.13644020456266942,0.01814325357929885,0.1485868025217933,0.1669413853076918,0.0032777984787108437,0.20333132861074563,0.014286303861076832,0.10015738348931334,,0.1224319335727326,,0.15611132860790775,,0.19339495222700495,0.1657250890124401,0.23281606115344244,0.1648255607410258,,0.22401146704418454,0.17052450545700712,0.08520445545640781,,0.23582831378125063,0.2609000984578136,0.19644641950296476,-0.004003816286149661,0.21322322858706294,0.13435152287291668,0.13466564928097585,0.12636108062095697,0.1636138794814552,,0.2330178716991429,,0.14029600167389955,-0.015605029344711613,,-0.08309188310293678,0.27310898773445225,0.19350185467535128,0.2304615351172397,0.15175857142799354,0.16201977419382146,0.16884097285960115,0.11858191942723814,,0.16431951700532837,-0.02791410923144932,0.22019740880282188,,0.2703176173669241,0.11789495542836906,,0.23281247222934048,0.15111946354411138,0.1808349750060771,0.23096158507128564,,0.24041456235618783,0.1895320921178546,0.20887597088629695,0.13621234602483626,0.16349641551814467,0.170604220728467,-0.023139202877912195,0.17101635068841578,,0.20130195784644747,0.12488581940197722,,,0.13759934948725377,0.13247204577933785,0.12851689284901704,0.32003724006492773
2014-01-31,0.29330939042793863,0.26186606226174985,0.2757662713982668,0.3238618465582445,0.37319374922303133,0.31067775465881375,0.3025748840704456,,0.181500380108515,0.4129147832718731,0.4508531806859085,0.2660563876590521,0.320096248543506,0.34882804439347914,,0.14213671530011396,,,,0.32804662668553797,0.29285616592553737,0.3198711720947715,0.26540523214424555,0.011366131900145177,0.09091611274916614,0.1572952809860859,0.26834968202613635,0.3530672295560097,0.24120400088139135,0.01589962512968711,0.2642442034480584,0.4164720870283471,0.4786168043392422,0.2795414479594144,0.31701232905104887,0.29094599686947953,0.11138209953959946,0.16295607449033575,0.31888156690131186,0.11143455750099097,0.29320101558009115,-0.10643250945942168,0.2729079351396395,0.24618859108314292,0.2906373224602974,0.33299513639152395,,0.2858361031317228,0.027339678414092194,0.26457724611017025,0.25015832967014967,0.06021985574041734,0.10394831566150735,0.34105510531494454,,0.2894166077940827,0.31338374151630544,0.2481151651631354,,0.10540826308862317,0.2738698966323527,0.10060040003259836,0.09156697127268423,,0.3959246935944337,0.06752296449402628,0.06498616314460161,0.12230583850405684,0.17429417397891933,0.16161596748331167,0.11033089510285479,0.1685593416739336,0.31259663571558294,,0.2621408428571036,,,0.11962548028016723,0.31157068137629823,0.2819558743039838,0.07660681915506763,0.2876169233516273,0.3088913109694228,,0.09041909707791873,0.2737098531569711,0.3276559197196449,0.3849464099986587,0.2613054016202833,,0.25548172041747125,0.26020465125881864,,0.2721938027269333,0.01476667354489258,0.263692188341956,0.2643027882802969,0.3040858301665428,0.25925140924858997,0.27789883372902524,0.3155094577730844,0.38336797992905186,,0.2935194708438345,0.26286335902573277,0.12612760576557547,0.27461749555157694,0.2929988448863284,0.10745522350951268,0.3281534434856588,0.1266124411657151,0.2230656438944157,,0.24619373962502714,,0.29126406148343326,,0.30812775244533114,0.28998726418825393,0.31181938418202554,0.29340796253173734,,0.35512359074814226,0.2958283626800362,0.23429322546421372,,0.366075404865204,0.38936838028929194,0.3170914244193544,0.09668931092112719,0.31843278978563094,0.260662591713065,0.2588422800809889,0.25239812591462163,0.28187594954108375,,0.36071170489582327,,0.26352828840401576,0.09264918748693957,,0.04822020441212551,0.3959074840203166,0.3143436399999371,0.3697540532166075,0.2722863585314151,0.2866488854623404,0.28047787448014994,0.22869468647858285,,0.2926278582835154,0.08263535682141934,0.3472728259508435,,0.3989021810090145,0.24153396513658634,,0.3568081994876648,0.27001940606598374,0.3080278425709142,0.36896863779851485,,0.34827973193529693,0.30978378910933674,0.32488877668657323,0.2590379741444305,0.28500393466134094,0.2951486176462741,0.08633363774069802,0.29704087897299036,,0.3266184294021835,0.2496599793855656,,,0.2550144604699223,0.2586902398058786,0.24723865641340229,0.4478826627110326
2014-02-28,0.09637895877430742,0.086946713142489,0.08753651486700677,0.103165899011757,0.14790349822047658,0.04441528528924365,0.0955588247150858,,-0.01605840168183209,0.14447772721802188,0.2162384235569172,0.08696909323584365,0.08842341475932795,0.14408427572298607,,0.0012218139673787452,,,,0.12184881863967478,0.09529439704004532,0.11284075224651588,0.07179848833750145,-0.1137712165112813,0.01860484077099458,0.04315309170441591,0.0877675525938932,0.11543027826807506,0.07469531417327599,-0.0747204640232655,0.08248107898284003,0.07719567714814275,0.05104197538003159,0.08233762854110428,0.12784550779648812,0.0599291332890745,0.12041323882415686,0.03356267059748135,-0.0018039852092683994,-0.05392598105166679,0.06609509315366908,-0.10920151289581363,0.019552735365049097,0.05448207664646946,0.10516876957932468,0.10958753605248124,,0.10111774908295425,-0.0667610708764048,0.09273275875927113,0.06066289190532747,-0.09967852083871775,-0.0070639056387366206,0.13312940194635933,,0.0981036792019454,0.10360562292438864,-0.04109548730675341,,0.00635304350929857,0.06195962659784355,-0.03538216546065633,-0.014951988092908665,,0.048642793275230016,-0.06168821715522661,-0.06207176021506339,0.006552377766167184,0.014586727428658321,0.11796149164476685,-0.09693519289733842,-0.06849926101384263,0.09149285218073905,,0.09249279324196111,,,-0.10067815957027497,0.1282875734481074,0.08508934063453312,-0.015378744288478833,0.10222171518512345,0.09433660518459534,,-0.028603730001269128,0.10000293554016382,0.17955965044614758,0.16936082432397223,0.08466626884230502,,0.0865559827323087,0.07450054205083051,,0.0731526598577755,-0.1262137480458929,0.02651137688010305,0.08898221012271015,0.1042103776601031,0.105248641110478,0.072438628440818,0.10063857784103905,0.09120029064388555,,0.09589602034114754,0.08516345479927942,0.06605342836140529,0.04510038464620901,0.10252541462664912,-0.07372511444800603,0.1272756222880284,0.013362123591383864,0.08443794411469092,,0.08310237832668976,,-0.08102798661873196,,0.0917043187147342,0.09732507535244732,0.07586207124960404,0.10858448062211769,,0.1387354732589845,0.07771176541346554,-0.20712873845049917,,0.12981655219969013,0.14893198945228467,0.1222854262215611,0.010659307843203972,0.032157886734259136,0.08288406045364803,0.08184413281320793,0.08414783661736544,0.00941969019799377,,0.12974607360338827,,0.08229682430948188,-0.015988696010327916,,0.044183903200291225,0.18801265035668813,0.12062412562489912,0.03321865283953525,0.08180694283559016,0.06966025199105665,0.03942743571463868,0.01037990273932881,,0.05502690578320668,-0.040318036908784174,0.11066296010887178,,0.15304015325764259,0.0629046828480689,,0.18423128320971213,0.08725261492324023,0.1099672278089552,0.14024078493094494,,0.04597689987606771,0.12557436563326163,0.033386012007724945,0.09213043522491214,0.09437779149302088,0.07403138926582066,-0.023128434655999446,0.10694843245050453,,0.10875148903312747,0.07927047006318615,,,0.07062737134243913,0.092958636378612,0.06510675381469107,0.19795359726658524
2014-03-31,0.24744436383735727,0.22121120101993758,0.22877480809309128,0.2596009436471281,0.30991152330510374,0.23853875695514526,0.2545345048796483,,0.11632477674176625,0.3310270329687804,0.3927454429179889,0.2330899918931229,0.22584402174448426,0.29635420327861334,,0.24133306439675897,,,,0.26663577580524617,0.25201494313618544,0.27975595144789533,0.2384330621218763,0.07208875816147635,0.22156215749892308,0.1981583250153754,0.2381076457540406,0.2686400957887124,0.2148480842657321,0.029231488302804205,0.22653487015472532,0.24153089833842797,0.24236906232341332,0.25092562499205706,0.2893374251445518,0.19840617787877185,0.34941477815600935,0.18852257830708327,0.14601290384576446,0.0808669079750865,0.22407188826590085,0.11849427631031526,0.19867257315166778,0.21811817790204158,0.2469347397154669,0.25859183207643527,,0.2547065199162425,0.16238389495153058,0.2452776547113243,0.21394776237839297,0.029244486761933797,0.14787688270991697,0.30596868744582645,,0.24142625427778341,0.25703822720610536,0.07413057768211632,,0.1816920292811527,0.215374226246433,0.1326209290483694,0.1344645511212099,,0.2457103512861081,0.16122482031935453,0.09550643826366031,0.27208986130518814,0.14893786842656673,0.3550922993871126,-0.008691988621001838,0.03787991342910952,0.25402054798016044,,0.24710392569109513,,,-0.019278980515451186,0.2751259936802881,0.2514950128185407,0.16999602131715272,0.252126466565935,0.2535091519931873,,0.1344722333628193,0.25124987286844197,0.3501953676481761,0.33692013957173444,0.21810071781083362,,0.2249942342408941,0.23393312609143768,,0.23581875137090444,0.01209898846572649,0.1407166145717757,0.22626869933067809,0.26781191758750167,0.2392765454175329,0.22013574839406225,0.2638876813661942,0.3116064577518423,,0.2436598599022861,0.22270354881768392,0.1641237021243052,0.19830549524237703,0.24251570684231838,0.07228239330355725,0.272060533269541,0.16388164245359188,0.22207602929528827,,0.22035063107734976,,0.022926207422437374,,0.25311340758340073,0.24199023378539664,0.31859646296856947,0.24082994435154043,,0.29312903912611543,0.22927932777389512,-0.14123763496498673,,0.28382087824807206,0.3131130861242995,0.2735506787458158,0.1672791751281249,0.22478000982292015,0.22002666083396838,0.22490597200079912,0.22058796048127208,0.17250389659837337,,0.27965846148115553,,0.2245242301677413,0.1396591721934364,,0.1494058029785018,0.35798932408742096,0.2879333048580733,0.1567773763513913,0.2310081735267121,0.21931768557885453,0.21358878336829454,0.18282947975899516,,0.18432428532209952,0.08910069071031913,0.26053234021387683,,0.315230617003021,0.20535602167805386,,0.36259257794973554,0.24049124329768246,0.24325811211145829,0.2649255028380816,,0.23986601553727868,0.2884208742444014,0.21002685049852146,0.2383100506895767,0.2444029333923184,0.22228587623813942,0.12699295178459338,0.25265733767916826,,0.23957544294322425,0.21769890611280016,,,0.2270751951562954,0.23140841886245023,0.2173085053715204,0.380481633109902
2014-04-30,0.30876016989095945,0.33235293863870025,0.29205186059973615,0.30683890932652,0.31781668665040425,0.4237284376199205,0.2811158804873884,,0.36636795618729234,0.39766736003622477,0.37537370292170374,0.3046180277202921,0.26771043886421275,0.3113808689647074,,0.37001479557130146,,,,0.34512361317266854,0.33528950398299673,0.3337541040495662,0.3613947659370388,0.3020433001782353,0.44902022699734023,0.38619395951057467,0.3689779357312307,0.3291664698824415,0.30047194800458127,0.26802049344154893,0.31250123530397994,0.2520492068859682,0.3161087228169439,0.37280984757350777,0.3659826434702971,0.31311253726059496,0.5718608053824094,0.316305034418157,0.27980201880012684,0.27563067281799475,0.299391283926862,0.46196131941428303,0.3893509840338629,0.34180289594614127,0.2982766805503057,0.31288591738614446,,0.340404861647796,0.4760864864603149,0.322915300500846,0.3330928522772024,0.28162165724956806,0.36388452974177593,0.3274988647411825,,0.31342065955002285,0.3237007708642158,0.21012647554533395,,0.3174725082202026,0.27047715079061485,0.3319782143388228,0.2923203899301706,,0.3443435742601203,0.2883623516706045,0.3566639157459163,0.41780820692666837,0.23288281280448808,0.565983566767575,0.22969064972312436,0.3082970871632134,0.33717524125997494,,0.31949824419957146,,,0.24564077166182227,0.328839571883402,0.36181595586816623,0.3746408209640869,0.3119629900257842,0.31677321688386584,,0.35839678486035803,0.33681421019353125,0.3899141066969629,0.3238561498277531,0.31538561072144805,,0.30676468662920675,0.3493516558727815,,0.41523617281009234,0.25861872561018395,0.492910487087327,0.30112431945754703,0.30951825378574577,0.3018220856017399,0.2949020166205934,0.30453067539241857,0.44887526333363686,,0.3107427088472487,0.29747639444904994,0.39162930116839256,0.2682583033436199,0.3063401744929131,0.34732722481631273,0.33077788513183426,0.33090416931725364,0.31544701083871635,,0.3122686990384392,,0.21902734132221685,,0.3788086385717592,0.31770062021870416,0.5924889364743668,0.2977982156957337,,0.29217935840306775,0.28966160815164593,0.07099744155567798,,0.29978263716854636,0.31703408581589904,0.34886316763243574,0.3878428474957725,0.4343734312134243,0.2970033352211366,0.30849140131292807,0.2993948311761556,0.34220821500287457,,0.3154000360561961,,0.31512061423378235,0.34281494073590957,,0.22142919053712076,0.3424222111341549,0.34200329211524705,0.217818752253445,0.3304408723805548,0.291081097403641,0.38445494685983,0.33988761447880145,,0.27289481409632865,0.31710098674864645,0.3132812967044315,,0.3031550142738989,0.30363892019715527,,0.32236288065784646,0.34335149656489106,0.3102324720838129,0.24790369556468722,,0.4230952702323096,0.3451525754023278,0.36952457653273213,0.3198592573152055,0.3298731822494323,0.2955005961709119,0.3339654396895889,0.30717502030051835,,0.3271363410570233,0.3033934349753168,,,0.34500676744562975,0.3006871975222429,0.3330869552088482,0.313456745913836
2014-05-31,0.06699230392349241,0.08772769668949373,0.058682674727067057,0.10148547890056443,0.08916906601593884,0.1928305292911021,0.06441322367491832,,0.2585092026454848,0.13037232733888252,0.07798408180713493,0.07095549935498914,0.07659549454107747,0.057643178046130436,,0.2120847530595682,,,,0.08635542379480393,0.1035986694851755,0.09800564783191827,0.13257467224036884,0.206480644960986,0.25198557556831874,0.21369157693837867,0.13463263666945194,0.08689887514419482,0.06829796667537363,0.09190934230522423,0.07821923153933774,0.07179231544809872,0.17114051310543663,0.14105514161224114,0.11374665291721694,0.08575889577151953,0.30217594595672875,0.11679477340422009,0.18800651994627327,0.15433066277957316,0.1195546231440041,0.2871957738996988,0.15526496316830354,0.12244491799580524,0.05593040342527279,0.07274994098702389,,0.09836111202792205,0.32129613886985486,0.08534606849336873,0.11407709217082634,0.18281202738089783,0.20232886516970244,0.0782855521101322,,0.07428435841216313,0.08992888498234904,0.13457341042601725,,0.1446668198936215,0.07673483394472069,0.20781968468030024,0.15310437171913802,,0.12410612852485722,0.15438075752812505,0.2439955640902641,0.2590985567384543,0.06682403232557257,0.3232304358042212,0.06683200569192595,0.2517395200804093,0.10358025147784469,,0.08179711698966521,,,0.16420871818798766,0.07128282963580784,0.13085989558395242,0.21158704954100346,0.06827552099864871,0.1176927768205269,,0.21350080315068204,0.08941668405813734,0.0965354865708626,0.07724333101935899,0.05579452423967318,,0.06732634286528616,0.11723743573326686,,0.12587808409689624,0.17897387781367646,0.43474908496710357,0.06470711623738468,0.0652477758134824,0.04372469122885516,0.10379599759816577,0.09940674180102373,0.20049069723684507,,0.07822941908112166,0.06190078721171212,0.17053082197166106,0.11060984752649052,0.07213766023573479,0.253487108167854,0.07292115421228153,0.140307407763083,0.06342768423817047,,0.07188640626015694,,0.11433811655917316,,0.13929917466257527,0.07787807087411708,0.3243678750103497,0.05087335565241329,,0.0350555525006559,0.10332856802700395,0.12436097772939757,,0.047439309972050044,0.05455071333286325,0.10053262288107585,0.21954750834848474,0.19334180030494075,0.06359868217785686,0.07396630057306303,0.058913543141792486,0.12451450658669788,,0.06679632850753689,,0.0839853142090427,0.1628647885117852,,-0.022128856290523153,0.10517649442009112,0.08826739928592464,0.07024147188142073,0.1047323510662047,0.10869871484106139,0.1539227259676703,0.21652241666129277,,0.1035449608494995,0.18877944423064838,0.0727381470976881,,0.08344385689276634,0.08055813132471001,,0.0781480898631344,0.10525905321097019,0.06457857755696113,0.030884231738432168,,0.1854223670521321,0.09433811980348039,0.1342647931153452,0.07455434285271112,0.09618870566458046,0.11062858807089986,0.15828248467598802,0.06755917827608089,,0.0867032965710906,0.07038104290272211,,,0.11492736135586955,0.0553014916336276,0.11099414639183755,0.08896892510572178
2014-06-30,0.19363355364449908,0.20254751090927609,0.18966550964354034,0.2116270486559145,0.2090449986323854,0.2461231201482292,0.1930857370588758,,0.276815816584565,0.22588021860195628,0.20711680469018176,0.1947081608271377,0.20076421955114596,0.1934143908327506,,0.2478440320395711,,,,0.20479136348479565,0.21032987998987357,0.2088905435538047,0.22087506683997374,0.2396934083024519,0.26664772433618333,0.25602926571614487,0.223670721926817,0.2053608119199592,0.19244677664209586,0.1917491538462408,0.19778162094156737,0.1991173654912849,0.2441161071386769,0.2255897423483451,0.21672347798703293,0.2009736490922918,0.2927634873115052,0.21026515426304587,0.24868388977619152,0.22429356048981614,0.21749370389847572,0.26872305958464626,0.22708609410187028,0.21512362890349995,0.1895956530961224,0.198314280386479,,0.20794910631381563,0.29112547764755986,0.2011281186528188,0.21240473498386456,0.23414018287951013,0.2465654540170825,0.20093035862507225,,0.1975167287585713,0.20525755972409104,0.2223000579025098,,0.21956589503141655,0.1969136323248036,0.24772193937771955,0.22433991615940488,,0.21734163632380538,0.21725328563346036,0.26260343858709906,0.2677264056308452,0.1888149776253956,0.30399967963529156,0.18255546637535328,0.27324002576359374,0.21016967869798944,,0.19930649627375469,,,0.2303779545291349,0.19783829656684598,0.22132318775706325,0.24778348767225733,0.19446032174087152,0.21814693902523513,,0.2500458288675029,0.20342069545665836,0.21054787833546226,0.20434805128709255,0.18729101332514286,,0.1929827619905811,0.21419962832354836,,0.21612388333607063,0.2296423106180252,0.3650982986859165,0.19234143916440194,0.1928256794034148,0.18310236936982,0.21050002975563176,0.20992160110024638,0.25243461414581436,,0.1992642101858378,0.19078527405693435,0.23850307198519238,0.21261414141749768,0.19728376542317766,0.2685726391907281,0.19904333459369788,0.2193361857096185,0.18983748967133154,,0.19463896237706485,,0.21108354184016734,,0.2262540052433584,0.19902209227695294,0.30428681546007363,0.18795366037470443,,0.18264927880119547,0.2110388060896879,0.2137212114801279,,0.18819089059933486,0.1923531252197987,0.21103494120868224,0.2550911478702187,0.24546214525184998,0.19145588759722332,0.1957063455693728,0.18897485541966771,0.21407786010799137,,0.1972678974960456,,0.20060428538830297,0.22694549539525163,,0.14579285524471827,0.21882958467970692,0.20414531958461624,0.19780504972509053,0.21007869669841214,0.21298050784279307,0.22838621725844463,0.25772985476104454,,0.2114271368302224,0.24027219380857323,0.19867582590339763,,0.20772484704563876,0.19747725446396971,,0.2045119012889181,0.20994937284114767,0.19466611390330316,0.18431249936951263,,0.24355558113264453,0.2074913807354128,0.21980592106270588,0.19609699745920267,0.2069909372827928,0.2143560642612402,0.2246851087717902,0.19506651030762498,,0.2054970027930905,0.19398228304871837,,,0.21299855068003448,0.1877746804106752,0.21116642144439224,0.2131325658009285
2014-07-31,0.4498650173264764,0.43916953789711266,0.423504980498884,0.4242169408587389,0.43065317033201855,0.6111020509890889,0.42745223413730166,,0.39626549794540505,0.5566176671866498,0.5008589060891139,0.4333120269371345,0.3804329224691455,0.43445527930102495,,0.5620330405863825,,,,0.46048968430006565,0.4607384881710181,0.4692500158026801,0.49813329857838845,0.4689785306534739,0.5495169520808192,0.4292705249864687,0.4691617475716311,0.4640894805746873,0.4257530171069879,0.38193797419204195,0.4387618901257034,0.44558246543710356,0.5265471558097226,0.5029434103404976,0.47612306999881465,0.457800799822655,0.613603214792487,0.4359760231349038,0.39620351320143987,0.3858578362699292,0.4255682470841078,0.6303032252686195,0.5905657184818759,0.48699377221657053,0.4227934233762738,0.4477266761554742,,0.46040701550526647,0.6225417086258695,0.44772790148186936,0.4635056633759278,0.38795907855076606,0.44164971125540786,0.4740996363498121,,0.4356379980929136,0.4516637626667396,0.31964497852122026,,0.4458091594245447,0.4172459840033769,0.4364254175595727,0.38316019763263254,,0.5944318266415741,0.516744075527229,0.4373470350445692,0.6066374534234668,0.36064885956550513,0.6160049779318212,0.38704600068716427,0.33390964141880064,0.4824614802225797,,0.44849039246502104,,,0.3118991769167762,0.44198936973208186,0.4921342265523102,0.48845354060405227,0.44347927656584113,0.4301828957539315,,0.45150388873604763,0.4576740737273718,0.48978467166233236,0.440452479609148,0.44723570981059035,,0.4261581197769291,0.48135949556142815,,0.5781111377258629,0.3828244269051163,0.3651873362679136,0.41964801246876504,0.46543719931357397,0.4180684601992682,0.4084859186358894,0.43187870275193513,0.6527601736179274,,0.43771711878399866,0.42097905035555105,0.3669109748078092,0.3982525909333878,0.4196387140620227,0.4261554048159075,0.4473791975463695,0.43592856934632856,0.4320477386385777,,0.42827128868283193,,0.3944095543022858,,0.503991025263069,0.4411239496125921,0.7587791515807925,0.41152625411728516,,0.43977213115357533,0.4075625419876532,0.23048149220756778,,0.45127207935587377,0.4713761596409197,0.45634626410402446,0.4403786756698815,0.6395470858020027,0.41967662557711327,0.4345450485787887,0.4225088161893461,0.5447905129882316,,0.4472944558913653,,0.4343000214294244,0.45642889194618685,,0.3159542341010874,0.42738713884113433,0.48117657224073807,0.37138398192425603,0.44911515856449175,0.40685053125266224,0.5599516083314187,0.4433236319421346,,0.3753806769239875,0.3798422266090415,0.45348306422085577,,0.41921538439133044,0.4338316164460757,,0.42646281524609736,0.46623002660733515,0.4211793339224767,0.3428171848867758,,0.6290293217765816,0.46682694093854343,0.5834266848654944,0.44392927299199314,0.4492427798731012,0.40788509898281655,0.4458482917498316,0.42997745517155755,,0.42833503170277365,0.42380509609127237,,,0.4754899640675886,0.42370721523659,0.459360349126671,0.42688990961266937
2014-08-31,0.006559824436884765,0.0012065834330521631,-0.013521529523987554,-0.024027476161138456,-0.031023059786152298,0.14701233871240407,-0.012548651379305588,,-0.016884024198048474,0.06941363885212208,0.010418201810130851,-0.0003624925334640418,-0.06695045223344873,-0.02252972099492337,,0.1787101716869496,,,,0.002007432661464133,0.01713475480613001,0.019795856628179703,0.060007078646275844,0.11947112712125195,0.17202256203829516,0.03186238871848757,0.029259730803976803,-0.0008242368447225796,-0.0009299120470657929,0.01842018396079555,0.003687100612059476,-0.03588491700583972,0.017332797087776023,0.060251190138056826,0.024976905364278622,0.0070301738214088765,0.2328680785809194,0.03716099526928099,-0.05649593858547422,-0.0001293554715946617,-0.014006311145065673,0.3103492156710422,0.13671736480023364,0.05548530509843744,-0.0181011291555208,-0.00921536718187114,,0.018533721034778204,0.25942626637996846,0.014685253314302043,0.030949518379775703,0.014189931116232025,0.058398696826167315,0.02024647380683365,,-0.007047446938561026,0.0018732718707311167,-0.10953100860210492,,0.07101376379080256,-0.01529691932423968,0.05846391034592196,0.01203055375167398,,0.10624567733598518,0.15798298333139002,0.06549467537956961,0.23193545775442867,-0.03783308054062464,0.21992928705018594,-0.016522983616320593,-0.07725031781192943,0.030565389262676518,,0.01701294634623894,,,-0.08793989799227035,-0.006424077000641397,0.049859049541374795,0.11807893332729927,0.0029963708182662377,-0.013600614694857358,,0.07307394811971511,0.019697345970963735,0.03929359465067135,-0.023383448573097067,0.00846657080560567,,-0.005544077936587013,0.04545973185135909,,0.12374120799310998,0.027852465974189843,-0.08003850555775636,-0.01433412803644102,0.021086580243403576,-0.013826518350774187,-0.02626597863384264,-0.012208001239647824,0.16901686374970742,,-0.005254942554078526,-0.012755969773143264,-0.029064802020725193,-0.03325430617164497,-0.022737145040667754,0.03618537251406679,-0.008494296484242103,0.04648975728699735,0.010332946772702991,,-0.0012699036367686725,,-0.06738884735613339,,0.04905379932548891,-0.002240907315709431,0.2879731367746181,-0.03183353195289399,,-0.019220245848419134,-0.031524612444327936,-0.20676157223804761,,-0.014215450513469466,-0.0007044423483919547,0.004457900200702594,0.06101974996114822,0.16706729172764415,-0.013394856982388782,0.0016971394963540623,-0.0082382033417853,0.08918784405121563,,-0.017669668529414963,,-0.0006439920594292312,0.0754326057342431,,-0.03918466351934784,-0.03692456180604424,0.03252480211162297,-0.09972724018443048,0.01093070992805956,-0.0301948913981698,0.1075129534028093,0.023712482010914297,,-0.06705890478995769,0.00272660002248859,-0.008937719102091955,,-0.049109660060495226,0.005738213293237716,,-0.02060151419837953,0.027917864352073916,-0.028610636295318983,-0.11665301281552755,,0.14922763072829512,0.02047084418564277,0.11293088009520529,0.011225158061674694,0.007779544110491855,-0.032612171911359504,0.06636741917223045,-0.012955221216499602,,-0.030506040481927052,-0.005957236763214566,,,0.04104563339226413,-0.008118765490483687,0.028363676918384165,-0.049785300484799885
2014-09-30,0.3168671005354329,0.28933310009601104,0.27017626787781773,0.22305646771005008,0.2295432512237173,0.6013573313109609,0.2566499813205744,,0.08213779261978332,0.4954917276248283,0.37739944895395994,0.27506729542560776,0.16740744374759395,0.2719336657522565,,0.37243502491046565,,,,0.3302994612395041,0.30664162908265824,0.31730872693613743,0.3694197627872466,0.24521317850391336,0.32490931483847524,0.12443228467677826,0.30616307400544773,0.3414132073370422,0.2654875756315721,0.20350150290937674,0.2876682219448759,0.3423290483933614,0.4670754510998343,0.3697042213168491,0.31696582426287745,0.36111176201606887,0.3476862857037572,0.23135966305075953,0.16101309118315268,0.14134653415180928,0.22357825653807537,0.4824274118493642,0.6041760200748517,0.35881402150788944,0.2633293584116667,0.31451645643260934,,0.307739548397538,0.45142310856493373,0.2863739020455887,0.3174929286615434,0.14304318410055575,0.18022867742333973,0.33219755320078465,,0.28245003483690095,0.30130856226465674,0.05742646513650421,,0.20438119535972582,0.2404919798565345,0.1639169875204628,0.08317079754184752,,0.641303674425317,0.3457738192264244,0.15460404869845254,0.4012828270559644,0.12815155154640168,0.34525124958364933,0.30651097827837265,-0.003872369523305234,0.36329012132615396,,0.2879122285880525,,,0.051054786473118764,0.2837176957698229,0.3529915771242841,0.24654709519823145,0.29525470134101867,0.22151937356194923,,0.19494024442219435,0.3078340067221279,0.3224662269237334,0.24657287328584523,0.33881312063795654,,0.26653817726396106,0.3458299270058172,,0.5819474422501583,0.12320309962088939,-0.12024618021517446,0.25541766462020726,0.3397914035470796,0.2603744956362498,0.19740824113331842,0.2339956291939105,0.6596947421295328,,0.28162578458198917,0.2628769981690105,0.05070284434927325,0.17647187010520238,0.24672114267781559,0.15658582770164634,0.30510200449784475,0.21791447395501176,0.2754223777686623,,0.2685480886835282,,0.3188464634726521,,0.38685360546180914,0.29218249438002936,0.7772433205319977,0.2502235306758281,,0.30743404290536686,0.19335662948413188,0.014265849572041253,,0.33632871029445904,0.3629614125281442,0.29547438735911236,0.14571527855967273,0.6852342502374981,0.2594631045712825,0.2804542665004442,0.26757308172508937,0.5460706286778632,,0.3134535666899007,,0.2738526340860775,0.2515726809744516,,0.06297874422589894,0.17845813938580068,0.3475725035259526,0.22331557529345641,0.28804418120103387,0.19170876699444928,0.5241348701137255,0.18284884825508996,,0.15544090371125,0.08458356061326804,0.3322171796227071,,0.21118648223343892,0.2806275812287584,,0.176705323560206,0.3207638431613028,0.2658275492228653,0.11011649429911398,,0.6651957399448823,0.3072331213039108,0.616322822674267,0.29251839277196123,0.2904730844376281,0.1945367262061597,0.23861752160320962,0.2675690623129619,,0.27579101339078965,0.26097394185639466,,,0.3376800742868013,0.26727998763381305,0.3070130192129961,0.18660630637601489
2014-10-31,0.04555822371056683,0.04078671153368895,0.006924824605243207,-0.061412302515143034,-0.07391018022629735,0.33570177667128015,-0.029763002664723818,,-0.13451664137634003,0.1935224883116094,0.0521728106940921,0.009617390275254562,-0.10232486160541067,-0.018984247079883707,,0.05948310796940406,,,,0.06258286836390532,0.03375578094206084,0.028345579478835044,0.10210142197172623,0.008979668669062428,0.0544919531825728,-0.12775121647101575,0.047866375105818745,0.06484106192085277,0.009354423953399154,0.028338811127293494,0.02760280248721386,0.053350361053208485,0.17443132036257053,0.09854317011758777,0.03368745666718534,0.11683857990833124,0.0388546660911461,-0.023555713494854698,-0.08854745627944187,-0.075199470993047,-0.05095646366222675,0.24302318706231466,0.3569849624959599,0.09687109422051131,-0.005806229635122861,0.040583822417240865,,0.03712098955471349,0.19442654753975064,0.016190390683701792,0.060316459531446084,-0.050785320966342036,-0.05528084897566278,0.030116855804075974,,0.017383594477271985,0.026433590733825795,-0.16163029234304305,,-0.06174070542183849,-0.031438423148481394,-0.08119961647627455,-0.16006968056822196,,0.3587955291348009,0.05764835396297073,-0.06737086395410298,0.07087551704243837,-0.11876693064748105,0.026883483159306137,0.15074270987352983,-0.19106627518580072,0.08847732411657994,,0.01535933587117414,,,-0.10706001333564273,0.0074620302156319755,0.08050097981349504,-0.010796564445063807,0.022803502630453325,-0.060984569737895906,,-0.04153909392969716,0.03962762467114631,0.017372402430367525,-0.06773525325531546,0.09160582059886593,,0.00899992326090586,0.0818488493900106,,0.33689084038726763,-0.07491143741043273,-0.3246388262488417,-0.0034066207868786572,0.054556343941388086,5.233606084300009e-05,-0.07060071559571643,-0.05602767304358274,0.35811184151833125,,0.01230776750450038,0.004852789531840987,-0.1544695066511308,-0.09338390840303852,-0.019422182116186675,-0.0526208285623354,0.032154542031629374,-0.02362687797044124,0.021949275008202273,,0.014482929958071987,,0.13694163554135605,,0.12088993821550797,0.027174178513372896,0.48856834616751765,-0.011370565087459854,,0.014704783268514193,-0.0816311438920073,-0.12651669584798403,,0.049186456532577257,0.06308663992596593,0.020345321849195748,-0.09488364516344783,0.430600473387048,0.002372423249943187,0.02072127177617074,0.011751561757329566,0.30750226146386345,,0.031840136665882916,,0.015401553393625084,0.018702107388688983,,-0.16649437682746987,-0.14491693813849416,0.05865389815925305,-0.02134303821583358,0.025738511724660792,-0.07844756797030997,0.27059647286931676,-0.08226375330814296,,-0.09467648257082456,-0.1265740576894547,0.05766932131981331,,-0.09792748144802664,0.027224890507362293,,-0.15603767415883465,0.05641735553814707,0.005120400609469785,-0.1707108023411042,,0.4013990892196877,0.01976624662427236,0.3633736515859376,0.028786123392719902,0.0230516658691681,-0.07500345443385839,0.0116257278630779,-0.004588440700026027,,0.020604432658172783,0.005113672299823105,,,0.07693451461805842,0.006686725014814637,0.04904170800889676,-0.15779069662626957
2014-11-30,-0.14668822003804155,-0.15617475733511058,-0.16822583325085638,-0.21036432993649437,-0.23519399518518533,0.05674110165687139,-0.18581103232683932,,-0.22577938125071878,-0.0679154741618566,-0.1874716677222309,-0.16839079144331653,-0.22693997547445288,-0.20412202029723545,,-0.09836833636513163,,,,-0.15112907496412223,-0.1558829584677934,-0.1622296215956471,-0.10653420470501083,-0.08936459850267944,-0.13758501541550697,-0.255164068180575,-0.15282314044260187,-0.1384467016276271,-0.16637499234078795,-0.11103898403994165,-0.156664945264075,-0.1021899198772019,-0.0068471033439979154,-0.11346160206702334,-0.1731235558720827,-0.08661936085165527,-0.21061947876518572,-0.1751552890173066,-0.16910649369885625,-0.16615829651052078,-0.18707361883359952,0.02192874892553005,0.0791377923850063,-0.1012242551744204,-0.1841452172031054,-0.15195197062898358,,-0.15940868256226623,-0.012536964291982651,-0.1688059279178589,-0.12759568268909008,-0.13611092963161212,-0.18818283816053913,-0.16678766967174874,,-0.16793264095981833,-0.1609303385442985,-0.20108180903063272,,-0.188382156601931,-0.17270286717804847,-0.18209201424343516,-0.24179775387140556,,0.09315467298406742,-0.06913105371668989,-0.17013149243949732,-0.09827296648440491,-0.2149169773643512,-0.20652352580664138,-0.007318554992698578,-0.23186384996491083,-0.11605770599375,,-0.16863523851235634,,,-0.16673348663184265,-0.1884413784188459,-0.12468640443140348,-0.15519443489877904,-0.16545660603960644,-0.20834588257525116,,-0.16753440508470893,-0.15910039854068536,-0.2109367593764039,-0.2408665021517542,-0.12148992178162026,,-0.17211163597366622,-0.12119333493871787,,0.03041398393718277,-0.13825841800111563,-0.37524539002724183,-0.1792285121357959,-0.14112887004869515,-0.18747929085961593,-0.20656693896808934,-0.20512793399021367,0.05842948080640602,,-0.16791429686004578,-0.17171796879824586,-0.30191952043093906,-0.20143207093603752,-0.1922606213766741,-0.1495332395185244,-0.1708618913574097,-0.17270985716133647,-0.16923011963365078,,-0.1692734932180054,,0.007718895889253688,,-0.10282228104796348,-0.16167823157976982,0.12154354446388534,-0.19102091897742676,,-0.17636375890160788,-0.21196565570557888,-0.08302650076674853,,-0.14972258738443261,-0.14815508212353595,-0.1781992299634386,-0.22627419199553803,0.12134717919448769,-0.17236672502529296,-0.1610456427567547,-0.1689909268845783,0.058446901564880256,,-0.16424717856230336,,-0.16496445097278062,-0.13631475306027427,,-0.2842051606642597,-0.29900821000400096,-0.1496240150236984,-0.13566305398121514,-0.1575911938404527,-0.20763141417798803,0.015768135499665045,-0.18836056876245316,,-0.21073933582742585,-0.21648586814183549,-0.13969983978343362,,-0.24686635619445357,-0.1488370585049853,,-0.30512891638325934,-0.14284745944936703,-0.18087208522004983,-0.28991977422590026,,0.10216100437391797,-0.17840893631002241,0.08561766973359192,-0.16250304594620296,-0.16388917935976688,-0.20750790369925265,-0.1377477830249348,-0.18376133175669573,,-0.1707183843972794,-0.17097633230797032,,,-0.12296078338014035,-0.17568609661442297,-0.13764076476572773,-0.2977781087331352
2014-12-31,-0.4381689187058669,-0.4729088829515376,-0.44342809154629703,-0.45386367995302146,-0.48689274000114374,-0.33062311407426603,-0.4303258146934094,,-0.4693795590162566,-0.41909107046159394,-0.5178239855795297,-0.45457525307625096,-0.4321691543837121,-0.4826633057322123,,-0.4104316669284156,,,,-0.47051742564343707,-0.45577340899071034,-0.4557767085443886,-0.4365934932504936,-0.34525451039304655,-0.5410124693934278,-0.5626677854491844,-0.48445229032717707,-0.4296572128730553,-0.4556590189072978,-0.4044434238988338,-0.4510729370958933,-0.2828622195424903,-0.20163086122392906,-0.44854112359210685,-0.5001413334141723,-0.3807757292415022,-0.7342176006766554,-0.4683053396162527,-0.3151859994290762,-0.38731245198025155,-0.41764832422457576,-0.44973942322305777,-0.3017065920959638,-0.41684473792067567,-0.46394145515363394,-0.43378696784258697,,-0.4720828351688542,-0.4376343987903596,-0.4703578120210356,-0.43212609802605606,-0.36240965246761325,-0.4971816691295271,-0.46005537454677975,,-0.4583138003019316,-0.44859353031297544,-0.3023250559518218,,-0.47384744477976615,-0.4021995309854102,-0.44226265286070926,-0.4802602789727838,,-0.2164008215805034,-0.3328708829705692,-0.44958847058233414,-0.4472610157983472,-0.4176104845197293,-0.6926671140210563,-0.2576853033779972,-0.40024991109374636,-0.41984280853650635,,-0.46859165897067506,,,-0.3366521266522765,-0.49410886640134083,-0.4493932730283853,-0.48402985397952025,-0.45901980475364623,-0.4578010081672205,,-0.4666237907931308,-0.4767997965663877,-0.5764603737700207,-0.5062890743185415,-0.44426180480761374,,-0.46661261988895913,-0.4449375992823491,,-0.40322508484772546,-0.3455398000232115,-0.619971650409535,-0.4641914160846915,-0.4327082765370419,-0.4897276956867983,-0.4439969123345168,-0.4497034170008824,-0.339662205545289,,-0.45016575479858245,-0.45518346260670134,-0.6530499477742538,-0.3966903225092332,-0.46928955811376283,-0.40088890931307963,-0.4766790005079528,-0.4788024823637745,-0.4882214206064817,,-0.47112112370607895,,-0.14527888375107614,,-0.44243571450599234,-0.4562840886916924,-0.4162211213725673,-0.47251476867822917,,-0.4474806400765085,-0.4365012090504938,-0.016198933460614146,,-0.42375723803832627,-0.4353947960329091,-0.49023920155933687,-0.5521283752293926,-0.28957194354266697,-0.4543216880036836,-0.45368295969831784,-0.4607452703023789,-0.2729940670887403,,-0.445023472137094,,-0.45759051896082875,-0.45681174989604556,,-0.56164101168663,-0.5571765874339991,-0.4660749108786957,-0.27631830306275257,-0.4549682920988068,-0.4332406097320035,-0.3468790606821121,-0.4185960094561189,,-0.4127459369852602,-0.470311501838015,-0.4203616107383462,,-0.47321647229544206,-0.43592706775529977,,-0.5641518835257735,-0.4612970920308992,-0.4675224968191025,-0.4792557903618728,,-0.2876339349691205,-0.4913497649370936,-0.27042756665986173,-0.4706788876399853,-0.4626634508407137,-0.43584988482433146,-0.450629407495567,-0.4656644768329851,,-0.46155733104900776,-0.4599643486818615,,,-0.44339344332081015,-0.4692836929495584,-0.4436986250491072,-0.5128882025023395
2015-01-31,-0.4220732308992002,-0.44903686227299583,-0.4207128599552277,-0.43305631923691384,-0.4668307184990544,-0.36825608094875084,-0.40758193075863514,,-0.42637213397936674,-0.44584911723239856,-0.5167542516350404,-0.42646993629515384,-0.4160069480192467,-0.4631885171949561,,-0.3429874878299164,,,,-0.4623354989633987,-0.43602416537512706,-0.437978229523906,-0.4199314258299969,-0.27390275290014937,-0.449011103380761,-0.4796710663521852,-0.45898029942637447,-0.43416125112697257,-0.42286241974829103,-0.3429076105589515,-0.4266220800661433,-0.32977873407126296,-0.2947465880156972,-0.43264091609991895,-0.475909812545,-0.39085440025532114,-0.5976996866577123,-0.40829926524614235,-0.33380389490900064,-0.3386676437048731,-0.39929559136260445,-0.3396029751454034,-0.34006099834563275,-0.3992125337769275,-0.4387394105550466,-0.4299047818343662,,-0.4478570083263585,-0.36316395801585427,-0.4379691015842843,-0.41162781611447674,-0.3136758272776494,-0.4210419831069774,-0.4426433292187545,,-0.4376516579635848,-0.4349352416987398,-0.3053031883775769,,-0.3887905663500338,-0.38156675949090196,-0.37049198312071246,-0.3913508047110888,,-0.29589108476635384,-0.2639517459522434,-0.37607201268962565,-0.36249921898085,-0.36532367834586565,-0.5763735991738828,-0.26932109049849295,-0.37318264038364374,-0.4164663506137169,,-0.4347125282902518,,,-0.32012244133657863,-0.4685174789539309,-0.4319332701073731,-0.3972682996054591,-0.43508880999264915,-0.43286833354082943,,-0.3931772133807206,-0.44859430869899,-0.5309189379951016,-0.48215482195401327,-0.4287381829678866,,-0.4356044446232819,-0.4242532397412505,,-0.4199764062861291,-0.2823209185148297,-0.570975575877884,-0.4349673477728796,-0.41648170252484323,-0.4528995326631933,-0.4161662815822931,-0.42532667103123856,-0.3869822658074342,,-0.43057712920075836,-0.42803736522422237,-0.5566797294240474,-0.3749226989611812,-0.44451630379476637,-0.35629611504157116,-0.4627332197042962,-0.41113342017514426,-0.44512214455644267,,-0.4381626702497915,,-0.2266567797085071,,-0.440172337126804,-0.4370475028904961,-0.44482159214388595,-0.4487357919846814,,-0.4377224556646586,-0.4123703729353697,-0.10139526818687063,,-0.4270274155367369,-0.44027402629247303,-0.4695351476458585,-0.4589658244976693,-0.3484923282184199,-0.4268801085079319,-0.4265034064591635,-0.43043137090670813,-0.318267346234866,,-0.44399592205813937,,-0.4315857657768204,-0.38977990819267544,,-0.4416145903187779,-0.5187619569675493,-0.44637590704978947,-0.32082240814101703,-0.4322913080533214,-0.4090665335451587,-0.3702795089532825,-0.3845357208655294,,-0.40049782869184636,-0.39609842284095226,-0.42456615898267297,,-0.4598662922065428,-0.40979227343261304,,-0.5068389744847795,-0.4381405397350769,-0.45131609520154115,-0.4586814115114836,,-0.35054595029434765,-0.4632945677793027,-0.3287545419459865,-0.43938580593496873,-0.44009878884186854,-0.4143890462140776,-0.3843135256804036,-0.44153261156088797,,-0.45631114588032123,-0.4288668809780848,,,-0.4221385653416575,-0.4370336503716304,-0.41882672383496083,-0.49010403261779684
2015-02-28,-0.4200537183824059,-0.4412865311707187,-0.40575477990910697,-0.4000010497236706,-0.4207821390549607,-0.475642747724077,-0.38899739949881246,,-0.3960917965909682,-0.4814213030861822,-0.4934448866211043,-0.4173445395317126,-0.36132677820942405,-0.4299302300101408,,-0.441171954750535,,,,-0.45213454247465645,-0.4350314507482003,-0.43569084045656137,-0.4512951354485994,-0.357278353538069,-0.5289012470536274,-0.4643036326870003,-0.46288077710615944,-0.42633526277699046,-0.4153419242201184,-0.37167788804387575,-0.4217759391906328,-0.3186475880397189,-0.32624719348095194,-0.460835541042107,-0.4705870489828818,-0.4038100743876509,-0.6772236337700271,-0.4201397034005334,-0.2997019146146779,-0.3414321625098322,-0.37935203904916914,-0.5346487297853796,-0.452156928282209,-0.4322616898993123,-0.416287969517683,-0.4168372331432013,,-0.44632556722376826,-0.5183012725929061,-0.4346577889419907,-0.42661918202974747,-0.3329863638270823,-0.4395149317812015,-0.4388246051756622,,-0.4235083188731697,-0.4252154682479051,-0.24612164895682215,,-0.4170493316299318,-0.36739368473792766,-0.3941215170983536,-0.38067405433381624,,-0.39533543355304607,-0.369396706320309,-0.40576188319529677,-0.4839313847452574,-0.3374586234171891,-0.649514546352782,-0.3057499617363859,-0.317962935843734,-0.4308756644018619,,-0.43298089422904473,,,-0.2822039025485205,-0.4470663988848144,-0.4530613321534735,-0.4536244442801436,-0.42663225828994444,-0.4054035789179026,,-0.4253670725161382,-0.44839207226256933,-0.5201093531750223,-0.43712894280389303,-0.4341832830426229,,-0.42312002992027553,-0.44595487784897175,,-0.5103518454875252,-0.31209366016941176,-0.459958235277954,-0.41655678824365483,-0.4224760243766881,-0.4323896011640816,-0.3861179274198998,-0.399959535271773,-0.500251142424642,,-0.41753191861827516,-0.41262940702202117,-0.4993642721310918,-0.3457646339807426,-0.41718883316071953,-0.37593585666105134,-0.4437076697442493,-0.4286642604379042,-0.44154316351244083,,-0.42839240259631234,,-0.2363073434598732,,-0.4635685881928633,-0.42642385255140697,-0.623064360121572,-0.4176096287340544,,-0.41416850935502214,-0.37820333136110373,-0.03786314066001632,,-0.41149688529272005,-0.42921758343375355,-0.4542975626963799,-0.4675690534991811,-0.4802039122501589,-0.41117384568852966,-0.4201481918856005,-0.41809114044839624,-0.40564305544691676,,-0.422194741855973,,-0.42243969071673587,-0.4312082302346368,,-0.40051517564940414,-0.4510034536539736,-0.4526277072431273,-0.2752998327516761,-0.4291778761993163,-0.37696323878493576,-0.45255775756964334,-0.3835069545826031,,-0.3508962242685741,-0.3855262419554391,-0.41400788338984995,,-0.40235810349236945,-0.40979512288667674,,-0.4488062617052417,-0.4458052187897721,-0.42266412246761875,-0.3630078366069087,,-0.46850752272940244,-0.4565099043862161,-0.4301347573074139,-0.4362073756256417,-0.43323200609405765,-0.3803440965647199,-0.4219825572771086,-0.42078561506227885,,-0.42714519008924723,-0.41711706595319153,,,-0.441836460998812,-0.4226418074838758,-0.4301290300771861,-0.4168448408220009
2015-03-31,-0.4247549076535882,-0.4314307951857612,-0.421993436528406,-0.42668823017748464,-0.4634313359846699,-0.33768343443525306,-0.4236200261375692,,-0.35992275847523775,-0.42254733376945075,-0.51072964272235,-0.4316712725782039,-0.3984370813184035,-0.46431475797101607,,-0.43227248321722983,,,,-0.4398065742934276,-0.43130869434202657,-0.4422779256777175,-0.41627317325739965,-0.3285402382373531,-0.49480574638515873,-0.476239649437115,-0.4392925971838509,-0.41258395506670376,-0.42824816282250283,-0.34546949435638097,-0.4248313431705925,-0.302899107199366,-0.22679189852590276,-0.4249206522846182,-0.46947119656698577,-0.3602954744828133,-0.6637441207222143,-0.43454878507622563,-0.2692514602659808,-0.3325242870502391,-0.3914898562132148,-0.4353585748231317,-0.3139230714660817,-0.4003815776200206,-0.4403103199534152,-0.41662525816032997,,-0.4443142306853898,-0.4115347075796279,-0.4460041612036145,-0.4055731272161928,-0.29701575464238084,-0.4276245695122819,-0.4583230528073718,,-0.43117954726867447,-0.42671921207107294,-0.24568257992838155,,-0.4470078852352127,-0.39040536418176947,-0.39019237754850056,-0.4223834960898121,,-0.2684086170052938,-0.3719674116294749,-0.3745925264433459,-0.47043681502754015,-0.38728259589119196,-0.6276278564611789,-0.2191969573113873,-0.278074254350132,-0.40791416659060614,,-0.4476635256425323,,,-0.235958787940314,-0.4653226973637968,-0.42666763032084876,-0.4427582999838826,-0.44016578034409387,-0.4268356204921,,-0.4057290301784972,-0.44955458336529003,-0.5480923936267666,-0.4893714115117061,-0.4196068959075651,,-0.4361970534196137,-0.4215991628128294,,-0.39478348247461237,-0.2921935050911088,-0.40049747060512586,-0.43353936306718105,-0.4324679787576221,-0.4598953314993954,-0.40950549416432486,-0.4303959995888619,-0.3669171485128574,,-0.4267191145194809,-0.4274376214519663,-0.5155144973513736,-0.37123862165893984,-0.4369105472262334,-0.31949740478717975,-0.44880602341942344,-0.4311953774688218,-0.4558639441372045,,-0.43754706113995284,,-0.11944623915335087,,-0.41436073822502817,-0.4297306583377344,-0.4127875816160212,-0.4404617749462551,,-0.44566017162663885,-0.4063550917870839,0.03710551472836197,,-0.4218505986660519,-0.4387946939313563,-0.4559945955108762,-0.4682501378815288,-0.3045314762334431,-0.42566362303905325,-0.42746527147582813,-0.43253120876660994,-0.2841690773197048,,-0.4286200590707813,,-0.42619788005731724,-0.4108503094921195,,-0.5139239105713338,-0.5219586123298566,-0.4559500627779732,-0.2583216945490576,-0.42320364276801353,-0.40008810684662377,-0.345131447313008,-0.37011183074103887,,-0.36531113795452713,-0.38403243620988203,-0.40652485020616075,,-0.45304805643653584,-0.4098344704744897,,-0.5451619392473241,-0.43315042973056134,-0.4327259542437478,-0.44040061607411357,,-0.3056728981277874,-0.4698035873210471,-0.2925211113269331,-0.44479493060477227,-0.4333663952393795,-0.4003787083900952,-0.4019945045632568,-0.4412017444583206,,-0.4178601174937326,-0.42936308420823394,,,-0.4182540058239238,-0.4426884430782134,-0.4151323037145553,-0.5009127425896516
2015-04-30,-0.6274657611424533,-0.6461418683436992,-0.614764433007494,-0.617676613670767,-0.6227973689524272,-0.7114671580365918,-0.605627201573374,,-0.66541994063752,-0.6802937968548992,-0.6640892564778524,-0.6282954932263758,-0.5801139210224855,-0.6228656491068469,,-0.7244066859085044,,,,-0.6471716831637825,-0.6478636087456177,-0.6459343592824072,-0.6739524224832079,-0.6691880318479466,-0.7887839606288858,-0.7095643124826857,-0.6758851229841752,-0.6291709713244662,-0.6280861295533801,-0.6266756197186989,-0.6330685466671561,-0.5481629458345127,-0.5793328504937463,-0.6808638139146135,-0.6718906532120511,-0.6195793462398137,-0.9036775760642741,-0.6577917563302423,-0.5702738380424472,-0.6152900394333752,-0.6134399786715286,-0.8401430425687286,-0.6880871570607113,-0.6605736555207861,-0.6188504999563469,-0.6204825465400808,,-0.6542081960558818,-0.8183211075074224,-0.6455085453736027,-0.6504609004674468,-0.6227644712226283,-0.6993636629939008,-0.6419001077687809,,-0.6292783910031039,-0.6340011492000345,-0.5206215450449355,,-0.675757277001365,-0.596765570071193,-0.6743282241718085,-0.6461592179352144,,-0.6306641381753354,-0.6681282684236016,-0.6932792641853421,-0.7746687718362859,-0.5811534129300763,-0.8855478937350105,-0.5616445304160761,-0.6051540946178443,-0.6451655571258451,,-0.6444394561000432,,,-0.5613435511406276,-0.6418229241507727,-0.6718466767213567,-0.7245244447041761,-0.6321214802710279,-0.6281572120986015,,-0.6972843375153662,-0.6544523804428848,-0.7012175163220064,-0.6307509691240596,-0.6344722756727811,,-0.6304905749342995,-0.6648586103697061,,-0.7143145295882923,-0.6165511168563045,-0.730429614036125,-0.6236623965850262,-0.6309161222750872,-0.628812280122326,-0.6128081238574977,-0.6203809947870806,-0.7274650457394463,,-0.6268857691099182,-0.6208193110110285,-0.7095824616924539,-0.589325299554929,-0.622318844134857,-0.666894359781621,-0.637608877484119,-0.6730763733194299,-0.6463299580717045,,-0.6361889935028202,,-0.506180666326959,,-0.6766366933444317,-0.6326107664779785,-0.8586436701048767,-0.615234616244128,,-0.6072904169062757,-0.6058079895834038,-0.3687034868282737,,-0.6076635527900066,-0.621100525478155,-0.6546067917599901,-0.7228547217335194,-0.7151139620970196,-0.6204171207012255,-0.6312678022090457,-0.6250002423448356,-0.6427683834651878,,-0.6187390658343119,,-0.6342487453777855,-0.6874807284410138,,-0.6092761246547539,-0.644349417768837,-0.6562805827795902,-0.5123382733834105,-0.6448279987934069,-0.6071226536448141,-0.6836934522617143,-0.6527000924688124,,-0.5815540269122865,-0.6544107925193531,-0.6172115721809961,,-0.6051096952913582,-0.6284356085962572,,-0.6438838850149186,-0.6581008460451317,-0.620564105094791,-0.5579530768418557,,-0.7009590294184578,-0.6588822763796578,-0.66043422580475,-0.6430877534818196,-0.6437943807117363,-0.6083142061120345,-0.6793889910806398,-0.6249598719671838,,-0.6260054870099494,-0.6280023480593704,,,-0.6613282138560213,-0.6267065910579395,-0.6518829080370195,-0.6137500038885554
2015-05-31,-0.7072275149729088,-0.7034536181169853,-0.7098548691913795,-0.7343179902667809,-0.7283795022900287,-0.6932660107916592,-0.730228451312633,,-0.7890593100091857,-0.6831412258143568,-0.6912574647127883,-0.7196595288952258,-0.7197883926084147,-0.7077083455736866,,-0.8660626886313646,,,,-0.6897360725695972,-0.7219740249570293,-0.7256609364818523,-0.7281322846291673,-0.8536809446495705,-0.8524564777570947,-0.8180592708923197,-0.7243006994454938,-0.6892728066114245,-0.7203052556126062,-0.7445570131943653,-0.7144845413098154,-0.6767666117404313,-0.6689197562851825,-0.7285023823853933,-0.7232610613410781,-0.6771734541244291,-0.8938584369688878,-0.7749751656197466,-0.7379127856475665,-0.7816846672801925,-0.7436023611525447,-0.8957156318973272,-0.6768420082880213,-0.7296458502547555,-0.7094832042208262,-0.6946993927986551,,-0.7198578223091737,-0.8723184456596115,-0.7282568555402242,-0.7251428325220078,-0.7875338577971978,-0.8126901299943887,-0.7230218253327424,,-0.7082823291001057,-0.7117517228863687,-0.732765486729387,,-0.8278015680319172,-0.7335036166174941,-0.8325877622259609,-0.8277531241908764,,-0.6513702353868179,-0.8589922477229737,-0.8335886402442164,-0.9053218238626437,-0.7623326770334258,-0.8914640386598803,-0.6601578416623636,-0.7735254454507206,-0.7080111929940011,,-0.7309353888200173,,,-0.7266000895901877,-0.7090007152900567,-0.7282989151913306,-0.8448505777035767,-0.7140902492647738,-0.7440648808148738,,-0.8226842656068566,-0.719366757366039,-0.735106708012973,-0.728820766009653,-0.6853157374199367,,-0.7145320291659154,-0.7248371451763572,,-0.6641398956576248,-0.8160888661099229,-0.8184951402623029,-0.7130616111960891,-0.7152869852877712,-0.708529956273203,-0.7405342855551477,-0.7426704263322512,-0.6965918315899257,,-0.7133204568800123,-0.711072967869892,-0.7689438732009639,-0.7518080997796821,-0.7123614883219288,-0.8035914114803405,-0.6953660479998222,-0.7845774369486932,-0.7208176074707315,,-0.715521396645711,,-0.6275200523066214,,-0.706167254748257,-0.7076780663527977,-0.7318369722151644,-0.699115970583062,,-0.6957413992436292,-0.7416179404968708,-0.6601334097699652,,-0.6844810511918805,-0.6869045482315864,-0.7128746605256917,-0.8307150930260154,-0.6652175476333538,-0.7120644382315245,-0.7161903653498108,-0.7112418206963733,-0.6627116102974933,,-0.689109930115709,,-0.716585940452262,-0.792549975734488,,-0.7739654372525515,-0.7522279322233121,-0.7198141587319735,-0.6627418916061528,-0.7218454096239777,-0.7420830546425613,-0.6911765094685884,-0.799216078341002,,-0.7199556411638539,-0.804645446190495,-0.6867430332110497,,-0.7251222985072141,-0.7192937382575637,,-0.7726993104391541,-0.7201369019555088,-0.6935622995717251,-0.7030769707977129,,-0.6633589866633848,-0.7272895197778233,-0.6527855167957146,-0.7185118038842818,-0.7187702710208299,-0.7375203793581224,-0.7891232448856877,-0.713233687314711,,-0.6842145992568845,-0.7173008649914061,,,-0.7238803921168663,-0.712662070815448,-0.7275772157422595,-0.7494200861785137
2015-06-30,-0.6934227551604722,-0.693511443333681,-0.6967060235350255,-0.7360552564023367,-0.7343452502949892,-0.6759143881025811,-0.7200851512732134,,-0.8101623232489915,-0.6790003514630457,-0.6949936290056525,-0.706693410019268,-0.7221385674676122,-0.7035694226902486,,-0.8421979549659419,,,,-0.6842311998128257,-0.7145800149444372,-0.7190430585619074,-0.7161834715962085,-0.8245079429166547,-0.8390926208597055,-0.826010227741964,-0.7202676209737141,-0.6843551655232695,-0.7050010559784557,-0.7105936030128991,-0.7017678238658092,-0.6724058680477274,-0.6754337278204432,-0.7198459923040459,-0.7206257619164832,-0.6630435414576492,-0.8921194544983349,-0.7583947598575707,-0.7543610714298947,-0.770475803281785,-0.7431404664044815,-0.8470882247279922,-0.6491827004125488,-0.7140627425975152,-0.6987497472358012,-0.6872220645574405,,-0.7114096624057032,-0.8480776277162058,-0.716416552780623,-0.7129598071566553,-0.7741897629174309,-0.8064960582992328,-0.714433987406069,,-0.6987966578436702,-0.705308323342021,-0.7413878447078347,,-0.8080079349573814,-0.7225638942809207,-0.825036292019657,-0.8184848369294149,,-0.6278919341245321,-0.8176613472172689,-0.8292464377309952,-0.8828508429597696,-0.7467663583433294,-0.8978050745489308,-0.6253633023888587,-0.7984835592249304,-0.6978582522520733,,-0.7178310509804047,,,-0.7284342650268122,-0.7023820079665533,-0.7196562796526443,-0.8286113706428401,-0.7018589596589285,-0.7464062033813857,,-0.8138889395397783,-0.7082729121356304,-0.7317348655100183,-0.7331662047039869,-0.6661948063890423,,-0.7013260027171758,-0.7122798725388825,,-0.6375749678723419,-0.7960753097111269,-0.8981178317334576,-0.7013612824418812,-0.6995787421659221,-0.6934805077738079,-0.7390740516044043,-0.7414202522854563,-0.6834367699662712,,-0.7043593767781025,-0.6979733383902862,-0.779300540954245,-0.7505421518972067,-0.7059905862296646,-0.8061097139142624,-0.6895121126378188,-0.768760972724314,-0.7028681286069396,,-0.7019727110193513,,-0.6183137730742356,,-0.7004141493375134,-0.6980107527695788,-0.7214446189229585,-0.6900440222594253,,-0.6852492972121681,-0.7420448958058248,-0.665871211461717,,-0.6749284309415534,-0.6789742287553721,-0.7103624693249915,-0.8299271264215423,-0.6425145877885611,-0.6992002011788957,-0.7027356768553916,-0.6962639769093016,-0.6360100110395852,,-0.6845205019659785,,-0.7059921106540622,-0.7726510608997443,,-0.7389455349337888,-0.7680913551789162,-0.7091464157951725,-0.6641594261246234,-0.7139926625971907,-0.7424238973489741,-0.6712758841433184,-0.8072817851780537,,-0.7242801382911797,-0.8018311613140097,-0.679495746607599,,-0.7343022745667545,-0.7042525033358861,,-0.7785084056566932,-0.7096591184417351,-0.6873348162549783,-0.7107261703966905,,-0.6443548231815052,-0.7208251773840437,-0.627075021043987,-0.7045007437851152,-0.7111310878813408,-0.7393101635442131,-0.768950000575939,-0.7045551624500862,,-0.6834381539172004,-0.7040268527684468,,,-0.7110952320494192,-0.6979398934239134,-0.715630597362129,-0.7662902496151387
2015-07-31,-0.8541506946039175,-0.8420072838484234,-0.8435526326806054,-0.8936440979567761,-0.8839368200559411,-0.9562996675712677,-0.876423844794813,,-0.9817301643308318,-0.9041842732297901,-0.860484503141938,-0.8561895089763072,-0.8643321448421912,-0.8462682199792306,,-1.0827130600996602,,,,-0.8442125277005685,-0.8825540080928946,-0.8906880971098182,-0.9085850089069673,-1.04208802479349,-1.0392815247306295,-0.9702466949215196,-0.8877790991231475,-0.8600532755015177,-0.8493505873432761,-0.8477562128246774,-0.85554567764676,-0.887324274995132,-0.970261530901954,-0.9130149898088431,-0.8840552670829848,-0.847040720731815,-1.0693772009383418,-0.9111574446963248,-0.9643788347450614,-0.9361035715442585,-0.9151200585969921,-1.1025010921410343,-0.9197254187332925,-0.9052848298259072,-0.8392215774837083,-0.8516592385088567,,-0.8724572442793482,-1.119189914718081,-0.869682645842197,-0.8891540627637515,-0.9517990405007037,-0.9695243106572661,-0.8832780071823488,,-0.8495654067294024,-0.8699951879465969,-0.9114922815562824,,-0.9678762423746936,-0.8851644417391951,-1.005396836226947,-0.9549356071768308,,-0.9259124742898615,-1.0483991814786495,-1.0135199204530279,-1.1390365116820096,-0.8773752430856,-1.0965913840467993,-0.8062201752274366,-0.9662441201992702,-0.885350313463234,,-0.8711196082948689,,,-0.88331371875368,-0.844978922275235,-0.9065647732806135,-1.014507938993466,-0.8540642372936909,-0.9080680983586571,,-0.9921514769035913,-0.8641015671372272,-0.8736358054901012,-0.8783043719964773,-0.8184778660228728,,-0.8427716888397246,-0.8921695510728641,,-0.8646946038081109,-0.9749054969671906,-1.0572417124487108,-0.841125058619459,-0.8682827762963181,-0.81948723123108,-0.8920918790676141,-0.9024989351140149,-0.9822967157350857,,-0.8598093400592138,-0.8402154158384806,-0.8589165723262501,-0.9165756953795241,-0.8475555010896665,-1.0048171854527785,-0.8401847870932384,-0.9216801139562578,-0.8371060819765295,,-0.8432513566836776,,-0.8570820765207935,,-0.8961104972680226,-0.8521805788362211,-1.0591890537978608,-0.8223204007827593,,-0.8356129323498421,-0.8981420887083654,-0.8866800770352451,,-0.8396812147970627,-0.85043576153857,-0.8663472142825539,-0.9796164853925733,-0.9450765511423103,-0.8415366953363995,-0.852994900449682,-0.8360090893503646,-0.8921492200189846,,-0.8454037223790991,,-0.8574790133058308,-0.9430918257383089,,-0.7815205476153976,-0.9007265767333043,-0.8790341036942603,-0.8505996630160648,-0.8770247101706222,-0.8999319109494638,-0.9176428059799595,-1.0056984449786794,,-0.8750263157135769,-0.946391818041607,-0.8506686326634605,,-0.8842356351497695,-0.8603555483886973,,-0.9012452744104817,-0.8767268273062556,-0.8282962323921242,-0.8167610016276718,,-0.9437590252044945,-0.8791217009419503,-0.9021771616639388,-0.8530662690741896,-0.8705378956742837,-0.897096074905152,-0.9359507997968979,-0.8502329201567319,,-0.8344178295965087,-0.847167538021365,,,-0.8884820866717653,-0.8351056204906888,-0.8859809589088264,-0.9120820563631346
2015-08-31,-0.5518385108243152,-0.5447902868979845,-0.5334945574850114,-0.5843980316569457,-0.5518575351398155,-0.759771284280697,-0.5687392333649895,,-0.761131976874297,-0.6191138180433322,-0.5151478114188782,-0.5585612298159598,-0.5286558657488606,-0.5104945791855691,,-0.9721617739267814,,,,-0.5296929392875991,-0.5965630935279728,-0.5992759922974613,-0.6600997691553021,-0.936614256722869,-0.9289153183455965,-0.7599287732907312,-0.618376378022497,-0.5438138268467629,-0.556174776343273,-0.6311168559497421,-0.5614605971163662,-0.5520818901152391,-0.6817249237278157,-0.6625288658055803,-0.5940532003366852,-0.5509564338152099,-0.9820881158481939,-0.6768860659515124,-0.6832506283960909,-0.7179011302123773,-0.628756624332869,-1.1295936392372605,-0.7161142771839413,-0.658870732995587,-0.5204391443789816,-0.5327356202657834,,-0.5847085788301791,-1.0993355633157453,-0.5832988343532821,-0.6253870813947409,-0.7636926048133035,-0.7867200297289375,-0.580819001839312,,-0.5416591852754107,-0.5672710529963897,-0.6070367919644902,,-0.7807391296826914,-0.5901243737098931,-0.8361055317055696,-0.7453083231423802,,-0.6774169321540905,-0.9365034249452734,-0.8646631281662467,-1.074694852703961,-0.5956367094656716,-1.0027891793425963,-0.5448509059353875,-0.723858675441359,-0.6024564276565465,,-0.5861688449689447,,,-0.619560311063214,-0.5274443739121343,-0.6477878260332798,-0.8765265967130192,-0.5507101565603522,-0.6131171486381846,,-0.828159338424835,-0.5763597575840578,-0.5763891381256285,-0.5415557895281743,-0.5152405175267434,,-0.5414366595829282,-0.632104536224303,,-0.631780413986076,-0.8104569881475168,-0.8269484076609994,-0.5330594049711469,-0.5722794615021312,-0.5027593429976456,-0.5951361695613353,-0.602320358926995,-0.7817309562427196,,-0.5550620312356098,-0.5330635521782193,-0.5932711481110509,-0.6273720521226144,-0.5306381823450265,-0.8350649586255247,-0.5175902662186096,-0.7070781526626005,-0.5478361875762152,,-0.5468528189402183,,-0.5524206790961446,,-0.6294509664097276,-0.5474700875959618,-0.9619742484907111,-0.49183023392965697,,-0.4953016728003968,-0.5958803549247282,-0.5564894512694646,,-0.5030922963281452,-0.51605038104103,-0.5620992876858226,-0.8017283898323703,-0.7549106020239794,-0.5353757761090853,-0.5580580850181015,-0.5317455875883577,-0.6565227244108031,,-0.5122341229230241,,-0.5628440960424735,-0.759991944325642,,-0.4869299251582311,-0.5621836202980413,-0.5893801079538629,-0.4934891180944852,-0.5930750885839727,-0.6022916810347575,-0.6962861275452593,-0.790217246181771,,-0.5552448556973983,-0.7404040381360547,-0.5285963264339723,,-0.5375729581091288,-0.5757772202578514,,-0.5749806741322927,-0.6000566640526876,-0.4992649998472495,-0.42528861838918536,,-0.7364811955154515,-0.585210413319898,-0.6688274240091149,-0.5610631490128486,-0.5783394509593809,-0.5956748710842804,-0.7487810247268901,-0.5362858641658178,,-0.5052375808499068,-0.5492082027384259,,,-0.6268570333580824,-0.5277857048276252,-0.619936508675837,-0.5565375254251113
2015-09-30,-0.9302475816986276,-0.8870023674978367,-0.875815984392537,-0.8807499438038069,-0.8764750392908053,-1.3081869558846406,-0.8948428809342931,,-0.8176835672228957,-1.1593845568279155,-0.9938851154671502,-0.886255999506158,-0.8124792720187446,-0.8799899438274845,,-1.1428790891272944,,,,-0.936057657655514,-0.9422886217409029,-0.9604705601627969,-1.0218283564346313,-0.9987793255234152,-1.0348730068823602,-0.808572618116803,-0.9394347376914395,-0.9720793310678517,-0.8683108357863798,-0.7943008169390717,-0.8991252756019935,-1.039502113818722,-1.257799337443055,-1.0256807103059624,-0.94599987382031,-0.9841623020399597,-1.0342678395332792,-0.8722872449051734,-0.9278515821050176,-0.830692354092389,-0.9041484255674535,-1.2165864353588671,-1.2808540557002792,-1.0105966767433943,-0.8630262473776925,-0.9354010435023279,,-0.9298041149050841,-1.2323083606084935,-0.9034271416314263,-0.9579725958782854,-0.8468195659269623,-0.864875281051496,-0.9671235287371013,,-0.89185916932482,-0.9318980008809035,-0.7822912774032101,,-0.8805232487781867,-0.8919196659079925,-0.8901284750102505,-0.7620779061397259,,-1.3557878777590635,-1.094476760109494,-0.8865383143815845,-1.2015855236027695,-0.7645078145885276,-1.0742301937288996,-0.9096977794186111,-0.7470368522505846,-1.0076676024515838,,-0.9051341069508754,,,-0.7331058901547474,-0.8829631778962712,-1.004718468374425,-0.9545447506790296,-0.9045105127768784,-0.8886115219339089,,-0.90148024056634,-0.9192558211915819,-0.9209296297376376,-0.8819703205541932,-0.9168504258429044,,-0.8639640149338813,-0.9837879675338678,,-1.1902637777277443,-0.8410521404214529,-0.6946739947342988,-0.8546195450858894,-0.9629014874040078,-0.8325145423928546,-0.852649070666115,-0.8957031038471507,-1.3880904241671943,,-0.9016631600363075,-0.8623578667619576,-0.6303496777555954,-0.8643884308181933,-0.8559382307743731,-0.905017894939167,-0.9066714888826227,-0.8631043231433027,-0.8559318610197164,,-0.8641809481211455,,-1.0250080736908604,,-1.035727823514417,-0.9035982989925608,-1.5347203493718626,-0.8372447395536006,,-0.9107963559393221,-0.8580228191300553,-0.8033711306706534,,-0.9500126706029758,-0.9827410357251627,-0.9153596255245301,-0.8278130861495199,-1.387974655872467,-0.8604243828527489,-0.8885746124475997,-0.8598610664942195,-1.2144510942033997,,-0.9305351098164133,,-0.8873612186023602,-0.9122046071930282,,-0.5644353300053365,-0.829554606465925,-0.9738461481534101,-0.9034677645655058,-0.9192022436256323,-0.858219718772091,-1.1968387124738864,-0.9365144030124986,,-0.8152382883160413,-0.7660606185793665,-0.9565395700252698,,-0.867315038155038,-0.8970471675862968,,-0.8146026415925977,-0.9459739646472559,-0.8615640813111948,-0.7158987495625487,,-1.3732094318548478,-0.9315190387148393,-1.2931109905614853,-0.894708554637303,-0.9152915092536849,-0.8598946837296688,-0.8957644543592489,-0.8769686086785338,,-0.8835751703399528,-0.8634582401565157,,,-0.9732368431586931,-0.8569282767374515,-0.9422443440921898,-0.8620352400781816
2015-10-31,-0.7364863090037035,-0.7071329645823603,-0.6805369798951664,-0.67652978775107,-0.6712365898728383,-1.1540627873908214,-0.6799955610596157,,-0.6262509560767353,-0.9970674511636434,-0.80936554988465,-0.6840622499915183,-0.6210175546040236,-0.6831701451736057,,-0.8265301504173136,,,,-0.765504376724952,-0.7459141499650863,-0.7562666027647178,-0.8251161904951578,-0.7112411133827242,-0.749342898589313,-0.5622825825248204,-0.7515883219140642,-0.8019720960015077,-0.6659278249570233,-0.5872084488141316,-0.7043836519819621,-0.8809473785218211,-1.1343900076028306,-0.8308365749513659,-0.7488014610842731,-0.8287123586142497,-0.7119975559974772,-0.6318574710346229,-0.7617837130324329,-0.6087839566058191,-0.6983191257788853,-0.8907091629340138,-1.1329574413327634,-0.8106491373593913,-0.6666352022878861,-0.7568905954349805,,-0.7333888752228063,-0.9443075572492136,-0.6954760804361578,-0.7629683279057138,-0.6310001546148014,-0.6191720910030172,-0.7565620475074626,,-0.7020612557842952,-0.7419909636093066,-0.6139221279675512,,-0.5955680225171451,-0.68115834916281,-0.6278246158622872,-0.4911639782498008,,-1.2209421178458166,-0.7719229564092337,-0.6379444257224776,-0.8556899612624544,-0.5303467526410528,-0.7625876257766306,-0.7802636916675314,-0.5806988890549917,-0.8224359639475582,,-0.6929066717112929,,,-0.5853735408678546,-0.6893054428635415,-0.8077463534705883,-0.6719397801726616,-0.7049663774058121,-0.679946962922309,,-0.64892621662385,-0.7202714379811098,-0.7008778306066433,-0.6693676947081529,-0.7419988079479609,,-0.6667543933934584,-0.7870502870187965,,-1.0441513453029043,-0.5957857392764786,-0.5456576805778411,-0.6589028187766119,-0.7574302103033433,-0.6329475142353131,-0.6462748497875874,-0.6808728329006112,-1.2255941304254039,,-0.7079693055942083,-0.6675067834058587,-0.42693356526009196,-0.6515988698812578,-0.6635185145893476,-0.6934707600725643,-0.7269710532459778,-0.6224887292484735,-0.6496945264535453,,-0.6674703705858582,,-0.9469228022446575,,-0.862888268404348,-0.7149796757778519,-1.3675058233195005,-0.6512751202657967,,-0.7168553397687044,-0.6503968037931719,-0.725831304798878,,-0.7710452042737227,-0.8002881523620053,-0.7270696568889777,-0.5698070096587425,-1.2588938090581256,-0.6654901242691377,-0.691082461061994,-0.6634103462358332,-1.0768292544406284,,-0.7549729102004353,,-0.6934224985293905,-0.6697446032222667,,-0.2890729093556444,-0.6052223837744495,-0.769669323479237,-0.7719452682325603,-0.7256310366827738,-0.6525598730963809,-1.0378829920697268,-0.7099659233716117,,-0.6359617105893641,-0.5342938819986128,-0.7853414131821722,,-0.6649720229934526,-0.6996106992365603,,-0.5586790922243514,-0.7514360116189802,-0.6851568464544885,-0.5282900301305893,,-1.2442985042681438,-0.7241091715349408,-1.1627365032197805,-0.6931987444870417,-0.7211625064921782,-0.6594215673193551,-0.6569579096283961,-0.6800714281210948,,-0.7244432253248431,-0.6651841013174056,,,-0.7776315869069184,-0.6571362780621616,-0.7440217356094635,-0.6342405227689052
2015-11-30,-0.4257297964109475,-0.37232927308286784,-0.40597442974804293,-0.4562068154350338,-0.43093709228534927,-0.6109196574342692,-0.4612956991010187,,-0.48656362598072217,-0.5077554503868293,-0.39789238274020333,-0.4108196632464132,-0.43550877260834564,-0.3921723188367019,,-0.6976631027990038,,,,-0.3871561180958998,-0.4394130069485625,-0.456644318559499,-0.4781957592944339,-0.6647106851868879,-0.5251473014014844,-0.4245446434538634,-0.4128806660431682,-0.44012005248189884,-0.3981593262725335,-0.3926770666325963,-0.40993412103812465,-0.5900279965158443,-0.7371209762020313,-0.4747848552451702,-0.4111399558546239,-0.44903758620451273,-0.42236399453805007,-0.44783707347548923,-0.6120642841316758,-0.512431073501297,-0.5004968012849519,-0.6484588979346393,-0.5889717533007953,-0.4879507430954715,-0.38845688048702326,-0.42724896376147087,,-0.41549325738406595,-0.6803780962234155,-0.4142152072827918,-0.4563704408976014,-0.5347298395612841,-0.4687916389619127,-0.45403927723110504,,-0.40067753879111184,-0.4337414560720142,-0.5530486588402641,,-0.5057055958195535,-0.4837036047821155,-0.5529619864870832,-0.4718871099766564,,-0.6826139284824941,-0.7135728518603806,-0.5411545992074683,-0.7338273555319674,-0.4490627081452357,-0.48608602191414935,-0.45803818052606515,-0.507608866302916,-0.47268008171197257,,-0.4186028427298905,,,-0.4641114306117915,-0.373894771221209,-0.46839608854179265,-0.5380945211635186,-0.40934993757613736,-0.4659702691660312,,-0.516235501700019,-0.40260610386300494,-0.3533397556519021,-0.4167730356951442,-0.3731149393992847,,-0.38354340366846695,-0.45345791945597813,,-0.45315943675681786,-0.5740335180932814,-0.4230562253608222,-0.38424163646363624,-0.45245789092852007,-0.344298223036977,-0.4532365124942561,-0.4719564101542882,-0.6498896226087042,,-0.4195181638403797,-0.3903088773294856,-0.21577783909707862,-0.5154604558455392,-0.38980525103230973,-0.5627154119409148,-0.3811667801385878,-0.4418585684580393,-0.3593918131685157,,-0.37851453693212134,,-0.6079314294746838,,-0.4597700108804991,-0.40493479863004145,-0.6578861683605514,-0.3603782093815616,,-0.41196922676240716,-0.4687829899723114,-0.7099010157284084,,-0.43162740746170997,-0.4403132053530901,-0.3966950273505658,-0.4369551297071684,-0.6277081513565403,-0.39167423488396974,-0.40522542159534647,-0.3808614133070396,-0.5789775184093536,,-0.4162053486300507,,-0.40526754674956394,-0.47618753239483363,,-0.23362899555620878,-0.40122123697444045,-0.4379994981867398,-0.531558118764786,-0.428413510486354,-0.4703212785647299,-0.5528519476742049,-0.5812471015766749,,-0.44958409346747114,-0.451852783242425,-0.43739214129120635,,-0.44462878172221937,-0.42307378278032953,,-0.4031943623341772,-0.42503171333235107,-0.3693704519008888,-0.3566892126042519,,-0.6324619229500572,-0.41619208339637365,-0.5996691851961892,-0.3943681273845934,-0.41892004415341416,-0.464923516795621,-0.47060552288652735,-0.39933849619271455,,-0.37613096831109627,-0.39209323464322776,,,-0.4491554862173639,-0.3759357544780506,-0.4444278623743446,-0.45943731148257666
2015-12-31,-0.28265316474166824,-0.20427933595116077,-0.2703651716292616,-0.3440788208623376,-0.3168554594443883,-0.42155544970966446,-0.3487924617135135,,-0.3457668534306733,-0.3471991226338987,-0.24305352075203362,-0.26375826718521295,-0.35325332437506124,-0.25993314908208637,,-0.5011620830535912,,,,-0.22874902069753736,-0.2865391255204995,-0.31122715135828116,-0.30281978831577533,-0.4976748263151153,-0.2461550131419047,-0.2214641908214251,-0.23155019575547903,-0.309248949240828,-0.2453231214063417,-0.2087610156377101,-0.25829519515426996,-0.5621433392055547,-0.7200018361944921,-0.29651635834033896,-0.23776808594659163,-0.3152959861485234,-0.03587839489843901,-0.27241815065191566,-0.581879273559135,-0.3875683264868834,-0.39603765089815457,-0.3012980016298691,-0.4044552474770823,-0.321786096071305,-0.24933587421013478,-0.29854526223050293,,-0.25130609792819847,-0.38818841448662733,-0.253505019296829,-0.2969550557045506,-0.40167736455786646,-0.26604372998841735,-0.3114879886478123,,-0.2552228847099428,-0.29422387113697185,-0.5452766542984738,,-0.3193742516882666,-0.3803901563435135,-0.38655822025227055,-0.31458060407512767,,-0.5771309299496677,-0.5494855937715968,-0.3559840305701476,-0.4998061523715293,-0.34391665074692884,-0.137363451032371,-0.3461966995093838,-0.4263729370884936,-0.3263306134968177,,-0.2584410184720661,,,-0.3890982777908222,-0.21670090529953645,-0.29731813027920456,-0.3152311043711202,-0.26054525305622606,-0.34596303652052324,,-0.32066389766944137,-0.23279229751684388,-0.14433592779179447,-0.29256212963681844,-0.20685424300873664,,-0.22865230460376926,-0.280978866418109,,-0.22217724828221375,-0.44543631039113013,-0.2712160835611636,-0.2374939467502,-0.3103092433767503,-0.18260171334282133,-0.33915639608920967,-0.3572426184439892,-0.4618305738288936,,-0.28040803479478776,-0.2457448296897507,0.025290540601046678,-0.4335622938952705,-0.2519004266613723,-0.4127069286269649,-0.230277470830315,-0.250148125839855,-0.1799282762646092,,-0.21671651813553408,,-0.6055333201972969,,-0.2863584601401478,-0.2570687773279216,-0.35204782010233177,-0.22090755601558273,,-0.29150951718562607,-0.36663800247141015,-0.858935058168847,,-0.31531852348568107,-0.31660042617336925,-0.23605838745017307,-0.2126138565208598,-0.432614327901781,-0.24779593159421465,-0.25344111611913644,-0.22853761362552344,-0.4343703376347033,,-0.2914488234675782,,-0.25366225985114427,-0.2717423048964174,,-0.04079542937021324,-0.27397516743031314,-0.2759036114148406,-0.5269737141001994,-0.2745056714860866,-0.3665441922267524,-0.374040607108283,-0.46052216945950797,,-0.36820533888461127,-0.28770317328253653,-0.3142480337790903,,-0.3533047066466057,-0.27439713375092817,,-0.2659980823171893,-0.25608209133056276,-0.22994112279937992,-0.28828457775538796,,-0.4561997132199346,-0.2516910115248658,-0.4462422175307371,-0.22972580867738743,-0.2652829933477158,-0.3608303326860796,-0.2716408555902149,-0.25900198270525165,,-0.2386590527549164,-0.24054480871443404,,,-0.27850212576411537,-0.22197019004077884,-0.28179185268374785,-0.37415201310740565
2016-01-31,-0.2960842130412682,-0.20388038941725667,-0.2812360587837945,-0.38497011505344586,-0.35075935646374373,-0.46169565198444795,-0.3859373036783695,,-0.4276958031078546,-0.3649315352431664,-0.24699582978482107,-0.2820658633820381,-0.37996967105691354,-0.26999346711334044,,-0.6721532990072822,,,,-0.22442171940846575,-0.31351010060900747,-0.34515286862152894,-0.340243351204414,-0.6486679028380637,-0.3730027543002891,-0.3091817701744774,-0.2543805569314859,-0.31594124293380793,-0.2605102517520554,-0.23016540042685574,-0.2727810454845819,-0.5919222998206285,-0.7763460263110055,-0.3343300936967401,-0.2613480604294502,-0.3122813444590704,-0.17303425283856524,-0.3325453520675913,-0.6572467428615408,-0.4638912068931648,-0.4508193335742824,-0.4720652323945192,-0.42657107409977757,-0.36117894619912033,-0.25725483178474123,-0.3055605738079629,,-0.2717524945072711,-0.5560006171036924,-0.2784943418664761,-0.32751152595239086,-0.4844649481673751,-0.35547928387027616,-0.3436012498717919,,-0.26476834785171993,-0.3137901602539071,-0.6023610769900937,,-0.4253020435508536,-0.4231645225601315,-0.506155667301495,-0.4144727133323225,,-0.6046304074155439,-0.7144717558805049,-0.47302810704172205,-0.7045906209513058,-0.3961132006831722,-0.28792097431737873,-0.3249485944584813,-0.5016709326358927,-0.3505151586705558,,-0.2859475713165523,,,-0.41928161184402774,-0.22251457634127503,-0.33383701441005487,-0.43866308841605495,-0.2754932960336864,-0.3950834286377019,,-0.4256456262524646,-0.2496868536128069,-0.16505698330477772,-0.32421965948395914,-0.19306594529406967,,-0.23764788072009624,-0.31103167792309255,,-0.2088383587045214,-0.5535984147622528,-0.3697367360094271,-0.24606856901883256,-0.33476749118493854,-0.1796656537610692,-0.38190519874615714,-0.4064479281937572,-0.5148154787370547,,-0.29735509078468286,-0.2539413509714369,0.013554957488724359,-0.4963185075198583,-0.2625993973362516,-0.5152920882459471,-0.22867980985694328,-0.3145896107076812,-0.1869448831447933,,-0.225051008418453,,-0.5998456854079925,,-0.3069569264069421,-0.2670243414044711,-0.4287228440091272,-0.2163681597878543,,-0.2967318038724688,-0.4140080637611552,-0.8957534717707162,,-0.3170290013513316,-0.32263872237332697,-0.24962038429797645,-0.30859948926958564,-0.45624766534705535,-0.25689943338370846,-0.26793455481247574,-0.2344433348521813,-0.44517447993011666,,-0.2936486787394301,,-0.2688812348734852,-0.34687065487546276,,-0.052493447088115125,-0.32037968567312836,-0.30148669921250226,-0.534559850598926,-0.29848332392386745,-0.41421430401963816,-0.4000916082478471,-0.5684345114701986,,-0.3970541389018662,-0.3679049105793787,-0.31823370946996554,,-0.3888632347191894,-0.29380619819773723,,-0.32469285456297303,-0.27784201984497675,-0.22407689378448892,-0.2901474955589237,,-0.4808913321416923,-0.2784586067872247,-0.45573857925939565,-0.24363413606541062,-0.2857162490127695,-0.4046995599468356,-0.3430593019237672,-0.272081230732354,,-0.22878821335999047,-0.25294367335773293,,,-0.30685038814715604,-0.22813609955583308,-0.31162041389163164,-0.43196327768800924
2016-02-29,-0.4513047567458959,-0.3500132397080003,-0.4214135028372219,-0.5261464778070475,-0.5177121967329957,-0.6348726986384556,-0.5341603309361658,,-0.4931404456529819,-0.5644705460693684,-0.4753981715122823,-0.4330806204828835,-0.4812075511970388,-0.44063538392671187,,-0.9065696099234949,,,,-0.38569474894925826,-0.4746055758420233,-0.5200499492509575,-0.5102856602519337,-0.7667033699337976,-0.6200201222939133,-0.4746315961125571,-0.41804160396304907,-0.46492166498302834,-0.4054371534442275,-0.3011315910125711,-0.4202953819288122,-0.6718376979283661,-0.8405261267947037,-0.5103981132192661,-0.4508005483653358,-0.42502223986151083,-0.5500616441078465,-0.4895455566519915,-0.6782201013883384,-0.5282526757298479,-0.5717072906750765,-0.7354794551753344,-0.5778130514781803,-0.5182803511724615,-0.4076935598530264,-0.4511780210309178,,-0.44012409094711147,-0.7904993116822102,-0.44497538181951063,-0.47406640961137225,-0.5251509788448038,-0.5021491664016312,-0.534165683559179,,-0.41351455338184373,-0.46764189561236513,-0.5739356558432063,,-0.6019805536029772,-0.5449305513887196,-0.6336389702020395,-0.5381704742528947,,-0.7360453919684529,-0.8987519969074159,-0.5841297297708343,-0.9861276308033399,-0.4904450266138902,-0.6425136871135877,-0.3152476638179965,-0.4826263121016383,-0.5085746649846157,,-0.45525876996904957,,,-0.3701498365519511,-0.3947870592040048,-0.5066466059060217,-0.6277086951983037,-0.43668020540137387,-0.5386554278416196,,-0.566368841230758,-0.42088019272306315,-0.4124069497309223,-0.5140564416637997,-0.3398323929863988,,-0.3860256084392888,-0.47633218157401824,,-0.39934386541157035,-0.5963776227173962,-0.4086610230392946,-0.389469704882767,-0.5062778832536051,-0.33970101438223077,-0.5046728072917886,-0.5567970117609755,-0.7293278666842291,,-0.4455128148754937,-0.39490432033944445,-0.13137527441032218,-0.593799330912461,-0.40651935647345494,-0.5804756528821179,-0.39150205574351665,-0.46640388538864946,-0.35141861528574053,,-0.37449144819655805,,-0.5247169397669107,,-0.47280575107990974,-0.41731644614460833,-0.7119924730286206,-0.358494897219585,,-0.4624024592535291,-0.5352728463208253,-0.6435240121572372,,-0.4711079805975817,-0.49742578016850264,-0.4200785908780094,-0.4773555866526904,-0.6209514664075907,-0.39597302135238643,-0.41565666252679073,-0.37958144085195156,-0.5561432239012971,,-0.445825534853768,,-0.4137300358647,-0.49645296827847624,,-0.20901180535037517,-0.5203285931284551,-0.49137896787653124,-0.541588800520476,-0.4475540739261817,-0.5304174991808525,-0.554198777882372,-0.6806514567817115,,-0.47087178000356167,-0.45445481315793784,-0.4599573876112751,,-0.5442560102202992,-0.4306229380903341,,-0.5474842945249045,-0.4419018883873836,-0.3635127437945867,-0.3981164894789621,,-0.641758067009046,-0.46782505783454786,-0.5903006196057967,-0.4068334505839521,-0.44166700695806543,-0.5201670784161037,-0.4814927469373965,-0.4258504311350463,,-0.35734750394834763,-0.3961837264867676,,,-0.4669849658189988,-0.38079127197655466,-0.46214804346905064,-0.6241322938252969
2016-03-31,-0.6004943788171055,-0.49447299841315717,-0.5493034963802276,-0.6278636886945167,-0.6336839964849657,-0.9016736188744372,-0.6435110791727168,,-0.5036066276296427,-0.8133704223021351,-0.6843290088077374,-0.5570471499045004,-0.5676015420294198,-0.5821827889169612,,-0.9549915856905992,,,,-0.5615703927383846,-0.6143185862940471,-0.6631473734563192,-0.666809964078423,-0.7558402786856312,-0.6743354902720159,-0.4842526313111406,-0.5595852450755485,-0.6430145899885551,-0.5228474748980152,-0.3520502349268486,-0.5528721157328509,-0.8471636448734479,-1.073822482216297,-0.6702353733958779,-0.6017912957330259,-0.6077446843844935,-0.6112641572262859,-0.5521768076186785,-0.7449999450093874,-0.5410721607624028,-0.6612619951960823,-0.7909822057678487,-0.8474998153860996,-0.6646875522710405,-0.5368325376420374,-0.6124770431606146,,-0.5825685065450622,-0.8658818160776788,-0.5698292053729419,-0.6096462182615114,-0.5290473218587578,-0.5230471460707214,-0.685586999377885,,-0.5515803737244985,-0.6127866485706888,-0.5925774966859096,,-0.6132127239617375,-0.6408791939285541,-0.6275572110319608,-0.503982185502789,,-1.0375277207165248,-0.9211611970664676,-0.5744471671234967,-1.0230484069208803,-0.5143323872358848,-0.7063807967787539,-0.45679315375834484,-0.4623006022512095,-0.6775936390723412,,-0.5779721513308795,,,-0.38527823424585805,-0.5387980659203421,-0.6597744117335774,-0.6465977934259934,-0.5746751333737938,-0.6330813053280062,,-0.5816040614289806,-0.5623261429184546,-0.565102914318835,-0.6384325646603933,-0.5100731986630471,,-0.5106226027521658,-0.6255234844322533,,-0.6791241576728121,-0.565178188646899,-0.3620967859057443,-0.5112914964583033,-0.6584075798225707,-0.4673552377221089,-0.5868446692263205,-0.6550269172335286,-1.0242866116026699,,-0.5793556170882981,-0.519568088062732,-0.15308582514361552,-0.6545997201127484,-0.5295611069089853,-0.5928383342975199,-0.5532943229748999,-0.5167356895932242,-0.4738108786887898,,-0.49915660442929366,,-0.7032944824643057,,-0.6573878766914366,-0.5596253439262115,-1.0382347137459307,-0.4911397533295503,,-0.6206473888148349,-0.615920067665399,-0.6639555949552336,,-0.6478941320906454,-0.6866477061452259,-0.5683164984102105,-0.4791987281094447,-0.9359796619492264,-0.5184623577340289,-0.5436770910274772,-0.5052738094872387,-0.80917192335017,,-0.6142549433590863,,-0.540755762363614,-0.5497896274259003,,-0.19667469790720266,-0.6112509130529165,-0.6499791216471836,-0.6770891130418011,-0.5784087244308027,-0.609322518611519,-0.7890543031005083,-0.7164661238115589,,-0.550141713012754,-0.4389312738099519,-0.6335738218086292,,-0.6560733479359456,-0.5532985008850676,,-0.6173943397064732,-0.5868932919933244,-0.5081359985756927,-0.48133073963713935,,-0.9525321119485344,-0.6087731697833243,-0.881731329342763,-0.5397282951495571,-0.5770496528243364,-0.6047747723995742,-0.5307520528430837,-0.5556595457002591,,-0.5156232369246972,-0.51559305218197,,,-0.6129357159213419,-0.5066000796649447,-0.5927849206142017,-0.7185760341564714
2016-04-30,-0.4038050506497824,-0.31728504536143937,-0.37579333600126485,-0.45499194622814987,-0.4526676760618132,-0.5524277648214376,-0.4700214295733405,,-0.40316968374047535,-0.4958948898999005,-0.4316954382954965,-0.38993721363403416,-0.4044809193435092,-0.39470891708829137,,-0.8239162648647728,,,,-0.3450287117441701,-0.4227455931782172,-0.4633889093096016,-0.4571259022025093,-0.678443277884335,-0.5906343770983615,-0.43233853347857143,-0.37659653541223703,-0.4038906377023236,-0.3676270174531249,-0.27742992700131225,-0.3774544911864101,-0.5451309486242333,-0.6652255089866392,-0.4570927189696002,-0.4097259785563367,-0.36417285555004136,-0.5747455265417564,-0.4487338021633002,-0.5307475334334156,-0.44933374964653505,-0.4878897951124862,-0.7152549483145819,-0.5037243740670289,-0.4621146168236509,-0.3665680959933846,-0.394691051843814,,-0.3977874712113053,-0.7313541770332422,-0.4048480176693736,-0.42111906271057276,-0.4416538708740073,-0.45574142775464827,-0.48023704875673184,,-0.36945204101289747,-0.41271789866676734,-0.43729004175446345,,-0.5557153445106321,-0.47152979586352467,-0.5590780262264374,-0.4829452495512418,,-0.6167224886003837,-0.8120993448846671,-0.512590840196927,-0.9074375358758154,-0.42837654167675077,-0.6361157231865152,-0.2488330957436078,-0.36431644662162566,-0.4476846602187027,,-0.4151706166651241,,,-0.2712343799007275,-0.3601910241351408,-0.45324625082263825,-0.5801240921269524,-0.3943946142712921,-0.46695561167447763,,-0.5082591282216969,-0.38488524488055564,-0.39959898617312006,-0.4578328913088864,-0.31156701479898047,,-0.35092926881545855,-0.4286549127886669,,-0.37100303128506495,-0.5083265032752126,-0.2977321217093575,-0.35107216273059016,-0.4550846215416677,-0.3178552943028871,-0.4353802484953727,-0.48547418409216697,-0.638083964791532,,-0.39533622990699036,-0.35511204074384056,-0.143020721096449,-0.5006203185468473,-0.3615012041832394,-0.48599373400992635,-0.3516212456309169,-0.4298409593189709,-0.3322333203157263,,-0.34239338761281574,,-0.3740563209895532,,-0.4181597860760428,-0.3728671588969847,-0.6482872839374626,-0.3220721519329279,,-0.4121558771272335,-0.45840354479346884,-0.41301476724121083,,-0.41266793503700666,-0.4392506268210235,-0.3777101744352,-0.44283496052123716,-0.536376669327883,-0.3554265972322743,-0.37464852068880844,-0.3453315657684233,-0.47158779231179654,,-0.38977131927150044,,-0.37054613937530506,-0.45657370244995316,,-0.23804727348103805,-0.46343443236617937,-0.4464151972076003,-0.4136899551339262,-0.3978435746546074,-0.4530766897403887,-0.4842209391284188,-0.5763525755507962,,-0.386507246387176,-0.39648860840818223,-0.39881929892344603,,-0.4679283400549778,-0.38467178980117267,,-0.5020193671280185,-0.39900261973390927,-0.3223362208708906,-0.3349043434690027,,-0.549428855093069,-0.42650463046561554,-0.5031785752768909,-0.37304302358321234,-0.3946455518769887,-0.44296300020019524,-0.4408910724137514,-0.38138270192575846,,-0.30889577046215927,-0.3579914641343015,,,-0.41965127652048684,-0.34874113108508986,-0.41322672274408645,-0.542763036696768
2016-05-31,-0.39738718052568106,-0.33935492745415924,-0.35498256735162065,-0.3842694862222922,-0.3879811704019691,-0.65450262023839,-0.3997110565611948,,-0.3023754582757819,-0.5651370677658809,-0.45986986555396775,-0.36563047546813426,-0.32519326702661855,-0.3717314777179259,,-0.6508723457765132,,,,-0.38201006427470174,-0.4086714536928682,-0.4363310003850164,-0.4626234981712701,-0.4987832970490108,-0.5070048426420819,-0.32194473478930424,-0.38817786390580356,-0.4219624431043415,-0.34602627295920635,-0.2502955718796172,-0.36756255470361565,-0.5034027791592512,-0.6610766260164631,-0.46571531518573656,-0.41058745464411567,-0.40731452143617863,-0.5155368513508675,-0.36954423237659906,-0.414427802362032,-0.32889201529740536,-0.4029879182756527,-0.6402477633646299,-0.6204422372419385,-0.4560115825824437,-0.34699556966030476,-0.3977081544774756,,-0.3941228922295754,-0.6556587177501012,-0.38121707034214203,-0.4119801456813929,-0.3274568901693995,-0.35702932177719976,-0.45038216474732384,,-0.36257978781807504,-0.40060099911845853,-0.294509776588647,,-0.40782653634475446,-0.39271208699319604,-0.40320770252162985,-0.308351696258621,,-0.7072923506161248,-0.6132725732940539,-0.37876552832115973,-0.7138018459907362,-0.2981728341431302,-0.5571443414782888,-0.3020619831041777,-0.23836299669401112,-0.4545809899560859,,-0.3861641152124281,,,-0.19874050528781526,-0.3588961178205095,-0.45306952404170525,-0.4529251812871833,-0.38008896196004555,-0.3910690046340701,,-0.39310708302947767,-0.38416436962835665,-0.4023423055263906,-0.39727455337765233,-0.35655761240962974,,-0.33921562174023273,-0.43179008738699964,,-0.5316486089374219,-0.3448802013751732,-0.18580752871303724,-0.33403745842534194,-0.43594818010071984,-0.31372860424772037,-0.3567696503133887,-0.40388859304905067,-0.7372184872639781,,-0.3767310381432949,-0.33956839889138857,-0.12240868551181609,-0.3815558365110782,-0.33941104689550755,-0.3758551540779751,-0.3688928584835654,-0.35362767620069757,-0.32894849992767,,-0.335745406162957,,-0.40737013782832665,,-0.45853743044709494,-0.370310650851151,-0.819165342150812,-0.3168574971655104,,-0.3963028664820182,-0.3684144979077142,-0.2692638812252257,,-0.41674123166572874,-0.44758626609538615,-0.38101161351721613,-0.33302017350982543,-0.6932275814951514,-0.33810148180313193,-0.36071658184345823,-0.33503158268876354,-0.5697193433568659,,-0.39609152203481895,,-0.35780609362283766,-0.3865348236414767,,-0.12869109020884623,-0.36958199623139537,-0.4404338150631256,-0.37050805529648967,-0.384492079298905,-0.36517868551976657,-0.567460702042848,-0.4395443006625844,,-0.3136740962744878,-0.27343455434611125,-0.4112736306361589,,-0.3883280795343875,-0.36605313166233144,,-0.37701368486006687,-0.40171202740524414,-0.33008624803664444,-0.2541243878082813,,-0.6910533602347027,-0.4091256056593835,-0.6293512790319162,-0.3655857590604099,-0.383405964228715,-0.36292212696779713,-0.3705214710087834,-0.3597984259751312,,-0.33592530790795583,-0.3401246642220426,,,-0.4220215751026873,-0.33611103619808774,-0.401034642669807,-0.41774166194319945
2016-06-30,-0.4687718077423887,-0.39902150179500556,-0.43058324388963987,-0.46908116042914694,-0.47895796896404924,-0.6610537681741534,-0.4916457391712898,,-0.36127797094318864,-0.6019799202113919,-0.532776738672913,-0.44430621999771813,-0.40628815497618836,-0.45493059574187733,,-0.7814560460549137,,,,-0.4367633303046723,-0.47932053736740143,-0.5145449028707871,-0.5234006927809718,-0.6063558393812057,-0.6142217423428956,-0.4240665305355112,-0.44836141536622687,-0.4761272937668058,-0.42403608826152,-0.31580790316602875,-0.43883850536698565,-0.5507907778215897,-0.6651867480170589,-0.525578806179241,-0.48311293797373517,-0.44341766459876414,-0.6501604957326106,-0.4675876681881227,-0.46183775422608925,-0.40955191811932046,-0.4837200100995255,-0.7451772018193303,-0.6225820770684344,-0.5190192451674722,-0.42589052190036336,-0.4601553531175865,,-0.4652591850103462,-0.7406028414383472,-0.4621684248811915,-0.4759256834057288,-0.39602096281955496,-0.45011089257815584,-0.5359794132400103,,-0.43304500523637335,-0.4695884643715527,-0.3511567802048315,,-0.5336480442002215,-0.47855326695307665,-0.5072181134835876,-0.43076062289295797,,-0.706840622156244,-0.7487186871864057,-0.4671287670787462,-0.8587823971151861,-0.40356505612101423,-0.6842719644461832,-0.3080957138505736,-0.2826094109375523,-0.5133327146610036,,-0.47030511969382194,,,-0.22918870572245773,-0.43511534248989125,-0.5169768305689367,-0.5651176581654548,-0.4573537811207112,-0.4765777191484264,,-0.48710576280933493,-0.4573987778547676,-0.49620902439032955,-0.49516539901934703,-0.41148648760175416,,-0.4148044021645789,-0.4957696582041615,,-0.5401695497169429,-0.4331700990075672,-0.219647286656201,-0.4101645285172001,-0.5151332265993742,-0.39496671822106455,-0.44112244502478426,-0.4952312018280637,-0.7505123928562483,,-0.4497616580685506,-0.41444873888199574,-0.20321412151740187,-0.4697517143567949,-0.41517430214445383,-0.43738209935322564,-0.4338049451306914,-0.4479485143431154,-0.4092677822592685,,-0.4098000315756845,,-0.3793884637590853,,-0.503034533971617,-0.43881139837919453,-0.8115050392506881,-0.3899999248390354,,-0.4766477397538965,-0.4551050316110182,-0.25353879111821065,,-0.48275616062324944,-0.5155548939539208,-0.4496148590703249,-0.43692509592897544,-0.6746129018508163,-0.41292087712028547,-0.43467241060777917,-0.4104805750934693,-0.5714842300524499,,-0.45942124375035887,,-0.4290069371491385,-0.47429616354593496,,-0.2737158948023256,-0.48033337461143655,-0.5174103801314864,-0.4030367352191323,-0.45276417697205407,-0.4492034746417453,-0.5855079695633639,-0.5235086352369681,,-0.38120390032220325,-0.362151556071242,-0.46770280050921603,,-0.48054320231576425,-0.4374676111253424,,-0.5114190657266698,-0.46833216716168513,-0.3945229660480907,-0.3462759019933162,,-0.6766911793861548,-0.4911450973382861,-0.6227717897113467,-0.44210391501315527,-0.4539764515301664,-0.44341186849167885,-0.4563565877865241,-0.4380458835462973,,-0.38573819917628405,-0.4159490570670758,,,-0.48557003053642955,-0.41513993935910803,-0.4685624306060658,-0.5346287775394036
2016-07-31,-0.1704400389753667,-0.10806652146588876,-0.13126608407062582,-0.18703449494859772,-0.18923826712303748,-0.39825628450709794,-0.1973750783984655,,-0.14901020591366912,-0.3127608265536673,-0.22681710125503096,-0.15120972486107087,-0.11418312705203841,-0.15137957331074603,,-0.5681691117507828,,,,-0.13940186773547306,-0.19588325798648126,-0.2287405630148076,-0.25131424806952596,-0.3963302497520958,-0.4128451468608948,-0.20256219909540749,-0.1763427893730807,-0.17803601724661555,-0.1313465415721643,-0.04635942044848916,-0.14706560123162327,-0.24389724840497304,-0.3860085565678982,-0.25563586927621873,-0.20171852865727394,-0.1454082441751836,-0.4705723195589924,-0.205203408069542,-0.2110183117074222,-0.1647195091192373,-0.2110539905105022,-0.5713281029071482,-0.3460474559949773,-0.2450226304024201,-0.12485946547047319,-0.15961472695210488,,-0.1798242078141502,-0.5680877190283528,-0.17528550375252297,-0.1984509843272894,-0.16405768912097624,-0.22604415198612776,-0.24208583300670222,,-0.13768094201461384,-0.17890086177100595,-0.08607561616608742,,-0.29355044883744535,-0.19062022035889065,-0.2897103380889894,-0.1953039866686225,,-0.4101902108241534,-0.5192742895115608,-0.2632243223854201,-0.6688659318927958,-0.1234283104018576,-0.5093847191748618,-0.009883499767768365,-0.06717980425003629,-0.2259780712232861,,-0.1828911776019258,,,0.022193924274133102,-0.1376345698800894,-0.24372869791870172,-0.3509887368890499,-0.1610967410544833,-0.2023896901067774,,-0.2693639041859939,-0.1694047686353675,-0.2103187022408427,-0.20076077741014767,-0.10620051334879077,,-0.11993791342368805,-0.21841234077150282,,-0.2508513729425128,-0.2079025283934771,-0.06840505656702174,-0.1139208614079019,-0.2171617224760771,-0.09087628674505813,-0.16338700279179505,-0.21442597303990274,-0.4870710390831288,,-0.15659721825654102,-0.1169500369088578,0.04083268231890124,-0.19728159875580872,-0.1200634645451284,-0.2292663425578849,-0.1333765485135346,-0.19676844850777642,-0.11544714979678247,,-0.11695457426058671,,-0.0834954591402505,,-0.22674538242565356,-0.1443908929888527,-0.596675226716208,-0.08521033719427683,,-0.1629759461108086,-0.17678427984831957,0.025626812610880085,,-0.17034038711821736,-0.2045605624989372,-0.16215856550875307,-0.22227055483791444,-0.405531655169163,-0.11631425259536515,-0.1421292438213058,-0.11237678960567647,-0.28260054763706327,,-0.1545588058149138,,-0.13966644007555826,-0.23334921009280563,,0.028503052064813187,-0.19955958008939248,-0.22705890640924348,-0.09622729121156051,-0.17075974535386215,-0.17317179126729912,-0.31153987657903076,-0.2968204352302074,,-0.09943831852115877,-0.13426541818812346,-0.16490085318166905,,-0.18754135005463826,-0.1485909345275562,,-0.2274523128682436,-0.18583500274687847,-0.09237720080887435,-0.03402438766211482,,-0.40362325868952176,-0.20468068543914134,-0.3325336405362917,-0.14991683388353025,-0.1679273013386281,-0.1666940867584436,-0.21369719793691067,-0.14123511998960556,,-0.08814850087175752,-0.12300092060397343,,,-0.2075909880185095,-0.11579320777838664,-0.19069591429757052,-0.24609223112819167
2016-08-31,-0.35641465126729205,-0.2830530791668535,-0.3283750821085825,-0.36178938378063147,-0.38697313503434444,-0.4180031051194652,-0.39449672697805943,,-0.19670742982060505,-0.4272261771267792,-0.4308930129619873,-0.342315308924949,-0.30361015311998346,-0.3662660786192488,,-0.646134984065622,,,,-0.3138306462909781,-0.35844059939726747,-0.3992001148031188,-0.37776867396859515,-0.45251435221292685,-0.4871378011839921,-0.32409202703967177,-0.3176077548217465,-0.341073151329049,-0.32393439017083026,-0.19459879581389308,-0.328008056927848,-0.37833737056338107,-0.40057025148289804,-0.3790721390015427,-0.3699275167598981,-0.28512326652979364,-0.5693831223412799,-0.36930459919913844,-0.2687846091937496,-0.272870283650454,-0.3587429078881589,-0.5749817434056929,-0.3835225818610203,-0.374420492224824,-0.33206689056726774,-0.3384288854103584,,-0.35078513365594016,-0.5419279370706855,-0.359761510159741,-0.34126133502961686,-0.23613066036822689,-0.32957721371279636,-0.4320852352342746,,-0.3247981998335382,-0.3506977733694082,-0.18752815992117172,,-0.44677240230896614,-0.36757727194670853,-0.37859380961026035,-0.34804911312756687,,-0.45102197856458354,-0.6205508994959303,-0.31888653000636685,-0.7234687033925798,-0.32104172290873967,-0.5798602581957603,-0.11348651450353271,-0.09930554481084505,-0.37207587046192075,,-0.3706616697648867,,,-0.050237325324063664,-0.34011914281807487,-0.3778458827965544,-0.4462520727100811,-0.354925488631251,-0.3652715688811887,,-0.3547107083098977,-0.34887842568384597,-0.42134619738664725,-0.4154313082243948,-0.2937656440811404,,-0.31599177092242264,-0.36131656517091737,,-0.3428491104011009,-0.284726913465785,-0.025150834748865467,-0.3125225005130826,-0.40524828690902864,-0.3143437102533231,-0.33266988911431933,-0.3911803479347329,-0.5062048104579426,,-0.3395867382748579,-0.31432260967014347,-0.13364231048172537,-0.35054774881471135,-0.31590142078208955,-0.2557142434857084,-0.3251282237979928,-0.3430889999050295,-0.3203812589478749,,-0.30959714132898236,,-0.11367377423568713,,-0.344452950942225,-0.3269270689894794,-0.523251354712413,-0.2973516747917281,,-0.3830967589628688,-0.34626559317576266,0.021241078063645447,,-0.3678273530259879,-0.40015543399084963,-0.3375452946288158,-0.3331471790770581,-0.40001470893527696,-0.312178347035569,-0.3282488013005071,-0.31311407475842623,-0.33934200724772084,,-0.3427694933721558,,-0.31857155584896124,-0.350248155378919,,-0.29091861471736263,-0.4154335529235513,-0.4056765363223471,-0.22844165358048985,-0.331333800785269,-0.336224913784504,-0.3730576068748041,-0.36962281889348136,,-0.25672352784391833,-0.24322083083568827,-0.3374650044629511,,-0.38853355456528027,-0.3229024556304389,,-0.4735890512786955,-0.34533630953958383,-0.28902197524210754,-0.281455331139514,,-0.40773871779385457,-0.389346138928732,-0.3761431102271614,-0.3406409286597681,-0.3386105580956946,-0.327867110587425,-0.33210519708811637,-0.3396875419545391,,-0.26069700250567995,-0.31494628143261705,,,-0.35188804065721707,-0.32336508158738253,-0.34087552966723356,-0.4666002759953733
2016-09-30,-0.2424892212509104,-0.18799388898880173,-0.2365441327752827,-0.2685479217418744,-0.2964031561512774,-0.14115187151331943,-0.29728104350028217,,-0.1352529569306783,-0.21095416740760867,-0.29080767134857144,-0.2506563467175366,-0.22923764221915302,-0.2733330919514205,,-0.49415890331696727,,,,-0.19354013160526332,-0.24320395454729782,-0.2775018293649355,-0.23315455071540178,-0.34600823552255866,-0.3871062410184037,-0.29418246291183703,-0.2066900984179459,-0.20046208644214278,-0.24073144809808278,-0.14866275223817008,-0.22939665410553325,-0.18648977643877285,-0.10527857371533182,-0.2331518631941904,-0.25768763158213237,-0.13423603163575124,-0.5031297441057471,-0.3018239251950998,-0.1307120572766381,-0.2087080565406339,-0.2548450506081447,-0.4213925067843633,-0.11379440315123868,-0.23348542776476786,-0.24681721472536236,-0.21528422286407017,,-0.24272103637251508,-0.36177142327378164,-0.26555683889310694,-0.21987527766648884,-0.16487685238896377,-0.2741975376373384,-0.3086836785119535,,-0.22671108255065123,-0.2351472329124455,-0.10618968083071965,,-0.3927538310018331,-0.2686981658359283,-0.3114260598298172,-0.3352319807925198,,-0.13078880714678032,-0.48280026061767795,-0.25293639214898256,-0.5641612826378818,-0.28360142185104553,-0.4873520567575001,0.020617825765226167,-0.04880359199036878,-0.22406219742795908,,-0.2768915656163809,,,0.005073750802219064,-0.24940824637788783,-0.2400329565612325,-0.36814502444005753,-0.2550030342343621,-0.2719217250044071,,-0.28477712059372146,-0.24678007472273827,-0.3334361559544449,-0.32649448951632376,-0.18279069685297494,,-0.2334464376070385,-0.23197751844583628,,-0.11890206407628767,-0.22425480310146137,-0.011476868599157475,-0.23204363242752102,-0.28104484425853216,-0.24658428815717692,-0.25214325938916854,-0.29531990606724556,-0.19859133582521554,,-0.23760483215738015,-0.2297215312290657,-0.17127299934843637,-0.26147305455826697,-0.23274260882055936,-0.16399597890228387,-0.2186988957635682,-0.28294906530779895,-0.24822145314878752,,-0.22809031586937697,,0.10316372095087631,,-0.18631063293167496,-0.2239621072567344,-0.17877100584547306,-0.2196682278744046,,-0.27313308157266825,-0.26187213616289784,0.17055732928933728,,-0.23582505207442017,-0.2570669861633325,-0.23279241019576785,-0.30219073384388884,-0.0816801397140987,-0.22834543044552846,-0.2349089715607023,-0.23129922838373412,-0.08663390786418956,,-0.2201417047624734,,-0.22493733353674625,-0.27227151469179445,,-0.36461112998643247,-0.3545529126249584,-0.2808348959098815,-0.08138598084316105,-0.22509491312042698,-0.25146844977431376,-0.14215156946625537,-0.26415016697764326,,-0.17757229099614022,-0.21807149591623937,-0.20196044529905416,,-0.2969320461556923,-0.22536417258099736,,-0.4300414704930442,-0.2306077571507099,-0.198330368575443,-0.24386788721771613,,-0.09236882072204222,-0.284376336815987,-0.08960000289291666,-0.24833724492935969,-0.2340449554716843,-0.24089136076273704,-0.2587759520978236,-0.24929219208660786,,-0.155420610783283,-0.23240458688823132,,,-0.2262471752831098,-0.2441640949974552,-0.227767168440845,-0.38534885354729803
2016-10-31,-0.2999202344146358,-0.23952560659231956,-0.30109142206265094,-0.31987935254824607,-0.34076135536248175,-0.14701670985204524,-0.36411170349852884,,-0.17173668216255134,-0.21787457086507822,-0.3099061836243716,-0.31459197594761457,-0.28799712541546874,-0.3245549734652134,,-0.5748797666053505,,,,-0.23082897536308647,-0.2917063719503227,-0.3251629380401961,-0.2769953051967113,-0.45066299695219814,-0.44850612152714797,-0.3520577246051707,-0.2464338535865905,-0.23644581273079557,-0.30947146188646496,-0.25379134195663006,-0.28920158436990145,-0.2249163575262203,-0.0996100691495233,-0.2713022787224945,-0.29631111184825915,-0.17814205140065056,-0.5437621352689748,-0.3825975196819856,-0.16450294449749578,-0.29356669185574463,-0.3096587005364053,-0.5146102957115316,-0.13468610050094074,-0.2857468200525464,-0.3088930204296059,-0.2613070187776322,,-0.29219583891697065,-0.4180337257760239,-0.3260900911455383,-0.2730515933308731,-0.2504437634672859,-0.34485213297676415,-0.3588036472243885,,-0.2819520285215643,-0.28284081005891465,-0.17064640432936778,,-0.4896614905155868,-0.3386372783398581,-0.3914726240976303,-0.43376079880492363,,-0.1419505007233996,-0.5980839529513625,-0.3252199422779642,-0.6408238537142896,-0.38243987577033906,-0.515643526475432,-0.05949230073397933,-0.09131389889103947,-0.2661695405123929,,-0.33999933465900284,,,-0.06258405453353105,-0.3003442975160728,-0.28176132421685585,-0.4492811107289548,-0.31418340306414516,-0.3226296413523661,,-0.3584396572960142,-0.300624948757217,-0.3751985908423311,-0.37179730060465244,-0.2403545317838088,,-0.2978206940235589,-0.2809085823216127,,-0.13960657246407007,-0.32875404010909787,0.021301044355265905,-0.29607599328905326,-0.3400639016457438,-0.31534432326556433,-0.3125053718394688,-0.3513501085308483,-0.1905566906877846,,-0.29314299049856396,-0.29471532296148595,-0.22803722552411143,-0.32746171730877605,-0.2897694135924815,-0.22028040327160892,-0.2628356212900455,-0.36330618143353144,-0.3188830063885138,,-0.29211487270913356,,0.06861574262036511,,-0.21360517890451364,-0.27753766818256426,-0.1403066509668808,-0.27943034519543464,,-0.32899373958167655,-0.320878257675483,0.10389211062256935,,-0.28290290171465865,-0.29768506582396503,-0.2738561866749281,-0.3708725545993472,-0.07758406109835601,-0.29352472537884955,-0.2975508980461064,-0.29836422407929875,-0.1159310794284617,,-0.26178036154616235,,-0.2834084267958241,-0.3527038952086416,,-0.5081802852133741,-0.3944883631397281,-0.32926948433418735,-0.12573970541130805,-0.27656558996755665,-0.31027998546209684,-0.16619086058539573,-0.3132067595127409,,-0.2323385135316282,-0.29814988694749517,-0.24380518557344347,,-0.34005625596586647,-0.29035276261767384,,-0.4914152660924771,-0.2803543173094836,-0.2492821028490401,-0.3046222346196516,,-0.08693535649478712,-0.33308914635576586,-0.10447620687392428,-0.31003075412041775,-0.2851404864657873,-0.2960534081748647,-0.3413324020506264,-0.30737837461193057,,-0.19297118498992077,-0.298039865289665,,,-0.27672002800324375,-0.31151942785306225,-0.28272657642803606,-0.4256731075247906
2016-11-30,-0.6253401216463629,-0.5614889195093077,-0.5968517876976724,-0.574921235110475,-0.6306741486993197,-0.6129714650807018,-0.6238124209644224,,-0.2503543537955945,-0.7015547614304312,-0.7582992647496709,-0.5965544694171555,-0.5351336308586284,-0.6566301023836231,,-0.6099569302108986,,,,-0.6137659211519173,-0.5955997308009363,-0.6346323092753987,-0.5874453442891825,-0.39647924689411235,-0.5091106056322586,-0.4080782132643262,-0.5495983245705115,-0.6224377821566895,-0.5786010828536949,-0.3755964328613953,-0.5851471124344859,-0.6141026325014559,-0.5669943480507926,-0.5895369863455282,-0.6219907509837673,-0.5627155659692868,-0.6018204164847366,-0.5263861878599233,-0.3613778473733573,-0.35589082347431533,-0.5325264385721137,-0.4883947801232762,-0.6074247248949507,-0.5769909671055876,-0.611647435294184,-0.6194173021302777,,-0.6015632618239577,-0.46148370157382146,-0.6030385965703798,-0.5584897816346767,-0.2850208953793466,-0.4003268566012963,-0.6843267619180089,,-0.5955188504511914,-0.6051706725688593,-0.3009192780157283,,-0.5163560707970811,-0.5714851790109897,-0.39095109026124164,-0.4070831269584393,,-0.6875836216716894,-0.5850816362487737,-0.31447548513822526,-0.628186252893021,-0.4888766619007304,-0.5843740933779787,-0.3628736885820149,-0.13845464303556643,-0.6159252722878151,,-0.6112745256217009,,,-0.1742560239622499,-0.628443310968377,-0.5928732079874535,-0.46616286744648455,-0.6218983932264105,-0.5583222573150421,,-0.392312059938758,-0.6072828498578208,-0.7024777421984084,-0.6751347078079606,-0.6041463332828274,,-0.5844915538687862,-0.5856473382356681,,-0.6465748216060673,-0.2861404683990832,-0.0031779565752959606,-0.5823171706133673,-0.6628117346052186,-0.6138975989876876,-0.52952482289951,-0.5925554588469363,-0.7008804167685161,,-0.5971988237779996,-0.584621926766283,-0.3465805152187322,-0.5037566884161113,-0.5844101287394529,-0.2650920831386246,-0.6249724007122529,-0.47896291391143925,-0.5933676781042071,,-0.5767796434614773,,-0.3302431592754308,,-0.5854071841516607,-0.5964500528239404,-0.6517337401653672,-0.5971574166920831,,-0.6876672560151665,-0.5377671068606282,-0.058997144488475296,,-0.6727156671121377,-0.7054815265700995,-0.6045216620211866,-0.39347355178354204,-0.6210013630460424,-0.579554462777737,-0.5858892798632207,-0.5878254826130797,-0.5803942980106425,,-0.6397282175946486,,-0.5718628738884686,-0.45578294687286935,,-0.5528165274425513,-0.6469383173324187,-0.661662776395287,-0.4726503875140383,-0.5664261094513598,-0.5227182957339552,-0.5928057672230249,-0.41352678634577655,,-0.4642455252643599,-0.31198439853703686,-0.6244784242112629,,-0.6315152768701484,-0.564458155162227,,-0.6936206999752187,-0.5881864271127005,-0.5883557775756327,-0.5774785084532326,,-0.6326217393197641,-0.640719999284094,-0.6301003923450298,-0.6038145888164188,-0.5861598632193745,-0.5211963419555556,-0.4408691112053973,-0.6091660342811738,,-0.559659520832756,-0.5744165297491034,,,-0.577406967860168,-0.6019401686921968,-0.5610062534294272,-0.6892676271823419
2016-12-31,-0.707632092493636,-0.6351358991046115,-0.6988824015943631,-0.6548408810654923,-0.7301325577272263,-0.47970613794413336,-0.725406719388039,,-0.21373321172069973,-0.6777299501563263,-0.8389150961193925,-0.6890347708948027,-0.6449452340971875,-0.771476136334049,,-0.550009188031879,,,,-0.6798069260624763,-0.6506524409074613,-0.6947934274793974,-0.5947225262893969,-0.34804332301522994,-0.44480529852860845,-0.4303634205656943,-0.5796584025108092,-0.6775172922103317,-0.6749693188030801,-0.444065506292838,-0.6657592530378866,-0.6523811147949967,-0.46220773294258527,-0.5918540382784814,-0.6760042625876487,-0.5980815503176832,-0.5340320498098141,-0.5911364115621707,-0.3399480208721702,-0.38499300155075233,-0.5864713324095081,-0.3296851632762189,-0.49923981546882645,-0.591578986033738,-0.7232605129750077,-0.6955018549042411,,-0.6644088935386375,-0.27661872783623753,-0.6836439382127816,-0.5937395412081885,-0.2784394808540827,-0.40254530279633793,-0.7620771085910919,,-0.6830719021458569,-0.6726327251883029,-0.34872697950588843,,-0.5673500562578542,-0.6574922083099873,-0.3826467219114177,-0.47859272828795413,,-0.584554053848957,-0.5657960055781128,-0.2725958713162432,-0.5292141819345665,-0.6139687445321061,-0.489387506879304,-0.38970718287691025,-0.1097071867870716,-0.6484479273137439,,-0.6949697320018134,,,-0.19410194527951244,-0.7279125219804535,-0.6094031264810656,-0.4451257137063722,-0.7134818320075111,-0.6244152142424059,,-0.37434577142219794,-0.6792473594386509,-0.7917848128699596,-0.7874044539896955,-0.6882074900572188,,-0.6837497197877969,-0.6145255298671348,,-0.5928260571028269,-0.28680781405906297,0.11722103657030132,-0.6864090132806209,-0.7422672585253731,-0.7421397953369012,-0.6095947978633819,-0.6720828901789132,-0.5529424077614329,,-0.680342188021497,-0.6873212671263164,-0.4383758587733922,-0.573257666967698,-0.6857199813071535,-0.1995509823965047,-0.7124707737052535,-0.5257555404191383,-0.6986021759086473,,-0.6717614385957028,,-0.286211637462942,,-0.5817084933546511,-0.677673253897315,-0.3737999499439356,-0.7170341062537876,,-0.8069508070306456,-0.6187078852927467,-0.04982940490345158,,-0.766411249623159,-0.7902221442864621,-0.6725351050761167,-0.401722838085578,-0.45412177418549987,-0.6812388466007872,-0.6729636307465054,-0.6930933846154482,-0.507630612073501,,-0.7249087290056303,,-0.6517781594359193,-0.4672395116048965,,-0.8081444271597239,-0.7634805877100612,-0.7253696390167831,-0.5337175227390029,-0.6233934662860374,-0.5976202239234214,-0.5174842097308346,-0.38789141685909206,,-0.5445309804304298,-0.34126312936583875,-0.6928381874615307,,-0.7386250837763614,-0.6406778006137651,,-0.8402925491667526,-0.6380245218230567,-0.6897856267375977,-0.7557733886456656,,-0.4790200458709997,-0.7144978081983601,-0.5313690099038473,-0.6917032097203832,-0.6528281813790003,-0.5937675870651858,-0.4575434259412717,-0.7097085746889193,,-0.6349801689232814,-0.6706557143176036,,,-0.6096703502433294,-0.7133158913131957,-0.6045741732415544,-0.8122993115125609
2017-01-31,-0.6160564385106094,-0.5514502947208882,-0.6225352556950821,-0.5854492583650168,-0.6566968365763503,-0.2911525362026207,-0.6522392365448716,,-0.1823316193175581,-0.5174185259910442,-0.7173554799470396,-0.6126085973899039,-0.5904195115991093,-0.6897060519703495,,-0.4620103919719531,,,,-0.5778820877316199,-0.5600977153868806,-0.6004471754845528,-0.48683619169816944,-0.3005927048631853,-0.371099444731014,-0.40338022186670786,-0.4888172972635969,-0.5689919014381076,-0.6035982465860527,-0.40675715824720154,-0.5843937271369464,-0.5329740516230679,-0.28868740729979153,-0.48212813376769914,-0.581250251826555,-0.4862320147915654,-0.459683362698058,-0.5380112179020042,-0.2718981809003638,-0.3530429651785956,-0.5174082081561653,-0.2307210413546623,-0.3142753816464199,-0.4888551107305623,-0.6484548168916362,-0.5983942696972852,,-0.5750745707517375,-0.1661458721619171,-0.6044954526012547,-0.5023083225157737,-0.24683286095817605,-0.3638323127137106,-0.6642804009375229,,-0.6007351591775357,-0.5816099536145231,-0.3189534726552826,,-0.5308972099398093,-0.5889046380178332,-0.348844236695699,-0.4739495702828707,,-0.37648764660357165,-0.49434851066656865,-0.24013166078346726,-0.4368701528774851,-0.5891534096881166,-0.4069521501211461,-0.3026396955460105,-0.09772130181436586,-0.5380992137878561,,-0.6164158811429369,,,-0.17343474506934706,-0.6451400568082991,-0.5050808173318274,-0.3947993970570683,-0.6296342457165763,-0.5563010902276752,,-0.33199973604676747,-0.5921203079529803,-0.7013899905651716,-0.710801190361998,-0.5918996558759444,,-0.6105299703666663,-0.5149072088751003,,-0.4190436643634577,-0.26843242538725787,0.11507206804940256,-0.615345674793247,-0.6450836556481421,-0.6730498255703632,-0.5510547511885103,-0.6019439363124205,-0.34298064481986934,,-0.5978603511947325,-0.6141657325219535,-0.43426616950991764,-0.5196122914335023,-0.6136404699690812,-0.15547215702498587,-0.6198326464604443,-0.4781083673618015,-0.6280347018899349,,-0.59854955981059,,-0.1657262906979231,,-0.46169988067278417,-0.5921490993822571,-0.13207335410224208,-0.6447480925889955,,-0.7151547980084043,-0.5596604934300987,-0.012350129776465085,,-0.6620754642459605,-0.6769060061234791,-0.5830563515487857,-0.3751632791063427,-0.23731459007068023,-0.6090649313963681,-0.5948111175689761,-0.620199640031284,-0.33763339496334377,,-0.6260242606782807,,-0.573896736982417,-0.4113468927370012,,-0.8289099773636158,-0.7055587874825523,-0.6243203191800484,-0.4469698170544278,-0.5392151906065298,-0.5390620005178391,-0.3566367593281915,-0.33131820796312,,-0.4914077671658312,-0.3286767627254468,-0.5882330992463349,,-0.6675082362541925,-0.562960773490602,,-0.7928740429765165,-0.5454428674637263,-0.6094791719368781,-0.7168137705770209,,-0.26552600081720584,-0.6255988013831421,-0.3366754902174417,-0.6112923379201683,-0.5678137932161752,-0.5329125439190748,-0.4053729223464811,-0.6324486350035196,,-0.5461190379203157,-0.5991774694913993,,,-0.5126923857366525,-0.6409392033169283,-0.5172807847814311,-0.7478738098647303
2017-02-28,-0.42099341238619614,-0.3897391084006177,-0.4563161762216121,-0.41514509960739465,-0.45802303457031823,0.01055966742684172,-0.46851274028451967,,-0.15026424059675142,-0.20950729409801033,-0.42440946654110034,-0.44156408805850916,-0.46145686227381144,-0.4865831317509217,,-0.2138997769957949,,,,-0.3754668929962811,-0.3665409197853221,-0.3844329297673623,-0.27539596997294213,-0.1995203400128557,-0.17629130741068705,-0.3080233874385218,-0.3089307955955704,-0.35568632912352655,-0.4473811806813657,-0.3775866855427944,-0.413835955055161,-0.31842564265015294,-0.02224189391424625,-0.2647450924784724,-0.3668146448053576,-0.3055033915442503,-0.19537532918751657,-0.40159570083787527,-0.17980625792826402,-0.3064918977188157,-0.36264395752408013,-0.01951168359210556,-0.03464377606730878,-0.29049463612493515,-0.47626815686399415,-0.4000139411562276,,-0.3819410345960747,0.055085253031210174,-0.42234461584521177,-0.3248663870343914,-0.22829495662889984,-0.27065760707389064,-0.4266528031568721,,-0.4251895559045332,-0.3878072117028742,-0.3075179714912925,,-0.3979600388606036,-0.4315575089578775,-0.25912947516166457,-0.417224338071812,,-0.04669141574750534,-0.29453596953145794,-0.17949961854816207,-0.15639098029616783,-0.5099374406892475,-0.1358945087100049,-0.25783963472164256,-0.14082319853074435,-0.32052629129054144,,-0.4314824246863338,,,-0.2302149824207582,-0.4527166854317404,-0.29330346675495833,-0.2536805879313025,-0.4410029705966607,-0.38927828477469634,,-0.23553114261752806,-0.40145271325456455,-0.4537274175482463,-0.49089989554587954,-0.412575387426207,,-0.45047257100913896,-0.3163587781215146,,-0.14028418830905362,-0.258514494983034,0.06464359330418624,-0.45857376064746813,-0.4259138197424712,-0.509944229688073,-0.41219554146451975,-0.422142326705972,0.02537244617750972,,-0.41906181027192885,-0.4559353299885948,-0.4102322632264222,-0.39327081187182883,-0.4512304605004076,-0.10969605861849865,-0.4223261902402659,-0.36228142832971694,-0.46770029636073857,,-0.4412215595099756,,-0.09141413106126015,,-0.24108206628371567,-0.41263785538000314,0.27707761976925105,-0.48477010953223715,,-0.4977639303935757,-0.41530746137462504,-0.1293910187900707,,-0.43973053137618445,-0.42764944358453294,-0.3870945083639816,-0.28677883114958386,0.08602918432074799,-0.4535018900790128,-0.4277153340498438,-0.4621064114771801,-0.09419993275774814,,-0.41755172541150354,,-0.41042711521542413,-0.29406328342448984,,-0.7865969420786673,-0.5006457013447285,-0.3942434033882251,-0.3323757821494578,-0.36570253485959237,-0.40122527115861173,-0.10037097408070877,-0.20856963553298108,,-0.391367480913772,-0.3056752601905119,-0.3821104762679093,,-0.47106347320011543,-0.4050917091374942,,-0.5804088340705951,-0.3550534796603785,-0.4434546202717738,-0.5934223412899251,,0.05987856453938736,-0.412278273454462,-0.04603707719449526,-0.4331069577845868,-0.38645312995911385,-0.3937345438314597,-0.30062175489458315,-0.45496705557734607,,-0.3811670110507991,-0.44430516257411734,,,-0.32139051181393774,-0.47686719842832365,-0.34252408983300026,-0.5197348726538957
2017-03-31,-0.28807496964501506,-0.26825727488693185,-0.3390932550428841,-0.3321720963361577,-0.3592946372587543,0.20882369291363567,-0.3687025151865927,,-0.195003773682683,-0.006965868294143243,-0.24298116769654307,-0.33294931200537276,-0.3809417470647346,-0.35705705585966496,,-0.2259674157749503,,,,-0.2245161967176389,-0.2538134862405325,-0.26706004660600896,-0.1583816155712709,-0.25687152979269917,-0.20008609707458583,-0.3501903464207241,-0.20562514483648736,-0.20042193839080646,-0.34423707403243564,-0.34248208479667713,-0.2996270949518449,-0.15091412809978794,0.17065749108232958,-0.14747339853149657,-0.24917394584445754,-0.14479661056195295,-0.24064457469287578,-0.36563839675062887,-0.1424875886602011,-0.31917638061686837,-0.2949931537303217,-0.06130893693095911,0.17821645935818942,-0.17874717526341702,-0.3575962045155404,-0.25576199635015306,,-0.2663056892398157,0.028328049816976023,-0.3188641978431886,-0.21922259644113692,-0.2573363896786944,-0.29930686287082287,-0.2964386108624518,,-0.30412566681279696,-0.2646238099752194,-0.29481079990454007,,-0.41962683802976525,-0.34591630945378804,-0.31100638967048616,-0.4775955030456325,,0.2112679350776376,-0.3098105430871201,-0.24576647071611457,-0.19801708011400382,-0.48649301221904084,-0.180837763565095,-0.1233036899766749,-0.20324770266799677,-0.18059003506277232,,-0.3291080989306458,,,-0.23360334181942347,-0.32698758769452513,-0.17845218719699063,-0.2913556461302134,-0.31927384812949744,-0.3185005354485513,,-0.2722449824845384,-0.284751899441759,-0.3345998865720945,-0.3828003827968681,-0.25846714985310476,,-0.34056164690278345,-0.2010254127230294,,0.0858913674196066,-0.3189961039124571,-0.08015748819435314,-0.349498806041431,-0.2907154031999413,-0.3912419464507165,-0.3473189790483566,-0.34263921515877666,0.24546710322445198,,-0.3025890348514743,-0.3432601173559987,-0.4293302038781172,-0.34669508977516383,-0.34228155700667273,-0.15341171997113973,-0.2798309348797781,-0.34547176842592453,-0.36144866962382,,-0.333163944183894,,0.07527831593370558,,-0.09948518481285447,-0.2890267333560191,0.4773249069042734,-0.36078941392412445,,-0.3456074243832236,-0.3506766016881751,-0.09067037206113272,,-0.27339511414632034,-0.25346518548810776,-0.2661538981631243,-0.34017712411253714,0.3279564473327993,-0.3431759532460933,-0.31647642886369554,-0.3484576684831732,0.11745307294175443,,-0.26477215416432043,,-0.30273550945025846,-0.28243342629368057,,-0.7798383317644161,-0.43141281607996784,-0.26188757046442235,-0.19516665223790225,-0.26093477168183377,-0.33967983777013644,0.08186753320984576,-0.21956305797827697,,-0.32395149611193064,-0.3577430399257277,-0.22598190699624465,,-0.37206379230913367,-0.30014586410015587,,-0.5249288004024693,-0.23944829632687525,-0.3122652068880259,-0.5008876462798285,,0.302049715006408,-0.2977098584838489,0.19618048286847065,-0.3192437364182337,-0.2752476370357432,-0.32739898632554615,-0.2904377407115321,-0.3392857307755631,,-0.24302047498098717,-0.339610722676991,,,-0.207964228363717,-0.36247972473669265,-0.240863650495877,-0.43916244090327
2017-04-30,-0.5152130936130699,-0.4805756883399215,-0.5452116263982152,-0.5302039894238528,-0.5625536440461893,-0.15566023543832258,-0.5718220236577747,,-0.33160804555761275,-0.33413923852897354,-0.511698696452561,-0.5360888718160024,-0.5645640060917666,-0.5709760081634481,,-0.42226542004002926,,,,-0.466167493729826,-0.4766724700537714,-0.4958555155561432,-0.40240227130322936,-0.4034389930346583,-0.36305261139353606,-0.46294181673504475,-0.4242475311210906,-0.4568718780813622,-0.5390550220276743,-0.48217866091308015,-0.509995211603998,-0.44400197056465174,-0.2065516222505129,-0.39361486572696786,-0.4738711806403527,-0.4079800371443591,-0.37882555022734377,-0.5246048778320622,-0.357182532384351,-0.45841525273333855,-0.49379955895951405,-0.24534492897429885,-0.18359148933292957,-0.41683609562115015,-0.5605353488153636,-0.49514166833373313,,-0.48536259138072185,-0.18578998992908358,-0.5225469870578948,-0.4425428835738651,-0.39525886197882326,-0.430274791324023,-0.5302594379479362,,-0.517509813851655,-0.49149843570889834,-0.45833961179789984,,-0.5466600182633322,-0.5445484416249073,-0.43956626309391444,-0.5646517789823415,,-0.20060991175856438,-0.48867267865919567,-0.37015344199485134,-0.38956726260762375,-0.618288475583264,-0.33857624067030584,-0.35905586476045626,-0.3255732671279354,-0.43513794867964506,,-0.5315909383742738,,,-0.37409090163784736,-0.5381718586566778,-0.41784401452663733,-0.43147103403061904,-0.5332272467281447,-0.5124984817952675,,-0.40909253774432647,-0.4994342589522879,-0.5435684603246781,-0.5880466083171337,-0.4909525982234538,,-0.5382181110110787,-0.4336460598379635,,-0.2512480412504751,-0.43518447386814835,-0.16625775669926338,-0.5456375998947451,-0.5248794033465468,-0.5815655656324845,-0.5290556786706474,-0.5401503524467686,-0.1491629186670901,,-0.5168251333192445,-0.5430751871408772,-0.5070741209837719,-0.5264391429878092,-0.5415900454690982,-0.30547786226372037,-0.5082880612696079,-0.49317593519539604,-0.5498313654342983,,-0.5295734434266799,,-0.2342517364727404,,-0.36413357075292235,-0.506750815236998,0.05986324533934502,-0.5612169789276392,,-0.5772659699642142,-0.535112727001085,-0.3063622294567873,,-0.5258772545067687,-0.5170947661433595,-0.4867186204502315,-0.4473785460747521,-0.08017776279336417,-0.5416499789717372,-0.5218543109809111,-0.5463763278725662,-0.2313772011447526,,-0.5077106685314733,,-0.5079542365766339,-0.43967911255503567,,-0.8253103286998863,-0.6064509367262203,-0.4976719024159801,-0.44795239945834175,-0.4746620263365391,-0.5233142849447535,-0.2439315888747986,-0.3933549074965256,,-0.5069215645258356,-0.4593921566627924,-0.47824921291195166,,-0.5763871135122258,-0.5055326205696877,,-0.6796137192450542,-0.46267497565931415,-0.5253450568345144,-0.6648092980183992,,-0.1046059861216665,-0.5145980230309803,-0.1878472002924995,-0.5250449451023693,-0.4902172496578036,-0.5148749730284263,-0.44377576360777815,-0.5453165633375792,,-0.4706405608604703,-0.5352004551187276,,,-0.43724109692558477,-0.5589252906247081,-0.45714206067043983,-0.6311433460661433
2017-05-31,-0.35133934195010413,-0.3216059855650316,-0.3828296768050095,-0.403437022440182,-0.4251879385087479,-0.02070611164160539,-0.42554858037631943,,-0.3058199989067286,-0.173149126614605,-0.3354129550698859,-0.38147517464579905,-0.4285305296164746,-0.4053157139217561,,-0.38743767707733745,,,,-0.2984203692668737,-0.3345308051385091,-0.3529721631873656,-0.26988186177324747,-0.3763240651712031,-0.3272735633292952,-0.4160775369567179,-0.29233634221779975,-0.2934496520565773,-0.3835894295765512,-0.3522169230394183,-0.35496414101294305,-0.286873085894665,-0.08592869332689523,-0.2640466903490103,-0.33150699760607993,-0.2392828473944394,-0.36092549968244736,-0.4151977352978174,-0.2908991320062202,-0.38495478237937925,-0.3819854107972428,-0.23102139857489426,-0.026310526723960347,-0.2833517525287293,-0.39581211131072763,-0.32996895584503727,,-0.33777673248804013,-0.1845230631164742,-0.3751284192806288,-0.3062329291327742,-0.3373695441482095,-0.37531177006183947,-0.3764507971319725,,-0.35854394072797163,-0.3408080708649641,-0.3767723437829688,,-0.4744670528484233,-0.4088744146871035,-0.4042130405503918,-0.5078155483117421,,-0.02808892608309105,-0.43463712919907516,-0.3494985634253236,-0.3855356587443733,-0.4987755201370313,-0.33528658780410364,-0.1869683954937871,-0.3059600945285692,-0.28498241927573714,,-0.3838836422264692,,,-0.2941714478384416,-0.374975662470866,-0.2856360981196812,-0.38912624441471444,-0.372959411048871,-0.39644284805669505,,-0.3649787806277546,-0.3468147271720042,-0.3908344611829022,-0.44226732175302746,-0.30759149304372546,,-0.3787823559133849,-0.29443589037323775,,-0.06642054197546533,-0.3916144329845883,-0.23752887193548958,-0.3861845533622664,-0.3626697144042406,-0.4074471260885098,-0.4083654735730961,-0.415465613868333,-0.014522182231557655,,-0.3630994217489367,-0.3816279187457926,-0.41502706272532924,-0.42144769850265074,-0.3864121605164886,-0.28134994029435517,-0.33954468219944317,-0.3972570301866513,-0.38714854220256273,,-0.3714789788326186,,-0.08483106075817166,,-0.22305922727208966,-0.3482261592291995,0.14887151903573137,-0.38994287219614976,,-0.3966307926642256,-0.41669249506321715,-0.2218074851275938,,-0.3450820746620512,-0.33719938342885436,-0.337189446072292,-0.4056533325523813,0.07210765549534993,-0.38177883688822967,-0.3661101381992498,-0.3822177554340593,-0.06405790045906225,,-0.337240757239929,,-0.3571099696118582,-0.35471801355048244,,-0.6596853712151208,-0.48579350258097825,-0.34323919663013847,-0.29521932801582146,-0.3342527961137312,-0.4075943933569978,-0.0967785178278918,-0.35119783063233917,,-0.38484577572670664,-0.40730031034074954,-0.3094039641630729,,-0.43950269321624236,-0.35538578380235264,,-0.555181503928343,-0.31736248024217695,-0.356676355491909,-0.5040952088001857,,0.04843652375848477,-0.36766191884895316,-0.01428806366798122,-0.36747248869820276,-0.34406476618957615,-0.3975201121213308,-0.35707254094024576,-0.38692509499128247,,-0.3072087971549882,-0.37950823841547626,,,-0.29744370249434954,-0.39322532063644083,-0.32040861988717156,-0.5082874753836318
2017-06-30,-0.3437596421044107,-0.31738040495204234,-0.3570098455234427,-0.33565086614216877,-0.34943423750933045,-0.15953533736694106,-0.3733810275004579,,-0.2054924784709455,-0.23765000892007548,-0.32585790451178154,-0.3553736082908676,-0.34453713140969544,-0.3627240013538838,,-0.35345510900856875,,,,-0.3037013884326565,-0.3188597571416526,-0.3310193913921385,-0.2881834669672516,-0.3312379498146387,-0.30438745876898826,-0.3106868312468331,-0.2868927337162703,-0.2971593958048624,-0.35901688265196124,-0.34701464210090577,-0.3396334505597963,-0.2803638412243245,-0.13865459089325372,-0.28010704572127626,-0.31489677952301265,-0.27573508752570447,-0.32189496753208446,-0.3660318958326049,-0.21139899007088572,-0.3135295683064685,-0.31884058941677174,-0.29963450127033986,-0.18109417127251848,-0.2992381089964603,-0.36311239198345585,-0.3212199806621473,,-0.3250130614219212,-0.22864294676159688,-0.35054647130714234,-0.30570776531340826,-0.2808372891558953,-0.3085849541482214,-0.35350716086174333,,-0.3383049001276248,-0.3224839796697558,-0.2665816771374057,,-0.39585256858356327,-0.35724371341372674,-0.3179948886911092,-0.38404340943523957,,-0.17885893740826636,-0.40333975368007546,-0.27456021689958726,-0.34891178622745306,-0.4036949184108902,-0.2876442646871984,-0.2561912953232608,-0.18309066049236575,-0.29772436706571637,,-0.3579794840028294,,,-0.22469764969160147,-0.34854445190628447,-0.2924177335932743,-0.33538590031334825,-0.35320249502671064,-0.32780994201007,,-0.3025800739861885,-0.3359798865808441,-0.36224310804898646,-0.36809592006928443,-0.33130400266551296,,-0.35497670564229916,-0.30390657035679336,,-0.21630612272836625,-0.3172013199856821,-0.04303027319238116,-0.3560487547756077,-0.35563493489745795,-0.3802168419842712,-0.3377547364352492,-0.34794713033869595,-0.15770779916997602,,-0.33849494232453603,-0.3558676517299448,-0.31511174911617,-0.33592295665836847,-0.3470854480344302,-0.21953230728355044,-0.32781837428943017,-0.34930848493398337,-0.37025259052259557,,-0.35104941944764384,,-0.14415487406593372,,-0.2546681693825755,-0.3329688801750783,-0.05900118307781786,-0.3576981329198046,,-0.37160045035303657,-0.33884691243045234,-0.14722381781726446,,-0.33955927622379267,-0.3362610910563241,-0.316721900914037,-0.3167131436319583,-0.11985141884132255,-0.35476075348345276,-0.3471821002796649,-0.3604766841573673,-0.19692620792344923,,-0.3238477890573892,,-0.33577428562879824,-0.32784453706910494,,-0.5460638630315244,-0.36875770280924564,-0.3377863810511544,-0.26127959707238446,-0.316499470438842,-0.33208214590447327,-0.20584590268353292,-0.2652683677629309,,-0.30775562042279975,-0.30966445566213086,-0.31002329699271686,,-0.3507205127249024,-0.3399270521517383,,-0.4278280432287674,-0.31514236804571644,-0.3336250385627316,-0.3875230123652752,,-0.12734083319780212,-0.3424011015699499,-0.17412690935736577,-0.35197940684519324,-0.3247096302634084,-0.32464127463008585,-0.3280890400799661,-0.35372962572719746,,-0.2942593382506234,-0.35343429965231515,,,-0.30514550565829407,-0.36806447928431346,-0.313996319163598,-0.380079026846001
2017-07-31,-0.46629753435493165,-0.43010882174127085,-0.4909800098973083,-0.4459719694948858,-0.4740016076788222,-0.15117460660256613,-0.5015806401727831,,-0.2057335484599476,-0.30407186010378423,-0.45152826779118244,-0.4767419891827931,-0.48461900742898323,-0.5052625517902706,,-0.30652700631903484,,,,-0.4201947109673526,-0.4145103840996562,-0.4298383689813423,-0.3487303042684131,-0.30038059423144525,-0.2422418279639581,-0.3256128995501947,-0.3597322490379365,-0.41251235219595916,-0.4814851834001068,-0.43571341942861924,-0.45526360649808034,-0.41078291307906506,-0.18624338261021622,-0.3363674360154753,-0.404955050001111,-0.3853070724470503,-0.21689158930836896,-0.4386452334609133,-0.2685843571586872,-0.3674449982508552,-0.41035998234395926,-0.1537182129382178,-0.19838326212539598,-0.36571013560574267,-0.5021184192102373,-0.4474312118643835,,-0.42450561882862464,-0.08353679290121514,-0.4580067319694579,-0.3870662031681238,-0.3083233698254451,-0.3166465531065559,-0.4658150027278059,,-0.4617719136174068,-0.4329387705254702,-0.37252450335800225,,-0.43342170127461066,-0.475606507102964,-0.3172206517188182,-0.4357407906854403,,-0.22673308368384265,-0.39319880548961605,-0.24784349771308803,-0.25280070156500273,-0.5310113911263062,-0.17279175431532548,-0.37370235347598274,-0.20423499411757265,-0.3885815709610702,,-0.466485324053194,,,-0.30345589497261305,-0.47657103762315867,-0.35870558297470806,-0.31328370498909136,-0.47661204307444033,-0.4233339330519392,,-0.2954885868911998,-0.44070369413199884,-0.4624891833768596,-0.49922062639222275,-0.46165586085949595,,-0.48123862388761746,-0.37961561650643477,,-0.2639439284245169,-0.3375374589271462,0.03796338123983426,-0.4871287996590242,-0.47374139664571524,-0.5262461158611854,-0.4447370164134549,-0.4543993164703732,-0.13977047078500918,,-0.4580376308183139,-0.4877719117281619,-0.38658733144728596,-0.4368227431479433,-0.4775238523308942,-0.1974954307173408,-0.4561553441884764,-0.402623703820796,-0.4935025777169527,,-0.4729178409257075,,-0.2500159522676178,,-0.31827270340316993,-0.45252093281292083,0.07720623430003953,-0.5060009648389426,,-0.5264056829383574,-0.4478559788118581,-0.27999040377428375,,-0.4847580570884567,-0.4737362475422941,-0.4222384515033337,-0.3146013157138883,-0.10475324562247253,-0.4855900766813283,-0.465998821455963,-0.4927823299526079,-0.24912664357684258,,-0.4586929346541583,,-0.44938505938913087,-0.3541733685670675,,-0.7340869864678963,-0.488103614995132,-0.4395573414488839,-0.41317420940900906,-0.41280130333153053,-0.436723165894693,-0.23539979308191222,-0.27602083301165636,,-0.4287441156052192,-0.3430695320774624,-0.43647689629636394,,-0.48512738477826417,-0.4513072308831,,-0.5562302123935984,-0.4059777620266824,-0.4728449465850647,-0.5789185699209145,,-0.12412528321294673,-0.4450790718369915,-0.21439997375216077,-0.46813541454186225,-0.42861234317136854,-0.42970297456817586,-0.360036471977022,-0.48365119438037774,,-0.4211708873314344,-0.477052575518854,,,-0.38360141352334387,-0.503217002622863,-0.39857098789170037,-0.5130305919638929
2017-08-31,-0.378815999853074,-0.37851856320702076,-0.4023660434021443,-0.36955179373436714,-0.38616256059427195,-0.15570386671022263,-0.3890680209828382,,-0.2570112306702408,-0.2668902583133323,-0.36724457203990146,-0.38702037083629043,-0.41448456512734627,-0.40939511087780867,,-0.14932305201209792,,,,-0.370734398020059,-0.3456220110246785,-0.3445794668680857,-0.2920713858434863,-0.195479826582622,-0.16109246128661459,-0.28460483247917606,-0.32253968391695365,-0.35896884194952006,-0.39301763519137467,-0.3764260573414015,-0.3781689876398943,-0.35127917416075954,-0.2080833314026446,-0.2861133553414131,-0.3397817454987038,-0.3516042033302316,-0.12172417577754067,-0.3382036660717989,-0.2880568280972853,-0.3194151535167273,-0.34283948598269093,-0.04085350403400699,-0.19183072683793043,-0.3008598558837029,-0.4107386691110591,-0.3792784196104563,,-0.3539480687690424,-0.028488716327430125,-0.36883618641714094,-0.3275323426480338,-0.2871035193450329,-0.26734316848948203,-0.3586254298706754,,-0.38740257231849357,-0.36308192198874706,-0.3730916784774009,,-0.29853500879794476,-0.37764504199121013,-0.2486096612418002,-0.3345842922372318,,-0.2020720966207406,-0.2010074443384457,-0.22111403831641105,-0.08483698546821364,-0.41564543595741527,-0.09683916792842584,-0.3773004304939272,-0.2886853407293208,-0.32619448630885234,,-0.3698545872720752,,,-0.3603353217553259,-0.3952029127135609,-0.3011955298499889,-0.21822096135348354,-0.38555881052560165,-0.35179283158703106,,-0.24217285662315327,-0.3631528305064376,-0.36056010764061724,-0.39383821324908197,-0.39366336140502073,,-0.39806984613955493,-0.3171071549735979,,-0.2499220923099371,-0.28103440525505036,-0.1812667418786612,-0.40441451501176706,-0.3672360836002141,-0.42818671097496963,-0.37238803996456693,-0.362854469117596,-0.12728229735159807,,-0.3801687683953516,-0.403738613184292,-0.3895154253377342,-0.35971645311990236,-0.401581760825832,-0.21756573873160986,-0.38972314593903185,-0.31969582532030066,-0.3997000602276045,,-0.39378413781243615,,-0.32401860857856785,,-0.29123734312116684,-0.38075645000304237,0.02645127669528116,-0.42640925806196645,,-0.41675456398753813,-0.3720378145928108,-0.38302820176435143,,-0.3969203205231878,-0.3817811254284375,-0.3624137118746813,-0.2649054514443445,-0.13264489412561994,-0.402810217265323,-0.3841643093218636,-0.4058407880116344,-0.24116684918281084,,-0.38921731203474685,,-0.37796683851428514,-0.28069177670592677,,-0.5392030150667965,-0.389852681273631,-0.34753076804659916,-0.400676876071936,-0.351362574924954,-0.3671917051490928,-0.22157187498243763,-0.24446902077504867,,-0.3916630148908373,-0.3122745904857838,-0.37447025241244614,,-0.3963911642872984,-0.37387119599357055,,-0.40622014409804613,-0.3415221661286987,-0.4104271751849857,-0.4907980648754856,,-0.1467125414787186,-0.35698742000030864,-0.2118021109196033,-0.3812885148027013,-0.3607759361657146,-0.36707352329938253,-0.2899920852052134,-0.3972571128426718,,-0.39056891189890763,-0.3948417385733205,,,-0.3222880243937564,-0.4098439545873205,-0.33479982925984336,-0.39409584748558674
2017-09-30,-0.21336559945698252,-0.1988888633140845,-0.23192677715520502,-0.22283023022647505,-0.2298445186276099,-0.041468217277898456,-0.24100233136409654,,-0.14716169004241747,-0.11686185172162904,-0.18861890065853024,-0.22290965781054542,-0.25377510572627815,-0.23408710381595307,,-0.13048505118144477,,,,-0.18898177519461254,-0.19156181652664062,-0.19617126290479764,-0.15323488652224498,-0.16075698802877922,-0.09517957311525553,-0.1717720267446002,-0.1646449978939607,-0.1900221625428894,-0.22594521962857245,-0.22016914671622903,-0.2121632111353714,-0.2121276382955263,-0.10829861682957907,-0.14690290190009384,-0.1799382761636415,-0.18026934561323513,-0.05201857245421231,-0.2097594417497991,-0.18347475348517694,-0.20970110554388766,-0.21214375290571488,-0.03117790549285076,-0.06349910798748663,-0.164507372714966,-0.23546636637295143,-0.2084946079102956,,-0.19294528189938334,-0.015946263864609077,-0.21034679674052226,-0.18007558254344966,-0.18716837811414894,-0.16407214690243224,-0.20769100532485898,,-0.21587009942851212,-0.20215076378513816,-0.24744561278006968,,-0.20896102043446016,-0.23690449457914506,-0.17467504041770002,-0.23437632821687854,,-0.08368485961945088,-0.1801515258254081,-0.1464479084948208,-0.0954068526188866,-0.2770244620786781,-0.04213043699388918,-0.19969436139632346,-0.1747537410635599,-0.17516789066484567,,-0.21352816594259535,,,-0.21239154114692546,-0.21719452467931516,-0.15945820515595258,-0.14845997939631642,-0.21878609340706026,-0.21263991269988033,,-0.15590807268682655,-0.19846994229527318,-0.19120626758814696,-0.23403486515553953,-0.2057950885388102,,-0.22472002661186702,-0.16954218399750612,,-0.0809221395169172,-0.2031817760781097,-0.07184156799476496,-0.23012855053408826,-0.21229846724442988,-0.2413242083898657,-0.22756962496495023,-0.22394342299915876,-0.025231161022847566,,-0.21562050653134104,-0.2300971398437651,-0.20027167610835292,-0.234966540154406,-0.22826288926007474,-0.1348658860250149,-0.20782709242019184,-0.19512851411532825,-0.22355172459073486,,-0.21997657562976697,,-0.16944604061451496,,-0.13845974781802892,-0.2103802796541423,0.10177367866269413,-0.2390802702744395,,-0.2406591183900003,-0.23124697811795608,-0.2616430215823357,,-0.22173191048389715,-0.21057992619220262,-0.1932769269294497,-0.16198984288933507,-0.011859686839366375,-0.2299598193504853,-0.21745100498302286,-0.23002275799715427,-0.10121612484725491,,-0.2127330103734527,,-0.21171007835738304,-0.1701441827170467,,-0.3486034897151564,-0.23635441786769246,-0.19226223457548966,-0.23844669268295046,-0.19432776560620546,-0.22725877349691675,-0.08886447281675136,-0.1623619006752446,,-0.23561247999478066,-0.19854687001811053,-0.2029009772406688,,-0.24106608928034748,-0.21333361751965174,,-0.2613958386410883,-0.18370821634183607,-0.22368630053997882,-0.2995768627422637,,-0.025198795067465085,-0.19911801330721893,-0.07422826389351089,-0.2132800804729919,-0.1996202140772396,-0.22387036706066887,-0.1760774724050532,-0.2269054642976618,,-0.2023932518459769,-0.22486970047744112,,,-0.17298521997379704,-0.23324416793500805,-0.18515755693871588,-0.25259760195750663
2017-10-31,-0.05149044394165711,-0.04406350851972409,-0.07576382783130065,-0.058806791932509844,-0.06876994007956881,0.16272903715560263,-0.07607028477010025,,0.02547364369964286,0.06508986688877087,-0.025658444708280506,-0.06281033573299993,-0.10167651133717369,-0.07883093883717077,,0.10492307899716952,,,,-0.03242312655629027,-0.024197731702171328,-0.025505303077543295,0.025673379823638508,0.05523752819866635,0.12042862127347827,0.00653762697819567,0.0023953275977624216,-0.02843659064616427,-0.06781602568752021,-0.06258870548777778,-0.05206390746675847,-0.04307624433136995,0.08576820494657456,0.032323827850216584,-0.012696982787553471,-0.019979331095470492,0.1718433285676667,-0.03495835321647206,-0.009816355464037634,-0.0360339310339947,-0.041813446752431774,0.22052719487790085,0.13309264283256056,0.013958167341219898,-0.0813412268427285,-0.049667542349157365,,-0.02805910931541369,0.23096118480019598,-0.045980840063380476,-0.00946727806460405,-0.009385673494121251,0.020556668011130114,-0.037097121191337776,,-0.058624196508164444,-0.03891260671669776,-0.09219808840733136,,-0.017344962985431606,-0.07074923500345207,0.02018260979821529,-0.056805553855306966,,0.11604954801582759,0.049062233999307966,0.04804821961334166,0.157949663365803,-0.11751028671914315,0.18668058039600463,-0.05087595761786602,-0.013598349609909504,-0.003573233821277772,,-0.048109668474324116,,,-0.06578689136560889,-0.06152550919874904,0.017244783769877824,0.056696227946802465,-0.05830631086480237,-0.044850575190560404,,0.036697626070942235,-0.03508935095846519,-0.024958842151297327,-0.07258680860047333,-0.05234935587761133,,-0.06907569111042125,0.003724804415083339,,0.09895728329456698,-0.01707912205613205,0.09207054912026406,-0.07595441296988131,-0.04400577415544277,-0.09168262059315216,-0.06480451569607151,-0.05554726359058828,0.18925326781459104,,-0.055506258245106986,-0.07542409765346127,-0.05981985675374265,-0.06635080600242771,-0.0742137543421982,0.05380836074795433,-0.05312121434913578,-0.018788011216960027,-0.06746897900071759,,-0.0641248569362704,,-0.014279882841078813,,0.035326421035694326,-0.05190071650817528,0.34225301075011594,-0.09131287852839994,,-0.08463796633872027,-0.06732389674716578,-0.11971032276531489,,-0.06401202838680746,-0.04851340411610058,-0.03255716077709117,0.02254909652349462,0.19405515720743322,-0.0751966588022634,-0.058131938598810495,-0.07573125455564657,0.08397301379193485,,-0.05637507453180487,,-0.05249642700161962,0.014786007557600804,,-0.21233608425318723,-0.07503591256129666,-0.022046112476599974,-0.0895215243846664,-0.02972360808861812,-0.06311779523114476,0.10127351305778258,0.028508059466513275,,-0.08277190984100204,-0.02736357721020221,-0.04370021494381657,,-0.08170215677809728,-0.05171747267670114,,-0.09580100676802016,-0.01663726716975604,-0.07463549936898407,-0.1648044324624685,,0.17852315855406298,-0.032150695824101294,0.1172693774613877,-0.05291413803766469,-0.036554170958031026,-0.06096722181633696,0.006013940651988498,-0.07003964347125399,,-0.05346072063633049,-0.06830526411242462,,,-0.0012179111239246892,-0.07903984147900923,-0.015908880413021447,-0.08724710457963473
2017-11-30,0.34361194174415266,0.31523836456505816,0.30531582677504315,0.3007675719869328,0.3173906171744855,0.5445655829809048,0.31682958437584635,,0.20082230749353633,0.48897494699988575,0.42612765128144736,0.31705559664657273,0.23961460696330372,0.3276340216883437,,0.48708345411169623,,,,0.351024858396262,0.3499912316600287,0.3683428474104989,0.39596556288431767,0.33367381059717216,0.4427441009975263,0.2703125946348541,0.34928151371453403,0.3593475640665777,0.30437335315861086,0.21548493615624245,0.3214063224580029,0.3424654974019037,0.43539435954690053,0.40132525984488765,0.3713157032953988,0.3427255610679912,0.5299220223920251,0.30809036727555206,0.2298624463526937,0.2165843006142987,0.296492732165366,0.5478676763292644,0.5201799759671952,0.38170177699887775,0.30603853734298303,0.3389150266443215,,0.3499029281985773,0.5302875112192534,0.33541461873510786,0.3478260123003539,0.2067447940484811,0.2886865230355641,0.384117295414326,,0.3186931462646298,0.34066690573818054,0.12507753771289087,,0.32030159590128254,0.29555952420245946,0.28435413316370645,0.22014605203407964,,0.5442517017020797,0.4322031881421093,0.26945718879796804,0.5448986135207416,0.2103358603391854,0.530763297692818,0.22388373221129043,0.10465925508217822,0.3823853184906739,,0.3383323745925571,,,0.08866886259916291,0.3308807234231116,0.3886809673901852,0.36232063486400135,0.3340719596283174,0.3048754970729289,,0.30150103161776387,0.34767710472390595,0.40059927130343737,0.33744737317670115,0.3354185890973551,,0.30501252828999065,0.3744976841808182,,0.5065690184550631,0.2034105487021498,0.10033583928555469,0.2965178750096784,0.3710485835114819,0.29965987314461306,0.27346387605136063,0.3145647081526546,0.6125432698315559,,0.32218247150904294,0.299162072522503,0.17428101157588705,0.2587761209733138,0.29610122914765297,0.2465971417421336,0.3371201716409719,0.2982523945354659,0.3135495453566606,,0.30588222090325085,,0.22871669230213978,,0.4009224183180588,0.3257131057719166,0.7296802759767349,0.2882547992495903,,0.34244544356368817,0.27425867779653107,-0.01984120432406134,,0.3542993630826505,0.38483918045543847,0.3436588802470106,0.2829477123249638,0.5826931406511533,0.2966120994253092,0.31638129912319995,0.3015655116551948,0.4595141172783223,,0.3413378952120442,,0.3127886725953307,0.3206708581267751,,0.16281345227279523,0.312806738346009,0.38798738007361994,0.22228419167553556,0.3299608798896964,0.27057014689963693,0.47704937240492584,0.29576856934498,,0.22006608451002763,0.19595878110145065,0.3473811078941801,,0.3038363912982663,0.31245832212961155,,0.32247455859555985,0.3551593958933556,0.2980985525936149,0.19819960182816987,,0.5717975499963971,0.36469268254458276,0.5165217573602918,0.3307064425910512,0.3335110076299962,0.27106342711816017,0.3049250500650694,0.31421090103767674,,0.30053032279199365,0.300588090835266,,,0.36571183776167493,0.30543395853479394,0.3426883447544058,0.3229137811300691
2017-12-31,0.5096156596475632,0.4625292961065102,0.4884068824887145,0.48409053984507666,0.5118967250515677,0.5368700539137415,0.5160814627558513,,0.303264299636277,0.5651982046668005,0.5806277378232336,0.49257951365897623,0.44934736972973766,0.5200978858164828,,0.5918612470924388,,,,0.49205215724786155,0.4971674094859342,0.5239103203126779,0.5036773223864486,0.45034849112972,0.5044530959799862,0.4049439221882331,0.4675555973078684,0.5032636723111876,0.48060892457238774,0.3678798115746283,0.48472704610224826,0.5096917374277435,0.5015202536901047,0.5041903464313658,0.5101466400753139,0.46745648165953374,0.5628267915720073,0.4726668807903569,0.36961431524111144,0.37454288679087444,0.4675312170761203,0.5370930366747235,0.5271593793119881,0.4989377041916582,0.49429026304498375,0.5006374992028244,,0.4976246316553362,0.5103045134094963,0.5004491473857897,0.47973302903843335,0.33772251644520984,0.40912978870037914,0.553269222707224,,0.4867653250463884,0.49801197998943253,0.32005797701293276,,0.4905569730498628,0.48783878581126205,0.4187748829771198,0.4127098856401563,,0.5769867229532373,0.577239214793674,0.3717194397117325,0.622307935044865,0.43895585928799047,0.5570152774128594,0.34408170972313,0.2275378733385176,0.5119242881044508,,0.507028372543542,,,0.23445870505633531,0.5032198867476622,0.504262761499844,0.4728919533380542,0.5066071301253344,0.4786593559515095,,0.4144354809835029,0.4998688337579986,0.5561798505379767,0.5381513284512103,0.48600247022350124,,0.4801992250785157,0.4972989438037874,,0.5295831435641859,0.3524995487103297,0.13870349674846347,0.4774709178655475,0.5392703328747264,0.49106697229507723,0.45802699436284877,0.5003575884794265,0.597288006630716,,0.4914242131609703,0.4794802711150251,0.3235543202414158,0.45203649983141764,0.4776202837791182,0.33319437211969705,0.4983783243966547,0.44652923973337566,0.4864748841520302,,0.47567235910637345,,0.3258538647009655,,0.49284998675917924,0.4882390837825773,0.5894766424601217,0.477902495782652,,0.5395692116656763,0.4643465281116502,0.1655521888522034,,0.5306180431132719,0.5532703189821366,0.4931064455075449,0.40502031720647136,0.5398327441919007,0.4767281295131142,0.48490189976984943,0.4810395315675891,0.5009835489843901,,0.5088968450049389,,0.4758951157265637,0.44231221054026953,,0.45656650523692055,0.5218934694480709,0.5384433353643621,0.4061418429611546,0.47757983754372796,0.4557160012191745,0.5132230394981803,0.4219197398687753,,0.4080310934570603,0.34536803531500876,0.5029994414554416,,0.5109170014734119,0.47554553584147685,,0.5583997930802723,0.4920609639770247,0.47229599705454817,0.4551946080345175,,0.5445682956824232,0.5230894858544065,0.5335111251822839,0.4960538971671366,0.4872213630878075,0.45257457334094847,0.4308641290882981,0.4953014268588021,,0.4525834107393114,0.4757986241334241,,,0.49112591985570214,0.48928149652730424,0.48007555934217166,0.5523686951773081
2018-01-31,0.3549437969474125,0.3006805371626747,0.33545011571201927,0.3435562383119134,0.370151761457096,0.3684106634470323,0.3749861830735662,,0.1697707730679346,0.40055890828130913,0.4211641800317034,0.3408941346282209,0.30849162986235246,0.36833668562339683,,0.4817256481986442,,,,0.32834291626564277,0.3452116860501231,0.3754113862148526,0.3494697044969478,0.336919692822165,0.3724813001074798,0.27320915358695663,0.31023991674572915,0.3446256107064828,0.3276998094728985,0.21328061533843196,0.330171029884201,0.3654659200649107,0.3555673439098604,0.3496467990842174,0.3554543053976003,0.3027870892140756,0.42742107804249907,0.3333848388277982,0.24102154723264996,0.24337332046503074,0.33069995215764336,0.4067361857730261,0.3537340872852171,0.3467041305099909,0.34089337489007393,0.34420520764817186,,0.3429802313250505,0.38159645203723713,0.34936039770945854,0.32684945894686707,0.2055637894263638,0.2753027291119538,0.405404550538157,,0.3314495623291507,0.34519321193057667,0.1925493540100512,,0.36727405481938397,0.3484664879098818,0.298282506015577,0.29260125497010825,,0.41096562684436,0.469984645346564,0.2465533859542988,0.5191984497815206,0.30749922743018415,0.42740603142070127,0.17325987209121987,0.09735475887771468,0.35671877858948997,,0.3571266252553907,,,0.08978456210066126,0.3467083311973452,0.3510499744738612,0.3477282399217876,0.35320459719123637,0.3396974494235932,,0.28517462432944884,0.34412377733574556,0.4007142281956882,0.3956096414812521,0.3190231248164229,,0.325060123036055,0.3424607195416553,,0.34409661693334537,0.23099450982694428,0.008703968488681758,0.32329170126196394,0.3883048590196447,0.3332175923962196,0.31832032882054484,0.3625702235166067,0.4320494317369535,,0.33904943466857396,0.32504922742131553,0.16669018394756233,0.32159733489445447,0.32491006841889225,0.2031473425908715,0.3382398260585812,0.3065887327312052,0.32914092149602714,,0.31944147147781654,,0.1633479209904622,,0.33141802244727353,0.33228406771575697,0.41368890131534636,0.32058330207672175,,0.3864243278617876,0.3273926356976942,0.03670182445598978,,0.3740249735759021,0.39683527370040594,0.33681833000289574,0.2733652670872972,0.36072278920587525,0.32266249121069995,0.3309226926919811,0.3252935241273688,0.32948789200108797,,0.3517088864654102,,0.32181578499689373,0.30224564903487744,,0.3142796192708841,0.3864036979747084,0.38538548871800904,0.2585098832412841,0.32478739058670886,0.3183077777098408,0.34559109204953375,0.29887317362520816,,0.2659287314322447,0.21408514044530752,0.34493932419325957,,0.37227767064996803,0.3227455475103718,,0.42905253059812,0.33633485794438545,0.31289419474101815,0.31208329002195095,,0.3685567169182162,0.37178630473305935,0.3579761755329931,0.34087983842177966,0.3338321263334877,0.3135114534570016,0.2903155124985176,0.3429344806663288,,0.2897472832348081,0.3220195611852949,,,0.336123821947243,0.33402219479189493,0.3275021948524052,0.4244995944696201
2018-02-28,0.6440776406602353,0.5774765603363853,0.6078571799836057,0.5962987008867938,0.6456191724361644,0.6997067255202689,0.6427697236677656,,0.3068152046552995,0.7489285027788513,0.7751881927073888,0.6147613381675603,0.5374738589779352,0.6636164987523209,,0.739884280869708,,,,0.628726122597867,0.6256892104195514,0.6663659245967674,0.6372399872913574,0.5052775796045784,0.628881508195343,0.4713980874255934,0.5860342732315066,0.6403311203841849,0.5954997542098911,0.4047157644822842,0.6047062942572143,0.6287906022374146,0.6199176513941064,0.6404239192230443,0.653878647177773,0.5815476247046124,0.7444480300718248,0.572442617308231,0.39786709908355145,0.4027051580988851,0.5638130645674356,0.6667331033523701,0.6819668521604855,0.6250038161787339,0.6196807255800533,0.632856790955284,,0.6292911809875367,0.6293646414310188,0.6289853946795892,0.5956262717293243,0.3424121573921779,0.4717253229896769,0.7127277538051098,,0.6099511559549219,0.627142508394772,0.31020082843602803,,0.5876913105533115,0.5935681318917283,0.4720204193271247,0.46099062221788656,,0.7519138129274996,0.701105671219145,0.4020898226197039,0.7879460946273565,0.505212842185288,0.730562974911135,0.3708373480501218,0.17650119353142232,0.6499935937799564,,0.6380541762148071,,,0.18678171078210912,0.6407998828378705,0.6389306640097211,0.5650081246873875,0.6396960702161031,0.5870629614710337,,0.4742082867403231,0.6330697290455082,0.7334656138544433,0.6895091565079912,0.6149061416926176,,0.5980807980975654,0.6269829191406942,,0.7018354576853741,0.3537602232664852,0.06749089628421516,0.5929234632609268,0.6883572006656343,0.6181268331790659,0.5513802171519148,0.6192385868590472,0.797940646171584,,0.6147595795587152,0.5953952936934416,0.3649480681585428,0.5307167110483734,0.5940277365039308,0.3430656666323817,0.6354890971388645,0.5320347785931554,0.6100321380263592,,0.5920117333128366,,0.3366156541926476,,0.6285811652707255,0.6129407943344704,0.8054010312182024,0.5971649241220597,,0.6919269403885259,0.5593358224297152,0.04040755580155676,,0.6798746205880725,0.71833755828196,0.62629070971151,0.4684963991753984,0.7104096416323941,0.5906421198071374,0.6042074738016432,0.5987842725124581,0.6345753681289253,,0.6483378056005191,,0.5910425438835,0.5237455872043387,,0.5425537220752351,0.6639443822200546,0.6933323635885631,0.4633774692984252,0.5941998135429277,0.5456210692378044,0.6586369424944387,0.4832085076672664,,0.47151601607514787,0.36370972108025285,0.6375241341732625,,0.6410945549931689,0.5865832506841795,,0.7144013390501425,0.6202381648459141,0.5910414496510744,0.5514043997966497,,0.7159833913292512,0.6695063703906174,0.6921966785191996,0.6244213174765343,0.6106886487315794,0.5426516557060818,0.5047781943938768,0.6216141537604425,,0.5641132640772191,0.5893509362106528,,,0.6167525927374586,0.6122607234311901,0.5965002320742703,0.7040027412928748
2018-03-31,0.4808179962696106,0.4353950312657336,0.45375065268308884,0.422434690449699,0.4729072477960292,0.4522295397233585,0.47623535845415627,,0.15877717196260518,0.5166366422636657,0.5911418139531235,0.4709662169264616,0.3504047808902607,0.5027584752530927,,0.6413283420564201,,,,0.45869649522996714,0.46623898232672356,0.5005461901775587,0.4767590605400113,0.4074014540004968,0.6004047469876186,0.41118057797295243,0.44332601413219086,0.43902522669788413,0.4619988559039074,0.32621818557727567,0.4566278168363399,0.32289112344135146,0.2240934063504295,0.4787635545995699,0.5078310370987675,0.37455122275203395,0.8166047429796224,0.47936965712220486,0.12101140676098239,0.26913797522491745,0.3801037338864057,0.6825738892208024,0.43809190819984256,0.4637253950372673,0.4712230036594343,0.44545198041520323,,0.4822492177320302,0.5662150244225066,0.4943475273847438,0.4385361618129607,0.2087462125134468,0.4019228246709935,0.5471853598134766,,0.45461416419039985,0.4556438793584844,0.05847842888433884,,0.5292198501326161,0.41889815864285973,0.37808701378812765,0.39884114969764717,,0.41710396995164956,0.6006404164226998,0.3147237974006158,0.7205448146572524,0.38150390767690806,0.7536008119552369,0.1599762035000966,-0.015357566100633765,0.4627536587990566,,0.5055633823641071,,,-0.008810222350025603,0.4978415232811075,0.47835697318940007,0.5133720240500261,0.4904496124435891,0.4198700096103723,,0.3945862402480181,0.4956684679881844,0.6350620753037406,0.5279848837441538,0.46393489394579335,,0.46330755741851787,0.47435214270799253,,0.5156747703468033,0.2385208768500602,-0.0867255161296538,0.4527645571446642,0.5234644468442899,0.498687254559172,0.38920328823296996,0.45096122850819326,0.5315284078196518,,0.45409530649718816,0.4515440687879971,0.3539455149189841,0.34450143984888837,0.4425659864552721,0.19890964323988913,0.47279321681020275,0.4541800467999225,0.5036701793405675,,0.4624418988750662,,-0.029879050044582016,,0.44614500597350887,0.4557934941789246,0.5947619775683531,0.44880813069560727,,0.514449113473676,0.3864508121376565,-0.39050682192537345,,0.47973087337041725,0.5167037831615141,0.47297095403721723,0.430435124222297,0.43364470270914807,0.44675585191603373,0.46091470239347015,0.4632837252337684,0.3704804677921424,,0.4560550178757871,,0.44476870950160474,0.44598342795324897,,0.5707106535050588,0.5211434392420273,0.5383688221439938,0.1570467477825106,0.4402337273572232,0.372915989179196,0.4358190206687859,0.3138977971296078,,0.2754690335469549,0.28040489730173246,0.43578439032122696,,0.45005456764905266,0.4394386182365191,,0.6058572429684358,0.4724788185645192,0.4295427084154845,0.3738109967480505,,0.42676442999289116,0.5278312061275211,0.4094633032907427,0.4920403266704143,0.45762273981588275,0.3660696904551203,0.42502235690160695,0.4700196109707254,,0.38305526667217216,0.4528598242527248,,,0.46489958293331546,0.48060395411110785,0.44781250095822533,0.5215680463439804
2018-04-30,0.4355572740907645,0.4029292186437447,0.42527156876936734,0.427803219453926,0.4627968245202683,0.3380876513011339,0.4628276608787426,,0.2909540721580076,0.40247337738168465,0.49825861626045476,0.4488297868006171,0.3636500767615284,0.46237660864562635,,0.7098674058752068,,,,0.39859534797138735,0.43955429667539225,0.4681891217270228,0.442516658183109,0.5296781133834939,0.6825468554194813,0.5279302713372216,0.42549617302293785,0.375805093371855,0.4451311405516508,0.37417877906034464,0.42963803978905973,0.25479615831694913,0.1330071953755808,0.4443793385119922,0.47492236095794593,0.3076541644912564,0.9072013495760886,0.5205058451862424,0.1817360860611285,0.36507579394047335,0.40011891089645246,0.7665837601175572,0.31132387476711365,0.43486521294372454,0.4412638648017404,0.39252938991749603,,0.4522247907362865,0.6454178873982193,0.47507857649732727,0.41809801027122995,0.32069147625170097,0.5039890884592358,0.5012637138730247,,0.422357348082027,0.4208925105896587,0.14730967872561943,,0.6186057067803099,0.42062386017079617,0.5019910160846638,0.5330128395575309,,0.251973851379807,0.6740406778551713,0.45380287882000137,0.8095808021307163,0.44281181499090505,0.8473659525206796,0.12529381234796583,0.14360170645669165,0.4101870183272525,,0.4866615339102523,,,0.09553946916456275,0.45991697547513827,0.4469246421787251,0.6148707423249233,0.4554298017267325,0.43577790158358526,,0.5030459377261631,0.46398973687446565,0.595276046825907,0.50672792120627,0.39962061574971014,,0.4406658672123438,0.4427493838690481,,0.37515596480435603,0.3767472303702054,0.15341914351585106,0.4319496803920621,0.4734160592766669,0.46727616953775203,0.4123112405519258,0.4574627741729923,0.393182233738873,,0.42591825803466943,0.42728692690513825,0.4564377859186413,0.38631520608284914,0.42308320934389954,0.32390801257530755,0.42062024297916284,0.513151677007837,0.4816208269831962,,0.44122657368510604,,-0.08253962311974243,,0.3916644403081689,0.4208180362146289,0.4642619545434788,0.415899820544614,,0.45234764696649754,0.41030921149579486,-0.3029792195882419,,0.4055965399896873,0.43319461898696743,0.4397537076748706,0.5542660826088415,0.2785747058173436,0.4248735138141319,0.4365907152809121,0.4373216632470916,0.2505948618963018,,0.3957074439725851,,0.42458688743299017,0.5077180049491415,,0.6399164638816685,0.5372359679186269,0.4898957670837404,0.12748035203192937,0.4221942236101248,0.3999882435255679,0.3396123797837129,0.4059098387299548,,0.30349551499700206,0.41231796736079357,0.3723282139673493,,0.4419042081205295,0.42124843047863464,,0.6297844545917166,0.44206719657346916,0.3906575035396789,0.3790684634843176,,0.27312713910506686,0.4970960056206432,0.25860667558782047,0.46352864494680523,0.43331355124062126,0.3892665713676245,0.48945782868548027,0.4425721176150608,,0.3399067706770689,0.4353723266089732,,,0.4356826911632358,0.45335291241180153,0.43089350261453285,0.528084328548859
2018-05-31,0.4405023083284662,0.42852547270892727,0.4284501961523223,0.440859228873281,0.48074760948200707,0.35707569471092093,0.45908405656966406,,0.3608574717730493,0.42119742951442946,0.5271625988401059,0.4604449545090935,0.3592434827052025,0.47396398155189917,,0.7565725426870022,,,,0.42040094831734437,0.46126381999951527,0.4862900446781488,0.4713449652414165,0.555608404249298,0.792188355177532,0.6201035837243907,0.4693472125901008,0.3814186331429187,0.4577700197968826,0.38910791810026973,0.4433354056986045,0.19761888337378528,0.07930342960755693,0.47913768936736145,0.514594722649337,0.30162681935288904,1.1006086827026256,0.5546415232656075,0.1686780287359153,0.3807958556139476,0.40761106825307963,0.875066450504662,0.3118793778695,0.45417633121174433,0.4495706841369877,0.3951284843570939,,0.47896917679416934,0.7494351936733926,0.49722675657280946,0.43824265825920694,0.3401802467069815,0.5759029404890018,0.5138628505382075,,0.43554082311823417,0.43431308479830577,0.11340289413878504,,0.663897972679212,0.41181079694223677,0.5539029021189112,0.5784619819858489,,0.20489865861108023,0.6790813744689699,0.5222028134789979,0.8854754114281407,0.43726051123638227,1.028274375575285,0.08088840100450087,0.18373722296048386,0.4207539886516838,,0.5071558281327087,,,0.09386661438098633,0.4834974280277827,0.47775292618156817,0.6885485228609579,0.46741076886605215,0.45598815117357955,,0.5685698680680294,0.49061752840884654,0.6561545380487918,0.5278646929196726,0.4081034365555392,,0.4562423543153217,0.4691969981802128,,0.40318938669967513,0.38988139633592794,0.31618791336532004,0.4446410470346417,0.47562720458727464,0.4835472001923198,0.42453907817727266,0.4690709873358827,0.4148062519116435,,0.43672292895124176,0.4363866194289115,0.5695807280259617,0.38199806731600205,0.4373238493367923,0.3759133152495588,0.43884644719790694,0.5602844265265704,0.50652907613748,,0.4606832467445404,,-0.16494118151773227,,0.42345807184646167,0.4348684084216705,0.5627305300934274,0.42545407365106747,,0.44581598500229885,0.4179580707744672,-0.4417200045876065,,0.39550557126356845,0.4289389566178108,0.47112790194990023,0.6496074071072055,0.2878052556405723,0.4341483562436326,0.44987102246341876,0.4485626612290717,0.228102093510293,,0.39858072150671836,,0.4417569411055527,0.5578848586515278,,0.6649772343034008,0.5803073843015701,0.5109322238308962,0.06606335428400094,0.44469848974892356,0.40877345092026696,0.3509096680346979,0.44453779091536294,,0.3021306644545244,0.4675386150805875,0.37019609651799873,,0.45026575710282274,0.4313397378844926,,0.6686999424753555,0.46894278679962553,0.4026547797303271,0.3715949836053886,,0.27587390829300557,0.5272591501567332,0.23886604907883857,0.48366043248929574,0.45519947147833967,0.39933825817341395,0.5359659874686845,0.454689288758477,,0.35628410417862705,0.4495206276308828,,,0.460897668642662,0.4659744317238851,0.45387110319720386,0.5462296511874017
2018-06-30,0.3348857373436771,0.3116885841780408,0.30432920902378424,0.28720248221487577,0.33244766730770536,0.35623869076123266,0.32332236716600765,,0.12334514974729227,0.386465438866668,0.4488448305588164,0.33496057152317954,0.1887526448495254,0.351146781693723,,0.6207138661640733,,,,0.3230347575524017,0.34466388966377776,0.3733307236613973,0.37580321035403946,0.37212866669227024,0.6395451268981959,0.3983904668240109,0.34979008848545745,0.28767011999638575,0.32875964440493505,0.22802814516236825,0.32353206529808015,0.10568869858869667,0.028503021302777053,0.38288883823333236,0.40141463433854707,0.2187826072825497,0.9451112716653192,0.39445876556948656,-0.02139292630689722,0.17812830831273133,0.2498101069511842,0.7722670463193573,0.3197259917981347,0.35476319057898814,0.3232369283211289,0.2907244120536905,,0.3641854189877144,0.6353009308654934,0.37307846791107074,0.32426386254460104,0.13413134459564896,0.37857780242480843,0.409302478843772,,0.3154399132337812,0.31909579344619693,-0.11177767379324471,,0.4775063910040197,0.26733561496932956,0.3435354383505678,0.3425246195990703,,0.23445052794834415,0.5390384288507806,0.30490397283435333,0.7477826810522774,0.24224066994506596,0.8692248614759848,-0.018292990427752964,-0.08504832660652356,0.32978413774489584,,0.38327872006976405,,,-0.13326168675250863,0.3644022760225396,0.37574282451257207,0.5090902419278059,0.35161220591645936,0.2979434893459934,,0.3732333399870288,0.3770327694740298,0.5450146150422702,0.38767169436311666,0.31836404736063373,,0.32925361225171984,0.3665782231670769,,0.40974786660736673,0.16911109871379026,-0.025334703110288372,0.31364455879665054,0.37720833207520904,0.35814983345173873,0.2590060915417372,0.3179325108683598,0.4354430622119984,,0.3144670198619368,0.30903205612300555,0.3363537479773845,0.20373728801235952,0.30209780937169267,0.16486009370136168,0.3312304184127497,0.39057260365297847,0.38259592290804695,,0.33399830213149734,,-0.25902620276156096,,0.339567820183332,0.3184789889791135,0.6124041483192024,0.2970331126387485,,0.3418303977854057,0.25025302935320964,-0.669790593757493,,0.30437787629820534,0.34727271001721466,0.3529493495024243,0.4331682738456393,0.32714842539771505,0.30501070555509424,0.3272151985386951,0.32354150877422744,0.2183245484770889,,0.2956367361392608,,0.31541447820879076,0.39761444459402845,,0.45268547802516973,0.4048022064107024,0.4128295560059097,-0.06995627817968443,0.3206926512598023,0.23981612710216915,0.3235905259098238,0.24778444056578083,,0.1241735302128966,0.234589653327174,0.27459216500966815,,0.29541668131224025,0.3072193182912231,,0.4903455888647899,0.35868026968443467,0.2804353696926272,0.18676451770658248,,0.30799964523625806,0.410863345566548,0.25862609639219997,0.3655293640964738,0.3337593757291982,0.23245797268441837,0.37170827102369397,0.32800016211277955,,0.23810039610873726,0.3192398671698554,,,0.3554659338431714,0.3408980609715068,0.33555416618239087,0.37498094336409993
2018-07-31,0.2578405852560736,0.2499815638100539,0.23795771605581173,0.22487334133446615,0.274327860462219,0.2186970041080302,0.2456470667890051,,0.08041941968491642,0.28833210626170674,0.37767166330339524,0.26070524473594925,0.15146105797512951,0.29046438997275786,,0.40756733135277495,,,,0.2625602939861085,0.2651491707340188,0.287513879548063,0.27402266024531363,0.20122744466894757,0.4621485741106164,0.311628281354326,0.2736204429170154,0.22386408267479274,0.2554892809763704,0.14613166512671164,0.25069728711914063,0.047538933058546645,-0.04587034774326767,0.28318785054390727,0.32181628941024815,0.1543568348305708,0.7411642161759973,0.2907148349693195,-0.05707087624215516,0.09883127512172962,0.1798875636672325,0.501680751691573,0.1861958616802167,0.2518266739956997,0.26026320773383665,0.22772305148949573,,0.28546646805750636,0.40598508298644875,0.29080282072674374,0.2376535782107032,0.051034839828852006,0.2719923051426878,0.3186956203741491,,0.25026186540064005,0.2483423402885564,-0.12265346668331469,,0.3397355700838105,0.1919062916021916,0.22413643754686438,0.24461916998639896,,0.10805030662823965,0.32462644701126636,0.19246530861773872,0.5003290906656357,0.1725535294869646,0.6725371642468,-0.06622882343296779,-0.09128648992575918,0.24370981287623086,,0.2974523616152275,,,-0.1363705799470368,0.29989707757097067,0.27995831329132737,0.3537809017232184,0.27630271768533254,0.2300291836634865,,0.25368915158111677,0.29679101606638625,0.4536783327907189,0.3228720525270359,0.249835912191364,,0.2614125412678215,0.27258454590512793,,0.2925431126046979,0.06475948140385507,0.010291347550689313,0.2504808280869335,0.28595702168170145,0.2943169338587132,0.1975877643913756,0.24411305274285644,0.2812681987376602,,0.24583971491458198,0.2443278921585952,0.3093436540701902,0.13882341019278174,0.2450403103476253,0.07923272349641935,0.27193777711054856,0.2856903712276821,0.30516815794985763,,0.26518651710851204,,-0.27067646230132575,,0.25419217165787894,0.251272583082661,0.41112158185941877,0.24664102178699457,,0.27522189284668,0.1896764642619915,-0.6169899492454034,,0.23992524385768502,0.2748837882220258,0.2864927891495642,0.3267376434907237,0.18572244514387984,0.24071609619586473,0.2543546048627072,0.2564001897206132,0.10960900370387086,,0.23834444439391014,,0.24638272301185915,0.2767544494185658,,0.3779718636083383,0.34882984943664963,0.32075051581271335,-0.08064632888652318,0.24648394815887326,0.179766406863776,0.20509152010629883,0.1571956761261792,,0.09328498251297537,0.16128819129441177,0.21289201535128,,0.2456572593243327,0.23140788033281448,,0.4113515293677411,0.2756610074798086,0.2326113242607454,0.17802393373774864,,0.17448771798649806,0.3270083760833828,0.13939705047913242,0.2875141282567766,0.2607652319978308,0.17619138123615172,0.2566400000586994,0.2628042630255785,,0.19946666692887666,0.25085507752235575,,,0.2642163881061253,0.27259352655209723,0.24995646563216445,0.3168536797880903
2018-08-31,0.2544358061598462,0.2844398750192278,0.24555221883911119,0.25394857645075164,0.28784701856903655,0.23822590043461456,0.23361946273443393,,0.26118405601681044,0.2896396995247332,0.3542739345500899,0.2629215249880737,0.20725081559857414,0.2869526243592359,,0.3013472045348312,,,,0.2905177515147746,0.27831543104209616,0.28183598153182116,0.2821531772443568,0.18982059577356727,0.42660816178160077,0.3750875256688835,0.31294675431554125,0.25051576269717796,0.2610234643533381,0.19728268623677386,0.2625455547130976,0.09006829959172265,0.05172768846598152,0.29602242041159915,0.33002765228075287,0.20137322649761852,0.6552578555916362,0.2843878955511187,0.09960382590152315,0.1776045694506508,0.22036924943886685,0.39333094675357677,0.19956725775589196,0.2571863890481997,0.2647821130991929,0.2464638929637386,,0.29474375454527596,0.36903150438070903,0.28708357649381705,0.25865955088616666,0.15673424249641643,0.3198165104178916,0.287790777468662,,0.26651971175484673,0.2647340527083926,0.04677682702322946,,0.29939796944798724,0.20127890782029093,0.2625760094263688,0.2704790766069118,,0.10988180621698178,0.20223599592624614,0.27217686813044456,0.3651667099768042,0.18999598826567624,0.6123870670173804,0.04765493424331415,0.15694650814470248,0.2537137774528187,,0.2859542266292837,,,0.08323610719262808,0.3046592576353125,0.2905715001432553,0.3355760773261082,0.2719504893539649,0.2621919655195737,,0.29587869148459955,0.29856242451458503,0.41361192190445945,0.3122318064852293,0.2604251429932696,,0.2713077430791397,0.28112362868619734,,0.29351850070229596,0.13991451910577124,0.38854268226856525,0.2646642869129296,0.2575030971964489,0.2894962448970698,0.2376518007947541,0.254805206297933,0.2672640395656117,,0.25943811677171486,0.2565142208461796,0.430379118668426,0.18496650479640744,0.26813881769990183,0.21439798305742297,0.28926779728533336,0.2968292847851666,0.2980956962920004,,0.27751128506753,,-0.0706403132760959,,0.28864275279416207,0.2675937922000191,0.4083420601884434,0.26655251871668456,,0.2545307284214505,0.22870276667039247,-0.2899157697902519,,0.23667422578049838,0.2585710037163728,0.30868342345567895,0.3744297862629144,0.2128058045369928,0.2550340079827003,0.2630615496108634,0.2635178155286298,0.14407807749185825,,0.2558479193667119,,0.26651916295980477,0.2885662825807353,,0.31522373869516523,0.35507106932621263,0.2992027704206487,0.04320187423112454,0.2719368741660319,0.22552392070409819,0.22679941642233864,0.23545189814605375,,0.1863576119785598,0.2586017266722206,0.23549693936641225,,0.2662296821710664,0.2459174950676964,,0.36406290673302194,0.2881737418254339,0.26618283206019633,0.22983783964095342,,0.20322076115968715,0.3164725472287215,0.16119875104618028,0.28541295661092836,0.2789791128622197,0.2281754553857201,0.2766324246445383,0.2702878776396423,,0.26309228580700117,0.2636769297259023,,,0.2764872287762275,0.2724127719810987,0.2680175925320268,0.30788100131934926
2018-09-30,0.37704796182042233,0.38226588632162994,0.35625660180501506,0.34933304468811677,0.40021742681482225,0.3789806607720432,0.3492525172761077,,0.22892774591322457,0.4512171570424512,0.5192709805040874,0.3697316355208034,0.2944264833794469,0.41445230952332957,,0.37970949218112277,,,,0.4110976349661036,0.3851086470352097,0.4010418481973358,0.3878803835148678,0.20397871324579808,0.45944181216733215,0.37752917507650574,0.40058237640265365,0.3790800800397809,0.3611392121388403,0.22589609828022403,0.3676216659481274,0.23598761450844977,0.19671001810074706,0.4012014368377971,0.44081729664684927,0.31858405156900094,0.6872951951585102,0.34989624342230596,0.13754755487659517,0.19150977288567364,0.3030018464787451,0.419338226028971,0.3456143293678205,0.36077480167363385,0.37821488402537723,0.37130505058081903,,0.4022142628376542,0.3944911926938743,0.3922810212667242,0.3547721139638167,0.14798795759328345,0.3289634606901115,0.4241399345535208,,0.3760115635841455,0.37825870804992245,0.06440928698936732,,0.3458258677807297,0.30122909081958765,0.268999991158315,0.27735080657630146,,0.30056897414700356,0.28129588525243504,0.2517818961693584,0.4356035875136911,0.24979426567342003,0.6443855725731136,0.11380212576826887,0.09743036819057053,0.3763240494530315,,0.39335434889893334,,,0.05549198825196391,0.4211496076374385,0.39644874092143473,0.36055548420650546,0.38878129190176464,0.34892020161311815,,0.303290229151268,0.4073888492529412,0.5396362244394624,0.43750309286934236,0.3813099220229961,,0.3738676038286677,0.38560944827125726,,0.44414615671950003,0.12489093188133993,0.24711333791447293,0.3670054443815418,0.3915594487461773,0.4006705941081167,0.3164430167976811,0.35439954470432,0.4372244908274648,,0.3690760560582494,0.3612769440674197,0.4135842343159126,0.2569776394956632,0.3709223676354783,0.19152469667583294,0.4107945649716071,0.342352501704012,0.3993890762023072,,0.3767234764735235,,0.008023266063214468,,0.39973130998106543,0.37800398326988394,0.5464028676772644,0.37674186260907877,,0.4001179440506685,0.31084931018773265,-0.30253666383454575,,0.3836979534105955,0.4153339886212082,0.4170519731488786,0.3696928516336849,0.3700938194047898,0.35786086312977294,0.36741878258354155,0.36866901305261773,0.28686039808381164,,0.3878979154614866,,0.3656368845231873,0.32716871312469664,,0.3742686346902414,0.457905763287588,0.4283384906143918,0.14375773417769536,0.3685996614715903,0.30281620963597883,0.35756875618664435,0.262567092055545,,0.2517276162677054,0.24131926940348883,0.3661351270347706,,0.3810998286698408,0.34416356966596456,,0.4756016611009558,0.3924743214578727,0.3760148006485114,0.3294107629872573,,0.36490750072912276,0.43301115108137955,0.3253229147004833,0.39347201294773926,0.3822957754338901,0.30604513141776857,0.31153983823631737,0.38190161857511057,,0.3670488287296334,0.36272959399180027,,,0.3784379247916983,0.38096011151085846,0.3627753951551498,0.4309926281660684
2018-10-31,0.241680890147346,0.23537656991968783,0.22427644904634417,0.20101100778624428,0.2534105128407629,0.20160639746487646,0.2168416203680068,,0.01943338050741911,0.2914845867270252,0.37144443060252913,0.23143764764605326,0.15947295210395587,0.2792890318379742,,0.18657478881670816,,,,0.2650488773427579,0.23375155951250445,0.25183897569311164,0.22578907914685734,0.02182135376723837,0.23707006401897787,0.17309085472925964,0.23382761705091418,0.23744723571396262,0.22366306628140578,0.08358619065166813,0.22671816778306897,0.11747804711733088,0.047330442958736625,0.23467140739135262,0.28062576357994723,0.18191371743291637,0.4231515340925225,0.19148333356869898,-0.027092413271883418,0.02911366328786056,0.15132452111564412,0.18735776380079266,0.18562349844854883,0.20477077656348402,0.2453135258843466,0.2349130318331934,,0.25096253903435367,0.1533583887857624,0.24631187666967244,0.201285022860713,-0.023224103114886905,0.13446238924905993,0.2819569563131161,,0.23629552737888515,0.2334436008240361,-0.07676114548295987,,0.17527221681458408,0.16723802246312325,0.07857651673137225,0.10537265593304627,,0.16302086614902023,0.11880365221821676,0.04647593083363295,0.2188872500649567,0.11879698974399579,0.3774952320329838,-0.0023957323564821145,-0.09973242627588096,0.22818233352714193,,0.24884012771440692,,,-0.10208809106329172,0.2787809237956042,0.234126428638756,0.16172491474410658,0.2508957584968736,0.1936698997286393,,0.10730906372216452,0.25890141676068495,0.37729848064292804,0.29283703182788196,0.24903100461635036,,0.23576025180464213,0.22896744589549364,,0.2847006873439573,-0.04346446425269851,-0.04178076967601309,0.23053984740204705,0.2569656574373298,0.2692774137636811,0.16829767021820863,0.20687786921670492,0.2553836970013542,,0.228751615671498,0.22674441286805497,0.21755720572047033,0.11178289023770191,0.2315667730256988,-0.01106883517792461,0.26967213764472353,0.1735034659311919,0.2596952736568054,,0.23620072990171315,,-0.1115026153649288,,0.23483764042288144,0.2369399129826533,0.3046141971689014,0.24529278705749916,,0.27701311103558823,0.16399866783184808,-0.4058283634009767,,0.25816552289211897,0.28541146806729034,0.2636622904617232,0.16284934225886324,0.19578114492407,0.2228106107215214,0.22792389275028674,0.2344322996886736,0.14346048116282278,,0.2529459100925443,,0.22206086193916005,0.15090116686051372,,0.26102609318605685,0.29811745961133906,0.2810661427813915,0.028891641257144836,0.21707999974105105,0.1542009733454954,0.19466706067916337,0.07299331504710653,,0.10858584444259356,0.057013837469335284,0.23114212934855063,,0.23876293646793442,0.20388965579171905,,0.3246691021024777,0.23932019683082836,0.23978161286640973,0.2087495342391614,,0.19465181102616225,0.2813090581733681,0.17755880813718716,0.25154713428220754,0.2333205422727317,0.156500551443204,0.13798663913014095,0.2442768043191752,,0.2231437159068264,0.22421368096707714,,,0.22298957439409314,0.24720516734904813,0.20933345944382714,0.28282277678843865
2018-11-30,-0.09591670484295885,-0.03750386514571924,-0.08680970561428124,-0.12282987338246434,-0.11481941312467013,-0.16465492536463908,-0.13408089136848592,,-0.05684287185121268,-0.1428954234118834,-0.08868051967426563,-0.07654911297532292,-0.1365248497056602,-0.08845437752243344,,-0.15248028433007987,,,,-0.06415314785831484,-0.0861604453041464,-0.10561392352504402,-0.08653565729652513,-0.1384105870309017,0.024565708627112028,0.02036032852128331,-0.04018993430787725,-0.11874283723788949,-0.06242856008517097,-0.0033933057682053653,-0.07241967195611934,-0.29451027927677836,-0.38242929652555063,-0.08182482578072758,-0.054730551558456186,-0.11938420983734051,0.1784545245244814,-0.04761411392841084,-0.25259961078192866,-0.10427420197222097,-0.1467190966194254,0.024730222716581596,-0.16238488091216013,-0.09868205846694744,-0.07544945246254839,-0.1115469825326612,,-0.06449036894143734,-0.04139412536062054,-0.06465850371490268,-0.08538608877811095,-0.09989686131389253,-0.007653043238081661,-0.11358899819271226,,-0.07526246694248241,-0.09866270719285909,-0.2338940440230527,,-0.05325426962712765,-0.147461061965072,-0.07898536284606376,-0.044583585964323484,,-0.30003364426798573,-0.1908299469155785,-0.04646085689687163,-0.13021422184234038,-0.10783689926182012,0.11251105812853689,-0.12774136393036342,-0.11086678874639255,-0.1178303430780848,,-0.06789073733929034,,,-0.11401073743338071,-0.05336782732529079,-0.08481220534429444,-0.028456480869568784,-0.07892739347425161,-0.11643537307329624,,-0.03680433687461139,-0.053580147557198095,0.002594926135740313,-0.10349338250131192,-0.05159660215333989,,-0.05468185230758907,-0.07594367170946635,,-0.054431819320638834,-0.11776253956620553,0.035085633090236296,-0.062049593491210704,-0.11392895158302319,-0.032326526285980886,-0.11252594960035832,-0.12932820238411552,-0.19660447329286032,,-0.08984876175920933,-0.0684479661105886,0.16271696094868213,-0.16851462299456624,-0.07251597956988172,-0.09159840504515016,-0.06674769135504711,-0.02149920961096208,-0.019682706561107485,,-0.0447489651293848,,-0.30929032436082177,,-0.08379829513259046,-0.07594026843949084,-0.08296166895585314,-0.06066580391663657,,-0.11809733673580627,-0.1318946715968545,-0.4517210584811467,,-0.13449673365803375,-0.1359712555870258,-0.058697535951315286,0.03614609707601139,-0.17995848495340314,-0.06885515349284853,-0.06926801533395989,-0.05704861488504438,-0.19204766905309847,,-0.11249343104010066,,-0.06727447497743416,-0.025271300547432377,,0.08254801313070831,-0.07968614154169594,-0.08644134534171809,-0.2683232027910297,-0.07569957406960916,-0.12944923722184062,-0.13943963549897745,-0.14535933539947096,,-0.13652149629823077,-0.022718974437281526,-0.12516775481915915,,-0.14272936075005144,-0.07869362022742961,,-0.07257700557830433,-0.0644138266060499,-0.06615628919710105,-0.11345788651604567,,-0.20021950727872867,-0.06659881193587859,-0.2051749708686634,-0.05359026636997317,-0.07385999115945868,-0.12722177573674875,-0.026168614886131515,-0.07879185822549388,,-0.07053897318218022,-0.06029832174987891,,,-0.07443133421703109,-0.054039938880269096,-0.07536009484179333,-0.15425826631373035
2018-12-31,-0.08920303340848018,-0.0025145039888696563,-0.06424501196934022,-0.09475178850685878,-0.08749865996420428,-0.23572694388205362,-0.1278642395422336,,0.03790772453953851,-0.17870150332666646,-0.09130377976505383,-0.059099837847517975,-0.0827151188860066,-0.06628569270782833,,-0.26395044135041706,,,,-0.03925009380922229,-0.07587143128158869,-0.10719358619641908,-0.0983022408070913,-0.1861876529867576,-0.020968509910254746,0.07215625753303884,-0.016463779591857432,-0.10541625044819711,-0.040172639780100515,0.04139689177657126,-0.05319875807221093,-0.2997790448132664,-0.41641199555331226,-0.09118537084031583,-0.042949054795205915,-0.10367607649903099,0.1239717067006371,-0.03996528760560286,-0.19535309361425598,-0.06207845703551503,-0.12422286492868946,-0.10775656128126085,-0.23082348203289096,-0.11161693240000314,-0.049253419953743216,-0.09454886745594905,,-0.051388982552137086,-0.1430484977025651,-0.05322226814951763,-0.07850695387686302,-0.05397058235545015,0.019732737939121375,-0.1258931823087952,,-0.05062957169529251,-0.08356589254616852,-0.14205112191208571,,-0.07037249703432291,-0.13535965096742228,-0.0693195363886159,-0.008884977175085032,,-0.39123404262078254,-0.3060311517978233,-0.018899307667099588,-0.26927254046175975,-0.07019758705924403,0.05744059076575351,-0.0800165083468968,0.022551333344232222,-0.12346745153396722,,-0.060678536464792404,,,0.011462558690962008,-0.02804363128380112,-0.09052878371558254,-0.05422968669411323,-0.06641262156170713,-0.09016734145225033,,-0.024187781654872457,-0.04100897300474772,0.005084661032895189,-0.08541526672780374,-0.03253805223473659,,-0.027519786294527216,-0.07826764181565375,,-0.09723311355727382,-0.09019223473614994,0.24819313065189214,-0.031006524769725353,-0.12616568919006918,-0.0014115471302292553,-0.0765664392395568,-0.11389952086754762,-0.29708668222050755,,-0.06992412221044453,-0.0404105162470461,0.29210498873879,-0.1388830527834577,-0.037057968433212615,-0.04405076202001638,-0.04039507877704861,-0.005762648096487161,0.002703656458221134,,-0.016490275645473722,,-0.2529290092335721,,-0.0828358099750332,-0.05383990732865915,-0.2092107716851044,-0.020107869955717617,,-0.11082345005424747,-0.09813508226023956,-0.31437002246718615,,-0.1285064054096368,-0.14126096771778168,-0.03390039145396525,0.073435359572469,-0.26389454522886063,-0.03980162051921354,-0.04923365687471545,-0.03023273450583245,-0.23802873956689097,,-0.09261607688085259,,-0.04187662963003497,-0.023464751677410467,,0.1390847493873074,-0.04243024576611266,-0.09556046435222512,-0.2101966978798617,-0.055795591251044635,-0.0934542959728798,-0.1846854403502367,-0.12395064243801314,,-0.0700905122133892,0.044476173553530084,-0.11079067627867492,,-0.11095813009353789,-0.0604711487792398,,-0.05759678495665893,-0.05466642963127134,-0.024419763515237624,-0.0330655701808675,,-0.27982339176972515,-0.06112993630006386,-0.27099719111207193,-0.03809603723864396,-0.05472220293556075,-0.08788560570265007,-0.017619366673089772,-0.05466699365655885,,-0.0197575759021191,-0.032981310471268524,,,-0.07304720385951402,-0.02896738250356219,-0.06573103666633355,-0.13316179021651872
2019-01-31,-0.34454703102645806,-0.23964464722666654,-0.2920936309562462,-0.32219714268934474,-0.3268041433585409,-0.6710347359787732,-0.3523603477477209,,-0.10967545917380551,-0.5806544973816178,-0.42044202507736805,-0.27984312920729,-0.297472422123756,-0.31346197435825784,,-0.42947057774123876,,,,-0.32371641137921375,-0.32704887763665397,-0.3670139934874885,-0.37028973824208833,-0.2857529894878347,-0.14553577549547908,-0.018977009530314108,-0.2615609169405674,-0.4132289187483132,-0.24690655833624955,-0.06620800596350862,-0.2845361194290398,-0.6705739474254346,-0.9129381066918645,-0.3685940827007535,-0.29847783248842175,-0.4146333174798012,0.042206456268156105,-0.18335702850583754,-0.466034812088976,-0.18750122454418194,-0.34956300238616017,-0.2130111028806873,-0.6573213990032226,-0.3729937137601732,-0.2746963016411583,-0.37616264487026757,,-0.29580304177631583,-0.32118423662161866,-0.2724745083922654,-0.3246980756927993,-0.17365762572855123,-0.08446605759531833,-0.39155462309407896,,-0.29086265414192614,-0.34453645008254974,-0.3402774247541539,,-0.1555328533625551,-0.35336186045989176,-0.16852812265005815,-0.05264872592949361,,-0.9023224894818099,-0.43730161594925127,-0.11325982662632698,-0.4174399693184865,-0.18779792739011567,-0.06223422913602058,-0.34152794322970687,-0.11868397251422648,-0.41847004927433856,,-0.27666785267044697,,,-0.1441936697794903,-0.2665145571337246,-0.3596399436425515,-0.15283123930935338,-0.3033688126605412,-0.309846159996628,,-0.13257924438165508,-0.2767004576060152,-0.22242578695138057,-0.3248047969202653,-0.29264951202967854,,-0.24096868077839212,-0.3353661063838037,,-0.4894631081449684,-0.1690290122959093,0.12362505469190317,-0.2449023843402813,-0.3876273868923357,-0.20391939296208794,-0.2777137053290271,-0.3359231246604143,-0.776110948427321,,-0.3113439034418992,-0.2586506301341688,0.2393145262782995,-0.3384069826961631,-0.26103122109786087,-0.19179867782519167,-0.3063513103915829,-0.13098600991129894,-0.19017600143527985,,-0.22704232429185017,,-0.6547364714458658,,-0.39301007534616783,-0.29963503245442974,-0.7019267572197545,-0.24583589249368296,,-0.3799441346013657,-0.30558412391607087,-0.6118017055579876,,-0.42932595346998287,-0.4572502579176219,-0.2874973590013836,0.0024411256309023414,-0.7585719924954638,-0.2563072406390313,-0.27281588390013745,-0.2434141424269301,-0.6550073273858581,,-0.3831871833179918,,-0.2677393862222329,-0.15489361660891637,,0.16649917714597373,-0.24615630569266128,-0.36070704769532586,-0.5373266581579785,-0.2942047803843968,-0.2994873372517736,-0.5671753340134524,-0.3097605736656507,,-0.2858137344337509,-0.02896260869097502,-0.4122190327434016,,-0.35758210522993505,-0.28231072972044946,,-0.21954653481121508,-0.3023398412973646,-0.2709111316065119,-0.23100097854209242,,-0.7781269397659207,-0.302765034888702,-0.7374369894642125,-0.2599383269819134,-0.29567070139731955,-0.30132548125142944,-0.14483874643724098,-0.28518391037180674,,-0.29289413848608875,-0.2433414590460163,,,-0.3258346483086744,-0.239918784038189,-0.3018063508345802,-0.36545317110478825
2019-02-28,-0.43923441234936256,-0.33932977272895837,-0.39564069070694363,-0.4095022826578044,-0.4237120041264387,-0.6644252940224332,-0.44963614808052443,,-0.15772716093442088,-0.6203944196905462,-0.5146022262488565,-0.38349749137249384,-0.38931396175377875,-0.42167935162894404,,-0.4857928758705544,,,,-0.4134306354437207,-0.4131108434425471,-0.45295888986280713,-0.4393106522788282,-0.3401083304811252,-0.22914416258568163,-0.12084931479511866,-0.34545095988323954,-0.487147364203152,-0.35501308165901374,-0.17628231383072218,-0.3830022604037973,-0.6978082642137231,-0.859687813882021,-0.4360898440507783,-0.39104569076190493,-0.47824213416625666,-0.08117929075812838,-0.29000863685762934,-0.4748227572467296,-0.2613049777059168,-0.422024851175987,-0.2742450296975323,-0.6602233804340699,-0.44295036751154,-0.3844064035652898,-0.46124853424901274,,-0.3896383606619018,-0.3474814742374461,-0.37552059824220446,-0.4033065829877422,-0.23308663733467805,-0.17440104148387664,-0.4846478084308653,,-0.3900513020159045,-0.4311777696967707,-0.37862841035341815,,-0.2651589580146819,-0.4403460248285643,-0.2425531049877791,-0.16546899781644925,,-0.8757118555221476,-0.5030507569998705,-0.17747290781006517,-0.47049992147330405,-0.30134071148760033,-0.15799600636779948,-0.3936804716976659,-0.15028233570227506,-0.4879281652680495,,-0.38131442755811595,,,-0.19252042639444192,-0.3758371648085129,-0.4321648249973245,-0.23970312527687487,-0.40603376117072737,-0.3940062577643339,,-0.21040054552266776,-0.37716528373673797,-0.34648366211164006,-0.4313541617716347,-0.3939758221421543,,-0.3506149897429865,-0.41459856636821063,,-0.5357958415680023,-0.23402285417238647,0.10652104652560564,-0.3541946753358315,-0.48069023052462645,-0.3302195760857813,-0.36726810595558035,-0.4245187966711444,-0.7600868862221803,,-0.40652845933307924,-0.36608833259692936,0.09144415690536942,-0.4127949899410205,-0.36577773431413463,-0.22837382016203459,-0.405433812709627,-0.23578837952364634,-0.31213188657774976,,-0.3370715196077651,,-0.6277177470696704,,-0.4530047372952255,-0.39616945245769425,-0.6627611162039384,-0.35917370586728026,,-0.48413650548067566,-0.39145062857664703,-0.559702079560617,,-0.517217120310718,-0.5426834005947201,-0.3821667625459428,-0.10087257203270951,-0.7321213222448627,-0.3631800670596765,-0.37497934617020967,-0.3548625288008613,-0.6617114679110258,,-0.4708234051007302,,-0.36639615461033276,-0.24642275887150356,,-0.04757307809743976,-0.3598694994882821,-0.4530790193899551,-0.5697068218363159,-0.38216559556914437,-0.3830097208221846,-0.5880527091505305,-0.354426873247949,,-0.36285213113364423,-0.12062114442077744,-0.4901308869135796,,-0.45029033344905606,-0.37825483542239663,,-0.3542648966643592,-0.39106073011763254,-0.37389195873580394,-0.3521821203010421,,-0.7518779882924769,-0.4028543080196364,-0.731181892394004,-0.3670048320390618,-0.38802507745398956,-0.38322674912735877,-0.23708983241975587,-0.3899430675390794,,-0.38071460711632693,-0.3507069719442824,,,-0.4062718035438213,-0.3551558381787874,-0.3862859053861531,-0.46678838051206945
2019-03-31,-0.19008294355405395,-0.10964735319894868,-0.15119759231967808,-0.1471226044482662,-0.15615202585298588,-0.38549975088377875,-0.19208240875873028,,0.06396620381735461,-0.32912729644463556,-0.23980000286439201,-0.14811188037407097,-0.11373515996940302,-0.1648762404383564,,-0.3044867599924492,,,,-0.16033322277707834,-0.16933696170972476,-0.2014255441190566,-0.20380624824659566,-0.1674952801856638,-0.1053251229963772,0.04346615137587342,-0.11939021710961782,-0.21043664483015137,-0.12855515999628997,-0.009770697399111822,-0.14677789747043837,-0.34141566505569865,-0.4533217160947424,-0.19926324254239655,-0.1555430255365357,-0.20610065836047997,-0.028290184679032986,-0.09948337297051572,-0.14910230939025093,-0.047998197816589525,-0.15758222707963776,-0.21045962031294554,-0.3847995071618634,-0.207093122265241,-0.1416292595183883,-0.19281206777825088,,-0.15477207009078897,-0.2194316222673858,-0.14818083041259858,-0.16727241100628423,-0.028247847111763175,-0.01097921197646821,-0.22958882666628289,,-0.14590740437111852,-0.17583175613718938,-0.06678354408904622,,-0.1023320281425178,-0.18069610602956482,-0.06106172628254572,0.003260037718416983,,-0.5245231820851434,-0.32075503034379366,-0.008173849455460768,-0.3166192463052975,-0.0784772449037051,-0.06846644092603643,-0.1347432654356028,0.10393699095956442,-0.2267775568134004,,-0.15513893766735828,,,0.06303110550068172,-0.13749125468411416,-0.193802350763647,-0.0933972731903235,-0.16569317644760084,-0.13890708112706912,,-0.04288920823284346,-0.14921341310785524,-0.13989516168508526,-0.16959506476164746,-0.15827168730020755,,-0.12216196990085482,-0.18234293425184572,,-0.29668114841172444,-0.04296387718398311,0.332248436094583,-0.12034723319305517,-0.2294838095959498,-0.10928475580848718,-0.11639999769534112,-0.16647090825914587,-0.46377678647374493,,-0.15828699946599545,-0.13003689346319933,0.22316888388415415,-0.14456910635146086,-0.12159027329409075,-0.019094886697518423,-0.15406718662482316,-0.061050907061921414,-0.10618803396446587,,-0.11377055506027536,,-0.25108719262029566,,-0.20126278224142635,-0.15167255529233886,-0.43033704109834997,-0.11578653948380509,,-0.2151823696166685,-0.13092952640767727,-0.12848498081814172,,-0.23529258649722345,-0.25917999213852555,-0.1398664653240099,0.04097252550463305,-0.4386310427086404,-0.1272978470119782,-0.1416291210857846,-0.12554600017306664,-0.36602249974760254,,-0.19574232099122535,,-0.13134566581979157,-0.0790893159275397,,0.07190586823690671,-0.10797135530778185,-0.2104032339492315,-0.21324434439701262,-0.14362825335017543,-0.12412879426956333,-0.3211012596249114,-0.11195329470122423,,-0.08669499082801496,0.055429473012972616,-0.21179549900752692,,-0.1660197431657663,-0.1446526191025177,,-0.12512878420774015,-0.15883966667561658,-0.12274884905957009,-0.07098111999639271,,-0.44482059099727955,-0.16798808131181658,-0.4234339240183672,-0.14162160972056984,-0.14808446982088067,-0.12151069066753874,-0.06816287707205543,-0.14561428532286144,,-0.11802470055309827,-0.12156282578309056,,,-0.17451503203410748,-0.1272454406760139,-0.15527622888455225,-0.18064562081653332
2019-04-30,-0.025328895943363256,0.03552673837618197,-0.008182076889774974,-0.05377345132981029,-0.04719142462861071,-0.12205501694312255,-0.06996610900253744,,-0.012688924571092853,-0.07619333115379665,-0.026109277141188193,-0.01550842605486782,-0.025908907488489834,-0.012913281064144074,,-0.29797654960294817,,,,0.02011933083032655,-0.032828919207674834,-0.05865673011368885,-0.055893688218948516,-0.21751960978496315,-0.12915409723393145,-0.02497998973200546,0.0022300719253375827,-0.022063422431545014,-0.0021160960447856383,0.042729129919488636,-0.007132565982809896,-0.1304504110194217,-0.20702983588765947,-0.053181187588501516,-0.01713121741242645,-0.0043753288277367085,-0.09080478291974906,-0.053449525854498116,-0.11362851038629539,-0.06339355287674749,-0.07944328023415528,-0.22566344585180156,-0.09815792536577772,-0.06321192966806578,0.0006322724259511122,-0.017767064549904225,,-0.01526102279074462,-0.22954648933843771,-0.022215194696514316,-0.035427399509236325,-0.0611764884132069,-0.050717479874755285,-0.06973577702499678,,-0.0003356754633537947,-0.027388159351536937,-0.06212901294945011,,-0.12328124416261062,-0.07464960465708692,-0.12472956464448787,-0.07585399882578009,,-0.17922550013038077,-0.307415462298416,-0.09211125048382199,-0.3451274902286169,-0.05055381885193932,-0.132128050391181,0.04697312586921662,0.0027221808409535475,-0.052078996695031535,,-0.029556598338683966,,,0.04756836577229118,0.010669550994621918,-0.05142369944410705,-0.13354532113635761,-0.01702800408590845,-0.060489313565405156,,-0.08826917503638049,-0.00748010138418235,-0.002347622192665731,-0.04858611485863169,0.03374072104239381,,0.010647466911428979,-0.037918371221432365,,-0.0018141476822294313,-0.10922978782236034,0.08994609156034153,0.01033100815336171,-0.05903595474223131,0.03325624957697421,-0.044078747253638695,-0.07464739599446167,-0.1728806430502481,,-0.017768047564964026,0.0064005034932007685,0.1697454998837352,-0.0921761036228892,0.005832124500088679,-0.0778915560485517,0.015237941786136305,-0.039605620729251494,0.023847746131728183,,0.016761654362159067,,-0.03679173069058414,,-0.027193568688173755,-0.002414308668093317,-0.16256386322406519,0.03037947858092925,,-0.029728741797280786,-0.059359465663358056,-0.08187708434469877,,-0.031163104702048267,-0.04540584461698955,0.0014169318450095978,-0.03499764362298385,-0.11529156108831357,0.006105374850364175,-0.005618175391166409,0.01282466071414157,-0.08310977244351636,,-0.012533377766552525,,-0.0015288366207652684,-0.05904141670065257,,0.07811366661619523,-0.0441386302229944,-0.047067227823184205,-0.04830329989399627,-0.017559067000914294,-0.05622906552718603,-0.08053861617556743,-0.13257923441799746,,-0.015545681728040169,-0.017927901112807808,-0.021301434701203686,,-0.05834010901374126,-0.014483423752325262,,-0.07240505900019847,-0.017332440495828123,0.031466770096669955,0.023118016685518314,,-0.12362097424388424,-0.03110234490498103,-0.10088400146494907,-0.0023932586345858857,-0.014680311850391427,-0.048759973822468834,-0.05025148205441081,-0.007626763839001038,,0.04220383657035542,0.005185968017195017,,,-0.03268121153520963,0.011576104521667172,-0.029352429277610243,-0.10035945594569985
2019-05-31,-0.08187320769141505,-0.04067356113653657,-0.07968885338183314,-0.14147249723046665,-0.1379588419351999,-0.06664001793547002,-0.1449474486361506,,-0.1685103059143145,-0.06100371084966607,-0.07348794854837727,-0.09545429933185219,-0.1111692718136205,-0.08895413806381532,,-0.41843310053455957,,,,-0.03256734755973641,-0.1030262427211242,-0.12542754934826775,-0.11130528787452441,-0.3487010985901176,-0.3065883347502,-0.2272987146163978,-0.08147181231675775,-0.053596815528792446,-0.08790241336392995,-0.07384179900516684,-0.08070020258441733,-0.09275175190472498,-0.09714253831474767,-0.11103483752620755,-0.09928669033527367,-0.015605475891665829,-0.3516672227950898,-0.1834209563778759,-0.15794222428554416,-0.1874391897241773,-0.1604023128548236,-0.38070627708171484,-0.03027001263158083,-0.11681478595453644,-0.07815237042325739,-0.061936361788543476,,-0.09165457102749759,-0.35637848105471526,-0.1094112569830098,-0.1007468577200415,-0.18297421304125225,-0.2219911142809361,-0.1324427513250133,,-0.07183919304559445,-0.08927207897645052,-0.13105289397181025,,-0.2910108665034312,-0.14647913219419714,-0.2876175511554096,-0.2708182578449497,,-0.045902747029915134,-0.41264671677823683,-0.2625521146150654,-0.49232201053782415,-0.17661022000330298,-0.36900885234990566,0.056424483544303974,-0.1381185532319208,-0.08854211547395201,,-0.11753342430878806,,,-0.04731160334790065,-0.07198421726548501,-0.11301081169011597,-0.3048857267448798,-0.08958878288486766,-0.1555377483647356,,-0.2507711349530667,-0.08744106441807022,-0.11774478618681715,-0.14284494982325,-0.015249382462590243,,-0.07468041032768227,-0.10105266466361032,,0.02721162035991208,-0.24770912355796196,-0.15646481052090513,-0.07458060300279692,-0.11155781215524493,-0.0601163989326725,-0.1415363903642217,-0.16370327166021476,-0.10160636294071307,,-0.08794426053999295,-0.07302605255407137,-0.06472251550654133,-0.1809381624256914,-0.07837903428523772,-0.20945774769522957,-0.048055074005256763,-0.18395647624063852,-0.07523252927762582,,-0.07127559040817433,,0.058581175810875186,,-0.0654450200028632,-0.07070064303329412,-0.11636359257678805,-0.04930517155180465,,-0.08028987631121219,-0.15302354486301545,-0.0181874088938364,,-0.059727035651639414,-0.0710646421085012,-0.07698623313275872,-0.2423604046697097,-0.013783507762850821,-0.07430140290486431,-0.08329347695195871,-0.06937115854198057,-0.009490748894080678,,-0.055436738796104626,,-0.08102463798822969,-0.1952059747889872,,-0.14177486954562832,-0.17910293666693325,-0.11038970480157488,-0.030598072001384983,-0.09351799167885562,-0.15004127579642074,-0.051280008280453586,-0.2505865408573829,,-0.09775103247795537,-0.19716323986724213,-0.05139177164105992,,-0.1430128050709444,-0.08860269637173347,,-0.22634513267800438,-0.08881207523974415,-0.03809415250489208,-0.07981938079466565,,-0.0210849454042412,-0.11564864210658964,-0.0020666924357634108,-0.08524819139834071,-0.09054311614511326,-0.13971255221705026,-0.18601091001679332,-0.08655794463649383,,-0.015220330732757867,-0.08054029776535754,,,-0.09713866991606121,-0.07401234463197776,-0.1028026651659033,-0.20987963158235945
2019-06-30,-0.17728125860439442,-0.14536303601580097,-0.13753715187095072,-0.1678950578973696,-0.19790063375649566,-0.37559630831904467,-0.16223576043050006,,-0.0726875959356019,-0.35711295211358357,-0.30974698568006803,-0.14668253121584307,-0.11028195217042759,-0.18537839972539677,,-0.2814247909771594,,,,-0.2002286233659299,-0.192654617593455,-0.21784937564449933,-0.22559138522080885,-0.10196145715706498,-0.2302347207453292,-0.10803507348533614,-0.18903538222935382,-0.21837965009117075,-0.12535645813604168,0.032190550823979105,-0.1506091158164623,-0.22961101433931522,-0.355157439582284,-0.23784270016484577,-0.22180740183081546,-0.1777012266646378,-0.3220299868440475,-0.11298257538543671,-0.13390963194226935,-0.029864009858534102,-0.15757468508588288,-0.2443770828894582,-0.3293056320033332,-0.20405162770594704,-0.1433983076865423,-0.1906176153274791,,-0.18772981072821368,-0.2937665491325128,-0.16490941244556162,-0.1760101082039391,-0.008284715781856754,-0.09742962362166682,-0.23416875798501385,,-0.15742295027486936,-0.1896004905973873,-0.00680687385244812,,-0.11102068337953687,-0.13699701998760078,-0.09725313206979855,-0.027630198323194678,,-0.39198211138384326,-0.1921177380823846,-0.07911822819876106,-0.3344018488571556,-0.027345909732355355,-0.3499436814152052,-0.0014420606309624507,0.011398362028332535,-0.22580639977284714,,-0.16564473328421667,,,0.07120122397519295,-0.1752944727759589,-0.2262828951257519,-0.15041644447945948,-0.1680278671987306,-0.1698292952677747,,-0.10628470222824901,-0.1783982209078077,-0.24535713562425676,-0.21559488368425553,-0.15157326754670497,,-0.13087219190230734,-0.20199096335870245,,-0.3075943769947337,0.011146290557541837,-0.07278737751205963,-0.12714175032119968,-0.2042800782308956,-0.12126596812245778,-0.12800043121243204,-0.17579619680204886,-0.4628319448796096,,-0.163670682466593,-0.1278510881930399,-0.00037679012951445206,-0.11881446618369683,-0.14079730132300408,-0.07890427038321292,-0.18646872650845778,-0.09636271982545196,-0.12311664141297032,,-0.12874307472381546,,-0.09287947522001874,,-0.24682904026699046,-0.1640914689010853,-0.558541343547852,-0.12785249553442332,,-0.19343855508265817,-0.1364722221174928,0.12002647934401194,,-0.20970783062407622,-0.24576516276778337,-0.19558184405743936,-0.0951792205569142,-0.4067108842817456,-0.12543823860780975,-0.14340510068287876,-0.12444439043095544,-0.27626264612655194,,-0.20209604232046333,,-0.1450301858418724,-0.10649656611911261,,0.08773037061107462,-0.2095422580321263,-0.2277636975466977,-0.11233331080950396,-0.16822277373571642,-0.13105338692098106,-0.2989018605925684,-0.1599256359755316,,-0.0900460238976678,-0.010919114774434902,-0.2027574151153387,,-0.1966259436710291,-0.1351859423287183,,-0.19601262411497553,-0.18704770137493237,-0.14476796427776953,-0.084255795055862,,-0.4087309607333643,-0.20927000573094134,-0.34122385949743356,-0.15496425407643874,-0.17387527244825082,-0.13498601996777582,-0.08986877853075817,-0.15592483893702735,,-0.1591687079763301,-0.1260690368171955,,,-0.19213771648949565,-0.12933092015408096,-0.16999783626289294,-0.2363049380038647
2019-07-31,-0.06689449302272106,-0.0721534076463108,-0.05065266341900999,-0.08702333947037882,-0.1038205748026627,-0.15131731531377393,-0.06291570957941414,,-0.12336521442172797,-0.14836847646112777,-0.14516667698196867,-0.06450604669688237,-0.045131528383172324,-0.08141095856161822,,-0.1872048180227742,,,,-0.08930256505544107,-0.09514965114122835,-0.10393062312214839,-0.11354154282135952,-0.09061046621187643,-0.22058117491064258,-0.15821842006690348,-0.11463288536800259,-0.08326674999561623,-0.05565957141376839,0.009034651412339795,-0.06628995896695405,-0.03177466238542333,-0.08831668261393238,-0.12536576118122839,-0.1249566907116918,-0.04810025978710625,-0.3469319305491622,-0.08483625270258606,-0.06039070268246194,-0.04084514514953368,-0.07977059757285687,-0.21871197029099443,-0.10647009490378123,-0.09538533103186173,-0.05857446271153927,-0.0699095042716128,,-0.09614301525637595,-0.2411173864009296,-0.08391313936933717,-0.08534309011114248,-0.03573819962672012,-0.12736283182891098,-0.1040924523210054,,-0.06851074783040605,-0.08439597378296174,0.013982073419713366,,-0.10802417172221657,-0.049001437088853815,-0.11603924969660241,-0.08043859044886284,,-0.08646555642425499,-0.10461872271930867,-0.12440567968072593,-0.24582138455284766,-0.014059637806832078,-0.35142364024437683,0.07200426118021742,-0.06191529668111784,-0.09322934234676666,,-0.0829784469322565,,,0.02447811447646961,-0.08628068626500232,-0.1174324182981602,-0.15457998389946018,-0.07209507297347703,-0.09709208161095302,,-0.12719182136680904,-0.09068777116656371,-0.15561279153198454,-0.11291713996650123,-0.04963564832314077,,-0.05971502254172968,-0.10075589575753746,,-0.1175012127457107,-0.027840988758906757,-0.2423448359384454,-0.056207440261406345,-0.07696679990178053,-0.0536427425261774,-0.07037919122344802,-0.0899515721958079,-0.19206692402576722,,-0.07090100449030846,-0.05208838731108342,-0.11851200264102145,-0.056465034306441675,-0.06576081073512208,-0.10498067907203057,-0.08243141652450886,-0.09230580493041135,-0.06370711200628186,,-0.062187463297859964,,0.0630026951176373,,-0.12112405919125277,-0.07160587694680608,-0.30674270157158023,-0.05105707298525216,,-0.06228518508849904,-0.07138223777858684,0.17723090745294665,,-0.06276615355388777,-0.08381728983708926,-0.10432985609615583,-0.15467810151373546,-0.14381606804254404,-0.051697000151470586,-0.06318509733035596,-0.05151277098109466,-0.06211207113475202,,-0.07468170227535124,,-0.06877269924201088,-0.09897393108591628,,0.013510008326226343,-0.1425452942018954,-0.1063047396016865,0.02018227021843135,-0.08565637006185121,-0.07020942681881703,-0.11212659204817352,-0.1284758583611239,,-0.04050836766833089,-0.07800406565818992,-0.0684691053075348,,-0.09612516963074445,-0.05723999421446627,,-0.1345507857313107,-0.09486764159801396,-0.05968854548288812,-0.03011904974117972,,-0.1407759171796554,-0.11118147144935367,-0.08796636103838242,-0.07398529427280988,-0.08662683228327138,-0.07224026689886777,-0.0880064465107273,-0.06908046070129965,,-0.06915125033978323,-0.057399006981158206,,,-0.09533774638071428,-0.05525415097153624,-0.08621046793882463,-0.1322907510536772
2019-08-31,-0.09629895380562996,-0.09873175800355803,-0.08133624650665942,-0.12985157509865436,-0.14466380785739977,-0.188886593029527,-0.09780897057712593,,-0.1782766897246136,-0.18791225213090276,-0.175565388798002,-0.09077616833952636,-0.09893481177169575,-0.1135537645731382,,-0.1824456367329122,,,,-0.1219965144692748,-0.12506615936019735,-0.13400040583105588,-0.13839863130903615,-0.10223409552499059,-0.19936459757517855,-0.17095019570395895,-0.14032605431288567,-0.12606332092056322,-0.07929330931748632,-0.0032575861541078526,-0.09367765074776975,-0.11265212926888009,-0.19442347337554652,-0.15089949455457793,-0.14891248348240338,-0.09270797854658959,-0.2847549998624494,-0.09613651966911096,-0.15305028176206323,-0.07938116019115414,-0.12680951809004565,-0.1644081704296516,-0.14221162197117812,-0.12123932634934553,-0.08759363734930625,-0.1094733983467917,,-0.121320792282598,-0.22185496013366884,-0.1056116999654867,-0.11408267465651174,-0.07594188216001597,-0.13802686899074612,-0.1312175379380675,,-0.0991649148709252,-0.11922951028419938,-0.07911647611798174,,-0.10704543006284564,-0.08950384405226448,-0.1359956207573226,-0.0949073873134972,,-0.15066722982176833,-0.10179780230686572,-0.14545880417727416,-0.22574147135685843,-0.04621296238727793,-0.30849668177534534,0.017039100377570966,-0.14378212573366994,-0.1281968336227168,,-0.10329120460184188,,,-0.052545117296514406,-0.11166591785655597,-0.14380145291477886,-0.14914171360391681,-0.09821711868359802,-0.13787308417523242,,-0.13978934784636907,-0.11196719135301661,-0.15906436504256122,-0.14683476675738794,-0.07384288245401903,,-0.08398377987355825,-0.12478676506233513,,-0.1337611934105154,-0.06118037229960611,-0.32841129379678435,-0.08356485389655867,-0.1034569244059922,-0.0720287554050872,-0.11189576552454578,-0.12872559820241836,-0.22936894207691033,,-0.10333485045898025,-0.08002756714253127,-0.12354782487976317,-0.10861716243528408,-0.09838096215872186,-0.1495967448568524,-0.1138904257711768,-0.10043496798924409,-0.07609496652122605,,-0.08460605878817926,,-0.051618589621587954,,-0.15402140541086295,-0.1021127789075377,-0.31534655430449915,-0.0821045056178836,,-0.09635624470794778,-0.1169480050809549,0.006689776773165329,,-0.1036524535860012,-0.12219098604041,-0.13353580662079964,-0.15684356908288571,-0.18546421454840634,-0.08006463291342779,-0.08926435775052587,-0.0757882474641114,-0.11115009315976615,,-0.11596184352334193,,-0.09717273896301803,-0.10439323972416995,,0.03501176830074101,-0.1763921687333314,-0.12904547001631841,-0.07583624022546048,-0.11595121825017926,-0.11628554764136992,-0.14741733131462204,-0.1761201833156059,,-0.10089214254879611,-0.10448012116201591,-0.11192580095937289,,-0.14540944453443877,-0.08506224435381557,,-0.1529653668502756,-0.11946216488601033,-0.09499491551124052,-0.08494461080200659,,-0.1885613579973635,-0.1331870696111571,-0.1370460448292843,-0.09450479080199242,-0.11593054025238088,-0.1198569815528562,-0.09572841303838159,-0.09904320907654912,,-0.11250489372142092,-0.08292308046852238,,,-0.12000395166268957,-0.07771116237067296,-0.11263007530286391,-0.1785390761436433
2019-09-30,-0.13662245008803947,-0.14469743834589519,-0.09126841453467642,-0.10090515092080025,-0.1269647422276809,-0.4299731891339332,-0.07335190422338453,,-0.07211482800508286,-0.37442465279519205,-0.2847042539295617,-0.09784241571179172,-0.04505640968543235,-0.13244082598604448,,-0.10321973264569145,,,,-0.2052119961494969,-0.1588000561879564,-0.1658133351337711,-0.20648909298929963,0.04051900638542017,-0.15377313271311405,-0.04968644216032964,-0.1891482950889825,-0.2079016018292507,-0.08008001683444241,0.05556429479170625,-0.11651585424048627,-0.17643151538508103,-0.3586901052081509,-0.22397626938033674,-0.19828974329534976,-0.1926410393016425,-0.2533051107329253,-0.03137645248416392,-0.09536957729963176,0.04108413133233069,-0.08733619496143681,-0.14875291035334012,-0.38646514238573615,-0.17437375688381598,-0.09670899256987685,-0.16539262876445415,,-0.1594659467610781,-0.2283953208575398,-0.11634246085207404,-0.1503023079401627,0.04321639952693275,-0.038076466327473586,-0.1668140890899902,,-0.12644612504906053,-0.15606624386403878,0.04968012667258211,,0.027122494551864204,-0.05252162806307987,0.006405893006080941,0.09923404816676969,,-0.4166957822307529,0.018490472298280297,-0.01348374022154789,-0.13726944621058268,0.08721805270270501,-0.2784732634436688,-0.04927921491374548,0.0035886103006631713,-0.20325630445273982,,-0.10967222766924174,,,0.05049205610615523,-0.14363871813409246,-0.20419161458848842,-0.04491763446822254,-0.12258201422198231,-0.10305384494213231,,-0.033885098866131926,-0.14834923899825703,-0.20304245401318205,-0.13622750591818314,-0.1516754566667837,,-0.09414151507794022,-0.18000841349565377,,-0.3896235347538653,0.10928528631202311,-0.1726979918331796,-0.08797048414036429,-0.14365428198934777,-0.08137977373025487,-0.061278026050150675,-0.09338882442945465,-0.5005253853722195,,-0.12362444215514078,-0.08823762377995027,-0.02658638767509542,-0.026196119742330135,-0.10232827342553737,-0.05139529311324178,-0.1720458396522552,-0.02824705494195252,-0.08603471975391651,,-0.09743798818332332,,-0.16103645593034557,,-0.2627607054890344,-0.13644705890154407,-0.6694390484659001,-0.0971357300041786,,-0.1340129701084709,-0.060772582396111476,0.12138210589558812,,-0.1717171307801441,-0.20588078388185327,-0.17770895085469168,-0.03233053855286259,-0.5002551994706199,-0.0857328149017822,-0.10492141445303355,-0.08636097515153732,-0.3246915060126632,,-0.17762855862178134,,-0.11343181305962034,-0.04565195936892951,,0.22464548773026696,-0.11939215988453057,-0.1827698017734248,-0.09325142482365217,-0.14065707243650197,-0.060385050203277876,-0.3378886532798482,-0.0833591817164473,,-0.04823684545296376,0.04624108668281726,-0.18482413424761437,,-0.11667969728627603,-0.09653094391058101,,-0.05978431395270865,-0.16534912251432826,-0.12984401839921952,-0.01130116485601341,,-0.49081203542497037,-0.16284882187913843,-0.40357177717832593,-0.1170037193734348,-0.14363129535495855,-0.07245724838097074,-0.031639666087538175,-0.1104220571872905,,-0.17218658572430462,-0.08663500859038548,,,-0.1710003911628213,-0.08627714776100043,-0.14105406316790042,-0.11363272672532797
2019-10-31,-0.09780233784436441,-0.07940032277359702,-0.06403750725070372,-0.08970363777045168,-0.1234218166361152,-0.26024612259527846,-0.07590877916463759,,-0.002248184546156424,-0.2655322381097755,-0.23596022395367827,-0.0686722451624878,-0.045800025310288726,-0.1149076533088018,,-0.1049218979867261,,,,-0.13435180220119264,-0.11060695847341115,-0.13034318241817525,-0.13113283698114245,0.04984160435120303,-0.08956958218027222,-0.018294234374112713,-0.11236120785194113,-0.14596502246424825,-0.049050517517825104,0.11093251991101989,-0.07436582049435786,-0.14613228036439252,-0.2560714014242409,-0.1447740964967456,-0.14228936845335138,-0.10659223897825966,-0.1756263784032585,-0.014761319053495182,-0.056904167199725145,0.0619400145410019,-0.07202556190204239,-0.04999604362588624,-0.21864164699481609,-0.10776727792056369,-0.072711657886344,-0.11859853770532501,,-0.10834157725970597,-0.11759249663999194,-0.08261376609968421,-0.08993545799155983,0.08597781200650342,0.004170319331341972,-0.14393312142623518,,-0.08570008420640242,-0.11237082895753008,0.05482050920983937,,0.012429337260715788,-0.05013936749855156,0.02001616559312113,0.0746247112970102,,-0.27621923438682827,-0.012809887969532282,0.03196272239502497,-0.13675185663302397,0.05684277801084143,-0.20157279418993215,0.059462115499485435,0.06569940496694146,-0.13945102437817694,,-0.08089349267266613,,,0.1173706714883377,-0.10577737409538825,-0.13503029287649004,-0.01757280943088863,-0.0900219039898409,-0.08795299854706279,,0.005967785112488127,-0.09931851656186147,-0.16340632375089367,-0.13869163079494712,-0.08346598602527659,,-0.058823769274976206,-0.11299436454458427,,-0.21680930909988916,0.12174137783497532,-0.04598141352770953,-0.05704142237582384,-0.1148143002674839,-0.05419381758281757,-0.050365832495435685,-0.09001116163827369,-0.3355712770727331,,-0.08817108836488441,-0.05667307819357627,0.03911444013473678,-0.032824820757227154,-0.07293899152590626,0.01845142804451537,-0.12026478291539783,0.0015045238586638907,-0.04845957080939092,,-0.05693322353484039,,-0.038482190995195405,,-0.1639572246145926,-0.09133264273222906,-0.4119425168708491,-0.06636922684135424,,-0.1190079330570583,-0.05738484830671714,0.15853604809985178,,-0.13638311412871318,-0.1678637114292387,-0.12392181307560139,0.00495316814235543,-0.29180338161023106,-0.05429248545064294,-0.06722125401779575,-0.05303124205800884,-0.17773403403349908,,-0.13369279513041432,,-0.0708850218417702,0.001072777647062982,,0.15858685292451932,-0.13597811002979546,-0.1396007679276396,-0.057471141279250584,-0.08985386624304569,-0.05237115630554008,-0.19605272789167327,-0.05592675518123631,,-0.028713777823139306,0.07378877353048362,-0.13126186557625985,,-0.12439752988681821,-0.056203512072385255,,-0.10864374121577657,-0.10539881744036345,-0.08479349301590103,-0.038935395018573356,,-0.29634640743861945,-0.12605647984566248,-0.23740987354100637,-0.07721905631781134,-0.09674452981080063,-0.05904906573556637,0.014320165158457222,-0.08323279069564186,,-0.10467203251687356,-0.05285283835457058,,,-0.10482709126817925,-0.057410724744104843,-0.0850235635784702,-0.15540423663590613
2019-11-30,-0.09355932474308545,-0.12099779656413771,-0.08781478295370301,-0.08799785102503666,-0.09521120705723289,-0.13573168820910606,-0.07004535873881076,,-0.1391557249700415,-0.12849172390692257,-0.12944515173620505,-0.0959367205918091,-0.06697586206489081,-0.09735666098732856,,-0.10045994550367393,,,,-0.12162529391622022,-0.10975449978039543,-0.10358225885612495,-0.12187188553322297,-0.07392018185385672,-0.18548212115422683,-0.16021669511003667,-0.13856569009215491,-0.10089959830021054,-0.09711917401095158,-0.09446853530860759,-0.10141586071443644,-0.022466374834045927,-0.03711925705008107,-0.12909658873009847,-0.13250975824203506,-0.09328673803892684,-0.280092662798994,-0.10608030674360419,-0.05051581707460884,-0.07634154539510093,-0.07869392903387123,-0.18470303059088097,-0.11863698502941539,-0.1088310868442409,-0.09364762109745721,-0.09378231184918447,,-0.11720154799811183,-0.1819028848460729,-0.10738073825361388,-0.10868956250303573,-0.08111291416746032,-0.1409592357701162,-0.09747727615108026,,-0.10184926214491642,-0.10160611664695156,-0.020346395847407335,,-0.10193465674316349,-0.0623446980214222,-0.10722173910951113,-0.09506851632170049,,-0.06466754676161585,-0.049047889900174786,-0.12906835064065708,-0.12705684079847937,-0.05197574380200408,-0.2635044136243101,-0.05157419342063011,-0.10125561293199106,-0.10337173910556517,,-0.10441105469723665,,,-0.06787515308132686,-0.11437058738554455,-0.12284548123653119,-0.13681977246198856,-0.09899574723539575,-0.09429440902864761,,-0.13062768209075737,-0.11746723862287539,-0.15538256923411486,-0.09971562354675598,-0.10812575916558823,,-0.1026010797083219,-0.11844500946937196,,-0.1568004056766162,-0.06274935450468108,-0.23555280343609172,-0.09841618550494557,-0.08825058384728662,-0.10482008496066111,-0.08448331715290305,-0.08404805151887305,-0.13956186301353843,,-0.0968634766585057,-0.09497309139097454,-0.20050222824784086,-0.058011398024264436,-0.09937278992416172,-0.11768685443484447,-0.11322890618722224,-0.11993888912624111,-0.11383290102517493,,-0.1077085309141713,,-0.010401380508340007,,-0.13348016302172466,-0.1038260635815283,-0.2371399518641122,-0.09799050127136702,,-0.08002975957931376,-0.0774072051607289,0.09115209694332031,,-0.08113645913716783,-0.08886959173357009,-0.12400304862098077,-0.16297282840512406,-0.13824444155833093,-0.09471787873980174,-0.09991582660310876,-0.098233384158203,-0.08966598995984518,,-0.09516964490434106,,-0.10437063825616719,-0.12442024556641228,,-0.08564660390790005,-0.11538079139167995,-0.11138507869600944,-0.01590797729763097,-0.11027894468415715,-0.07894594000379229,-0.12207759594394187,-0.09958336204515152,,-0.07126494054419741,-0.1167703587507572,-0.09122502395152567,,-0.08203422401181117,-0.09530930891685202,,-0.10337088782977709,-0.11865001223141437,-0.10386280895174269,-0.06333689170187635,,-0.12830951075542674,-0.11815247757920616,-0.10004050436888591,-0.10867100866392364,-0.11024250462361611,-0.0821896124715095,-0.12024305926202249,-0.09745172493795035,,-0.11323315680358839,-0.0996348300414991,,,-0.11680901512794717,-0.09924972977445197,-0.11085339889067601,-0.0830306683899628
2019-12-31,-0.35795675411755756,-0.4057957304521288,-0.3757557290525764,-0.3776963562998844,-0.37920220001424565,-0.2606436602728447,-0.35044618273905903,,-0.4867075379206755,-0.2972515759789468,-0.35183668227550446,-0.37987168633676366,-0.38706633911708066,-0.3760345600245216,,-0.29615524758937956,,,,-0.3820490024978924,-0.37244306540303396,-0.3559305877943163,-0.35596833008757084,-0.34783674238493234,-0.42383412363131734,-0.4925510636501199,-0.4051629311899992,-0.3490641130218659,-0.38952415706114263,-0.43814283437585455,-0.3813005689045706,-0.25337844061925374,-0.19284754303165624,-0.360951927676062,-0.3889393895752742,-0.3440354483572236,-0.5017676995927003,-0.40465385495190714,-0.350910835305428,-0.4122600930424687,-0.3659829801826331,-0.36174544754696286,-0.25482614141998833,-0.3493746133409846,-0.38400333511566354,-0.3564096427544951,,-0.38299333864203194,-0.3554985160711122,-0.38376148073674016,-0.37018271420696786,-0.41914299583175135,-0.4552583580295173,-0.3421570434221318,,-0.38286102767442826,-0.3672059466133676,-0.3826558702081988,,-0.40136688019361716,-0.35058330905130336,-0.4172342740598381,-0.4503769457371095,,-0.16810762606778853,-0.2692156415801672,-0.4472743443918419,-0.2988892527060024,-0.3978893728912496,-0.4740240282279941,-0.35492994331776495,-0.4896898392546707,-0.34003403938066945,,-0.379609402614923,,,-0.45809329115530056,-0.39379276647638983,-0.362427592467388,-0.4129678484715966,-0.3729266682047436,-0.38293381965341117,,-0.43393675019383654,-0.3863805553471822,-0.41025028123928015,-0.37627921287963023,-0.37758004752837826,,-0.3951767675023203,-0.36665247350265046,,-0.3174419931907802,-0.40558412055537607,-0.648733500600359,-0.39491085465832765,-0.33737610487702097,-0.4049591619283747,-0.390107686404533,-0.3670385126200268,-0.2253539003612329,,-0.3747873268724802,-0.3886164230453277,-0.5986783920131917,-0.36510094711969154,-0.39502953024656023,-0.43448969841184254,-0.38396914362482926,-0.4264805627155486,-0.407621504197735,,-0.4006922257537376,,-0.277833282434054,,-0.36080729346311485,-0.3802904875929423,-0.268696808614433,-0.39849066273657296,,-0.34499375902132623,-0.3807990555412752,-0.2975218528433998,,-0.3330328228498904,-0.32463062484539146,-0.39377858023383777,-0.49035378328614315,-0.23194323910722922,-0.38970416836617566,-0.3837363316456905,-0.39214478719772544,-0.2548143339995934,,-0.35686712657629865,,-0.3898615937095801,-0.41582708004870655,,-0.49426742822919184,-0.41378667224256027,-0.3548900545724416,-0.31209571369073563,-0.3845967374712753,-0.383873320194892,-0.2906409840975888,-0.38940083317578733,,-0.3980868361410732,-0.47860315981804674,-0.345498503514144,,-0.3702230055281648,-0.37904764179064876,,-0.4038049316523134,-0.38001323812853055,-0.3958197902199672,-0.4130839189616387,,-0.22678508686402934,-0.37909654826941663,-0.2297394826709034,-0.38757902853098675,-0.38358861079376466,-0.3862029521046136,-0.41950531702753074,-0.38288447544476173,,-0.39928098316826327,-0.3939204473918029,,,-0.36987128327759927,-0.3925852461409834,-0.37766817685789666,-0.3675085079130265
2020-01-31,0.09374689573810273,0.015798842662578465,0.0491039316533606,0.06114417700777182,0.0734935392231386,0.3518498690246254,0.08703299210492117,,-0.13647720162222785,0.2927145746677637,0.1761170923036553,0.03954740639185953,0.03632404879367279,0.07345281957819084,,0.11913045926420293,,,,0.08745991556210962,0.07706229739478472,0.1086199701893246,0.1107968496317787,-0.0149810783067445,-0.08031068521708667,-0.18705688913555366,0.029483572562759474,0.15004794734715898,0.013386752143053487,-0.14835321285947795,0.0445038376226829,0.32436095534674114,0.5049789612128213,0.11110367796312462,0.06353964564228946,0.1468485218860526,-0.19792107723904456,-0.05106024935400148,0.1327450375683063,-0.0768182247118752,0.07253768438612321,-0.03825956720382542,0.3420158302654047,0.10838405541898612,0.0389867787001289,0.11909591353167223,,0.056940370973934784,0.04157375257907064,0.03543066373830398,0.07082069630224723,-0.09486869552045389,-0.14063443887068344,0.1317697726136248,,0.051599193689851594,0.09149858281981024,0.026427940691890417,,-0.08683971576081995,0.07932794646747092,-0.09232975350900628,-0.17906254697749824,,0.5259219387339049,0.1129763147866375,-0.1370635543181904,0.10907249682168145,-0.06297044559198893,-0.12647450076897535,0.06638763332705946,-0.14854322795730754,0.14993690794474335,,0.038199070870840825,,,-0.11936687604527821,0.03967827966049374,0.10317906143814093,-0.0899839412348093,0.06202959201247847,0.049206490381610735,,-0.11033198884560558,0.04381714622802504,0.01853293630217167,0.07815508202155587,0.06257812038216529,,0.012175896489531393,0.0844613998292699,,0.23362517380506673,-0.10923970256780509,-0.3283700699648747,0.013950730256130162,0.1269648871590227,-0.010011907506046431,0.020828888766698986,0.07064045504827257,0.4397516967351553,,0.06448401881656611,0.024284758764128434,-0.36470701771598224,0.05368413696295105,0.02595410572141675,-0.08008264767317508,0.0721303322861546,-0.09434727744743884,-0.022869140763503337,,0.002038966831647724,,0.29122524240037695,,0.13526462895460817,0.05896220629667477,0.39515413078694306,0.01929032248188879,,0.12595762154266602,0.040220802563947944,0.1926223760404607,,0.16426973828904665,0.18996191374092425,0.053759112197139525,-0.20594272213185377,0.42666981860682585,0.021628462546488935,0.03509180249328188,0.014294074339033881,0.3331474664562272,,0.12794568997853514,,0.0304300415701447,-0.07924885836173509,,-0.31269321111833964,0.012853384699423582,0.11091267099025802,0.21010044784711657,0.04950686964404781,0.03430542924629075,0.2691763557128882,0.02010147122088128,,0.02064051556645612,-0.1966447319998844,0.14793566791884596,,0.09356019517436041,0.03809006134996228,,-0.008841764983089367,0.060955640427904585,0.03963655963827996,-0.0063065530403366285,,0.43994603369455615,0.0645626115088686,0.40536903223727017,0.02919834445644017,0.05349577100329629,0.03730575039175671,-0.08860940762545445,0.046344527454398585,,0.0569955603646477,0.011390632741299362,,,0.07626458570422191,0.01309885875658572,0.05388139531941841,0.09891785964044303
2020-02-29,0.072526708432095,-0.006424705218026952,0.05767380235918226,0.05440568412785629,0.05418476387959979,0.11955993933315079,0.10254919063847497,,-0.13727207945116443,0.10581234445525253,0.06362680353327856,0.046551979190095925,0.05947789262581104,0.05738212872998473,,0.12607390462763596,,,,0.02201036902343303,0.040592678903318545,0.06736726163990012,0.043072101834159764,0.07240673080361269,-0.08598387667384078,-0.13971396306099704,-0.023009890932512805,0.07318396621741755,0.03388452687799077,-0.0374618348842263,0.038244254186651935,0.23367485129697452,0.26906444094863685,0.03216695281992889,0.008009205731605604,0.07546769477219377,-0.23158416361700185,0.006061406146750145,0.08499381391946446,0.0034292819181642245,0.06814115706044045,-0.0315867822307065,0.13904308904744994,0.05981577467093414,0.04681908615092464,0.07278916923737484,,0.024560696764914892,-0.02648438656078747,0.033474049942322844,0.03821439826997537,-0.017433022755630335,-0.08937882477959513,0.09267848093985183,,0.03783630791058762,0.054145592547581306,0.0750600462348352,,0.013399496619885518,0.10231253778340113,-0.023181030916044724,-0.040128005294667694,,0.2805100189199495,0.19460061717983596,-0.08214458192933537,0.10259069336982418,0.05767494248599248,-0.19249890634730948,0.07449360420868407,-0.12050803422082537,0.07861958511554844,,0.04130221066405396,,,-0.05795233049781951,0.020845634575317174,0.037192982901468795,-0.03656361623534838,0.05349112643167605,0.04167470745074461,,-0.06092838776409958,0.02183710752015138,-0.021308414593459984,0.05887996451267432,0.03653411238150057,,0.024249631182809078,0.03607553762790774,,0.0505695104247874,0.013252495307745036,-0.40805065966730103,0.028175211128146797,0.10200822333629245,0.017020544056618847,0.03988849054548308,0.07059641208444196,0.16129952186032098,,0.050435896999788815,0.03738662737074427,-0.28586967862595697,0.08467238897881536,0.027750303293522356,-0.06742034268824651,0.029982365972200956,-0.033466060925058515,0.0034143872188633177,,0.013265931446006397,,0.17990632084076968,,0.026882669833474752,0.03842798715947509,0.02366284891866705,0.0270302749690173,,0.10589557875703678,0.05646715525225889,0.22127000058684362,,0.11333159180384426,0.11860696920535717,0.008723816103148188,-0.14242290576090344,0.14331609161627765,0.03595661642084866,0.037551865256213776,0.03141237154787923,0.1621137017287935,,0.07391492699118216,,0.02589111671201195,-0.03116204535028615,,-0.05432929573897945,0.0071453044365187195,0.06433871499422014,0.16552332419038263,0.02472882905736528,0.05005004981424368,0.10179541340797701,0.012500419668573933,,0.03529374432530355,-0.10067566428856321,0.08566798745395515,,0.0750874054208353,0.043182038265628005,,0.034529670704662056,0.023909218623047544,0.02263038397894931,0.04473202645732199,,0.15926205398214974,0.033236128009255794,0.18212281733783722,0.028354398804229526,0.028402923587807806,0.044535341676253455,-0.03286836542492436,0.044160353937521296,,0.006455225552021612,0.026873013875379367,,,0.03343794756398014,0.03213130937248635,0.029754770824794836,0.08627268475808844
2020-03-31,-0.4206749617893819,-0.48541389480475633,-0.39719151210650877,-0.34104678510592173,-0.3635194148790284,-0.5960606532810485,-0.31318572513344006,,-0.33810590720121486,-0.5725226045470854,-0.5263513984350798,-0.3934722095597509,-0.3233667079751461,-0.41569139984800013,,-0.10773746342134875,,,,-0.5193975745556586,-0.42396135435150134,-0.4017007794984318,-0.4483824267514009,-0.07874711885183183,-0.30860281814055046,-0.3052581607287528,-0.4820232322396536,-0.48097071993840185,-0.3940189192705061,-0.3441831399820457,-0.4194684228842993,-0.35413836333177157,-0.4348140328619235,-0.4623638347533409,-0.46620065490358564,-0.5012234064146198,-0.4033788437640692,-0.29388058539125855,-0.27483904328699776,-0.22307651643800783,-0.3076637953928196,-0.24405819713952895,-0.5963885691439704,-0.417607702019953,-0.4067415254546396,-0.449352524941285,,-0.4424605170127111,-0.290086637120735,-0.3996554899170167,-0.4209150557463831,-0.22848918300379611,-0.28870575619690336,-0.3920921285059245,,-0.43184148542853285,-0.42754601049678165,-0.20942072665078185,,-0.16785465783254575,-0.2936459039700916,-0.1770456117922893,-0.14354026767187658,,-0.5434109062951041,-0.014827342435408031,-0.22591168401265208,-0.08096175210235393,-0.19638985622567823,-0.37903820902755914,-0.4629878364347528,-0.2920548466425299,-0.4503498177188497,,-0.38716088762303136,,,-0.3287916935693586,-0.4519404065329955,-0.44643745779107097,-0.21633836041177298,-0.4128507709750205,-0.33450894117496266,,-0.2506300171858678,-0.442797976415892,-0.4774449354200063,-0.36945741129575377,-0.5022737744882453,,-0.4170996106849767,-0.4436100659493508,,-0.6894560713715157,-0.12556800560429254,-0.46403789484881375,-0.4101442988667762,-0.393079730072608,-0.4289894893061175,-0.32009910536273944,-0.3150707969611783,-0.5994834808551863,,-0.4110013200577652,-0.40862621315618725,-0.4813171325462499,-0.24245024864275747,-0.41252158357212004,-0.27518721201664853,-0.48394666276441345,-0.30374223805559264,-0.4257234549136883,,-0.42636438673174404,,-0.46331056947817767,,-0.5234232361563308,-0.4389891313453498,-0.7489876158594102,-0.4366533547709713,,-0.40958723759910143,-0.30235620747761627,-0.16326276934654926,,-0.4440229889066704,-0.4562938443084884,-0.46900692304393743,-0.2882531786139148,-0.6768400325474494,-0.4059314840488381,-0.4110637631372419,-0.4149326591154039,-0.5601736937814958,,-0.4619329268325833,,-0.4198820440436108,-0.30482670645006743,,-0.2120793241459789,-0.34160169157436976,-0.431994147906141,-0.36354345747680233,-0.4246565040683374,-0.30584049484226555,-0.5587078260176568,-0.23776430819582609,,-0.33784560421460674,-0.2487330389938542,-0.4645293349988254,,-0.34105528144997643,-0.3976449621369948,,-0.26614620531321076,-0.44872835857121224,-0.4651223143228306,-0.33538355524964175,,-0.6562346114838268,-0.4241013960145286,-0.6112430677140149,-0.42373461384261335,-0.4293281886638472,-0.3230658821357988,-0.30281177396649994,-0.40791707368986024,,-0.5103065341230721,-0.40534142271641,,,-0.4415967697117736,-0.4122030746190696,-0.41747513223067756,-0.28061696749930554
2020-04-30,-0.8253037313797271,-0.8447370317667944,-0.7594543403945849,-0.6753697668836406,-0.7257990103039879,-1.220646334657067,-0.6708154530946309,,-0.44096871860339143,-1.1752043105888779,-1.0457773413660396,-0.7417956639168057,-0.6392988834467302,-0.8106061560878971,,-0.3421264795716197,,,,-0.9530785420390329,-0.8021705969138933,-0.8000706159546432,-0.8493641517963052,-0.1860302636429573,-0.4502790718803929,-0.37832836440539663,-0.8325396910069676,-0.9482819673306506,-0.7216165837159363,-0.49958814531984,-0.7787389805436962,-0.9117856295226469,-1.1263096314784422,-0.8668422536721248,-0.84963544331397,-0.9689979689945378,-0.47953420428588883,-0.5075122865642584,-0.5955123516170855,-0.36485762497582686,-0.6270589464502454,-0.3670904403842445,-1.2255860195388584,-0.8067449050743051,-0.7675733432098879,-0.8845282661456888,,-0.8146497372644758,-0.48558755193751424,-0.7420769495211877,-0.7854323016477747,-0.3423945122958549,-0.39158315580896436,-0.814773132454978,,-0.8047380787881122,-0.8248283351873713,-0.43684143892709437,,-0.2894907645639015,-0.6292688562161821,-0.26908309030948074,-0.1769115765226463,,-1.3127644904078835,-0.22395022345096527,-0.2849678400058787,-0.2788110207757528,-0.37968357217747084,-0.49379055578944364,-0.8436880938954084,-0.3645948216654393,-0.8965214225043499,,-0.728196210130849,,,-0.4702367536031659,-0.8274870102646946,-0.8425843056658097,-0.3262829765993108,-0.7892627097046346,-0.649527964684688,,-0.3559705313462623,-0.8080974587929399,-0.8414342973420906,-0.7445820773927858,-0.9177306036741052,,-0.7544354555625278,-0.8280738024062055,,-1.286275061048491,-0.18615196652396915,-0.39949815561625307,-0.7474027199587353,-0.8146018287774763,-0.7645206926000017,-0.6101691170747712,-0.6472014141111526,-1.2968306667263727,,-0.7841045191883241,-0.7542140765916682,-0.5022975534177087,-0.5224719983633074,-0.7586774434292738,-0.39416718191161576,-0.8972105509347283,-0.4756876670960459,-0.7399603147837546,,-0.75719121266878,,-1.0056491037135666,,-0.9729076065068326,-0.819077983921279,-1.420021322034452,-0.7960244817072222,,-0.8521135064267356,-0.601498934730508,-0.49206294966068526,,-0.924886338917096,-0.9615131612391244,-0.8504305995249003,-0.3340749784877827,-1.3914485200221467,-0.7474512872552338,-0.761134621001879,-0.7561559592416787,-1.1790571555837392,,-0.9134481270198636,,-0.7658609489796715,-0.4774409704837477,,-0.24108071484649493,-0.6447086019193065,-0.8487743282942765,-0.8304763597463511,-0.7794864000674935,-0.5987660418927915,-1.1176181488157098,-0.4442662247682864,,-0.6331990482646377,-0.29334542250851386,-0.9287349744507873,,-0.7131262227271526,-0.7403248796557472,,-0.5323397067367778,-0.8225152282014786,-0.8466945169902101,-0.6452789546778744,,-1.3776943944472724,-0.7990537817604653,-1.30625221145309,-0.7749263303106139,-0.7937689537320768,-0.6248762534676628,-0.4682912418333605,-0.7706695370980583,,-0.914775822417134,-0.7354771416957737,,,-0.819279178284524,-0.7536801776870363,-0.7688243325402666,-0.6352442535329946
2020-05-31,-0.39393296614966694,-0.43905279107405587,-0.35331988203190806,-0.2992018004521331,-0.32175309594014345,-0.6920592604425901,-0.27493240874008484,,-0.25184614947030226,-0.630463534451155,-0.5253612234415357,-0.34569092884630265,-0.27377311260650306,-0.37571820336102113,,-0.07220426109425554,,,,-0.49863873656539265,-0.3939460782191317,-0.3783234281577063,-0.43593065695305183,-0.00997792188616466,-0.2186028897123582,-0.17948129807990196,-0.442513969549468,-0.4815577826162188,-0.3378093471331081,-0.24281261400140505,-0.37709721633523857,-0.415886045871693,-0.5820257055312889,-0.45072690661894677,-0.43088952438317046,-0.509522453622176,-0.26296664175658513,-0.21035413974249972,-0.2798659705192896,-0.14200446803228733,-0.2729587310596224,-0.17279663853139066,-0.6893981163663088,-0.40306269525978744,-0.35761351806614217,-0.43521329582640195,,-0.4051208346172791,-0.25573306870022494,-0.35016292834179114,-0.3928535186598903,-0.14895334255501852,-0.1825924644439221,-0.37181602184404916,,-0.39177697971980235,-0.4022585735373145,-0.17246159845045392,,-0.061847395461631365,-0.25668432266705304,-0.0829491183487924,-0.008990976703121227,,-0.6970773100727276,0.02711931412691063,-0.12614333482747975,-0.03806513182892427,-0.10324350056828703,-0.2670758548706445,-0.4590163745976894,-0.2087342190564153,-0.4500787220943841,,-0.3369841176900873,,,-0.2571302685048315,-0.40471910418236834,-0.4297637326911997,-0.11924156253336203,-0.3728564293692442,-0.28935162082851745,,-0.15515977048124327,-0.39966067055596455,-0.41586095175344007,-0.32520835752708876,-0.4719868168871169,,-0.361341957379229,-0.4200575319998892,,-0.7409698058904777,-0.032600082103897254,-0.3336539138841087,-0.35457225057358815,-0.3737654168621831,-0.36174470949439747,-0.2655324836251967,-0.2734104894519459,-0.7216275789838685,,-0.3743527307537888,-0.3569722773199303,-0.3029336481235407,-0.19794666452775356,-0.3613435821471641,-0.20716212205211823,-0.4527337534478516,-0.20893578915311795,-0.3559290270689772,,-0.36818856141172707,,-0.5521638373772776,,-0.5264999896727964,-0.4024665323110143,-0.8723458491854212,-0.3831811439656885,,-0.3873203152417822,-0.25314479363629466,-0.21614235265825163,,-0.441762950462817,-0.46186122575141636,-0.4315524412860186,-0.15612092495628294,-0.8092896193215401,-0.3535407819764475,-0.3641282414298921,-0.359529014682436,-0.648907992790388,,-0.44975645173830975,,-0.37314999808215826,-0.21961856974279628,,-0.012416845425080243,-0.2710092816222754,-0.40928406219796387,-0.3942618657583228,-0.38673583368772696,-0.2562419598876168,-0.6199057888212007,-0.19008191316309797,,-0.29098571367892595,-0.12560957200055398,-0.4627113588883922,,-0.30508906876414976,-0.3534737995351423,,-0.1763316765422881,-0.41531102345722676,-0.42305906381821495,-0.26340874241945955,,-0.7906226907132637,-0.38389157424989334,-0.728035345851035,-0.37355779795872635,-0.39107739997776353,-0.2760895281013242,-0.21519134725379843,-0.3621397162654039,,-0.48178571069042286,-0.34948748269292246,,,-0.4154268622165577,-0.3544810347680975,-0.3819166588581916,-0.23510199594176928
2020-06-30,-0.20129931708385518,-0.23471157607299403,-0.19647455994002497,-0.15593011492460027,-0.14684165037826125,-0.2790946246662914,-0.1536770979720816,,-0.19511920748355543,-0.22925540977307346,-0.18851687211797374,-0.19649237363858,-0.15248752001635987,-0.17748630174132082,,-0.11517172538531571,,,,-0.2287799139878469,-0.20038674366290202,-0.18255806442462172,-0.22067542295194167,-0.15093387802607522,-0.20228428064747067,-0.17926182443853803,-0.22917865681496585,-0.20893978905016491,-0.2044074900597228,-0.25844062449679794,-0.20834984441255422,-0.15109380467708083,-0.17278097115794636,-0.22082730398919406,-0.20594873767389119,-0.24204633463768013,-0.21478166171384502,-0.18397414478387722,-0.14283926165823305,-0.178130265586021,-0.15478648648484092,-0.2446817639242889,-0.29467247152199555,-0.21583781271771094,-0.19380518667422017,-0.20158059633248518,,-0.20879648033576273,-0.22358837875978246,-0.19762308224095307,-0.21466573814295475,-0.1985283957988938,-0.1957667678179788,-0.1716993403386008,,-0.20511645517404703,-0.1965520173127684,-0.1395519423455927,,-0.14714910555390884,-0.15711847550580202,-0.1550266597659116,-0.14067825897631966,,-0.24337225119257067,-0.10807227737244121,-0.18557466512657358,-0.1050956945349961,-0.14548944270812064,-0.19289556512620312,-0.2955060539084883,-0.18730184626861487,-0.2091488072134247,,-0.193294430966045,,,-0.22622860124645644,-0.20302587999258037,-0.21342303805414056,-0.17442095086241732,-0.19755741484115283,-0.15710754171375152,,-0.18676109695350634,-0.21235180983555643,-0.19954972209331595,-0.14378942982530743,-0.2454948573149768,,-0.20865639253358761,-0.21970202384149576,,-0.3242993612612441,-0.17069626100147786,-0.20496881440494857,-0.2032915117180547,-0.186717125305704,-0.21049998220997018,-0.1623809037384199,-0.1478890092796365,-0.25667674945982866,,-0.19576317619204284,-0.20407449347372356,-0.25533680514089,-0.13530384271203752,-0.19475306844380497,-0.19843276531976276,-0.21328311293538693,-0.19800294710002664,-0.2201283704423823,,-0.2149275850560077,,-0.2506157720163201,,-0.238605803894672,-0.2081101330444676,-0.33200053936599694,-0.20491332298985854,,-0.17693909752284218,-0.15006828485970372,-0.15505662636305928,,-0.19044886156255475,-0.18699080770114435,-0.20847388541035944,-0.19179147375834985,-0.31521628266524554,-0.20368479497362055,-0.20626110224333488,-0.20945361551694358,-0.28022679157886254,,-0.19723746261823602,,-0.20800445635492562,-0.21087234899610455,,-0.17766165039082735,-0.12284181508439276,-0.1961487966573627,-0.17075734447109228,-0.20720503234885354,-0.15467029680352987,-0.2717283668505485,-0.1434450114077529,,-0.16886285218644864,-0.18877299142836196,-0.20498995343389328,,-0.13089727217597125,-0.20770261347900956,,-0.10252276783179759,-0.21737462180859168,-0.21276227487040986,-0.13835984403481255,,-0.29756706666127897,-0.19153881745700996,-0.28850882491258956,-0.2097354303130828,-0.2045580633341324,-0.15905435221031541,-0.2127571092498731,-0.19192477584389128,,-0.22648894159434166,-0.2061299072278091,,,-0.2206877010015971,-0.20548391680477004,-0.2129572384570062,-0.08566502099062681
2020-07-31,-0.34275113500139404,-0.3754788099468119,-0.33410374277298366,-0.3179822204825856,-0.30352890188137244,-0.4838745576569039,-0.2981090409593424,,-0.4043023621539573,-0.41281453769100923,-0.33835924803140355,-0.33211858122485227,-0.3180311896425366,-0.3170065079685105,,-0.2579561335978818,,,,-0.3799496492449785,-0.3516085409746551,-0.3335418414632296,-0.3773911634910603,-0.3037349680027055,-0.32943032818201307,-0.32554359837021374,-0.38272731347231254,-0.3744244963115718,-0.3351384439871864,-0.37598165427898517,-0.3480385541818557,-0.3626868583777448,-0.45199257426283684,-0.3806636914413801,-0.3527675186059947,-0.41049445420767944,-0.3039460035968909,-0.31004848381346306,-0.38813293417368133,-0.3431299438414059,-0.32728358565739196,-0.3498678620680428,-0.4870043057003281,-0.37051185028532396,-0.32805879111668884,-0.35736318054444227,,-0.35242817972075735,-0.3808423777845007,-0.3320275492967539,-0.36781350291921333,-0.37318755670531617,-0.3402200902919868,-0.31483575237174893,,-0.34756307010249043,-0.3500636827614142,-0.36381954706349984,,-0.26389763695503204,-0.31093486210100035,-0.31262238064873615,-0.27095914090899786,,-0.46740040675815764,-0.2363113967666576,-0.35309114644966794,-0.24314607318411405,-0.2782816780353769,-0.31264685352498495,-0.46770347713417976,-0.4233521948779742,-0.37074803327489914,,-0.32517192208136,,,-0.4358557816228126,-0.3379388736018966,-0.3705298966150867,-0.30598433429783406,-0.33364849955323483,-0.32078782994458094,,-0.3380156840838913,-0.34852805056172026,-0.315821143389363,-0.2896135270854433,-0.37800311450999724,,-0.3398831862761864,-0.36955304996178945,,-0.481381697965324,-0.3347774348797992,-0.4864267916262713,-0.33707047709612376,-0.3258886972233894,-0.32730433008798343,-0.3215109254129128,-0.3051534906133319,-0.4676542324940382,,-0.3416888632830962,-0.33838064495295506,-0.3732189209931158,-0.30903458024941494,-0.3367638743553967,-0.3985953806728736,-0.3577474107321729,-0.3251495405163912,-0.33550628596768917,,-0.34503851964915516,,-0.513711646608188,,-0.4082353559072272,-0.35197537445395455,-0.5464627462180895,-0.33922205101331954,,-0.31545247092915774,-0.3141989915635748,-0.472959574017922,,-0.34285203340465165,-0.3400018046569479,-0.3568900935781299,-0.3275131294549972,-0.530702633588795,-0.3387662634763937,-0.3426582112103786,-0.338497728058494,-0.4774809773994821,,-0.35355553290972913,,-0.34955050417887107,-0.34287594051108494,,-0.21239631988116703,-0.27152836891094617,-0.3370035837488777,-0.39251683857281405,-0.3577877866407351,-0.32071379209556633,-0.4577538306803884,-0.3402615887853453,,-0.34899780393779056,-0.34321962536563894,-0.3669551492438769,,-0.29584271710249616,-0.3481563126567647,,-0.22449525956807975,-0.3629258851105976,-0.3571619001264713,-0.28890793655936925,,-0.5176532530847872,-0.3302528571770026,-0.4932322056632425,-0.33992903038547256,-0.35175932851941194,-0.3276859816026093,-0.3455347775883951,-0.3308458451266967,,-0.38757431867402525,-0.3394631428095196,,,-0.37013974343087536,-0.3312564465567316,-0.3615698522721369,-0.2471932133494622
2020-08-31,-0.2524867409441704,-0.31217249364492383,-0.2450904906174216,-0.21972417372991154,-0.18111385482031975,-0.4556731936259822,-0.1930462161074601,,-0.4288017518274184,-0.31076406519719163,-0.1941851133158596,-0.2530218272849666,-0.20672286933258,-0.19756239078549712,,-0.2776803628203452,,,,-0.28996608779004623,-0.2770743584279851,-0.2436506888957042,-0.33052728338099807,-0.3697742114418485,-0.4046197544038487,-0.34685768401958234,-0.3367650554468948,-0.26965809485951986,-0.2658344474548261,-0.40997201872925226,-0.27470677657405185,-0.2087205884917067,-0.3173341491250092,-0.3322897206180549,-0.2765286863699028,-0.3331843516434182,-0.4060647862755893,-0.28893941794218336,-0.3143497705771721,-0.3486027547962223,-0.24661067438431755,-0.5276051943464816,-0.45931300692000365,-0.324941521655059,-0.23241423386913188,-0.2529485713411533,,-0.2808398116524148,-0.5129215768793095,-0.261094881731177,-0.3160715028297232,-0.4127067340387044,-0.3794811212462354,-0.20759281064393653,,-0.2620946707293229,-0.26030892189519383,-0.2909479689458473,,-0.27162536205850457,-0.22068018881802393,-0.34563983354336014,-0.2817691078020437,,-0.3659282665520792,-0.2557584871563195,-0.41986683789897733,-0.29244052833098133,-0.2187462205281595,-0.3971925120817255,-0.45381745706501464,-0.44109780658207187,-0.2897736182883571,,-0.25312168928346085,,,-0.4416575389095029,-0.2441521972017535,-0.3152204480653223,-0.3593937499614846,-0.24599683817584272,-0.23564141514719522,,-0.38491566788237785,-0.27900062511026164,-0.232172777599923,-0.15902720813305501,-0.30380929952417823,,-0.2656761026178828,-0.3177993688238463,,-0.4512833270696119,-0.3853797501432424,-0.5513311568622545,-0.25677522741708436,-0.2291556737050616,-0.24324329604295045,-0.24209128309837402,-0.20855082654679838,-0.4129927537959979,,-0.2543106209529438,-0.2574165867161805,-0.4024300738430919,-0.2260781326021093,-0.24653140063912324,-0.45088842970237736,-0.25923016988389336,-0.33055332175073043,-0.2762643116574143,,-0.27775040895721603,,-0.43291680875976973,,-0.35040392510936486,-0.2684950397753104,-0.5926414935678115,-0.2418678428037625,,-0.18353100306027367,-0.22488951346004757,-0.3842518519024507,,-0.21333466045279467,-0.20534466420387062,-0.27395645496793203,-0.37804894536035527,-0.5059643268726588,-0.2591352500018129,-0.26931545069867047,-0.26188750359181767,-0.4270365444326646,,-0.2354123568360431,,-0.2786049919054479,-0.37341866933565204,,-0.1780755141051451,-0.14501678843802146,-0.24928928974309075,-0.2539370787255172,-0.2921790867990156,-0.23773452676005638,-0.42229976178959155,-0.3223953809844025,,-0.2605661414919836,-0.37861507142090206,-0.25717916795959034,,-0.15665956279989204,-0.28371014422460017,,-0.10027800018845293,-0.3017726325145032,-0.26099996124795144,-0.13713609535121812,,-0.47395653705396457,-0.24595570796272073,-0.4334679106903954,-0.2688284055347192,-0.2776552753099192,-0.24294331412534073,-0.3760671910352693,-0.2374067409502302,,-0.2949658335598921,-0.26786984120081275,,,-0.31922669690114996,-0.25054104204358324,-0.3097396181002308,-0.08521522046255867
2020-09-30,-0.35260180738425917,-0.42097046096855056,-0.39484163621873214,-0.4147953358157694,-0.3513679334787149,-0.24863826237889028,-0.3809149515242097,,-0.7841267823582921,-0.16760942006215968,-0.1657608685318856,-0.4108253347097673,-0.4367562568745675,-0.3206440696290363,,-0.5755283183993952,,,,-0.3271735149278134,-0.39050221158799,-0.3512597328485913,-0.3987464235017043,-0.7891057252144105,-0.6946358601803718,-0.7375233337590313,-0.44167879146697087,-0.2952772690281991,-0.4396740558158225,-0.7237132298126465,-0.4106221617919444,-0.22004305221683193,-0.15888982745474076,-0.39186458165640264,-0.3681107037193296,-0.3431492969212718,-0.6983832279793268,-0.577910109401865,-0.5372186407479447,-0.7230572327782648,-0.45960138062727923,-0.8075913153930278,-0.25297778970790485,-0.4162108328484582,-0.38251474203487257,-0.3210363391862148,,-0.39232712683173093,-0.7282529284841404,-0.4161628360343398,-0.4340159765522966,-0.7966619254041031,-0.7423419378686683,-0.3031865374157875,,-0.38646549131187036,-0.3629534988779698,-0.6331150126952032,,-0.6730627632860465,-0.43086675070664554,-0.7600189878551781,-0.7779062752994611,,-0.08093862878984001,-0.6185159705298161,-0.8328620639307545,-0.6124493656214475,-0.5960151506857896,-0.6688273931599462,-0.5446798202770932,-0.8519451474082194,-0.33298597501687416,,-0.41421196842867736,,,-0.7906993116035497,-0.36100540523385355,-0.3922433278248286,-0.7287597119375695,-0.3736950160994138,-0.4438387443430733,,-0.754364184788395,-0.39655879951781814,-0.3378458648650316,-0.3176056578592744,-0.36124918960103186,,-0.42447572192395433,-0.4072272037806748,,-0.24468268005525007,-0.8495875572702611,-0.9926400965712923,-0.4213100923988787,-0.323892557101856,-0.40510771176191607,-0.479461497269034,-0.4129781338874664,-0.14273329927575246,,-0.38596421515092355,-0.4153213816426845,-0.7861793946555766,-0.5021477025629175,-0.405432970086202,-0.8002918480499488,-0.33240334536859883,-0.6426500560989029,-0.4464622918038345,,-0.4361241342321021,,-0.40115994888904943,,-0.3521250120318413,-0.3823271087439133,-0.23619053037004942,-0.38535066016769637,,-0.2713720541026299,-0.46404389987148326,-0.6741819644132633,,-0.25223214427316665,-0.21670778076431815,-0.37237056146845215,-0.7867136210078197,-0.1857974993385826,-0.4212432117154134,-0.4171309368162075,-0.41982008501384643,-0.25895092632592415,,-0.28968920774325074,,-0.4256903701496866,-0.6717789073299493,,-0.6877905524057951,-0.37601518143080076,-0.32786071111916276,-0.34844032490318594,-0.42470020691184013,-0.47886537847533783,-0.29846100692961136,-0.6306469128730257,,-0.4954913078377771,-0.8185795322247946,-0.29534861952353086,,-0.33398471756057535,-0.4395696526499742,,-0.39077175568977307,-0.4049012184747555,-0.3724236530749042,-0.389950697835834,,-0.1634625240359045,-0.36487468910272874,-0.17709197878951985,-0.4088908098824518,-0.4033165285506975,-0.4705605261811376,-0.6833217268727291,-0.3829816138294171,,-0.36707605206383803,-0.43649040255906674,,,-0.4160834248623127,-0.4105523977276204,-0.44127396502695704,-0.3052389683600126
2020-10-31,-0.39247010726424547,-0.4718122504961278,-0.40036162463948605,-0.3759258899357824,-0.32247314759543766,-0.5286098108436125,-0.3437214000510699,,-0.6746328521381122,-0.3774381278668972,-0.27981983008136135,-0.41280529382846903,-0.3710656620674842,-0.33334083459284963,,-0.47171080642575286,,,,-0.4193914479700165,-0.42455326557937206,-0.3805010895798027,-0.47396130457163155,-0.6235474061263511,-0.6376472173606914,-0.5984862276493877,-0.49671331584127415,-0.38547382861542606,-0.4352011715055528,-0.6602713734342541,-0.43219972879408575,-0.28997036326378967,-0.3524247975706463,-0.47301155955071006,-0.41916600011717237,-0.4585571492705421,-0.651699260426605,-0.4980125310686154,-0.47916315215943656,-0.588351724809353,-0.41083200847277007,-0.7854527780183169,-0.5368200287261286,-0.474152555739172,-0.38617172804766586,-0.380359375675047,,-0.4311564674225968,-0.7359141282616006,-0.42198743882164613,-0.4732056510414299,-0.6679867340759782,-0.6286999572531332,-0.33363385836503046,,-0.41288694445919194,-0.40028047668900285,-0.4940024894406932,,-0.5103634643273289,-0.38215747846338316,-0.5963278598436939,-0.5514263815591767,,-0.3863525483495055,-0.46684001339434766,-0.6866545837435883,-0.49591933838858016,-0.43718771179040244,-0.625576013648634,-0.6324956954593938,-0.7012629578574081,-0.41505691030906217,,-0.41423269087047593,,,-0.6900156171991177,-0.39090825310948313,-0.4580750789366555,-0.604890455439672,-0.39472054686970415,-0.39895110552553403,,-0.6339957096717534,-0.4327672437534311,-0.37683157320960536,-0.29412165300811927,-0.44709012448130586,,-0.4309224238196815,-0.46721988906251016,,-0.5396798025862168,-0.6591212524541588,-0.8424108725914478,-0.4211583735945234,-0.3610089227700133,-0.408589885906568,-0.417514410846667,-0.3651150848458065,-0.45297421814820976,,-0.4039503235114794,-0.4195286868832323,-0.6804574241995469,-0.404046207470718,-0.4048794372176974,-0.6983754772060339,-0.39396148520702867,-0.5568614975105055,-0.45166934010605786,,-0.44620563116440026,,-0.5445477906248727,,-0.4764359649140273,-0.4170878242248732,-0.6477745149237519,-0.397171321119301,,-0.3043291136638695,-0.39506409812299786,-0.5691905664896029,,-0.322617004965129,-0.3035927702527237,-0.4185270538650083,-0.6441618882391216,-0.5531708921665602,-0.42275583388503757,-0.4300436570025245,-0.42651010003351353,-0.5083064472579253,,-0.354727301595368,,-0.44036150810475977,-0.6032494986842803,,-0.45625272694632424,-0.29929468788720026,-0.38125392640670247,-0.37282182566137273,-0.44986891516601185,-0.41118532363609545,-0.5193222463571032,-0.525914252864408,,-0.43600478312311297,-0.6505850438105625,-0.3747097408541085,,-0.2921667729105367,-0.4488183941539699,,-0.2671562530333701,-0.4537329005361375,-0.40863917902552443,-0.2983292596181462,,-0.5153887369239667,-0.3910287766499216,-0.48648572028654014,-0.42867286616841827,-0.4307983828087364,-0.4132216589626536,-0.6094387257248902,-0.38955219186302814,,-0.4351300823549451,-0.4359009263715571,,,-0.4715838215405867,-0.41390971464212334,-0.4709657682173945,-0.21661576748733083
2020-11-30,-0.3311860597441573,-0.3959698877732347,-0.3178298172951085,-0.29574340009659017,-0.24872449585019316,-0.6055231735383724,-0.26335795344831414,,-0.5482220183077661,-0.4195205444068751,-0.2668351025902039,-0.3294593354434715,-0.2724889131062075,-0.26263149622006315,,-0.4075440089049978,,,,-0.3731697870513341,-0.36448017796175364,-0.32782774728482467,-0.43539401733717475,-0.5010858283235634,-0.5412144263315307,-0.4500814503343264,-0.4342482158648635,-0.3543165378996731,-0.3423594868160609,-0.506502775986502,-0.3553527032701748,-0.292613569607223,-0.44439449905627537,-0.4381575692131186,-0.3637934020855179,-0.4275881548921421,-0.5454727279703493,-0.37872367985613387,-0.4201070166170556,-0.45015191217014544,-0.3319655022798795,-0.7057478258840335,-0.6031587034688386,-0.42800840060010337,-0.3014676728101414,-0.3315415981247569,,-0.36650954641240713,-0.6916528199916174,-0.3417043344908365,-0.41205774388074884,-0.5282992278229477,-0.4920069776514521,-0.28513016785531986,,-0.33922767497517825,-0.34252586465942403,-0.37690823721934613,,-0.36762845547943873,-0.2969324054684055,-0.45998313381584177,-0.37047503168102697,,-0.5003247507921197,-0.37515669402093466,-0.5472525158855492,-0.43620656238329286,-0.28624097154855366,-0.5417132178145924,-0.559098886647824,-0.5567030713193237,-0.383763216214476,,-0.33278225104201564,,,-0.5450926215930562,-0.3167766350210603,-0.41612245776148793,-0.48084318185834296,-0.32194457631551915,-0.3168435764733847,,-0.5041476434537363,-0.3625247664609627,-0.308530418150589,-0.22234900433616636,-0.38482526727757554,,-0.34079444001081854,-0.41588518671683194,,-0.5794554909858639,-0.4999510037568367,-0.692662340439493,-0.32964608089744885,-0.3081108751816499,-0.30922643978802794,-0.32009828534727647,-0.2850270506553645,-0.564145954031885,,-0.33233220359500054,-0.33080280832924164,-0.48698741506362414,-0.3062349691005386,-0.31861184540128823,-0.5833638982301849,-0.3350799034866529,-0.42811061826444813,-0.3517186663615224,,-0.3548983815898743,,-0.5494287011186492,,-0.45724542342796337,-0.3477585577315003,-0.7924121526855958,-0.30834329282533096,,-0.2468853079878484,-0.30132351015376224,-0.48549212232406164,,-0.2845945340742522,-0.27864130960161604,-0.35647087832967916,-0.4891660971360736,-0.6673535567002552,-0.3328951021864346,-0.34808797630727545,-0.33522080524042613,-0.5578951737244703,,-0.30975349922790923,,-0.3594110301791877,-0.484292966799128,,-0.2122474938187815,-0.20576506755941273,-0.33338609124078544,-0.33190035134101137,-0.3799297132942445,-0.31658321718521115,-0.5544430759929735,-0.4354806838716404,,-0.3370455686386106,-0.4820599834904756,-0.3376267506751723,,-0.2198418524619421,-0.3666205484209115,,-0.1530873422045078,-0.3925694660406669,-0.3328723521309777,-0.17832083790872397,,-0.6290058994968667,-0.3268073786341112,-0.5713583611455303,-0.3477439352031072,-0.36175493207223414,-0.3222576417146449,-0.48542360673852886,-0.3096722750034151,,-0.37450710192426484,-0.3440418509835381,,,-0.416408987055985,-0.3216339562725074,-0.40321161548861567,-0.14009496784885775
2020-12-31,-0.14719380080017203,-0.22679814556325079,-0.14488515099015514,-0.07126762370528023,-0.02155932061176602,-0.33345278741119155,-0.06193297233271052,,-0.2833107642059942,-0.16262582966969108,-0.04147843068991951,-0.1530722575201903,-0.06194431810827402,-0.07110330124774839,,-0.13132788231696166,,,,-0.18303112941032448,-0.16034896656420705,-0.11312622138808283,-0.22137060166680564,-0.2693810661313693,-0.31102435888403945,-0.23025765684044766,-0.23257555016890097,-0.1418659329279146,-0.17779099426971992,-0.3995558910858426,-0.1779930202076609,-0.024516578786258382,-0.0838235664443006,-0.21716264178690795,-0.1565466234139651,-0.23478485641263425,-0.3169631116081072,-0.19990307722556808,-0.1131671656424039,-0.247252006431638,-0.09687117621775382,-0.497982419016556,-0.3656182097508995,-0.2206069351689153,-0.12941723700024432,-0.13265744455784353,,-0.17369250066199712,-0.41750728091223027,-0.15933547363478945,-0.21300212664332388,-0.3235238451795892,-0.28548350864053806,-0.07370331525033876,,-0.15805360796252996,-0.13920277820252078,-0.12369434369864826,,-0.1747015272095232,-0.09190764273151798,-0.22629201325780995,-0.1793437759306917,,-0.21397692443229901,-0.14005760645503196,-0.3127059842066339,-0.1369630810996801,-0.11708031857337671,-0.2706139546953879,-0.42561963218840615,-0.2872925975686987,-0.16874835178044145,,-0.15136788172467214,,,-0.34551118061504343,-0.137441599562852,-0.19913793765125284,-0.2627508005715296,-0.14196772996361928,-0.08713578104652625,,-0.2844846481512988,-0.18087654097531441,-0.12108867022303728,-0.0015363543009708496,-0.23310693561781856,,-0.17659995820220784,-0.215234996357119,,-0.39159734742291724,-0.2971599985903661,-0.3317420426678246,-0.16280197179789194,-0.11509776120019552,-0.1644291839974298,-0.10792510825157171,-0.059956637620689104,-0.25892355791495986,,-0.14260558314419078,-0.16447936336969227,-0.35088012989270695,-0.07264334203890487,-0.1374802595887668,-0.3270384257865046,-0.1499879815213762,-0.25145371754581886,-0.2065416785737409,,-0.19330381173694686,,-0.29935961109106607,,-0.2345138165731894,-0.16446330363630463,-0.4637396047622321,-0.14500098722752702,,-0.06013095149952204,-0.07891603148570876,-0.1969858335981092,,-0.08639960815884389,-0.0695017494772251,-0.15765308641971382,-0.2835378465364673,-0.3953089221135873,-0.1658945125174636,-0.17490261755843622,-0.1764340856396053,-0.3294173253157983,,-0.10784629420702911,,-0.1801468254005119,-0.3015003470218162,,-0.17500500134865593,0.031590967656339466,-0.13215472379154142,-0.08792490025296051,-0.183633871618041,-0.09431585091897592,-0.31879495341687886,-0.1526910740135252,,-0.11935666572039559,-0.28613406809830083,-0.13302674055162653,,0.018163133616235005,-0.19103584122772493,,0.06256656158035113,-0.20017303187715016,-0.1581636033129249,0.01003753620846008,,-0.34804328145718566,-0.12743732235853103,-0.3249722489575303,-0.17807986028633602,-0.16793093371527398,-0.09846987185332501,-0.30732103138000283,-0.1278864044911888,,-0.18415515586509798,-0.17748710348121993,,,-0.219024816996496,-0.16362876644058255,-0.20884187406611798,0.12286007953292917
2021-01-31,-0.29240135943434437,-0.3651115926778745,-0.2970522431651957,-0.2316670243100308,-0.1808214459908449,-0.41591036576614004,-0.22805723387952043,,-0.4472946316080381,-0.26155788562606036,-0.16845359430033105,-0.3088158002874684,-0.221615232750769,-0.22190935856780739,,-0.3496388309629762,,,,-0.30911874150638696,-0.3066211026389049,-0.2630584138670471,-0.36043072555717026,-0.4870173577595885,-0.5115194849463207,-0.4270743143950883,-0.37197179789503676,-0.26645972884488595,-0.335393245322713,-0.5721023876401743,-0.3271196445425234,-0.14283559245080596,-0.16019688438926769,-0.35407893470883256,-0.30053436927889743,-0.34955834763553423,-0.5337722866943041,-0.38622028129086694,-0.25368767699755246,-0.43219076122279626,-0.25875748138841637,-0.7118838467012285,-0.4465029162693498,-0.3641970990445281,-0.28256832541592225,-0.2668917619019751,,-0.31999277381966146,-0.6053915204022471,-0.3168108687412725,-0.3579996785213348,-0.5045098699897016,-0.4782919470475221,-0.22650407738076933,,-0.3039676520730972,-0.28200490328133904,-0.28153624253547505,,-0.393786628543263,-0.25768106431620613,-0.4327259623437896,-0.4026150823789728,,-0.2818929805998294,-0.370873623081924,-0.5101647009295274,-0.3695784054544792,-0.3135777247523956,-0.4792369294030105,-0.5359517973509222,-0.445917190782807,-0.30129829798061747,,-0.3117578226520476,,,-0.49133966004319807,-0.2848655258160341,-0.3397363540032846,-0.4731034322683827,-0.2932255518371794,-0.2502506900701903,,-0.48050076542965875,-0.3294601465422139,-0.2790166634489744,-0.1637347618020732,-0.3643040088008648,,-0.3301834056225294,-0.35762425617963334,,-0.47349359978500255,-0.5014846711873391,-0.4785653266032304,-0.31660175863685386,-0.2654494907427036,-0.3208510403213633,-0.27373946496343143,-0.2265404565581001,-0.3382860194848032,,-0.29108075641128117,-0.31715075624336975,-0.5285484009078119,-0.24563008596281413,-0.2890278088971234,-0.498956421604151,-0.2855102687327407,-0.43904900655032425,-0.3656942283831876,,-0.3462664643893016,,-0.3697267167007723,,-0.35433795070832996,-0.3083538314393212,-0.5280230391209318,-0.29269976157666977,,-0.2063793348464246,-0.24576407329258368,-0.30430616856090653,,-0.21898049436477574,-0.20039159589035957,-0.298846392557861,-0.4870254000369786,-0.4520079869431181,-0.3189971437526287,-0.3269430240848762,-0.32991522238234455,-0.411588298450838,,-0.23969751848572332,,-0.32996702433252456,-0.48664819541121684,,-0.41073879226210397,-0.14390522056929303,-0.27902389675719225,-0.20287080359828963,-0.33055931361606294,-0.2600621068721701,-0.415300539759429,-0.33027068026995315,,-0.27200459664889876,-0.48193670400073346,-0.2602711448498349,,-0.14113276066782168,-0.34339858609395857,,-0.13613411830275324,-0.3439702606801494,-0.29687933141675993,-0.15368402633013742,,-0.40660428714004726,-0.28047371105471547,-0.3930240926812023,-0.33114140131809633,-0.31491793991616035,-0.2601216388530191,-0.4919295494047617,-0.28022748357281607,,-0.3089432943909597,-0.3325128715370639,,,-0.3618187651962394,-0.31925517044329965,-0.35718938305278836,-0.054261503847267877
2021-02-28,-0.33690555184611226,-0.4002480324133659,-0.35089991570960866,-0.2766375860649276,-0.229265220232538,-0.3849657869148324,-0.28077713223033873,,-0.4344454505710665,-0.27223292357409157,-0.2033218966711879,-0.3501654434439742,-0.297583341246441,-0.27672974491000524,,-0.25871112071075286,,,,-0.3488907065555977,-0.33232753339945875,-0.2895899325470666,-0.3606911819976627,-0.43157032932601536,-0.39148495247380477,-0.3835353260471838,-0.3783073841428611,-0.31519491374392794,-0.37644058139821174,-0.595101429620071,-0.36592417162061913,-0.2396623685874193,-0.2245430335695075,-0.35060747970144474,-0.31354266538599695,-0.4021462521988006,-0.3371555708628367,-0.38591408871583827,-0.31383524251078626,-0.44989680327444176,-0.29828088131472347,-0.5223025159172573,-0.435050074482509,-0.3714163325191553,-0.3364188162876387,-0.3208944266993703,,-0.3436665642439046,-0.4403653304819648,-0.3439683912557719,-0.3766422094895963,-0.5099094877976756,-0.4350033451445443,-0.25827083137412027,,-0.349178375765848,-0.3213349828051856,-0.3792785625188854,,-0.3614927668726773,-0.31166757441697196,-0.3945916054781992,-0.3933545141443846,,-0.3142249187869658,-0.31477070522702455,-0.4569339683079685,-0.23094630297246266,-0.37036013020844416,-0.2923092788821731,-0.6194071979611868,-0.4750186118919605,-0.32933321311883557,,-0.3386323727739293,,,-0.5617741093860904,-0.3254002343314939,-0.3435446139289833,-0.39760362195314064,-0.33451160559026055,-0.28396227460724155,,-0.4310495196722951,-0.3536739264705512,-0.27621881669725945,-0.2089250238400372,-0.41115910111936915,,-0.3730122134484123,-0.3671855941846069,,-0.46004742724413267,-0.49922201776859676,-0.42440217933032903,-0.36500996213394726,-0.30415797069180944,-0.3704610251372379,-0.3182217871854233,-0.26602674850296565,-0.29636484860379686,,-0.33538216374948304,-0.36723164705174005,-0.513320463440632,-0.297913970573713,-0.33973232666305525,-0.4699897222785172,-0.3317573694074335,-0.4242205498001679,-0.39668876162773553,,-0.3847672334529657,,-0.49391668311757403,,-0.3612255860407104,-0.3509037748784689,-0.38094007369543464,-0.3540038366605364,,-0.27295080267959737,-0.2945683591756423,-0.5044550470479745,,-0.2858650545525805,-0.25803233311574303,-0.32741769090428047,-0.42660753107194854,-0.42232972270509284,-0.3688744579983459,-0.3668780202776401,-0.37734887310002374,-0.43632548277739275,,-0.2989462870196265,,-0.36791298932858774,-0.4543152311707106,,-0.4604402297176679,-0.17732537187019082,-0.3010268071121653,-0.3300138175175452,-0.35813585347704696,-0.30702569924528,-0.40851874754281897,-0.3186880197955379,,-0.34331305933873896,-0.47194448589876437,-0.3178986147408548,,-0.20290877352946687,-0.381719057779486,,-0.16383333049378557,-0.36277000722876873,-0.35531867771780057,-0.2599271829062642,,-0.38874911977061544,-0.30113557656133627,-0.4078250027557372,-0.36351082704373894,-0.3456848984650497,-0.30814498471988405,-0.46606414946733254,-0.32830716641225877,,-0.3654821092008941,-0.3752947328085671,,,-0.3741371634990616,-0.3662096707312495,-0.37545923111652724,-0.10735368923675968
2021-03-31,-0.08026725500442443,-0.11852887165826513,-0.11493108681653412,0.010327677190405627,0.06937613330208862,0.05727816576888096,-0.05093930606712597,,-0.04218480145710213,0.1419522138405035,0.15421981669158447,-0.11011876545373614,-0.03373823255831042,-0.008182747237626135,,-0.03328944945587102,,,,-0.02956484265382266,-0.039325388020639396,0.001728563380680993,-0.0461333695975668,-0.25773657494417673,-0.09974593711308936,-0.08217374465207788,-0.05053587812990465,0.00982196756741308,-0.14990542098072565,-0.452253328573602,-0.11114885581802549,0.08387947692547928,0.2593526692658072,-0.018077809145221682,0.006426807296234985,-0.09408215853088556,0.009781321628446782,-0.17966427631769197,0.06970877205376194,-0.2287146858057108,-0.01211430316836631,-0.31121589078884704,-0.044195776537764755,-0.08208141652807915,-0.09597207890516149,-0.02854101803845421,,-0.05621610969758979,-0.10904012203016063,-0.09194122969048582,-0.0910855366669953,-0.27759190331579386,-0.17046157737525153,0.017140496871907735,,-0.08297665107702798,-0.029425119915868655,-0.09269160214315,,-0.19517844359352052,-0.08249568064818982,-0.15216388325892194,-0.2208917402950529,,0.09684401504854473,-0.19851624793743253,-0.177931666716451,0.01404333430567567,-0.22236255415382775,0.09986106874990314,-0.4008905599871945,-0.08911875105566605,-0.01757879475335967,,-0.09552933589305769,,,-0.27081533865256285,-0.05165100076613316,-0.024066279399783303,-0.16633804704324784,-0.0834029300260542,0.009712271789535761,,-0.1704749031290436,-0.08195866882140694,0.02017561222842175,0.0795834716144292,-0.15694217850974485,,-0.1349298834542273,-0.07139382343013347,,-0.08426356572837441,-0.32235747278028876,0.22573730648144366,-0.12609555136097308,-0.05517304956512723,-0.15435803309087567,-0.053241318016105765,0.00548294902681148,0.18132827527830817,,-0.06869685308289229,-0.13156386144190413,-0.21943558669915422,-0.04291750541322805,-0.07867449279640217,-0.13530040929952575,-0.036625819307362306,-0.2082192766740925,-0.18012409441574775,,-0.14432318054944665,,-0.1207543967151523,,0.0032298927517171025,-0.07900822633309139,0.2135721238802659,-0.1073196318429872,,-0.02411694695268017,-0.025745707751964393,-0.19263366744183144,,-0.0061388578380654375,0.03914066507112794,-0.015764037746215608,-0.1543575515418927,0.050010160317727474,-0.1328908756023669,-0.12159620234061787,-0.14913913829130993,-0.07330121073383987,,0.0028342933378019165,,-0.1070806746904519,-0.23064806338646135,,-0.47798323768388257,0.13372190559361172,-0.01728624609305358,-0.012541755721034298,-0.07129807744888014,-0.03507947011232733,-0.027760475132830552,0.016773986500883808,,-0.054974932411733214,-0.2294196832131798,-0.01304663175633985,,0.09902254308670735,-0.13922294984915795,,0.07390940414354344,-0.07308245119299953,-0.07867518306842333,-0.017954265920046283,,0.08523956729151977,-0.016215957559394797,-0.004219492130750044,-0.11771294392992139,-0.06166528440221463,-0.0250755448531561,-0.24819699068815892,-0.07326321705423557,,-0.041809069202971234,-0.13901209032897385,,,-0.0826779041007855,-0.1412007767769641,-0.09661507189249116,0.1982817821659266
2021-04-30,0.40380486905701646,0.3269804052522305,0.33107373502804377,0.4545708545714547,0.5161793713739186,0.8095348022088509,0.40133048886352907,,0.29890881123823354,0.8140298832833702,0.7005025425587426,0.32727215353252553,0.3924824778650239,0.4476682596760165,,0.409963110037237,,,,0.4726387266263504,0.43656419964350607,0.49078702390469625,0.46818931891673504,0.11014029344383418,0.23959953539034892,0.17847784483453108,0.4078602392349892,0.5543076418571647,0.2697173278199725,-0.13341449523691226,0.3390420693045338,0.7480023302180508,1.105350960220978,0.49857171346835855,0.4740793763846191,0.46760478496759833,0.25007109878129186,0.17436432733880844,0.6013842322128244,0.12142017295545994,0.4439944630096764,0.06529536563746818,0.703005641146949,0.42597059793317343,0.33976628170218215,0.4832058174535788,,0.40583184405412775,0.34504728506226257,0.34215204454038783,0.3882670592487366,0.07461862473009005,0.13151462618163864,0.5134109603212634,,0.37286584538203177,0.4568851394464819,0.3465033835288226,,0.10285798386380965,0.3700604506551159,0.16728470694160236,0.012456674387031422,,0.9692592062937797,0.22659771016731525,0.13077601870986172,0.4397383419292064,0.10455997725383195,0.3969160707102891,0.13052028625219667,0.25255223970441326,0.5231584087902249,,0.3365855149244286,,,0.10148517116603561,0.39097559480192673,0.48110479175829135,0.15167558106819778,0.37211113834446474,0.44600381470910894,,0.15118113636474523,0.36838597493616776,0.4352960837638034,0.5227237994976359,0.32542375304573756,,0.2871602399782703,0.4194969833424149,,0.5832108438386426,-0.004710960112700973,0.471005699887444,0.2957660091335153,0.44351952719252696,0.24543437945979094,0.3622412459074139,0.448967949614209,0.9899537421736101,,0.3928360771396945,0.29861222295406753,-0.05809662300198841,0.3877881162718421,0.35206849596174267,0.24171092498810173,0.4416217868416477,0.12156001169052111,0.21372705288833818,,0.2731531773901674,,0.6020812754920094,,0.5546051636479259,0.38474801121600943,1.0323772268774771,0.3209719938353403,,0.46987501280366634,0.39976719915399167,0.4275449277396674,,0.5316716219594133,0.5946354353181237,0.4473753790963788,0.09220247738844267,0.8848738024625745,0.2954172634102104,0.31856931698156427,0.2738567709290983,0.6621862796528307,,0.5197715752029519,,0.3334814501837961,0.11899523164417664,,-0.3695819273449229,0.5178332841099749,0.47622423854402474,0.5838633491772633,0.3875070769161478,0.38951244936323326,0.6491805018914986,0.4367522624737786,,0.37611438700468935,0.032266053788155405,0.5256681196313495,,0.5562661237932667,0.3054725181696087,,0.41462025611598113,0.3974604456325265,0.37492864790958774,0.3629989727110893,,0.9227609572496307,0.4391972964425224,0.794404902499337,0.31690808713273155,0.3972277992997404,0.406017179996311,0.0960293311831534,0.36923202377096676,,0.44201647522703275,0.2818490519455258,,,0.4024673582930551,0.2770383815432134,0.3668350404404022,0.631773803998189
2021-05-31,0.23394017532693825,0.19268012479421354,0.19502764370914188,0.34911440046407416,0.3951315003034218,0.45756578168856843,0.2697878143138308,,0.3667683082524698,0.5000943306771113,0.46072415215266466,0.1986204003152573,0.30834093848524696,0.29607120234575646,,0.3192822400152966,,,,0.28891641560239517,0.2872710973963199,0.3271935124457726,0.2921318265250377,0.11650190712919554,0.22282495689210152,0.24957864603404192,0.2781232491615305,0.34769651213572544,0.15427207084311212,-0.14342419611020307,0.20223993796932574,0.48435418773139655,0.7449840144706412,0.3221330336217232,0.32279461256382846,0.25359669392809675,0.2754302647704993,0.13043907958160655,0.5206180058740788,0.1380508932681876,0.3456192257168017,0.013268053536084373,0.34332833196996004,0.25666704418095077,0.2071272269987631,0.2989715347918733,,0.2599285301965985,0.2672135774323158,0.21553146053909028,0.2430062330327312,0.10685651315006961,0.167819918994682,0.33136622854337355,,0.2305932808114266,0.2976906788071032,0.33599864278761155,,0.11447307546806837,0.2539208070623293,0.20979258823853894,0.10362324893989681,,0.519285355957111,0.1462306133839637,0.19739321899428428,0.3653817481602852,0.09622881479756189,0.40256238054703103,-0.030872064767320663,0.35531794680417567,0.3220548535290714,,0.20964356685126753,,,0.14368185797853328,0.248586237340612,0.31239666048731013,0.1651134455452167,0.22365618345916963,0.35248069651495667,,0.1811910845375869,0.22544632407326,0.29449029225503703,0.39021190416809665,0.1447119693728046,,0.16716924421503312,0.2573674151465576,,0.24980402623760892,0.057695225413918194,0.7054528196733827,0.17839084335176444,0.2577164108119257,0.12715868792062607,0.28619018208680475,0.3408200185024207,0.5853588200758623,,0.2503033095027548,0.17421582754661422,0.0634414504274657,0.31986016977710235,0.2333643330524149,0.2763675703361471,0.2738004787420329,0.10568026233695793,0.10402994682148654,,0.15676099666756904,,0.35284562672883574,,0.3508172106650678,0.2364456594612763,0.6263190429379188,0.19313889821622868,,0.2802443772754061,0.31942399070951255,0.36240425637843454,,0.31497039413445843,0.35934812874127486,0.3014720959503848,0.17140835289882317,0.46303374707034484,0.17413216902580228,0.1880942505651649,0.15052980800568963,0.31913963909612225,,0.3275134543382775,,0.20815385294795985,0.09467239977657921,,-0.2815066481002019,0.445450926259248,0.2949239255363238,0.3996353979626891,0.25552379479816884,0.3132550098356267,0.3489706630589328,0.4155197183568284,,0.30778404739678505,0.12191074654033836,0.3212311533347293,,0.4336481943975697,0.17838265370307838,,0.3583876824572376,0.2474449932573881,0.23283251742333774,0.2957862496877716,,0.5016695557956102,0.2921056915345534,0.3943126564164444,0.1835536210922793,0.25923739608062835,0.3249710207643827,0.07825050769639141,0.23556322314458883,,0.2878544271862017,0.16689410795182957,,,0.24578119115121536,0.15364592465309174,0.23142735698763242,0.5259670457297004
2021-06-30,0.2801211017170267,0.25026975187607914,0.24880171853094968,0.4030829962350313,0.4277952448096698,0.4950832959979802,0.3255812158798733,,0.5147087774845036,0.49339562700166234,0.4435659089538413,0.2622014150463282,0.35416260792847326,0.32318723757891776,,0.5156745055278396,,,,0.31499603544754046,0.3447720006489996,0.3765880199279895,0.36399154435005787,0.35261965383187727,0.4351766424993569,0.41921536058757985,0.3483101874943766,0.3640559029008278,0.22692796622590794,0.024109103246560164,0.2640137040258087,0.4683971404707716,0.7078932997198042,0.3899800414796247,0.3736625939583193,0.2844505469650751,0.5091282349539202,0.2648417416671348,0.5838067154740122,0.29717561704573414,0.4164203508283321,0.3189214580483971,0.3820202415855932,0.3352539913007008,0.2555559768996146,0.32467033075628915,,0.31856119125066573,0.5154935304230919,0.2854950620648585,0.3177420532060852,0.2891495917879486,0.35112467373036255,0.3702061866960824,,0.27991683177931614,0.341272730034205,0.4183593815639786,,0.3005434529466684,0.3224269084730926,0.405022429424086,0.29662108652098435,,0.4966375337881042,0.3601189422428767,0.40873844392431363,0.5939292183323839,0.21640097155242488,0.6182539958459294,0.052298335690778755,0.49892197540818234,0.3638726131715983,,0.2816206318607257,,,0.2709789088792358,0.29066491798259414,0.37869450930065424,0.37544480884566506,0.27619400756148027,0.41836677442667575,,0.37503626915833327,0.28748664601777524,0.3476448382961431,0.41810472250886666,0.18927870285311713,,0.23167384621482326,0.32847094035980967,,0.2811277748323587,0.27136544615429353,0.8578595493240072,0.23885951954723061,0.3040174300219811,0.18562199419181027,0.3601643076183346,0.40196907129144255,0.5989907919545912,,0.30112384693095556,0.2337007880009579,0.21603076061089518,0.40128472522785624,0.2840084420592345,0.45639631545358567,0.30224140797896754,0.26026550447486646,0.1833286565297589,,0.22547881051567994,,0.3561622234518444,,0.39596394434320226,0.2853790499572607,0.6936352394010231,0.23480391072651122,,0.2960516553367455,0.3875481208900502,0.4061269125391133,,0.32108493167601365,0.35892793565210634,0.3457545933001959,0.36949710613364034,0.4811169284082571,0.23509288425789995,0.25250017722540197,0.21360748089218318,0.34488094187370333,,0.3400462436488054,,0.27199960276022256,0.2667065835678169,,-0.11454197592413726,0.48573539373837155,0.34215023021819285,0.39369015903759264,0.3205231270478095,0.3852707571365124,0.3941403913914296,0.5473257017208897,,0.365365513673986,0.30805516252222986,0.3371690787823498,,0.45501706641594025,0.2508866472635696,,0.4217335054534871,0.31207984809087086,0.26709958128764644,0.31292915337962324,,0.5077545685921718,0.34624699861509867,0.39934440244724995,0.24928498236996846,0.3174754486347778,0.39163769680638416,0.25036918345471176,0.2846275791665056,,0.311939216698445,0.23517914918104468,,,0.3180960586149206,0.21510496830270118,0.308551848774717,0.5444152016611729
2021-07-31,0.12861868331914497,0.09985211123103001,0.10639462631936536,0.2828081850929295,0.30589032278847217,0.2970793848819236,0.19221182525240602,,0.42974356903787236,0.318499577622308,0.28541417985596373,0.11633789986011149,0.2504721482619123,0.18384991476856205,,0.34151950360210565,,,,0.16254170998886497,0.19706646340622633,0.22851305149646745,0.20082127956639553,0.2077449268350108,0.2532406734677084,0.2974062532353188,0.19670964839102298,0.21815039866341138,0.07999642641188637,-0.12536461951880848,0.11600928598028773,0.3522167008983784,0.5892963782996403,0.22775955136437584,0.2204807292144507,0.132780844449784,0.29726638422321566,0.11829933725027521,0.5125107924960978,0.18639140394110948,0.299247649398905,0.0817819072431551,0.179015585191813,0.174326458281782,0.11358430775246127,0.1811596526317351,,0.16656148162054035,0.3122560457932387,0.1350300619011146,0.16604608817742852,0.17811550815042865,0.2153202794910706,0.21774186057883316,,0.1354764860970479,0.1978189855657779,0.3631673573885624,,0.15376670714258928,0.1955760053184262,0.2815444551218089,0.18280652226762664,,0.31008225549738805,0.18911568025464504,0.2864388687927334,0.40674843263745886,0.10341300085761622,0.42287438875682637,-0.08990056939459995,0.44765037579598327,0.20886804682382232,,0.1300865790776374,,,0.19924577452525927,0.14283754078473154,0.2202219186844571,0.21841159971737137,0.12668367067241376,0.29738327842877593,,0.2387747545367146,0.1320611414516922,0.17971549246207696,0.28838668718218,0.026141499841715966,,0.08482980195427339,0.16839450161812633,,0.06577935658024857,0.16058953571953052,0.8383237466557445,0.09650775065680724,0.1475592474570471,0.0349127961516016,0.24263413778296158,0.2773863089406395,0.3932250809892273,,0.1589304019660111,0.09018304016956667,0.09466031847862016,0.29686982160187514,0.14810020358519588,0.3494972530566554,0.15412500187559428,0.1134831611231684,0.025479410412509118,,0.07663249823536239,,0.25936603377140016,,0.23456432853853057,0.13900931792552615,0.4459986121981965,0.09557960240887774,,0.1507243391875336,0.2745971138612529,0.408574236849942,,0.17472545516426993,0.20694299950319814,0.1992393399677255,0.23522188557370152,0.26805147834858944,0.09254912349853398,0.10483318027376802,0.06612320157408763,0.16120111171094262,,0.1983456241897703,,0.12743930827346944,0.11150180804538294,,-0.2593280420706871,0.3712319518134126,0.18220319325985063,0.30705002566508927,0.1756992436394872,0.2727125190123907,0.2071362673424206,0.44192307965623717,,0.26775956930683303,0.19981163987377976,0.19298748687416645,,0.3433773894145018,0.10426623337361439,,0.2970622473988976,0.15675075412182668,0.12808389115639016,0.22017620755654635,,0.30382025405150387,0.1936758805152486,0.20334076556968056,0.09549430550117753,0.17157167334289838,0.27947382485649297,0.09863141276777203,0.1432321074786492,,0.17665990086386055,0.09041166142744166,,,0.15968017566937015,0.06669530806676262,0.15717147199083298,0.43949468145982973
2021-08-31,0.07417530313076491,0.083612874330582,0.05858781371765796,0.22384189183959646,0.22929401475148603,0.2703811659150533,0.11606811538343628,,0.48971415939526725,0.24976032539237364,0.19241734277545358,0.07121602197108248,0.1965829283497856,0.11305333387601423,,0.26655110317838604,,,,0.12589774841045412,0.15398891354904867,0.16580009563339546,0.16911543627163844,0.20257588449890632,0.2634982591278728,0.32097411961454636,0.18453233603446192,0.1640403564549658,0.04441147632081244,-0.07720821137818032,0.07893359164570614,0.2521073253580643,0.5013296324679748,0.1966782198141673,0.17769855468220663,0.10570218775789607,0.3148737814388832,0.0961025438905249,0.48991499228004476,0.20034287310428261,0.24881880482305996,0.1172909747960177,0.15715911043549113,0.14137576231449409,0.06241714596561549,0.12572348126476665,,0.12780506559460425,0.33781978542408714,0.09152002527082549,0.13871377722142447,0.22039623144361403,0.24218549800620837,0.13583523826372085,,0.09356971400969838,0.14781558432655154,0.35482435310808846,,0.12386169491566745,0.13315641193872077,0.2867823059061098,0.18050404379001656,,0.22567769261478482,0.10925225596501491,0.3293925449449361,0.33090866167133587,0.06485115526247774,0.4283046597124167,-0.04824418272893707,0.5248348092623041,0.15848478340823846,,0.08233389301619257,,,0.27436961089829265,0.09463804498302585,0.18457792917863122,0.21944495026603045,0.07460844953415195,0.24539991100527064,,0.26127226839563195,0.09424430817362721,0.1216759027391446,0.20017819609231624,-0.001714717633901484,,0.05005049875669173,0.1373822372350926,,0.05815125670878282,0.19100296691645344,0.9895127430584234,0.05903036516801712,0.0757259241796761,-0.00508616550788321,0.1997781301616023,0.21026517490589425,0.33133542108117015,,0.11147724624251112,0.05123709759079598,0.1781729937563542,0.2435297056060554,0.10572465679312365,0.40243231473256996,0.10807365890655084,0.11423358871247127,-0.0021641471904999283,,0.04789152084699518,,0.2673066313848926,,0.20960361791761642,0.09802230197211503,0.4491847009585872,0.05362341449261498,,0.06566707293000885,0.22227414178156285,0.43314359669754554,,0.0962289854739941,0.11892247158677868,0.16015517546282704,0.27048017097220994,0.2490427875116905,0.054851427648416516,0.06712235002775893,0.029846724969919733,0.1344573191732707,,0.13529156276363968,,0.0948160315966035,0.12405618197399447,,-0.27893374064531556,0.2885822324113843,0.11949414201683636,0.2538979113087955,0.14428123515006958,0.22664812700755071,0.18452413763986353,0.42609776176046726,,0.2396971618655293,0.243741101296365,0.1351252435294159,,0.2561657846779171,0.07179324994529722,,0.1955278292550436,0.1250253035898813,0.09092032555275605,0.15020128008279823,,0.2718283072550682,0.13823022605165342,0.1648421674884669,0.05682736571110967,0.1337255895552379,0.2356052703884064,0.11522043935415145,0.09230120484002803,,0.15200819943491004,0.05679970883236913,,,0.13122572847086608,0.025608002887168548,0.12996738084380474,0.3203739766671965
2021-09-30,0.09133054083377663,0.12052112236611283,0.09077003497482956,0.2544708789756975,0.24495186370883895,0.227332801070985,0.1404727079711083,,0.6036396782189367,0.2004854498397723,0.1565169912139388,0.10501821214719041,0.2407357276721767,0.1254181446329672,,0.30114133264797344,,,,0.13618665132643387,0.17584430620115024,0.17607259364001482,0.18529397222923685,0.30468403615802503,0.3352862742425856,0.4244493784701415,0.21753817177677387,0.16332693573987186,0.08725326637959832,0.04180131818003764,0.11184265914417504,0.22881887412605922,0.4402476682226241,0.21001955917476173,0.1924971893754032,0.11846396801020653,0.37989303773737687,0.1658170635512092,0.5416252177877675,0.30694717558655127,0.28734715361156055,0.2010795807208781,0.12195858329978261,0.16356203994646534,0.09240236133834391,0.13480500056055783,,0.15170775485920426,0.39838021540548557,0.12364274728190938,0.17004779725087443,0.3426460207455617,0.34505913225731144,0.13483002769261926,,0.12140978481767906,0.16510376900288287,0.44617502625224037,,0.210565871896976,0.1695837037266792,0.38989774395191384,0.30152058683144356,,0.1445591407216565,0.16384753196317436,0.4490963547771501,0.3638123486802014,0.1511165060870687,0.4810068896544311,0.026271933515528433,0.6629287374293948,0.16235955285744716,,0.11385333471194367,,,0.40957008405634177,0.11651207578661181,0.2001610158200465,0.3091373043837408,0.09819988203120295,0.2809267643452465,,0.36300112048709504,0.120820159843934,0.13051251901917313,0.20756585758648477,0.02210581944975258,,0.08981099057432475,0.15984047251350247,,0.03066985984920107,0.32503220446024533,1.148222230784422,0.0988285455012355,0.08248513598581758,0.03420578877458085,0.2485874698538929,0.23881075271155208,0.25400752073169075,,0.13763925935982185,0.0893957154353334,0.3149835778216514,0.29558838658738723,0.14053099782428896,0.5143044515555661,0.1220830004082235,0.19889263075321964,0.04387852149654436,,0.09031266475413367,,0.29459579841150746,,0.21417586628642607,0.12380416311148609,0.3742972791330696,0.08749993003448404,,0.0661085661088856,0.2664433104464588,0.541321364061082,,0.08920562318312894,0.09957094141709619,0.18012277721676814,0.38427296939101535,0.18726694655861756,0.09445171712646706,0.1026159260292171,0.06968028956128101,0.1087690034400106,,0.13736698857422217,,0.13174723232061314,0.2107767897610285,,-0.14839932661306626,0.3098981763812915,0.12432042003227392,0.2747200656159328,0.17662662096597648,0.2742627878631372,0.1651959101073993,0.4941005081254631,,0.2969916906313438,0.374765201662741,0.13682951910977437,,0.26837292141494073,0.11182963550599148,,0.22201328748001037,0.15070550505014937,0.11922572318672044,0.1934378232340451,,0.20570322244410724,0.15425272533826104,0.11270001607064681,0.08956221800896803,0.1616675253763179,0.28121235083139967,0.20675484985355483,0.12014342638118561,,0.17655438442035487,0.09921101865957391,,,0.1569892526310141,0.06332555867575909,0.16425280545592819,0.3220941133077192
2021-10-31,-0.012767355672159962,0.023263535206966703,-0.028052716197577706,0.11253995647173272,0.10883544608657243,0.20891447370483024,0.00475698438008713,,0.4332418087439115,0.15218689100890395,0.08176853347893011,-0.008818790679874273,0.07389292108027128,0.009339979997717685,,0.20308787994241936,,,,0.04777988754356508,0.07267212493822849,0.07184742171276867,0.10435774818462984,0.16073553619008984,0.2712554071141317,0.2890250199648429,0.12789106623945765,0.06396819982916017,-0.026876384452617766,-0.08396892012291995,0.0037770674011647753,0.08044642038315314,0.3164881506760122,0.1314134670810467,0.10336561277906813,0.02333121958537456,0.3718353015665478,0.04393596743351151,0.34370477846649367,0.13675148685100297,0.13844373670130128,0.18737876664216613,0.10202169354907548,0.07429146450288333,-0.02511413632366541,0.026846284170649687,,0.05468784803383344,0.360554917346292,0.017887696078409267,0.06982536349669526,0.1736813747850049,0.21865404245781742,0.03347114337710828,,0.011351068078282654,0.05647526896461913,0.21239430781472124,,0.07742555652607586,0.023812348173915796,0.23753619946470353,0.12808953955049007,,0.10070180374636822,0.04013946953757961,0.3030423103363237,0.28414867637629393,-0.026295233958870432,0.45567040462991854,-0.09814195967401154,0.44565374779135786,0.07044971826567807,,0.007514149045674647,,,0.20462022503173605,0.013935617127302596,0.11448532378667904,0.19992512697256828,-0.008631723555747926,0.14056759385787124,,0.23345246975120656,0.02617555747849681,0.0597829866375064,0.08067123571447556,-0.06342766239450673,,-0.021316074170209774,0.07280773785142516,,0.032727715013512924,0.14255521286539,0.9438494757384154,-0.01814736755068672,-0.018307508656299445,-0.07353418598472522,0.09912409215340771,0.09859048633724685,0.24989266586002518,,0.023461292971330757,-0.027005701098797505,0.19113772772090112,0.12289910502906745,0.01880987494623309,0.35735102039792854,0.023613532723845327,0.07960970216664054,-0.05524429270947272,,-0.01737413381419236,,0.13003232404595857,,0.14165093594867792,0.017129117454958685,0.44735461498674084,-0.030617823800711135,,-0.046933135087477595,0.11060725518112532,0.22726285376412889,,-0.017694923742171624,0.002791456777889139,0.0815870272447821,0.2591181830649216,0.1937796146319202,-0.02326440251687094,-0.0074180381375074135,-0.04227340573123983,0.05867292663327305,,0.02944666360746373,,0.020551483084272647,0.10203557356495217,,-0.3016901075727513,0.16783928140540713,0.03559631580795565,0.0900644666321714,0.06922932733697802,0.11844273599306011,0.1241970921408421,0.33371098748654543,,0.12602677463053033,0.20890314462042064,0.031551931806829955,,0.1183845917555404,-0.001188537550661782,,0.07919466769105848,0.05799228589585325,0.006009551103658446,0.012793566991181888,,0.20005061234198818,0.05727865150479376,0.0853282351101483,-0.011624922823211979,0.05572824517063451,0.12734817439140736,0.09272579745973392,0.003916251365507867,,0.06700195313956259,-0.015543595862095453,,,0.06722854782202939,-0.04775356563993184,0.06305201176618887,0.1625324067217409
2021-11-30,0.19987803968240084,0.21628856327820953,0.1577403564649029,0.2504838130384916,0.27754916979628796,0.5297243461134972,0.1646861222100044,,0.35798845897628034,0.49153146791031554,0.3913234699412276,0.16209838533065363,0.20792556284123953,0.223549289850663,,0.1619453129905159,,,,0.2955893229414713,0.25425195099933634,0.26316195535604314,0.28951268253034756,0.034505088212463016,0.2108689661874322,0.21088914654750063,0.2934405138489203,0.3209517196191999,0.13246906603765649,-0.05884176696565089,0.18394086414996527,0.3627324865240236,0.649298000755547,0.31912839397950477,0.2962705226315577,0.281943896058366,0.2807674367927672,0.08640404751422452,0.4121160775014975,0.0978700690511896,0.2483378590315936,0.07097823751527657,0.44070531880813163,0.2481755371269935,0.16488954712692167,0.26330906827611184,,0.2401435030175199,0.2872678953247314,0.18055228173432822,0.23514843704512045,0.10367322963627539,0.15422049449872102,0.24663089566176896,,0.20572405487397383,0.25711361058578047,0.23260439030849195,,0.0194746551089116,0.15825283849886806,0.1341630311558765,0.009313117885274886,,0.5240413756601136,-0.017513773326898085,0.17474092672372354,0.1930909225445617,-0.0030666197315080547,0.3717235074855762,0.09805622355755642,0.3421838712747813,0.29741419870410546,,0.16770622468021165,,,0.18705616790283924,0.2184122878916371,0.2983686391548414,0.1148668385010663,0.18564630577223584,0.25755692679253445,,0.15390330452067183,0.21156412793846024,0.25519151940178814,0.26493205946388354,0.1801305668417078,,0.15092286419447043,0.25459419985648585,,0.3933934098312913,0.015044252541586122,0.7303454024756469,0.15388575768352955,0.1980760744169361,0.11269725521104887,0.20295135454455498,0.22909639480672297,0.6130899589359458,,0.21073772835343327,0.15038996211635802,0.14978460975647495,0.1965216485313268,0.19454282026508718,0.2720377807622944,0.2572899347980739,0.08826588738877297,0.10688442432014966,,0.15103644883913672,,0.4016396560608418,,0.37264386974041613,0.21568622577443813,0.7736060841026952,0.16897672188366475,,0.2028364570432045,0.21596029370053574,0.2899439536782314,,0.256711871252462,0.2922514780515697,0.28008245060086345,0.1550923864887262,0.5854414891553321,0.15019622683699607,0.16718674425111457,0.13529803541960037,0.3965120950924062,,0.28289783523143297,,0.19068016945674163,0.09839375710425823,,-0.3224003302072912,0.2927272580648602,0.24972018195296253,0.3215320915304763,0.23613863858271444,0.21807354747321672,0.4155319636979504,0.31249476338789306,,0.23744884024872803,0.10584202306247789,0.28874459760715754,,0.29054403524134814,0.16133925463269153,,0.17484730215045474,0.24162246338448934,0.21959808649514043,0.17180122653113267,,0.5955155317100428,0.24319772010902266,0.47689763882811276,0.1670303679442419,0.23416962814561543,0.23600948338045893,0.08621758248064941,0.1901631758548645,,0.2954444738517272,0.1476885308732824,,,0.245448139881708,0.13150878936570615,0.22163704531873832,0.31016241762935354
2021-12-31,0.11958969986616738,0.13048699644759007,0.09079512902748638,0.12780480578103418,0.14709465872343733,0.31942008477127215,0.0882458486987736,,0.16321214864332073,0.29161174996368516,0.23636256915127926,0.0972255680895305,0.08981110599548772,0.12867660897229524,,0.12052043313240299,,,,0.1743915359682609,0.14874730391012178,0.1543655764254514,0.17703758240913456,0.02188316990598901,0.16405400648162966,0.12145570262166848,0.17535700283478425,0.17950856594386932,0.08189217073006434,-0.02565528280660425,0.10984733568063956,0.16587269017377979,0.31405020116683696,0.19367813295687905,0.18012544667919217,0.15631538099824532,0.24534806559436215,0.060412884360187886,0.1656823748513566,0.032401312893278265,0.12097602576241358,0.11978689863068388,0.270786826266774,0.1510510823052295,0.09653426689661275,0.14724269537288168,,0.1456735754164698,0.21069521037015074,0.1125621920383912,0.1386602311040084,0.032944523273117046,0.09357151312177445,0.14917270945748948,,0.11965036263490192,0.14613075198955358,0.05494613196256321,,0.027590120191792543,0.07710548611321634,0.06953832661478383,-0.0012660339837326884,,0.2952078525855743,0.012569822486877196,0.09087829248899645,0.1525069942072373,-0.017703125887421824,0.27870624063643457,0.03496310150874984,0.12233294352791955,0.1730779824191039,,0.1063771527713776,,,0.04387029382806501,0.13281626983531505,0.17989488603324083,0.08804442641320591,0.11291145315429248,0.1329209370517133,,0.09112057077647115,0.13306189726046613,0.1771440446601896,0.14806331728995625,0.11627235519888257,,0.09268106061683064,0.1565738978221582,,0.2636035721074579,-0.01546429787805278,0.33408265371340956,0.09080337145748885,0.12228036663513228,0.07689341498178631,0.09906050723708525,0.11939708933386105,0.37190361570058117,,0.12026477079996231,0.08872959748287015,0.09391674211429321,0.08203105748661035,0.10884275261494418,0.1259583889174394,0.1515939537789155,0.06276728390586153,0.07907726189745592,,0.09458609039241477,,0.15455364994814344,,0.22028337615941837,0.12617665658876162,0.497478152878522,0.09700964374921256,,0.11771005221091674,0.10228716900622406,0.011011751663253149,,0.1445440314932797,0.16933684424370074,0.16497518448295306,0.09941172075770752,0.3546176133078113,0.08786727487623477,0.1008822924263761,0.08391307013231954,0.22941096190712632,,0.15760066019055216,,0.11175019714041076,0.07218313038798546,,-0.15305402615490452,0.15863514168507986,0.15632828590367548,0.12024681258937298,0.13657160790794892,0.10273024935756343,0.2511217042172297,0.14964501348147877,,0.09903329978331765,0.0441610794368399,0.1597753069339293,,0.14541655254357688,0.0951810861693305,,0.10399588654310796,0.1476254313589415,0.12345166860776052,0.06674219959851645,,0.35349404497237263,0.15039545066372012,0.28126970899711634,0.10706689125986782,0.13703173988353068,0.1121881081927462,0.062219662064935344,0.1101972091760063,,0.16064065457656385,0.08886991358589748,,,0.15017395949039003,0.08355786454777692,0.13242460546354481,0.15713838621623716
2022-01-31,0.3777825696434069,0.38984674064709957,0.3767513151828033,0.4681088294806577,0.47022356251676584,0.4365712049941184,0.40641558513125925,,0.6321490374608267,0.4411945589369193,0.43076045414919767,0.3835091303033394,0.4604963339140342,0.4046257694402327,,0.47159253426816156,,,,0.4042428153527689,0.4218330264114463,0.42543329837212074,0.42121699526340367,0.4567303108749612,0.4864250398905515,0.5431259969467037,0.4405903669377913,0.41947945902152994,0.3717104081168965,0.3212998210045626,0.3859110614720261,0.4550154118330854,0.5626666265340499,0.43582212977597107,0.43452444870198836,0.3861049659693077,0.5196941557922296,0.40582160268132556,0.6086538870395715,0.46996416151621817,0.48005748953881366,0.3896698647097045,0.37683499304674906,0.407594324748259,0.3802929349621397,0.4037746460985083,,0.4091820965337987,0.5046286680637357,0.39342781423480044,0.4125818293056221,0.4807506868730451,0.49262406543676596,0.4071193034251005,,0.39391073969496,0.41834347794167204,0.5535654627267413,,0.42516612646866186,0.41700615889666065,0.5146619897753368,0.4721702388720106,,0.39878270657179166,0.3909445513880111,0.5402025712138537,0.5034577441048046,0.4001102135214031,0.5754239726044047,0.3128750226889999,0.6591089536716993,0.4141388124616132,,0.3882973689553009,,,0.5193823943652803,0.3954773242561015,0.43163832446079586,0.47116382831391335,0.3821480788435518,0.480226654565616,,0.49918766404739506,0.39225957218572716,0.4079378210832932,0.4532435394988763,0.33713435773201345,,0.3747732660870086,0.40844001470796554,,0.3339469486434035,0.46792946677787095,0.9272624380353915,0.38053952256873785,0.3745441726171096,0.3479084255778964,0.4599550124951803,0.45934011486064624,0.45839009419273075,,0.4026714671674296,0.3750246232816745,0.4856880924682785,0.4828593444464211,0.4054736242318004,0.574754692460999,0.39840983785863543,0.41897599525090007,0.34844973877822,,0.37397557841149515,,0.4646333746900222,,0.43948239020885504,0.39483179111573957,0.5111064431294836,0.3781022699507076,,0.37294312672434954,0.4711612617535021,0.5866040087472428,,0.38368856927078815,0.3917547442908809,0.42787515068978815,0.5151271527481245,0.41221428090995277,0.3773959605237593,0.38097128466481595,0.3638641670390969,0.37101787418918536,,0.4086597362406606,,0.396478288317862,0.41950590260669146,,0.24078240193513492,0.5107942014723542,0.39797278061409064,0.4737940899662704,0.41999147612665594,0.4738538904898396,0.4038774235215574,0.5799809914899073,,0.4847923651677191,0.50576660229486,0.4052347163984327,,0.48510193473194374,0.3829822056455956,,0.4633699561557075,0.40597572402287646,0.3949536866338627,0.4449760551756372,,0.42564082601853015,0.41468501185537965,0.3760384217459871,0.3748471198398657,0.4141282684876378,0.4781389516629843,0.41657621660221217,0.39520937089933167,,0.42499296682303606,0.3788412624869887,,,0.4064327137291662,0.3618719401315479,0.4100957882023029,0.521860436444831
2022-02-28,0.27537627656822783,0.3248182311187206,0.288443165178382,0.41514988788283647,0.3827695334832198,0.35917343855366846,0.3174397818920657,,0.819726224156038,0.29719676525475447,0.25388465344496564,0.30615311525732036,0.40916946098917967,0.2843867235819403,,0.5242304546228063,,,,0.3014805309322378,0.3539580223439295,0.33830564107314715,0.36970003113967737,0.6046678099170648,0.5997391676513314,0.6689467236157589,0.40763252211591816,0.308640366919984,0.3040293364000629,0.38165496382071734,0.31261481947773173,0.3237713196112566,0.4680329238378752,0.3857576718991108,0.3589624218997717,0.29640323894447307,0.6392511733972742,0.4160465144005823,0.6750044134494193,0.5736136518549403,0.4577052310795588,0.5563915083814184,0.2818512799550368,0.3591416242300912,0.28429854883087025,0.2952566033706039,,0.3370668231567146,0.6701034452585417,0.3234354622453382,0.36831142164089253,0.6310550015422076,0.6150003665138728,0.2883957896806978,,0.3096363263366598,0.33407361271560815,0.6337374260768008,,0.4848585234611374,0.35828032831938794,0.6525269484102204,0.5868374654726087,,0.22904385236950228,0.43476581290600336,0.7273793066078074,0.588615465549236,0.40249234608559753,0.7021619211126188,0.3050973495046074,0.8845303538077663,0.3246692472834633,,0.31516274076263034,,,0.6733150831035252,0.2960354928376964,0.3769289811659741,0.5862180890442907,0.2875704658015374,0.4468608848931116,,0.6337950940988037,0.3156448786334378,0.30085253977779286,0.34220739006839074,0.23009723644673458,,0.3001913484597882,0.35220615829528146,,0.21021695899112847,0.6363327648392529,1.3026494826700727,0.3046551322587086,0.2581061145707655,0.2502173166326904,0.4351203920338032,0.403006736491959,0.3399734539398365,,0.3211567803653956,0.29559145384661567,0.6046293252885193,0.47661926615621186,0.3288046410481362,0.7636424064082163,0.2904986889686053,0.4669220425556197,0.2757408513930973,,0.3057389940201135,,0.44764275576903356,,0.37477439217846026,0.3105931678626328,0.48129439735109464,0.2813323237441576,,0.22186426690981645,0.44148474177936603,0.7166089481436644,,0.23401763291300465,0.22943217292154083,0.3497487993301767,0.6604540219174436,0.31074316807330515,0.30152873841482675,0.3076833381265146,0.2831440694144256,0.2691021326193782,,0.284380900533839,,0.3327847964802198,0.490459738678775,,0.21137367302308055,0.4377995451363087,0.29265124376436025,0.4023445212177185,0.36728069338874825,0.4534212648430088,0.32653947980246856,0.6796175300043424,,0.47501670493700204,0.6606358414057554,0.287703462463138,,0.39127129671052785,0.32359808112469945,,0.37645300060587544,0.3425952510226856,0.30150361982634627,0.3502027842406351,,0.3134080324274949,0.32734015149828094,0.24447522558071594,0.2957066390645649,0.3474836611467285,0.4557351828772958,0.49114438486890416,0.3057015921463578,,0.3439050795034576,0.3115638241281044,,,0.3530559826320052,0.27450011445613753,0.3661480680137443,0.41696743465610236
2022-03-31,0.417328462450242,0.4448241976820511,0.4346176273501229,0.48280554167284595,0.4402437599476997,0.4409543109194882,0.44584273238988376,,0.7388143408263235,0.3664916719078654,0.3218898499846844,0.44266708283597034,0.4949300334184923,0.39644885927633505,,0.5917355720431285,,,,0.40591759243397396,0.4514015357937995,0.4335966165989428,0.46486917163757374,0.7101016778068961,0.6127200347308875,0.6439883506806757,0.4767035961880194,0.4111666043806608,0.4510865718518756,0.5879475541967141,0.44532130677666293,0.4390629841878301,0.4915606060332544,0.46418268711980193,0.4313258958895904,0.43715429574011916,0.5666911695852629,0.5334787315806893,0.6561006812669931,0.6616075118088819,0.5239518967800303,0.6643088503157721,0.4245778755790129,0.4736691696329761,0.4226769321042009,0.4144693137531925,,0.44082232368476293,0.6799389664289943,0.445439338566348,0.4779343166107263,0.7130565708026804,0.6473461606261912,0.3995230412920268,,0.4338626029636454,0.4375921456654056,0.6787676910292721,,0.5895639791073592,0.4853142671592891,0.6852417274010385,0.6576622040605067,,0.376917941413158,0.6007489507629022,0.7316547153790376,0.6154492374401611,0.5522838415252683,0.5917752181780347,0.544750326281668,0.805420794789266,0.432775376143813,,0.4427666296006303,,,0.7311759916944408,0.40946878360600736,0.46135221209380517,0.63862561953967,0.422283148514957,0.5022217981930103,,0.6679186621758524,0.4334050256706049,0.37791298104680604,0.4091559964026324,0.40095608834376667,,0.44091978269406995,0.45919484727044185,,0.3642487942376325,0.7396954468766704,0.9248334672976707,0.4422954185977367,0.4042243019983889,0.41005434200952373,0.514413430583218,0.47987924376851593,0.39669680753280945,,0.4405997771069518,0.43998510707426175,0.606439502245068,0.552252235370657,0.4437645891362035,0.7471274067193614,0.4027551409857188,0.5688729743312746,0.4329912239568888,,0.4450880844111049,,0.5807198475292485,,0.44783712423839844,0.43329520364320867,0.44956218564081646,0.419310433574342,,0.36958306874894886,0.5141963994952956,0.8088209932690215,,0.373935684362383,0.3568691451455217,0.43249376541974194,0.6608614600369374,0.4143633075382467,0.4442965041195254,0.4451551850809522,0.43535674623793374,0.43165368076337696,,0.39670972465230847,,0.45521870116558366,0.5932494894515162,,0.4725571985783045,0.44635679758704855,0.4064069888611583,0.5100615852826431,0.4674601176814434,0.5240956712969659,0.44196097210351304,0.6578306742191893,,0.5424969612461062,0.6971350692801848,0.40717375658332966,,0.4420890466855549,0.4637158894930589,,0.4296630879094564,0.4500154215497281,0.4228914420407614,0.44460595586412666,,0.40895750888753174,0.4229833981007824,0.39593016045952395,0.4328805829478511,0.45116741020142753,0.5209838679904031,0.5992014294825735,0.42964541761935177,,0.43653597408888606,0.45106621401494684,,,0.4629115759683852,0.42679507303004705,0.4761284108038636,0.43071645353307686
2022-04-30,0.39944818835233553,0.4467245245274798,0.4182304007658963,0.45149666944843986,0.43432350709179557,0.3615939701327644,0.40677659991320336,,0.6574107546175907,0.3534176241405538,0.3638659107038983,0.4234301702825118,0.46547672785239363,0.4057637619841157,,0.4172404847353334,,,,0.418921936178163,0.4288063402470806,0.4093055884962713,0.42295667352879956,0.5069593974829879,0.5167558906176769,0.5941387213506091,0.4648492893618185,0.40251568227434115,0.4315043971997416,0.5128584973000472,0.4273980655473058,0.36208503221916205,0.3681063517417347,0.428321627817136,0.43208124883781035,0.4088788290090424,0.5415974464298876,0.4721433075339441,0.5385051551083111,0.5464221776237718,0.46289930535292945,0.4734570374585613,0.3439657529201351,0.42000273411098327,0.41869111455260977,0.40470471279417924,,0.4291183149705811,0.5022320707232372,0.42687195322844423,0.437484939010218,0.5755679868774757,0.5641700684644659,0.3817938036021731,,0.42594119794521074,0.4208206583205779,0.5614055191222829,,0.4862533063261744,0.4263832604160178,0.5557319039518085,0.5580604551849079,,0.2749310441755999,0.39161372157017044,0.6014225214644097,0.42588624809112013,0.4783063433388693,0.5453592692672538,0.4582170793918676,0.6989202729517121,0.40121240508941053,,0.42133431601715343,,,0.6313088448746477,0.4217188171805133,0.4272136511792724,0.5207713484482912,0.41053019108511024,0.46369494271972367,,0.5585279359249795,0.42506679258160446,0.4133726853613344,0.41480504937008295,0.40328341339691487,,0.43241654684330644,0.42583146286082774,,0.3524080973411802,0.569703049427716,0.8937846143398019,0.43420113448408787,0.3772669197085995,0.42117357654078963,0.47145369711156215,0.4395502320703934,0.3207327087483642,,0.4240397284193658,0.42856850839018007,0.6483676338388422,0.4738466557168132,0.43938969113281406,0.6138440977537005,0.4161523429954074,0.5029265188788238,0.43078537402964795,,0.4376252916172896,,0.4588973484215043,,0.42687891360578506,0.4243410084671025,0.3747877593264366,0.42880521050382586,,0.3704655148344262,0.46686918293107815,0.5906188284731974,,0.36948549811384457,0.35681866110332555,0.4371963623906559,0.5927366079495654,0.33350803871162926,0.43145540880557653,0.4276070498582127,0.42676742288076513,0.3496009905276163,,0.3988835384926858,,0.4389045078485209,0.505645525849537,,0.4734400662684606,0.4606199175680422,0.392711625283773,0.440332602470141,0.4439872578443432,0.4738903400061009,0.3763317449951188,0.544274734258079,,0.49920443458130764,0.6068179757801524,0.396444199283512,,0.43258992474394653,0.4328353694719205,,0.4328702819312099,0.43093166046330794,0.4331075895991668,0.4601491001982791,,0.33025642487589113,0.41721585736284733,0.3199916023733602,0.42276330552846436,0.43542949722131147,0.4758564437528553,0.5111703372539464,0.4228721233250327,,0.44937755805266283,0.43634560587557697,,,0.4295569782455973,0.42231960305359273,0.44045985447581903,0.4255023858420169
2022-05-31,0.354338179423291,0.4381633800876934,0.4025606975394439,0.43774872874460785,0.37644707091429735,0.2114426117995148,0.38961974265553107,,0.8650863051540019,0.1462402073399042,0.1720234852069384,0.42488867789240164,0.4536746203369035,0.33357537952586125,,0.6220201195652729,,,,0.33371579580816263,0.4056587059074301,0.3637463226527767,0.40987864243445143,0.8356572425317005,0.7846513110751112,0.8372202944244663,0.4703771532908183,0.2892236752928457,0.45597002915571794,0.7529144678723096,0.4228810521755237,0.1695107307888133,0.08620241296705942,0.4065307659453118,0.39378841089764255,0.32403681339244894,0.8479231174750248,0.6214886303688888,0.5454270513116879,0.7646723387807889,0.4793995852814371,0.8827459157352281,0.2018559269808854,0.42321209942192506,0.39474949050595476,0.318505949411412,,0.4106698765371062,0.7973686522281652,0.4367761118072011,0.44660058781331397,0.8398861786302412,0.8205000523803239,0.31076768472064936,,0.3980444175664318,0.3719430878171437,0.6430454238194286,,0.7369576397620179,0.4380544628138073,0.830486387624162,0.8571496126493973,,-0.010636080721741522,0.6423633865757952,0.9135331759070318,0.6801695802317939,0.626712375706876,0.8083107098478882,0.5039920225438156,0.9210087967871883,0.33023038566417734,,0.43429511560541595,,,0.8200003671425798,0.3798879034013277,0.40705570424986576,0.8055747699360065,0.3844042486530182,0.47281961722108773,,0.8275826883301749,0.41529026438636607,0.38092484614919125,0.3435386973497895,0.3586279797027094,,0.44150477017862705,0.4201444558196213,,0.2144938994509262,0.8972832879062965,1.1578581350653012,0.4377012224958227,0.322597126953835,0.4237369321915154,0.506297851652263,0.43540272107632055,0.09999159608636501,,0.3968303900703917,0.4280564361750236,0.9023172634044565,0.522350536397553,0.423407071195028,0.862626096477291,0.34188154312601643,0.6972496788947997,0.4702383185563096,,0.45542792072373134,,0.3231227954156566,,0.35797980605287705,0.3928586351872926,0.22952929914941905,0.3983073531804349,,0.2663116236066618,0.48856882285129205,0.6036405346634676,,0.2377836540336926,0.20282209415956404,0.3938954989452533,0.8879880844458843,0.1250614205475618,0.43463598649751867,0.4306850638088565,0.43362444882403556,0.19879837102745226,,0.2867407560307846,,0.44217740394594474,0.7241766794036847,,0.7561250354766786,0.4288742472086495,0.3378098798437923,0.3076570974996625,0.44269958784721186,0.5041073914494572,0.2682368965876718,0.6821326353817914,,0.5142436049034729,0.897036230030494,0.2856231301685917,,0.35465246870083833,0.45111719056971117,,0.4470975833364429,0.42120934860725395,0.3829388898161199,0.41186470855183305,,0.10109882877806149,0.38747848905344345,0.10694938394232767,0.42599052689411687,0.42051736974892473,0.49523099308938523,0.7344945995972177,0.39727960022152037,,0.37584980391124057,0.45364366131528466,,,0.4291716172571765,0.42588508264008507,0.4578746924673609,0.3405953677968491
2022-06-30,0.24955180505438798,0.32021603062489407,0.2959861077649828,0.3325832142137336,0.2664983306913655,0.12043056999450626,0.2926242373193738,,0.7452038523837498,0.041654840907715776,0.0537201016649037,0.31781986728812955,0.34832474597355506,0.22176472101769135,,0.5563476409046614,,,,0.2161307834889883,0.29766856857702156,0.25929160410249813,0.3057579631203678,0.7685460055975003,0.6794080960634271,0.7149558687951376,0.352713473272143,0.18104675724902508,0.3477810502949619,0.648377726346986,0.31427659361818105,0.09069470233356722,0.016614624152133498,0.2997606023702495,0.2776634763802039,0.21966695817927392,0.7144616346339229,0.5192371205705201,0.4559299389573473,0.6704685315254731,0.38120235252530643,0.8044771483049632,0.1138992656174644,0.3235050425862257,0.2846539403432066,0.21113905405129224,,0.2990797796000623,0.7137077487520994,0.3282309021480279,0.34177889324931743,0.7471351543124842,0.7107527842949943,0.20842129816787233,,0.2871766398893605,0.26412357423342875,0.5534857441234216,,0.6450611816854609,0.34442461128101187,0.7370919832973989,0.7574105241791227,,-0.08000962916783938,0.5923031770792458,0.8127961528846135,0.6155122900226776,0.5324012574115281,0.6817814065205375,0.4105230418632172,0.8062111764523736,0.22768301655638945,,0.3274161432481158,,,0.7122012552641852,0.26351330832540265,0.3006888140635194,0.7100462478916151,0.2765810262552734,0.367613648796772,,0.72606202064553,0.303154030368596,0.25649683497967535,0.23251656888208166,0.24589953542156284,,0.3299012805113146,0.3138772217688828,,0.10454734639480105,0.81551906648084,0.9923696396160977,0.3263030170655531,0.22329876419133315,0.30819737015193593,0.40197221398489924,0.33430585334265445,0.012893908831926927,,0.28899854121777613,0.31833699439876173,0.745881134989952,0.4295254092026708,0.3107264179178492,0.7618912238491511,0.22561527897876132,0.591332770335827,0.35597808976995843,,0.34241258461929663,,0.24314280634442853,,0.2467911130059835,0.28217478438100674,0.12636290964903613,0.2830970401423885,,0.16176074194188156,0.3867614623820091,0.5445624812163953,,0.13419405908609253,0.09898770113341647,0.2768407542303047,0.769802892585005,0.03615575994773386,0.3249953692350785,0.3221405682099893,0.3229641213763872,0.11333428032763965,,0.17704981004490566,,0.33172163754491923,0.6226214700367867,,0.6398943435183977,0.3102066531361745,0.23144826075264924,0.2186077795106671,0.333054400850635,0.40200733315282744,0.17349974853620798,0.5870236065387319,,0.4079198632975262,0.7866446943749094,0.17949094955515085,,0.24731918473198972,0.3456578617688395,,0.33566379006870856,0.31089050930207596,0.2664058710010775,0.29657934598273916,,0.013333313892223836,0.2761228602525518,0.022076012287328486,0.31530689593129885,0.3099405332578492,0.39127319667052785,0.6327292427164415,0.2871947474470946,,0.25579776759738465,0.34348117953509666,,,0.32260236310333174,0.31471096078983474,0.35141749894376284,0.23423720695630737
2022-07-31,0.34560515785946494,0.47173518012214805,0.41413438870349434,0.4210076151661668,0.3345140808625652,0.12811872210808553,0.3721373953304681,,0.9753229884382212,0.03260018417158636,0.07266091537176919,0.44318203451337307,0.4461583903496903,0.3054446480245924,,0.6511860701766224,,,,0.3177460972526642,0.4025133418526828,0.3370655216388874,0.4101633849843283,0.9657042502651443,0.9100284167069627,0.9677912205470643,0.4964806455621674,0.24104813777279144,0.49348006380398834,0.9391883208130337,0.44231304269735533,0.03418846338563522,-0.1251835947424859,0.4012057964836623,0.38586865134149156,0.3069296989967121,1.0021298080270953,0.7069369255912884,0.5095830303784636,0.879704491439115,0.47149597012146643,1.0785940137853833,0.13875294318260292,0.4311455438009427,0.4030425427814301,0.286636173719571,,0.4176656806201577,0.9136931882786575,0.4569748620159519,0.4646966152788255,0.9845287132708714,0.9601187922550349,0.2663345031258741,,0.40485556485998986,0.3556479310136571,0.668012164758991,,0.8503465705824044,0.4353987513140991,0.9504236515236103,1.0050270267866912,,-0.18732636870335861,0.7018011749950637,1.066873051832628,0.7182942211213098,0.7061898781933403,0.9178231304331461,0.5930862417454126,1.0404818211147489,0.297935226181141,,0.45380984477259506,,,0.9549866949995635,0.3809629180689347,0.4020752194571417,0.9359488394885881,0.3871599935700508,0.46599267478701356,,0.9618398465563359,0.4315209167805558,0.38061859671759474,0.29448645442532506,0.3790172212390887,,0.47439694489614853,0.4304811454453164,,0.1891037566119233,1.0597923195661327,1.3003494334792527,0.4658342227810694,0.29664300348524925,0.4618876639872467,0.5215320202874298,0.41749445508931604,-0.04346792497389602,,0.39661436609793704,0.45364607608531443,1.1124074634331584,0.5249686984333627,0.43533550099290586,0.9845317766929308,0.32809638355693627,0.8130083270356943,0.5281768921404696,,0.49612541176556973,,0.2660223654696841,,0.3368455175029274,0.3976114352185153,0.13970726127097235,0.41351656117115443,,0.21900144288275863,0.4888473073387698,0.5886158133946896,,0.17664562243523582,0.12367167371802262,0.3896242492578205,1.0500746044748994,0.02099192716698957,0.4619155803999258,0.4548005235529197,0.4671433796875571,0.13318613718595027,,0.24040518088821555,,0.46637168061303697,0.8507546388835864,,0.9657994246434438,0.3929242307027174,0.3142489534640617,0.23087864045112205,0.45753131875911623,0.5106991670208049,0.22141218249578312,0.7154307392308564,,0.5257628137917235,1.0625017765559643,0.23973866765990362,,0.29409391231863324,0.4815665492100189,,0.42930003651177406,0.43461095332260447,0.38748811659124505,0.3957858750290121,,-0.02152511961551853,0.37960656946368215,0.0028190915850896865,0.4521120303359867,0.42848664974980266,0.4982782824662925,0.866932474709389,0.4005472806362934,,0.3702968100997321,0.48880357758530885,,,0.44433280107893663,0.45651738232247785,0.48204367871714277,0.25159097718554774
2022-08-31,0.09575524356002861,0.20675874656899262,0.13968578735289275,0.1729359835010043,0.10425060803967819,0.0218934855468468,0.10922518094931878,,0.6870749137569084,-0.08570709202081961,-0.08723593791226358,0.1700437491970031,0.17201374708655606,0.0628068120639487,,0.40706610008847177,,,,0.0941792180139055,0.16386553864002243,0.11144093568238399,0.18896169476604516,0.6275301023273251,0.6394262044575103,0.6563353289694828,0.2578340260364957,0.03435214856273318,0.20508900848572473,0.5420598744470504,0.17502512561296266,-0.14177696133764586,-0.19290600666890745,0.1895279156388052,0.16316570616958057,0.07904178719982277,0.7579736191935132,0.3921505246088829,0.2851895216656765,0.5361711306048274,0.2186709339317065,0.7788058418113886,0.001846988763232056,0.19494496839331563,0.13141229284346015,0.05718648046992813,,0.1730979408346179,0.6821702812365946,0.19135672483755797,0.21482821105925268,0.6308687813225615,0.6379082818528775,0.046162041682718986,,0.1458137015814921,0.11978455240602066,0.36112614929291964,,0.5124684561973779,0.16133440707579758,0.6270803685935463,0.6308266408804462,,-0.2657500897156049,0.3959309093245695,0.7392157084528059,0.4902511549760023,0.3503176403250933,0.7070537742450543,0.2654004068535774,0.7235623737222976,0.08580315144295127,,0.1860766164161491,,,0.5977127185975147,0.12943526740875058,0.18266382293696298,0.6234657460025886,0.12819995873970094,0.21704670544455154,,0.6435001746326057,0.1774298467954916,0.15322538397044766,0.06836041818282333,0.11562684535893927,,0.19197855027083385,0.19366452493830272,,0.028576852570648063,0.6787311331980395,1.0601815292771681,0.18349388157508156,0.057507741601171794,0.16859971783007383,0.24664152240399548,0.16782735117067785,-0.09750439187640085,,0.14124640855930173,0.17198386123121912,0.7443620137141257,0.24795677624316956,0.16670208240391082,0.6836831250170968,0.091745960570076,0.48693905758687606,0.2304605244870852,,0.21163037941796478,,0.05091619433161482,,0.1428237315378404,0.14309446813043383,0.13211907910515064,0.13714205023846654,,-0.01854587115036654,0.22129748986748607,0.27436303053022854,,-0.041506695730577234,-0.07410336060288847,0.156181331497573,0.7193166888875646,-0.05620445342822826,0.17904544624104707,0.181133000339872,0.1804108168923445,-0.02667493986894675,,0.020464981175042505,,0.1970292992097297,0.5286247888354109,,0.48958725013461346,0.16208982589327908,0.08982716430357965,0.0006419121859201197,0.20482175755453552,0.240855939479767,0.06316796118355264,0.46148659899839434,,0.24785521318444276,0.7001096573022058,0.02245715096972114,,0.06901563631829644,0.20356578535535322,,0.1681670821063007,0.1897116985995578,0.12812533376525986,0.10731076713878708,,-0.09360179248493115,0.14324301119718583,-0.11372164697805887,0.1811996348296364,0.1783971744693292,0.23384262422453272,0.5367841549982677,0.13774660744585415,,0.13182139981419558,0.20375816917576117,,,0.20201950062487473,0.17066391480605278,0.22607772712189858,0.04248406670207817
2022-09-30,0.10161582171962412,0.2226285500877362,0.16572937530719453,0.2361024220041524,0.1474009014469326,-0.07355042242833046,0.16106712421156338,,0.896927049468885,-0.18689369496665828,-0.15187117481348947,0.21058055375545118,0.2307443265892347,0.07057306124199854,,0.6486763231130817,,,,0.06586301831300935,0.19367467368639332,0.13753217100274476,0.21578386789636794,0.9139291073873073,0.8891999070740921,0.9001730763574772,0.2971045088795933,-0.003646922774923172,0.25440469932629634,0.6889713843220339,0.20543484046311306,-0.21325546843507584,-0.32262173379271775,0.21410831205314834,0.18765220967668048,0.031384678700233905,1.0577332570261526,0.5432373881247783,0.3704925851385905,0.7314702950755096,0.30056933712819955,1.0850809207040695,-0.10989111150293655,0.2303617094728636,0.1559863800678125,0.03815662558239007,,0.20138833043564408,0.9369593121417555,0.2413255038362581,0.25479247092495494,0.8445801362728683,0.8690243279901069,0.05980575435320748,,0.16390357749268247,0.1324022811304838,0.482000885874434,,0.7560064853904831,0.22793031723857,0.8898085726513171,0.9109770399886128,,-0.4505785209871509,0.6488900584169548,1.0141119548824513,0.7831319749452089,0.5086314105321198,0.9931887872520432,0.24551864246756874,0.9374303500119248,0.07606494350955927,,0.23971793409537112,,,0.7401802141066083,0.14400988090637096,0.21093306240502246,0.8859677669552104,0.15099791170657195,0.2974597917921069,,0.8867530817641569,0.20753572910080492,0.19114857496888737,0.10505568334455694,0.09215870235276313,,0.23024523447176237,0.22350785885722074,,-0.09300178223475655,0.9462932881692558,1.354016455707516,0.2208725632336684,0.0656550495104135,0.19958448550008415,0.3350200069063485,0.24106714603910107,-0.21967130476448263,,0.1655116263685083,0.20469228203851147,0.9488401609950413,0.3575599260957765,0.19964045330257288,0.9073204124384279,0.07797353515677045,0.6631188903937844,0.2820441757777691,,0.2528088239765639,,-0.05653954989368566,,0.12591586711178934,0.15756703744507927,0.04400683360295122,0.15063349848166274,,-0.039230316488333035,0.30834516229939973,0.3058137359130869,,-0.08811313005444806,-0.12939375436734515,0.17201633829175425,0.9873501441745244,-0.21553001891366647,0.2145322715809963,0.21699488732717145,0.21431804128153917,-0.1445296104645888,,-0.011698835909532818,,0.23448137670046612,0.7135864212634058,,0.7096068959417839,0.24858758783691076,0.10074777220235706,-0.0473497910540051,0.243961572242165,0.3309693996934686,-0.007705107383576544,0.6459021714288121,,0.31603424546935815,0.9505263161458145,-0.015602412221237694,,0.10701858976671134,0.24710058493445627,,0.291152133614663,0.2180626288149758,0.12673052749708988,0.14874042794475728,,-0.2564118817401164,0.1770225757700963,-0.2735923432809301,0.217152643199499,0.20995963568548173,0.31520244088317634,0.7218054743134285,0.16512779135309838,,0.1111789730211461,0.2485215890670015,,,0.2338465234111576,0.2053481701402631,0.27303439295097637,0.1108836866729255
2022-10-31,0.24788282871233103,0.3652220420468928,0.3217919168109769,0.3684366565347131,0.27488785697051865,-0.008580798287801275,0.31438541206907755,,0.9971907019326407,-0.10931228854390988,-0.04767218585325336,0.36538873566797836,0.37301647650874514,0.2124083919645387,,0.7956284173111678,,,,0.19051761460957617,0.32615136840919906,0.2681083904702001,0.33900613177872435,1.0881991029978604,1.02700118099288,1.0386720843774486,0.4201954572001963,0.11400663592344533,0.4161687920674443,0.8923171556000338,0.35503040486758025,-0.10878461194573794,-0.2893467844927316,0.33045893861789827,0.31128351126305154,0.15728711697593392,1.182350980850522,0.7131568300188451,0.4577313352464637,0.8942984027861569,0.43163377136452147,1.2525194035359883,-0.0233296654653261,0.36289834031832974,0.3109804883280326,0.1695074937042874,,0.3378487967471995,1.0525376907279664,0.39172582024376096,0.3907901936842457,1.0043606502861067,1.0199409133429025,0.1951765299616684,,0.30880553596998717,0.26460052467798006,0.6117613709143351,,0.9395104476766519,0.38136701027747605,1.0431257364000421,1.095675829455811,,-0.38410120533917474,0.8374072063643221,1.1569068947689067,0.9217811337715275,0.69896107384755,1.0946988418900871,0.41151603260480524,1.0392127936439286,0.19823751436344425,,0.3931439944914876,,,0.8807538938452347,0.28703333283430255,0.332338150963311,1.0453569368734916,0.3008004071091,0.427521922867967,,1.0364562829365354,0.35111456912238354,0.3268770017241874,0.2365585040438006,0.2442520799551665,,0.38815796555375137,0.3554772490623237,,0.00848590996295758,1.1256843761956872,1.3633292709621947,0.3780332235403578,0.21227716370603186,0.36790799866834306,0.4777769025225959,0.3782784629465914,-0.1737635613219731,,0.3087696658222057,0.36261676862525527,1.1059351893433313,0.49984357359498505,0.34712160439163975,1.0263209516692062,0.21183730087671468,0.8318428231836419,0.45095206399395055,,0.4106788267596778,,0.03449808072758213,,0.23025057153880388,0.3000687263031273,0.050947727368498105,0.30517353726837676,,0.1077500742105172,0.4477947339903663,0.4155867803888421,,0.045701785232056646,-0.003609690769252687,0.2995998825312632,1.1383700716352585,-0.163409382543004,0.37237281785136195,0.37061835619290723,0.37606797069555153,-0.04769627322016186,,0.11567186716199343,,0.3823311982970547,0.8787586712866154,,0.9807268059242514,0.37301351266828736,0.23546922994618244,0.06586049296323816,0.38045953269568095,0.4696418418538153,0.08502293275689206,0.7573868434001557,,0.449899090373852,1.1117430775822306,0.109744854397538,,0.23115288620821112,0.40132618953808097,,0.4437713521966102,0.35377439372678343,0.26910787703966754,0.3020503562344203,,-0.2066074702439213,0.3132651268473026,-0.19511301378699694,0.371332945386681,0.34748754299972573,0.4498106852599182,0.8897550376994237,0.313845700178699,,0.2352264423383816,0.40679988967738406,,,0.3679336515729017,0.3683036971000142,0.4124704790565815,0.2306080955036018
2022-11-30,0.48426470971877367,0.5890872552180038,0.5638669928745015,0.6555744310594224,0.5497821067225543,0.20711537330743823,0.5933950965161704,,1.3680339843188287,0.0914137066680337,0.15744499708782936,0.6181496251307281,0.6487466036979423,0.44976172157882843,,1.25288330898518,,,,0.39716095721787237,0.5825900935557654,0.5312096242676123,0.6001065123719145,1.5427948422062383,1.4370054361565439,1.4214828378688495,0.6724413059908625,0.3304860418664491,0.6680468190283575,1.1758029277875466,0.5998008191890193,0.12825777684960823,-0.04879156220516452,0.591180349058266,0.5613618433519123,0.3586480323204853,1.610612047935439,1.0392833923495977,0.7913112911485423,1.2547228441489071,0.7379408041490524,1.7095136242866682,0.1693139780674937,0.6294219245717828,0.550071281177468,0.3932746387043825,,0.5864997297551282,1.496888814568009,0.6525951929831186,0.6520171311478142,1.3746570308027517,1.3975428095829412,0.45315197971509313,,0.545943935057327,0.5099488797570683,0.9428516919552655,,1.3392440269198038,0.6708406153679002,1.4635939146437884,1.5063688707492549,,-0.20213577512817282,1.2947629200458064,1.5761302737071206,1.4243919941397714,1.0287026005929254,1.5351042225587084,0.6027698565235958,1.4110692751448581,0.4382110837873364,,0.6577192024169645,,,1.184093258819302,0.5191602534977487,0.594250073916097,1.4627077141384393,0.544325787805256,0.7272296500802391,,1.432853231201263,0.5963694701714641,0.5767123578110337,0.5065260286296257,0.44134490013755234,,0.6305090349098875,0.6113806720992856,,0.1610900789924964,1.5385519739029752,1.781425650803194,0.6208254028853301,0.46002511681382746,0.5964422333535194,0.7744139089196671,0.6762896750122841,0.04593942523883153,,0.555712805390682,0.6034535337793444,1.400522797512001,0.8257249723632816,0.5919624325025484,1.4175378479787015,0.4275020565081027,1.1683194315688852,0.6930975289936494,,0.6524744605408498,,0.22278668748334235,,0.4609146354477241,0.535912979698629,0.2893782901923017,0.5288514936344599,,0.33139179102067196,0.7499422830045628,0.7087022870215017,,0.2567795645011095,0.2080681096997238,0.5387012760291188,1.5335834076049126,0.012334207540312772,0.6150681269384515,0.6173473053149766,0.6141839255084695,0.1370153398007828,,0.33150693095401484,,0.630395007763787,1.225468307314202,,1.285623944586442,0.6753585923896206,0.48343640328286025,0.2925110211781917,0.6369210789000451,0.7726728312270684,0.29792669768576174,1.1461328190426854,,0.7299172209178901,1.491649617549733,0.32448133749208435,,0.5088222870739456,0.6550364031830491,,0.7692673607671925,0.6024818396937641,0.48619337308432203,0.5524234153508664,,-0.028183299878355213,0.5706773930632468,-0.02724487100331535,0.6163067805254411,0.5984274542188716,0.7462788761029903,1.2334968481473654,0.5586553981559783,,0.44183387647157896,0.6548123053452055,,,0.6230804569866188,0.6070790787102256,0.6753652579381321,0.542526156314692
2022-12-31,0.6096172964254668,0.7197529543941519,0.6864257332351652,0.792660302447853,0.692404734047182,0.36573890128499387,0.7121828085740766,,1.517499511218542,0.259705853434902,0.3148132917118735,0.7352436134798292,0.7945214622487905,0.5844125360734433,,1.2898381690828278,,,,0.5446337093685858,0.7118074009706451,0.6596184007405452,0.7242133553788498,1.5823269811493772,1.484577726633089,1.5156449543190922,0.8050508168248623,0.4852346381299168,0.7799379243012511,1.2479651784365204,0.7215706880321836,0.30992773708165605,0.17930385779178906,0.720116306696451,0.6934766123281129,0.5104299763442274,1.634580255146217,1.1202397955227612,0.9778343691988549,1.353798361100026,0.8724217518935857,1.6885961016113178,0.3192143090357998,0.7477349820416367,0.673999969399423,0.5380141194660487,,0.7123114825864024,1.5368120197039117,0.7662901391371207,0.7751776147687036,1.472445192460765,1.4784227591316053,0.5775939588252836,,0.6755394881493013,0.6462470787400217,1.112864872684637,,1.3862303178692879,0.7908762722971913,1.5387197936660144,1.569348238816612,,-0.020526461011123,1.3092064793972116,1.6582505243614938,1.4417981684452543,1.1188361522058186,1.5824593186215232,0.7404486271839071,1.5829482940615534,0.5764166108439966,,0.7676397719758556,,,1.3426791570224268,0.6484172207731541,0.7219651605612836,1.511882451095375,0.6654715454566075,0.8608068829180445,,1.5090115879073762,0.7162652247419276,0.6891883560766177,0.6427290063429271,0.5678410776978181,,0.7478145390864456,0.7332108741804647,,0.30299744880167656,1.6100864963035852,2.0097207861986037,0.7415222508951704,0.5786688985709266,0.7084254083087346,0.9032031482245547,0.804036965561506,0.21116603828563865,,0.6849236643629156,0.7238953217128304,1.5082066198089912,0.9552550645344571,0.7224169544116827,1.5361237598388042,0.5686901984354098,1.245536729227051,0.7952528283395952,,0.768413440991244,,0.44455334720045436,,0.6084974664862325,0.6663209978592685,0.44269938914396934,0.6595709090060718,,0.4649443743508335,0.8824633432930067,0.9509202182528643,,0.40320667091102774,0.3557380230886836,0.6765015089142,1.6073759266231493,0.18437819501151037,0.7355677062325525,0.7359571226680707,0.7302238986020603,0.29644262734067356,,0.48249787842375447,,0.7541026430747267,1.2965910174587845,,1.3053041147138362,0.813239865614699,0.6062180700093515,0.49024328256327143,0.7651246723291747,0.9056300042999275,0.4457615186471965,1.2723815128529075,,0.8837739748509856,1.583350406110271,0.4762879782525354,,0.660044004492559,0.772053224555961,,0.8744391019631788,0.7268219853467638,0.6273160196307497,0.7053683526214357,,0.1507329338748649,0.6930171689930156,0.14229457241459909,0.7306292956623957,0.7270066470175932,0.8842383136002113,1.306163980005202,0.6850746305766214,,0.6008605407919486,0.7715059767043406,,,0.7448470496408368,0.7213243073837616,0.795515213112608,0.6887660992521477
2023-01-31,0.5444709407414359,0.6825109435718493,0.6197127790257627,0.676283452281088,0.5808658035955178,0.28301643901781876,0.6113824611293998,,1.3873736093265063,0.16929599632791584,0.24693347674512894,0.6781368947827711,0.6546951762446673,0.5094218517151001,,1.2310875646927337,,,,0.4885921817617785,0.6438452446057096,0.5817824509924149,0.6696196914133065,1.5050358368043204,1.5242190881925397,1.4848803985448278,0.7623393641310242,0.39027387920932016,0.7338037310822941,1.2496439898840823,0.6665492971124449,0.0822242404149726,-0.11976436483432447,0.6647469233379462,0.6458636500351308,0.42211601461642756,1.7899177959095398,1.0881971970663085,0.720034089915769,1.2482582321016304,0.7393943183104236,1.8004657886094853,0.24910036495602264,0.6873550628040456,0.6128375751039138,0.4495776272702764,,0.6619852338690786,1.5563693913246397,0.7198076673755166,0.7127376365104238,1.3677823939874452,1.4510579209355567,0.5023710369740347,,0.6132208126821139,0.5662047371560979,0.8614759957623985,,1.3602789354767686,0.675325379037816,1.4618549500320077,1.5116873404186137,,-0.19057854398820762,1.2397488121916926,1.5929350537891076,1.4096147206933678,1.0239004834913092,1.6759675334877344,0.6467438786597163,1.3850932157537659,0.4946178176150825,,0.7219483292727079,,,1.1750745172297588,0.6015383595478497,0.6627914822861702,1.5024597344429373,0.6091705130865955,0.7483881877914068,,1.4665718917427637,0.6780311800908957,0.6948865070432574,0.5478123485879436,0.5389795975519306,,0.704077021565648,0.6838239262776177,,0.30940087397081767,1.5046399610768033,1.8266791910302795,0.688595705626706,0.5104193946743223,0.68454830165466,0.7928834507013433,0.6913852304444925,0.11445364320860177,,0.612171006578066,0.6688737203583345,1.555660753839039,0.8009443976216356,0.6535766718759759,1.418378649111429,0.5104880293207056,1.2275077912858192,0.7866926095099327,,0.7321321680189492,,0.17476843353248606,,0.5450983869803765,0.6048139678773548,0.4406683438086011,0.6022639615556082,,0.38154480882022945,0.7558425603063553,0.5030909491711627,,0.30624347231736143,0.2619017788984208,0.6198837936648934,1.6035708582528891,0.10269697096735861,0.6792584349201883,0.6838423611612494,0.6870010233965411,0.19166272369416995,,0.3901209909619472,,0.6975609735653018,1.2844901884147342,,1.3776233437332273,0.7140858364778527,0.552810209191581,0.24490932969948392,0.7006820453003609,0.779435987970483,0.37419486625771614,1.1233692920885014,,0.7333921123154505,1.5199838890740864,0.37851071083529103,,0.5210324170342201,0.713816176421907,,0.8022135477134681,0.6796112610472039,0.5619717926839114,0.5696242134244142,,0.0475919110530389,0.6433438609209331,0.03710412765360762,0.6942130662357782,0.6651447822065361,0.7570202443967828,1.2903291649310507,0.6195697929584499,,0.5215443294941811,0.722700714698011,,,0.6950379632129776,0.6814898491034256,0.7396217598427859,0.5377925558400534
2023-02-28,0.13316428348891013,0.2331328320205077,0.1841681974289482,0.26032792891963813,0.19590746051328253,-0.020875332703383938,0.19029626577738085,,0.8156025700496254,-0.09717839153123783,-0.04842087839466333,0.2270948336163022,0.24205897350380284,0.12014355337983296,,0.6421349624477071,,,,0.10620095527821746,0.21956188034930807,0.17840244414027928,0.2372303507319624,0.8233266206325032,0.8504128118461777,0.8461718577590219,0.3089184651070697,0.04476543819619828,0.26041744345162354,0.5931865067815254,0.22025112975049968,-0.15294576947913546,-0.2468029599670702,0.2399913027380994,0.2264986830713539,0.052849435369083826,1.0475203836020073,0.5173157931298893,0.3473976241597598,0.6528156642733248,0.30834262378722666,1.0001680579173051,-0.06885271875687984,0.2435863127941861,0.18098417706472733,0.07881609125482351,,0.22692012408838363,0.8800056948174894,0.25989438569664014,0.2629885732946565,0.7392488857576219,0.8020633461718288,0.1163758903680995,,0.18699071775073117,0.1648022355385796,0.42117692247989597,,0.711540346738565,0.23834129825747763,0.8179400548965363,0.8343754106037433,,-0.36194472055494137,0.6141912230461061,0.9186020771885489,0.7779288932344621,0.46998885679372265,0.9920426824688293,0.17615815507911206,0.8244836574995632,0.11412279571614477,,0.2592058204978283,,,0.6228526585838045,0.17980500439753266,0.2368175293180184,0.8284289879872273,0.17934210828647845,0.314799961488099,,0.8152361962414266,0.23097764211349064,0.24949337007132652,0.16636053033603931,0.11301976335918694,,0.24139297041895463,0.24164777430033127,,-0.044561524739690654,0.8274311999263073,1.2390047708397764,0.233073977902662,0.10841872802972674,0.21701256672829589,0.33681574255424085,0.2670134788985678,-0.12735614654375335,,0.18977920567849516,0.21725460531144353,0.8717438227124958,0.3512982909237715,0.2193066375769715,0.8130437242804057,0.11864081343759601,0.6183847110867846,0.2873826070828735,,0.260374879011613,,-0.08559539016697457,,0.15961952899385554,0.18165001440918993,0.11943463083649668,0.17291141473442154,,0.019295041173438863,0.31590925193093256,0.1875766662061855,,-0.027826224056986214,-0.05477204877455929,0.2058331879010153,0.9160831965870146,-0.1542607213115434,0.2253366673250258,0.2300412867753502,0.2251536812658452,-0.11108414699279114,,0.04009291719227103,,0.24586914048125735,0.6577613174932055,,0.6474349511858567,0.30404918522952334,0.147437331354772,-0.03391802192113779,0.25775538964240335,0.3332099894334035,0.02790709728058129,0.6127110343670716,,0.30603838946138334,0.8542518650450941,0.030704379221672413,,0.16078583691763687,0.2513419802065295,,0.344754477528383,0.2377279703619832,0.15233225998162667,0.17727238724371325,,-0.18669672209758598,0.21638794051368,-0.21470678088314843,0.23477409938064947,0.23099468066886836,0.3196665064405374,0.6604927518942304,0.19177534434185015,,0.13713077777647326,0.25577262013405744,,,0.24847941134302573,0.22056654009752855,0.2804082778783602,0.1872729810100002
2023-03-31,-0.12678569466289538,-0.031191335673934957,-0.08752409524461613,-0.023618200559052883,-0.0798431674016711,-0.21647909597865397,-0.08986394749807049,,0.4790741771777413,-0.3008084446836193,-0.2741293689880798,-0.047344752777062356,-0.0491795120153629,-0.14302251436600089,,0.3242928874006825,,,,-0.13945327154362075,-0.0458480363061042,-0.08438378192516781,-0.019998192184153024,0.47237357828959614,0.5305352694683901,0.5054037369139595,0.04285713126149887,-0.19776816406210224,-0.01829842380154314,0.27360456624314405,-0.049657116353037566,-0.3906085623711802,-0.45003035430696015,-0.01535213231637747,-0.03346869800163443,-0.18800874302664766,0.7262834295511525,0.20683667986861462,0.04921403708086766,0.31714011927664026,0.017983970781918518,0.6760355258757171,-0.263390476310441,-0.0190147593546051,-0.09010317212994697,-0.17324931555201545,,-0.03775721633398699,0.5714273998783331,-0.014640825993228591,-0.005410736310167619,0.3978659982321536,0.4670362417277913,-0.14152142869475387,,-0.07934952063466343,-0.09681357707754959,0.09609996210197679,,0.3719265248221918,-0.048957683550516794,0.4701926026073873,0.47079574441226457,,-0.5333185175920027,0.28244607498156893,0.5676294558685167,0.452118273029097,0.1414223514130342,0.6751198104286473,-0.08865669296525926,0.47372848897258474,-0.13440866829289647,,-0.01650577372822329,,,0.29070193274323425,-0.08369054897746414,-0.021929628384784395,0.49140284075821566,-0.08719903809749419,0.026396898399526424,,0.4775564256527965,-0.03477529954122665,-0.011466153560585775,-0.10521762390559701,-0.13715688601782777,,-0.03336197500894746,-0.019745817393268847,,-0.23658809190741678,0.466540659166533,0.8719978791293083,-0.04272120438242874,-0.1495991419583008,-0.05664144190148319,0.04142471871029509,-0.01900787008349469,-0.30623195780995244,,-0.0784196908210302,-0.05686978574463039,0.5341621315825749,0.0459711722169938,-0.05497526714113893,0.476570867167475,-0.13450544507784432,0.2999713360282792,0.009697967664344359,,-0.014792947552812127,,-0.3215554984916915,,-0.08158724642995888,-0.08242144930284014,-0.048101200616059034,-0.09639543140191374,,-0.23402852400451013,0.020548418595519435,-0.1284839300880423,,-0.27044282711601053,-0.2905180569967888,-0.05518019070624141,0.5693514125814432,-0.3233761726407293,-0.049966423146455365,-0.042495371996070674,-0.04896561822208721,-0.3129836039268721,,-0.2075922696435308,,-0.02710438163550508,0.3402517053781714,,0.2916544268798318,0.014072945285593682,-0.10780687863114496,-0.29332146874171555,-0.012895676688452304,0.03672795719600162,-0.18565171857364038,0.29200741030322896,,0.010761903082985436,0.5005694403918207,-0.21407850390711966,,-0.11580586434721607,-0.02408768054682326,,0.04213112110990857,-0.025890408854887692,-0.11008225033217725,-0.11506013382497797,,-0.35689849169087323,-0.04884133294512672,-0.3951735975086264,-0.03573773899842118,-0.037075831647806326,0.026398443419517886,0.3408675018537873,-0.07881211495352826,,-0.1173034813964301,-0.021697332103143608,,,-0.014711079968661674,-0.0535287798660139,0.009020242068058612,-0.09788733019476731
2023-04-30,-0.5837092037368014,-0.5063525096995873,-0.5491769922199966,-0.4770645515485473,-0.5319727461557711,-0.6423823658644,-0.5411969746339786,,-0.01349265737709014,-0.7270687358729419,-0.7200599805138365,-0.5155737933398536,-0.4942317812238377,-0.5997584949243395,,-0.16868670751903336,,,,-0.5984205166647883,-0.5092112667472322,-0.5415850285087821,-0.4859069697896507,-0.027089136639580822,-0.01597559501401399,-0.025180781092438313,-0.43612770891342206,-0.6376582405454909,-0.49263186993198865,-0.23794295478914396,-0.5173974256848516,-0.7667761862596548,-0.7886515945050437,-0.4818348019073282,-0.5058632632630262,-0.6270641935547377,0.11920488035382766,-0.2920426043926371,-0.3595131058708556,-0.16598787808709003,-0.4315879985389263,0.10547578267265435,-0.6881406663718417,-0.48281399972958666,-0.5546243502186645,-0.6186880135249831,,-0.5080365029747097,0.03851157017890821,-0.489113316997385,-0.47188910417491126,-0.09004337503301389,-0.056295456478478285,-0.5951183086287121,,-0.5429649431727253,-0.5522388596767395,-0.3221097917539514,,-0.14411660802553397,-0.49786479962947233,-0.0363898694877228,-0.04752688264607027,,-0.9003215893728779,-0.20180676002023443,0.04993465864058671,-0.06027290960766941,-0.3345357089528258,0.09368269765421568,-0.5290205517949862,0.0034746692424468648,-0.5822968456811575,,-0.491097513527764,,,-0.169627411940631,-0.5536465357445727,-0.4875609203431901,-0.03726917408427684,-0.5519765940287052,-0.43241033803098267,,-0.03994445298450562,-0.5094261843618715,-0.5065743659747004,-0.5611878092515712,-0.6034912625592305,,-0.5076232753903903,-0.48874305534087054,,-0.6932693068723307,-0.02732963391815272,0.352958224381356,-0.5136879135097947,-0.6030255834803493,-0.5369270810250696,-0.41947953005520977,-0.4736928440189961,-0.7192545535075026,,-0.5385848259604818,-0.5253506610087258,-0.029269454693602055,-0.4002245153590227,-0.5204769938866595,-0.014042929422885445,-0.5948648118658135,-0.21131629217466383,-0.47986886218239444,,-0.4928991880305823,,-0.6811365226516584,,-0.538802797694207,-0.5455077434292573,-0.5088986948368445,-0.5622695848820838,,-0.678086717170207,-0.43350656083541017,-0.4529321133316551,,-0.7045986669353054,-0.723697572470329,-0.5232601797771353,0.026472337866104347,-0.7352534291101247,-0.5186588215330944,-0.5122227522328903,-0.5218925235325094,-0.7238708011884206,,-0.6497076141703201,,-0.49690163180707125,-0.1734710673379703,,-0.25958437510085447,-0.4551145066800967,-0.570206118014893,-0.6749554978352719,-0.4804787022955452,-0.4185051991461098,-0.6216643487462122,-0.1752754714722082,,-0.4345332783218626,-0.016195243837546565,-0.6518750659568282,,-0.5566057649869229,-0.4923903354658796,,-0.4392295136982144,-0.49689850407313885,-0.5711350463937991,-0.5610937009287321,,-0.760256296287584,-0.5198288496015052,-0.7964288856658259,-0.5113665850741049,-0.5039678174198656,-0.4275579656029238,-0.17185644400062272,-0.5427012977255528,,-0.5720468285268354,-0.49517939189354016,,,-0.48418691067792297,-0.5277276496467901,-0.4617154120290387,-0.5400489932737284
2023-05-31,-0.5852795746282383,-0.5423403351609534,-0.5707623080196487,-0.5150033187967247,-0.5443229413161472,-0.5741291471672534,-0.562449310328136,,-0.23736376881476606,-0.6290008886873136,-0.6418059328783864,-0.5521704490895373,-0.5274935069130916,-0.5921057713108381,,-0.353513787547045,,,,-0.5836323313696647,-0.5365695953300091,-0.5531928006353508,-0.5194810527019672,-0.28495331852441685,-0.27183525776049655,-0.27226081955218145,-0.4929361559847382,-0.5987496206030881,-0.5435648222996556,-0.4238798647875433,-0.5505990581143448,-0.6528096785673361,-0.6226422003796799,-0.5138563770830514,-0.5324114839525171,-0.5964907076711911,-0.20090016582373155,-0.43645539976215436,-0.4135786038643697,-0.3552891784233688,-0.48704848338156803,-0.22256041655394548,-0.6110797513519225,-0.5217236313497161,-0.5740204940363365,-0.5955726472402105,,-0.5394277432723982,-0.2270075141306824,-0.5361467505254075,-0.5173593607131717,-0.31066449858167555,-0.2951967574978799,-0.586020424426497,,-0.5621620349921193,-0.559581554527396,-0.41416262068818627,,-0.36106502962848996,-0.5366022318190378,-0.28096826479731846,-0.3050371112279806,,-0.711685434815314,-0.3910716382951265,-0.22794946492791912,-0.29116554648751675,-0.4652267510251147,-0.19846794850392682,-0.5588930530582437,-0.2223929119191466,-0.5708282481620361,,-0.5388530591523131,,,-0.34017494265834247,-0.5689333626099352,-0.5193749988635615,-0.2902022090593272,-0.5702294675985596,-0.48914367010657483,,-0.28390311859681516,-0.5447472660671919,-0.5441307242227987,-0.5643362984940715,-0.601829590762861,,-0.550353549117559,-0.5259691856973596,,-0.6285105693552513,-0.28521696402211644,0.016190783090847698,-0.5526751154118409,-0.5961305999117124,-0.5738651259729765,-0.48815247984940097,-0.5158636646935745,-0.60701634020756,,-0.558038341555926,-0.5593162330816293,-0.29047801416160696,-0.47325859640877893,-0.5505426898731438,-0.24708971810906627,-0.5862886897299469,-0.3916318669377507,-0.5432143562792341,,-0.5426522421860371,,-0.5919197395841934,,-0.5389670689042724,-0.5624017921429701,-0.4772082885288522,-0.5783967855932518,,-0.6375488392918118,-0.4931080649962896,-0.4582106135539092,,-0.6443548295377152,-0.6515070904388705,-0.5432863197294104,-0.25138206176595346,-0.6190807203550402,-0.5554062235639604,-0.5499874254392138,-0.5602398327513646,-0.633287432426566,,-0.6108828989724007,,-0.5381832195591577,-0.36866634807421844,,-0.47827875231019984,-0.5017530401457738,-0.5732781771038288,-0.6039221165735956,-0.5226413779632125,-0.4842419086024696,-0.5775108086438091,-0.33217407996115933,,-0.48852029931982627,-0.2746736704461604,-0.6102678414359006,,-0.5542804085235303,-0.5384193275817107,,-0.5093261523216526,-0.5328235569565712,-0.5765279717878072,-0.5716229270999564,,-0.6304089652054331,-0.5464105734633018,-0.6647356127885632,-0.551217579853882,-0.5366780259359857,-0.4872081746022087,-0.36875032842888017,-0.5638878669853986,,-0.56657346213706,-0.543082897742544,,,-0.5244037962537249,-0.5645367433365462,-0.5140471169238809,-0.5427823087109211
2023-06-30,-0.8203490038302079,-0.7631170487267754,-0.8300464228632557,-0.8350854188251625,-0.8306896504366741,-0.7185813366929099,-0.8701844055288501,,-0.7111579673858999,-0.7550750387997992,-0.7739029712255316,-0.8162262201896407,-0.8690372144750255,-0.8237182004223036,,-0.8180046329185139,,,,-0.7664398154068499,-0.7900431516433597,-0.8071703494652351,-0.76211995506528,-0.8384987185177869,-0.6530061783496242,-0.696900004059017,-0.731782932825854,-0.8041966729643619,-0.8116259293292425,-0.788013537598194,-0.8030203181163472,-0.9420614748277759,-0.899408183765027,-0.7500653466364449,-0.7536500457835131,-0.803731741268256,-0.5033378579343483,-0.7958701576586973,-0.8753109487491306,-0.8301706606063264,-0.845576648089228,-0.6381366382273423,-0.7445177264170536,-0.7842073948321152,-0.8228660261290959,-0.8187539412847414,,-0.7771516129572381,-0.6424739713789103,-0.7970677375841796,-0.7846839340742288,-0.8103279225127779,-0.7229273723563437,-0.8243929650333516,,-0.8041361864664215,-0.8055853304084533,-0.9257163374575663,,-0.8093703636976024,-0.8770090511975951,-0.785253881628105,-0.8150430637422608,,-0.8491510909908199,-0.9045313298236203,-0.7350463095514147,-0.7758321516806193,-0.8934674415443635,-0.5314937503449023,-0.8449836831400461,-0.7664464922667085,-0.79833927803882,,-0.8037127655557702,,,-0.8186199319755014,-0.7874749663744629,-0.7630827442951836,-0.7379939390092511,-0.8127648683557461,-0.8224548500347622,,-0.7397552636797785,-0.777103103490986,-0.7265089926077449,-0.8282894664624144,-0.7856817630300446,,-0.8023429479238823,-0.7693095497828886,,-0.6828440699030508,-0.8471919589414036,-0.5268777837722985,-0.810428838722653,-0.8347977816837472,-0.8026040221858424,-0.8362056599052275,-0.8446625804611885,-0.7225372743304415,,-0.8140842989577683,-0.8159404878043642,-0.6150645519363164,-0.8824561089608306,-0.8105171851747653,-0.7449409498045405,-0.785852110339772,-0.7656115139093295,-0.7829065739635744,,-0.7918381359718057,,-0.9129868910947169,,-0.7380943460265245,-0.7998918313005245,-0.5350808771836746,-0.8128085984588793,,-0.854647483526046,-0.8509787193075308,-1.0808656329875113,,-0.8468578842488373,-0.8367953626068144,-0.7665435800800475,-0.6879853193086818,-0.7047711394034768,-0.8159940311395947,-0.8064636888019296,-0.8099622470794929,-0.795083633131669,,-0.8194643740787901,,-0.7972270681313761,-0.7514799710303415,,-0.8466309517185322,-0.8054928868689926,-0.793880544798336,-0.9393940223656598,-0.7857184916418493,-0.8459476447813842,-0.7450903338605915,-0.7998370815687692,,-0.8511245122960153,-0.7589813325906681,-0.8219083254233644,,-0.8560199286702379,-0.8113378571629288,,-0.8354571129020386,-0.7710812925594794,-0.7994706748633356,-0.8857702089856446,,-0.7264063403633493,-0.7830205653855896,-0.7781278647924947,-0.7929168778635913,-0.7884722243062499,-0.8393740984266419,-0.7571092299915679,-0.8160888655282893,,-0.7770580806072077,-0.8067689944449239,,,-0.7713875654174607,-0.8106567275968057,-0.7823412395633736,-0.8695743512095033
2023-07-31,-0.672348941220246,-0.6612506392603981,-0.7075621644500345,-0.6801128877834772,-0.6577228044337678,-0.4440603359196344,-0.7136075002401242,,-0.6616329322482768,-0.48357749268479194,-0.5445035289959518,-0.6967700740084535,-0.7335407255178903,-0.6681895056621383,,-0.6362675502126828,,,,-0.6161932863043662,-0.6421575027911017,-0.6352046552342331,-0.603223559743645,-0.7641622792250522,-0.5826451031810699,-0.6702252252073457,-0.6109282399351579,-0.617245780106491,-0.7119111813801982,-0.8224352144569981,-0.683406728579047,-0.6599378793650006,-0.5115834607971204,-0.5860179371883091,-0.6035559718367473,-0.6422201681035851,-0.4628648921307981,-0.7266038183821546,-0.6817953070971511,-0.783690797017506,-0.6901848814391408,-0.5913483563046111,-0.4947151658829811,-0.6323513190166101,-0.7007730528182984,-0.6510860406756078,,-0.6419280759410761,-0.5238883563826515,-0.6759222277215519,-0.6511301279375985,-0.7841979304793228,-0.6940580078296796,-0.6373194936298628,,-0.6760011673380663,-0.6492931540794808,-0.8082711240412507,,-0.7527414767230645,-0.7308569800346528,-0.7269620787273218,-0.8046687099793519,,-0.487303619367834,-0.754693714343115,-0.7060567929472772,-0.5873538530293818,-0.8335507192125108,-0.44186422713467044,-0.784135273834174,-0.7324770863544094,-0.6159429547126237,,-0.6812284366526803,,,-0.8093919954217876,-0.6579555471371504,-0.60258769057524,-0.6814968976115388,-0.6785282092889147,-0.673009023718122,,-0.696557633368344,-0.6524557064262437,-0.590631694762251,-0.6501245534252565,-0.6711722842125858,,-0.7010337317337321,-0.6263452967154032,,-0.490224854129479,-0.8311024041376085,-0.5189414073635915,-0.7062315157106699,-0.6651280945011304,-0.7141104097011012,-0.7116182564722614,-0.6848433133735273,-0.38312513239639084,,-0.6765281947038154,-0.708325424556513,-0.7016800637710208,-0.7388023180370886,-0.6916487570960543,-0.6871193733465984,-0.6412601525430006,-0.722659318656519,-0.7058253922694244,,-0.6974872876354821,,-0.7011069241805582,,-0.5626138393538054,-0.6682091396028407,-0.21838425809621106,-0.7032163810957628,,-0.678735244467288,-0.711412645241831,-0.918265134004416,,-0.6533808324533636,-0.6229216643857102,-0.6256138499839886,-0.6837818682242571,-0.4039728028225681,-0.7098058249308781,-0.6924768977279594,-0.7103686088968884,-0.553571576336443,,-0.6415749176131922,,-0.6831958688777282,-0.7077780309834987,,-0.9425772190050458,-0.6435410933738547,-0.6254778688147281,-0.7298614324987789,-0.6569330315411431,-0.7114753686147823,-0.521179872541664,-0.6618105315460474,,-0.7297254436458894,-0.7662436349101267,-0.639488009273606,,-0.6672531232735655,-0.6997380578494483,,-0.6895066647397701,-0.6384192349119269,-0.677248724041293,-0.763824953701186,,-0.4112834115369057,-0.6342549788207065,-0.49316533059917017,-0.6807503771566236,-0.6555784642961215,-0.7025081742555102,-0.7212371185732093,-0.6864972768848616,,-0.6432925447094433,-0.7063699821850343,,,-0.6343115186347358,-0.7093469315410013,-0.6567946556992819,-0.6535120112106317
2023-08-31,-0.4989593630528511,-0.5040994858304536,-0.530206237950166,-0.5294681699182819,-0.5217160839200568,-0.31138750399710424,-0.5270887030391687,,-0.5396407779988549,-0.38044345815326125,-0.4387944943709008,-0.5126081238230636,-0.5928773479027111,-0.5176828803994781,,-0.31280130955610164,,,,-0.4864873312571379,-0.47937667783321797,-0.47060849239629143,-0.42952734369693135,-0.4340041845201158,-0.3028202146286175,-0.470941544394757,-0.46026386169111816,-0.492073384465368,-0.5193247439689227,-0.5560003857540136,-0.5068070959122268,-0.5521682442989828,-0.46977886877250663,-0.4227550963470477,-0.45388562834453183,-0.503858668017547,-0.17964216851663145,-0.4856646247810051,-0.5912545697210727,-0.5596458945250418,-0.5292099435669095,-0.18228787112098635,-0.34152832097608277,-0.4451117615398973,-0.5292545019046974,-0.5094614924962334,,-0.4763609507743138,-0.214924801906887,-0.4892983545027404,-0.4745245676995114,-0.5546834435243932,-0.4607825114082337,-0.46611346642359663,,-0.5136089005547029,-0.49662420490044595,-0.6864872417373514,,-0.4562601647108145,-0.5418278878473641,-0.4737840954100015,-0.5363541341541694,,-0.37009241719011443,-0.37812122343733184,-0.46738731731213906,-0.23889873630463396,-0.5970348626205654,-0.19051449174517526,-0.6007050138065192,-0.6354025735458165,-0.46182217348951626,,-0.4878136615421852,,,-0.6769075335895709,-0.5012633372449647,-0.43705887680569744,-0.3927252249857588,-0.5018387009055211,-0.5176770870487895,,-0.4500834909637042,-0.4776603623807392,-0.4211848438725103,-0.5064494038215146,-0.5011659162297412,,-0.5194857306112343,-0.4499306077861473,,-0.34150716538810866,-0.554195543257773,-0.5608194482563641,-0.5297715808732933,-0.479235573948097,-0.527183136120637,-0.5455665619131393,-0.5176525798826954,-0.26284548120441503,,-0.5119959774585714,-0.5297565218790808,-0.541276375470641,-0.5653228815623238,-0.5324729826654944,-0.5011381770226994,-0.5015677633055484,-0.47825077430890395,-0.5028967629078156,,-0.5146879234770575,,-0.6386200494283693,,-0.4296238406831858,-0.5069457931539386,-0.09637026909858813,-0.5446321851583835,,-0.5194300411692309,-0.5500464961600247,-0.866074636164687,,-0.5118680161566281,-0.4856594477472356,-0.4833815569884436,-0.4489343286101141,-0.2868740171026591,-0.5312254990962593,-0.510923881312646,-0.5254390867535069,-0.41017356732622334,,-0.5121607343447582,,-0.5111702168675255,-0.45005338209414575,,-0.6122542532215715,-0.5122775583297056,-0.4532292022846222,-0.6482147110240224,-0.49248794176993027,-0.5504831358885752,-0.37230739654680656,-0.48981449715047354,,-0.6001300469435413,-0.5459031554045883,-0.5073008186762307,,-0.5427748994425499,-0.512563216082889,,-0.5037764423781093,-0.4687830436724876,-0.5356341255014938,-0.6421249495541971,,-0.3048365696160517,-0.46593034925722415,-0.3664976421378152,-0.49512384623916095,-0.4928494265595873,-0.5504574248812992,-0.46491318026053796,-0.5197300106835095,,-0.531340197429155,-0.5226655468130162,,,-0.4574799399580284,-0.5227778967978426,-0.47712781751246525,-0.5272335618918537
2023-09-30,-0.5235353790522682,-0.5316349703036206,-0.5624185968617241,-0.5972124769811344,-0.5739762660457463,-0.32016115354304825,-0.5819633628575389,,-0.7205381295602395,-0.3655168465275688,-0.42471871177956744,-0.5558943127364514,-0.6508908814555411,-0.5391372394433396,,-0.5282867275811025,,,,-0.4910162320261808,-0.5259072949896988,-0.5164976369790437,-0.4833283851840095,-0.6674621051057121,-0.5103252455671012,-0.6574584880863658,-0.5144550108384083,-0.49721237368728866,-0.5653592664354465,-0.6577048985797458,-0.5453208897392867,-0.5520831941347457,-0.47049529859069583,-0.4766805088715317,-0.49670464591489694,-0.5027145242593154,-0.41543916565541483,-0.6037011455028226,-0.7030183645054444,-0.715306751310219,-0.6151836606168979,-0.4392141676684702,-0.33089236716432924,-0.5027327536721509,-0.5585578354859775,-0.5213340658054507,,-0.5183993564785871,-0.45346797277381196,-0.5411187239798558,-0.529792764797724,-0.7274115658375727,-0.641653964741326,-0.5015202941065775,,-0.5436906149086508,-0.5303980662622523,-0.8012679888967557,,-0.6385748763623256,-0.6091619810550786,-0.6830359120327455,-0.7369447932102651,,-0.32369286032952677,-0.5899650637158583,-0.6880188857583799,-0.49663229036144374,-0.710140913331306,-0.4297702343577471,-0.6089833833539217,-0.818671732660697,-0.4893252064000959,,-0.5416137494587883,,,-0.7972389593643677,-0.5264426890838132,-0.4906337199222095,-0.6010856269044179,-0.5346496456413383,-0.5991561847418769,,-0.6449215545155528,-0.5175733183608184,-0.46318503778371845,-0.5517254258078259,-0.5002648182273478,,-0.5575937593840374,-0.49991492347983785,,-0.30537663254917635,-0.761133732948,-0.8158414246189525,-0.5670795235130064,-0.5081331091683823,-0.5527463020160281,-0.6270710067030656,-0.5925739565073554,-0.2634068140470406,,-0.548508084025743,-0.5644713530133535,-0.6735159847105895,-0.6669191931880256,-0.5696264082616799,-0.6962747142555192,-0.511540968133542,-0.613692771752137,-0.5450025701199261,,-0.5545904171714656,,-0.6233405737720993,,-0.45784373437574655,-0.5360531409613376,-0.1389601482675669,-0.5634642872639801,,-0.5225878041258215,-0.632703387002406,-0.9418005863325043,,-0.504373579444484,-0.47594280118991095,-0.517049831728864,-0.6509100303068377,-0.2604800248228094,-0.5679492497328142,-0.5512472950284854,-0.559143582257137,-0.3891914578706208,,-0.5146727851513957,,-0.554244372013911,-0.5977593808607828,,-0.7202460147515166,-0.5900328885829493,-0.48657705801564816,-0.6535166460013261,-0.542953950033066,-0.6358302822114669,-0.3813823091808686,-0.6602351231009713,,-0.669193452100864,-0.7327565604302416,-0.5094285393978153,,-0.5928666940445463,-0.5600695159046816,,-0.5977545522452022,-0.5128080074391083,-0.5494451471297489,-0.6742307625359275,,-0.2760193474911955,-0.5111578141752624,-0.3260666842890438,-0.5345689808456064,-0.5366436601724712,-0.630598704504052,-0.6110059095388483,-0.5540641940326269,,-0.5388193702305443,-0.5658807999724311,,,-0.5075930672252802,-0.5559394392086016,-0.5345922601274974,-0.5988383633274903
2023-10-31,-0.6583176246598628,-0.6673124750497146,-0.7003544271295697,-0.7051072547313673,-0.6852770646518066,-0.39930990698620433,-0.7104970736966959,,-0.7786886049958729,-0.45836268191322793,-0.545407914895892,-0.6957445837634992,-0.7549031250325982,-0.671547777104613,,-0.6616963067008287,,,,-0.6150672995674651,-0.649264930462987,-0.6390616492165473,-0.6039259167263819,-0.794218253813596,-0.6592950800488855,-0.7797006348399346,-0.6358407223458985,-0.6064306553385426,-0.7109949551285709,-0.8243115682370532,-0.6817384797901012,-0.6141058140942967,-0.46532058292312667,-0.5932501647299205,-0.6230801007637244,-0.61349750098105,-0.5980380444472286,-0.7533969679842556,-0.7255198417771881,-0.8254396060777567,-0.7137087083470816,-0.6228377546742203,-0.42591515970943533,-0.6261976780984034,-0.6988406483825115,-0.6403093427406912,,-0.6497663080081366,-0.5782368231519347,-0.6818964262318737,-0.6534936522314638,-0.8298851351895625,-0.7709659746238218,-0.6317774099749517,,-0.6762584236115665,-0.6510318186890547,-0.8460500544460149,,-0.7966902563335988,-0.7290555885835049,-0.798309252863945,-0.8781694724673391,,-0.3845717570887004,-0.7424483589193223,-0.7941221744136507,-0.6338962942315869,-0.8510244075883691,-0.5794017687289996,-0.7249268153770272,-0.8491716880149243,-0.6040510109194314,,-0.685033959592267,,,-0.8621606925576394,-0.6652618360244305,-0.6094471089945066,-0.7452378028485243,-0.6738959354507416,-0.7053797912303013,,-0.7681687221867396,-0.657102545197908,-0.618925728774348,-0.6738814483347199,-0.6473121205907809,,-0.7022687414179072,-0.6271958986005506,,-0.4352086786365875,-0.8746606788578677,-0.7861822539339941,-0.7085514669971846,-0.6451197385895492,-0.7119185671834702,-0.7390410833859685,-0.7056984284544635,-0.3343928929683521,,-0.6771538120312363,-0.7059222468003148,-0.8254491672294695,-0.7635441030539563,-0.7010938245774415,-0.7693159352471384,-0.6414044647198937,-0.7627619896132534,-0.7069757297473859,,-0.7007407694126367,,-0.641691007997527,,-0.5648560885162611,-0.667470512526256,-0.20955479591473633,-0.7036134405733493,,-0.657978215145931,-0.7387031809916899,-0.8978155096864845,,-0.6267555025511989,-0.5971395942918186,-0.6418816900313936,-0.7867207553265333,-0.3327585740808084,-0.7085586064663395,-0.6909564925840376,-0.7065021268102605,-0.4783404264218981,,-0.6320038888509424,,-0.6881687077117343,-0.7441344941639858,,-0.9629028402251754,-0.7047840865187467,-0.6208232624330554,-0.7045295401300836,-0.6673401084660142,-0.7402262749896859,-0.4788498533706782,-0.7322777175741295,,-0.7592767744050027,-0.8508347238009975,-0.622554175152458,,-0.6944342654038942,-0.6964546059458995,,-0.7404952257844146,-0.6433901287732493,-0.6793705985662312,-0.7901619682960693,,-0.3418530066123633,-0.6458649481588584,-0.4082225594409991,-0.6806119972159891,-0.6640876899166078,-0.7322408822328523,-0.7567683044023574,-0.68914902237837,,-0.6516024628947493,-0.7084335473196891,,,-0.6353529109858603,-0.7061861115700503,-0.6624864613020961,-0.6992341383224928
2023-11-30,-1.0882564538338195,-1.073185159584195,-1.1125757732202888,-1.1194414461541702,-1.1098492575346135,-0.9166057879567123,-1.133851346212828,,-1.1153288531673793,-0.9627409121920086,-1.019780688944977,-1.1076204500294886,-1.1516415552741943,-1.098528479077778,,-1.1111844880072832,,,,-1.0468781746113132,-1.0756000611431462,-1.0775843550975819,-1.0434913744933547,-1.174926936567966,-1.0565682617673975,-1.1243189794592807,-1.0499445668712282,-1.0531956497692223,-1.1136101010302557,-1.1599887245103366,-1.0949663369148226,-1.093673299898256,-0.9977849561761908,-1.0346262644463355,-1.0530539685086553,-1.0514973074911882,-0.9930567949206666,-1.1371512046168537,-1.131010670323539,-1.177522780294464,-1.1259531681383281,-1.0364522702789685,-0.9352107821862685,-1.061243727209018,-1.1106014815764391,-1.0761480338089806,,-1.0722497131582538,-1.0095335769231202,-1.0964015120459003,-1.0746192450254486,-1.17122669360775,-1.1251347346392793,-1.080749316074196,,-1.0921059818616972,-1.0799914667749437,-1.2060408567374006,,-1.1713545083971264,-1.1433660488796913,-1.159696386212773,-1.2114316533139464,,-0.9429855251808593,-1.176096845136323,-1.1394155866719546,-1.0910629988179181,-1.2134882100100608,-0.9898249973798305,-1.109129468025478,-1.1606938467707666,-1.0524231613232946,,-1.1007565908055268,,,-1.1766578655900974,-1.0835184698109037,-1.0471999668827048,-1.1233291569941395,-1.0954370011798105,-1.1165700198191464,,-1.129232302359663,-1.0763580841859621,-1.0493487744813075,-1.105466001283893,-1.0680541912928987,,-1.1058536146571587,-1.057512786270037,,-0.9233618334346487,-1.209745941712623,-1.0606014939554802,-1.1112431024200353,-1.088315191786157,-1.1118451351617444,-1.1364109173277335,-1.1245135892993252,-0.8880374933428453,,-1.0962155500799329,-1.111148018713879,-1.1157961124025861,-1.1628395828334666,-1.1074399450850045,-1.1219263633234084,-1.0680011939473915,-1.1325548929183336,-1.1041902876371554,,-1.101790646797761,,-1.0774787367791696,,-1.0125403302417515,-1.086114159590485,-0.7704346617823469,-1.108134509134005,,-1.099577326388848,-1.1410437212520868,-1.2534959213319425,,-1.0780588386853014,-1.0614199262933892,-1.0643843218933877,-1.1263263180871568,-0.8728681808633431,-1.1124634025315334,-1.10118479809986,-1.109921440026966,-0.9742598464865461,,-1.0722689879107559,,-1.0964781351392614,-1.118227120493372,,-1.2655023264775263,-1.1180889996085615,-1.0644824360676564,-1.132284873828089,-1.0825347673096137,-1.1396931409460689,-0.9656080486128007,-1.12499952729486,,-1.1451765690308442,-1.172573331143874,-1.0665472694449383,,-1.1215924886206539,-1.1047318555939627,,-1.1509912828914024,-1.066321303023888,-1.0900827045726391,-1.1755501037666218,,-0.8843603778455567,-1.0750928043114496,-0.9328733188652836,-1.0930965168421756,-1.0821975246589666,-1.1328369450512092,-1.1253166280389526,-1.103935979253325,,-1.0660297056232753,-1.1102729514002379,,,-1.0619112777270898,-1.1109402960763652,-1.0793368561092376,-1.134981801714475
2023-12-31,-0.9955052078218598,-0.9660428723322894,-1.0339213896355355,-1.069217544327512,-1.0271516079528995,-0.7956492126007939,-1.0853808397863625,,-1.1651022822138632,-0.7980364083228206,-0.8318495071328759,-1.0313359445962416,-1.116473432660588,-0.9870096513863975,,-1.1915788935649925,,,,-0.9104824434358526,-0.9902520084419194,-0.9905103721461578,-0.9607336093463209,-1.3308281517052916,-1.0610578133051614,-1.1334458941501209,-0.9518145246085852,-0.9365385093044847,-1.041992897548791,-1.1806049749014957,-1.0123885928863956,-1.0502879403002747,-0.9581054409044969,-0.9437776957860939,-0.9366888677114242,-0.9524843292986919,-0.911154865938582,-1.128844002703584,-1.190792046990658,-1.2572196775767719,-1.1100902204261256,-1.1111735244567011,-0.8174001595814634,-0.9966525227522082,-1.019570912963221,-0.9713883271523396,,-0.9748009174170444,-1.067733611719774,-1.0159398771636008,-1.0075771694180415,-1.2763750680460322,-1.1574858680297253,-0.9819816340906747,,-0.9983255223737459,-0.9886315183258411,-1.3032974187141235,,-1.2247916869219615,-1.1228540729800778,-1.250963955231386,-1.297291771217048,,-0.831812869259142,-1.3101820943131604,-1.233424318079205,-1.1815485918624076,-1.252197418384585,-0.9285420511657545,-1.0996626144925277,-1.2639477954762703,-0.9576072526180258,,-1.023711336809368,,,-1.2591946032389008,-0.9659977067978145,-0.9600621266980042,-1.1787551388326094,-1.0032549146562109,-1.0755092710191674,,-1.1874994381508925,-0.9762402860703294,-0.8944287414239676,-1.0050142732889977,-0.9458116147534122,,-1.0202606349808054,-0.973247060129152,,-0.7357732247525166,-1.3628875372363705,-1.1017566365351124,-1.0281719049348894,-0.9993723775016916,-1.0069399313499607,-1.109615328990031,-1.0825737633937145,-0.7421896386524135,,-1.0124738742725277,-1.0296029114929803,-1.0431762616373552,-1.1830734590677026,-1.020903442184056,-1.2128220215678733,-0.9403554189287356,-1.1345029010346064,-1.0112933261299835,,-1.0146253286826,,-1.0886702917139275,,-0.8961323214312253,-0.9902050070387176,-0.5860212457118085,-1.0050078652140426,,-0.9868266721380373,-1.1197165564813454,-1.4702963993150593,,-0.9599383210168739,-0.9290250275168319,-0.9498653008332759,-1.1532828556865118,-0.7247764294227297,-1.0336355574800318,-1.0211030934034904,-1.0244926736715712,-0.8758367533996281,,-0.9529764119904365,,-1.016113061975384,-1.135138512723482,,-1.253227061280336,-1.0286106898191518,-0.9566810492044706,-1.1173400630697599,-1.004619743083479,-1.1221758695790771,-0.8564713713174911,-1.1825017552623664,,-1.1284815363153213,-1.242849619571592,-0.9559999524823936,,-1.0473378586145554,-1.0402229013817608,,-1.0804488637030687,-0.973480108812075,-0.9791713985675738,-1.1063631918579049,,-0.7389074947233064,-0.9711614674395337,-0.8026333715336879,-1.0012374780771724,-0.9945614673971831,-1.107733416406365,-1.146851920591818,-1.0140454967694597,,-0.9456898987149284,-1.03369175368845,,,-0.9803899381799434,-1.0211134558131034,-1.010713457145581,-1.0634155547005315
2024-01-31,-1.1018157887147277,-1.0973582514302544,-1.1590975100379441,-1.1582589872871576,-1.1016180355368885,-0.792864758667905,-1.1880950328600508,,-1.297868335880584,-0.7952956434313124,-0.8637855512668084,-1.1592237552289406,-1.21788602745101,-1.0823642193927536,,-1.2986487308531107,,,,-1.0016378179795125,-1.0892689997141212,-1.074128542207568,-1.0528032748542435,-1.5117678095726699,-1.2294340667904995,-1.3105676033852474,-1.0629427375502751,-1.000601959711456,-1.1860701200334078,-1.4336423342934328,-1.137489642860834,-1.0434933618388065,-0.8496134494779075,-1.0285129458238746,-1.030061857992445,-1.0380076381669294,-1.0977644038391055,-1.30081404746835,-1.2232278399725378,-1.4330352254072292,-1.1991092791964597,-1.3296928565689081,-0.8417773111425636,-1.0981007679429289,-1.143812767677741,-1.0545204303062887,,-1.0842453108656753,-1.2038894199157604,-1.1420035537430564,-1.119113733212559,-1.4642356952311082,-1.344340635895494,-1.059623163784998,,-1.1140350658313012,-1.080479368944628,-1.4012710792907594,,-1.416759683618547,-1.2313781777387094,-1.421079697874897,-1.510105869096375,,-0.7719077594710296,-1.4595484600919968,-1.4155406084765467,-1.2860779098289674,-1.432600975699192,-1.0691170322885881,-1.2675175407361436,-1.398896397829411,-1.0311265667905596,,-1.1511352861444883,,,-1.4322839036237842,-1.0799459714025028,-1.0487449810925964,-1.3617178435853385,-1.1196276057628352,-1.1677312001876488,,-1.3666215153462535,-1.0967149994107446,-1.006100943009429,-1.0799754882184058,-1.0765235596229212,,-1.160473503283508,-1.0785711517668013,,-0.8029403118222916,-1.5704870295961448,-1.1944541518965126,-1.1650141684425843,-1.0946428302082034,-1.1605125222821377,-1.2230921957984993,-1.1731984843189052,-0.6912408200608744,,-1.1216062917842728,-1.1650543581582515,-1.2932563643435653,-1.2834586312984786,-1.1417440347392587,-1.358863213640185,-1.0392748106728034,-1.322745809305188,-1.1751472716978657,,-1.159580636831446,,-1.111519162039724,,-0.9651947033570369,-1.1029022715315513,-0.5399673813997782,-1.134852378149182,,-1.0735432516346801,-1.2213413427086048,-1.5150998845304613,,-1.0284823124722928,-0.9820485599919693,-1.048608081172462,-1.3554627035255082,-0.7008851082052647,-1.1697926746714649,-1.1518541335509467,-1.1678057887568531,-0.905404263886513,,-1.0264551638742316,,-1.142913831664775,-1.3243195019715381,,-1.5787205716966868,-1.1070630189976316,-1.046861999818089,-1.151470158229814,-1.1168494758088066,-1.2265356596094985,-0.8965056778039501,-1.2739810213178504,,-1.232991962359081,-1.4505440320845995,-1.0265389798185018,,-1.1077536907789296,-1.1731975577400275,,-1.1881992969852293,-1.085182471686001,-1.09423374988643,-1.2167432087472856,,-0.702580029999057,-1.0725683825238768,-0.797740005452688,-1.1347532395350686,-1.104622850093409,-1.2078472651697554,-1.3413080475931212,-1.1304676308157924,,-1.042114206066457,-1.1745598833087834,,,-1.0900128047889768,-1.1641908819473332,-1.1289209566677998,-1.104416283961233
2024-02-29,-0.5177636835145483,-0.490993620125354,-0.5670658751261984,-0.6513189831325986,-0.5834847108217455,-0.3194398713514808,-0.6454855176484904,,-0.9032732649606033,-0.28226501264389886,-0.29557587460840423,-0.5719087840907502,-0.7018576302352152,-0.501408132328985,,-0.8966863879144094,,,,-0.41176069723333886,-0.5374171396234899,-0.53405861345763,-0.5143100703856424,-1.09101556794703,-0.7400596308162997,-0.8225511440818234,-0.504877554413073,-0.4497767686383311,-0.5846752473082915,-0.7947816055770529,-0.5499823671833167,-0.6028773896900791,-0.5437760659602279,-0.4967930624860807,-0.46890935979746623,-0.46964701171418427,-0.5626468686263236,-0.7422788526889937,-0.8903960080682819,-0.9540505460169272,-0.7220076260954806,-0.8273311828083172,-0.3217570772559597,-0.5577492547931769,-0.5451465969928408,-0.4890287056440203,,-0.5112934373310783,-0.795641185776259,-0.5601330490634481,-0.5683769598248264,-1.0009280392381015,-0.8455892143870971,-0.5075182431468862,,-0.5279500347243609,-0.5258598454958604,-1.0120250119542513,,-0.8979915042063106,-0.7076472536962884,-0.9830196361869147,-1.0104159804634698,,-0.322183831282848,-1.021809028388586,-0.9840531966978386,-0.9152595028084104,-0.8844010926069642,-0.6046075496311479,-0.6622253353379509,-1.0414124735506312,-0.4901824353718618,,-0.5684325659802211,,,-0.9677313052848308,-0.48017093595145105,-0.5129629736139436,-0.8797653077994986,-0.5300420955090889,-0.6717662328115572,,-0.8957716492189597,-0.5063733599289545,-0.39577719899993125,-0.5429330665731391,-0.43747246158387343,,-0.5534228349491468,-0.5212991141767216,,-0.18424311954250885,-1.1202401414789502,-0.9506340250792716,-0.5633278343499913,-0.521560711833229,-0.5172703375734616,-0.709926267873653,-0.6681695287306536,-0.24934080647055282,,-0.5511134027117749,-0.5630919226163297,-0.6635945873311091,-0.8200459204850516,-0.5595152406483912,-0.9633880018414939,-0.44496370606214247,-0.766948084499725,-0.5364776460149263,,-0.5484341781975419,,-0.687178502904468,,-0.42827257815471087,-0.51880770394735,-0.11276790317067042,-0.5212121721212083,,-0.4838707170693504,-0.724583805616051,-1.244775548060757,,-0.45446654099096156,-0.41556498209012355,-0.47864372552589535,-0.8527214406701067,-0.21726779603460541,-0.570113732672599,-0.5592624758639684,-0.5531642349763343,-0.38431612390425157,,-0.459247030253887,,-0.5598711402400705,-0.7826339648431238,,-0.8177484542046836,-0.5989619792937603,-0.47773379049441617,-0.6993828152013545,-0.5586576969211696,-0.7318532592026238,-0.3785141078483427,-0.8955186058290119,,-0.738520950755059,-0.9593328840091196,-0.46715556203807096,,-0.6092946875290736,-0.5908894029679034,,-0.6514467370445342,-0.5137438629535954,-0.4946296688877546,-0.6566498682674428,,-0.23294313039585857,-0.5036690867358563,-0.2866911688107754,-0.5310063360882935,-0.5383164035607074,-0.7129263621513986,-0.7961625322270987,-0.5458970360370579,,-0.463710976607904,-0.5747837628570438,,,-0.5298563821564416,-0.545820877246001,-0.5707056293519136,-0.6379096513219764
2024-03-31,-0.16865945699620866,-0.1551018580235991,-0.2426235126531554,-0.3730512326453616,-0.27713619290256497,0.1163863757713735,-0.3431576533778733,,-0.8032601567461528,0.16464163240343435,0.1369317071494247,-0.25247338609074965,-0.4442587055639924,-0.15283027202720703,,-0.688245565883397,,,,-0.03757437287409242,-0.21005713546715046,-0.19760348388290314,-0.17595568214078428,-0.9803682621176802,-0.5288463109074493,-0.6728712675111079,-0.1841651199647319,-0.07940989947772249,-0.2726327205439214,-0.5834423004192454,-0.22461097184419604,-0.2585523297192191,-0.18058359876796864,-0.15599244853281177,-0.1230973017269703,-0.10438066686919087,-0.3164598573050758,-0.5035391361162616,-0.7245856831551867,-0.814506119072132,-0.4706889336398382,-0.6206078902685898,0.1247220921064708,-0.23112753472071415,-0.21486241613170054,-0.1326109922388852,,-0.17586360708146803,-0.5922390945397285,-0.2397497275013391,-0.2534859479315244,-0.8883824390987202,-0.6855702390848937,-0.15025538388936582,,-0.19504308608598042,-0.19038881781733233,-0.8937508196288436,,-0.7198376822536919,-0.4330796136378056,-0.8633891755593108,-0.9015914724403781,,0.15844859134010827,-0.8371411478339553,-0.8852286822402522,-0.7211573705303583,-0.6919340326730655,-0.37310664059094745,-0.3720195708573767,-1.0010511651420646,-0.1327092323725189,,-0.2483264931123133,,,-0.8649552491509788,-0.13170654598330592,-0.17698296397649324,-0.7126860412568861,-0.1912570358272456,-0.4063848981921516,,-0.7488935312016938,-0.1673610904799423,-0.02178595359334576,-0.21550721052151703,-0.06164813803658434,,-0.23186735791866067,-0.1864514655806998,,0.30034597944070307,-1.0446327915259785,-0.9841707977777875,-0.24578532140029152,-0.1642737991229158,-0.17926266361862375,-0.45899091189707325,-0.39029712218789625,0.22573368373719296,,-0.22508473104806168,-0.24235165239905418,-0.485534043093316,-0.605117244109593,-0.24387096715871423,-0.8600206724975791,-0.081031620397528,-0.5507311659484112,-0.20931469758199756,,-0.22768976669463734,,-0.4022971678726501,,-0.06300135306987052,-0.1820790222171621,0.37763906820035276,-0.1872624915110232,,-0.11122001816467196,-0.4765226428730669,-1.1981068842694305,,-0.07017321417265625,-0.013993119503544538,-0.1370667702421085,-0.7115661503928329,0.26843603220860546,-0.25298115928461934,-0.23713205870402626,-0.22836733074483315,0.04135214454590897,,-0.09103896770089837,,-0.24338986290315803,-0.5718628271056019,,-0.6050848902050472,-0.31489899740964283,-0.11513989065117912,-0.4197331553778449,-0.24465157512881835,-0.4890800955292988,0.03158755722811235,-0.7412396123955667,,-0.506936216931703,-0.8536208140291459,-0.09896574289477193,,-0.31031335370021906,-0.2806455452681374,,-0.3729333931971937,-0.179205024087214,-0.1536553240515766,-0.3833422559849707,,0.24872527956098398,-0.1622187368199608,0.18427016551910141,-0.19832259336420124,-0.214090344734586,-0.4647901150126964,-0.5916477585961705,-0.21829806195684676,,-0.11949697265679748,-0.26182904791278827,,,-0.19923963867143638,-0.21718806510469674,-0.2585178786987114,-0.34967597550949314
2024-04-30,0.24983148208571831,0.2666116378484367,0.18070519584998443,0.06775958781686645,0.1482352398382455,0.524950222333176,0.09659858477842873,,-0.27228508988198147,0.5392144612410298,0.5112280721259951,0.1847459959586229,-0.02244268026547499,0.2548652666545161,,-0.05682541240824252,,,,0.3566683146967901,0.22637291600575432,0.2376596298321737,0.2751807425743675,-0.3434454617437348,0.10259880036381903,-0.10057917194194786,0.26187935963382597,0.30796241724169254,0.16999756341043903,-0.07149715927602251,0.20770893814213448,0.09557446014318378,0.1560234306627631,0.2934166347519935,0.3123127470649946,0.28080238148693953,0.367121432851536,0.016704903670911618,-0.2841506989363562,-0.2817038908944446,-0.014226378811514886,0.10209612816608865,0.5205056408625423,0.2241437130871688,0.20554275747437542,0.2637236026541658,,0.2601903022764384,0.07650532705220932,0.20881274769481475,0.194884291195813,-0.33878077826132064,-0.10943830558715612,0.27789303354341294,,0.22523286923350375,0.2295894793055695,-0.45033793602542455,,-0.1288710131908725,0.014805133115595837,-0.26703378317257337,-0.3116312118899683,,0.49771657902720706,-0.20415696285084772,-0.27951459205630363,-0.038046801952700465,-0.1952205198180954,0.2963912154115101,0.02345981591023634,-0.49081722199973987,0.28465114235135247,,0.20360260180633727,,,-0.40025472992851446,0.28628214983601113,0.27086572827214767,-0.0930419508779121,0.2361760993336963,0.048913412954084856,,-0.1592690898304156,0.270556328025556,0.4274974318016541,0.20901891525074012,0.3396125425998208,,0.20187126961521432,0.26114301462021094,,0.6846309772713934,-0.45541208248159115,-0.433086188633507,0.18395253204297485,0.26155211377845305,0.24707081286341515,-0.0031288546216854405,0.06169065594191199,0.6258528317551921,,0.1997277332503077,0.18527609760613586,0.03816923717442682,-0.1384829814143641,0.17935619553711393,-0.2980725814678396,0.3184558675749486,-0.011755998838354369,0.23912049344281372,,0.2094269652633261,,-0.0828756224569555,,0.355971965950624,0.23776802606150174,0.8424134713448093,0.22075590196079614,,0.2810177313890139,-0.023562725788835913,-0.8464110660308598,,0.30767009634921255,0.3634270863115919,0.28520326614921715,-0.11233090859696156,0.6454176545635407,0.17609340856419825,0.19792309856840862,0.20188702280131218,0.4154559990627448,,0.2936699472633758,,0.1913627534956881,-0.016153032179899836,,-0.06865968616065017,0.1339807984645136,0.31593552395105284,-0.07624950906074505,0.19516596973528882,-0.03377214273429661,0.44081119367791066,-0.20824813137143983,,-0.07979537947490196,-0.2869755980285982,0.28565996856066406,,0.10482422917049897,0.16086328492184554,,0.10620727310795355,0.2605932435605101,0.2459232499386622,0.008490849560380325,,0.6165491127914462,0.27790800203878124,0.5411882445195042,0.24041821210296005,0.2198654596528013,-0.01604288292412248,-0.03931418949209555,0.20553672434635537,,0.26659943224745963,0.17580314242425973,,,0.24792836922659464,0.2136063920327005,0.1931790369102652,0.08351323129030103
2024-05-31,0.06802128700773251,0.0901006632568901,0.005285461534384757,-0.10049207889499265,-0.04013268198665186,0.3448200471458012,-0.07246991485763908,,-0.3568268117127764,0.318694326420673,0.27375016558704157,0.015702801917022058,-0.19311280842104087,0.0565854055226009,,-0.11485407226878944,,,,0.15656083811089733,0.05428169959865217,0.059707025416346905,0.11422960750895901,-0.36147126832727294,0.041158604765961414,-0.18728128853467213,0.0966158103586771,0.10667836111962065,0.00700026735709559,-0.15900025821009428,0.0373377033975859,-0.10846594248397977,-0.05031089098949193,0.12893505750574966,0.13016986593102145,0.09313998740104526,0.2992734565407153,-0.09742480369724918,-0.4165561216254949,-0.3600472245491021,-0.16439041909124938,0.11096553735608353,0.34038488408493955,0.07018458934812478,0.02400134279701943,0.06878852761130191,,0.08587386492266147,0.05255782821101371,0.042997422627723186,0.0375994869097967,-0.39614660205101265,-0.1829432553865984,0.08994041551016628,,0.04527989017478578,0.04781941865688062,-0.5675259074634287,,-0.20180104863151496,-0.14002510988006533,-0.32196859708934644,-0.3734453162955407,,0.28315804857117804,-0.24398357484288818,-0.32169144360872787,-0.07469906047077951,-0.3107054655741334,0.22437094613111466,-0.11378312450725046,-0.5657012041627199,0.10290899142388779,,0.03921583869296585,,,-0.4914209444598805,0.09649978675232371,0.10540693471140887,-0.14733294678127476,0.05754849231579244,-0.10994232147541963,,-0.22077278930176086,0.09700212202037338,0.23573117513841674,0.013044848745456689,0.15161769784763224,,0.03144052212885971,0.09836244761366332,,0.4834156466627228,-0.4867405106586819,-0.5072926701189299,0.01156318788786507,0.07992856937410904,0.06747170573137933,-0.1549742346170319,-0.10135928679536606,0.4268193177984222,,0.02271860121965227,0.012663731889125968,-0.07601901298687998,-0.27615810826666043,0.0009993236960194475,-0.35583001846662515,0.11993916569779967,-0.11088034678685546,0.07494747982058315,,0.041404068751346536,,-0.2557107600096151,,0.17450983220744082,0.05751518958299735,0.6735906829533334,0.0330279540516632,,0.0754022206660597,-0.1778018946818655,-0.9541232770617949,,0.09736623409441905,0.14661644417303685,0.0993842204111231,-0.1789017714491551,0.4510419069429477,0.00497006024223219,0.029116270194646268,0.03031028628330875,0.2305406180011551,,0.08780608781637736,,0.02286243858051215,-0.10043764077058001,,-0.17638424140904838,-0.05272646441478505,0.13209412896792005,-0.2677060096176162,0.02911314996068585,-0.184510348486705,0.26444667350474244,-0.3041027615797257,,-0.23743697117322543,-0.3513444733369224,0.08455386206126683,,-0.08858509645652947,0.0005080901048823631,,-0.06674333373476124,0.09143354242148431,0.053802932918519175,-0.1890137891186094,,0.4151162701616465,0.09849952297439057,0.33917795534346495,0.06968778228430919,0.04731048424252564,-0.1710203627049191,-0.12264858672591816,0.02520892651647057,,0.06905362046515338,0.009541749428563388,,,0.08632385323439247,0.03968439031701906,0.03641091058335554,-0.11301581350820998
2024-06-30,0.36872805521222507,0.37289618237564265,0.3190410722332644,0.2589325306208571,0.3044230659438149,0.5893868196180424,0.277969615128997,,0.06965682753181583,0.5674196789134707,0.5293330499264788,0.32913950447107454,0.18333955213849842,0.3627394737877134,,0.29860631948963307,,,,0.42673562636664125,0.36381831525309594,0.37443384645968447,0.4110192707892653,0.09332469365186502,0.38092508405588166,0.19631870238396468,0.38878560713288385,0.39897800455994614,0.3186766911496861,0.17734570965159574,0.34283753011509066,0.26164037052603983,0.3235871017602059,0.422864214854886,0.4192500091459724,0.3791292384817968,0.5737175186049078,0.25548457154334203,0.04163418920180069,0.06412528561706936,0.21617571749309325,0.4394282959282307,0.5750338757534658,0.37836337807091613,0.33234924234207647,0.36943907326559866,,0.3829447869110049,0.4057896211268148,0.35198637213570483,0.34951856775476087,0.0353952498373982,0.19774389813364884,0.39870055983833197,,0.34841049640106947,0.35765727756376076,-0.08515527134534881,,0.19579130181111326,0.228178333580621,0.11138134359550593,0.06254872370299286,,0.5505051849744577,0.19641834106838527,0.10515495408949374,0.34216823060643964,0.09648105713671035,0.5301418853242698,0.20189009963050897,-0.0888926380992433,0.40146299236192434,,0.3504986224178741,,,-0.057289217252153656,0.3858292891670258,0.4052167052604571,0.24024797448291577,0.3605667829696381,0.2541755341859869,,0.17708941523087285,0.3884067652372734,0.49607429078614257,0.3439512478845267,0.41357274211364625,,0.334630841569961,0.39506415484432256,,0.6607995852688126,-0.022074117276619447,-0.03725520277109299,0.32057079543836825,0.3848622903318248,0.3557050913258589,0.21511738504989192,0.26222548823310077,0.6638879068461983,,0.33605321742818417,0.32141581630121985,0.23429679495466485,0.1362829431867254,0.3161052727880132,0.07677308703248271,0.4012728138520737,0.24310755979218926,0.3625277921505276,,0.34051990159623124,,0.12268553251085279,,0.45044802107835985,0.3577306075365287,0.8470528890998223,0.3325317147482709,,0.3766463891563723,0.20251410357762453,-0.37769823828189836,,0.39231716742603673,0.43302176414546845,0.3916364191187509,0.2014106158133745,0.6615409718105446,0.31591365803618493,0.33629588986516246,0.3323202045578292,0.4897800156651235,,0.38355881365077743,,0.3319471268785368,0.253208039559222,,0.16241650009685318,0.3013645018933479,0.42351403342827465,0.12652314534065454,0.34143540555968094,0.19667493904724834,0.5200042495907682,0.13074658658609878,,0.1482619178289852,0.06629934347339286,0.3812789515005585,,0.2721971031490742,0.316209369126345,,0.29481439377844415,0.38633585580850377,0.34827697489974435,0.17803302317403752,,0.6384945688003844,0.397700379636135,0.5738943345378408,0.36578384625425586,0.3544238075027721,0.2053254819965493,0.23437103730619527,0.3361425354761249,,0.3584959946076089,0.31964849022442515,,,0.38479692486212913,0.33996310591472273,0.34776322148490607,0.2693729446519128
2024-07-31,0.19820202451938168,0.21442160487087225,0.1487052072757913,0.05840584083427362,0.11109217362662584,0.405114590657908,0.08277008237556502,,-0.17478040898708985,0.3995429710512572,0.3709243929588057,0.15296757406940042,-0.00836405854777433,0.19355721251150446,,-0.007749986707743206,,,,0.27287812986719023,0.1808939891946432,0.18568426496522966,0.22176605358928758,-0.20319393350452167,0.11580825892499237,-0.04576536219939732,0.21045613416059697,0.23405137251979063,0.14519493157457836,-0.003812580409214789,0.17050003860630294,0.06988528866749044,0.10970712638020945,0.2333681929776173,0.2410704328190992,0.22296600837154734,0.30736743061872485,0.04165027221975167,-0.19970669342245084,-0.1721550689238301,0.002268558519747934,0.14409824032236945,0.4068711182604784,0.18649350174235693,0.16481614066665884,0.20343354562329716,,0.20666159962165778,0.10785657206423788,0.1710180252122113,0.16367797471264367,-0.20708594264296218,-0.044105771275919345,0.21257122450418844,,0.18002530071437417,0.18051498134464397,-0.31484490194677905,,-0.0589944606695275,0.026253797597851136,-0.16005014304093146,-0.1936555535253141,,0.37484449543225185,-0.10700862054518413,-0.16434226062227403,0.008869019661475989,-0.11771667445080963,0.24901940071401266,0.057014098400408164,-0.3349433589857653,0.22249293743998375,,0.16745245374760645,,,-0.26078338321709804,0.22189220493506343,0.21606214021582668,-0.027729006027289196,0.1883660033226344,0.04647559776931267,,-0.07870574071781425,0.21579599142637387,0.3239015665084426,0.1543681265836442,0.2691345926542396,,0.16684063660064116,0.21159341751888228,,0.5269816834306521,-0.28774198770067505,-0.30655743257812085,0.1523036040398135,0.20564726145284049,0.1992892101712214,0.011822951942679414,0.05507251468327156,0.4707450437768965,,0.16067515393961793,0.15362806417353636,0.05935713631875267,-0.08769650485171848,0.1450529188976735,-0.18280206674754954,0.2440531010702706,0.025328064157509385,0.1984738879410924,,0.17368055064476967,,-0.043541072691409125,,0.2763129740322731,0.18939523266473562,0.642028850655547,0.17552769316660408,,0.21265661722122234,-0.005656849367823017,-0.603184306965674,,0.2317167279896628,0.2701192017226395,0.2208189933086636,-0.04616736749103749,0.4948008298180537,0.14710605298894722,0.16380697717266987,0.1672653559109253,0.32740099894529484,,0.2217908409733678,,0.1583335364385913,0.02731930199666869,,-0.010590547486686228,0.09626001933185042,0.24450645782457628,-0.05215916760861834,0.1603485166468028,-0.011926097632665484,0.34545214303573674,-0.13265068301837987,,-0.046802807140349734,-0.1734884742080376,0.21817212265055375,,0.07547097830992747,0.13889357178967762,,0.08029215444170698,0.2093720548392173,0.1926393266378146,0.006635312740278933,,0.46922241865848124,0.21629180660512365,0.4157251794117045,0.19517342652790634,0.1768264045808665,0.00013897599980887588,0.010920465719861728,0.16408746668232776,,0.20598370242943378,0.14833458326011426,,,0.2024134467231909,0.17496369018783306,0.16252003402548054,0.05239693348268169
2024-08-31,0.1905151153057723,0.22407688128805475,0.16962723975397753,0.11991680374277865,0.15135012140979534,0.2805366642944691,0.11551068914323143,,0.03688274148313512,0.2952105282127082,0.2944312416854931,0.1696417439350458,0.09404110590505677,0.19735464306436287,,-0.015557780564340803,,,,0.25394993387194054,0.18570023371121414,0.17915380054084865,0.19886325394838497,-0.09264983375921922,0.11619710074889278,0.08110400869535564,0.21783476526962015,0.22087453133245907,0.16799821804296816,0.09271240523863537,0.1831454969380762,0.10174792621894796,0.11776464930454829,0.20885663702500962,0.22593165322053488,0.2163583128841866,0.23497114073873304,0.09524499188335471,-0.012694314940034587,-0.010953302400048735,0.08210444557674919,0.07424720091462003,0.2801739131303352,0.17450343744578414,0.1820919273239745,0.2023292544576977,,0.2036113035122609,0.077943741100436,0.1780068783369054,0.17361939785872993,-0.02707311398381525,0.06368367564466952,0.1861373430524604,,0.19280413848271433,0.1877216972561211,-0.06620462406855715,,0.014531973455279307,0.08537714509020203,-0.022979791005896442,-0.031503504988687724,,0.2402362295577801,-0.08717863001257345,-0.008358686105907766,-0.021291827980612285,0.010638856255133148,0.1998217906949325,0.13394510572381077,-0.03663322380946115,0.20107723064531782,,0.17215644162084678,,,-0.0030653237963023487,0.21934978744051165,0.19933294166880097,0.03523259415844389,0.1883421614646436,0.11254940206915791,,0.03193460034810794,0.20806992440739552,0.2691029154168719,0.17061757456638052,0.2443630763242038,,0.18536286165970822,0.19765895449002752,,0.37212337892438296,-0.09307514964704736,0.05781331247304368,0.17867284853881737,0.18084976748828924,0.20617777487024236,0.09632410412504716,0.10804023773015886,0.30115657159352,,0.17731629569368942,0.1771081723429792,0.20151175397953747,0.028899454501696488,0.1780129589297339,-0.003291219361584457,0.23489032530704868,0.09324790812453769,0.2013934477252505,,0.1910325364587984,,0.08248736490696033,,0.24426666763288496,0.1973535343038793,0.4042605579889154,0.1991854156309744,,0.19656443234706952,0.08343654244003865,-0.2137540098919065,,0.2096323856377462,0.2263893230465235,0.2214783718049462,0.0707542794816619,0.3294245818572514,0.1738720898176478,0.1789455388736541,0.18457420972253102,0.24309649216332732,,0.21547416571973269,,0.1804854262546529,0.08684940845714531,,0.08208910404607223,0.14976047755550612,0.210164192977334,0.07106674932547723,0.17989707210627634,0.08173658666701702,0.2571675263869143,0.004779194254789568,,0.08210041627135857,0.00942158813206743,0.21006901292874924,,0.13132911345956633,0.1625497471591725,,0.11958685633448907,0.2037766654778327,0.21266749716809036,0.11802386664675855,,0.31534231134561075,0.2032301130797583,0.28608356601257623,0.19550353226706327,0.18887056670547167,0.09220342686850773,0.0810028530216003,0.18126867327659663,,0.23060195431627686,0.17399645597423702,,,0.1943315938355902,0.18766937255696853,0.1744221469105023,0.10817613872716003
2024-09-30,0.3174343032917235,0.33855924678268134,0.2964146691268962,0.26634453564948546,0.2913103058942603,0.4258976324071487,0.25850036785324837,,0.20095334185763558,0.4286352376254978,0.41080978314955574,0.2952745953416492,0.24467955900579055,0.32192352365770777,,0.15569053947739883,,,,0.3710809899675909,0.3159251509802298,0.3131418080394994,0.3300692891023765,0.0860203637492546,0.24256320403107834,0.21381058576066753,0.33905135910244827,0.35342718437379694,0.29036771522063204,0.21249582858627925,0.3075374099600813,0.2841741347952971,0.3305486336797717,0.3393183052398299,0.3463696786290258,0.34923024979395,0.3197658789506279,0.22653406122199812,0.1906469082882778,0.15124538400862883,0.2397539613714937,0.2026184962388879,0.42006456401423153,0.30946613749769536,0.3049381124770001,0.33334749213836823,,0.3264619459358537,0.228569444506447,0.3015268989638489,0.3058318849832308,0.1395105133631473,0.20124018018707818,0.31803869406676544,,0.31685295288640497,0.3192634803680258,0.13308451374556235,,0.1569721873023952,0.23639908602726217,0.1393738789742725,0.1181744123468111,,0.41106035434222427,0.09192202348618113,0.1508029557427064,0.14961792758928613,0.1598899584419462,0.3064704625492557,0.2758392852993497,0.14904466682598813,0.3361368302626736,,0.29624679755016065,,,0.16760492591842915,0.33539613496345005,0.330352333056071,0.17797389310325945,0.31206406579166873,0.26018332004602485,,0.17987213038731958,0.3266566015665701,0.36901365463245006,0.303857992797409,0.3547726766770681,,0.3044598181279969,0.3251052062032246,,0.4755186930850427,0.08231697116819718,0.23017672899743102,0.3001126701029622,0.311462571813671,0.31513057015259505,0.24334561261534574,0.2559978932684232,0.4512443091359021,,0.30653474306540746,0.299610682745957,0.28842058484130845,0.1961674090878894,0.30337360271023484,0.16867652669067335,0.35285529829693274,0.22215585442876,0.3097468395888942,,0.30788502997223105,,0.27951276746621034,,0.3722377172235482,0.3214107961166329,0.5319015689105115,0.31719503318611225,,0.32413356790312653,0.2361299812588449,0.05267697117201466,,0.3413113257771716,0.3570174564269469,0.3424180205765231,0.2003326786488367,0.47267258083452895,0.2970775449687982,0.3024916522781233,0.30314776389085063,0.3910973384980347,,0.3449310520164079,,0.3051272563209745,0.21916089822837648,,0.16878183290549437,0.28461042480422466,0.3347529548059641,0.2543541889657225,0.30897618861967957,0.2348517582053274,0.39546010475948695,0.18234322086853585,,0.23823437806431783,0.15673076852424198,0.343367304196844,,0.27945481393081917,0.290602260104297,,0.25053179520407076,0.32720488040068485,0.3325672702392395,0.2568664190781853,,0.4641014616669361,0.3256715560405811,0.4329749035438455,0.3135124106941691,0.31549726219044455,0.24427302809496534,0.2139299079599436,0.30640594915270464,,0.35335588338683255,0.2959280793538511,,,0.3216807386334941,0.3046652505265385,0.30398603000690866,0.2615458573076826
2024-10-31,0.3671892524894167,0.3876213237782565,0.3269557851310413,0.2757927826411741,0.32003866985948815,0.5762001917561285,0.2681852062911467,,0.11888989425106158,0.5805956458068929,0.5344865872643998,0.31915464898664336,0.24559710909556356,0.3734455717844767,,0.05240253363566606,,,,0.4563430156014846,0.3563329379927824,0.3565162426790799,0.37870474153753036,-0.07310350900432953,0.1569708130688284,0.11623805611874279,0.38202380105922956,0.4406043107271242,0.3063591365762992,0.14384557945206175,0.340527360930194,0.3711053911227037,0.47492981345039736,0.3932598372611241,0.40074259592787226,0.4359848338418219,0.23868260469665759,0.17362266594107806,0.17195622704100785,0.05177694954658559,0.2321555584515043,0.07457096396571095,0.5709156516241309,0.3457145888701832,0.33913200672251165,0.4023794235596322,,0.3696757967291428,0.14272322986986946,0.32421011359591184,0.3368195091025886,0.02663296726753763,0.103771669118822,0.36931021042366263,,0.35950983819423965,0.36887031163239586,0.06808237292650256,,0.038183997631789764,0.23114226779998046,0.00929882503450422,-0.03418102045852725,,0.6017205208849089,-0.04538419750388896,0.017946427973021636,0.024018723021846846,0.07759088512729939,0.2331326000564571,0.312179180696411,0.0454049228868073,0.4045353561726813,,0.3153645814822238,,,0.09477497312655234,0.3863281058809627,0.37875751493526055,0.0609246567332665,0.3511616198411926,0.2599117179620151,,0.07124351222261777,0.36753547262117636,0.4231941280149382,0.3398165199637045,0.42644948893229606,,0.3305618468635661,0.36840218864675034,,0.6432873487618801,-0.07613961700759313,0.12743915207305756,0.3253772745407694,0.36012640247411964,0.3458699953999751,0.23031307550500063,0.25756298428160257,0.6294909400582666,,0.3439786738630032,0.3269225764211988,0.2214258183163817,0.15938798322790165,0.33388542349371625,0.068610684729721,0.42415001518046347,0.15483653998474903,0.3288551301811809,,0.3333382063337131,,0.3749511266223221,,0.457437000190863,0.367760837368645,0.7259386946721816,0.3592474607431606,,0.38985998460903587,0.22279216366117072,0.0032317625409970527,,0.42690470178643336,0.45443487355508677,0.39781239167268273,0.08464967900707601,0.6700983654556848,0.3222026229135515,0.33050469524595566,0.3301108911292284,0.5325416975279771,,0.4248596970283618,,0.33393609870481294,0.14757010035892681,,0.04159002451960416,0.291876922256444,0.39143819194180046,0.3133139793874636,0.3408689909194243,0.2193860193544739,0.5173489218925972,0.11160781019484849,,0.23242643641240615,0.031099274097955296,0.42588396100795783,,0.3079144635800779,0.3109459871876191,,0.22631141467395607,0.37052426889174517,0.3886239683589139,0.2669429805856496,,0.661467899220716,0.36752579195277996,0.6126357985005175,0.3451490603388829,0.3531454046426357,0.23641180132370812,0.13948558128174882,0.3412152783839862,,0.4276375361235531,0.3161738899634402,,,0.36219154555891153,0.33186762890635446,0.330300470152165,0.2737252533612424
2024-11-30,0.39924608765942954,0.41390787176351573,0.34741622676096995,0.27185661613305867,0.317960284822921,0.6757376949142092,0.2782462259858164,,0.0606435819684073,0.6539860328329893,0.5780284943085919,0.33884326031560763,0.23089552424008303,0.39141871659311106,,0.06403038294523258,,,,0.4927632218506937,0.37995557682425923,0.38115021204673216,0.4172969867582846,-0.08747418821290955,0.1614054285228434,0.07158174834819422,0.40470392969899655,0.4775368050776321,0.32504566070810786,0.15099829405775175,0.36418346731846135,0.40431191201411615,0.5300809329050985,0.4305797310136235,0.42579017252891144,0.4835230497723119,0.24061837301388145,0.1727963981989691,0.13941012980703854,0.0224537958373767,0.22590385006345653,0.12089644269753426,0.6793229943141005,0.38257347943288644,0.35761230065179134,0.4332702459221505,,0.39533998495855477,0.17369912098196805,0.34459034127599464,0.3639608232125159,-0.0032828460100508554,0.07827106511334825,0.3990802681223736,,0.3819366075402712,0.39277759482777036,0.016317806219978564,,0.020472858675993248,0.2360462179511685,-0.026488424460082247,-0.08528084714174618,,0.718383785940896,-0.032290314443310736,-0.021276289260778018,0.03392460002248348,0.052795854686599364,0.2288967253924483,0.3575518159759451,-0.03405138558965785,0.44458851990905984,,0.33603082916157556,,,0.04887489725688054,0.40878131340399526,0.41220040255156465,0.04789702712253331,0.3766038771441873,0.25323303518254786,,0.046896250103540885,0.39495492803530785,0.4501569715345292,0.34316998456231385,0.4721587342349412,,0.3501998064794419,0.40293595936872195,,0.753285285140579,-0.11468695536016102,-0.00905832421487335,0.3418305576036551,0.39625402646694574,0.367375239681499,0.2203749939966289,0.25555333233869093,0.7396622137377449,,0.36434984238607454,0.34594387240672897,0.1742009684708212,0.13971694548655605,0.34579073281687633,0.03132940767351123,0.453701196694124,0.14886887158646414,0.3525929567883174,,0.3536451305339485,,0.4122168092021995,,0.5022865418961079,0.3926266149335714,0.8576655623763747,0.3766714564858103,,0.4207275607526387,0.2102361618233213,-0.051568867952367134,,0.465755766416987,0.49846365558227024,0.41984207705260657,0.046327828716367876,0.7970714730534544,0.34004351829357543,0.35256863255797155,0.3514511049440938,0.628937441917354,,0.455669469539358,,0.35305233639360195,0.14897282105957216,,0.015395489854875419,0.2698283196220856,0.42711371168118084,0.3191267130287312,0.36050435556832344,0.2063088780312552,0.6014063885898071,0.07857631711638328,,0.21328783323078984,-0.017613686821985882,0.4620796513577385,,0.2999195764344055,0.3324784844532311,,0.20449220152020342,0.39987164093974703,0.409327197523964,0.24175939939543212,,0.7820088027293602,0.3908962552700131,0.7270367490947959,0.37048196945789336,0.3742145772155552,0.2244288753627881,0.13859678322429472,0.358781206431605,,0.4498428639935086,0.33362977573463404,,,0.39512880399169087,0.3529754739404646,0.3547762870106011,0.2514879939009319
2024-12-31,0.33670478278547644,0.332238830964892,0.28996984520311664,0.1982930819145677,0.22443491495416024,0.6034454569849657,0.2288558090026524,,-0.030379150156655606,0.5477668583440745,0.44604970615771017,0.27707096311461715,0.1721088070113226,0.30546199037421706,,0.04340222105387937,,,,0.3971264355788606,0.30262063655744614,0.30305327225588446,0.34326424297071007,-0.05994992917569674,0.07149269631498725,-0.032441730506780966,0.30806080251333173,0.39608617567867016,0.2677097493320218,0.15106919878980776,0.29947990382514805,0.38035818198363597,0.4934120589990922,0.3463513100076949,0.32179326446225714,0.42826749744554915,0.058532257863024066,0.12538209521566737,0.1016104145059956,0.010342567493022314,0.1701735979631998,0.10041233228130789,0.6322196989888501,0.32448699882199317,0.2898077162633305,0.36040177330635803,,0.3126722685228726,0.11971330881762597,0.2738988985042709,0.3006214149369975,-0.004660486023882915,0.011899080186162933,0.3215639676386773,,0.3095581770218548,0.3167861522891596,0.013415955822725246,,-0.010460127908647116,0.20070397989554278,-0.061751164819450866,-0.11725295442254112,,0.6925266133051585,0.010576116512068471,-0.0667494811457722,-0.0027015070110771814,0.04158209071389621,0.05018260488945147,0.38476358733081395,-0.09363944501217174,0.37403594634778237,,0.2686838592861511,,,0.03634420489243347,0.31844725796299606,0.33110279414281624,-0.0013563652958958868,0.3081363860818397,0.178092839438931,,-0.004288027668287652,0.31481363700166615,0.3206478631812937,0.24316931952579116,0.4065769221737111,,0.2840543081557647,0.3305353642305041,,0.6666133337630658,-0.08949287770940599,-0.2249384137183403,0.27613634460660547,0.33773501192541094,0.2963964070232887,0.15991249197276577,0.1886532295610716,0.6501979192130105,,0.2955913651913916,0.2845575859709612,0.03225137795527463,0.10334020222634144,0.2710815581776567,-0.012909509562473779,0.362652447537445,0.0976523961063446,0.2848536793123247,,0.28553358210350366,,0.43516226423736065,,0.4085560039718745,0.3193761934121068,0.7114048696583232,0.3027874165732659,,0.3522169221091846,0.15125758176489268,0.05336875847227476,,0.39714179272979705,0.4191244325071819,0.3214765309142853,-0.042117340008367296,0.7294558430490716,0.2792194580408104,0.28974749725768945,0.29004524671826265,0.600199231365166,,0.3738034668584656,,0.2846284553204119,0.10683977955357317,,-0.005820224757996623,0.14606972838753157,0.34565635210312057,0.3028017373974783,0.28644736930882375,0.14844761629176925,0.5406414981045597,0.01973201455359767,,0.1581114033792809,-0.06496018510740163,0.3898173338104238,,0.2100802516883321,0.27897005661084245,,0.10028578392926579,0.32170431737576044,0.32839374163889945,0.16580501830443056,,0.7135420825714612,0.30036588055385766,0.6845791722852624,0.30038018143684914,0.2966481477869129,0.1617350651695105,0.10074794701185896,0.28655979069252724,,0.3575120150624291,0.2714086371854913,,,0.3247938047872476,0.2886331095385073,0.28888108290899545,0.14463469723039352
2025-01-31,0.17773766039773092,0.17967039154642556,0.13072140523039605,-0.03305579933162603,-0.007105796509031309,0.42951421730772416,0.030661800317381686,,-0.36417536106775383,0.36868787116352447,0.26255009231861076,0.10848418146174965,-0.04565491034596163,0.12756876028573252,,-0.2832788261108138,,,,0.24133741416711632,0.11193366180475559,0.10295806706070215,0.15216278409440878,-0.3569964889010886,-0.22807300466735453,-0.3404209201732119,0.11422263757581005,0.22607126244963593,0.10766994491471633,0.021146645695093388,0.13528421731776047,0.18108163649581221,0.24093711051975297,0.14735452299606205,0.1250911558506137,0.2909200417582528,-0.2782752682510912,-0.08837990654657875,-0.20944971334371965,-0.24025607488471762,-0.07358484491165042,-0.16787769843564668,0.5036239387106707,0.1387392180219765,0.1286197580105686,0.1948253117755915,,0.13240739259076117,-0.20139898055252042,0.09505495186202849,0.11633456522530758,-0.25907506854971796,-0.26434220089561705,0.12921882104382715,,0.14402795940789956,0.13292895720152054,-0.2618655204638488,,-0.2738621742363901,-0.0036857449995862713,-0.3722917603008075,-0.40246793582767754,,0.5502620368327243,-0.2704121042918456,-0.3826648821578129,-0.3726109782550346,-0.16864782498177627,-0.3214469444141624,0.3122789536530741,-0.4321887285644322,0.19518503959474554,,0.08977782212142116,,,-0.1925802940587521,0.15137616507657797,0.13312971933401094,-0.2933305289830144,0.14296437588579963,-0.06491329267895478,,-0.293168884992051,0.14492056224543812,0.1301297856294167,0.01910474802136253,0.2932903667467357,,0.12691648393249336,0.1489686830079949,,0.5783536336827144,-0.36042134723889474,-0.7211457173396943,0.11571420045572081,0.17084732710385073,0.15808363631728994,-0.06787317048506956,-0.045502376036989256,0.45412767225746115,,0.11985384350643764,0.12804951298647813,-0.19184904451574933,-0.15022827130436175,0.0957561948521307,-0.32713594378606276,0.20359851487219538,-0.12413366797186161,0.14121558985451163,,0.1299444787247266,,0.28610302017187617,,0.2245359204051879,0.15409820365064944,0.48345811969053715,0.15241334667124895,,0.19619421566743256,-0.08645301216133386,-0.19459930481670812,,0.24411078675942488,0.25842326262870247,0.13579621568515174,-0.33988525321709573,0.5907274422114257,0.12089915463979957,0.12697114644616112,0.14076126325426086,0.4809984220441643,,0.20776810238978063,,0.11410957203519659,-0.11787019114917881,,-0.12436892713456324,-0.12470410626329421,0.1662106074788593,0.1118475630439799,0.0994724022001101,-0.08966525391636967,0.3867827272754894,-0.3108847530989727,,-0.06793492780455732,-0.3418130058252448,0.2280936980235822,,-0.03132564282146312,0.1135577831101755,,-0.16228020530309265,0.14471634464192287,0.17363910409248368,-0.03510928713042905,,0.5646360724386539,0.1083337152592369,0.5677012191840076,0.14016946604582423,0.11382020962142744,-0.07494149937757916,-0.11942351198695629,0.11454761981751002,,0.19533373374199645,0.1099755377260499,,,0.1454497723659373,0.13860060222458825,0.10460758384372237,-0.14147632874031305
2025-02-28,0.30390998060670227,0.3039973793477428,0.2598075519671475,0.13163295268942593,0.15067763697224534,0.5525537430323022,0.18250266289306322,,-0.12213548807093612,0.4805688001481833,0.37713518042901206,0.24666994522266852,0.10723664322988656,0.25669975707197656,,-0.003188242579665101,,,,0.3547276468867473,0.2573769824818042,0.251612665367179,0.30287093777151897,-0.08329589712291648,0.03876968646346309,-0.09222925637606857,0.26384158326372653,0.3427233674935975,0.24494420618697782,0.17727050097685115,0.2693637111139682,0.2980451836166763,0.3690418774506651,0.30006036199975944,0.27134627499516134,0.39427774268280513,0.020798699724938283,0.10251085690231233,-0.011909808160411225,-0.027553395466198328,0.10293292277141164,0.12411646818277224,0.6045105004355763,0.2898009071675458,0.2570261485918907,0.31415131257208634,,0.2733694245664138,0.08843118499034851,0.2414018109427852,0.26436291535825235,-0.03790716043517375,-0.026489892783889576,0.2719153212850743,,0.27353182712309626,0.2691433821416144,-0.07441902976890866,,-0.03343613971607534,0.15452519715486132,-0.11113608826283632,-0.15243115348673078,,0.6341231983734196,-0.004796721248686958,-0.11617834509851956,-0.05538975450699238,0.014217802042290797,-0.014265352891001263,0.39760670303606976,-0.19456323774139178,0.3276376179103541,,0.23767307918561306,,,-0.015613430664455157,0.2799399073654674,0.2852047748619031,-0.03156574380491874,0.27532167656260387,0.110178323750909,,-0.04446103631337526,0.2826743869550111,0.27882001288862557,0.17324839332515793,0.39381836820889127,,0.2590616009988234,0.29490063302136343,,0.6575101837717099,-0.11514427961847055,-0.40976809898714545,0.24771013512919204,0.3031080724183884,0.279799966080373,0.10229904190839503,0.12503500722112998,0.5812163196535697,,0.2554108228018893,0.2577073303906161,0.0027200579440999724,0.035737605268983265,0.23075766547915808,-0.07937690324683315,0.3210593900432443,0.077418242554493,0.2738580527140856,,0.2627091698369883,,0.3701204925281833,,0.3582213998184186,0.2831404008879106,0.6450887364343646,0.2713871661039275,,0.31066952877714027,0.08661740500046491,-0.05130484659074626,,0.3509989040523373,0.3674463323495099,0.2728329476758488,-0.08449251385099445,0.6858647472301063,0.25191842268284903,0.2618022362746637,0.26857606595711875,0.5708908706313117,,0.32226650134789603,,0.2516873821776832,0.09140171606322692,,0.03939917977389638,0.057808808358359415,0.3044984069189933,0.22276603086860935,0.24513450807343995,0.08452804141265405,0.5037804295484132,-0.06883305310105527,,0.09042712535796285,-0.10567212572666235,0.34088467917072934,,0.12662643554970965,0.2523504178146025,,0.030381644886096414,0.2858309580417317,0.29032030071503334,0.09928315182729373,,0.6603918953052517,0.25546287988835775,0.6481966719307021,0.27507791079595734,0.25535592393856754,0.09575579285747607,0.08699513433898454,0.24836830092251705,,0.3086889206209399,0.24561224926965447,,,0.290508413442375,0.2668774840842268,0.2540610346448497,0.04144634777508021
2025-03-31,0.22336564200750164,0.23062127106308156,0.2157837907610139,0.14887028577638994,0.1262296208750332,0.3313470817259093,0.17576865939251254,,0.1176710771060565,0.246887366971422,0.1649944023195903,0.20689184704509958,0.16024001860989798,0.1746876624474201,,0.11396128904465085,,,,0.22666906255641517,0.1997574045726248,0.1839231372665829,0.225651867101383,0.1781658049897382,0.11896163775914127,0.07790840871833822,0.20385538296112707,0.2268032380694047,0.21549703982846286,0.29117562065619446,0.21877956491242725,0.24439328926772083,0.27744104946124165,0.21615955601057,0.179445312432723,0.2885180790055043,0.019482706388833683,0.1730377576827889,0.16738540649438663,0.1880168779174799,0.16066126333918482,0.217210882932263,0.37650603310676733,0.2343260940802801,0.20271434812678152,0.22135097929033504,,0.2023359131736679,0.1802494489666071,0.1961924873514897,0.22474729562362414,0.212714419666578,0.13807981676656494,0.1785784873090916,,0.21167293742140605,0.20287076370704427,0.18412645414274745,,0.1250615353252196,0.188514867484625,0.12198684622226295,0.1022849915614133,,0.3762577507377447,0.1673984452505965,0.1361823142074465,0.0728761891875699,0.16836460356682256,0.007970847791490827,0.41240100878776303,0.13918258667720432,0.22997065758063082,,0.19439231488368525,,,0.24741410446245732,0.19212685875437233,0.21055525727263427,0.1279047549921161,0.20739627015190032,0.14291459449947033,,0.1423012795554899,0.20737907194801977,0.1420084094607452,0.11898506728890353,0.27119041175554326,,0.21395149853790751,0.22428382303924488,,0.3643030402132312,0.1958925791667856,-0.03283402071693182,0.20936655150055117,0.2139715955540551,0.2121837637683065,0.1592910223947941,0.1452714893575259,0.3037212166452687,,0.2048311735975242,0.21630521005491418,0.11830735000819219,0.15187800817902583,0.19353644694445854,0.16699559137882272,0.21110562991758258,0.17382313195636218,0.21851696280633964,,0.21689331681118307,,0.3979035381074003,,0.2371130744454667,0.2151413765580294,0.3095243631074165,0.2098180331771563,,0.20240622488166563,0.14979882905780773,0.3397048952411876,,0.22474502722332051,0.21428845179709596,0.18955165211329983,0.09836558578991267,0.39364681209308866,0.21554285295565737,0.21663643031117522,0.22089265679940195,0.38179563516416093,,0.21217794165709775,,0.21195548993665858,0.1938804797547126,,0.16217533392084746,0.05681974561731721,0.19868746510299223,0.2589837458173514,0.20579880396683398,0.15428478370159018,0.3248452460199197,0.11395860786698189,,0.17636499353086652,0.14173756014862804,0.23208547766012005,,0.11639709690287336,0.2253001528595377,,0.04531577779171419,0.21551963551822112,0.21559477716137931,0.13207088374730944,,0.3768258704501653,0.1762149123318148,0.39167924096087076,0.21258146674892942,0.20207179288783253,0.1563807272315809,0.1995536342491755,0.19588749922837892,,0.22380754900853356,0.2134494206754622,,,0.22636990363688203,0.2137855076413453,0.21773634055039315,0.046062378537376915
2025-04-30,-0.05368107174224823,-0.04570773594887317,-0.04411839374765198,-0.12378642221881933,-0.16769943631308504,-0.02444786702190228,-0.08420016075011579,,-0.11942440593944297,-0.11975372401165073,-0.19521502627137977,-0.056528399652803325,-0.08741631944637082,-0.11592311789073619,,-0.14822880638020045,,,,-0.0782208168560862,-0.08695350089113339,-0.1110451532591047,-0.07040163921194309,3.9849230630061724e-05,-0.1629863433123255,-0.1730533001795276,-0.09100926708224984,-0.07719203282354449,-0.03831353865991512,0.12426962090632561,-0.04862472057539643,-0.03643522112614223,-0.05523998720523489,-0.08905088240537663,-0.1304022464574616,0.00864684553095655,-0.33245505056927366,-0.0609307470818959,-0.07391359732071046,0.002515416955765785,-0.09783516476658817,-0.029445895183762935,0.04571093936843526,-0.046028499963436505,-0.0643128662085902,-0.06758329543476213,,-0.08586763876071309,-0.10335703122806666,-0.07642830738306926,-0.048995320627808384,0.040842639561959417,-0.09238875690658019,-0.12228401033306649,,-0.06290843187617891,-0.08391673736558088,0.003676323411587425,,-0.08966922171203058,-0.055048306460347585,-0.0886567363909915,-0.08295549713515747,,0.03011149896241767,-0.03383389059410424,-0.07325977715914608,-0.20832300396329265,-0.01916853254249578,-0.3518525330203547,0.23062092408696785,-0.055263408674498575,-0.06795672701965301,,-0.07631730839862663,,,0.08686742477697681,-0.09737095289643094,-0.0889489821393999,-0.10684690847957184,-0.067906172722618,-0.12935921771260842,,-0.08184884271118963,-0.07655586183091308,-0.18652868298944222,-0.18435071981024262,-0.003365952157237161,,-0.04723110074298937,-0.06327432692812113,,0.018706493128825673,0.049552170007307016,-0.32374073994787783,-0.05039800872597693,-0.06894807234583046,-0.04926421844851894,-0.09187374327673212,-0.12531019475223817,-0.0901892986514422,,-0.06903645303011235,-0.04202385045113698,-0.1238409362544087,-0.08153224852941232,-0.07526259613496693,-0.04726699238401827,-0.08537399185746108,-0.054541931650774825,-0.03994715319932403,,-0.04444151890902734,,0.17755984142599465,,-0.08032354945370808,-0.06239261083391959,-0.14072352716340128,-0.05679039937538876,,-0.08493469737842096,-0.10313096614148075,0.24350441624863625,,-0.0706634761222102,-0.09857347787874524,-0.11024062182788831,-0.1385573271575787,0.02310976094476521,-0.04145179769430051,-0.04697573716535163,-0.036387521425096714,0.07643244749192384,,-0.08611988990837235,,-0.05482523177962331,-0.03243694335188906,,0.010985542175703846,-0.2508942719394014,-0.10295385700950153,0.020636208861436012,-0.07081991555023918,-0.09616577552967255,0.0014104545355813351,-0.13584302836771356,,-0.06248271183183637,-0.05001914401529765,-0.06236696325479738,,-0.17546379956391706,-0.03030110805575473,,-0.2442402320905746,-0.07038433391905032,-0.06150628793187832,-0.11761590190410248,,0.005253682649730595,-0.12173033888584672,0.05464823100333636,-0.058367207931767716,-0.07881266632413025,-0.09871302039223442,-0.01946021289684031,-0.07691465253018799,,-0.06573631253232232,-0.043532639143142725,,,-0.056894354876540994,-0.04633641348800589,-0.054660665985627,-0.26259943910975475
2025-05-31,0.008960091261631734,0.008802421168626654,0.006659648510452896,-0.06940361826624954,-0.07451734963654928,0.012884395438347017,-0.02933195638387503,,-0.17855932757052548,-0.009463202758721622,-0.02857750935779614,-0.002387283376301042,-0.057765444380535214,-0.018630037413282074,,-0.12948480882846905,,,,0.0041943758429593145,-0.025059912431640928,-0.03360996004660157,-0.019373192518232177,-0.09861395262453057,-0.12300378533694847,-0.15184143937504593,-0.0322012035798789,-0.005697490156822811,0.006446064845711878,0.04761526120016011,0.0018883106871493962,-0.021860593647418065,-0.06768196817507675,-0.029441002544989815,-0.03641706515324228,0.03338106053943185,-0.17662465194725382,-0.042116327102166146,-0.14240028980470149,-0.07537293085961232,-0.07643226854203437,-0.06079457866459741,0.0621899525169256,-0.011061596891067662,0.0017103807104322346,-0.0009944022735819246,,-0.01619158187878257,-0.12430474826256485,-0.013040899977918966,-0.014238154670794107,-0.07561236280644773,-0.10807053915456735,-0.025244945952554405,,-0.00212911327635791,-0.019287031967062145,-0.10718539080208217,,-0.08500967868477313,-0.032813845917136514,-0.13418252390314284,-0.11524956098924762,,0.05415790858560625,-0.07238549271878879,-0.14197945501921605,-0.17053550525738992,-0.038885529164891186,-0.21023452771402215,0.11188207632228447,-0.1829864694329712,-0.008711060779375427,,-0.012059362411552112,,,-0.0641317045994446,-0.007859243338827565,-0.029029452796021805,-0.11244283311888804,0.00038037655743286926,-0.08048133713660746,,-0.1150122020238628,-0.005503723236338863,-0.03546814236878104,-0.06762979568760884,0.053211674720868365,,0.006859474184514812,-0.011692600887860206,,0.08965320718434973,-0.08503073859483314,-0.37849688874294807,0.00279521187498023,0.004255026248287664,0.023086245722346625,-0.06409003218809486,-0.0692562140617313,-0.008628025884080152,,-0.01099244639632224,0.008040135596377134,-0.08735678269677072,-0.0843794757436032,-0.014637422495732546,-0.14182011703830333,0.0004760796812792624,-0.05087965709699873,0.020819428277117868,,0.008198214573086015,,0.034537085849694484,,-0.017292941701256486,-0.001388608207595014,-0.04108680272672559,0.009211048601015095,,0.008488529596984698,-0.07375647104646818,-0.06262850130907396,,0.012864943033789836,0.004877421078226023,-0.026622608881409215,-0.13554777951310085,0.052762728364100286,0.006238106673358402,0.0032858473306638034,0.015469994464866691,0.07031421646304403,,-0.004157943554787624,,-0.0059922534306659295,-0.04831582119340612,,0.044138570521884316,-0.12222475359392852,-0.012432499501239981,-0.021224541698860015,-0.02191415498059918,-0.07388896422671505,0.02928121883312838,-0.16051772676401363,,-0.06550848467940816,-0.11164217007223919,0.0036538071955384537,,-0.08499012923697412,0.003241486872030696,,-0.10853981609339816,-0.010831823669593114,0.004118564201223601,-0.05113989373729061,,0.040839508331585145,-0.029278633347039687,0.07374401469929338,0.005099056411471204,-0.018830246725078693,-0.07371662179985122,-0.04402981573923824,-0.009303395311728328,,-0.005557158026717898,0.0034025195865893232,,,-0.009679786904015188,0.014050497532637887,-0.01545531637207988,-0.1331892252796061
2025-06-30,-0.06473792364540165,-0.0645023742616578,-0.06887439201089537,-0.1220644919249577,-0.11347555284621307,-0.07568733805470718,-0.09526517736529354,,-0.22986337014716188,-0.06591920519173156,-0.059179928127950206,-0.07467305674367836,-0.11954355749583657,-0.07231341753496602,,-0.188843398655818,,,,-0.059830797993713984,-0.08891999071516159,-0.09132605786911543,-0.0899499266699298,-0.1984427972396536,-0.17037640058601464,-0.18892700288606312,-0.09339555210772288,-0.07170199188936553,-0.07084266206249502,-0.07761003428741234,-0.07246505857136253,-0.10402377429319941,-0.14757586710661802,-0.09416590889725915,-0.08650542106449023,-0.05814893483577406,-0.17194764107092878,-0.11527819396808532,-0.21123368181822924,-0.1671111485244034,-0.1381477140993703,-0.15572166978516688,-0.04677463984868045,-0.08934681305887043,-0.06723720649589629,-0.06970088284057606,,-0.07972757376167947,-0.19538122162621832,-0.07979360873973335,-0.08998335315047176,-0.17901515574076582,-0.17142739297003912,-0.08016898773167272,,-0.07162744977841763,-0.08358490068995442,-0.19676025679865716,,-0.1530208159652586,-0.10765259434144013,-0.20175091106364745,-0.18195740769145985,,-0.05288851099010274,-0.16694351747064673,-0.2127368172906629,-0.21448651255839457,-0.12333959140792783,-0.20087582980557603,-0.04463571466390187,-0.25182346293625685,-0.07939013200800493,,-0.07924112932837163,,,-0.17470273966907318,-0.06646309263069329,-0.09356805020584716,-0.17618885975529594,-0.06858372258321355,-0.13185334062111337,,-0.18339092569275978,-0.07165405173671643,-0.0683881463056428,-0.10185585140360402,-0.033418092785154604,,-0.06707407385186032,-0.08349256473722541,,-0.007046466605791129,-0.1935092497348422,-0.3605892539326328,-0.07000825707017842,-0.06655690144229262,-0.04929459095128842,-0.1260140185964228,-0.12262720391367797,-0.07973056442799534,,-0.079369172264685,-0.06752477938567615,-0.13022186333220268,-0.15125678505972417,-0.07980649239510035,-0.21904674517476044,-0.06147681856268923,-0.1254569129836494,-0.055199972830237504,,-0.06639223306727816,,-0.1076107102850639,,-0.0832824857815436,-0.07120353674970191,-0.0981141128847805,-0.06049750988265591,,-0.055538579869412595,-0.13277519440675425,-0.22361168578637688,,-0.05552440897915956,-0.05585734010591186,-0.08169675210693347,-0.18419033638309443,-0.05033598916574593,-0.06948774782102164,-0.07150570939208242,-0.061672882597985944,-0.046525946171051796,,-0.06685080513896846,,-0.07808971535844904,-0.13090055014119192,,-0.04497886400099881,-0.13556781783631064,-0.07248017920790335,-0.1158997485007018,-0.0899047249397378,-0.13488276996070633,-0.06489369598881635,-0.2130731978176356,,-0.13420986801813942,-0.1853797725628799,-0.06676097991290766,,-0.12167746878487237,-0.07703288759030306,,-0.1257486579795738,-0.0793147295647328,-0.0640426136778632,-0.10093276045318544,,-0.056832089981440986,-0.08266308433599902,-0.03760946430678442,-0.06631128094319236,-0.0842625733984265,-0.13353979192432494,-0.1300242902951098,-0.07478584099481392,,-0.07171949123792294,-0.07185581159452906,,,-0.08312269180333984,-0.060156529298542566,-0.08920511098326118,-0.14512730467443521
2025-07-31,-0.15916681665622284,-0.16463779722547972,-0.16020086098367248,-0.14935311186026506,-0.15465149084147403,-0.1460107583281435,-0.1487814008920313,,-0.12562114221503293,-0.1626662576857499,-0.17056965911565192,-0.1553291042543244,-0.1583823916341821,-0.1639839742606659,,-0.06743193322264303,,,,-0.17014990633080745,-0.1525256116674697,-0.1500999744071024,-0.14490470535326036,-0.07529427676120697,-0.08553003424398666,-0.11474571658007507,-0.1530073777401599,-0.16711610627684972,-0.15549079281650183,-0.14133278133312263,-0.15729546665773012,-0.16394084362029857,-0.15643956270801804,-0.14544404623043874,-0.1543345594135637,-0.16949316083411597,-0.07487937463277035,-0.12777068048710669,-0.13995527605120345,-0.12222390787948414,-0.14166890824450498,-0.04863299051125075,-0.15311965085963533,-0.14327116532633116,-0.16212671488764874,-0.1657325866863138,,-0.1547836950743095,-0.06161010690349051,-0.15113434889251912,-0.14863140773874425,-0.11704922685630079,-0.11083224676708671,-0.15132783955515622,,-0.16141890070565354,-0.15792585022560093,-0.14680206109876692,,-0.10041190535223006,-0.14568786541072326,-0.09693279306182448,-0.10610349475333394,,-0.15973962156042223,-0.06757045748447285,-0.09701976618449752,-0.047002645980119995,-0.1360580387612267,-0.0732821656496908,-0.1728414025226004,-0.1331363045644772,-0.1551804583454169,,-0.14951815508724667,,,-0.15255165855866273,-0.16344607594533372,-0.14642050108402838,-0.08949256520490677,-0.1577986482880087,-0.14426977336612679,,-0.10258307806500294,-0.1554375826059699,-0.1530132638754586,-0.15508715120302385,-0.17061659342315164,,-0.15933884495918882,-0.14841319194083033,,-0.16816395409945512,-0.10127513135671759,-0.1274199788884779,-0.16047759548572713,-0.15342690430417724,-0.16463159601665817,-0.14640199633168044,-0.14406863105497822,-0.1422176429127422,,-0.15812972695561212,-0.16063745652401878,-0.1511655606392999,-0.13790082386285446,-0.16152981818584722,-0.10982632140311002,-0.16871540947265323,-0.1236786173929205,-0.15704439493409136,,-0.1589871482184962,,-0.18198065321247833,,-0.1564265107648485,-0.16115596274016103,-0.12222767402686538,-0.1689570695473401,,-0.16670140319428814,-0.1454807795562571,-0.16864546981939305,,-0.16983987001413578,-0.16810270807905173,-0.16033938152564917,-0.10617393419868698,-0.15477557762758284,-0.16017579941349722,-0.15689468951362448,-0.1607441564225736,-0.16160390068489014,,-0.1696306288616307,,-0.15715870291575945,-0.11619982473659897,,-0.1431196848022682,-0.14861160371392093,-0.15273490335809176,-0.17631974987495602,-0.15334340050096082,-0.14503569611442124,-0.15192707082538975,-0.11255263315527649,,-0.1572781689950594,-0.11764288213356526,-0.1683642087097351,,-0.15633053775049086,-0.15393524955033627,,-0.13824945914755457,-0.15327248697791407,-0.17084692050714612,-0.17353568035790135,,-0.15658827002888098,-0.15211747366404765,-0.1636803749113739,-0.15626542348338848,-0.15550028921731987,-0.14755513044005625,-0.11823910892615117,-0.15993285593824255,,-0.17491339208543147,-0.15759894297900903,,,-0.14920074946445108,-0.16059732203513388,-0.14858177966525155,-0.14687489459265848
2025-08-31,-0.08791307661760987,-0.07844231432316004,-0.10383810858224425,-0.1376506589865036,-0.11535058516251162,-0.03708934157416184,-0.1290756834608379,,-0.22296025696053742,-0.026926014732352854,-0.021602825464667554,-0.10086560033968157,-0.16349781085378334,-0.08472725101833219,,-0.1616652022616648,,,,-0.06024221222496163,-0.09345873392326981,-0.0918589847298412,-0.08207514307381403,-0.23707169645278495,-0.10276355693472822,-0.15929963120290827,-0.08048136174010753,-0.08013471660454716,-0.10263884860046478,-0.15683273644399795,-0.09576621030092605,-0.15925947314883637,-0.1641476903491899,-0.07731013024679173,-0.06743231418808182,-0.0893449781452542,-0.010747431827435651,-0.1361290297203957,-0.25355959248076837,-0.22402810639667514,-0.1622822400342433,-0.09875787024428373,-0.0375902051304006,-0.0959791580290209,-0.0956667320112476,-0.08879171228483212,,-0.08170750358817193,-0.12059595968293488,-0.0927832433478081,-0.10203822739076299,-0.23995892968047228,-0.16518905478710239,-0.08104632002992133,,-0.0921987362235141,-0.09474936606330267,-0.29138029123789483,,-0.16875432906146107,-0.1528367218361968,-0.21293494093741913,-0.21651805765525112,,-0.0626842890624229,-0.20175818655172495,-0.21497409681565957,-0.15128383627804912,-0.19753854414864278,-0.03991386292226295,-0.1595928302851279,-0.2894488443056983,-0.0844604479128258,,-0.09382417012444459,,,-0.2665231412876498,-0.07293699847808256,-0.08280736379508566,-0.158947713098745,-0.088309943432656,-0.14154385626969027,,-0.18131028254030992,-0.07692664799102886,-0.026350739290876304,-0.09681126780173402,-0.06135899448939932,,-0.09412708261746376,-0.08368952122430462,,0.01974937356096027,-0.26790152451569427,-0.2634132555719266,-0.09980526976279795,-0.08562055967953416,-0.07838926167887711,-0.15420148801672376,-0.1385142948766529,-0.014613816870956572,,-0.10026295491081687,-0.10037003948700803,-0.10920971714211912,-0.19568442679980655,-0.10306870659099876,-0.23139200573646088,-0.06857014179053571,-0.14069508335094535,-0.07850121468747742,,-0.09109534859685907,,-0.22004719177284524,,-0.06464542595435518,-0.08938541616107168,0.05235095706287532,-0.09108001714131896,,-0.08171518564174358,-0.1618189452774008,-0.43476842396625237,,-0.07969754054522042,-0.06537227871316612,-0.0757048283182518,-0.1588073804956548,-0.012030145853703558,-0.10281943116442172,-0.09730433805398785,-0.09427042788801361,-0.0688153165970288,,-0.08143639890155414,,-0.09954971492460883,-0.1429225797386205,,-0.13061682093276042,-0.11196854954398278,-0.06895932233699706,-0.20343145055915987,-0.10047826599129817,-0.16457682754640862,-0.05314444291798484,-0.21211735501163548,,-0.18086101645328212,-0.21409872844924582,-0.08606684343987141,,-0.13038712912180633,-0.10831649024614538,,-0.11271943380167417,-0.08213644291860843,-0.08721756335174484,-0.15132490587407266,,-0.021839780769065238,-0.075711158071072,-0.03981239601920294,-0.08377325730247522,-0.09352407567098858,-0.16054038234615428,-0.14933067142609643,-0.09643915117878099,,-0.08573455874534229,-0.1015082342410747,,,-0.08694760785851671,-0.09025438225815834,-0.10054603664982611,-0.1338367980028648
2025-09-30,-0.26513403701289373,-0.2687425601091932,-0.28500772884119663,-0.30086461971751505,-0.28840855608049853,-0.16800530152144705,-0.292195148345543,,-0.3575215747314015,-0.19121307332498294,-0.21482063917848976,-0.27817182672901414,-0.33521249857524216,-0.27243943415360966,,-0.22676099819918769,,,,-0.25197308632135135,-0.2631047444399037,-0.2573281883550994,-0.2390880404807448,-0.30826040022034773,-0.21301508311171033,-0.30478956385365014,-0.25506552426092977,-0.2589322859204078,-0.28231031008209667,-0.32447686589255914,-0.27421683612325126,-0.3036813238432468,-0.2720571603627966,-0.2354151143007788,-0.2448836343652431,-0.2663637330383442,-0.13919484283283348,-0.28754923785749253,-0.37239650833132915,-0.3538558528593167,-0.31050016657896423,-0.1613954998382621,-0.17729421792206637,-0.24964531187525357,-0.2820331495683415,-0.2693465481914279,,-0.2579744254177682,-0.18306207651077294,-0.2671224353938034,-0.26497714280350515,-0.3603494835146449,-0.2990192424261363,-0.24902078503118616,,-0.27525002571479334,-0.2689526957985189,-0.42499022311809076,,-0.2913792924030338,-0.30803093993562364,-0.32020729875860365,-0.3465470653399398,,-0.18808128011608602,-0.2628230593508883,-0.3230298381647136,-0.19725246520868064,-0.3520842887775065,-0.15325212233310792,-0.33177703648087054,-0.42079229371894616,-0.2492650165683563,,-0.26647577365733466,,,-0.41974131383603547,-0.26370306639904917,-0.2428428489335114,-0.2672990943308326,-0.2680643622227701,-0.29929928503455505,,-0.30000395505893734,-0.25649238705774685,-0.21738064511997507,-0.2742975145529502,-0.25624847067173584,,-0.27932955889362804,-0.24791159615592698,,-0.15878900336870178,-0.3705541969347424,-0.40578857053884065,-0.2854052458083657,-0.2547237969785224,-0.27578598990784886,-0.31515949428911655,-0.2957245845849,-0.13724629592840837,,-0.27736648092334415,-0.28485195265217356,-0.3191249550723073,-0.33755831207830395,-0.2880689160371418,-0.34111939324127377,-0.2608749819718384,-0.28985599253587024,-0.2678410550440649,,-0.2770127524815833,,-0.3644818598070507,,-0.23238168819452482,-0.2714411393533315,-0.05643129416128125,-0.2870734685006858,,-0.2676644428273712,-0.3190488487806817,-0.5414811660141132,,-0.26305015067694554,-0.24673579880558053,-0.2592495799265743,-0.29642968800438685,-0.14509437540012227,-0.28660199878881987,-0.27651578416026795,-0.2809564976646088,-0.21467180986221265,,-0.2670981360875481,,-0.27854065683235923,-0.27998581067412376,,-0.3368991414703099,-0.28798430057965196,-0.2407838707471219,-0.36375559547222713,-0.2722014232877794,-0.320861225208992,-0.19914643020122172,-0.3229756938283506,,-0.3471979367354133,-0.352982683062291,-0.2661809283436209,,-0.30137939249274925,-0.28146627489034415,,-0.2833573895140316,-0.2552354872009034,-0.2822505935692599,-0.34951128637999973,,-0.15508118597721965,-0.2511653844804408,-0.18394481823655862,-0.26544013725371907,-0.2690176867702192,-0.3194344739518559,-0.28837227909538804,-0.2791420483458257,,-0.28106267702699883,-0.2835906270841008,,,-0.2523226231449109,-0.27823921174018834,-0.26603115442421155,-0.2972968945981536
2025-10-31,-0.1952376786572107,-0.18943149179067323,-0.22269463797065486,-0.22148124683354276,-0.19008939415432183,-0.08782181586664418,-0.22717884357363685,,-0.27168247638152543,-0.08630093761041042,-0.08237801219344956,-0.20588755155192712,-0.28419448074820897,-0.18337841630512644,,-0.1040195892381869,,,,-0.16398900202289332,-0.17667268597694968,-0.1652915942743915,-0.14859304042557864,-0.2584080987600119,-0.04224160598198261,-0.16636537428695122,-0.1532368943035898,-0.1854808940351023,-0.2142275352278702,-0.3064682356017049,-0.2025754859909084,-0.29819096610476004,-0.26642279908081085,-0.13628401450738126,-0.1310694839760306,-0.2246204003841606,0.15029470381496526,-0.20302588588316015,-0.3569344916655415,-0.321574774096989,-0.2462086653628371,-0.011409049238388065,-0.1255506658907958,-0.1733606012186156,-0.20986703708102533,-0.20079035982999696,,-0.1659268520566524,-0.03163435993747775,-0.18076190072140053,-0.19056898415642234,-0.3399430955557725,-0.19203394568414706,-0.15343104614413103,,-0.20072275125726713,-0.18971683261430683,-0.4502212398430988,,-0.19343009769449213,-0.25969941250294576,-0.23457909195679155,-0.2663823022218424,,-0.16867473980283332,-0.2002101607256775,-0.23470444009403185,-0.034710524437388236,-0.31836460806005074,0.12415592356925802,-0.3875495512359576,-0.3898953143286926,-0.17289810534651906,,-0.1805074317007677,,,-0.4435926631808467,-0.16951724891568376,-0.14721211247143665,-0.14621922889899325,-0.1900231793541894,-0.21456509083392372,,-0.20165547070084855,-0.165002980076971,-0.06337582339693962,-0.1639561850392396,-0.19284477074251957,,-0.2063341727505891,-0.16120253281731522,,-0.07117788632714027,-0.3573561878051899,-0.2392577070522449,-0.21520764494994982,-0.17967311528742314,-0.19763938101073356,-0.2477679866048407,-0.21481841698008683,-0.03212172110002977,,-0.2040435338406767,-0.21890687253129815,-0.17698475917898604,-0.29155387663595284,-0.21273114247151867,-0.27968336134524746,-0.1739457051679886,-0.2005408186862963,-0.18535259827997458,,-0.20172587641244252,,-0.4548001419022329,,-0.1379229660526028,-0.19592279629072418,0.12447807840646921,-0.21702093391657232,,-0.1957125070342496,-0.2533952428113773,-0.7377161964316274,,-0.19851336845956624,-0.1676638162739672,-0.15907757755408666,-0.16151474159643608,-0.07918567770573061,-0.2213282005177701,-0.20545127339119718,-0.21319100984986092,-0.19411147236972862,,-0.19281559194885217,,-0.2047179061582928,-0.1937817908668212,,-0.2687113906330923,-0.15174954699951607,-0.142826188341183,-0.39199471431019817,-0.1916299333372537,-0.2572640448108632,-0.13363103497846732,-0.2405506894673942,,-0.3070853120967909,-0.28183375315589654,-0.20209762041035506,,-0.21138539356518504,-0.2188955236902267,,-0.1451544461955669,-0.16701714605948215,-0.2103552440637841,-0.29177368679268995,,-0.09152648894430579,-0.14512015642432666,-0.1499083848134036,-0.18341162916707895,-0.18507112786316088,-0.2544622588634834,-0.20981915693521133,-0.20184172311569548,,-0.20848285813515952,-0.21399330465320293,,,-0.16896798345136835,-0.20570122544362715,-0.18780073850996526,-0.17747719180324903
2025-11-30,-0.45241386141086726,-0.43869411836341204,-0.48443916874311066,-0.4650553192767177,-0.41848327838251687,-0.31948410193236604,-0.4939585414363372,,-0.5172470403562424,-0.2878699288310807,-0.27969142085227255,-0.47266803538571683,-0.5229758856663975,-0.4206435434294981,,-0.47492065138385614,,,,-0.38954324348953495,-0.42813883199894504,-0.4153765838933035,-0.40945618235944725,-0.6493181391950605,-0.3864658795966065,-0.45666137158108966,-0.3988735999529025,-0.40764158302342984,-0.48840134899679366,-0.6498825345170993,-0.4647296920918921,-0.5097678595644471,-0.4349910783101135,-0.38922361293122054,-0.3706005688318119,-0.4613671496523819,-0.18812267464535115,-0.5166494509157871,-0.5731882244403044,-0.6355257568478491,-0.5009706378695322,-0.45464629738148327,-0.3727957675788318,-0.4450623228690834,-0.4659618896531006,-0.4350165597680443,,-0.4187936123919409,-0.4031361513208153,-0.4488876516453183,-0.45526172090640504,-0.6634334311125054,-0.5089333505350545,-0.40477728799246565,,-0.4515162382491768,-0.432996361033148,-0.6929946187370076,,-0.5488139052417732,-0.5323609950052357,-0.5674789676808885,-0.6080325132890919,,-0.38471859028975436,-0.612402785085751,-0.5624010610551483,-0.42287062037106643,-0.631068777199101,-0.19262413324245667,-0.6726211775358725,-0.6252695119688123,-0.41725138954158203,,-0.45307170913600764,,,-0.7029018226576147,-0.4133443238835655,-0.4014189880754899,-0.500047788713863,-0.44953212715246765,-0.4628408672351877,,-0.5293987508810288,-0.4241508833453487,-0.31083370719483605,-0.3946478576710613,-0.4489291869737758,,-0.47180766119675593,-0.4238576642553119,,-0.31078893567864824,-0.7158489638801386,-0.37978991944510615,-0.4770328372298341,-0.4436245860184856,-0.4645195684823017,-0.5059099548638049,-0.4694635147374924,-0.24872016366239827,,-0.45643050639957783,-0.48224947116931843,-0.44104285180263497,-0.5575244950016375,-0.46160886306543325,-0.5726089322072305,-0.40578768872203624,-0.5200440822556099,-0.4657351635282563,,-0.46865367039135875,,-0.6546895623270932,,-0.36893464233272005,-0.4459175242898863,-0.09747507802828202,-0.4643671547953991,,-0.43771156410891865,-0.5075726679571914,-0.9492180927326467,,-0.4289461817855714,-0.3927107095341195,-0.39424648745139823,-0.4793663096593197,-0.29967806772078914,-0.485042322030198,-0.47111017120506266,-0.4809340735115142,-0.4358417355900657,,-0.4164148155293247,,-0.46432744874613113,-0.5253506465676228,,-0.643393226388335,-0.37454572890935695,-0.396603517578254,-0.5936756348924686,-0.44629495938065605,-0.5122934940775395,-0.3777791383374889,-0.512382465681902,,-0.543053324470387,-0.595125362479826,-0.4292477750407884,,-0.4312445102156681,-0.49047629798339915,,-0.4045889123482808,-0.4240723270889198,-0.4460340600534033,-0.5123686283771602,,-0.30320852373915164,-0.3970181089189156,-0.3762512840011126,-0.4506784030979004,-0.43693587454787114,-0.5029924701176569,-0.5413722185297536,-0.4546985655493221,,-0.4245677255369832,-0.48184466056224995,,,-0.43246803350315355,-0.4735330982933865,-0.45436197600318345,-0.3940848848820392
2025-12-31,-0.46691232771478197,-0.43093350701737476,-0.4675943559671783,-0.4054527547351888,-0.3909515669220651,-0.45116130078108196,-0.4614983801740354,,-0.2557797928628623,-0.4254697070463255,-0.3944803955373654,-0.4525608107101952,-0.4325031167478508,-0.4340872376082998,,-0.3799274002269136,,,,-0.42798749214372134,-0.4218153813708659,-0.4234070031618571,-0.42030028599548563,-0.42524779712903243,-0.27573252340630927,-0.2567037156936172,-0.38235790804678726,-0.44655129296726315,-0.4575503493223321,-0.49511337770492275,-0.4502885919243647,-0.5281551589981983,-0.4889475793097692,-0.403475560407368,-0.3856646688417996,-0.48908203531682704,-0.12388821206951317,-0.41357933007871495,-0.3919042065153284,-0.4181170551620217,-0.41386687526547766,-0.35257040725731675,-0.5092960541770757,-0.44210625636965123,-0.4552312098082502,-0.4566559816532614,,-0.4194023103883186,-0.29878701869011287,-0.43259516541037546,-0.4345191830319688,-0.4150594433460913,-0.3212887546792676,-0.43763537313197226,,-0.4446962151912406,-0.4339129604462789,-0.4450823091268242,,-0.38964608141060947,-0.4680783210346157,-0.343159005460788,-0.36211977639628795,,-0.5674805625807717,-0.484662007560328,-0.31123452580709343,-0.3237614415299677,-0.4689037159254083,-0.11725151752034076,-0.5986518451403893,-0.28877042811474335,-0.4468462945117213,,-0.4373963755604337,,,-0.42274887320742743,-0.42419663676535074,-0.4093071854764167,-0.3341669970875329,-0.4519454896840375,-0.3906777864492525,,-0.3319595133794991,-0.4273678333478368,-0.35877814814721176,-0.39188309420923584,-0.4841399657952402,,-0.4502477288222191,-0.4272802333291943,,-0.47871659326889276,-0.432014151507263,0.03496846105417627,-0.45061680823742417,-0.47271247398318833,-0.4579936947669106,-0.4130217561550164,-0.41256080401180456,-0.4346397894464946,,-0.44438087931957676,-0.4595480467043651,-0.24376549287122962,-0.4291675200273028,-0.43435043644722054,-0.32222052478725893,-0.43281949949030973,-0.39072651713899326,-0.44941669851925287,,-0.44565798061074186,,-0.5848543107894062,,-0.4065266522706896,-0.44393049358158454,-0.31032200383287445,-0.4530714347607856,,-0.4785463494192629,-0.41345228900100084,-0.6070384667009366,,-0.48284697585770353,-0.46976764887302125,-0.40012403582387795,-0.27122014926950644,-0.48548802265228025,-0.45829769012060534,-0.4526039574886641,-0.46198072175050187,-0.5427120417805469,,-0.45091259493679137,,-0.4393916212825037,-0.3932124624418706,,-0.4859189202815313,-0.32531360158287076,-0.4327714408103893,-0.5237860339023359,-0.42216399563746765,-0.41173031799368737,-0.4717508546550469,-0.32811870734039283,,-0.42152713690620797,-0.33752820952853707,-0.4642805141474984,,-0.39599866407195256,-0.4592752491945235,,-0.35262577038970283,-0.42387380679028325,-0.4431002464190533,-0.43157181444795567,,-0.48513675167339854,-0.4078736673002892,-0.538439374098528,-0.44467635157712093,-0.4239640014736157,-0.40757545826784275,-0.4000289120374433,-0.44296590170742417,,-0.4244508128096574,-0.4511452042413015,,,-0.4299643932426669,-0.45941727811012156,-0.42993443738746595,-0.3556515295542945
2026-01-31,-0.32254413050065844,-0.3067702664768756,-0.32139179645770494,-0.21410348420198982,-0.2094235304179444,-0.3083778613189985,-0.2755208123346791,,-0.006228281160709789,-0.29847958226397936,-0.2713644426231108,-0.297589577665861,-0.25292654168811185,-0.28911143321107124,,-0.027326985463462582,,,,-0.313028425586729,-0.26047181427740107,-0.2522516778573968,-0.2532664975744383,-0.08750822540581774,0.010625759628426832,-0.001417052363452069,-0.23083488973560912,-0.3156398553055392,-0.3061479989231627,-0.3317673994754735,-0.3028880672601237,-0.35839364348822883,-0.30104444459516955,-0.2367911796667947,-0.23200205181478206,-0.37404485479525745,0.1663314522600848,-0.19886606989921096,-0.1488647753420614,-0.17243621965007402,-0.2036653581621028,-0.023285467296794992,-0.3893357423714495,-0.2699005129569229,-0.31257575013835764,-0.3213323781972105,,-0.26761379638384936,0.02825403762366135,-0.27085425480205255,-0.27014591849539965,-0.1629372160543193,-0.0677663012343123,-0.2687144500607376,,-0.3033912812282968,-0.28106467575684524,-0.21286505022193775,,-0.10879697113985519,-0.2730532312325591,-0.04334543451578499,-0.07791382679296245,,-0.43746478571877145,-0.13167480512065471,-0.01812869697057974,0.06938199999894128,-0.24850341175763946,0.1922508486600146,-0.501944962787619,-0.0375012374730234,-0.29473117451089564,,-0.27181717612690337,,,-0.23408267299222782,-0.28867651366985914,-0.2417064605494367,-0.03934862191739596,-0.303647812579777,-0.18898536222623266,,-0.0579870515907339,-0.2801618384110417,-0.2097619610026788,-0.21463134401371983,-0.38123821999384794,,-0.30793903144361273,-0.26718758710263263,,-0.40733185800574295,-0.14063126414986193,0.31188277886871213,-0.3072985584609813,-0.3143900569223346,-0.3305938891329712,-0.21673371081839404,-0.2101252122867842,-0.27957268471519914,,-0.29236365720121776,-0.3171535418816045,-0.08922721563659687,-0.20114638697066503,-0.2874530576690039,-0.04970156429308448,-0.3099974667124448,-0.17115721856780067,-0.3114496342367444,,-0.305171856030979,,-0.4667198572528972,,-0.2661195327341454,-0.3033811362504747,-0.1478514783742164,-0.32678449955757494,,-0.3415209536647243,-0.2095734748419896,-0.3926427612017898,,-0.3546148019380845,-0.33878646596886103,-0.25722750029328545,-0.007293530528484194,-0.37495790999169604,-0.3143792079997784,-0.30412432654212285,-0.32339744259599446,-0.42922993019207023,,-0.321820978769608,,-0.2901086828312396,-0.1638429135157218,,-0.31355497018113115,-0.12276262584951701,-0.27643032441021326,-0.3735954261867914,-0.26348448459081936,-0.2077840440754029,-0.3380721994412554,-0.04612826414609451,,-0.24000377202512171,-0.08539310556914412,-0.3348352297272989,,-0.20890898112138162,-0.3041139175692063,,-0.1300728263506441,-0.27220957247705485,-0.32145533823160627,-0.27799688712655335,,-0.36972369096734237,-0.24657455360915798,-0.43487758539672816,-0.29878493524744376,-0.26991039328831185,-0.2096035611014184,-0.17415304781791136,-0.29432298493456,,-0.3114600645367601,-0.3034931873566752,,,-0.2712732952264323,-0.32018905647055873,-0.2654685173051969,-0.13427577555933431
2026-02-28,-0.22940236883477227,-0.2140564106149031,-0.22810641261183895,-0.09628421293127837,-0.08054589672116319,-0.2587888062656396,-0.16333964283313754,,0.13184091160032488,-0.22276578120973928,-0.15224757693580793,-0.19103198662057852,-0.1618631694308229,-0.17855829420816471,,0.21324306997168754,,,,-0.22780037278672743,-0.15056582539520383,-0.13406365068174558,-0.1431275974718329,0.09358199625124182,0.26682805130150367,0.2128943633257159,-0.11470049588076683,-0.24250876583664832,-0.20089454796411374,-0.24331256562516876,-0.20358181334656592,-0.3447121502258366,-0.3232060094028413,-0.12218633348347269,-0.10354349625491308,-0.3348846618767211,0.5355125230877117,-0.04215784434557249,-0.09596033726549454,-0.05539707802368412,-0.0928916489114207,0.24667800247675514,-0.3659713505012497,-0.16597441020033782,-0.21159805184868258,-0.2424817248674337,,-0.15400885355287128,0.2683672420996431,-0.14984114965243236,-0.16866110680079194,-0.05596863996709999,0.12042677706036246,-0.14595509965634504,,-0.206776561782643,-0.1825245684558798,-0.17818732814244614,,0.10014597257422157,-0.17272167917086884,0.14583432655639283,0.11861695546763809,,-0.45623260098617724,0.07364438495567864,0.16563716283662508,0.3630323193111771,-0.12647182528982012,0.5442248731030832,-0.5425685153907314,0.0492691857566477,-0.20661731406941847,,-0.14778994239546445,,,-0.20931926784576896,-0.1762671318502602,-0.12698649837869916,0.18493722583416067,-0.19792412028460812,-0.06217043738230872,,0.12978507906214617,-0.16499267703122483,-0.03641956203303096,-0.0739177413418138,-0.30997324002252713,,-0.20420160958327047,-0.1583678446073398,,-0.36058689347986866,-0.011192244994960708,0.4963725928713145,-0.20619486315293356,-0.2103769578006954,-0.22238365713848143,-0.10158946208025395,-0.08324100249533097,-0.21266487433585943,,-0.1931395515113465,-0.2204865099143883,0.09662544773059785,-0.093042595586105,-0.18521071458337907,0.08375527401468001,-0.2165046854886914,-0.007237610135988173,-0.19366719990089182,,-0.19987820826133954,,-0.5776406700899287,,-0.17556703501517354,-0.20771190564876402,-0.025149530255702875,-0.2352048353179442,,-0.24986764632366298,-0.09480793596666828,-0.5480206204863491,,-0.28265099663826354,-0.2564978831365972,-0.14454493795275689,0.21472557359215097,-0.36363418782451495,-0.21763386761417794,-0.20239035715926346,-0.2244176561235188,-0.43303343703387626,,-0.24260708383363017,,-0.18837840687397667,-0.0010318782472959899,,-0.1293752566931553,0.052943250009929964,-0.15726701721858694,-0.39395533870041183,-0.15762772031243358,-0.09531592569205646,-0.28930476022280266,0.10599246579470517,,-0.16305256651445088,0.07465405308392231,-0.26715178282988633,,-0.08772277879965054,-0.20735700691678394,,0.07299826407171724,-0.1630355903711898,-0.23753839780482347,-0.18484069199835704,,-0.35981855419187336,-0.11509287846838329,-0.44229145939863046,-0.18716751287259115,-0.1623953784420196,-0.10089951934279245,-0.01862048937395892,-0.18922765464251992,,-0.24153915110141755,-0.20035575245774467,,,-0.16498176176722357,-0.21552517976522964,-0.15785059918031774,0.029685374139703066
2026-03-31,-0.12263461587692523,-0.12204603947620202,-0.1240519520695568,0.029404626275416134,0.05509910335121409,-0.18031425589036634,-0.03456148272190646,,0.2402681158378784,-0.12323364120242458,-0.022798482205856483,-0.07768576031322592,-0.05819800603933328,-0.05879503238982797,,0.45466385497237943,,,,-0.13628229655352267,-0.03485707752742201,-0.006161198538404271,-0.02711090128457836,0.27309007895965653,0.48316027282757384,0.38505954273044335,-0.0051959096836715684,-0.15176690054201336,-0.09128976803188156,-0.16365187789080798,-0.09793007118710408,-0.2750261216977815,-0.2763624103139426,-0.004043182809575492,0.022529004755702957,-0.27370412840361796,0.8227422284256788,0.10586510993011068,-0.0191856651819427,0.05824573792271289,0.029001290901226197,0.4815560023024827,-0.3072861727138927,-0.052571338447278626,-0.10272512608727556,-0.14724722304647145,,-0.03818943642448569,0.4810076477733614,-0.026432838142181864,-0.06111438085498707,0.04485603663163896,0.27830147637988495,-0.00952795517114617,,-0.10316101287720761,-0.07389998204934219,-0.11990581915081366,,0.2936651651843097,-0.05433102132882589,0.31656943389370007,0.29221070791251275,,-0.40669821015038454,0.29581455766618275,0.32098882167005843,0.6456180197862211,0.0013105367567335007,0.8247378681783347,-0.552232042592051,0.11698289903096121,-0.10258786437933759,,-0.02046889209269822,,,-0.18501762233897065,-0.06195094941076469,-0.007840765518976448,0.38262923832232215,-0.08383454707276315,0.06885536727979587,,0.2922996900792047,-0.048587626608960405,0.12265515579454449,0.07266948876336839,-0.22902944158739874,,-0.09744296403040019,-0.04487587257594479,,-0.29811940791670105,0.11375828686299574,0.5991930065119816,-0.10083655125319246,-0.08895262549606228,-0.11326401977323157,0.018663689657463043,0.05293382957142185,-0.11098124657144405,,-0.08492145149851675,-0.11732984123888174,0.21751418132303937,0.029380599958837614,-0.0784470350073894,0.19948288481171966,-0.11652453815232072,0.13957496891016496,-0.07920314922520465,,-0.09386740168104515,,-0.6253420398578555,,-0.07859752202044573,-0.10479020331167573,0.09909808384508494,-0.13789217266148174,,-0.13775128133239964,0.028378169354205937,-0.6257946186290968,,-0.1858404460518242,-0.1496183949278841,-0.03186456941279825,0.39210736787454464,-0.3137494938625131,-0.11467025572020294,-0.09488101040764631,-0.12055854510292169,-0.3933429164219975,,-0.14652223286923696,,-0.08278896762115498,0.14486531589903712,,0.028861816332370848,0.22075661420416917,-0.029363996664306845,-0.3658765942437822,-0.04845094709139003,0.02467859143764023,-0.21525659841319628,0.25334008662701496,,-0.07588604199239182,0.2063748308436896,-0.17899426813842914,,0.04550210669981871,-0.10326243994647806,,0.2683180973032418,-0.05132242403239327,-0.14728268431273028,-0.08159305211428806,,-0.3078482268155159,0.017860811862834603,-0.4016320098773756,-0.07291406060960527,-0.051052032842021845,0.015012895618415642,0.12066697548919997,-0.07713014574234697,,-0.16571603486348851,-0.09366754491862393,,,-0.05419054740911457,-0.10662714486314842,-0.04662531233299036,0.2022978165259467
2026-04-30,-0.07106240961210517,-0.06707956891933703,-0.08357474390889565,0.06754146297254043,0.10552224793543272,-0.08695588104228212,0.0030213037209739636,,0.25856829935510767,-0.03136498441539041,0.0718128591740287,-0.029316638111201776,-0.0476563602925073,-0.003800915955438558,,0.5533513161171764,,,,-0.07329114260654505,0.02430766723703048,0.05718452783639045,0.044907718807810054,0.3079960272959245,0.6108210469778069,0.45461799840091766,0.06472311009920452,-0.0998140317448747,-0.04541202884885149,-0.1493160502913075,-0.04842795639016111,-0.2771464926075786,-0.27130320945804115,0.07263425618581755,0.10097449742288392,-0.23709105326395113,1.0363376347997277,0.16029286710744198,-0.0452577139600372,0.06030874086496898,0.05686927411900663,0.6314120446878206,-0.22845923109271124,0.009506516352765225,-0.056963798668289066,-0.10055586823154178,,0.02632542827523805,0.6137970875735683,0.03309860911040068,-0.006663336121609635,0.040027089801173914,0.33861023214592,0.05881175067834174,,-0.053967603390547,-0.02136986117173914,-0.18289444594782991,,0.35561527961138084,-0.03052028205043134,0.358041808476225,0.32187213497546663,,-0.3529259619904957,0.35614857066952244,0.36281689401121037,0.7759718982409411,0.004661436561353784,1.0232930866628327,-0.5810032919394318,0.08229585167085854,-0.043264481361624474,,0.03948006441079482,,,-0.24024776692824668,0.0005607570661744669,0.06419365706644353,0.4652312170591866,-0.029381691377983184,0.11050915356011513,,0.34862673212748624,0.017217786304076024,0.23235599774000912,0.1348134236464727,-0.1751615995535594,,-0.04874618699323528,0.022226477173318597,,-0.1936328119728063,0.10406776802882887,0.623914329750332,-0.056476996088052914,-0.030632591494095175,-0.06005002546255819,0.047151934677175475,0.09472630587029904,0.0039134109011195305,,-0.037439322759340074,-0.07457791933657408,0.2843454053790054,0.03821815731472666,-0.03452525695881172,0.2177278320500776,-0.05731656635079449,0.19628117494778158,-0.019191222774956364,,-0.042791096109370784,,-0.6957322665325588,,-0.004586400354026407,-0.05363099709951473,0.2844942656101327,-0.0955357597345897,,-0.08834427632122424,0.05353968270809238,-0.8204402289859236,,-0.13910072029669013,-0.09022670951165815,0.034133583682830315,0.4666795340041729,-0.21798514649701808,-0.07293835407613267,-0.04620556794147484,-0.07463060839605007,-0.3451296134963253,,-0.09739990124781195,,-0.034313041527925886,0.2054379646087578,,0.06450612462550444,0.287902031621439,0.044520125560848924,-0.4082805476095538,0.0048987394047495,0.04832754483876333,-0.13963252678530183,0.28490656694241356,,-0.07541439546455217,0.22751817033460942,-0.13385324904036136,,0.08525042082536954,-0.060073521252874844,,0.3417852855866689,0.013117161257699593,-0.1032813049040446,-0.07524782066927173,,-0.21874493540097165,0.09109090568820793,-0.3362291737132432,-0.014227318000357848,0.004916074890132506,0.03934465134900967,0.1743665261057117,-0.028352110162850292,,-0.12280980705503329,-0.04820273292799898,,,0.009713252298058306,-0.05740811873450329,0.009449877189708827,0.2557893876822427
2026-05-31,0.3119782602948391,0.3147546050123933,0.2616310772087061,0.39125522845125293,0.47777174010587026,0.4407575592646608,0.3274648912532177,,0.42398078035058645,0.5211771071883415,0.6197240440203887,0.32111997890725846,0.22209986426500078,0.39742241897648645,,0.8415116839710707,,,,0.3644646802218054,0.40777226682009954,0.4553904777167814,0.44979236650408555,0.4140714981061966,0.9561655408562099,0.7022331936824203,0.46228096386442125,0.3226126927951481,0.2904340871085538,0.018528677887027816,0.31067395809987397,0.05695385834811973,0.1191591080455699,0.491621770159593,0.5341208424401189,0.14765440033622926,1.538637745401804,0.43255753999468527,0.12352030669460602,0.18394749853988282,0.33941748702394187,0.9424513629954082,0.27305720333590316,0.3839838962416361,0.3039032190032798,0.29572290641388843,,0.4218689378457575,0.9462751260410764,0.40039627540128736,0.3518331699572016,0.12751574869988905,0.5620694093081241,0.4787972163632719,,0.3175313360267128,0.3632051347254453,-0.12342610444917756,,0.5708873267379221,0.24972216786739512,0.5167149787733619,0.447361993902622,,0.15949854974899708,0.5416617714411133,0.5095703351847848,1.0919162151510746,0.16800013879578152,1.5091008451491457,-0.38329483784652196,0.13219486660308621,0.36712648577049534,,0.4044684773292004,,,-0.19597637799795486,0.4075079014081131,0.47189094774135104,0.7052197412840334,0.34888281865965354,0.42750623788204795,,0.5508536902429501,0.4125973217084705,0.7265875192156412,0.5380755000812709,0.228351763558085,,0.30351262781133465,0.41532022309840133,,0.37488013557591543,0.13620953399750715,0.7735419954478778,0.28896174860490764,0.36505810411848805,0.3087653374361917,0.3266743105444921,0.4169176176971433,0.6041427406034002,,0.32626328751431005,0.2697739705654251,0.5579985220450714,0.25935322163714425,0.3180406519059314,0.3552844549866645,0.36348818367788244,0.4515269654153293,0.34329804875255104,,0.3112259067068679,,-0.5027302459351332,,0.4415229757845533,0.32412917381488937,0.997506641488014,0.2675807183949083,,0.31871061681313473,0.3293926523730622,-0.9881854967382709,,0.2800030125812616,0.364392272131929,0.44777396548743575,0.6972475026796631,0.35555750010405474,0.2670969995400434,0.30692094158932137,0.27407134576666686,0.09881540851500507,,0.3179670229912879,,0.31853757112873093,0.4550551006481141,,0.2432444223783434,0.6736852174542093,0.4739479127501399,-0.17689431067597824,0.36738188135960376,0.31744762136278,0.33312914615671796,0.49525552882726126,,0.1622880072152125,0.3549371922799007,0.2733162288864038,,0.4425765840944322,0.2726654103290367,,0.7092522836011624,0.40506264953048854,0.27517591165808175,0.20995192744137456,,0.34837775701434465,0.505412822514843,0.17668230096408366,0.3601959616875348,0.3803673548991811,0.31741870099900066,0.4088693668526241,0.3377368717735726,,0.26923355789074294,0.291718878110581,,,0.39421787948604026,0.29897541889047596,0.3670052845291723,0.6304606610988955
2026-06-30,0.0741924756498008,0.08220537618863245,0.009701160590428895,0.1195718119386975,0.22203780569961534,0.26290758203295095,0.05891102596904798,,0.09417958111817759,0.3442322046372423,0.436158823928473,0.07097891388062816,-0.06951573075326398,0.16096510714666434,,0.5512082406283281,,,,0.14965754456799954,0.16784491265453796,0.2173960973730906,0.22093528363112902,0.06497098049117894,0.7025371576923494,0.40610132933581,0.23182564150957427,0.09729193865314423,0.037233490079271264,-0.2822836762010832,0.06544006915058292,-0.21462522946854595,-0.13630395892650166,0.26712646542458773,0.3128039166603895,-0.08415421236796679,1.344719913721584,0.15212872582016823,-0.21610669931967377,-0.1553976992688439,0.05175951906677725,0.6892308645403271,0.09151118860323827,0.14398208437676635,0.05716956924486706,0.06087657453996854,,0.1887033300573068,0.6895086237779053,0.15624429470457074,0.10579299173474901,-0.22201399185483056,0.26220524326306016,0.2477513288831294,,0.0756693163943195,0.12292807662063523,-0.4995417479871095,,0.26341690866234196,-0.034967881044336666,0.18473057453534517,0.10405742235272673,,-0.030274511939262574,0.217085061977881,0.17735560409785733,0.8090062987199831,-0.15866905327649716,1.3014277209152094,-0.6699858134208976,-0.2430368344905688,0.13803112954174232,,0.159050428428052,,,-0.5596725101338339,0.17835794809276637,0.24232266282672815,0.409062866817783,0.10889846402151035,0.15313201034207277,,0.24113870698698006,0.18107968659900509,0.5288262697719084,0.2941606910241107,0.007860911785713775,,0.05679883675144013,0.18292951540642877,,0.22634104948627015,-0.23698888871096052,0.42496332123758035,0.03846283351783871,0.12943334677929388,0.07013443969555902,0.04083736981125203,0.1438634497076627,0.44702601907659306,,0.07940088269028175,0.01918827313743094,0.28863546401494033,-0.05397944849603887,0.06713985557866439,0.01878393299699675,0.14043115020697272,0.16705198987816244,0.10426497692075837,,0.06638191985113057,,-0.8103661100679668,,0.22916434925840815,0.08493180590200845,0.8924790375772366,0.023710418230146347,,0.08540237113127826,0.03929982799731345,-1.449945937720976,,0.05219580434472269,0.1483514771158979,0.22003866613945042,0.3989870626346732,0.2008124488762693,0.01476623290157554,0.05955168877758637,0.026743021117423434,-0.10610745530246328,,0.08893527073315176,,0.07051677556206615,0.17062155442829927,,-0.0603348346865433,0.4175383363783213,0.25118517877716445,-0.48301290126685165,0.12128783707063404,0.025570122993796317,0.13657412001248737,0.17481240116620939,,-0.13958398031153196,0.018310658758182233,0.04253299460406801,,0.17755196491844497,0.017952893387015976,,0.4462557636432494,0.17216957442877073,0.03698592560900689,-0.07729758374083727,,0.187355014882862,0.27595739330095703,-0.0027138801841804523,0.12168758377451817,0.13883951770636477,0.029216087659286117,0.11941411826541157,0.09172356830332519,,0.03627579684708232,0.03986474616854243,,,0.15902464576273462,0.053950190020378166,0.12069048777160764,0.36238822345059096
2026-07-31,0.3011461323887016,0.314932040418872,0.24438189150784773,0.2962841182370158,0.41484232751953837,0.3606913874316537,0.2684178766848954,,0.1510558929529762,0.4999689494012884,0.6612594456792238,0.3030975130141281,0.11185633581109447,0.39662190870427955,,0.6659130056714115,,,,0.3709009017978483,0.368044109891749,0.4157569374715499,0.40216468069819183,0.16959704349853133,0.8619662531026042,0.5641823148494872,0.4267128239096945,0.2901702398235515,0.27814404553490796,-0.036163943137868935,0.29238265163578553,-0.10523400995328003,-0.15785298867620542,0.443006017073818,0.5222881361622354,0.10651551382384018,1.5562517719923923,0.3670692724840688,-0.2015005730439173,-0.018159289036266287,0.20057270170962474,0.8460304978543189,0.22123122300545864,0.3274109125784585,0.2999809969046721,0.2696770304963567,,0.40503869319262364,0.7671708983468054,0.3851477665650136,0.2978214899508374,-0.10907209183035763,0.42050278254372025,0.4625484120632614,,0.3025329121533422,0.32584833430320614,-0.4387230543056578,,0.4622384968010711,0.15373390095025877,0.30395971710402503,0.2834702640428707,,0.05352004514614055,0.36039679622487847,0.27711845635624444,0.906901290564942,0.05526214789701865,1.4563311398209373,-0.4817407524086279,-0.22558075784438392,0.3237365560593908,,0.3908014287241178,,,-0.4685276006781814,0.4208699731956403,0.42444060481714757,0.5664675702600256,0.34336826947336785,0.3203759224186897,,0.37786578102439533,0.4117243413698517,0.791420776562532,0.5073872825807189,0.2641957898901506,,0.30120142054944554,0.38067606915062324,,0.43601556776617506,-0.1231430404319595,0.34449926529610064,0.279667638407267,0.35437068986252995,0.3469854654971387,0.21892246171964855,0.32332974890141203,0.5300182605977223,,0.2962599150950417,0.2599044225863844,0.5386494541279228,0.08837121107816295,0.2945508609952155,0.07510372284502304,0.3722653669419176,0.37403819109575864,0.3742253911388225,,0.31211515667604467,,-0.7738057250638155,,0.40045512641054837,0.30893649842054954,0.9415202678918906,0.2741670230444675,,0.3276028686952804,0.20756389715583462,-1.5288161144230132,,0.27322225185592364,0.36630796935623805,0.43390129155466495,0.5659606151400496,0.2906693016287317,0.25346782501206067,0.29196589500808673,0.2770331127405451,0.025456699916328165,,0.3014683512284765,,0.29354432180186324,0.35990379126857974,,0.337579671824472,0.616044925059825,0.4711856995176505,-0.37906344940823733,0.32321857062357795,0.18965940970956838,0.2750553234914753,0.24246365883476123,,0.013297739759730864,0.16623686146109118,0.24366231017445344,,0.3578423194476488,0.23958451644717269,,0.6815404488066893,0.3832322114065763,0.2712845410533946,0.14912411518903407,,0.27136073923170867,0.4981534961951294,0.11842168851249088,0.36439346212424517,0.3496198959987377,0.19150639506647893,0.309710966731786,0.3232969108115802,,0.2447342526632514,0.27838885642945305,,,0.3583768333151768,0.31001088110161507,0.3206523811217941,0.5374714835420041
2026-08-31,0.4558756710387674,0.45529630106471397,0.43527754249474865,0.5682447655446213,0.6200866549665468,0.4311445333014903,0.5215175059905067,,0.6957303038522384,0.4974812749415296,0.6261979706601193,0.49906858637697193,0.42289693883314694,0.5255984026174395,,1.1572717333042557,,,,0.4480072890848831,0.5498684710676564,0.5897760485028156,0.5797183061502315,0.8393223491249925,1.230622223640771,0.9934896196293872,0.5926666759701931,0.40483792313417266,0.48366889603596597,0.36088403575692535,0.4761218904465848,0.15468961951540794,0.11557674813579297,0.6080667380688448,0.6443895081985781,0.25008271357196604,1.7573133119858384,0.708448236457603,0.3346076798344144,0.5311072431845352,0.5432806359188624,1.3045196258753857,0.2856744027908885,0.5389484070051426,0.46805059152645123,0.40799268927860444,,0.5608902565548035,1.2250249820941204,0.5729118242883803,0.5139089379863983,0.49645233543732675,0.8752984912986931,0.6040085815112491,,0.46669661481706903,0.49562397689521376,0.17840611170979634,,0.9285343003898238,0.46880943639538086,0.8771633285015595,0.8490676136975207,,0.12157143630607337,0.9427977574340077,0.8691518464318576,1.417428034183228,0.5032720110559854,1.709264094675729,-0.1577401551528008,0.448648503888892,0.47553400747772373,,0.582944084428374,,,0.1268912623032531,0.5375367868316113,0.5979165812397161,1.0438377072702962,0.5037296560005414,0.613752143718736,,0.8810749053841841,0.5586262364929271,0.82750175708558,0.669122700401618,0.35397030780354216,,0.48039804020268895,0.5566738848666195,,0.36071958739413035,0.5728776939855083,0.9866950801496781,0.4666852468239271,0.5085497211813135,0.4827725236578474,0.5414324133631081,0.6057405463258371,0.5408815112098132,,0.48099500338847867,0.447303299497861,0.820192195985773,0.5093942946681885,0.4812244345837889,0.6724903037688192,0.46750529320639456,0.7438103167644996,0.5322314864686061,,0.48860621622022476,,-0.3795064853371016,,0.5159849782545812,0.4676884138411704,0.8768816130658731,0.4224782422773931,,0.43949382349335236,0.5424481947818435,-0.651548015262236,,0.37407740167246456,0.43480192818832714,0.5630965855790603,1.0211663406314737,0.2914955221079978,0.4474448963936275,0.4804534022583653,0.4538767370384512,0.13666499197421753,,0.41176354820090266,,0.48694242691978545,0.7547856496832676,,0.6621597165741013,0.8231543773281998,0.5935715996069141,-0.030330332848490977,0.5242305612550983,0.5338900036579093,0.3750261602942841,0.760334538338731,,0.3723343329944662,0.7179377702046251,0.3681788367478422,,0.5846917235569126,0.4596680521350492,,0.9106182437517595,0.5463048267815998,0.4067530050712247,0.3981785189685244,,0.28186862834405846,0.6393848486307191,0.15536479576057974,0.526007567924511,0.5289976789560314,0.5220582657376371,0.7160839125579607,0.4960709624351674,,0.36964589391325187,0.4771180305143631,,,0.541156547652518,0.47693505821450166,0.5346722327165749,0.7752075832498873
2026-09-30,0.40820641765544047,0.41790469143830317,0.38939335572812306,0.5460647176125836,0.6041715028574572,0.37146215470452926,0.47991566223015447,,0.7184578664609693,0.4569354436010856,0.6037362182469159,0.4567448174024077,0.3961364449578448,0.49306455880461225,,1.1246114438331913,,,,0.4123606507049701,0.5159275947605906,0.5561916514123456,0.5409320393232623,0.7946327282407664,1.2277068378553213,1.0118528616313436,0.5687644065442293,0.36463042184666866,0.43916281219104497,0.29766199893097706,0.4335396035158788,0.09470646417980993,0.0627440614536128,0.5748507418746588,0.6214005084363268,0.19307607569655225,1.7975999164412868,0.6750069679613785,0.320574021181891,0.49960930411946247,0.517206162269677,1.2595820303589507,0.20692549039852354,0.4935705419904762,0.42688976073881335,0.36549219456772286,,0.5271163499886026,1.2046678939584674,0.535588848405365,0.47343225388949345,0.4631260527096026,0.8688096460759078,0.5664714958197543,,0.42733541539280856,0.45956362343255147,0.15166335821278745,,0.9010353694835809,0.42491183861133885,0.8655756742222354,0.8363675340801886,,0.030408720972596455,0.877717067131457,0.865453433230229,1.3983344306610037,0.46099238175097235,1.7544826024655553,-0.25242217504989906,0.46667132039404824,0.4318866551993112,,0.5440326290114883,,,0.09990112883271246,0.5050851769455226,0.5641843373877589,1.0283119294070477,0.4614149778547052,0.5952064386339304,,0.8700540098300155,0.5218627012791666,0.8123130141057665,0.6524270660420112,0.29800305078567835,,0.4386167233014439,0.5170029966210503,,0.2916576939608946,0.5337450322711336,1.1103699729576737,0.42596709950541733,0.45843396217590826,0.4391919520787987,0.5162849148597433,0.5804532244094085,0.4862330568383353,,0.44207358277292214,0.40347376704500154,0.8444624279949589,0.4809958204240638,0.44728151121903037,0.6677230186135712,0.43206656521619585,0.7159098023194717,0.48835124264557234,,0.4475175057397121,,-0.4610294740439663,,0.48218817150760823,0.42797283134322694,0.8469930310323631,0.3827917005069013,,0.39224208935051735,0.5184358530662982,-0.722664481270227,,0.3243619090115012,0.3884318424790168,0.537225404275375,1.0308755695710587,0.21696479223746093,0.4040848135220127,0.4373653748220555,0.40846298838560324,0.05236428650793636,,0.3723930990399578,,0.44833441943402985,0.7223826235284824,,0.611751034136805,0.830585674757549,0.5549885899570766,-0.08419384627902537,0.4902488088138957,0.5100024870525631,0.31251095181811456,0.7586342953861962,,0.3481044662228869,0.7116373581555656,0.32311820283628573,,0.5698797227688854,0.4138037387418153,,0.9082859323755632,0.5096140251862922,0.3697375640927216,0.37757861510397395,,0.2102962634840806,0.6102545702945102,0.07014158882720954,0.4844191296212533,0.49497001554723075,0.4996056766913285,0.6821755038268517,0.4585658026453009,,0.3383546485911224,0.43516258477322356,,,0.5009379907713263,0.4325978035569597,0.4959958566962055,0.7763005670619776
