fecha,AAPL,ABBV,ABT,ACN,ADBE,ADI,ADP,AFL,AIG,AMAT,AMD,AMGN,AMT,AMZN,ANET,APA,APD,APH,APP,AVGO,AXP,BA,BAC,BAX,BDX,BIIB,BKNG,BLK,BMY,BNY,BRK-B,BSX,BX,C,CAT,CB,CCI,CHTR,CI,CL,CMCSA,CME,COF,COP,COST,CRM,CRWD,CSCO,CSX,CVS,CVX,D,DD,DE,DELL,DHR,DIS,DUK,DVN,EBAY,ELV,EMR,EOG,EQIX,ETN,EXC,F,FCX,FDX,FIS,FISV,GD,GE,GEV,GILD,GIS,GLW,GM,GOOGL,GS,HAL,HD,HON,HOOD,HPQ,IBM,INTC,INTU,ISRG,ITW,JNJ,JPM,KHC,KLAC,KMB,KMI,KO,LIN,LLY,LMT,LOW,LRCX,LYB,MA,MCD,MCK,MDLZ,MDT,MET,META,MMM,MO,MPC,MRK,MRNA,MRSH,MRVL,MS,MSFT,MU,NEE,NEM,NFLX,NKE,NOC,NOV,NOW,NVDA,ORCL,OXY,PANW,PEP,PFE,PG,PGR,PH,PLD,PLTR,PM,PNC,PRU,PSX,PYPL,QCOM,REGN,RTX,SBUX,SCHW,SLB,SNDK,SO,SPG,SPGI,STX,SYK,T,TFC,TGT,TJX,TMO,TMUS,TRV,TSLA,TXN,UBER,UNH,UNP,UPS,USB,V,VLO,VRTX,VZ,WDC,WELL,WFC,WMT,XOM,ZTS
2010-01-31,,,,,,,,,,,,,,,,,,,,,,,,,,,,,,,,,,,,,,,,,,,,,,,,,,,,,,,,,,,,,,,,,,,,,,,,,,,,,,,,,,,,,,,,,,,,,,,,,,,,,,,,,,,,,,,,,,,,,,,,,,,,,,,,,,,,,,,,,,,,,,,,,,,,,,,,,,,,,,,,,,,,,,,,,,,,,,,,,,,
2010-02-28,,,,,,,,,,,,,,,,,,,,,,,,,,,,,,,,,,,,,,,,,,,,,,,,,,,,,,,,,,,,,,,,,,,,,,,,,,,,,,,,,,,,,,,,,,,,,,,,,,,,,,,,,,,,,,,,,,,,,,,,,,,,,,,,,,,,,,,,,,,,,,,,,,,,,,,,,,,,,,,,,,,,,,,,,,,,,,,,,,,
2010-03-31,,,,,,,,,,,,,,,,,,,,,,,,,,,,,,,,,,,,,,,,,,,,,,,,,,,,,,,,,,,,,,,,,,,,,,,,,,,,,,,,,,,,,,,,,,,,,,,,,,,,,,,,,,,,,,,,,,,,,,,,,,,,,,,,,,,,,,,,,,,,,,,,,,,,,,,,,,,,,,,,,,,,,,,,,,,,,,,,,,,
2010-04-30,,,,,,,,,,,,,,,,,,,,,,,,,,,,,,,,,,,,,,,,,,,,,,,,,,,,,,,,,,,,,,,,,,,,,,,,,,,,,,,,,,,,,,,,,,,,,,,,,,,,,,,,,,,,,,,,,,,,,,,,,,,,,,,,,,,,,,,,,,,,,,,,,,,,,,,,,,,,,,,,,,,,,,,,,,,,,,,,,,,
2010-05-31,,,,,,,,,,,,,,,,,,,,,,,,,,,,,,,,,,,,,,,,,,,,,,,,,,,,,,,,,,,,,,,,,,,,,,,,,,,,,,,,,,,,,,,,,,,,,,,,,,,,,,,,,,,,,,,,,,,,,,,,,,,,,,,,,,,,,,,,,,,,,,,,,,,,,,,,,,,,,,,,,,,,,,,,,,,,,,,,,,,
2010-06-30,,,,,,,,,,,,,,,,,,,,,,,,,,,,,,,,,,,,,,,,,,,,,,,,,,,,,,,,,,,,,,,,,,,,,,,,,,,,,,,,,,,,,,,,,,,,,,,,,,,,,,,,,,,,,,,,,,,,,,,,,,,,,,,,,,,,,,,,,,,,,,,,,,,,,,,,,,,,,,,,,,,,,,,,,,,,,,,,,,,
2010-07-31,,,,,,,,,,,,,,,,,,,,,,,,,,,,,,,,,,,,,,,,,,,,,,,,,,,,,,,,,,,,,,,,,,,,,,,,,,,,,,,,,,,,,,,,,,,,,,,,,,,,,,,,,,,,,,,,,,,,,,,,,,,,,,,,,,,,,,,,,,,,,,,,,,,,,,,,,,,,,,,,,,,,,,,,,,,,,,,,,,,
2010-08-31,,,,,,,,,,,,,,,,,,,,,,,,,,,,,,,,,,,,,,,,,,,,,,,,,,,,,,,,,,,,,,,,,,,,,,,,,,,,,,,,,,,,,,,,,,,,,,,,,,,,,,,,,,,,,,,,,,,,,,,,,,,,,,,,,,,,,,,,,,,,,,,,,,,,,,,,,,,,,,,,,,,,,,,,,,,,,,,,,,,
2010-09-30,,,,,,,,,,,,,,,,,,,,,,,,,,,,,,,,,,,,,,,,,,,,,,,,,,,,,,,,,,,,,,,,,,,,,,,,,,,,,,,,,,,,,,,,,,,,,,,,,,,,,,,,,,,,,,,,,,,,,,,,,,,,,,,,,,,,,,,,,,,,,,,,,,,,,,,,,,,,,,,,,,,,,,,,,,,,,,,,,,,
2010-10-31,,,,,,,,,,,,,,,,,,,,,,,,,,,,,,,,,,,,,,,,,,,,,,,,,,,,,,,,,,,,,,,,,,,,,,,,,,,,,,,,,,,,,,,,,,,,,,,,,,,,,,,,,,,,,,,,,,,,,,,,,,,,,,,,,,,,,,,,,,,,,,,,,,,,,,,,,,,,,,,,,,,,,,,,,,,,,,,,,,,
2010-11-30,,,,,,,,,,,,,,,,,,,,,,,,,,,,,,,,,,,,,,,,,,,,,,,,,,,,,,,,,,,,,,,,,,,,,,,,,,,,,,,,,,,,,,,,,,,,,,,,,,,,,,,,,,,,,,,,,,,,,,,,,,,,,,,,,,,,,,,,,,,,,,,,,,,,,,,,,,,,,,,,,,,,,,,,,,,,,,,,,,,
2010-12-31,,,,,,,,,,,,,,,,,,,,,,,,,,,,,,,,,,,,,,,,,,,,,,,,,,,,,,,,,,,,,,,,,,,,,,,,,,,,,,,,,,,,,,,,,,,,,,,,,,,,,,,,,,,,,,,,,,,,,,,,,,,,,,,,,,,,,,,,,,,,,,,,,,,,,,,,,,,,,,,,,,,,,,,,,,,,,,,,,,,
2011-01-31,,,,,,,,,,,,,,,,,,,,,,,,,,,,,,,,,,,,,,,,,,,,,,,,,,,,,,,,,,,,,,,,,,,,,,,,,,,,,,,,,,,,,,,,,,,,,,,,,,,,,,,,,,,,,,,,,,,,,,,,,,,,,,,,,,,,,,,,,,,,,,,,,,,,,,,,,,,,,,,,,,,,,,,,,,,,,,,,,,,
2011-02-28,,,,,,,,,,,,,,,,,,,,,,,,,,,,,,,,,,,,,,,,,,,,,,,,,,,,,,,,,,,,,,,,,,,,,,,,,,,,,,,,,,,,,,,,,,,,,,,,,,,,,,,,,,,,,,,,,,,,,,,,,,,,,,,,,,,,,,,,,,,,,,,,,,,,,,,,,,,,,,,,,,,,,,,,,,,,,,,,,,,
2011-03-31,,,,,,,,,,,,,,,,,,,,,,,,,,,,,,,,,,,,,,,,,,,,,,,,,,,,,,,,,,,,,,,,,,,,,,,,,,,,,,,,,,,,,,,,,,,,,,,,,,,,,,,,,,,,,,,,,,,,,,,,,,,,,,,,,,,,,,,,,,,,,,,,,,,,,,,,,,,,,,,,,,,,,,,,,,,,,,,,,,,
2011-04-30,,,,,,,,,,,,,,,,,,,,,,,,,,,,,,,,,,,,,,,,,,,,,,,,,,,,,,,,,,,,,,,,,,,,,,,,,,,,,,,,,,,,,,,,,,,,,,,,,,,,,,,,,,,,,,,,,,,,,,,,,,,,,,,,,,,,,,,,,,,,,,,,,,,,,,,,,,,,,,,,,,,,,,,,,,,,,,,,,,,
2011-05-31,0.48710153775321363,0.4748373288211368,0.5223718637035757,0.5591093610739956,0.5544675351457329,0.24382649611648674,0.5546300265091265,,0.5871663010060819,0.3359981099681757,0.42833672448241866,0.5134913903328218,0.609734527302071,0.5207972048254516,,0.46586256087156713,,,,0.4497010215885199,0.4799839403139136,0.48324674184031774,0.42431511620559353,0.5507486569840716,0.412244650469413,0.5612171931031552,0.45044905020000453,0.4609191290667047,0.5169127404881264,0.540533955244305,0.4975167994419058,0.5255612222250737,0.4184357227087953,0.4185407135733817,0.45681814145065985,0.4430912205615347,0.33338106857774413,0.5362897228007127,0.6124606400421504,0.6073532841943187,0.5630416225759652,0.30154859737183204,0.25194217114333517,0.44176403939906606,0.524180532811012,0.4864883221380524,,0.47293675762230797,0.32176526628496616,0.4978862885812007,0.46865569895311693,0.5941439798530195,0.5347338391996435,0.4833101179891255,,0.5014366540783393,0.4903942123453394,0.70318799185151,,0.5665662524468725,0.5669523789452285,0.5778670251476526,0.6467485895752163,,0.2784585988431988,0.5232283634216438,0.5567431748013415,0.43132228085732105,0.6502072847270575,0.34805535503838114,0.488543778803342,0.6655770545908705,0.44500721269525384,,0.5006846242700452,,,0.6490202102909896,0.49408761587650346,0.4362379864087444,0.5034866375323968,0.49868091541342424,0.554455893424914,,0.5337163183235708,0.47291672548172775,0.4446668987773882,0.5436993880896507,0.45179890632149106,,0.5113660121571464,0.44320425315752693,,0.23715093391195027,0.6284815264694642,0.6293438169652182,0.5225877643451854,0.4811324734877433,0.5161092443093888,0.575572942148949,0.5579841738145139,0.21077865348227626,,0.5075070217501559,0.520051532413464,0.5628647223594389,0.6123779864352782,0.5287299516637421,0.55495967542792,0.4772119516199079,0.5297651061480884,0.4968275659117492,,0.5046779861362515,,0.5092861172923094,,0.3985433510198542,0.4927832223385809,0.04263305859386978,0.5263710475517897,,0.5115848917055934,0.5860423105842161,0.7888896442082114,,0.4864521750626853,0.465373683305479,0.4756156765888748,0.5430144526501233,0.1775045300059023,0.5222862668485438,0.5042429734606754,0.5140550404378045,0.3129011337016134,,0.48789068138966335,,0.5037749357405965,0.49999809326951145,,0.674488111461409,0.5804956220467301,0.4567003525695746,0.5970151718964929,0.48912823192463734,0.584117911514598,0.3074849997936745,0.570001706646636,,0.6061848424603724,0.6121214286266466,0.47541039062205,,0.5789419787775714,0.5058774832953803,,0.6001452549714541,0.46059359332057725,0.5084932637010384,0.6565271058637535,,0.20195445541957896,0.47873937507618725,0.2583686602262159,0.4905387920406366,0.4893212330822969,0.5784896421389694,0.5104145297927926,0.5184527177602641,,0.48883394965571536,0.517154578572139,,,0.44923035011026,0.5153637426192245,0.47496984889858507,0.6076824519700392
2011-06-30,0.18257866061685774,0.11688548581786859,0.22220966082248095,0.2987314647282195,0.2534128445070534,-0.04789697454390482,0.3220011624624421,,0.39071383227780576,-0.040219861287355725,0.004796607202303935,0.2258286566724145,0.3363444097223673,0.18012822158826627,,0.5770583483738772,,,,0.057667283759326414,0.18465410209282884,0.2018017398590133,0.15327553738022548,0.6814369809206646,0.3447210323228197,0.38496397407529975,0.12125413389509213,0.10527194008740276,0.23063734279746728,0.3545606114273914,0.19539536103035718,0.2753326094665708,0.1804128579190877,0.13399673805975923,0.12087306006594098,0.09787039889385467,0.18710261230229672,0.3709984540567861,0.44661668257177745,0.5135922896354632,0.35373618250327526,0.4296765459315837,-0.04380136765632054,0.19699564845091097,0.20540521563953051,0.1477305953812401,,0.15903183050637262,0.37845638769536083,0.21443785290497105,0.19915531178934498,0.5263692919589477,0.40962418787832255,0.200242579045999,,0.17677830404869632,0.17849437760092937,0.5534185529772968,,0.5333647078394547,0.36271604129612384,0.5566504012130713,0.5984458369338338,,0.0044459781317573895,0.70904730895499,0.5144595283507547,0.601253259137197,0.5133080201807256,0.2236275850343186,0.21081694038700996,0.48678809419658464,0.14494860055019818,,0.22818515553286092,,,0.43506780538064743,0.14056874855370866,0.15429632997419832,0.48093640466003695,0.19330560683953885,0.31085415321170223,,0.46049982544510887,0.15724415183698515,0.08141298114091096,0.2325316132121817,0.08449595678564928,,0.19919563980501798,0.16103403308380315,,-0.1750646354342757,0.6584166248510415,0.2924027054452792,0.20922486581875982,0.20660071678705372,0.17618935935014807,0.3393607580100619,0.32668108331516016,-0.0798207982215236,,0.20294500496036988,0.21075996345892709,0.17951225887611555,0.4475777487581538,0.20529286896742177,0.46717278368147197,0.10077831588434571,0.3707883054195808,0.1848006342168855,,0.18914475692386723,,0.221204245833944,,0.057303632283030065,0.1670207568387582,-0.26876230845379995,0.17181247532309904,,0.18046115946445634,0.36001254593792986,0.6938689990914092,,0.140320966630251,0.11375567472097775,0.12398440077730183,0.41022464048353,-0.15394062077798013,0.21568279121468378,0.20621025249098457,0.20162222271554084,0.01439136270653475,,0.12583995544984386,,0.19853291956328906,0.3746951074801396,,0.4761189051898956,0.27470246644612817,0.15474535129817027,0.3076333758956766,0.19262517500562815,0.35977310274557345,0.00906391653201402,0.47285509315187846,,0.33787410302668586,0.49027199219716283,0.12695834936246542,,0.28311638310820475,0.2297296384037382,,0.35854037557654184,0.15454101655582486,0.13712824916500582,0.3112397534239564,,-0.1299611825712163,0.17070376274159993,-0.06727149997809845,0.1839367945820016,0.18112184301784898,0.33801112536505207,0.3823720825484751,0.20383171331632743,,0.08663299244359264,0.21729304969929442,,,0.16636799840078637,0.20093591478367,0.20284560877745098,0.3424763014622269
2011-07-31,-0.03346422311457112,-0.08257247319396993,0.0030910722629989666,0.0444394945925297,0.01801383843688039,-0.27781933031427897,0.06979884309145196,,0.06177813042431338,-0.2321255715308544,-0.16536361357896437,-0.0008452553401135594,0.08905767868195157,-0.024796450039497972,,0.15796751954954535,,,,-0.12650415449867183,-0.04584383122783355,-0.033541556884195106,-0.08811058377272607,0.24997158665191618,-0.009610105293202914,0.06514270295702858,-0.10161123847454794,-0.09510380358181283,0.004478679916000369,0.08489294502009252,-0.0257877275991069,0.02979375385549255,-0.08880986193412994,-0.10450546414608743,-0.09497927035813235,-0.10191081040155568,-0.14458502191947223,0.08129612527632331,0.1225460725774969,0.17711741075986995,0.07425279653128226,0.006880158889740829,-0.2600050659844802,-0.05303812441773909,-0.006315547012320037,-0.05754199750920196,,-0.061573100427534985,-0.032835844705010026,-0.01661445580907065,-0.042072176167883245,0.1738966692371074,0.07854573739370639,-0.028852508657401337,,-0.035490096578533026,-0.042916970644497156,0.23057295550898727,,0.18040084515211413,0.09491847121966569,0.17806212599650778,0.23911128375045634,,-0.21624591442356805,0.27429292634111413,0.13628536877358235,0.14859352657879016,0.21417425013781125,-0.1260873899329838,-0.009292531485458796,0.14427710035316058,-0.0794939078746836,,-0.006338626167077762,,,0.1380494459412187,-0.059379894332495346,-0.08429275985002763,0.11117081094452833,-0.024300388086744628,0.04576122597704606,,0.10618601925778487,-0.059562097804198404,-0.11774497467363323,0.0057259998275387995,-0.09802986302856596,,-0.016225100542037532,-0.07341157323073746,,-0.3351293951978162,0.26566011227532194,-0.04555581412947791,-0.006506063102449011,-0.02022890205570387,-0.02174262362558676,0.0740654108546745,0.061963172685382845,-0.3105141525670566,,-0.0192907494058712,-0.005251212782792825,-0.045151452281637194,0.14789658275262987,-0.010381036482010567,0.10355026071463193,-0.08880479952881598,0.0728500123521,-0.02698759475367802,,-0.025351009626377544,,-0.01609104066776878,,-0.15646069327598153,-0.044863412636003526,-0.5082432441950769,-0.024608794983375027,,-0.019782819445939036,0.0891361213405579,0.34513822892833307,,-0.05483134184020777,-0.07958381442392735,-0.08374709542986856,0.07536943645974674,-0.35988133939443884,-0.0021369311279978297,-0.0159653502633154,-0.011235690763914606,-0.19856150376944232,,-0.06937617357535468,,-0.02406052520688719,0.06116416013017544,,0.2282432050299234,0.03158926273366076,-0.06607448095399547,0.07046463855320281,-0.038349689878561015,0.08705289259115312,-0.21321779045073197,0.11931800170278464,,0.08144332490435928,0.15338048464325535,-0.07335011573269092,,0.04386242297184824,-0.002738276619689932,,0.09712468129268641,-0.06927844135574501,-0.055092651256514316,0.09918594421302035,,-0.3370359207561773,-0.05249977350272995,-0.2669157585570778,-0.03350633199561972,-0.042975793740729025,0.07150375343795394,0.07030139875910368,-0.012673098429671278,,-0.09837611329301353,-0.004453560338098286,,,-0.06767210959537008,-0.010408875357396444,-0.03719496983902372,0.08411296750144401
2011-08-31,-0.46522986939141336,-0.514913266985038,-0.4527017646713186,-0.481364894235539,-0.5060805596673514,-0.5683104319390915,-0.42149847273653507,,-0.5709993924239536,-0.5886722305851855,-0.5836967957171759,-0.4553210243875463,-0.4652016520900449,-0.493529097826209,,-0.31433709021769696,,,,-0.546628902365924,-0.49624727472893543,-0.4872826301531136,-0.50076097241747,-0.27124452474231064,-0.4620461206313053,-0.5133970387697409,-0.5439937030093646,-0.5271452819207663,-0.4472348854357004,-0.36187438000103755,-0.4704071336865183,-0.45221952491565576,-0.5455084974080934,-0.520844435530616,-0.538142097669223,-0.5038950455511422,-0.5730194343483651,-0.4052166041507218,-0.500678985017276,-0.3856852730982505,-0.45915548924796235,-0.32514779348702305,-0.5251061525444567,-0.4700580783354358,-0.46585864490074186,-0.499944240040899,,-0.5020774930399192,-0.43002806314215514,-0.46683193688148394,-0.4802182535839916,-0.3855773721645618,-0.4546572823922366,-0.4731232949047045,,-0.48619601782805894,-0.4971963871711612,-0.4272145091954671,,-0.3398263629758221,-0.4091428621057693,-0.3925089836871822,-0.3589066842054544,,-0.5005381288688008,-0.19375440778472688,-0.43426147850637953,-0.3204986330588186,-0.3420685474458234,-0.587992965072114,-0.40265284089457115,-0.5501119392622649,-0.4994571042577228,,-0.45594924295623884,,,-0.4719555520815962,-0.5074605473704729,-0.5103935575427261,-0.39160031316914956,-0.4676320091696777,-0.48393309960307784,,-0.4285124023854678,-0.4922746810350257,-0.544244298298116,-0.5035743871230159,-0.48648514197787357,,-0.46577932322524984,-0.49291503361893857,,-0.574663067007548,-0.3117758862128905,-0.8604685581063685,-0.46599144846667645,-0.4460485508654406,-0.46221709787350085,-0.459668603968024,-0.4590301995771649,-0.5882670727853189,,-0.4779849674703059,-0.4597398691002923,-0.6008333379462142,-0.41953639506617907,-0.48580138363113473,-0.4777575485055145,-0.5250393061132861,-0.4178011267389793,-0.45618149176018696,,-0.4705937961611923,,-0.4855823074449216,,-0.5592443358961358,-0.4900684999831365,-0.7072582479301991,-0.48459521516338394,,-0.46395229024951823,-0.4562522063416935,-0.367266836334158,,-0.4853625055746012,-0.5001039335337317,-0.5352521464439455,-0.478640997267762,-0.5902041629690044,-0.45934446769766224,-0.46301348813438975,-0.4568088791800004,-0.49916951512922064,,-0.5148218482577528,,-0.47859109476551215,-0.4097415178739239,,-0.27786597854314876,-0.5344270472945166,-0.4889802034278855,-0.4691690601941798,-0.49449825808259873,-0.45846258296180664,-0.5319160467722519,-0.47212426611053276,,-0.48210439239204456,-0.43691512202371896,-0.5075674260155647,,-0.5023491288843485,-0.45142449500258214,,-0.4608145800194331,-0.4997399411653975,-0.5105391804505689,-0.47955769914596846,,-0.5893697125974745,-0.5003501676230957,-0.5317436549546514,-0.4694227590606841,-0.49633616553064647,-0.4721146204780121,-0.40582275950386687,-0.4758226877920854,,-0.554317120238577,-0.4597711711974947,,,-0.49024045867277743,-0.4562515084358091,-0.4791970418872292,-0.5014054900589409
2011-09-30,-0.5704434277426503,-0.6054229920398605,-0.5457928322343089,-0.601929130255366,-0.6239909037709279,-0.7580913720173044,-0.5378249668492915,,-0.7179071018736402,-0.7412281541751857,-0.7038473542856001,-0.5579052461690055,-0.5582533135855712,-0.5916481201559565,,-0.5853113619395788,,,,-0.6433790593082279,-0.6176250468783827,-0.6176002300331002,-0.6440839756697445,-0.4905688447164944,-0.6935352354484691,-0.6724748418345695,-0.6656808475034364,-0.6349000464529607,-0.5438499873586187,-0.4429821118647492,-0.572218157656256,-0.5739814101254878,-0.7237996067798899,-0.6669200593493682,-0.663101378986024,-0.6002550026028446,-0.8365390924429285,-0.5407390119964535,-0.6440767716005412,-0.5176278702777962,-0.5913838622762907,-0.6155481250671901,-0.6907278339994205,-0.6101152701515344,-0.556540616579418,-0.6009212044622887,,-0.617601474687593,-0.7213826820049318,-0.5802342744863669,-0.6047894262638158,-0.5234358566269857,-0.6176262139891843,-0.6032762808915967,,-0.583553972391738,-0.6095869526993613,-0.5249519260813104,,-0.5144071184194037,-0.5263479155996015,-0.577982286090742,-0.5070823696273951,,-0.6744969634812755,-0.43966012771507224,-0.6187907180003019,-0.6350132578774788,-0.44346668389762006,-0.8658223515375166,-0.4546638317617693,-0.6700462110552398,-0.6270146780925194,,-0.5713474171704805,,,-0.5432336474313574,-0.6043300165711915,-0.6512546291463454,-0.5972022888289206,-0.5715707860504896,-0.6133858482768924,,-0.6075039883967718,-0.6031901155574781,-0.6705290259827121,-0.6226935016625925,-0.567783346596768,,-0.557970115730672,-0.6236303316745667,,-0.70579603553019,-0.4663481977936092,-1.0202746658355244,-0.5557545878237657,-0.5655869507611002,-0.5409449242633374,-0.575052205908318,-0.58844354069878,-0.8050819106377106,,-0.5822720108281622,-0.5495421674148098,-0.6747642835995263,-0.547725745087505,-0.5784578921912633,-0.6492121674850311,-0.6186652172993719,-0.5567373633036993,-0.547494443299982,,-0.5629149397402436,,-0.5612165305640479,,-0.6929743466701392,-0.5898630478113603,-0.9830080923196419,-0.5613491083937223,,-0.5593797144111905,-0.5755296567981989,-0.41947093949313463,,-0.5831574934994952,-0.6092381381061964,-0.6448941841353839,-0.6465869806069098,-0.77739840156867,-0.5494379939176242,-0.5629681166543761,-0.544821089937656,-0.6389778943362222,,-0.612315761222196,,-0.579668404621973,-0.5644614552767221,,-0.32242267747710707,-0.6620418689291176,-0.6161023432172079,-0.5464067850565705,-0.6089465000177001,-0.5777543060158072,-0.6898857303160297,-0.65533691972666,,-0.5758007905686784,-0.5701281006183266,-0.608685801796773,,-0.6182003355910997,-0.5549454212740726,,-0.5951155650932008,-0.6182643934630515,-0.5907834480987699,-0.5388383713754937,,-0.7742777862164708,-0.6234380158084902,-0.6857050560357401,-0.5720668886060665,-0.6079269940979817,-0.5891161699301168,-0.5535871513791633,-0.5738316224649366,,-0.6356491372049322,-0.55385650769514,,,-0.6173216086293424,-0.5448219257097467,-0.601428178185307,-0.6388896970160919
2011-10-31,-0.8192650751429212,-0.8659845389900852,-0.7731121406316136,-0.8107301412526918,-0.853451932560117,-1.1063455264211983,-0.7459925483171392,,-0.8807287516542841,-1.0783342060176246,-1.0297758984440484,-0.7943865211162701,-0.7256779118379589,-0.8408352051435175,,-0.8383649572675389,,,,-0.9233935966812024,-0.8738591896042299,-0.8766426386934649,-0.924391456783453,-0.6471737988562416,-1.010992974092226,-0.900922549039973,-0.9436049829313861,-0.8953454290078479,-0.7765704484974011,-0.6205370337059448,-0.815149645034315,-0.7452971925843558,-0.9228634400312454,-0.9550876559101532,-0.9512987625142648,-0.8461827154928253,-1.2785056456460675,-0.7620596998336038,-0.7502720519061195,-0.6508993843533514,-0.7805606256041402,-0.9613826575845063,-1.0227337391847162,-0.8722524147958551,-0.791784543231269,-0.8478768711246663,,-0.8841084215371734,-1.0489661310117888,-0.8321277357051425,-0.854800497094402,-0.6473974887128464,-0.836690915337433,-0.8693792848008426,,-0.8279728194906739,-0.858288051739139,-0.5673837881785223,,-0.7204022784713271,-0.7116782344742648,-0.752713461716358,-0.6573912201868438,,-0.9706160805474534,-0.6291105618541265,-0.7994132238535147,-0.923749629568778,-0.577566545430279,-1.283295489584804,-0.6072216683875752,-0.7509178731396102,-0.8925868798477283,,-0.8219937162004576,,,-0.6132757185350386,-0.8693629661097148,-0.9300069881112092,-0.8374922540842322,-0.8208840240864517,-0.8245579332347411,,-0.8157267191912414,-0.8718683221092041,-1.0017900145586245,-0.8701329476574645,-0.8355746690858556,,-0.7983015277774995,-0.8957394402507659,,-1.0857886653498787,-0.5653888037718152,-1.186280099492918,-0.7886284917436495,-0.8203814870570949,-0.7897746102382175,-0.7657586920637426,-0.7985547037230193,-1.1858352689558604,,-0.8207469405487422,-0.7808811612974651,-0.9253956881297108,-0.6983055254418923,-0.8100889613244328,-0.8077711754432136,-0.8865563877788918,-0.7801975449548724,-0.8045821011485531,,-0.8077394928614485,,-0.6595371259911146,,-0.9895231677197702,-0.8385964935526161,-1.481591081393005,-0.7964568259651591,,-0.8045861873740857,-0.7587392239395379,-0.283510223950878,,-0.8324804015925281,-0.8785769972652825,-0.9166411850218468,-0.8799476141321496,-1.149175345888536,-0.7786508944942487,-0.8030628313905865,-0.7817962423442141,-0.9227846027223106,,-0.8647365237860458,,-0.8199094345196646,-0.794567525199959,,-0.4994735232539445,-0.9040612047606461,-0.8966563606323517,-0.658183300143051,-0.8562687668153394,-0.7591875030906078,-1.00495381985389,-0.828880917971249,,-0.7303663659235001,-0.72541251053921,-0.8576933309836487,,-0.8291240139628966,-0.7854489556475266,,-0.833797544263442,-0.8864167404753761,-0.8333310892410972,-0.7006895906293686,,-1.1329216515215244,-0.8981665025820661,-1.0052983748523943,-0.827997661965253,-0.8600382201285365,-0.7744451065551343,-0.7737699770778407,-0.8128501348808654,,-0.8840355866697643,-0.7874726546904697,,,-0.8844637370191755,-0.7857060321838711,-0.8522242027638717,-0.8549128440146078
2011-11-30,-0.04636801389466283,-0.04314975190469936,-0.018204347934238637,0.04590507549051929,-0.0021984375624909,-0.11347421157511514,0.02249970005693739,,0.28606246805368707,-0.1657742204252428,-0.18039659205784314,-0.0100447766671742,0.06803678438945795,-0.06171981096451827,,0.2211024302608697,,,,-0.09543021936926958,-0.017454753135495875,-0.02672356459947323,-0.01865898537170677,0.35120563581062686,0.16999566339640496,0.21218591803855918,-0.016179943471263787,-0.07821922237969049,-0.0011373441202068603,0.15080159034146404,-0.01821467847490901,-0.008281381885139417,-0.004415877026917998,-0.025149933138330572,-0.052786683140358906,-0.061573021004390785,0.08999517016320861,0.11277829605663119,0.22746636975656828,0.26043888086688616,0.09545986860685038,0.23438016762856906,-0.12603624611847622,0.0021953151256485174,-0.03235437832418498,-0.06072990879468011,,-0.033413434209610356,0.22829612145099987,-0.011026259735642434,0.007792923309628583,0.30528798798922313,0.2195513880407796,-0.05487737209510958,,-0.03336158035453473,-0.031013445929625388,0.28291288875847065,,0.21205610274165454,0.0667519283200788,0.29552462171385674,0.2906164206789614,,-0.1549061767699315,0.2693582582608948,0.3199358534421831,0.24929564812114377,0.1737299538750205,0.11931836451788513,0.059322550996461,0.36932963320679196,-0.048346624787811376,,-0.00876591535942351,,,0.2899001785104158,-0.06335004626050375,-0.020461850347683972,0.23422207664297265,-0.03744079753833131,0.06579274309692291,,0.25103821816790006,-0.03952584763678418,-0.1050816091336329,-0.03346554426396026,-0.09104335903905972,,-0.01922047046304826,-0.01972469345404621,,-0.21182486052895244,0.36983314011015656,0.4124889171078369,-0.014872787849039355,-0.049904858712472404,-0.05023487213718244,0.085133216769304,0.052367656427252926,-0.16108571214433606,,-0.019884999190267663,-0.01676175536453628,0.12147318070834051,0.14888001902963519,-0.014995065965454569,0.31402143629898943,-0.08313695297423505,0.14228181497366538,-0.028949715920707025,,-0.018856851733764755,,0.08335470929515529,,-0.06420913491571263,-0.03728981010754381,-0.17816889993862928,-0.045350057850289505,,-0.0855013199123734,0.09115064904588932,0.4205353996548,,-0.09691940070059836,-0.11955839049742416,-0.05085187992683073,0.23386673158708457,-0.17291950283034288,-0.011652727021679386,-0.014481774536339614,-0.023117865328389255,-0.1017036592332927,,-0.08191623386715073,,-0.008695678264311385,0.16183678327629597,,0.10773670795007277,0.013525500247654774,-0.06381912932596867,0.061789418280775554,-0.0013808569932565568,0.09900293921221487,-0.09136215861563723,0.24299301429516793,,0.10630318070662516,0.2866166839608282,-0.07450338342522432,,0.008307070183920857,0.007439956580958319,,0.02839546856117568,-0.02805397923229343,-0.054537310748810575,0.022267754912990306,,-0.16956015819761994,-0.04333636454337845,-0.15900631692001704,-0.03100785349435708,-0.018026382609949546,0.08937307444498441,0.1691674433191639,-0.027403907901323205,,-0.06081544174698352,-0.005330786415295007,,,-0.014845938167452336,-0.02987907782985346,0.008337442838476653,0.02011165895767209
2011-12-31,0.2774300164131569,0.31036513067475846,0.28215570360556125,0.3070280951585936,0.2845554976659327,0.3369836434451117,0.2751894109836203,,0.4877659248873343,0.27873285408655807,0.2415891688980529,0.2910636058769084,0.301349188128907,0.2629700258948361,,0.3761142257658788,,,,0.2896198389003715,0.30633561606277443,0.29113336752370644,0.3252827514871867,0.43226955713697923,0.438719925148045,0.4367220420558299,0.3393959900967351,0.28158779625174307,0.2966588962725313,0.3779025303744649,0.2975326317442838,0.2555806841140704,0.30696232908590426,0.32896309844620536,0.3068915026198997,0.29730955473919246,0.45927731973108665,0.34587467451618525,0.3938038789056637,0.40572906690428917,0.32722751239861464,0.47611580191219477,0.3190318605068432,0.3226049114839452,0.27734930514957973,0.277215052053565,,0.3041912279568775,0.48562958928538236,0.29900963362229394,0.3233938083563672,0.4415236991870569,0.43209705800782827,0.2665658130056439,,0.29079372952804305,0.2936466352069544,0.3856010444857813,,0.3709057490630511,0.2950708079189329,0.43321131400456997,0.40388574231443114,,0.26192946909711107,0.3516383524098514,0.47566130842977883,0.40326294908449356,0.32195677723779875,0.4659410800306504,0.34293049698241096,0.506063506570662,0.29590777812479263,,0.29524687053118814,,,0.44855844478815443,0.2820871854141901,0.32245453813875974,0.4235137294008589,0.28152806890109316,0.3219145930929174,,0.43898394745848157,0.2996353789717191,0.2839977225627214,0.2678545347497579,0.27993252631612003,,0.2940795173249832,0.3186255909449392,,0.30246680099997375,0.4429700280716171,0.648287329448372,0.29202447678428267,0.26598229580649874,0.275726882761654,0.32328286368455494,0.30230548297963344,0.3131863555374486,,0.2914741181000666,0.289261662102234,0.4384931221357115,0.3295736462138536,0.29299227739312933,0.4834183022341623,0.2802787476362625,0.37496965823922584,0.29523403106821633,,0.29979848665664643,,0.3471194630724038,,0.3250582515549022,0.29226455836134907,0.4070734559489576,0.27837983471634464,,0.23923445037911215,0.3185283808321557,0.4132279390521512,,0.24609599331937554,0.2406822367213293,0.3028683415132785,0.44904841239737747,0.3303352789966811,0.29157792370995567,0.29587639393381354,0.2884551091003558,0.30515657791747536,,0.2670817613078665,,0.3045576995017773,0.39453512194191315,,0.28442936366718063,0.29361374015532044,0.28070126187989614,0.29293157479192145,0.31606713281904075,0.3257497803162903,0.3253243221300228,0.41638609730653425,,0.33421960965692554,0.44578790126719614,0.2731560990711492,,0.27729971465475406,0.3049166903308135,,0.27278168699815836,0.311857996466839,0.2858576722638737,0.26510985283385347,,0.3199214765771223,0.291906405170914,0.29352850615064907,0.29339279341165875,0.3059680654094908,0.32641985360920384,0.3957005223865146,0.2838060960611752,,0.30212948014981905,0.29824016772780926,,,0.3197506250311664,0.28321614030608677,0.32249138241479336,0.2652196876181632
2012-01-31,0.6636673781775057,0.7001341457961608,0.6102713538712856,0.518518308600427,0.527529461642722,1.0431092648484368,0.527778856432143,,0.4471899927957534,0.9047660984082372,0.7560239331138199,0.614942081161545,0.45730681620798297,0.6070379613234304,,0.5194427076532043,,,,0.7435518136045591,0.6606095620049843,0.6450003396179482,0.7414532778151227,0.42382926983706337,0.6504355974579018,0.4597028630140101,0.7136534171630691,0.7169693016053842,0.6135082106617697,0.5830655403409101,0.6465950171996089,0.6028782111978459,0.7617617451792307,0.7494781035422124,0.6962982580572893,0.7650992875421669,0.7407736669150422,0.5316397710483969,0.4240361970969383,0.41808008174606726,0.502637423686633,0.7864398500736288,1.0525246742975285,0.7130297699837663,0.6077982340711532,0.6740775154803931,,0.677132579465959,0.7643127905815413,0.630663099206653,0.6792257806356397,0.4391696060465311,0.5066869452677485,0.6430456148181064,,0.6449591716182269,0.6525625546611393,0.3007762074271574,,0.428866055789466,0.5076106435485177,0.4083891687982968,0.31276205862222484,,1.00894558645068,0.440280218993986,0.45026421318422305,0.5317041721975837,0.3632548645747836,0.7088505765529879,0.7351243638317807,0.34259730640324365,0.7234487238163355,,0.6226687822679559,,,0.42273979016045704,0.6554837094611832,0.7217623518040118,0.5142688821910903,0.6410314886371611,0.5173145928904814,,0.49411218846916716,0.6798636529185808,0.7052577258327354,0.5423545072230742,0.7522798230071976,,0.6284048023067477,0.7181005248962676,,1.103207007400384,0.35462344194287526,0.3671501623711702,0.6112561244029983,0.6587108028863857,0.6294959410560232,0.49289995474330345,0.5096523494575947,1.0765364350788098,,0.6274846974938586,0.61650854097846,0.5379710775189701,0.41701338741331545,0.5990037733416381,0.4798902747069077,0.6939949333805164,0.5391548320522147,0.6504569858505038,,0.6399679904569122,,0.7033077277039642,,0.8034518837868548,0.6587695630505614,1.3183113006850125,0.6187374705578337,,0.6287654358708417,0.4712031128079546,0.23257015400652112,,0.6777619250113452,0.7040857771381105,0.6794097337136544,0.4804969905237804,1.1738319590816182,0.612273376017241,0.6351134397317949,0.6277415537753546,0.9712477179527061,,0.6752579684901616,,0.635961045790228,0.5787778273058208,,0.34565880813877364,0.46306368417661925,0.6943310224335774,0.5223008120126409,0.6509398548016622,0.4753033381281584,0.9542258524842937,0.43890393906716996,,0.46769710379272567,0.40019998245892724,0.6969778602502397,,0.4878062421633379,0.6299356589497517,,0.4113041594869381,0.697521551847858,0.6511068457835191,0.4022380251936557,,1.132861484475491,0.6560269642026532,1.0592155342558933,0.6549394946412733,0.652607715348953,0.4889142570536131,0.567644620104714,0.6115312805594947,,0.691287451471489,0.6164352097824155,,,0.7108736371923684,0.6234636006365915,0.6682648016058896,0.4083572644218476
2012-02-29,-0.0926780868669471,-0.08169618836133617,-0.11615810401011314,-0.1352323936232571,-0.15273638627971775,0.13853055757874605,-0.13960503368148594,,-0.08744342234894614,0.02338044892128186,-0.09301431441234202,-0.1134316804946196,-0.1579548394230214,-0.13626905234740147,,-0.06898518220649125,,,,-0.06867134968498556,-0.08417693475896881,-0.0938933048194373,-0.03469302684659073,-0.07109509141389796,-0.05166150622710272,-0.1427215596033332,-0.061236316977251286,-0.06285133626198076,-0.1144544375652892,-0.08481830365862696,-0.0972444347905235,-0.054072696379022116,0.0768448692058404,-0.03319907970378123,-0.08560723792855765,-0.024011463458286367,-0.07641157372168267,-0.12510847559847238,-0.07177431870930152,-0.11212169941545563,-0.11729755154936006,0.05182771040777348,0.1381380379589273,-0.040811872731034274,-0.12692718898603242,-0.08535785410632281,,-0.08685754859737371,0.061371428903857425,-0.10801525612880823,-0.0618998090054793,-0.07962081620794449,-0.10398699208919801,-0.10657612247617522,,-0.10310873899920726,-0.09074433109550548,-0.1303520868379812,,-0.1509574339973067,-0.12850094129554404,-0.1152410515148354,-0.1877968983320413,,0.1376089033330817,-0.08947671487946368,-0.08465980744640374,-0.05922218496643958,-0.18598171599016247,-0.06320387874338318,0.014788693757635389,-0.09717195378278633,-0.048696751007997245,,-0.11191560154321363,,,-0.08095393679079141,-0.11596974437812485,-0.04793765289079926,-0.09383189535888423,-0.10814096072917063,-0.12953128531476885,,-0.09139639454755186,-0.09144827463486072,-0.12208207772418644,-0.1616317998709746,-0.06671132364022415,,-0.11422949746590953,-0.052644829725607925,,0.10322686452091134,-0.1042143423862264,-0.0937843986632451,-0.12064510022894709,-0.09446933698459978,-0.13380563871099177,-0.1373090189168532,-0.13808308768546163,0.1460921729158064,,-0.10467565468009388,-0.11649469559010851,-0.16545487643411394,-0.14239763292578625,-0.12448205667224313,-0.050316532512343484,-0.09488686940469104,-0.11435582108690091,-0.11603730308744847,,-0.10948411700432545,,0.06478835901786871,,-0.012605398414632284,-0.09588561104606425,0.25839257334086957,-0.12806040940182234,,-0.12546536358495716,-0.14297770327391232,-0.040025647891649835,,-0.09316031642574647,-0.08670811619908725,-0.09285282120886802,-0.12709284429208928,0.2011972456216947,-0.11675889002824606,-0.10409931288059117,-0.11579462432895217,0.10781914837519456,,-0.09298186982835929,,-0.10071644794958703,-0.0806841204426685,,-0.285544971653141,-0.19734279760719525,-0.08506997091990683,-0.07571550960853121,-0.08554000825925973,-0.13731772822162056,0.08507723944700726,-0.09452981408554773,,-0.13251203914068005,-0.13427275269411607,-0.07235878250830081,,-0.1646049146457236,-0.09526584984880924,,-0.23081281456158936,-0.07171317765483612,-0.1087032579825997,-0.21759780673356272,,0.18297258493055282,-0.10531178056627481,0.14211511276952724,-0.10391412591037244,-0.09241035141901534,-0.13274155203464713,-0.08362155542941388,-0.12137994324011568,,-0.08204468619044203,-0.11422011174376051,,,-0.055255288512104844,-0.1227413835406983,-0.0716575194969267,-0.20894250932203107
2012-03-31,-0.19272931622519168,-0.19695373212730952,-0.24488561553992474,-0.2882567528817713,-0.29774944422697674,0.2182628704036744,-0.2802451645552902,,-0.3334965720543481,0.051337272332066676,-0.1392809999860493,-0.2447449546004037,-0.3344284432894237,-0.257071934557673,,-0.2151008101471738,,,,-0.14827630769256858,-0.19250431458607553,-0.19623228454799643,-0.11199031665281314,-0.2872935154771347,-0.22462710417013182,-0.39874721947917374,-0.17131684184057097,-0.13046351168423467,-0.2544686326882902,-0.2886130172293935,-0.21845486271663717,-0.09869872037958619,0.12792806430933895,-0.10836888079428036,-0.18809366390465174,-0.07985708483425624,-0.2626187467168726,-0.31289335531893675,-0.23500793398381448,-0.3432745974545749,-0.27306465585144213,-0.07568005907779811,0.21923181512680162,-0.12669270553419185,-0.2590146647249009,-0.1742043793602776,,-0.1964338220728435,-0.04739817175425782,-0.23707456391773987,-0.16826206620357353,-0.31295522936875647,-0.332711561489889,-0.20082547926950564,,-0.22186917515982887,-0.19567269072576085,-0.35919967311656786,,-0.38208834143636566,-0.27850697883122805,-0.3577281259311462,-0.48086758784247974,,0.26681754614284137,-0.2578597611242161,-0.33169752952299786,-0.20843302331640656,-0.4220085705664826,-0.23696446600812673,-0.0761541335350415,-0.3763357872198133,-0.11639619622074986,,-0.24226243411810083,,,-0.32368911787088667,-0.23480989065897265,-0.13276248815791722,-0.30627226069753216,-0.22456483886373887,-0.28786584686686656,,-0.3154357695702117,-0.20394550425676888,-0.23468090720710444,-0.3000938248892441,-0.1508009179767254,,-0.2500073061524645,-0.14378753472853384,,0.16745022581543603,-0.3668486504371617,-0.43042110779818077,-0.2604281693024178,-0.18555866081165462,-0.2745359833546396,-0.310964116678642,-0.29083508094428673,0.26302087635776983,,-0.2246738746695173,-0.25146796251983045,-0.4510610042835163,-0.32815828597959146,-0.26399307221847146,-0.2710218962454373,-0.19252637891283747,-0.31536768713165425,-0.2566711847203804,,-0.24551829985048187,,0.034290839185809455,,-0.06421102254204296,-0.20866522486735134,0.4214979794054048,-0.26260863224706665,,-0.2224855077223466,-0.3165344014545717,-0.23642956838981027,,-0.16496613606340468,-0.14319973768693928,-0.2022494229256189,-0.384540512813762,0.34133996745046197,-0.2538974590296008,-0.23131367551027193,-0.25064186257041554,0.16520524537046197,,-0.17788239643652956,,-0.22962414831437514,-0.2678374367052442,,-0.6000328538265296,-0.3799774910717011,-0.1721522333883559,-0.17878611565269314,-0.20547478173395967,-0.3120034061440635,0.11604251757143742,-0.2918596095638149,,-0.31291147005441283,-0.40989880939345696,-0.14554597519152904,,-0.3139462481302909,-0.2237676774577695,,-0.4341037011930977,-0.17496091524907284,-0.22832104202352432,-0.4190160643585496,,0.31654816088520327,-0.217960662339776,0.24688034220388538,-0.2273459048914549,-0.2098886722738725,-0.30255673744287115,-0.2766118152713499,-0.2507635005313469,,-0.18581213689360568,-0.25395309265559085,,,-0.1509060237959719,-0.25885703997212617,-0.1862069808957023,-0.37890893755743554
2012-04-30,-0.25612449420074435,-0.27381036328563546,-0.28447340897620915,-0.22106871042386983,-0.22062188676674893,-0.025229050326144288,-0.2547869775306846,,-0.15948278552941567,-0.09184314653429392,-0.18497355606721474,-0.2783212749636091,-0.2540049546032201,-0.26201069783666364,,-0.12362812545254023,,,,-0.23398394533563852,-0.2246392786191309,-0.2121447429381718,-0.1888422930670312,-0.20215830245389116,-0.1802570488752085,-0.2399421915726246,-0.21859833354103175,-0.2004388241012527,-0.2967932757761786,-0.38048035590612206,-0.2697550085924452,-0.122391462884174,0.06692944703124962,-0.17742164878094493,-0.21746266330802771,-0.2152265091867299,-0.1830832475590853,-0.2866513632643965,-0.0897390889595353,-0.25867453779663757,-0.20174855337571948,-0.1721783217431082,-0.07594694103057884,-0.20283409499878835,-0.28907506214512374,-0.23089674362208298,,-0.24105334691952104,-0.07223643295312707,-0.26659922389050583,-0.22473518877305942,-0.24588148044773336,-0.24413935106482001,-0.21991796383952597,,-0.26573607921890363,-0.2280978773069304,-0.19823364216616166,,-0.28190207358354263,-0.24857209457319956,-0.21441877903251713,-0.30704870075434015,,-0.003946195878464032,-0.19712959896815146,-0.2024801590373784,-0.08554407530869378,-0.3326487449725093,-0.11801003811175814,-0.2977185803685254,-0.16552773209815613,-0.19205124420590253,,-0.2696344307479193,,,-0.25710543647587175,-0.2711103986835499,-0.18990365530414527,-0.221897141475796,-0.2688033048789199,-0.21210228320604285,,-0.22170103462517565,-0.2588074211902709,-0.25623999972207184,-0.2308216422850197,-0.29005137254066005,,-0.2960575981455039,-0.21608614675175114,,-0.1565973917548217,-0.2627774614790208,-0.03108953097328166,-0.29536721946556915,-0.24276181856077328,-0.33031744513262057,-0.24299469176689084,-0.22135550621315192,0.03095172994202466,,-0.25471382841005474,-0.29435453394116906,-0.36749582060696073,-0.2186437088994129,-0.27612254997129826,-0.15784196399372585,-0.2530540159213916,-0.28726961606172907,-0.3233229327779094,,-0.297837090887533,,-0.11063863238635911,,-0.16437143435318755,-0.259294158940189,0.11636299523482167,-0.30189254908863006,,-0.26316358262089456,-0.23085245462440854,-0.1261201641888543,,-0.23265961645032998,-0.21174474326658174,-0.23375577134844444,-0.2551627028295866,0.004334683078915002,-0.29386032277024554,-0.2789479944157914,-0.3045084329067557,-0.10510566437526646,,-0.22818951489640457,,-0.26913403955962095,-0.2653259509935475,,-0.5607357069215566,-0.22415775619126413,-0.22525635779730202,-0.1740752891473747,-0.23812659092060898,-0.22935309611008636,-0.10307584225294524,-0.1316170762755924,,-0.2362957387113543,-0.2789279147064102,-0.21641685813852746,,-0.21090819208087994,-0.27345747575145585,,-0.26977299383629594,-0.2357690464996144,-0.27672799482401556,-0.3086290637202973,,0.009304252960019367,-0.23778709806264814,-0.06010644843728685,-0.2823847026534051,-0.24336052691790058,-0.22468352946173312,-0.27432179190680794,-0.2726803497060102,,-0.24278655935012816,-0.29363865348911744,,,-0.22246525472391293,-0.30786122570542174,-0.23556377715405782,-0.19231858356040768
2012-05-31,0.27921097866918104,0.250679334663805,0.26580877831608635,0.22061103549899166,0.2541023342863392,0.25170030923284614,0.25773358981525424,,-0.009885929078372095,0.31326055036630923,0.348578862286633,0.256872380300522,0.21553494579981097,0.2938134448171268,,0.12409091075078656,,,,0.2825797897717099,0.24531571792254506,0.26081033060683356,0.23215595912986603,0.033156846612983876,0.08950394331095529,0.06638825631317352,0.21791135649954077,0.28184413516040385,0.2502206169609478,0.13989415131880378,0.25384569479399066,0.27373436171962884,0.22429066396690095,0.23056141860526655,0.256546713313596,0.26449721158344475,0.1047181775833335,0.17675657955820262,0.07949957433150352,0.07415936131951588,0.18792492637431668,0.051407373081667256,0.2721093340202723,0.22808043873546788,0.27416972912198234,0.2808434338218218,,0.2531575463110064,0.03464215249231537,0.2515330729163144,0.22427224679996563,0.030481090764722458,0.07061030002827551,0.29092828510203717,,0.2629749690362809,0.2588151215646846,0.06907114765157493,,0.12821217091951514,0.22630571488176388,0.04435050684345468,0.0708543902934752,,0.32225563432440585,0.13097972103835756,0.0007992849919071367,0.09628785857843057,0.17229435992893757,0.08504596895390326,0.18896017796247103,-0.057837095725115854,0.26327111239174367,,0.25443525713047266,,,0.01867831845198205,0.2802569434963432,0.2341930277749819,0.07857748701625535,0.2733727989183121,0.2024693671026247,,0.05524126966818665,0.25997702693741526,0.29625272055268587,0.27946805172454,0.2927864007609029,,0.25754951193091374,0.23803806312960712,,0.3161033323736603,0.011528616766747296,-0.19788653082302993,0.25697262844679447,0.29091580291702235,0.28377699472498513,0.19542592234577566,0.2238954963862557,0.28630167659764777,,0.2578199529681117,0.25996261731866543,0.09338400780777507,0.16808798635899344,0.2543650506694149,-0.00972874065473878,0.2866433764950722,0.14393330379593358,0.26278320542180594,,0.25313481019475026,,0.16235099991802257,,0.2440385875484785,0.26310603313164826,0.22043628809099894,0.27653410012045126,,0.32154774460856783,0.19640553990962006,-0.013086508465076698,,0.3180396694860665,0.3301250893831193,0.2579322511548535,0.05297644864833035,0.2760479995513267,0.25631133563332886,0.2543755789113464,0.26364160630817884,0.2726181739469954,,0.2950710168914482,,0.24447125908885559,0.12303121564957785,,0.237008670724664,0.24160571397119532,0.2832400727452057,0.21596890061187862,0.2320593684026647,0.18786315214676066,0.25463244007199015,0.06687858570657013,,0.17463762529096305,0.033843038686309126,0.28775760408830464,,0.25453873343777883,0.23992431269432435,,0.25888014386320896,0.24561680823776208,0.2720314608745104,0.25835616687293744,,0.28173527239097224,0.26689340357756064,0.3004729765831929,0.2629070631219187,0.24579401564679176,0.18978751922501116,0.11921137563977051,0.2668760987815484,,0.2581330359241654,0.24950162737348888,,,0.2354095692284997,0.2704428520657664,0.22522753632546377,0.2605153179665444
2012-06-30,0.1937311287284353,0.1598103521281895,0.21413558993515763,0.14345601564109955,0.16369126135429202,-0.08198886921972076,0.21268630954155793,,-0.10673137598376917,0.03512526941354785,0.15701161258626123,0.2014264684711895,0.1752692653920232,0.21313801085281886,,0.050195679286112856,,,,0.14376517419097928,0.1364029627929505,0.14735087987525214,0.08560266553110987,0.050608419402559286,-0.008190425563812874,0.029201568186336176,0.08575440171517347,0.1310973570400758,0.21032529585026077,0.19962625201090603,0.18276519796239832,0.11276618492306566,-0.1111059011254563,0.06971976522005241,0.12362808503954995,0.12220918292476529,-0.036564531926415136,0.1699484716619472,-0.05496722871348222,0.08805426612124868,0.11169632762075023,-0.031087472212828392,-0.021753152393876582,0.10499961135178669,0.2213495259004742,0.16609121110468286,,0.14935224880836873,-0.1383602586433127,0.1836402661372319,0.11920542191572575,0.03786652098817736,0.0426910150310881,0.18295559187246296,,0.18361698795444006,0.15094856058170025,0.04989688145469889,,0.16509351161961733,0.18831488203480964,0.036567818580485544,0.14743506072887116,,-0.012653297329069911,0.15175824480471198,-0.028578509977233792,-0.0002180834415627863,0.24358268537925903,-0.09529956795954853,0.14224425185241543,-0.12118270981472239,0.1171070789594546,,0.19284843543004776,,,0.009497034593543612,0.1946627655055687,0.08908596927886232,0.05337106529264541,0.20102973505886518,0.12188944437841653,,0.024600524760324437,0.16922017141455953,0.18176815452997508,0.19071082793849184,0.20428800925913665,,0.2080164682165645,0.11494982872921908,,0.04636832959226128,0.07033799691294171,-0.41879924415467634,0.21002377845976117,0.20196227160804917,0.25399992038058367,0.14696193380893247,0.15492192416420011,-0.10007891554302925,,0.1776498127396484,0.21256645750551137,0.09511351395122175,0.1326320899273348,0.19178583350124942,-0.0870443082889912,0.17538019224051946,0.13748125726615498,0.2297205434394763,,0.201959087871963,,-0.024257779192495704,,0.050758072945350965,0.1758328606823724,-0.28845604522849005,0.22395284458418266,,0.24139982673889124,0.14479109149559757,-0.046814513562742494,,0.20241570827329364,0.190532895543735,0.13868190411847678,0.03417859207664709,-0.11234589444081307,0.20999700886502018,0.1935715341925749,0.22126601912369442,0.018848335546281625,,0.17206837491010044,,0.1740039832985803,0.10018377920466115,,0.4729407352941686,0.16102862048971742,0.1657414654148535,0.10525577159812481,0.13592332213580577,0.13497950759639632,-0.00185209276521781,-0.028410333133696404,,0.12113531835044794,0.057151803875617815,0.15567164779694764,,0.16569693914315975,0.18161369731691646,,0.23759635848962066,0.13615757561044725,0.1898904476922639,0.2538444071803103,,-0.10304380363384075,0.16418667040611365,-0.012274411262136084,0.19813261145662575,0.15039258901654037,0.12699218811316762,0.10561926616002085,0.20099349393963217,,0.13516642179247906,0.20340686825714852,,,0.11884069124731894,0.2305051125651117,0.1296881445619777,0.1754103060453319
2012-07-31,0.2606518465146805,0.2607723986085929,0.26496182327438067,0.139459356708507,0.1522099237462086,0.14818181680385878,0.20719394183749099,,-0.09939846757510179,0.19006113683008247,0.23236347996281154,0.24840727078206984,0.16459792679152493,0.2457993428710612,,-0.037080412760786136,,,,0.25517799364949884,0.19794662289551296,0.18946291245458347,0.1796537777168177,-0.012490667768236827,-0.004824661531836425,-0.006498825503777864,0.1793937482936375,0.2270800507119432,0.2623031406384365,0.28368181714931795,0.24871036518117481,0.1639352570396717,0.012238298356723803,0.1652030073575346,0.1919732178613319,0.2634994506117376,-0.04279250888261009,0.16809975940194027,-0.05925799001041166,0.07289639070024559,0.10545630392186257,0.018635726614360727,0.22816171587821416,0.1900002526384533,0.2673981394795058,0.2433884250550349,,0.21891736560550146,-0.08888875131240409,0.23005820794333942,0.19724156680537835,0.04588227155211767,0.03546971213701467,0.21419599063172162,,0.24890248200350404,0.2124198777298087,0.01783011080064623,,0.09160550518192874,0.18504981323238107,-0.02362498111962841,0.050073895577142896,,0.20796097063880692,0.048069967850014175,-0.053486909232126775,-0.11140837950695283,0.1876040399445872,-0.11499068982202096,0.33877691385211084,-0.12300509531612945,0.20749142470243062,,0.23266178289796957,,,0.0700256129746229,0.2556296632897282,0.1725368848441446,0.0156244058993653,0.2554909060688628,0.11534333177129051,,0.007521290104803361,0.24036673235456674,0.2295923309948635,0.17525370286868336,0.33033079199641613,,0.2677916065583542,0.20284978309119797,,0.3200421891881393,0.02753693374666448,-0.4205931344185698,0.2633907171327038,0.25247865690551397,0.31264397959395634,0.1415134316830948,0.1385849297197963,0.1168088109869303,,0.2313547479289221,0.26899497039668824,0.14319555202503392,0.0928833118446492,0.23754145185226652,-0.0737271178402412,0.2604690968392355,0.14512047970891678,0.29579145935327766,,0.2682758039746456,,0.169332504900754,,0.1820105183234378,0.24689221243081558,0.0201287013367462,0.28461077965726567,,0.2839147295605559,0.12619946182138672,-0.01055177878989636,,0.274371743958582,0.2628679924833352,0.21083260973867116,0.0065964934195233554,0.18784917513150676,0.2652113302033,0.2540548408646984,0.28262899127581875,0.249704717559493,,0.24725123389161466,,0.23698120744494294,0.12584881240418336,,0.40365622791509026,0.10219475103585371,0.22740344989398303,0.16635451635711765,0.20145765722690848,0.12157872187213516,0.2008847974031089,-0.06992096277609455,,0.13110703648189118,0.03156206769630264,0.2452897707562074,,0.13742411765768295,0.243438647080659,,0.13772320856092868,0.21785095980120506,0.26792392329275566,0.220229824584424,,0.17651218141506214,0.2100544255048786,0.24725376762476015,0.2617444539450995,0.21373626615692956,0.1218999717479223,0.13267301558674716,0.2458069502899914,,0.24003528382613554,0.2588054457563507,,,0.20660536391284315,0.2858328900924172,0.2015261554461813,0.08191878090807655
2012-08-31,0.19685442962343336,0.20758125413134046,0.18192752093362138,0.0044805616623283355,0.015795716999405372,0.2410061991397233,0.08166318212821513,,-0.29302908726498833,0.22448297832759342,0.1890676368243143,0.1562902974706832,0.02843078600074262,0.15256363243474166,,-0.2754565833654437,,,,0.2256011370117461,0.11818341275855605,0.09976361364066243,0.1251218225466265,-0.2480914092675564,-0.21190276401714447,-0.24637831268604002,0.11084630591586025,0.19725515574822106,0.16984003818494292,0.1810126968371778,0.17239615920769477,0.1382618889054327,0.06269609119243996,0.11030245711008499,0.1122227077832273,0.27239445469016527,-0.2998522175809677,0.0026835400998262465,-0.19034069956850316,-0.11079081077422433,-0.03315744875031453,-0.16066202081381442,0.34444361406345264,0.1296468098977003,0.17895705454761895,0.194525628272244,,0.14271386384083146,-0.25258648220155544,0.13216068507555145,0.12742939874323775,-0.12764779772180232,-0.1705587871019929,0.12306760790639211,,0.1752766716870489,0.1397437015710981,-0.14297483162753846,,-0.15231398998400936,0.05835525837603548,-0.2665348331645809,-0.22793602225288354,,0.3454750820618483,-0.19228926129926804,-0.28192565066416214,-0.38753060324063415,-0.00931719700639772,-0.3713136859680083,0.38721671413981945,-0.3181399961658668,0.1663148990467286,,0.12994846376684976,,,-0.04735245853253541,0.17591289166485183,0.10856057362688616,-0.21520436025654266,0.17443263200091091,-0.028372697648983907,,-0.20436467995028088,0.1643290353323217,0.12352567886175912,0.037341408472369345,0.3135522543581857,,0.18245856350004608,0.1419956389394063,,0.4409394661289282,-0.19384439350902838,-0.6865103242923485,0.17432501847216378,0.1797367122109338,0.22678564547759247,-0.0028334858335799535,-0.006183390672802901,0.2116415103001734,,0.14939356069150586,0.18508728351819015,-0.04552978200837793,-0.07467518578656983,0.14381451541755572,-0.2552487320242132,0.20840862878221114,-0.02605982839972871,0.20757890459815573,,0.1852654203139341,,0.25875452697025175,,0.16478056922321896,0.17860406300851256,0.1494103828886183,0.2073403371115665,,0.213819452601894,-0.024959067783141598,-0.06238840598545138,,0.23508647237678867,0.22610373167668926,0.1372589312223871,-0.2342346166937427,0.3547566366539205,0.1794939133019027,0.1720549599401216,0.2009799507730281,0.35884394466900277,,0.20021400719121696,,0.15465732927366224,-0.03368077559603407,,0.15961474307898654,-0.09060365647134946,0.15537231288419978,0.13413767003608978,0.1201803514084517,-0.027310668868222192,0.26454041003881557,-0.271390015926031,,0.005222090205500559,-0.19259287955107052,0.21305515338774939,,-0.006373579754383334,0.16177198262590972,,-0.0923026745303445,0.15084257469836315,0.20710864509798277,0.06883957666269351,,0.3315545664692304,0.11499473927086412,0.39139996962198037,0.17990722524879793,0.1331439368707979,-0.019245547980906986,-0.025593554562343652,0.15507656160616307,,0.20241635188963394,0.1690780286677038,,,0.14492885265739697,0.19921790621685093,0.12363882586887368,-0.11902123642742236
2012-09-30,0.09351458501365657,0.10471504518939696,0.0550739046049676,-0.029615262649153252,-0.024350292582802316,0.3651231316166818,-0.008368989448539095,,-0.15217664829301958,0.27021279018501,0.14917883885976052,0.046424493509511264,-0.05167651998883967,0.04725910042334009,,-0.12503665111722298,,,,0.14666454143221072,0.0707809108818903,0.060670215797843034,0.12009104603659529,-0.16996389472681014,-0.07635933762796104,-0.18002078098884383,0.08973369387685719,0.14192126651286122,0.0438936910142912,0.006653350977519414,0.0703098406841962,0.12047312032111096,0.23980347259980925,0.12105336711059442,0.08088284892359293,0.19213032725637058,-0.10308700559056536,-0.06056986285257666,-0.07283494885914388,-0.12811319611846178,-0.04062560919726691,-0.0017075245478836798,0.3943975505021707,0.10651819697848486,0.04914271819609585,0.11022629994531591,,0.07913571291345381,0.0014357309056985275,0.04467049719833308,0.08382561669488624,-0.11853249236535926,-0.12735261249605978,0.06463484432495752,,0.07293275049289136,0.07713912084474024,-0.14302876570488313,,-0.17093280010674178,-0.01984712331851159,-0.19091660327280705,-0.2534355949545885,,0.41700359150817884,-0.14534669044255985,-0.17425024556667632,-0.16032415016276408,-0.14213610744301294,-0.11262635515031343,0.21044041042701367,-0.19339725713572137,0.13266863727443468,,0.03875631540044235,,,-0.07975420258832937,0.07123724121844072,0.10432014755844661,-0.1406133990649055,0.06773343137481522,-0.041188673452292025,,-0.13588214668816032,0.08095909818361717,0.06216779018849605,-0.01718862672229531,0.1647370589333234,,0.05518654331757888,0.10653810540545657,,0.4127198629265581,-0.189274956133851,-0.29539344613683544,0.04616137994372102,0.08794329244465561,0.057586141556428466,-0.050732523820473996,-0.03936796469530499,0.3857414002051767,,0.05998879975449102,0.05388812999542952,-0.11767423162873342,-0.09654755099181805,0.03703359884915146,-0.12230320026785184,0.11076499974225464,-0.07063406996196761,0.05917394672879745,,0.059734008739736506,,0.24105757039476589,,0.17420016625060983,0.08252378294341534,0.4787227893667697,0.06127202313660133,,0.08360390083630576,-0.06278043490530584,-0.06393918004694028,,0.128234960866985,0.14120044479264085,0.0809198249087554,-0.17490220974183454,0.48173263302851677,0.05024848848806459,0.061336737255515084,0.05977237307390559,0.3623960178541145,,0.11378184304229938,,0.058908732089796155,-0.04852644233326166,,-0.19179787099697093,-0.10358764518813936,0.09599410275148672,0.07387913971541206,0.06319823503321417,-0.06089891091619374,0.307526539172219,-0.13859154110607533,,-0.04592957246813291,-0.1854268063688411,0.13494850032709785,,-0.04281906563777386,0.05885285043286072,,-0.14947411289586982,0.09359239539589219,0.08596959982919147,-0.0809662357211472,,0.4589149888069958,0.05717328560225274,0.42880733331646004,0.06841471312602618,0.06627806936903861,-0.04968519274142771,-0.05174721560521092,0.04710704309935324,,0.1170432380405231,0.04647418109184079,,,0.10281508845170438,0.05466840287421216,0.0721417434548072,-0.12024512103109154
2012-10-31,-0.049248581364002945,-0.0615805819246733,-0.08625149898866918,-0.14480015681384892,-0.14438411026694054,0.19802064822276416,-0.11595716686782155,,-0.25992501961906356,0.09947070547142453,-0.012896826281198969,-0.08770704592776572,-0.17836053335661217,-0.09484782443551429,,-0.09331881431604704,,,,-0.028442342922130208,-0.06513264720199602,-0.06432742513778734,-0.013358822530132363,-0.1626483991960701,-0.1106173255779092,-0.25394924948560993,-0.060930283220681745,-0.022006932284762522,-0.09240518175790442,-0.12336190991426337,-0.07258353290099574,-0.018746022077655643,0.08901120987311116,-0.0148009253527116,-0.06152601076020634,0.013055760466316395,-0.12773386524719044,-0.14595482342722363,-0.18203874747633148,-0.20770489394183408,-0.14440018181844183,0.012526014687670206,0.21518665982379925,-0.02072384953981205,-0.09425839739772844,-0.04609381344744145,,-0.06256166125904068,-0.008216817852243073,-0.08426587433218875,-0.05123151165258739,-0.1997421975643045,-0.19817508788092703,-0.0560641211163264,,-0.0759871258421453,-0.06551574779126741,-0.2541770961635362,,-0.19766582786582748,-0.12489945885900698,-0.22431382320281423,-0.28924286008189726,,0.2450211057767446,-0.10236638242044728,-0.22322203831714055,-0.09475404196765835,-0.22244871710926856,-0.13161142243853272,0.011107691491962264,-0.3117921511298387,-0.011872329474049047,,-0.08521309845722656,,,-0.23298245617496546,-0.07999411162587405,-0.02920012739147621,-0.1667932565251145,-0.07108489736889365,-0.1498297099552613,,-0.1907007532178914,-0.06147293275017579,-0.07203447911448822,-0.13500743840079812,-0.011460020453124279,,-0.08943283419582997,-0.03031416804791028,,0.20229379739603567,-0.23139592028904318,-0.4364330717597068,-0.09844893739403447,-0.03944739583974498,-0.09325777359420437,-0.16255928533398142,-0.14186060950245785,0.23092109336422964,,-0.08059439216106545,-0.09094804283896989,-0.2748253105662714,-0.18546678476476505,-0.10810696352298496,-0.2016780017192614,-0.05426635565382889,-0.15636153611917364,-0.08377682606061822,,-0.08689144690045261,,0.02858971395498786,,0.012158548198917781,-0.067544721809607,0.31716856964051027,-0.0973925504918809,,-0.06030731452388083,-0.16905903511956663,-0.222198496596571,,-0.02841992698587401,-0.012450058489927737,-0.07127909371795078,-0.23772580742607363,0.2856504316287491,-0.09386330431662668,-0.07932932637987332,-0.08637890038147159,0.17704050746674468,,-0.04744527851595625,,-0.08441456019928423,-0.12844467892044878,,-0.2778335500250113,-0.2063512551526476,-0.03664648808693461,-0.09352582322257447,-0.07638196606513384,-0.16868614816108443,0.13905773089879891,-0.20000600284857592,,-0.1802711553192999,-0.2640942847645865,-0.02771328802864658,,-0.16015366213589965,-0.07797181519501374,,-0.22162135270167577,-0.049288667117921924,-0.08124092079046001,-0.2231461906597564,,0.26632104573299037,-0.07328415698914258,0.2346194589868242,-0.07214915808971345,-0.07504977338512318,-0.16392172510602548,-0.13526591468833007,-0.09358397114372527,,-0.06604793927427485,-0.09461999114722601,,,-0.0353748781190182,-0.08927268832755354,-0.061544381622544914,-0.20611177733739214
2012-11-30,-0.18252022503820317,-0.19707753551264864,-0.20311757845854742,-0.18670733604286913,-0.20740539105487593,-0.0016032419650386415,-0.18247854310966305,,-0.11930337246168522,-0.11376067538056527,-0.20284231141025735,-0.1866092895338355,-0.23256852415031395,-0.22096104921586823,,0.10263875823613351,,,,-0.20071304234171825,-0.16048430443166015,-0.15580609121129513,-0.10746499530492089,0.05566684786294463,0.053936213781849325,-0.10188396898363157,-0.15113216136405797,-0.18880545496010612,-0.18913837891718963,-0.1476240327412481,-0.18341378115770104,-0.18019447447487258,-0.08382820264114885,-0.10787299607541959,-0.1631313650115182,-0.17762744664040667,0.08445179108892294,-0.11830072382849563,-0.14623173303007345,-0.11378901211139893,-0.1577595464568917,0.22775564508181503,-0.02321901286429522,-0.10781141789821946,-0.21375722173141354,-0.1988184197109262,,-0.1675509485722887,0.18934615652834247,-0.16968597411185804,-0.138691835365859,-0.08535222859732652,-0.06715611051170678,-0.16229025180850093,,-0.19846511230621172,-0.18009197878031802,-0.20901319015109684,,-0.05413202978767446,-0.1722782559573793,-0.03596642533410359,-0.10596516232670883,,-0.039110078582076026,0.08609310343571909,-0.02431513862248452,0.17223572799329318,-0.18709708171718065,0.0933229302739832,-0.18421691558837455,-0.16156859484924016,-0.1448547886800672,,-0.16649482333269602,,,-0.20476288161788464,-0.2084686193759524,-0.11976540448789626,0.009529893590772115,-0.18803676772113184,-0.1695792606753423,,-0.036350953456600985,-0.17134306999423685,-0.17166839064690875,-0.209125576325293,-0.20106794176634846,,-0.19966282366234855,-0.1290262585152845,,-0.0824544700076728,-0.05399114049201064,-0.15413963909998207,-0.20759130465625436,-0.16302835047676026,-0.22381814987391666,-0.18364649603639951,-0.17096622375046244,0.022716837200627844,,-0.18993628606321328,-0.20536999101502146,-0.2269168235390069,-0.16600351328205093,-0.21340906343723567,-0.047837177541947495,-0.21175541798085992,-0.10364763987247166,-0.19177022049081865,,-0.19614329929799684,,-0.19003866817846526,,-0.12827832029259587,-0.19306558384013045,0.1509150571982261,-0.23596780311932694,,-0.21967304607331264,-0.18423840120432172,-0.2499673054472793,,-0.21089673080080099,-0.19826715884839846,-0.18756604800825652,-0.06732223050128835,0.01215189107382031,-0.20472225460515103,-0.18631872212013958,-0.20449132234609607,-0.07136379338833411,,-0.21316917224155627,,-0.18651498062650257,-0.06269927698482426,,-0.25722575780329776,-0.21488652576211434,-0.1545051701884802,-0.24516450037180418,-0.16655685526928923,-0.18089191559304582,-0.05405915022161108,-0.06967379886514967,,-0.22096142458083035,-0.11647616416361653,-0.19839399631780114,,-0.22073511146736147,-0.17449011278065246,,-0.19946405773507836,-0.15490841418355944,-0.23066013400761334,-0.3100718746001764,,-0.004189674689010908,-0.1671261044670608,-0.051159694778344485,-0.1819062507384703,-0.17513408540001374,-0.18566990394985566,-0.0722327309861978,-0.2041757760713241,,-0.22943651592335876,-0.19572142175562954,,,-0.1338376861676871,-0.20681756295279946,-0.14409332977796782,-0.2148065111532251
2012-12-31,-0.1341135830650283,-0.14645247941764628,-0.13336839926042854,-0.11412460633021569,-0.10814527297735349,-0.17555143856404934,-0.11062648179658392,,-0.1201897992785919,-0.1562619175309906,-0.12584180110927615,-0.12519532281535187,-0.13022124433304874,-0.12326582077641067,,-0.007918542030353224,,,,-0.15186434882120572,-0.12657095927746498,-0.11689881752967676,-0.1284488738571777,-0.05071305230897729,-0.031243141574247364,-0.06425236527399425,-0.13275552413338973,-0.15302252171085598,-0.12704889245308895,-0.14061993916908722,-0.13296043743984595,-0.1705246459186191,-0.20061597009296112,-0.1276521401485976,-0.12014018108154538,-0.1772357616965421,0.025374257220508734,-0.08763636436238315,-0.1534890821211717,-0.11076535081201504,-0.11560396074550951,-0.011793183872664424,-0.1907220624291034,-0.12865352555103077,-0.1297576254926989,-0.14638690175196126,,-0.1266115841360986,-0.036909298672140975,-0.11719409881293001,-0.1323477079334043,-0.12033678896698267,-0.07589584398267603,-0.11043250754714093,,-0.13580403146764053,-0.1332380282903136,-0.16052409593747252,,-0.04229751732810678,-0.11753867832549253,-0.06139940554440362,-0.054083024438167066,,-0.20326113321965153,-0.017507785951912557,-0.07458907656596876,0.02743840612165247,-0.09879536488380884,0.017928053116658474,-0.22794661593249668,-0.15051475075390724,-0.14016253429461265,,-0.11341634678388196,,,-0.18775060531013027,-0.1279546690933152,-0.12575223655400355,-0.04113271022430971,-0.1265982950888901,-0.1089064172148823,,-0.07108822111725598,-0.12550395387725163,-0.09229664718822041,-0.09976885046456682,-0.15776762802235247,,-0.13067813901605163,-0.12924207011683408,,-0.1885000175835003,-0.09435402166310804,-0.12649583051602675,-0.13163887659859044,-0.12201815397961388,-0.12854134239380724,-0.115543397069213,-0.10445662478568543,-0.1607496090317321,,-0.1315071648539925,-0.1336781927220073,-0.10835043745583049,-0.11096966753278635,-0.13143412210431285,-0.11196100003194864,-0.14259631340395335,-0.0872751367064412,-0.12318181665810465,,-0.13130740807992486,,-0.26926600263225936,,-0.1492018696331635,-0.13700233317558919,-0.14791967788194796,-0.1400488602601076,,-0.13096250269286044,-0.11315096069329911,-0.27470611820833607,,-0.14668909662420568,-0.1402950140137698,-0.13082894951566656,-0.05771421809940004,-0.2055920681144866,-0.13358886703647438,-0.1306116670013152,-0.13292981508960935,-0.2040979186787314,,-0.1469679164559108,,-0.13257250256344918,-0.08823406237251065,,-0.06418011106228268,-0.07909966488108441,-0.11837930247173853,-0.20047973616165823,-0.13073811598662355,-0.11563351288254439,-0.17391598923823257,-0.08910443871472076,,-0.1436448683656565,-0.09300731340160842,-0.15409485070912324,,-0.10999079967007289,-0.13262571466371093,,-0.051468603992374136,-0.13023463320019416,-0.14818688006252095,-0.13017351406861954,,-0.20366723228324027,-0.1122572111099321,-0.20893300751838048,-0.1255462685285979,-0.1294702053632011,-0.12005613490086935,-0.09310911724358095,-0.12757002986155716,,-0.16317763132190805,-0.1300544140785456,,,-0.13098952670757477,-0.1287053007459992,-0.12854511377554473,-0.07565161053808046
2013-01-31,-0.2537493929223684,-0.24881357255958092,-0.24663243143508337,-0.20674862271605193,-0.21178384183292798,-0.2937137541494563,-0.22259129453988066,,-0.10839348757680713,-0.29214632306573957,-0.26662038083592543,-0.23320055017868227,-0.22328468583613434,-0.24449529352227972,,-0.06391726262385386,,,,-0.2685417209951435,-0.22909973147577942,-0.22655782600662716,-0.22700551365257052,-0.07383517575292556,-0.05506586686198269,-0.075724907815348,-0.21925697239508435,-0.2744637814068933,-0.2319087472605053,-0.2022124984713805,-0.23979551663572365,-0.30652479253603737,-0.32342288784919226,-0.22404693592334862,-0.2222493415170053,-0.2962528204935306,0.017836441586142202,-0.15903137298523648,-0.20002777912341113,-0.14645755644073513,-0.1980739713853662,-0.029036870477604382,-0.3211759042843422,-0.22788689849408983,-0.24433875411326567,-0.2671349393083838,,-0.23056893163667658,-0.048139024970288505,-0.22093938101626295,-0.22815120731477695,-0.13930991865812667,-0.09673127687140982,-0.23310003821031616,,-0.24583439682598368,-0.2426268438551155,-0.204352260570613,,-0.09238041326160551,-0.2188839844003254,-0.0778281245072748,-0.07822764810959816,,-0.36658364285149153,-0.08609381885698757,-0.0703353155128806,-0.012090844407335426,-0.17499265508132922,0.013988196733104035,-0.32747316710777646,-0.12582438592487613,-0.2545991462370785,,-0.21874819852688046,,,-0.20389767172868958,-0.24142719205489485,-0.2238155523084219,-0.06747149443020703,-0.24130296022217046,-0.19302938819100027,,-0.08888170176240215,-0.23190875075853534,-0.20316593771717034,-0.21240379237966575,-0.2819515521776057,,-0.23738023362300764,-0.22949629124110119,,-0.3260376295222171,-0.10758634707047703,-0.013211201777678254,-0.23845727800159802,-0.24771652007471087,-0.24414545133187182,-0.19818503115220815,-0.19919711889416408,-0.2933586865453261,,-0.24037079869366115,-0.2428655180927465,-0.11992977131946883,-0.18757416223431428,-0.23657656013763495,-0.10836943959275952,-0.26068244523156964,-0.14270742458308092,-0.22954264443864852,,-0.23542389761888363,,-0.3704485978955422,,-0.2518540439136601,-0.2472587261191276,-0.2408898068463535,-0.2544675465223617,,-0.26860567033639543,-0.19729294203531803,-0.31545212483384055,,-0.28523373738842683,-0.28280386973972615,-0.23469578867062732,-0.06439078577719873,-0.3385876113218252,-0.24127289944983385,-0.2374413106193133,-0.243023368454679,-0.33847222386436865,,-0.27271605087195083,,-0.23449938835695266,-0.13678073813738809,,-0.15207594139523917,-0.1693678202517132,-0.2365196444829983,-0.31148555767157077,-0.22742577637398076,-0.19630439583924156,-0.2918009574896073,-0.11812231753749329,,-0.22059927519365374,-0.10097432156351027,-0.27936309703972445,,-0.21567701193282945,-0.23514587026206948,,-0.14911137796938564,-0.23197821412206945,-0.2609752836855574,-0.23692146196103797,,-0.33968607732850115,-0.2203102978334335,-0.3556118438119069,-0.23408858606765998,-0.23136621109048686,-0.20116137326405073,-0.1406842608527082,-0.23871661497318283,,-0.2701548964154777,-0.23403404246427909,,,-0.23026429693396222,-0.24087478673943621,-0.22346728588642673,-0.18006984542407853
2013-02-28,-0.13002171780710828,-0.14389078584672402,-0.12489786799874833,-0.053385169747820746,-0.037560515987622,-0.1902015398169251,-0.08413468505130102,,-0.019567975383322174,-0.12496223234681796,-0.07803753835539962,-0.12321815867465397,-0.051173958369287356,-0.08889719980275779,,-0.07346525583282115,,,,-0.12960675008956107,-0.11016546192790784,-0.0953317090759544,-0.13459656405076098,-0.11267063781169602,-0.11016726860668327,-0.043021077602581,-0.12103240887017902,-0.11330325328376686,-0.13495848445772063,-0.21759486514144824,-0.13122244019526308,-0.06992777283838557,-0.053088372664505494,-0.12600128193220816,-0.10204767001953392,-0.1612556379272895,-0.08630969735686489,-0.11665984592784956,0.00033798806309141556,-0.09482147827350029,-0.0560704004071989,-0.22527993432966795,-0.23061131742641164,-0.140457434015163,-0.11719612990229308,-0.11471078240847812,,-0.1195824377718251,-0.147609784601594,-0.1200169905202124,-0.1316937564942952,-0.1128239060007471,-0.09150709791770617,-0.09383443386438232,,-0.12139143648698374,-0.10634314779200672,-0.019662218695066905,,-0.09257632711918118,-0.0873390797145543,-0.06287150740944226,-0.06008057516905733,,-0.1855184778661024,-0.1152460013306856,-0.07492628203619972,-0.05776433782102441,-0.0885791029705958,-0.04844787225762634,-0.2531229779755674,-0.004330060898097558,-0.12448090128175132,,-0.12006369278718398,,,-0.09908652618386417,-0.11311736363260527,-0.12106501895860317,-0.098862340957409,-0.12284717769077998,-0.05115164635340534,,-0.08996575041260792,-0.1294552401142283,-0.10022383521231494,-0.04038510600380293,-0.17804340808205818,,-0.1333271137278477,-0.13646347457030888,,-0.25290792593607164,-0.10733196083269846,0.13295855855588448,-0.1257645452442218,-0.12382841928287944,-0.14128896048714235,-0.06534873824179699,-0.05463926039694486,-0.1630372823412317,,-0.11258230529766139,-0.13012391391724457,-0.0987403246967917,-0.04332526836070887,-0.1056892926178076,-0.06800580564306574,-0.11946844315612921,-0.12298161216927354,-0.15374958371986153,,-0.13849788190729959,,-0.15417517190324542,,-0.13331642457833554,-0.12391118323238155,-0.2030247320989801,-0.12210773697722661,,-0.10653076722195454,-0.051447988218954785,-0.04064638411757714,,-0.1140188238914471,-0.10711055700589633,-0.1048113778860897,-0.07306585893220753,-0.23208451445652112,-0.1290492441687698,-0.1316703910343174,-0.1390396431245612,-0.2197224137275467,,-0.10507759141955197,,-0.12511138366180774,-0.14083634991240868,,-0.1665498108112722,0.007117723933630047,-0.11673465170961471,-0.06990607431524705,-0.11611704686516647,-0.054640156645922505,-0.19331498640797828,-0.016634445252065373,,-0.05630518462007702,-0.07831422515909621,-0.11713904540204574,,-0.018102671533113786,-0.13596072145187768,,-0.0036633364276322886,-0.13052755366104152,-0.1202918903348191,-0.031358434276707085,,-0.21029698519660034,-0.10189242204373623,-0.22380220610246992,-0.1356672547836913,-0.11444008159940763,-0.05442489122041971,-0.14325713619071248,-0.10975352694251803,,-0.11591136407657379,-0.13118785590245913,,,-0.13788899633655236,-0.13569180462970667,-0.1299108350783115,0.03606349732337429
2013-03-31,-0.06119501769762277,-0.07791928696638914,-0.06495079722448963,-0.030887799848884595,-0.028873807103490187,-0.02688465184530157,-0.04397606274785981,,-0.02773135393119774,-0.021948827361331007,-0.03871063416815919,-0.06924732888316758,-0.024418998389126968,-0.052455579083442595,,-0.06078516714938662,,,,-0.05972350335315446,-0.056014727055354784,-0.04800109102298862,-0.06045050420263516,-0.07196853961030217,-0.11455692312721612,-0.08342517845238728,-0.06836943539544431,-0.03662195109686714,-0.07829175541588637,-0.12768988332700953,-0.06940974114227146,0.03624887545363986,0.09447423612915493,-0.05752718694293979,-0.06210533981921256,-0.0468030487182258,-0.16390809475560036,-0.08932493004947098,0.04723059643926381,-0.05714690884757397,-0.02381673312444488,-0.16334964791065001,-0.041841016353118723,-0.06113378436024145,-0.06661484446397692,-0.04458959359661093,,-0.06633763102916232,-0.09923414748766311,-0.07268558852147672,-0.062145936775580765,-0.06028719021347092,-0.09052234050410471,-0.048472353260095954,,-0.06356589589830419,-0.049392440853229094,0.026297485424524213,,-0.09585566507517672,-0.03900802973897955,-0.0653177162399568,-0.08494575199999964,,0.02055996434931763,-0.07110389925149971,-0.07180698723168655,-0.06963810152816696,-0.06542782112081327,-0.12467497610335901,-0.06919909019252674,0.00092768008301755,-0.044952305779941804,,-0.07361811426582492,,,-0.02829296320241681,-0.06911774375002207,-0.05700895463865253,-0.09858639646657352,-0.06684642995783747,-0.03274641583254553,,-0.0824649828094423,-0.07481685353854457,-0.08928517954396549,-0.03657641534085895,-0.08417892415877277,,-0.07807030259845045,-0.06625042037612766,,-0.08499730422235939,-0.06556642213751036,0.020226004471693006,-0.07311089059060293,-0.057523869021300564,-0.09056858238572812,-0.03980140136298624,-0.03335315402640585,-0.00839244220542894,,-0.05729258216915585,-0.07227601347657275,-0.13515338281779798,-0.01762499847386487,-0.06129424652605909,-0.03994028150516214,-0.06082062665639408,-0.09842497537470082,-0.09959155702322417,,-0.08234894328423217,,0.04567666722036022,,-0.05024408741253956,-0.06319009527835907,-0.04654586920881023,-0.06951618032459636,,-0.04879271867871741,-0.02963581210256029,0.12012193152368743,,-0.038544226129929034,-0.035670770189757714,-0.0599472549435561,-0.1023749805919854,-0.024024712809870306,-0.07179974216136407,-0.07217854543759661,-0.07960574978887855,-0.02890761385582868,,-0.040201979206610214,,-0.06857838538599817,-0.10153652340065997,,-0.17631894188351713,-0.03221291849886164,-0.06108160776120922,0.034938391882951655,-0.06073708443313092,-0.030393983312580086,-0.04300266818701547,-0.013141744972505672,,-0.019827257048457544,-0.07983232378848967,-0.03773907193914801,,-0.01332338870494086,-0.0702845593996601,,-0.05279008178325178,-0.06852402603756633,-0.061873631387154036,-0.0281886728751686,,-0.011313040879200403,-0.06418517528473265,-0.02037308896103756,-0.07956777980087905,-0.06146583892034632,-0.028699481704425808,-0.101405294478174,-0.06221068891768516,,-0.05017796216088014,-0.07598476811331735,,,-0.06719814055696938,-0.08096046874342212,-0.06646044168353496,-0.001383204532366882
2013-04-30,0.08714180587693846,0.02674904559325965,0.09250242818178699,0.15581993116980772,0.17134015132813057,-0.007735721963314051,0.15669100994750743,,0.06033884123142971,0.07521109627198247,0.11839481441728708,0.08127346284767557,0.18091183081032633,0.1254819111583257,,0.10126681068505143,,,,0.0539534842879952,0.0785244350472972,0.10706288155084258,0.03899665112244275,0.06332419099755462,-0.06446817523268676,0.021281082605788492,0.02226576967766987,0.10127930007263514,0.06416377379959501,-0.054689762727755546,0.06642179745256246,0.2553998762060664,0.2606780255450238,0.0385846860586844,0.060065170969207576,0.058349177097451584,-0.1644048854388721,0.04907574640762372,0.23305641380454512,0.08370309814278824,0.15838409448652724,-0.18591703651917305,-0.02402008772241,0.047863342039953176,0.0940483070271213,0.10540480553790652,,0.059764693241521435,-0.09926559942311597,0.06880372828564518,0.052924441410960275,0.04870329660151961,0.0007537587431361256,0.12446283032798798,,0.07860081030779596,0.09677248282760652,0.23808366276620707,,0.06368056246803934,0.1555085095251268,0.06928455171793804,0.08488392151108999,,0.1153488670118736,0.12273636722651961,0.017257911497227482,0.0768381012184884,0.1420738202392847,-0.10333352221211119,-0.006400005482271322,0.11151576149044287,0.08245850121555488,,0.07315403342674887,,,0.0760332965049444,0.07422186948267445,0.05128822239388282,0.0035452777838450677,0.08352878010254243,0.14525465426655812,,0.014140329862150044,0.049676838139020976,0.03786761700693387,0.16865621213257292,0.021290724304795124,,0.06071868408024904,0.0402595772608558,,-0.09341239137910941,0.07061034636693424,0.040289188583099024,0.0735939590115811,0.10507629639514598,0.053586368263106116,0.13892616898683188,0.16064911178891006,0.030131627295995278,,0.09356095858079791,0.07497908642381525,-0.0932650355489278,0.19052496549082074,0.09336357761554875,0.041999651216855366,0.07381124923425449,0.014730625842818488,0.024026741493776423,,0.047373385839233756,,0.1599173190976542,,0.031447244195518705,0.07433067053758799,-0.14844742388462523,0.08280414568139001,,0.13957094515356502,0.1635901244107326,0.3529141332637829,,0.1336493880221026,0.135957938614329,0.06738064816459773,-0.01746420337813061,-0.04072967203683776,0.07535414843872229,0.06701676429875415,0.0618108574588527,0.022170500823895795,,0.1174177589271701,,0.06574466853233772,-0.012123913437652184,,0.012577755038838257,0.1833296551377788,0.08085083690610155,0.24162001911711664,0.06662054945548868,0.1561466965458732,-0.0009303388546262452,0.14132455517848425,,0.16053643027301362,0.03128129280580289,0.11032147409256932,,0.20917923783306433,0.06544962099577589,,0.18808758054658634,0.04565941044991029,0.07852409514949166,0.21110111014987532,,-0.004040273126537834,0.07988419808665875,0.01791123334938961,0.053443174600469136,0.07167910426266501,0.15321102370632014,-0.011007461447489993,0.09598378356290736,,0.07046730119837374,0.06468361975443065,,,0.03955960026314,0.06523600766628164,0.05070354579510368,0.263954565630168
2013-05-31,0.07146396397178227,0.03366055953326564,0.06745491056513367,0.05260433596093264,0.06536321696918487,0.04526664325101902,0.07814463932808587,,-0.10459744393675915,0.08448537215368788,0.09114576513805257,0.052505337853976985,0.07330101413644971,0.07902215033704561,,-0.05777930914762921,,,,0.05930902601544978,0.041680311685454746,0.055002581853459936,0.022719869393782836,-0.07926940357408269,-0.15098015889633556,-0.1177050866358016,0.002892954072658469,0.08318279413448196,0.04486593037157838,-0.030766613621972076,0.048810121892933614,0.16921991932710706,0.16150739419500934,0.01786931774667192,0.027499442489647665,0.08066252629282204,-0.24592064529808758,-0.01752065227483836,0.04624030680748015,-0.03132133277937597,0.044171362696432376,-0.20307622604887146,0.06628954240566365,0.029508024853851386,0.06656524503966531,0.08298176388081231,,0.03645501234941048,-0.1747319966561537,0.03751082904971468,0.029307299043306465,-0.05775608223458072,-0.10343202858944624,0.07359855139564878,,0.05711922540621304,0.05979218404637229,0.05722441995606615,,-0.05686204624799302,0.07044702712430055,-0.08764685598020938,-0.07261121094205703,,0.16108256552645075,-0.019382901326893253,-0.1258782276021694,-0.10649745140154113,0.03386142071854342,-0.22634278321549944,0.07354930295610006,-0.08172744693907281,0.063147004728473,,0.039656611335511543,,,-0.01941599503064248,0.05348250395008542,0.024388896267730133,-0.11149458958341837,0.060485701121767474,0.03584414457224158,,-0.10324275882852173,0.036108833036223635,0.01409470243717512,0.07024261418164755,0.06521076015902331,,0.04629391476875626,0.026794551322596092,,0.04598102809022792,-0.06483885311086852,-0.24795707420940286,0.05160310189395964,0.07913628720287016,0.053628038864901285,0.03822533294736614,0.0530161625866631,0.06405274602204324,,0.05917621748167904,0.05637853864868966,-0.13793875407771733,0.050060438090553466,0.05478611270129468,-0.09952006818112481,0.06499414609443352,-0.049113739360688025,0.029771160798488853,,0.038568538267155554,,0.14814692798793078,,0.031205302276097805,0.05604777238984543,-0.0637886519387247,0.06697027958721478,,0.10925631040594694,0.04748378089456604,0.16259372037645564,,0.11460531844251394,0.11467103805984942,0.038767547672540564,-0.13780792078531762,0.06453851159223076,0.054789390192249696,0.04848558112124352,0.05267087639489267,0.09768705695535082,,0.09209059769255871,,0.04217372860166727,-0.06597833118164617,,-0.009014132701665194,0.036196686358010356,0.056067907243407385,0.1528825804786215,0.0335891998245812,0.04206675544165977,0.05116813452556856,-0.039836054421975214,,0.053602963672364765,-0.09501672136551904,0.093265162167084,,0.08248669169331133,0.04495554801023722,,0.03741490988496429,0.030938827188811687,0.06556813472754608,0.09984890874571054,,0.08011161295615038,0.04033393966827759,0.10914233766360434,0.0422285267794602,0.04056118719495126,0.04282175801839517,-0.06340427366646659,0.06100668784656885,,0.06036620684176909,0.04471730136685203,,,0.0267805544875719,0.05399522231995461,0.025705702869651337,0.081206980359925
2013-06-30,0.1259144593109105,0.1007695402945493,0.11157125402461879,0.1491378713353248,0.160579759050297,0.185801259403103,0.14460710021895243,,0.12791040564457007,0.18452267493229538,0.176678172950085,0.119981867810563,0.11923049832050105,0.13551479425626023,,0.27277343628582196,,,,0.11936081083815231,0.1402791663651619,0.15766636175225165,0.15206012286783366,0.1827479257724075,0.21741821723192503,0.15643382209547577,0.1315952411948188,0.1337412679892216,0.10881173229404077,0.03936871155078975,0.1160436600413677,0.1532851473499333,0.2012781621155351,0.1573764733070753,0.15073434664698085,0.10223112282008767,0.26801566124406867,0.13591691674002432,0.14727089645647,0.10943709682045312,0.15083950092892842,0.23273312686664396,0.1534994023882482,0.14525877687445818,0.11411570141105808,0.12617922532925765,,0.13412345808844908,0.25117314803819907,0.13128304854113013,0.13128723271640974,0.09847285649970129,0.14546340011922662,0.1657213504453111,,0.11681743006341032,0.13525466912350811,0.0911563302940884,,0.17088817160054603,0.13561424540037476,0.16818957937853846,0.1384024943330293,,0.18469552786814603,0.23391271732153268,0.15301338521938782,0.3164709310890023,0.10558543801205986,0.28712094775367986,0.006690146132149068,0.08968359688499657,0.14595857437314572,,0.13399853723749708,,,0.02969037018914108,0.12432268840440701,0.15431880949891286,0.1889853311215286,0.1258627140189378,0.1544855732089372,,0.1574738302323893,0.12844519149040118,0.16538033831088395,0.16815889706955847,0.09126504828174407,,0.10696625458646458,0.14026089507663733,,0.12627620562016348,0.11181117361808153,0.14215329515207908,0.10636574869045294,0.1452587447597339,0.09825484430061751,0.13360208190921716,0.15860205940947225,0.2306234375012086,,0.12487656414767219,0.10561394151999305,0.0626620204666347,0.14443798830290527,0.11458418512281683,0.13714108039885126,0.12021738715586319,0.12967628934619882,0.10233983725613895,,0.10467419106494802,,0.04861427161038692,,0.14580544657683286,0.11859382479549208,0.2663085684277821,0.09923616503967402,,0.13354655507817537,0.14155444188639177,0.007208816937452986,,0.1321928105256742,0.14938380076603908,0.13410893975983626,0.15327293686719645,0.1760793449184343,0.1052591432218945,0.11421072175759327,0.1023617317710638,0.12897527228890382,,0.12933624854564452,,0.11486301710954808,0.13485711447859397,,0.046053797432249126,0.18255587486418204,0.15437028480232085,0.09229919300031696,0.1280155578787598,0.13837933704807323,0.15325969635914655,0.18397755575546754,,0.10737806273470925,0.10809006726362967,0.12694655767048235,,0.16359381037534812,0.11237557079518938,,0.19096163937457286,0.13183192918694275,0.1020785079274094,0.10245108621257626,,0.18126508527769378,0.15112240899757542,0.1495179058950215,0.11863068609542585,0.12930093698436934,0.13666957456058387,0.12578213575313812,0.12202032779381466,,0.10075822735597505,0.10724451678963037,,,0.13536999492504548,0.10591413115943171,0.13001207668907844,0.20421014700722803
2013-07-31,-0.09844754163824658,-0.06779831172819858,-0.09481621319889331,-0.06127198052992981,-0.0679755815312807,-0.07257460335973667,-0.09684810160270922,,0.08564874636515889,-0.09071023214222305,-0.09464561723658971,-0.08493698459486557,-0.07247158053421798,-0.09374011819728738,,-0.018611182106298436,,,,-0.07950427935066529,-0.06819800100653665,-0.07712009744073632,-0.05947036541121416,-0.0019526035069820842,0.05300794202890051,0.061813730822347375,-0.03719311570646555,-0.09154076795199835,-0.08306163924298762,-0.05030666232864488,-0.08126454186321509,-0.13697812959227015,-0.10417987040651513,-0.051987805240448624,-0.05539736419527592,-0.09831235458664891,0.11820649524510085,-0.0410082523080667,-0.015449893738852846,-0.011669539575378127,-0.05428265419626581,0.04440250421494052,-0.10105192479458111,-0.06799266410348309,-0.09271725128376705,-0.09601302179754896,,-0.06792435272170773,0.06473702679383164,-0.07407670751217246,-0.06386978246736637,0.00765060395068943,0.03610625283367512,-0.09482275990373767,,-0.08299160029427811,-0.0790987581211646,-0.034018649382368434,,-0.01852731363569924,-0.08888523747739602,0.028364045311210385,0.010224513915675264,,-0.15464257325581685,-0.06580467662527285,0.06141402028204885,0.014543055009278674,-0.07083954675303764,0.12170805808225811,-0.11044190022766888,0.08407575219121184,-0.08434341744336596,,-0.07759252308926125,,,0.008625535436844592,-0.08005074287532545,-0.056868251053705125,0.026336588042169644,-0.09026799701467215,-0.048427292373634856,,0.035168441586371266,-0.07250114084412704,-0.05622103404646329,-0.07675144356314002,-0.10262882193008918,,-0.08194795950304584,-0.06431547585120292,,-0.09601757869503498,0.0036482949684483656,0.2698015906820182,-0.08310803812252619,-0.10696294989658743,-0.09308103783430614,-0.054424941112207574,-0.06617592040262975,-0.0814622933779864,,-0.08281832808092443,-0.08784226759247812,0.07153225923528243,-0.05737431351925826,-0.07745548821561701,0.05942593054965701,-0.08509818131713753,-0.017486410046034902,-0.08005257221046601,,-0.07728454334515082,,-0.11063762072174597,,-0.05609221502324016,-0.08227124641563176,0.008092553716180373,-0.09104375309705467,,-0.12229834613392604,-0.05742362028024973,-0.08060398597012836,,-0.12176456691822807,-0.12084362256303997,-0.06205575348831458,0.06365847286857104,-0.09041557643415839,-0.08616789192396677,-0.08253462741575308,-0.0888012230216803,-0.11887408145496989,,-0.09942606551467045,,-0.07362341693640846,-0.00910402810748867,,-0.08761160835725902,-0.0390285156733763,-0.08574571417683668,-0.11350178653187445,-0.06264471610375612,-0.05309254368899194,-0.082614151133265,0.021298554632641315,,-0.05202644217116325,0.03930467965369672,-0.10161920075663683,,-0.07378864692739198,-0.08034431434300725,,-0.0575557300450999,-0.06581287849751444,-0.08473131009873709,-0.08888316768107686,,-0.09574886671574045,-0.07019566181444997,-0.1257218630692987,-0.0809467850090736,-0.06841954683957874,-0.05153862817987525,-0.010557208079602984,-0.0855564562431517,,-0.07110315869606171,-0.08009635218289342,,,-0.064410404719262,-0.09046790510475572,-0.06220383481676381,-0.06577792230458217
2013-08-31,0.17364814136979342,0.18182178323466822,0.17056716523029009,0.2342743617302479,0.23824402278130707,0.1989345715114772,0.20010375349722823,,0.35677111410420026,0.19634723506313048,0.20983305112863362,0.18896184445995862,0.1992369229742861,0.19113976229445254,,0.39818203190310536,,,,0.1774139573627885,0.2140566032458991,0.22081460377074674,0.22578638942545892,0.34102724602453965,0.4226424403964414,0.3829926323598503,0.23448779015979349,0.17289391618888061,0.1836484546783559,0.16793010773321632,0.18537976918952392,0.13011671353322607,0.16562982290826617,0.23620365877362717,0.23563674560803172,0.134265275085006,0.5448207785295119,0.2604870668640131,0.25215629106682547,0.26032654994150983,0.2402199707958087,0.42934190547769574,0.1458451343215253,0.21405148249836362,0.17641082336878194,0.16904716195069985,,0.21107618852980384,0.4444692154296534,0.20968391773554357,0.20913269341638005,0.2660458964015768,0.34453511520878666,0.2125053573821731,,0.1828465402326624,0.1975350842429431,0.20218589207164034,,0.32690627998165056,0.1984136882585768,0.35788628656320104,0.3313192023652399,,0.10498904593811113,0.3274666350579563,0.3724889934003766,0.47272122571766517,0.21165622888028238,0.5538634017667932,0.040710029127526026,0.31782997354920056,0.19291115029349332,,0.2100627209935669,,,0.19217934703655096,0.1946623858823623,0.2315191600901259,0.37780876894246945,0.1861651722938838,0.25204068289907283,,0.3522931351075421,0.20443154423648238,0.2598291114604472,0.23908594951081424,0.13672062806332622,,0.18171903769765946,0.2150141555021908,,0.13858220362288415,0.28475439713096173,0.5363044312954682,0.1800006873818484,0.18287711866650005,0.16839688262474906,0.23153132486897735,0.2402271860604402,0.22292698312814616,,0.18982313679934887,0.17379370774464756,0.3177434090606103,0.23723967673317423,0.19012971896424696,0.33987650422748183,0.17870882418478254,0.2791819818095492,0.18524555436931195,,0.1843692612027329,,0.038459479595200095,,0.2133062400414333,0.1835583931712932,0.3303134002775256,0.16425573299742788,,0.15824056718584953,0.234553706876039,0.04490625912877075,,0.14803568405567896,0.16162389127796434,0.2145908240224895,0.38598185348974284,0.1576380360360472,0.17524316937653173,0.18473720371435043,0.1715070737510741,0.10924601908452503,,0.16754559186095552,,0.19234136228624707,0.2880770052583228,,0.186492734353376,0.29561747906714947,0.2097132107725171,0.10330701447814701,0.2103637648824753,0.2353270439210613,0.17461134860035674,0.34370687316439524,,0.20370162995603525,0.3187732832878724,0.1593708163047766,,0.23378230598324137,0.18430842839367012,,0.29918004700857365,0.20921548997362835,0.16655460471244296,0.1769538290835521,,0.15717424685225365,0.22689545941750852,0.11001182919807245,0.1914935237960401,0.20657866601713307,0.23326067238225423,0.27914342386903707,0.18851983354875368,,0.1694519993212545,0.1839495916276997,,,0.21138101399345252,0.17448959442815898,0.2125163414748808,0.2843285301687143
2013-09-30,-0.11965875929694733,-0.11487512943898928,-0.10182592540419788,-0.06078079724966917,-0.06804345421017569,-0.22560172639283044,-0.07718355030369423,,0.03722288404143287,-0.1983460938229018,-0.15220430415772768,-0.09488138966000373,-0.054759273631499315,-0.10312281734965961,,0.005334092608794041,,,,-0.1396073649499048,-0.10222805014216456,-0.1018673880521163,-0.11823730359966321,0.035877375734155594,0.005514864848706524,0.04477503080468,-0.1007125799525471,-0.14207878816210837,-0.09181518515063536,-0.053244293630218494,-0.10380999063611071,-0.1484613403227473,-0.19289096552148124,-0.11766043185785618,-0.10478852444326688,-0.160752081763481,0.032288954803879305,-0.03161030934955825,-0.030460881378942654,0.007265301290068264,-0.052109274605125336,-0.013067226277501426,-0.24291413801384001,-0.11348836545266856,-0.09988987339069248,-0.12878976990804206,,-0.10529984988108594,-0.018307762121376508,-0.09109047055192124,-0.10362373736338922,0.011697560271660332,0.020098997730461456,-0.10937907268394668,,-0.10713622786070884,-0.10919264097006819,-0.002114626146270605,,0.024765348469254947,-0.06845125006646427,0.04538585135843694,0.06666070076286652,,-0.2738464023108774,0.006471203239750283,0.04908748416299933,0.03065195575420601,-0.0066239138923409385,0.03407183813245454,-0.1602176631134513,0.05426647726910848,-0.1332406475542293,,-0.08929526521566052,,,-0.009740618311257358,-0.1072031452031167,-0.11219034964861176,0.025998049543229835,-0.10651774145900145,-0.05153496302253343,,0.024697122251085578,-0.10648937153774633,-0.0978877743169259,-0.07398783152044942,-0.14875983703389897,,-0.09730708040350074,-0.1137372750444989,,-0.2500277205370144,0.0436215980753041,0.13766228405843547,-0.09448780502818836,-0.11986831175974859,-0.10165099251440152,-0.04728385884799381,-0.05717786586590045,-0.24070946226323517,,-0.10181941897805422,-0.09879211649042968,0.02139608668816869,-0.02841896114517173,-0.09114457269613972,0.023782843885750082,-0.12612697531085798,-0.019005226031522583,-0.09632547821164829,,-0.09740578909139737,,-0.18470454744137754,,-0.1430407117248246,-0.11093525114028509,-0.25089246824814837,-0.10502902050280122,,-0.12588960295469057,-0.04413622122011093,-0.04680526586166718,,-0.1450364726386619,-0.1515240902662844,-0.10682157460217824,0.047399173827578835,-0.27922682521910036,-0.09670186908831223,-0.1000663234639721,-0.10081735104668275,-0.2352278771693361,,-0.13307592322644496,,-0.09711831019746331,-0.02346730584278978,,0.01709480711671792,-0.029109826051654252,-0.1184402817791243,-0.12103642478792231,-0.09644873773278223,-0.043217046195064314,-0.2027980006146791,0.013115956680221327,,-0.05017246468434978,0.04585830801085339,-0.14145218439243695,,-0.06358475558522404,-0.0972332970277024,,-0.0118302047517831,-0.10965838931693031,-0.11464909870830993,-0.05072847700648275,,-0.2731212987361334,-0.09816340364540965,-0.2671926426347346,-0.10257087361656937,-0.10009961656567588,-0.04812691971012582,-0.022220009462588387,-0.09751780423623577,,-0.12541977947388247,-0.09277787172883442,,,-0.11194184118270982,-0.0995200084825009,-0.09819563556158847,-0.032141542767984574
2013-10-31,0.09947082527821674,0.08576344135838294,0.10309940446843952,0.14031389131626923,0.16067837434257945,0.012979169681811089,0.13183480777666942,,0.11430893602509608,0.08210013963538693,0.14568956280986395,0.10732543329007041,0.13285345641056934,0.13450410142500938,,0.15583797735254748,,,,0.09271917124166482,0.10779282000307477,0.1223447345511133,0.08681104064704029,0.09739635138240892,0.13563697408837047,0.1580579313744618,0.09661470141614929,0.09422488500545409,0.10045154749147582,0.031960046118567995,0.09754038667847108,0.08696622202295759,0.05008796608304672,0.09191183940113389,0.12114937380852289,0.04938806599084024,0.1991938204679499,0.11876695620798368,0.1023025200148787,0.09173175216141546,0.1276557770972772,0.06732268202166171,-0.01222015064626076,0.08198104659806088,0.11286454749421147,0.09941419126018067,,0.1068385400067998,0.08495618426898009,0.11291301522700503,0.0874000217000109,0.06646962466635946,0.12043909956334706,0.13243457514929602,,0.10332736138181572,0.10824976591416927,0.09320613820748865,,0.14705215205831196,0.11813989515857108,0.13127748716271295,0.15172802148192013,,0.00013179412337823565,0.12744110322588223,0.11066395870739304,0.17847170115735586,0.1260518611680287,0.2035587545259075,-0.04445987588742203,0.09283244850853145,0.09004624296613549,,0.11534738573105104,,,0.0359498696663436,0.11860186049806454,0.09718841609070082,0.13246897594925566,0.10924629508183867,0.14088824651880913,,0.11644700598321109,0.10500998780371933,0.15337356271342814,0.17029777708463803,0.06688266924540896,,0.10172277698429591,0.08927665783397454,,0.0003112758924628372,0.07916527021493061,0.16767071186929472,0.10493848349984429,0.10934899794634537,0.10773636381698065,0.12966372254248176,0.1447096029472174,0.037519053679142815,,0.10778204320469488,0.10106698995662831,0.1286063448220472,0.13285834061051732,0.11450701202632303,0.08541796189382812,0.1056615147447191,0.11119827130314844,0.09957365566922591,,0.0984577632460717,,-0.04176665461825745,,0.0776057813234344,0.10068211648862684,0.012577600668837624,0.10718616500168918,,0.1222317087926309,0.13689523419725363,-0.02363302264793405,,0.1049166338350134,0.1134546430333437,0.11470885406355474,0.14303801610461134,-0.027277786257292158,0.10096840844573109,0.09954234278498239,0.09855729275237345,-0.013661043866590512,,0.10758260582662225,,0.1000943057213815,0.09374696425101472,,0.1438480623127582,0.20479579909575552,0.11573241076438458,0.06550274371439622,0.10121551096235401,0.13205741479337565,0.020172794569763484,0.13723731152171603,,0.11321953241807474,0.11280437532814082,0.09288269987180002,,0.16824463620334404,0.09163546338990948,,0.2200576876046296,0.0963568805817262,0.10086443550752759,0.1594999017026486,,-0.01414177402855539,0.1276394607179446,-0.017429088272991045,0.10330914177046172,0.10619604269817817,0.1301408215312019,0.08940199112438293,0.11571792203185421,,0.09012386361627873,0.10102747928243899,,,0.0875172953233048,0.10474227516449659,0.0924304804135805,0.21852080220682418
2013-11-30,-0.175685590428047,-0.18433587358500983,-0.16753304452591639,-0.14299300847177693,-0.11655273976969081,-0.2918989962608694,-0.15443291296865813,,-0.20699683879103223,-0.19138745769237434,-0.11819356346541667,-0.17566853360342144,-0.12386312364983493,-0.13154499935065384,,-0.30169304539842373,,,,-0.16608914865553814,-0.1812184896619809,-0.1707092542926992,-0.22093300813113656,-0.32789242463344426,-0.3101934787840853,-0.2104783702043058,-0.19781981938947216,-0.16169503734001786,-0.18329388696285795,-0.27755737869387886,-0.1822686444303265,-0.14199908934714708,-0.18300584274880435,-0.21587321033734355,-0.17220204322499835,-0.19905310706589147,-0.30454337072417154,-0.22084895135558186,-0.16214720565298063,-0.23504239711073144,-0.1648803303090381,-0.4616632652227263,-0.302114031701519,-0.22556367088988508,-0.15639155611245542,-0.1589535006540765,,-0.18188557099292452,-0.4024505410498114,-0.18209747869326443,-0.20834362092454203,-0.2682378363484074,-0.2530690688729265,-0.15988415244419954,,-0.1677412851464696,-0.16738280191623056,-0.1511549444361216,,-0.2463204005277402,-0.16838088599307133,-0.2562455434109496,-0.2193740202390446,,-0.25640309575039694,-0.31895831975777994,-0.278476215646086,-0.3284836722111164,-0.1771723583039102,-0.29037052901945865,-0.2699444784487974,-0.1921057839665873,-0.19158147580267837,,-0.18287712383976532,,,-0.21184341944534416,-0.15429034455791574,-0.20722514850217436,-0.2882899868517828,-0.17064230099326866,-0.1533002532528838,,-0.26904153031361466,-0.18459467146922048,-0.1580181067115132,-0.1113621317699248,-0.19268784826603177,,-0.1759279675432703,-0.21170148641561665,,-0.27945433602604197,-0.283670613498806,-0.14565214529843412,-0.16827332343254311,-0.17751986012374557,-0.16420168397178136,-0.15778834626502847,-0.1497797725277152,-0.2772791751009083,,-0.16744918066009343,-0.1710803471595894,-0.18368054347836393,-0.15921681554613393,-0.15439349919434242,-0.26636608427804814,-0.15478564825630925,-0.2386945216204043,-0.19021982630935247,,-0.18150106848920036,,-0.21406761525741158,,-0.20780728462188644,-0.1713971465475335,-0.36958408984534713,-0.14921166895107,,-0.13588157381418514,-0.14910073240210273,-0.1661826044867666,,-0.1444590595549122,-0.14254351202025622,-0.1632619984733746,-0.24639333729716373,-0.31591667625862707,-0.1716187386051493,-0.1812941634462468,-0.17586822460600504,-0.2756213983755507,,-0.14360791032885387,,-0.17959795280653268,-0.27153472024186676,,-0.17938098369680064,-0.0900664315725364,-0.17838374372245466,-0.12880430960023392,-0.18548166467296132,-0.1544503630100956,-0.27160885181040917,-0.20814497103465732,,-0.14153418688479083,-0.23382206218134377,-0.15870125518588468,,-0.09936435244201194,-0.19241292817324704,,-0.09960704759356441,-0.19548153190651318,-0.15111337347677709,-0.06919287666355652,,-0.2948116699940018,-0.16833584057780876,-0.2791803795780497,-0.1833887870402044,-0.177524744394932,-0.15168450821058263,-0.2699409319979841,-0.157683429958407,,-0.15187474234176038,-0.17834719814649352,,,-0.2112063178342975,-0.17128515691454735,-0.20485963065696142,-0.06857101363886199
2013-12-31,0.23892422426335946,0.23573934840866845,0.21741908697685958,0.18352540350939608,0.22794231554379005,0.29478185866971357,0.1863189881522987,,-0.009594062592322834,0.360689888496868,0.3722020041404704,0.20258580712096436,0.18322541678631304,0.2649240297760394,,-0.07984667465643439,,,,0.2941207970659984,0.21542363348131446,0.22383932648767912,0.2026555286477628,-0.17239478967587193,-0.04638869151621854,-0.011803122234371077,0.20971723869982778,0.292082513617857,0.1898275304444143,0.023870765772077647,0.21151357035461096,0.28207430129430383,0.3126956292484187,0.2113283460982325,0.24170012088220502,0.273944429715892,-0.028267875739216092,0.0632091422334677,0.09555370936928036,-0.028450235683768723,0.14130502033097192,-0.18467087705694354,0.29965452801044146,0.18325727442474743,0.22998603181731223,0.2710955860682038,,0.22314615931682413,-0.11303330028895824,0.19625372394278573,0.18673434330465705,-0.06973500566947982,-0.031953621375897655,0.24430348030559537,,0.23276584439715792,0.2366734261277474,0.04705757048872852,,-0.05087891963114893,0.15321757557512516,-0.09086388137401802,-0.08957771045568827,,0.3689877562030848,-0.12899222163346866,-0.11010220991958926,-0.1319094205869043,0.04372193522319558,-0.023830886195161414,0.16941808464563943,-0.04078065003580372,0.24760799737807043,,0.19124570622281317,,,0.014784758881756854,0.2546811434078679,0.20920184649246495,-0.08007024615692186,0.2275490815478246,0.16169164257748345,,-0.061609581681118505,0.22199348628367727,0.2599348082698617,0.24545994897800633,0.27074656179229434,,0.20906882388311276,0.2038642800160956,,0.355015108715001,-0.14408184394215964,-0.04345186046389722,0.21096770045830346,0.2351628491597102,0.22960271601286944,0.14442304351183838,0.16892950091722023,0.3373334054728779,,0.22266236540113057,0.21253114324763173,0.07127898550001328,0.10053009842496803,0.22189683647455422,-0.06554151104463339,0.2818700632382762,0.031566087317821914,0.19782323498652066,,0.20570885122449406,,0.2465491706203409,,0.26035227267608557,0.23557563137187695,0.3039001086450541,0.24741041247423884,,0.2853647337094676,0.14571838177298901,0.03478279600710476,,0.3052191293030028,0.3218558433519827,0.24948944924187283,-0.05384772030485937,0.3502512852418472,0.20861815715870677,0.20610951369661043,0.2119949330570494,0.3009258305928243,,0.2953237321597712,,0.2058269812324517,0.00463492547692817,,0.022349364482962916,0.2098148041751142,0.2445912293255743,0.2492670502081074,0.20181887176013794,0.13910500907959122,0.27447908503168517,0.006934522974666071,,0.15845149828913718,-0.06401543832133162,0.28911656579184886,,0.2331668002833347,0.1870197450291497,,0.16750264497336997,0.21541656468486803,0.26293544583225115,0.23500905091687235,,0.35914300019214696,0.22847710414816771,0.35149037890634066,0.2124655722377934,0.21617966100682584,0.15119268163011887,0.0019499712560096683,0.22721449261437876,,0.2830607654813241,0.19796794257044123,,,0.20065408855774924,0.21579446828180038,0.1835207814778191,0.22160742898212404
2014-01-31,0.26445692500671564,0.2623304113132335,0.23304318614224562,0.17639778122008695,0.1986417272013084,0.43892989193413323,0.19170967986411602,,0.01719909114334785,0.4150559766246908,0.35286011195062866,0.2224412579096314,0.16210445854942673,0.2505017494272237,,0.0322679580922847,,,,0.3118399616397241,0.24179672263836777,0.24296101987910645,0.2638865838687596,-0.041113640407763885,0.055193581089745085,0.005241380898968607,0.24503060586251418,0.3123789025700485,0.21422610486190102,0.1159684070673913,0.23794549569981013,0.3068095461512108,0.38780184010422497,0.2677334556515437,0.2571408150172642,0.32899783154690626,0.04521336177265895,0.10710613817815057,0.11673507761258371,0.029883438133752653,0.15381359006161124,0.04300323704570041,0.4551637499190032,0.2490724585596151,0.23472990474864655,0.28635112188318756,,0.24814312087554433,0.07493285197712005,0.21914579134909706,0.23595265737957402,0.015564397307634075,0.027052580404004017,0.2558817471681591,,0.2480919408819604,0.25425421235748596,0.054280884373241724,,0.004855346572914975,0.17091246692978246,-0.025621666108085802,-0.0614069939804395,,0.5060736923672132,0.002098685597747886,-0.029662948919290923,-0.0054803111584546885,0.05575152329186276,0.04519396113214003,0.28715547912723177,-0.020646157293445138,0.29056990432168084,,0.21467700864332437,,,0.061935474599892175,0.2560670818001932,0.2580173599500708,0.007312019495699275,0.24501723812824405,0.16090192219163074,,0.012819425809322745,0.2481585467336729,0.25495536242752503,0.21087805256969394,0.3106664898839813,,0.22745417868839626,0.2558738433009326,,0.4810542900271286,-0.049650126334415005,-0.08942180676024594,0.2235393016223775,0.263396345225168,0.236357199237117,0.14686246927894914,0.16705582035375763,0.47369348146683105,,0.2383761461681657,0.2287667134851197,0.0567176878597437,0.10753111496430916,0.223679690079616,0.01515151684457887,0.2883269683077667,0.08580540278031705,0.22369044164903487,,0.22767911070652197,,0.3430151875902063,,0.3147680804908284,0.25452538015418463,0.5045180913200527,0.2459335164328407,,0.28100946318637826,0.14251467787309927,0.09044084190254287,,0.3130070500465024,0.3285840686643067,0.25892579828125123,-0.009561152132992528,0.5243206739870669,0.22507801597197274,0.2308042319111702,0.23117454442828725,0.4377023279878832,,0.2985721878100804,,0.22864904743118217,0.08696592314742438,,0.010975180003125513,0.14824538367303514,0.27014011576514657,0.2588720253729546,0.23015589730131505,0.1400940395404216,0.39637778393061307,0.04519338264440093,,0.1521650268275113,-0.02131760650128921,0.30765149976723966,,0.19223403623427032,0.22167785284748998,,0.10925963613126057,0.252385314110136,0.2652732423146934,0.1658599885621914,,0.5170908099376692,0.24072955524837553,0.49678622042453546,0.2371963879666093,0.238128715930498,0.1505325475657693,0.08322928055824984,0.23292751059259736,,0.28870872650127555,0.21835456675309237,,,0.251991024097827,0.23044694947075237,0.22789294781510752,0.1504340809939989
2014-02-28,-0.006778407310947662,0.011698913961198949,-0.019713897773142242,-0.06080449654833113,-0.05714473882178666,0.07131140411266697,-0.05084723243578497,,-0.08322404780605538,0.03524447638218203,0.011218256742537165,-0.013805190648917998,-0.08625473600148176,-0.0244038077478975,,-0.021793625016540565,,,,0.01262656888843423,-0.008298306155478443,-0.015295587378976438,0.016603104460362075,-0.05402469039313162,0.04549437893243455,-0.033523022826453225,0.013637898446762756,-0.009590122005994661,-0.00946099929548396,0.005482575485796205,-0.0063421644185918434,-0.09192169278373508,-0.08769436437261692,0.017818002855769084,0.008162089234451615,0.0033870316924302516,0.1175367110268991,-0.01774792888891282,-0.14443653597980952,-0.07583050903430491,-0.07070424003427013,0.11380516756966289,0.07823509040738123,0.008139076043377632,-0.01810706638853657,-0.015923822739054794,,0.0027645163945685214,0.06552053900382263,-0.005095164399143893,-0.0013654054194244,-0.0706490917340076,-0.02049389723432509,-0.014172161076582082,,-0.01053162046484551,-0.016062726601454753,-0.17010878193521412,,-0.03364035673213055,-0.06172464281099079,-0.06158344597006238,-0.0754746199211412,,0.024942970254376154,-0.043322571992720896,-0.048294916793018075,-0.00440639572536318,-0.0838175560007265,0.08336695410032266,-0.007106812330649888,-0.1381040956797068,-0.0004874264271782175,,-0.006128553517785817,,,-0.10872426747736418,-0.0016231516457309641,0.00994357475771702,-0.006696622709694573,-0.007845631802302515,-0.05879539846486499,,-0.02852494344336991,0.008696955103243018,0.0343005497132242,-0.0462012451545555,0.02682409584487651,,-0.005752462584045192,0.013195735196469317,,0.12067746548909242,-0.08694745266542181,-0.1294589878299637,-0.013782845594746745,-0.007882748563702784,0.0026962164082472433,-0.06370014146556212,-0.06003081563396543,0.0738860835947845,,-0.018425138735507624,-0.013464434528124678,0.011454209568978888,-0.09850823457412822,-0.02377659527564008,-0.06723331472483618,0.0011050334528096202,-0.009929838368468395,0.015020702431717952,,1.9508306067530692e-05,,-0.09337542224593541,,0.02442068879350252,-0.007075949605804604,0.17059480515323303,-0.0152723307102532,,-0.023033922720784604,-0.07542006525622344,-0.27588774061793836,,-0.018771933936302495,-0.011093659481191093,-0.000547220539708554,-0.01569830535040629,0.09963134289054532,-0.014951165617639872,-0.007511817209605065,-0.005765235925706885,0.043693376914345106,,-0.017885001328850122,,-0.009565656585834359,0.002456360738086815,,-0.014668548658568916,-0.06540973649018512,0.006252893637963893,-0.12091583531365628,-0.009305053574016958,-0.07441443258884613,0.05557386144330797,-0.08897822324558619,,-0.08919559538277855,-0.06167208051249637,-0.015272621855158538,,-0.07821095065096795,-0.011008091172939124,,-0.06264244241586975,0.00879909823712239,-0.012126059348064945,-0.09871805546102388,,0.08096288768782176,-0.0009046700958415754,0.06307113207369884,0.003969557930654377,-0.007948676136586614,-0.07231807590367914,-0.0020617057143749225,-0.01896330403820705,,-0.010484401469323034,-0.01042922532555642,,,0.011227653931676946,-0.005086135984010747,-0.0009243673293598523,-0.09928936566183533
2014-03-31,0.003327827264143744,-0.013797354671073162,0.0017327115113261423,0.023381494831493484,0.028530992033354585,-0.021762295076590808,0.02822397794165552,,0.012849747406585768,-0.009502038735925897,0.012519083026353113,0.010141706973541638,0.004902588273979588,0.011784988011876673,,0.1463113540690485,,,,-0.016746660102692563,0.011140016299837628,0.022595355037142262,0.012469625734939068,0.09708796648772403,0.10938729216224202,0.06641297083785148,0.002495017019318896,-0.013949468552115932,0.0070255759965637205,-0.01086000605931775,0.00240289022265668,-0.02087509560444992,-0.0395947358234351,0.01308321247845565,0.01608479504449163,-0.03796908155814253,0.15973915765555086,0.04792894722228899,-0.008527333104622933,0.025971624795073124,0.02428110691333743,0.1380272749166603,-0.038333709786776506,0.012626307077168447,0.0042589775927133755,-0.008683082705094628,,0.00954408709827386,0.11502611324388975,0.018470063234006205,0.006100114309032875,0.01694501150874666,0.05837806528660486,0.029725029085311997,,-0.0008846017163560414,0.004311439153694531,-0.02168787168055168,,0.09597382772103061,0.02194591401212977,0.07810152775582481,0.07906763537129143,,-0.042404455312526734,0.1371458654681026,0.06299966047423128,0.18415124912635422,0.035355114936674016,0.15660050932724365,-0.09120626470019018,-0.018192106881411915,0.0010085452392408743,,0.02262414932078752,,,-0.0568035425337581,0.005551322009996988,0.014384802332729443,0.09900910588977531,0.009301417745955418,0.028896176589770464,,0.06638383334852302,0.009810589579445292,0.040802563564855295,0.036674899662291635,-0.023708267400837157,,0.0025773826753411073,0.009692857975183251,,-0.045135937364470274,0.04492714809951777,-0.003433783961426793,0.0015425977916733488,0.0178996808143535,0.002361574146920788,0.020732041695755384,0.034345051789104894,-0.0024216208289991117,,0.004663096965124215,6.467670725886435e-05,0.0068810117645656844,0.028886883051510246,0.0021200932105754225,0.027065242461891185,-0.008145696233989546,0.04695044227366817,0.008462675316368842,,0.0015018765108774266,,-0.12157182227694964,,-0.008976471675595793,-0.0016497059891304143,0.01118505414374609,-0.008153417741373471,,0.0064294722009560065,0.024268424680613694,-0.12741904311929683,,-0.007583783687133352,0.00013394060084947966,0.004074432449942599,0.07359627361037223,-0.04912499179055248,0.0001292275555132907,0.004312273195292819,0.00023069970580393134,-0.05321176135339593,,-0.009667654797265977,,0.0021142493394920464,0.0483219876489752,,0.05461356477285874,0.054810980541180034,0.020580333434020687,-0.05788081080138348,0.0056035307442849356,0.021670430278539512,-0.025351071167461922,0.053572885114818905,,-0.008583319583178352,0.03796276300365393,-0.015275968136781693,,0.02751624106301366,0.003204006783687674,,0.08273970202156913,0.006545418095906301,-0.01547584168340236,-0.0003669569437335902,,-0.04689191560743651,0.024346706150014535,-0.054952782370984075,0.008952717191051679,0.0065447931404412196,0.016972027492074625,0.042762686479758415,0.007183063487655744,,-0.03004617696730977,0.0035559635012145036,,,0.007454639177836253,0.0042700666191273036,0.008939633240417721,0.06302352085650775
2014-04-30,0.0857375921234885,0.08966442898856503,0.08888850806608621,0.1081904629515822,0.08120105624298453,0.12279608037831252,0.10496660659788452,,0.2339771774497603,0.05346734589178221,0.020137538830288952,0.10277306022253599,0.0902432837528435,0.061079011588444046,,0.3261139797466434,,,,0.05944662385022352,0.10678246124806277,0.10208909669541393,0.13213781462103505,0.35374310445982843,0.3154737353522111,0.24515664780255417,0.11914788659192518,0.05885151672337635,0.10898094771329381,0.2053572854374041,0.10081804263686758,0.04768763964255043,0.06382709152766487,0.12906471757955132,0.09776638191705364,0.07107263855965276,0.33535927383757763,0.19358958630800613,0.15394527054185478,0.23317428161509735,0.1356146054407086,0.4381766798701609,0.11158165573020111,0.13891488039411945,0.08057745540335909,0.06470380654253576,,0.10282977903957566,0.3886348625130292,0.11326631041667153,0.12785053656857698,0.2636494304223523,0.26261920726289256,0.08860044011813906,,0.08569555816363011,0.08862575049955373,0.15345268692851693,,0.26689667574639264,0.12278438788806656,0.2924420441739557,0.2683916798534564,,0.05930410682649222,0.33548442868299044,0.3107211360287164,0.37749439223441134,0.17020742284558038,0.33097841554340496,0.11478867208527757,0.22832947247466,0.09456813457368266,,0.11599347691328828,,,0.1838933259088298,0.07438279344812107,0.12506600828556835,0.3079969818819571,0.09067895319502545,0.12532172598504898,,0.2839635254125128,0.10263831279421262,0.09105137135140152,0.07304913511492117,0.06943245452995149,,0.09756424690481551,0.12450512571677612,,0.07593658858500967,0.3052024142812225,0.2573445842908063,0.09313985360333309,0.091860812834634,0.08102479529086297,0.12803728212243562,0.11912307788795456,0.10878821499928569,,0.09178947487510945,0.09240142418355601,0.17831447869931377,0.14834409017227057,0.08561919058906015,0.27930220517443866,0.06001453352804257,0.21683120179443433,0.10851466974794431,,0.10156106686482302,,0.06303737617772551,,0.10017318197043323,0.08641768652936552,0.18584295437890885,0.066624910434427,,0.048082734641867415,0.1252037505232638,0.12420909075958708,,0.04143251655787318,0.03836940353112671,0.08500639779179794,0.27760115240966443,0.10145724301065788,0.09443806702597711,0.10230067689188595,0.09391728955667135,0.09013008352732231,,0.048515017544519014,,0.10318930948357477,0.24374197965926964,,0.1697883661210934,0.09087258239077435,0.09460287075801191,0.043609602287460573,0.11206289736721159,0.12991959575555717,0.11447577282855846,0.2312376266052428,,0.10713129577577075,0.25834327221440145,0.05547440211573162,,0.07118563385401552,0.11434569653282135,,0.11378621850025562,0.11105506623299113,0.0618155772168498,0.0404266488599003,,0.0893629046051074,0.09987521088324472,0.07351167280996168,0.10248267838345364,0.10236591370034151,0.12328309572329334,0.24145206602700087,0.08536655079336271,,0.0542831912524271,0.1034859954499675,,,0.12437336701555121,0.0914442533893529,0.12825152850813343,0.07694728200552484
2014-05-31,0.11851322517873095,0.11545640551697414,0.11555310003728289,0.13033722185453833,0.07943071497030543,0.2861962566303437,0.12341028427156389,,0.28373562471338065,0.1445171422817312,0.015435015946076866,0.11580048933849078,0.13837927994411284,0.06248735580041944,,0.2651358775478387,,,,0.09880088642582692,0.1313532098927061,0.11861768828469468,0.1711983627324813,0.36491763743020866,0.20080284735661844,0.16065782417780727,0.13664827741570074,0.12859537067617408,0.11947386142825352,0.24040122849408593,0.12487325585913943,0.23385927751269658,0.36102477338614103,0.16400772081163648,0.0930803808642895,0.18608823760857837,0.05547544499112627,0.16069023673297944,0.3313197492784736,0.283783504386846,0.18303052067761788,0.334603689566955,0.2928223083804973,0.18593619148568355,0.09224634962702849,0.1199905756495141,,0.11448173102844651,0.3483546005589113,0.11123195631325253,0.1695239878793738,0.34027466578580706,0.2176809856911998,0.09258530751956383,,0.11078099738836701,0.12396325540852667,0.3275136980830039,,0.18604125709998898,0.16646119987030153,0.2701524587960652,0.20287610221843838,,0.31449550707354246,0.30887067113545685,0.3024370477424526,0.26584377914119905,0.17500601073978275,0.09830017473766461,0.3318750914920772,0.3542578532403234,0.1552136594755292,,0.10988054535276089,,,0.35353410569722965,0.0709106542194975,0.1560899098782178,0.2312740150954104,0.10339085860227289,0.14213693733926583,,0.25404835069690035,0.10595580502452269,0.005963820663239225,0.047809864367518266,0.1130822584539066,,0.10638628764036664,0.155458664809412,,0.18303364184442525,0.3602084221554242,0.2894045773561074,0.10567859812775261,0.11567506710706861,0.06729043527984606,0.15355329389650618,0.13181182060527302,0.2605162892719762,,0.11950430461540112,0.11133193855388487,0.06824716594692892,0.20224305737654125,0.10134643433224279,0.3482808237775938,0.08393884058842428,0.17895528968387991,0.08974105454804027,,0.10793985223518769,,0.43176032083526106,,0.16321972678898228,0.11449545529207159,0.2925690949933549,0.08291643990824735,,0.0722964734398273,0.15578971949882786,0.5939876401884026,,0.09987472267344502,0.08662278243622298,0.09504776126183644,0.18499422252236905,0.3175293212057014,0.11419026475759932,0.1208157357717202,0.10593662449754344,0.29947079734301013,,0.09955792483574633,,0.12499585063460791,0.22028103832644536,,0.008973091418770862,0.02563382017273167,0.10073250312610331,0.2640873952908671,0.1398278843246972,0.16535795337895368,0.25541310614813484,0.27143974783362235,,0.1854198918826905,0.24675272641197965,0.12806966945438344,,0.08321449230286056,0.14559873881855157,,0.003422791055466635,0.13212135096235586,0.09440216312930141,0.05613958778773331,,0.3080149500448462,0.0871094097378926,0.29395861425050884,0.10449190138266534,0.12323881415384232,0.1630630494371304,0.22545768919610776,0.09760157568432955,,0.11389248206918505,0.11628753314804297,,,0.15718178536000954,0.09367117034411346,0.15805584648060284,0.03907018451650055
2014-06-30,0.1258674254109656,0.14047023760739233,0.12725042081536445,0.13340515368857495,0.08518950781904597,0.25793469897019405,0.12333417726626526,,0.31083763794445807,0.127354119472235,0.02261138805399476,0.13198117895324737,0.13602321120250427,0.07407304143038437,,0.2738101196046331,,,,0.11260519645935643,0.14291546444507125,0.12486103700490674,0.18121374939782411,0.37621890193024904,0.2639239043838149,0.220876913772675,0.16208300075440285,0.12415757984486114,0.1404831591805924,0.2827348919689899,0.14088182243927688,0.1696969901010192,0.25976308965846806,0.17536191372716572,0.11500917073197342,0.1782577622290046,0.1752934187158237,0.19402349238577707,0.28755113084160294,0.2978325495270589,0.1785480972445203,0.40017305607940973,0.263767339361501,0.19263610685510493,0.10806965550494023,0.11985987322108614,,0.1330880871363233,0.38727114834417986,0.13211284623661115,0.18078184072384446,0.35476501364286844,0.26688278437055285,0.09679707618066904,,0.12520163530848907,0.130413437620638,0.2923293723955047,,0.22577375385047094,0.16172453184087374,0.2991426549587085,0.2462641727226906,,0.23711808147950117,0.3059747147204702,0.3402389197150223,0.28639315961091144,0.18978122774495795,0.19501743533406596,0.31762086373020465,0.36149324942123134,0.15306849812040121,,0.13034322275033886,,,0.3543206754686044,0.09319601178585768,0.16717927888535603,0.27812335305013736,0.11786304886554252,0.1481820919415746,,0.29448128592523665,0.12847333154759882,0.05035701915046335,0.05803482106601077,0.13107181289961248,,0.12908055529341697,0.16943608536659158,,0.1895320474616106,0.37413092020290806,0.34651594698683696,0.12599176422889194,0.11850193634096438,0.09771888701535701,0.16091767522263722,0.1342046941530364,0.2219254836711025,,0.12984867866375027,0.12917367430672974,0.16954269105819508,0.19285726902186287,0.11803348599428744,0.36514137537316965,0.0989781290242645,0.2213377711731814,0.12511078473718407,,0.1337738219729404,,0.3497356174207633,,0.1698430093223022,0.12827232956991835,0.289886381212888,0.10215426812056837,,0.07256138490998452,0.15714929263970287,0.47282179427602733,,0.09160296306950122,0.07789089761487414,0.11462127497432315,0.2516913341238929,0.27786209104119247,0.13200753696140394,0.13846143230808153,0.12762048381881266,0.2602130041663991,,0.09868338191597936,,0.14296432700182332,0.2609372852690322,,0.09392103224629801,0.04769391574133005,0.11239852470331509,0.20691527595185744,0.1547877153615651,0.1672483104608662,0.23786074911908625,0.27253569890575585,,0.1814531895591199,0.2909559811216481,0.12180930052605175,,0.07981204354601187,0.16012955601160583,,0.032857047873453026,0.15010538303177132,0.10997127810947843,0.06199191157015762,,0.26220112354121966,0.10692999627849228,0.24754718121485322,0.1276651042921055,0.1388052220099048,0.16477983760513704,0.2654827819968824,0.1124135244434683,,0.12508299337294715,0.13746459789568324,,,0.17164285835508813,0.11690607966203329,0.17339302261643236,0.036998151207157354
2014-07-31,0.06452935630273261,0.05287874249002909,0.057761925047816846,0.06861328051480838,0.05515358691682282,0.13917829874905607,0.07138384194998076,,0.10063135559426728,0.08731660503594141,0.04250498398098307,0.06232175834193424,0.05661739312776015,0.045681249673596346,,0.1850361270750197,,,,0.05073984663270124,0.07177683685993133,0.07408673787329202,0.09214140230345798,0.1809289707718099,0.14228462239277404,0.0885617012755248,0.06975025497641182,0.06310780404886829,0.06089314528898035,0.0846311638085489,0.06312433778133486,0.09469772190286373,0.1424290326824486,0.09031431130589229,0.06289724870734265,0.07247634061605344,0.1210687081144414,0.0898132086807338,0.11448650853866066,0.11087147647119212,0.08637316978216272,0.21469134990999666,0.13323332217352246,0.09566820653333624,0.05064954345418785,0.05959689645432736,,0.06551219767820114,0.20679734055454724,0.06601734068462413,0.0829306135747614,0.1254352321545723,0.10877939640813063,0.07025353226455773,,0.0565764949778542,0.06561454600460945,0.09524396622375955,,0.11741737374468729,0.08089378652700206,0.13339530512511763,0.10263976629071547,,0.14270100786825435,0.19106333669540626,0.13631607150142386,0.20617799254495536,0.07742160616359323,0.13402956197958912,0.088566237034571,0.10036040426196477,0.08092055632794315,,0.0675785843222914,,,0.08648609312826921,0.04672583122208442,0.08646676935588182,0.13871938636591424,0.06007062079358838,0.07497770324200353,,0.1259518512217173,0.06264569563348216,0.04615014971942717,0.05022332319818336,0.05220990699496921,,0.054755517134523556,0.08302226709055839,,0.09145054876044488,0.14241553051180822,0.07709118063676215,0.052921526421886814,0.07272307723582927,0.040916703400297016,0.07205999388477266,0.07518413469557886,0.1463052776093737,,0.06198183044267776,0.054814732895914174,0.022486458655859628,0.08965731971795997,0.051169640731195745,0.13542207135601544,0.047038118823600254,0.09403179724838892,0.05265645141927401,,0.05497744668162898,,0.11047291286820424,,0.08185387845234252,0.05850112585760186,0.17645485675206246,0.040478869390798505,,0.04982771238514889,0.07411578483147495,0.12914027572560605,,0.055645880134753765,0.05787070200655996,0.05561010674340941,0.1017009554446682,0.14558360875538398,0.055435723539419335,0.06183196464990562,0.05349730519108076,0.1221886977283962,,0.05245172017218657,,0.06167858740060474,0.11175460179524707,,0.023083943899305442,0.044727026101589885,0.07026108466494353,0.07492200709761282,0.06995628840433656,0.07589480848623197,0.11871433215950364,0.12548932744693445,,0.0647642378031891,0.09867909647687603,0.061137057361900296,,0.054122802931092374,0.06942666003872686,,0.04947653298974561,0.07124244490101726,0.04277578018650051,0.02104269274029813,,0.14151727993722701,0.06341579612108494,0.12727907844447245,0.059880012704720396,0.06517754128600935,0.07335994579722707,0.10944504658643646,0.05439231570926213,,0.043920592161000485,0.057874275407646385,,,0.08164620579583166,0.05130243061340649,0.07933575331598794,0.05387458997042017
2014-08-31,0.042508607544638796,0.01674361900237578,0.01920925934196327,0.001381431119371506,0.012853600746670567,0.12332584657045932,0.033570468087432206,,-0.09401577141555383,0.08989789116124701,0.07645141880651714,0.03559486132385432,-0.055992834118755705,0.028181201744355764,,0.2524350913701939,,,,0.022866289470379626,0.043721288233513365,0.059836832772258215,0.07820153082030826,0.12449949413944533,0.21727356278371066,0.04051407490514909,0.039720314695802623,0.015850394187110817,0.03220005605355912,0.0023787591558923574,0.031391189443447785,-0.04511372964427139,-0.05032379864964322,0.07767403223952145,0.06144355640059103,-0.0024329240283587003,0.3348733574036376,0.07402101441853938,-0.132896823081555,-0.027838969132935494,-0.004425203532018445,0.3596247695788803,0.11199378289193154,0.07266830138336763,0.021357030004413934,0.014689177378716445,,0.04965930709262529,0.27162044766214294,0.054840243538831365,0.04451219076977753,-0.03983114333486168,0.05978577854146278,0.07848338811873383,,0.021368372263893015,0.028084683302839242,-0.18945191884657606,,0.12684707384552907,0.011621183047768246,0.05871925515960273,0.03497007124183662,,0.08428333968334858,0.23097833986438077,0.0365093392397278,0.32293375660520524,-0.011252081327353622,0.3021139885570066,-0.09400498815928182,-0.20093492446048636,0.050758844761458005,,0.06178765737433517,,,-0.2055161509092181,0.036179211154658414,0.07096787412560794,0.15179165701541888,0.04385060867799831,0.008503848582352466,,0.07081660154842162,0.05592934655673966,0.11893933786112015,0.03887315961760091,0.0328589212820826,,0.027383810451985027,0.06704966802480784,,0.12505474925523058,-0.010518320779485116,-0.24924324348331944,0.017212802745188053,0.07125575948648245,0.033987526163516,-0.01066307657671974,0.02296465851967929,0.16809986004104635,,0.02382472131454438,0.01821184967011148,-0.03788427293118193,-0.027262132522546785,0.006218234222344756,-0.03289664843274589,0.022909050702369302,0.07080524992708458,0.05435985151546427,,0.029650268585329858,,-0.20676449133726701,,0.05254222521742617,0.024872992849654142,0.26886084744897726,0.000594309124217642,,0.036238111630207855,-0.01467457020127327,-0.4255600120263454,,0.02437126126465566,0.04699543724999752,0.03310225657176244,0.07173427305942091,0.12625142496110942,0.016109470156638217,0.03223385279838363,0.025796584531431216,0.05405900144495056,,0.011091534125242754,,0.02345483203254497,0.0896004805446534,,0.06077661802039247,0.026673305188747855,0.08186125565342295,-0.15537742742692992,0.029519580665053436,-0.01895971581319037,0.09119909021088492,0.0023464109393029095,,-0.08530304685430115,-0.02427603646000931,0.010140031054467306,,-0.008000354628498801,0.028352848983758346,,0.07708894090279479,0.05279819181175283,-0.006651794948355549,-0.085448194929426,,0.11135709764634577,0.06905465235732539,0.08229922204766421,0.05010657752625841,0.033323279899948745,-0.0247086245721278,0.07528861839273536,0.024299451906153603,,-0.029370180855196392,0.024000585224636422,,,0.06045572245220288,0.03250280041655753,0.0463072621673956,0.02119741620413445
2014-09-30,-0.07450715895060273,-0.11323615667064668,-0.11795993508822851,-0.19242088555235082,-0.18666433350360923,0.15913117365417231,-0.13286366486549533,,-0.3985153848421776,0.06121694368062163,-0.04023398318377247,-0.11448391668551566,-0.2448833316565669,-0.12575724938161778,,-0.018095431997191373,,,,-0.08134738077430441,-0.10112405725394122,-0.08856222546732577,-0.04245950389531912,-0.14305410804085525,-0.08905976354408364,-0.31050451905734305,-0.11466614569454375,-0.07373558879908554,-0.11983395300581227,-0.16256428070946713,-0.10636387432405037,-0.08001851690903644,-0.011747698692274473,-0.04864643626072019,-0.0976577326830299,-0.04776589323566269,-0.07717435645628604,-0.1545124843556507,-0.3111440868144433,-0.267486047377438,-0.19517876283396687,0.10692680614281974,0.18265310442826055,-0.045502686126446486,-0.12582946496976227,-0.09057260181853787,,-0.09640157910120939,0.02562870991053128,-0.10662511663606884,-0.08839000975049226,-0.27307032662073516,-0.23778463122840085,-0.06461766092220142,,-0.11553053669983758,-0.10588795208576078,-0.3874079365895094,,-0.17314307259972953,-0.15310370892286732,-0.2523049995321328,-0.31019725945919013,,0.21370921062230983,-0.007986897800277115,-0.277870668533609,0.0044957945712168455,-0.24721834274894863,-0.10056994083101224,-0.08034051510093948,-0.4948913432408029,-0.046799633388476786,,-0.10160985027241042,,,-0.39505735036123796,-0.11463208089747416,-0.06171137025724216,-0.15442751630435775,-0.09554407966531481,-0.19772803592236549,,-0.22292108544456313,-0.08956498138528163,-0.07759393645054807,-0.1621191151290175,-0.047092251876079176,,-0.12200834108072409,-0.06011173244405827,,0.17215730386364275,-0.27646205746659663,-0.721978922317206,-0.13463403662670037,-0.046814879395035945,-0.11760052627976088,-0.2136357282422269,-0.1750007409269153,0.21051773723945125,,-0.1176039986147891,-0.1254356994649745,-0.3792077903070202,-0.23702496373406282,-0.1527137877101446,-0.29874039119819673,-0.09943329019401871,-0.17413668764508514,-0.10274407149106579,,-0.12065777785945793,,-0.13300976255871755,,-0.04081843803483286,-0.10714381385310041,0.2937966873000967,-0.14142693513591656,,-0.0793025217046581,-0.2201093798697741,-0.45859698741420407,,-0.060406912698903734,-0.03717451053249182,-0.11781853962894752,-0.27740484445838337,0.23982074237190462,-0.12953871162206945,-0.11049817012139404,-0.11689682724208719,0.12906500247534855,,-0.09404612635825818,,-0.12399911436558478,-0.14252773158733192,,-0.24403965085976603,-0.24578156503244503,-0.050615568217279236,-0.20957094779316687,-0.11954792411268192,-0.2236138524581582,0.09966301808540667,-0.2667400479180545,,-0.2700081649984115,-0.3363361368451859,-0.0760665839633986,,-0.2087334795474216,-0.11084571122214643,,-0.21924145906278278,-0.08379771846325833,-0.13613967689647508,-0.29420522434570007,,0.217274636080819,-0.09499950544150597,0.19163027128826923,-0.09636747372783584,-0.11472027238289474,-0.2243805070194503,-0.15470857280301437,-0.12731359752539528,,-0.14386808526891975,-0.1282222235235442,,,-0.06745863260981888,-0.11537295349916674,-0.09674181344311149,-0.2365395957757113
2014-10-31,-0.4052037719958316,-0.4122866301867699,-0.43281537049588154,-0.5344731285596772,-0.53220441442686,-0.2425433697517658,-0.4843865751715467,,-0.7159400635713793,-0.3128569823731795,-0.3946562263259064,-0.4420599523343197,-0.5476897204362952,-0.4519262824785119,,-0.5784113786240376,,,,-0.38872878683164214,-0.44444290291727295,-0.4498102744186694,-0.40885898743193916,-0.6109001605889919,-0.5756719182176576,-0.6864768350793672,-0.4470016526995446,-0.394451664938956,-0.4392923477608336,-0.44583031547021423,-0.4282105637491457,-0.41257202082493,-0.38077797835119004,-0.41646791677033235,-0.4466119518224932,-0.34472151481327185,-0.619405059362651,-0.5251594962311271,-0.632423373362682,-0.6047198357498631,-0.5458357602445881,-0.4649231185291986,-0.19270276741755726,-0.40975225570717605,-0.439721189034416,-0.4080852720044141,,-0.43418118626116176,-0.5224554784441664,-0.44837231356876683,-0.43089799498021314,-0.6053035548629199,-0.6204612020404594,-0.4353757905084468,,-0.4311039001913755,-0.43815213320099755,-0.6560427912874006,,-0.6041855436227412,-0.4976414976141911,-0.6665352691550737,-0.6911373229695607,,-0.1762957834288081,-0.5467383962678654,-0.6739901506316714,-0.6160074407563209,-0.5758001267154077,-0.6502203416356647,-0.2994417235103513,-0.7591583626527002,-0.3953651824941595,,-0.44875262716760683,,,-0.6101499257664295,-0.43441896815770653,-0.4255308622548427,-0.6091494956733136,-0.4263729550278736,-0.5487070511260432,,-0.6255938043420568,-0.4248053301585215,-0.44725282284793505,-0.517923827434688,-0.3420283927139335,,-0.43460829693676434,-0.41308216258762637,,-0.16885054211502057,-0.6414527555114853,-0.9873748294972502,-0.4435597352112033,-0.4032040720922962,-0.4208657480260231,-0.5461373862430121,-0.5340870941767344,-0.23373820289875163,,-0.4425421986879985,-0.43475752221904995,-0.6359566942846347,-0.5836603817988488,-0.46240063950722154,-0.6577068719713959,-0.40921248148625533,-0.541801186994326,-0.4199922180862581,,-0.4320835210268309,,-0.3472801566068884,,-0.38470214255255514,-0.42489764221601484,-0.20490753508299503,-0.4336069135669164,,-0.4073289298928286,-0.5582183251886071,-0.6138409487814553,,-0.3824067002273855,-0.37629824907355963,-0.44466858886748506,-0.6677973954418372,-0.15043469089035716,-0.43852354348511574,-0.43184971922682136,-0.42567726651397886,-0.2117729874004175,,-0.4084755289117288,,-0.44246239645874647,-0.5256172061565414,,-0.5405427266116436,-0.6090357009785781,-0.4124404230762535,-0.46402002572418266,-0.4506375867270983,-0.5589461416102023,-0.2685969129465412,-0.6630288899871133,,-0.5587002623184878,-0.6702295879982815,-0.39128772438863374,,-0.5507503617062213,-0.4337831116548552,,-0.6117221499764873,-0.4226640710869275,-0.4259995016107594,-0.5636406686611192,,-0.1715221774454114,-0.4500776566857525,-0.166924655837822,-0.42437429760881473,-0.445454333087134,-0.5544141784387779,-0.5271258314394751,-0.4483499178949774,,-0.4223166909610138,-0.442152602354973,,,-0.4151261579847271,-0.42787841713826685,-0.438313649375852,-0.6182136186904807
2014-11-30,-0.29456023210956883,-0.3098501926273028,-0.2963992408789422,-0.34718607176756205,-0.3411367594316123,-0.2891976104474119,-0.3247113877682553,,-0.5039424531196479,-0.2655222089695484,-0.2891308120302585,-0.3243379914251069,-0.29883081002549605,-0.29979133963848814,,-0.639373416743353,,,,-0.2794756183893146,-0.33884279463589545,-0.34152378186237875,-0.36063213368475533,-0.5909379792202909,-0.6836992928218302,-0.589812824460854,-0.36766996911822253,-0.259488629133068,-0.32729984183536787,-0.3786756547766041,-0.31722001819740614,-0.16216276124969836,-0.14879199502896806,-0.367187150662725,-0.3610768327627318,-0.2263878852651363,-0.8555623786891081,-0.4527347423051202,-0.3154218956169103,-0.4391443521536232,-0.3580654350480256,-0.7752648013565849,-0.24084332023499813,-0.35325455558174856,-0.300997401340385,-0.26651493291278383,,-0.34132725291703303,-0.7180415979140409,-0.35232387406599425,-0.3442513977062399,-0.4544681953776255,-0.5613962642179817,-0.33144001108374604,,-0.30414570292352605,-0.30999492301352766,-0.2826151334751389,,-0.5636892896371659,-0.32441397223590135,-0.5745701201159042,-0.5580716228416766,,-0.13744566342956485,-0.5828280571229263,-0.5939960823313416,-0.7458494088406651,-0.38106625281792184,-0.8334326685458403,-0.15478176739599225,-0.43718676932320333,-0.30170337586313584,,-0.35581593607958034,,,-0.3105239860963639,-0.31703916696211454,-0.36204849738900485,-0.6272021365909736,-0.31469291147618883,-0.37315778124161897,,-0.5731739838117199,-0.3412581281932665,-0.40886711231952505,-0.34681431674290353,-0.2603590254468464,,-0.31949763309609785,-0.35175359740707884,,-0.2497085804695227,-0.5015510302774502,-0.6432564682968469,-0.3127496875755177,-0.30733110448881523,-0.3101383811883358,-0.3581037596720879,-0.36210663655334546,-0.29825753877914424,,-0.3104147968222481,-0.3054332237507595,-0.5223269188578882,-0.35879679983764184,-0.31138043026064494,-0.5167657422696439,-0.28558087155288714,-0.4849024202685428,-0.34385898864357034,,-0.32596319862957013,,-0.04094391081992651,,-0.32178522894373635,-0.3042186467072103,-0.45333997595931774,-0.28260925093449707,,-0.25923468838455116,-0.3540697150814023,-0.024010688672914598,,-0.23416125176497082,-0.24546320956906661,-0.33182058343206716,-0.6198920609788161,-0.2288670972224336,-0.30730337072550057,-0.32005772841191293,-0.30899354603092744,-0.1865990433151046,,-0.2557399181757275,,-0.32419779307485797,-0.5046429348131912,,-0.44528316894276776,-0.41081644527749855,-0.3361702329143117,-0.12707887255068487,-0.3392794308733675,-0.35614781335197626,-0.27629331710314814,-0.49255708042968566,,-0.3013113443277913,-0.5241074330357786,-0.24644614606661852,,-0.3225631997028226,-0.32235764550016616,,-0.44738984827034617,-0.342700365003443,-0.27437022579277937,-0.26253586594986067,,-0.21643772900795116,-0.3586583294157039,-0.17234825382852376,-0.3328662155803354,-0.333023811804075,-0.34879656961162453,-0.49387973888629005,-0.31168385852521807,,-0.2603190407170856,-0.3227813277152557,,,-0.34847505398224987,-0.3132631048026828,-0.35190990263865773,-0.3763393361227235
2014-12-31,-0.4967777376527083,-0.512833366930745,-0.47326318489617514,-0.48974195953529404,-0.4911439658425044,-0.6357785200201392,-0.4832485562198479,,-0.5883484788939838,-0.5571883427010832,-0.532543250894117,-0.5100777028920627,-0.3982309200206271,-0.479415907481348,,-0.892928350707788,,,,-0.4968692149078434,-0.5414206732344237,-0.5461143142765287,-0.6018746216826862,-0.761863227787095,-0.9637157120963443,-0.7373692782349459,-0.5851263740658359,-0.4650633225138918,-0.5114527969833,-0.5431505847745318,-0.5103943291979375,-0.30460025436701,-0.3340157875566499,-0.6106806641641627,-0.5823200219784963,-0.4379192437160894,-1.2164295691519784,-0.6327859075329922,-0.37103634178915745,-0.5417838771961077,-0.4933875124875278,-1.1572458736092024,-0.5847961777741889,-0.5835972162793832,-0.4782404649764393,-0.4592764280866157,,-0.5516049557098466,-1.0541912189320177,-0.5513965443990405,-0.5527754328219997,-0.558539990331771,-0.7302276682792556,-0.5431057676632768,,-0.49231421715177004,-0.5029652188087839,-0.27804125271943014,,-0.7376908773005902,-0.46758139221789186,-0.7134107902410688,-0.6590859403921916,,-0.4533596386975943,-0.8029384527427612,-0.7364117904207292,-1.0347761426842303,-0.47376138817638,-1.169738730287771,-0.31782776731775275,-0.4438891987815243,-0.5246880377419157,,-0.5555135328703397,,,-0.337038342776293,-0.5150188386881287,-0.594464978399146,-0.8380599572325307,-0.5113740055373521,-0.5188608046364941,,-0.742811010368862,-0.5551706696637695,-0.6585984023266829,-0.5124364198983268,-0.4845871024634241,,-0.5059319041347289,-0.5814505991975113,,-0.6156266497902155,-0.5938420780954194,-0.6412125639501407,-0.48963187017229537,-0.5202387625072816,-0.4998677216474813,-0.48841366322155344,-0.5113814937545622,-0.673223948324034,,-0.49439680998313096,-0.4840931728765197,-0.6604894784051144,-0.4591020389414103,-0.47978816176843836,-0.6365803690339158,-0.48854146311936647,-0.6666444488908978,-0.5490862343408321,,-0.5169845278463725,,-0.14237241129671582,,-0.5696790681209752,-0.4979094642996912,-0.9456979396795647,-0.4541635992997124,,-0.4476762165815949,-0.4759753430752108,0.10741318226228205,,-0.4313054940010399,-0.4600254274333923,-0.5356121712700885,-0.7875493887451159,-0.6138926432824097,-0.4838540259674945,-0.5103224964458111,-0.4943883933570561,-0.4809671824428855,,-0.4471051907609523,,-0.5110511856330446,-0.7062549552434817,,-0.5671512761711629,-0.5492278080570377,-0.5647585962308985,-0.19899553847465556,-0.533171977864705,-0.4775086295736417,-0.5834213686016232,-0.6140913151222686,,-0.39136798984086635,-0.6253491093126671,-0.44348778527798727,,-0.45139867726975974,-0.5093925674728762,,-0.5927716396874538,-0.5603276561948619,-0.45209919836983425,-0.33301859215689933,,-0.5826415758614694,-0.5711762132212337,-0.5040158321769385,-0.5369212668493525,-0.5289381705773453,-0.471608050922419,-0.6859984186271711,-0.4913603082259332,,-0.4398545617307102,-0.5042541495985522,,,-0.5732376864985456,-0.5003465370187223,-0.5582361584465667,-0.4948404615483323
2015-01-31,-0.1697589918681844,-0.2043788105217264,-0.14945208090293297,-0.13342964664989898,-0.13744623668742068,-0.3080505643250345,-0.12358895722123325,,-0.20123068217909984,-0.24386075531303192,-0.21128282888530134,-0.17126937727019453,-0.07262626969415013,-0.15207236909708918,,-0.31463011976045047,,,,-0.1994166333154031,-0.1968140030820161,-0.18943777312912194,-0.24390650754729176,-0.23807231403219833,-0.4311249113009576,-0.2858936934536505,-0.24491997609273844,-0.16396509484092112,-0.17501403762973697,-0.19977358963567407,-0.18028975528201663,-0.015622845557311412,-0.05060231112757097,-0.2523088237422541,-0.23356845640135146,-0.16073957992063523,-0.6148486718991765,-0.22112342369961885,-0.034475016228673716,-0.1446095944213351,-0.12655210582354903,-0.5465562441058108,-0.2823683858350802,-0.22450130263407891,-0.1543922396323685,-0.1522344452073572,,-0.2104126194129541,-0.48376556117873293,-0.1983166655458407,-0.20670762393424233,-0.16086157273506133,-0.2817403871128658,-0.18290369541135926,,-0.17100887264916462,-0.17287910004650153,0.0354477806255015,,-0.24693271819666626,-0.10968716373490787,-0.2330046912298106,-0.19147580232988054,,-0.17180494874917077,-0.23753657060297348,-0.26615386463025426,-0.3925691405705196,-0.09086456536183403,-0.5716215022106347,-0.09338186514808049,-0.0983021153736717,-0.1934996260513433,,-0.19694017556514792,,,-0.054084567986887586,-0.18972900035788243,-0.2370603299470024,-0.325394385364756,-0.17659988526683668,-0.1499292486032249,,-0.27723572065108504,-0.21436758942863374,-0.2839706971275027,-0.15185452629851784,-0.1941995154930224,,-0.17814257377457787,-0.2309439901896217,,-0.3348169645936743,-0.15196300947322067,-0.26132243254758836,-0.16493620558476688,-0.1735802576249249,-0.17915732655300332,-0.13009669837722776,-0.1387092171954661,-0.3242814444990933,,-0.16450175578013498,-0.16126732633320412,-0.3046054899236901,-0.08535969151868725,-0.15641627078135303,-0.21696397193530434,-0.18267209522994232,-0.2481173779886395,-0.21116905205945938,,-0.18889832480566207,,0.03523187097029254,,-0.2452558860302455,-0.1766855087460885,-0.5452625035571196,-0.1498645047583862,,-0.1307252793189362,-0.11449178094734452,0.2863839515104337,,-0.13082796106179242,-0.1499502838583656,-0.20642033252584271,-0.31688190065142713,-0.32151888320206884,-0.16035059987796524,-0.17810129225997634,-0.17098159311651542,-0.20653156278510099,,-0.14647438567409002,,-0.18068175678180867,-0.27534169529004165,,-0.1707318010461752,-0.16261321461860073,-0.21230303036778633,0.04095169910721959,-0.1940984707845546,-0.11736010086271298,-0.2679122967397458,-0.17919380111120173,,-0.0751080498350308,-0.20641834970804096,-0.1462569989233738,,-0.10286687295517735,-0.1744110323435745,,-0.16857602458243764,-0.2192622188931827,-0.15628443336650186,-0.03367427998367646,,-0.29247027322459795,-0.21379583606520583,-0.23332846146066172,-0.19876096882207922,-0.19215331874362263,-0.11870647607974455,-0.2630678812992524,-0.1616881390131234,,-0.16144602441168118,-0.17353439115166094,,,-0.22585183534487835,-0.17320560525566558,-0.20932989115894932,-0.10342588487146706
2015-02-28,-0.2858828373312226,-0.2824507758184122,-0.24888783443640644,-0.21788786495935578,-0.21360247640444582,-0.5568734088981885,-0.2286726159063642,,-0.1851803229421988,-0.4421038531948216,-0.32379993347623076,-0.2555523378086749,-0.1715566772078547,-0.2418827891314846,,-0.34463692461498685,,,,-0.30917249464740176,-0.28994411302709905,-0.2898056189082032,-0.3504228177963173,-0.2700116238064808,-0.34519969729812133,-0.18686037407511066,-0.3075209964539521,-0.31348802499834016,-0.25027525516411475,-0.23400018641741935,-0.27080372383129947,-0.3005306776745795,-0.4334682814908151,-0.3529823791483015,-0.29971004499832465,-0.3399164221229226,-0.3694626446801325,-0.2347614379408822,-0.20999772006665512,-0.18879657912608613,-0.22603285663120573,-0.48226024149614527,-0.5524771553727179,-0.3391319935495753,-0.24122004264332922,-0.2872258436748967,,-0.29049249883251466,-0.4685422335673539,-0.26751086795078516,-0.30664895125071406,-0.2073994529411245,-0.23020658587013185,-0.2896527390447504,,-0.2647012633693309,-0.2811260174241171,-0.11956251640347866,,-0.21241192698842365,-0.22444861965062846,-0.21104576649885606,-0.1296238513491758,,-0.5577152286336602,-0.30836732544812145,-0.2261941370485078,-0.37436702639703706,-0.13784785148382392,-0.3712836625100871,-0.3194115976365939,-0.12589071733062446,-0.3342932894141844,,-0.2659920797540787,,,-0.14991977496267198,-0.2617722469207702,-0.33557936408296357,-0.27212535582925107,-0.26881567136258816,-0.22229527977037045,,-0.24295725037042595,-0.2881749965023572,-0.29048459122202563,-0.21902142485261542,-0.31083991499025165,,-0.2515481700293005,-0.3280728870703666,,-0.5302134739343305,-0.1837333800015501,-0.10155447541032141,-0.24155796790153486,-0.2966490408660916,-0.23836055555520558,-0.2032593629994236,-0.2221425976096772,-0.5924277509979053,,-0.26299270878808273,-0.2465407482403648,-0.1403678603652942,-0.18541460032187432,-0.23540703994263437,-0.23897062044332226,-0.28177968059943603,-0.23703660919295458,-0.25816378930575024,,-0.25612661249105845,,-0.33946204391050083,,-0.37084522108063617,-0.27372738172411676,-0.7340757088476794,-0.2336768681695744,,-0.26069363905148024,-0.1970107466515679,-0.11069138817262138,,-0.2909384835470065,-0.31000697747273637,-0.2819873851766308,-0.20738853538749744,-0.6292731003798235,-0.2446836674297349,-0.26346371130844504,-0.2499853258806097,-0.49946543352392303,,-0.2826745693673946,,-0.26276865580408887,-0.27302949821603845,,-0.0619283638374076,-0.17180490255799727,-0.3109035017659661,-0.22487809205737633,-0.27962549155746114,-0.1993342777154694,-0.48674135269866065,-0.2266237804749667,,-0.17894009239958988,-0.15931654034534273,-0.30157236883127386,,-0.1950935428243067,-0.267254440431374,,-0.15354878638941338,-0.3051002182179607,-0.2522033224530574,-0.10958552036717635,,-0.6075697312383548,-0.2821014862974418,-0.5544132272626418,-0.27193130474720156,-0.27715239530788954,-0.20333619281483756,-0.2635457648216401,-0.24746032306125934,,-0.27183315171225164,-0.24831075479441653,,,-0.32206119635431585,-0.24674963820755677,-0.29703787612310917,-0.16322723569467687
2015-03-31,-0.019916427383416264,-0.0010692751107132003,-0.010341533736882723,0.025080674718766835,0.02567356295992733,-0.07536799142293357,0.00020803935086945716,,0.12912787777816526,-0.05509116182457972,-0.017037187202868464,0.0001348124352163165,0.015813323224477954,-0.0024248750703098464,,0.08360285024086692,,,,-0.017597759402958945,0.00433452717604931,0.0022461315443532076,-0.0013612117205477274,0.08442378028101853,0.13257743650498877,0.14821026052030178,0.022203229518946484,-0.031031252130269964,0.0021414415475300183,0.02173951055114531,-0.003757681682495159,-0.08165910218891485,-0.10427137795571044,0.0041596476827375824,0.01739662369364613,-0.053499553706186066,0.21427899161456798,0.053840194142271716,0.0259189126291094,0.06391312159572682,0.02534355276607765,0.11171288458582151,-0.10186993999788337,-0.006443992063464537,-0.004674459275031073,-0.02576004111438253,,0.006048679766969983,0.11066405397356727,0.010507843326335394,0.0009447794652583624,0.06840803795503739,0.1147769000392742,-0.006540997535658084,,-0.00531553725583847,-0.005723758110475536,0.025740028664043534,,0.0953462699132099,0.0012081919853193044,0.11473921932882158,0.12283071450903711,,-0.1546801856077882,0.04925274696037803,0.12950166308315636,0.12086566726905087,0.03972008861469781,0.20771953084013126,-0.08754000385828979,0.11767467278532463,-0.023361186194489906,,0.0101171314120807,,,0.04285813409733548,0.0032659427389715207,0.004622253175004332,0.11749696945135076,-0.006339833904647528,0.035995735995615535,,0.11205332507408348,0.0046954609542315005,0.03772729763677235,0.024341230967621936,-0.036187770197525816,,0.0015428957678837068,-0.0004632111475029249,,-0.0850000643892521,0.08144108843698811,0.27112779577261775,0.0014610285375396916,-0.022368077780077635,-0.000721642670597415,0.03166561311604517,0.025559175733419003,-0.08122296047299857,,-0.0037673176399325623,-0.0041379522740533714,0.15032800811339495,0.030611998134462273,0.00587479334443154,0.10326452951078821,-0.012049366115898732,0.07101572141387985,0.008050595694778537,,0.004238895446334294,,-0.12515788285914423,,-0.012750774365172074,-0.007033043485135688,-0.03032050297726612,-0.006487671109052594,,-0.030998493976932114,0.03063724901512698,-0.08140782669047934,,-0.04518770619408166,-0.04427487399293822,0.010002505445434724,0.1499829222921441,-0.11640512812693568,-0.0027176814783028205,-0.0019448508845912745,-0.00417739775188855,-0.11412865398524091,,-0.027335305396507616,,0.0033038997891826545,0.06935373289347202,,0.07323050171343823,0.07037448235952788,-0.006383563796540122,-0.0674343158522998,0.00818777172352569,0.03192193931195986,-0.06773142477357476,0.08901216735994008,,0.02084847176764405,0.11841803800250232,-0.03689458722625337,,0.022012844225113466,-0.003128945462343172,,0.0757256305381333,0.002916931559019859,-0.00994315358175546,0.017720072600588915,,-0.1165683489606452,0.01359959406383297,-0.13105518258345147,0.0016023544221590305,0.005707420315576104,0.03023463035021746,0.06727463521828271,1.2672305936030295e-05,,-0.01216899461758015,0.003138768581801951,,,-0.00037132126252115854,-0.002212225584121448,0.0064409683312807026,0.050429059711982534
2015-04-30,-0.21401262044837782,-0.19671134527519168,-0.19661740268204606,-0.16015968266199584,-0.1527898793387797,-0.34147223479483396,-0.1848652649785013,,-0.08241456629419355,-0.2794669473753479,-0.20710449699356154,-0.19120815064098137,-0.15404476519770147,-0.181657330363979,,-0.1795930553973928,,,,-0.21265220265383927,-0.19686576052553456,-0.19761575209246784,-0.22235443534952523,-0.16718028630299153,-0.13226998200711013,-0.06532801858023253,-0.18730458067375863,-0.22631404428676416,-0.18928445259026383,-0.18701471741580517,-0.19837494539317152,-0.2689059675555116,-0.32754281278641034,-0.21726267061353852,-0.18508868547749546,-0.25667749553372077,-0.06481532104260385,-0.1541304553278202,-0.16900281725137953,-0.14274329751036965,-0.16777211774928194,-0.20985463488192496,-0.36275220231737815,-0.2256667310514547,-0.1876381334047481,-0.21589608772396152,,-0.19446941353157063,-0.1985799031898707,-0.18651129218089255,-0.20859796578065076,-0.14976453744142126,-0.1107848007429589,-0.20269868829536392,,-0.19530302306673084,-0.20045371827082079,-0.1466486753088546,,-0.12423696979265653,-0.18686050347260835,-0.11221108302172866,-0.07916231196326219,,-0.4030250438612099,-0.20443608367206537,-0.10641363015921658,-0.16216514864673354,-0.1389402543164444,-0.07109351429542912,-0.2932642683206021,-0.07833889000318023,-0.23136342621513648,,-0.18695035485389006,,,-0.1447639694093614,-0.18401485364978223,-0.2116551817721592,-0.12704165593997202,-0.1980125806698434,-0.15457463305983324,,-0.12086661579385966,-0.19497217023073737,-0.16154180998953963,-0.1533375223983758,-0.23217333698056045,,-0.1878745088535141,-0.21436110706901554,,-0.33365412465316974,-0.13976488158834188,0.06374996752091784,-0.18464584284057495,-0.21992801560813247,-0.18304791814673296,-0.15452893967460263,-0.16275334914426504,-0.352569475315613,,-0.19468042039070269,-0.19095964732677367,-0.03852319733287656,-0.15546962733908917,-0.1776216925372785,-0.1286632361436293,-0.20060982095974014,-0.14355479439776153,-0.18531395932649414,,-0.18731433420270677,,-0.32470821378950093,,-0.2319503232352273,-0.19930777463616095,-0.3558159993684158,-0.18478613607005284,,-0.2102387855715053,-0.15340272680686468,-0.24157260626418636,,-0.22998617612278777,-0.23307848351557178,-0.18519547612395096,-0.07511545093373934,-0.39367022063261586,-0.18961695877942805,-0.19509763018672674,-0.1920531343047215,-0.3570228700142018,,-0.21292176986195233,,-0.19036193979737162,-0.15958183127345313,,-0.08684031893422053,-0.10236247564886843,-0.20911938344548037,-0.237024542640708,-0.19191365791354006,-0.15383202966400816,-0.3151102767389036,-0.12845960889931682,,-0.15516257568757538,-0.08960833095807179,-0.22809501693806328,,-0.1497491745267735,-0.19971630142451485,,-0.09667683739291702,-0.20275815923180968,-0.19186983481433162,-0.12653797282126167,,-0.38603930435430117,-0.18444123859999417,-0.3830077566491789,-0.19372402167638675,-0.19152842342625206,-0.15513785754756657,-0.15881525522194348,-0.18584454316410245,,-0.19776022064992912,-0.1868432274089059,,,-0.2127990539700145,-0.18879132559569395,-0.20107400330616207,-0.11604159935835621
2015-05-31,-0.35380148614726853,-0.3213315731779577,-0.3858007102979287,-0.4190915947528642,-0.4327171994364972,-0.04623976023692704,-0.435652279968005,,-0.35592712761319023,-0.1803233277682569,-0.3235945406285512,-0.3842436833603036,-0.4474007278466081,-0.4024399976238844,,-0.42220143396041776,,,,-0.2968602722460014,-0.3417306567450267,-0.35958280129863174,-0.28084405287403647,-0.4277316253642165,-0.34304257487436945,-0.4362331239117157,-0.29849439632138636,-0.30054720287742864,-0.38548644380841407,-0.3668643331576201,-0.3584137648370449,-0.32328856154849245,-0.14958042443452094,-0.2746118028985697,-0.3315314613329169,-0.25168327940468854,-0.3473164819261864,-0.4264666137850709,-0.35605590726004943,-0.4253761144065927,-0.4078573641033786,-0.25523745799569647,-0.04829951834139185,-0.2967591889290244,-0.39508610932802873,-0.3352899429169909,,-0.34014118035956864,-0.2234904215682315,-0.3768558064539348,-0.3180027038570025,-0.3864674223316244,-0.4003173383250063,-0.37805157658512345,,-0.36073631767122316,-0.3475489108613479,-0.4398593524535391,,-0.4929325523849589,-0.42744948597215754,-0.4440450538842408,-0.5353596007386338,,-0.0623079472889913,-0.4737743750457908,-0.39384845425021786,-0.4207286457051277,-0.5190917224455431,-0.3361124664435551,-0.2178043678603073,-0.3744019015025925,-0.29512346063297773,,-0.3852880645834027,,,-0.3507529744199871,-0.3699635555127335,-0.295536222686189,-0.41441737004731144,-0.3732142503511527,-0.4144082705244155,,-0.3973605167331664,-0.3460646220676364,-0.37256984945795973,-0.44273734221094413,-0.3024320595212442,,-0.37831832250818737,-0.30228312977607913,,-0.06281576270376966,-0.4451431244448794,-0.30919825773237847,-0.3868499113131181,-0.36509204293069586,-0.39810363990814657,-0.42713123118185603,-0.4309699531204618,-0.038024501281168424,,-0.3682468378375955,-0.382894834677915,-0.4099149139652873,-0.4535122419039499,-0.3890951651337389,-0.3371201503555198,-0.3365639321284285,-0.41090910456029084,-0.37995564608108523,,-0.37046425633192864,,-0.1515747969273601,,-0.23291263090440215,-0.3507258647736879,0.1282595965177554,-0.3869735709654912,,-0.39367308836251846,-0.4379962536344712,-0.3407554222481489,,-0.3467821790575724,-0.33675171639423446,-0.3378699887438482,-0.42592034982068283,0.04593177190414947,-0.383779229566301,-0.36870227952369056,-0.3810308988675504,-0.09035126011004017,,-0.3399179099282931,,-0.3614349487324766,-0.3736703004246296,,-0.6347933174032946,-0.48796650553032933,-0.34300065788078893,-0.33927690546189543,-0.34247962865153186,-0.4303659372025016,-0.11653098361560538,-0.3988245672381813,,-0.41257436841708334,-0.44151629855485147,-0.31618026827754664,,-0.45102445707602257,-0.36240114832560316,,-0.550914627960411,-0.32163718492371685,-0.35624245484820577,-0.5100599419751908,,0.02073410915259425,-0.3667047756693621,-0.038453253135524806,-0.3658561136956061,-0.34922991764962524,-0.41991570760123875,-0.3770208055116914,-0.38811779967131027,,-0.31139847640181956,-0.3813710764551594,,,-0.30556415725794034,-0.38995453454567075,-0.33006432545563724,-0.5178763165724082
2015-06-30,-0.28763718904041086,-0.2609241108134636,-0.30075006169082275,-0.34695249150521335,-0.348310040213841,-0.1849937617153225,-0.34111913833546953,,-0.3466188022170071,-0.23697043509580962,-0.27739871060493176,-0.2962788308982818,-0.368620011828251,-0.31187546330328914,,-0.33105176814871135,,,,-0.26089649924315683,-0.28843270673886856,-0.3006897033444118,-0.2593965007509851,-0.34290738284836986,-0.24774091065662676,-0.31998838177992,-0.2600333570914258,-0.284135281619006,-0.29043412887146136,-0.25950712021201255,-0.28523054311796614,-0.3655311864321704,-0.3446796266149876,-0.2581558069968271,-0.2739689434081233,-0.2602197268935064,-0.19107615991204305,-0.30570419762073575,-0.4092354637135899,-0.3503639772111638,-0.35381391660273614,-0.1767453389769303,-0.17457001465494523,-0.2681210641047917,-0.3011128552056437,-0.2933275953293714,,-0.2773591840304727,-0.21808095256982465,-0.28904510241051756,-0.27691945045229255,-0.3371965153826764,-0.3022704296212456,-0.30462402537349414,,-0.2896504623450787,-0.2958487226651506,-0.4341884369398491,,-0.3336131625557507,-0.3474021436218984,-0.3487578024828491,-0.36942048171714226,,-0.2320494845009357,-0.3519930046269382,-0.3256841130809973,-0.3214842619637733,-0.37298547476212596,-0.22306745662902333,-0.24731086313956244,-0.3908463404787975,-0.2768341079818734,,-0.29174020682787466,,,-0.3542410701711698,-0.2844630642445476,-0.2677288720197701,-0.299813765739591,-0.29090226719770684,-0.3447711118210036,,-0.31090823186874333,-0.2721033167205778,-0.2594173372185828,-0.34188025100730784,-0.2448330021842456,,-0.2859147784390643,-0.26355030666804685,,-0.13441034508404967,-0.36188630502415,-0.37583440921040656,-0.2941924986311465,-0.29397843880377583,-0.2802901548058191,-0.3472928793915323,-0.3497172620086786,-0.19024916954091897,,-0.29905712859165884,-0.29341890454485325,-0.25995946578237855,-0.3835653206057161,-0.30469257861729143,-0.3320363747501441,-0.2770057182488374,-0.2942599522728125,-0.26674962872416347,,-0.2790651471646882,,-0.3224755802447363,,-0.24489666819467662,-0.28548192572538783,-0.08351934487046767,-0.294870679155427,,-0.31038133386593514,-0.3607652035606854,-0.5006605090512409,,-0.2998619590619408,-0.29480410717196787,-0.27994625823484476,-0.3017576346454296,-0.1462796336360412,-0.2946991435305072,-0.28740414028827305,-0.28578748059080783,-0.2074779850899843,,-0.2966169305466021,,-0.2879507203925932,-0.2783824238212924,,-0.31798468701133775,-0.3660697138206051,-0.27917604194317125,-0.3813916033084835,-0.2869091091806546,-0.35799954433561243,-0.20332340354406478,-0.37051635200927635,,-0.3631565599671798,-0.3375304127062414,-0.29055208550633255,,-0.3703803963573937,-0.28903952934615257,,-0.37443518099543865,-0.2688358849723101,-0.2881101158584493,-0.3866195508161768,,-0.16759943311645545,-0.2875399650010576,-0.18730980489578597,-0.2776053143294537,-0.2872408553605783,-0.35439241437101043,-0.28127694307065676,-0.3019851889098444,,-0.27968433919757535,-0.29037612290018827,,,-0.26486366632785374,-0.28718124420110286,-0.27791645398246445,-0.40535616441150235
2015-07-31,-0.296760358831674,-0.2678255278161124,-0.3152680386935357,-0.38468262940451176,-0.37666701862790647,-0.18515699889642864,-0.3697047120340078,,-0.4405907221249668,-0.2284652168614517,-0.26434851127138537,-0.31230099831903907,-0.41136388790152756,-0.3208204675617573,,-0.4040818207006598,,,,-0.2601369495645727,-0.3062744703520402,-0.3184636441819889,-0.27588115582710576,-0.4393118608695813,-0.3005683040568963,-0.38822802297044656,-0.2763742588162819,-0.29134830790328287,-0.3063237595591967,-0.2965322000966456,-0.2992295103315637,-0.4002910015383285,-0.392078672783564,-0.2743062368102588,-0.28405318881953506,-0.2669559737213969,-0.22212394937093444,-0.34631389898657733,-0.5014464380107617,-0.4287533965055979,-0.4034085648889325,-0.23158580033896217,-0.16692784538616556,-0.2884132025097658,-0.3126926417957433,-0.3026735275714772,,-0.28967767769388086,-0.285557005529109,-0.30488833830579465,-0.2983729247345807,-0.42433091405288753,-0.3684531647555053,-0.3160644209093047,,-0.3016675788196001,-0.3116352380864732,-0.5326293829084269,,-0.3964042490392588,-0.3861789285860138,-0.4364939537501159,-0.45197285905963086,,-0.22919942967305398,-0.43033632927189575,-0.41771132868487487,-0.4012756062194967,-0.43014605466266603,-0.2685122115374342,-0.2710367616718272,-0.5070440121072782,-0.2891081905741126,,-0.3078762626005363,,,-0.4424942997801608,-0.28965564450441467,-0.2849509308219924,-0.368150475847064,-0.3014525826948973,-0.3869450519184699,,-0.3853940946069272,-0.2811770416191034,-0.25419960621255744,-0.3621256001855037,-0.23828289918776363,,-0.2980230289039138,-0.27845139755104353,,-0.10024074185501476,-0.46228956559272516,-0.5146357667173167,-0.30825309817087027,-0.30330752818447615,-0.28301674661410187,-0.39142607436581456,-0.3884409171202334,-0.1847968434106899,,-0.3154319598981094,-0.30693404825419157,-0.2969539607529319,-0.445816664725201,-0.3216270949758606,-0.4278895176065128,-0.2789094893769368,-0.3399454883585335,-0.2725370061214024,,-0.2904517880198839,,-0.37421672506840914,,-0.2533230168672813,-0.29668845454554865,-0.0697572368176749,-0.3027936409486156,,-0.31350231520762195,-0.4083870958888946,-0.6403950307751505,,-0.3019555296603945,-0.29310926854788283,-0.2902223525511566,-0.37051506314275723,-0.1321754356865315,-0.3094550972016629,-0.3016667414056984,-0.2963621523262432,-0.20660360450360182,,-0.3024486762588725,,-0.3044927580841622,-0.32744991879070173,,-0.3387557836216379,-0.39987496405112893,-0.28588980454491225,-0.43034207125637663,-0.30712117455799237,-0.4071169668442421,-0.20460445965126609,-0.4572237000964592,,-0.41494394334860557,-0.41960542213850505,-0.29786761519037475,,-0.40408723959829607,-0.3081735683786798,,-0.4073909146343465,-0.2815858878118205,-0.29559137095135757,-0.41889837835872273,,-0.15698473950623787,-0.2989468101100342,-0.1756663726421246,-0.2871178341181538,-0.30371233714901746,-0.4017422422819302,-0.33164308401038933,-0.3159208122427534,,-0.2881977004697768,-0.3059169790685144,,,-0.2805096316191821,-0.29622707600204345,-0.2988578995651535,-0.4463196666548561
2015-08-31,0.1630581767505737,0.13795410246426204,0.168712872994671,0.11585741594111618,0.15892668938033497,-0.0468073663684622,0.16428725877607606,,-0.14341131927266018,0.0886809078390915,0.21476329945256528,0.16139746430877855,0.12153684335425004,0.20130220891807407,,0.0036463051530314966,,,,0.1473475339362516,0.12100208865360913,0.13785300567139083,0.0773626866021518,-0.07716717053259475,-0.00854799932348531,0.008327810605363995,0.0862484696159184,0.12747281319409273,0.16165081542630327,0.06758384030303743,0.14703628237581143,0.06519183890051727,-0.11290201698799748,0.07268914581215521,0.13677594425073258,0.09009365577362097,0.05730720203367215,0.10726809856025833,-0.11804123441894787,-0.02326753114220798,0.0674225492752,-0.08124245085352784,-0.017079231507511,0.0783374095460879,0.185287934073094,0.14770526750375335,,0.13722408607345024,-0.1488103556689056,0.1550681201688616,0.08940400076696262,-0.08609315433143125,-0.00917756516848917,0.17644036841330596,,0.15570488828751314,0.13384428515612126,-0.07392916880186086,,0.08491015580014939,0.1227691624378101,-0.04240618626982428,0.04641140072554341,,-0.009883714464377967,0.031923983675200725,-0.10217219131396202,-0.02250615314109762,0.1286539806939084,0.002688236194856194,0.0040252089537029904,-0.2034878304722683,0.10623953695379411,,0.16144222638802178,,,-0.1218685154802643,0.1850467911081894,0.08609613103865547,-0.0007659534876693003,0.17200404818263235,0.09583824634489235,,-0.03751194187024912,0.1527440930539671,0.2193770590737851,0.19510033889076578,0.17249386073043013,,0.16809777100885692,0.0991851201823473,,0.07759992614951161,-0.08225821804408978,-0.3564397247555763,0.16856675475113364,0.17393937231153372,0.21528852671490428,0.0989354921267911,0.12329411889787671,-0.030220511428628586,,0.14789008943235352,0.16805431022391518,0.08140820462658818,0.061792108272218205,0.16060976541297306,-0.1590979043822601,0.17051511899547764,0.07406089751454592,0.18914061989288528,,0.163350627321396,,-0.13487176828122774,,0.06550607190393794,0.15056880530433375,-0.14582371003099467,0.18961257802424833,,0.21834472059064697,0.09713829554913699,-0.2820461710241899,,0.18519458136569394,0.19075114114580674,0.1411564917824402,-0.0020716439325892486,-0.06938751720165835,0.16438665137296254,0.15424082973681136,0.17607685682614221,-0.004881645648246124,,0.1635950824968716,,0.1396953616816097,0.032975379698964996,,0.3350917587064225,0.1804546097135348,0.16218971171019464,0.023251020708529427,0.11204272632789887,0.08537004836731751,0.0035881716073405978,-0.07141993161152439,,0.06072582620832672,-0.03190217249721343,0.1405722029844122,,0.1570559746680317,0.13298499576893943,,0.23568591307302078,0.12091093967397576,0.16634959247062528,0.20601930226270807,,-0.059810354590072695,0.16235509319702976,-0.0074596775487574185,0.1674606544492951,0.13055854554425406,0.08265017844357941,0.031001146265920525,0.17151390605732808,,0.12581629945975434,0.15899512959550854,,,0.09899112912921376,0.18850035309886037,0.10002608978231207,0.186702868200879
2015-09-30,-0.4270637137100852,-0.41653833263054724,-0.3853856240148918,-0.382495968425916,-0.37268192846657583,-0.7753441765356051,-0.3736889053377471,,-0.38198266003269327,-0.641412304479054,-0.4775337899183415,-0.3841205401976855,-0.3506607809318478,-0.38192232892278904,,-0.43305522635577726,,,,-0.46315024616768696,-0.43629549390620875,-0.4370460004703923,-0.4978256545057655,-0.3787236492273131,-0.3950975657047527,-0.28352662851334115,-0.448668229495319,-0.4926598196541801,-0.3709612291374098,-0.3229316674064917,-0.404899645907939,-0.5666497932601774,-0.7908528605273483,-0.5033035508936252,-0.4350896855494815,-0.526015483631778,-0.3338097494223968,-0.32848375111493133,-0.4957486616191775,-0.33951582656253204,-0.40314730987293473,-0.4809025552160026,-0.7615723912881602,-0.48583389162305923,-0.37248927189459835,-0.45292225764963406,,-0.4251603841739651,-0.5504697653073545,-0.389000518725352,-0.4532699895953924,-0.3665027991509681,-0.32795992068137064,-0.4290623980098873,,-0.40522576551367445,-0.43631802585387264,-0.384131836392289,,-0.27713760032400425,-0.38219411375199114,-0.32876988369855553,-0.21524474254606618,,-0.8339920743729435,-0.3889299906415475,-0.3507456593694407,-0.43745988635325517,-0.2587853068359017,-0.3835325429826662,-0.519623599648836,-0.3731739177958521,-0.5003803021538183,,-0.38386208175720454,,,-0.38072301329023056,-0.3896991490681388,-0.48401837561729916,-0.34214064212727446,-0.3994720810616432,-0.38422933768644174,,-0.3487597335080229,-0.41238562182964783,-0.37588920696182476,-0.36240756113848277,-0.44152617261100746,,-0.37381557672366267,-0.46804293634763244,,-0.6865146896839104,-0.3230107586457009,-0.3701835914172945,-0.36915166910620106,-0.4337319668422433,-0.3425368994323534,-0.3615552596572149,-0.3783023053315268,-0.8193346797088668,,-0.40807848739690883,-0.3761094744829907,-0.20327958100391164,-0.3665446542329598,-0.3752675180645262,-0.4208021173501777,-0.427288176864219,-0.32496320590762734,-0.3531816048838618,,-0.3750283234014322,,-0.6885487061820537,,-0.5408191685961439,-0.41579298760461947,-0.9283408713554746,-0.367308013884328,,-0.4067994254476674,-0.3641234468121182,-0.5499132500214198,,-0.45898477103916563,-0.47686019671092084,-0.42485849832474354,-0.2829378567194924,-0.8692354201232555,-0.37503182251177886,-0.39284007787527303,-0.3711737282982635,-0.7272385709091991,,-0.4514242979154297,,-0.3982001937751565,-0.36251790392114247,,-0.03484113825722309,-0.30965511265509127,-0.4437490740786168,-0.5101792070440699,-0.4245054741022592,-0.36822929409817085,-0.683454732171351,-0.4135203624181594,,-0.37591319311307586,-0.2790497072601432,-0.4789037667571757,,-0.3705711032833897,-0.40167746194218695,,-0.25060730601450615,-0.44122647801186266,-0.4001046942085756,-0.27657825292518645,,-0.8579623621319642,-0.40855109191629346,-0.7935099025870861,-0.3900153657185056,-0.4187930109438222,-0.3765913136523008,-0.3560053779021222,-0.3832304699223782,,-0.44344479648900553,-0.3731721871004124,,,-0.46206824953671694,-0.3630741613174985,-0.43630159858352835,-0.3287100815090558
2015-10-31,-0.35276685411901604,-0.3401372537716983,-0.2991953774017854,-0.2747895388045963,-0.2785612175215312,-0.7442688308824059,-0.275249310247898,,-0.20100038031250744,-0.6137994437041735,-0.4447456572031629,-0.29748013031745374,-0.2293516495394363,-0.3075376850990725,,-0.3042874826778736,,,,-0.4029614068200496,-0.3546485494694863,-0.3587275680073241,-0.42344171206968007,-0.2005527469188175,-0.28021349584100186,-0.13301860885437677,-0.3683449976231421,-0.42689469135140795,-0.28148488182506715,-0.18992782674299152,-0.3213933716577167,-0.47435670949722825,-0.7059095717882677,-0.4308826235047558,-0.36537367673722776,-0.45652793355334,-0.25252735787459374,-0.2100231362894699,-0.32719087180210066,-0.16979627578817125,-0.28190858973117006,-0.3688230019627268,-0.7328873161469166,-0.40442028215979064,-0.2898460017815935,-0.3804695624594538,,-0.3485914280250933,-0.43194683781099674,-0.3049995702450004,-0.36613133703067147,-0.18528374057252314,-0.17973410027412967,-0.35953755349743743,,-0.3246234039316027,-0.356436002844787,-0.19016464295931085,,-0.1336242108536999,-0.26976211243659637,-0.15745331345320956,-0.03798008492604995,,-0.8097112704211802,-0.2424501483591168,-0.17287044381451036,-0.30840317501584374,-0.10983360819442385,-0.2912461995752781,-0.40957089696737986,-0.15708253424027646,-0.430511664060905,,-0.2995704169712698,,,-0.18775124531559723,-0.3183017651651002,-0.4085146366902527,-0.19914853673147648,-0.32178499836360674,-0.2720353666929175,,-0.1933253599946138,-0.33789238665332233,-0.3243725957309102,-0.27911259665588334,-0.3812068000215651,,-0.2891035922806784,-0.3916504731014988,,-0.6817816514370767,-0.12430093167791283,-0.13896633651945137,-0.2817029846244873,-0.3629296760771618,-0.26600712928783815,-0.24145012861211848,-0.2705650181754067,-0.8064379194915922,,-0.32365714181643984,-0.2895364936933039,-0.07045743570064954,-0.22590564182995515,-0.28646272341738577,-0.24009529708311972,-0.3616692662145603,-0.19881373473457803,-0.273957481526816,,-0.2908570738353129,,-0.5631456264777519,,-0.47857517105456693,-0.3371672813945887,-0.9391923337010015,-0.28639646499061133,,-0.3404568411804359,-0.24136358436543376,-0.29886599077302695,,-0.3969775295514737,-0.42394266625531024,-0.3512914296152349,-0.13049977712119462,-0.8597551361238555,-0.28678338175193463,-0.30787337079437926,-0.2872693730093982,-0.6835892933330704,,-0.38409626622071624,,-0.31102481514636526,-0.23503683174754236,,0.09429301716886693,-0.20949072214714567,-0.37886891122083527,-0.38598890333354297,-0.3369008897500445,-0.24325807105429564,-0.639264761790242,-0.252766304819329,,-0.24277691569440515,-0.10133221018830467,-0.4107671639634738,,-0.2703791886383721,-0.31066831031806796,,-0.1486302951496041,-0.3645336355861773,-0.32249485500997127,-0.1612789327378951,,-0.8446166020383593,-0.33532194493677564,-0.7712795488918139,-0.311606693425029,-0.3357977501496495,-0.2541626803745944,-0.2248341915981302,-0.29985898535470684,,-0.36737603450972744,-0.2841427363047472,,,-0.3834719586271802,-0.2812561951742174,-0.3485498936300105,-0.22470330437008126
2015-11-30,-0.26343293431501424,-0.21829769194165136,-0.2540840334419199,-0.2782562398474648,-0.27743327215685937,-0.29590236632497957,-0.2959920688923047,,-0.21977760615351233,-0.2818787593712049,-0.26379954334748673,-0.2572179521956601,-0.26353998398226824,-0.2591301781044858,,-0.4245229050012289,,,,-0.2283967536688983,-0.2620537742924047,-0.2811948389469082,-0.2705850192659718,-0.36817160310820085,-0.3040715373511076,-0.24200506888529677,-0.23227511202720078,-0.2558186872958794,-0.24863611046785025,-0.2116189238327778,-0.24941983648972918,-0.3281039233626537,-0.3552389401916157,-0.2673828544622663,-0.2507011035067654,-0.2412165998965136,-0.2754127248434448,-0.27631927619175517,-0.29652898755860135,-0.2730851199223626,-0.2910093054072872,-0.35932229633570745,-0.28565359365947074,-0.2771887571585315,-0.24944677909056406,-0.25646263671309855,,-0.2515502467467841,-0.3539834137991766,-0.2595552571921846,-0.26061593669552485,-0.2645730988196888,-0.2588904805264621,-0.2930543926333671,,-0.24572477772227388,-0.2606867540303347,-0.27260691018736494,,-0.32085804425963355,-0.29573283423350266,-0.3076625142075667,-0.287676654306627,,-0.34413606898725585,-0.4403485610186734,-0.27767317373024475,-0.4494975607495915,-0.283724349560875,-0.2979295843655297,-0.20465585232598388,-0.2082260178490395,-0.27298083892122144,,-0.26540114065467446,,,-0.19127292258283288,-0.24018026695887323,-0.26855398170060085,-0.31409774962314396,-0.2586586578599415,-0.2799001692153591,,-0.28147486717519243,-0.2482261665232712,-0.2474654253131887,-0.28156617114643084,-0.2241594407152426,,-0.240250038534735,-0.2618740389098514,,-0.22897570246616333,-0.29910060726470966,-0.11993582516665868,-0.24101651895766732,-0.2869869427717191,-0.23041995041930385,-0.27106228108487124,-0.2931479532506383,-0.32943292358642656,,-0.2568175326984166,-0.24384603975009106,-0.11899049156974394,-0.30166054185429486,-0.2428479019171237,-0.26295354405833876,-0.23534312559129936,-0.26249687527859755,-0.23284822180707462,,-0.23521026847613966,,-0.2471962165605206,,-0.24865288349892448,-0.24619569811376038,-0.29854040118976294,-0.23005791580224488,,-0.273502386357526,-0.2815601746661814,-0.2753931242646719,,-0.2702668477226947,-0.27889963088532166,-0.2401822152012337,-0.2473838149266417,-0.28773570078475635,-0.24371750790535548,-0.24950654806620368,-0.24019407399024603,-0.2808562419826562,,-0.2544194899066797,,-0.2447661218970705,-0.2701319587529507,,-0.2201340811351207,-0.27596418209378876,-0.27514196954044867,-0.2719793533395774,-0.2513593778327585,-0.27813230056772886,-0.27680201003041893,-0.3092145787424934,,-0.24991687902994145,-0.23873028340497043,-0.2579686731528559,,-0.2859728627810691,-0.2536181252079947,,-0.3022413645619642,-0.25093783610620224,-0.22585075403865026,-0.2413266166559472,,-0.2953186517869661,-0.2644199155089736,-0.28999054301293364,-0.24775915388430725,-0.2513890600827581,-0.2724799426992231,-0.2647972543368807,-0.2528305597583977,,-0.21305614404893602,-0.2432595186599544,,,-0.25872658914755053,-0.2422243203940375,-0.25770257197415614,-0.31656207273197434
2015-12-31,0.15966633278296008,0.1935932673532181,0.13174842104953371,0.03248933689819824,0.05811014322957752,0.32290960935102647,0.04471688535978663,,-0.12425854910179392,0.3059022170091604,0.25170638117237004,0.11634292937144124,0.028938764551760743,0.14289971129271464,,-0.25121645835527046,,,,0.23889729684621175,0.12848872075103318,0.11311060641437927,0.14717348046818846,-0.28597641531219176,-0.12513853226802396,-0.1409867460459253,0.1547697623881176,0.21362238986868412,0.11614888833412323,0.04415077963478257,0.1401912590866179,0.13902267899785403,0.1914598069732889,0.15200197133345766,0.15388213921463195,0.24996824135845544,-0.11515005062051548,-0.033227973968437165,-0.07428771775107629,-0.1293995395741234,-0.005786099419810302,-0.16805978102657268,0.35905769448275443,0.1267510815406207,0.1370441652135363,0.18591541427240893,,0.14668643968102346,-0.14665770699866873,0.10945709030865249,0.12469014122854861,-0.13999307419058973,-0.12237909147171659,0.1206629692897259,,0.15337281900267974,0.14396627817315968,-0.11728395189136212,,-0.18912432720446531,0.01946950825542421,-0.22711805146948616,-0.2447827700608683,,0.3627411384753396,-0.2868881824995512,-0.21020456896200057,-0.31887063200193594,-0.09860639525555999,-0.14353099954165355,0.24386088724636407,-0.1632789854704425,0.17582016862703304,,0.10029907768156832,,,-0.03380124875769451,0.1670690633027586,0.14045504002881062,-0.18689276614554207,0.14102357814687985,0.011851024996553742,,-0.15852078818611698,0.15224381028471703,0.15907638298889132,0.07144007485972045,0.25175492157984153,,0.13771631136806298,0.14723050721421538,,0.4434263725535301,-0.24089155181581792,-0.207848510316522,0.13152563574667664,0.1393280543800088,0.1603351747169186,0.006282330444434524,0.010915354960094527,0.3310110318297025,,0.13158513832795066,0.13591241672549148,0.029730286908427845,-0.06820541136188735,0.12604751704063857,-0.15330769766376579,0.20711858665995903,-0.04751967032674791,0.1443210459244144,,0.14247075361222575,,0.24551213433546104,,0.22030762260438694,0.16020710346469103,0.3865742696630543,0.1662516239353837,,0.17021148657485063,-0.009444532518226231,-0.08749282337204106,,0.20748049646729938,0.21690251338619693,0.16537749695166293,-0.15734783210262146,0.43063169698759934,0.13144667331614152,0.1327799875618298,0.14361945153697614,0.34311276986852707,,0.20061422598149112,,0.13186446001342245,-0.05228075135693161,,-0.06958050377777485,-0.003912594286176916,0.15369961747337016,0.12782720076802773,0.12449604473194868,-0.009708272958876161,0.29529162901840883,-0.1593444057394796,,0.025229916217973575,-0.16352730729317982,0.20848363439651924,,0.04082678433760969,0.11862167072105124,,-0.06243777555125451,0.15264919337888666,0.1890987269611643,0.05369168432474114,,0.4135271047158664,0.12668146080410234,0.40203399078491703,0.1427628267706042,0.13441624604107855,0.006189564576805282,-0.05176181355126565,0.1298933530506131,,0.22165080573949125,0.12416740102684536,,,0.14570957527433942,0.14144497903232425,0.11842474653930662,-0.0380195302188817
2016-01-31,0.2387513297668953,0.28766673174316454,0.19977108107969285,0.05478253916259593,0.09056814791095884,0.4649385538178339,0.07451247001106527,,-0.17036354828773265,0.44032322449214367,0.3651463572353268,0.17806869874389478,0.04983294196307926,0.21366336223404478,,-0.3446212530034701,,,,0.34980856750036643,0.19317327545398774,0.170665759516819,0.2197867383422453,-0.39154732545365567,-0.16307388861415892,-0.18842043374974105,0.2306916084215604,0.3121188890368244,0.17881046435238687,0.08262600925467577,0.2117169721190633,0.2010467208071231,0.2681145796603783,0.225972464925952,0.2289353072216775,0.3653070585191363,-0.14721083719159472,-0.032292789950248105,-0.10438260676435489,-0.17135059860376164,5.405103742404958e-05,-0.21789080324412574,0.5187785267396895,0.1914483756358936,0.20720926238523557,0.2740180887136342,,0.21989707876648276,-0.1950542500870895,0.16821546040290808,0.18859397389532925,-0.18618392178656432,-0.1602278473831536,0.18170807748711032,,0.22969650597164332,0.21469724231208281,-0.16171620296013822,,-0.25261544608576936,0.03843103906986208,-0.31040185053095065,-0.33273682751209965,,0.5189839140684908,-0.3917817494782223,-0.28656708398472747,-0.44071771288178246,-0.12567724171009728,-0.19141780181623033,0.36115446593573175,-0.22755816537639062,0.2593903125007946,,0.15545881586135982,,,-0.03879074241618944,0.2492277841001304,0.20977125301314958,-0.25057035158027985,0.21269388835901387,0.02544232502604571,,-0.21199472308653636,0.2287779103687292,0.23849951440038586,0.11020800111240776,0.3715773929190837,,0.20914915694441846,0.22067207846380726,,0.6419075343163131,-0.32797110375892813,-0.2991432591021686,0.19994174050556898,0.20970294186912927,0.24261347595693428,0.018787018584946948,0.024641156751346142,0.4741167355827735,,0.1982476259547606,0.2062305275152367,0.05814621878355711,-0.08841461306017206,0.19070515477127267,-0.20908060668083667,0.30516427940350527,-0.052101896290386515,0.22059616253435657,,0.21618715937556188,,0.3516879433851002,,0.32187999361072916,0.23927863581620454,0.5534158135725535,0.24879978161588434,,0.2527927046309964,-0.0044395389801277765,-0.12562758614330968,,0.3044695205194369,0.31718427087279893,0.24534232663537195,-0.20946687881052575,0.6174928804253809,0.19984457408455011,0.20158270145310703,0.21790190225817993,0.49581068266099637,,0.2942836411182305,,0.19965536818130944,-0.05862161818711316,,-0.07291652817332055,0.0019660039785999862,0.22951468234595643,0.1854851474871208,0.18803043809411055,-0.004786683570352587,0.42815041594543735,-0.2200682543895442,,0.04385039950735816,-0.21893669920223605,0.3053699390470325,,0.06474232414324434,0.18147828817040937,,-0.07814085797298413,0.22858261120398904,0.2800851096074138,0.08545894529449732,,0.5921074132052706,0.19118845202479962,0.578044429145101,0.21625302439779565,0.20219130818877415,0.017435850107025953,-0.05772969751477818,0.19637747261116875,,0.3245082050372041,0.18979982270003704,,,0.21868962983232074,0.21492479677638807,0.1801021402196869,-0.048685702285908926
2016-02-29,-0.3546622374750143,-0.28416258073409834,-0.3077009602994208,-0.37795561034277936,-0.3934079261785595,-0.6077103013551703,-0.3819274203437268,,-0.3078520964624206,-0.5403215301345466,-0.4580288515242436,-0.3276965462316156,-0.2963097721766336,-0.3481203086925631,,-0.7420531189694791,,,,-0.33378767642859297,-0.38351915388315516,-0.4242877797155155,-0.43775342602798617,-0.5228779610369698,-0.5757072113202362,-0.36311421764245094,-0.36057755772567585,-0.378021454596796,-0.3007019519349383,-0.15493085702196283,-0.3236013486081795,-0.4522199625951216,-0.6201288439105456,-0.446700032514067,-0.39878970202904906,-0.32728851053069624,-0.6555134093944327,-0.3612127180398049,-0.39534017682654166,-0.3003271006890328,-0.3946126480494889,-0.6976115733511402,-0.5409653259305812,-0.42460585077027996,-0.30529528840840764,-0.3525736337647721,,-0.3658697371227401,-0.7252153918448032,-0.3545650634338764,-0.3757613000685713,-0.28763944083612375,-0.3729685833784832,-0.4430638580544703,,-0.31972119694460893,-0.3692930659292402,-0.2408599074010563,,-0.440553275175182,-0.3664505928861226,-0.43499771805315796,-0.33068850248386283,,-0.6316234851812895,-0.6651087973790657,-0.4008421634089451,-0.848131910972248,-0.26893853381136423,-0.7062421920564618,-0.1332088278503416,-0.2115458544218585,-0.4197028593798368,,-0.3617179175343514,,,-0.10102085402309562,-0.3268743427418065,-0.43371926418214485,-0.499316806725119,-0.34400342491011643,-0.3914385605783984,,-0.4143458414402598,-0.3520063054317785,-0.4141476227993066,-0.4094339453923074,-0.28083064284762044,,-0.2927769469004904,-0.4009955746637903,,-0.44511815035002267,-0.3207848089216308,-0.25227249942018987,-0.2878423315991261,-0.4064602002967346,-0.2632974515782339,-0.3410213539507138,-0.40468297084170896,-0.7206611727021233,,-0.3401004986841435,-0.29029878734600517,-0.10207270926487765,-0.3723223744885181,-0.30127782372997275,-0.3730000044252505,-0.3262202903678906,-0.34513080194308143,-0.2819522528734689,,-0.2880598611378994,,-0.24852397455381775,,-0.42347905359971694,-0.32730435577772465,-0.8335958671700284,-0.2642958174126738,,-0.3599479408952597,-0.3585688186831386,-0.10191063375101223,,-0.37055997287986686,-0.4138283707618851,-0.3554279593506842,-0.37002602406208907,-0.6180942478552259,-0.28901469449824524,-0.31684276732797234,-0.28345027276431517,-0.47131455580949855,,-0.3541114669678178,,-0.3158208829611419,-0.3765178287163021,,-0.08244108714492811,-0.4123664484800429,-0.42259290270972627,-0.2819207924920636,-0.3517460305909205,-0.35265369080206665,-0.5061022235015282,-0.4721680624431606,,-0.2741777383082011,-0.26610002777565245,-0.36134926821804647,,-0.39582489130765663,-0.31881677420980997,,-0.4313582422357373,-0.36866609569439607,-0.27619528782383224,-0.2223341250693161,,-0.621777494282031,-0.39833515821031146,-0.536640083726804,-0.32653447310901235,-0.3519014523175721,-0.34824316654012855,-0.35342079759406225,-0.3247219102892535,,-0.27725536056434286,-0.29414377168304967,,,-0.387955989351795,-0.2888045296097542,-0.3670963963991068,-0.4700118186727332
2016-03-31,-0.47399757062664605,-0.41004797491159056,-0.4099842367264656,-0.4058859752227498,-0.4452429868004136,-0.7742425810900131,-0.43829281514232676,,-0.16855898433493566,-0.7200255681413551,-0.6355931286845157,-0.4230370736778607,-0.3137917785133013,-0.46158499314402407,,-0.6480594113286949,,,,-0.4839918080681735,-0.4740539106143562,-0.5129301034953451,-0.535048914142536,-0.3727103480841142,-0.536744787633508,-0.2814062315928529,-0.454953825197563,-0.5079237470146506,-0.396722457153906,-0.1951586173241378,-0.427067233337641,-0.5149280605264741,-0.659503663221133,-0.5439088258427432,-0.5076966416343842,-0.46794226611939344,-0.6547774084617163,-0.37443051324749443,-0.2802128414596346,-0.21185295549194566,-0.3905448202141397,-0.6577892947492469,-0.7361321577527326,-0.5120340982749988,-0.41384209905745445,-0.4741110418152534,,-0.4715959782096293,-0.6536199309426651,-0.44769929491035665,-0.4589028709677951,-0.17745407272820884,-0.3055423550284066,-0.5487942896720485,,-0.42898972563494614,-0.4677361109650667,-0.10862577410589971,,-0.3776788711079343,-0.39614631594725463,-0.3044308760845169,-0.21000128836440782,,-0.821576612256204,-0.5629714426638707,-0.26001041698750305,-0.7241926541008414,-0.23790559926904958,-0.667406708662215,-0.24360158563758233,-0.01714060109827082,-0.5329625118352411,,-0.4533058558983881,,,-0.0028213638440482865,-0.4519373798851207,-0.5270411959253358,-0.41978189467507243,-0.45569466665508074,-0.4048468948078721,,-0.3237734637782645,-0.46677312712636987,-0.5566536996149154,-0.482169504409694,-0.45166026226459977,,-0.3999479785015106,-0.5022366699850229,,-0.7105601568640196,-0.1667576974853726,0.03177444104548722,-0.3894494991176983,-0.523175353295647,-0.39594159382349553,-0.35087474161676535,-0.42801514486080305,-0.9003979022353702,,-0.43610738515468883,-0.39471839328194613,-0.11501966452788903,-0.33076896172325804,-0.3937705294967698,-0.2325053467756605,-0.4657174233468918,-0.3424813628425841,-0.40481950793357635,,-0.3972406941790606,,-0.2929157981884105,,-0.5488376327907911,-0.439509402160761,-1.0314622471291,-0.3851157727531805,,-0.4952863464950723,-0.35800724509361603,0.10707785838037706,,-0.5144709522916096,-0.566963922496908,-0.4665435317560972,-0.28660248482288553,-0.8374648895620772,-0.3897735931057693,-0.41874245282588457,-0.39609014551380467,-0.650672060612889,,-0.4852372410251078,,-0.4110405202762734,-0.36625416193619864,,-0.14043063326609276,-0.43588377995466265,-0.5439183705967071,-0.3083577901256927,-0.4360797163486387,-0.3484701343018449,-0.6668456275701767,-0.35227419724244935,,-0.2692565628958941,-0.15621369786262276,-0.49174056084806356,,-0.4329038366576737,-0.40811191852378725,,-0.4508735982032758,-0.4749277241737588,-0.4006447253391002,-0.2663705157369214,,-0.8301735003229723,-0.5021055139553912,-0.7498659709656099,-0.4402895740560118,-0.4464358255460728,-0.3500812568483649,-0.34068678168725763,-0.42574376362973876,,-0.4024802664915746,-0.39146083343690696,,,-0.4874006598409114,-0.40438603055639283,-0.4499466704755735,-0.47471590817438464
2016-04-30,-0.2979326066346244,-0.2760058160718831,-0.26270114662397126,-0.21831178224431896,-0.2517457600688217,-0.4083050035502585,-0.2563933504000974,,-0.02991684852469484,-0.3996543518008075,-0.3949690381660352,-0.2761379940757738,-0.1505527393101788,-0.29225421618197056,,-0.38379933444586184,,,,-0.3046922467377625,-0.2890934829669925,-0.3078029471170507,-0.3238917735346966,-0.1999225622791398,-0.3855733717962992,-0.19507930946545124,-0.2889791346473553,-0.2871557206015519,-0.2691353049173649,-0.17304391913176526,-0.27630420923844473,-0.1857493254514796,-0.1799098058198997,-0.3274037280325365,-0.32520671790810873,-0.26040017097268897,-0.5488508624033003,-0.2612511151404679,-0.0038776935700154534,-0.09437156415898353,-0.18941164555383494,-0.49200636146897525,-0.3999519016995416,-0.30744383642467976,-0.27203997600143903,-0.27754305698876464,,-0.3029209551705608,-0.41011756438499763,-0.2968113034710307,-0.27828184429374486,-0.0635839542923852,-0.20652126096255824,-0.3371463164307569,,-0.2734905937969658,-0.2788022261865456,0.07877218030456377,,-0.26842031850039694,-0.21465980618927136,-0.16726278208982198,-0.1455777977139689,,-0.3775641359028998,-0.3339554979948832,-0.13837997696533086,-0.44335771535428375,-0.1451143677785207,-0.5020353431029151,-0.1121892938670406,0.11480863194105911,-0.3077748651109492,,-0.30206055460706044,,,0.09065063184075185,-0.3029813851312121,-0.3181330197782656,-0.28754195426905027,-0.2964282946922168,-0.21742486417984475,,-0.20157172547626923,-0.3116434347413714,-0.4072756291016276,-0.2911489659256765,-0.3099060171152863,,-0.2732850739447999,-0.31331988556195617,,-0.45630312610561047,-0.060945103945085864,0.15770318321707685,-0.26108370833393224,-0.32625194552961745,-0.29369132828601535,-0.18905223083138267,-0.2355898911092656,-0.47267945231048664,,-0.26923974259104144,-0.2622384163267979,-0.1658615632084245,-0.1412793690975263,-0.25090372096496993,-0.07218291107003176,-0.29840416062104047,-0.24735944888334535,-0.30510984193476803,,-0.2760325685892201,,0.013102017097829873,,-0.32073851897774447,-0.27877927063109953,-0.5908213294084741,-0.25847457038830474,,-0.3073416666254217,-0.18159318489558235,0.38432995610092013,,-0.30067879108985385,-0.33344793979459997,-0.29588939101017825,-0.21565498747473807,-0.4364318879524934,-0.257962818300629,-0.2753257431581428,-0.27274892577621773,-0.3295622393583839,,-0.2836984435456178,,-0.2650923394895061,-0.2570686619975108,,-0.24915327030460258,-0.26217313133785414,-0.3461243723584991,-0.048655838558481046,-0.2685319892501952,-0.17421953837044254,-0.3662976021921406,-0.1348757315868987,,-0.10610531817153632,-0.09322103843070623,-0.2786023290368445,,-0.22530434377483435,-0.2611754882114216,,-0.3024687191274837,-0.30358122107034513,-0.25624514320778446,-0.14251128051071138,,-0.41943259745192746,-0.32632621111356885,-0.38285260160936446,-0.3010523818689711,-0.2795247829234481,-0.17336937059916174,-0.23949837252281814,-0.27328739039583655,,-0.23839338265704735,-0.2635206756776798,,,-0.3046300623195814,-0.28239529574499467,-0.28024229984830684,-0.24916518008221186
2016-05-31,-0.22948300086182663,-0.24678891862685792,-0.23288109312559144,-0.14177382814614609,-0.1713581527486992,-0.09990173435475498,-0.1811726843712987,,0.042567948153462,-0.17818167870264887,-0.2594223751615078,-0.2260587527674084,-0.14677422824778386,-0.24198918187039076,,0.018880230206193505,,,,-0.24544366064159875,-0.19068255321819125,-0.18528024611763366,-0.16831604208508438,0.04480483192953284,-0.07441711712741354,-0.0788829939403383,-0.1917247996673319,-0.202929526205567,-0.23604627230417868,-0.21441347094150817,-0.22514738115064448,-0.07672911073592077,0.07465204353519243,-0.16432998889065928,-0.21160151438886254,-0.20347215606506042,-0.1517019729748786,-0.16586439683400703,0.08763722926367865,-0.04367697488305764,-0.0950370745895561,-0.042436853313955074,-0.14430027902929016,-0.16421734429928517,-0.24606531665633977,-0.2154963426547724,,-0.2154519543418356,0.04241927533203267,-0.2209923499984953,-0.17645269513858777,-0.008142784253309584,-0.07607870885233577,-0.20763826062613572,,-0.22993830661944759,-0.1983822742996397,0.04292076970324395,,-0.1060677860611424,-0.14737597554681403,0.0004849127017348409,-0.07223025703966214,,-0.08809367462647301,6.350266568310151e-05,0.020347917529853682,0.055653309065468684,-0.1487145702255754,-0.0756105856487324,-0.18632949759210174,0.1020421170232554,-0.18191313964157552,,-0.22187337172668836,,,-0.012157608892012398,-0.25527586003952796,-0.1696163457642372,-0.05482213204311085,-0.23558546776681344,-0.12485178284549434,,-0.03807801002183004,-0.23395770357155596,-0.28193655230259146,-0.20048237060590457,-0.28666089380386656,,-0.2468810679223281,-0.1893234102203646,,-0.26898968195796313,0.01835227642481478,0.2109068911723207,-0.24199247190848158,-0.22128197596328628,-0.2935173585904205,-0.13527047153806618,-0.13874666931388796,-0.08558169914844564,,-0.21204633329275804,-0.24167268300862643,-0.23958248344110458,-0.07097307655182822,-0.22562597412686566,0.05987691247032972,-0.2513839616864201,-0.15232853664414792,-0.2792188749402393,,-0.24954571497918793,,-0.0032108438776795602,,-0.1761968551485184,-0.22780412265741315,-0.056871832996875135,-0.2637006082602339,,-0.2537702291430044,-0.11979529565326313,0.22072445676504826,,-0.23566904707744404,-0.23510383042047217,-0.21985758141877557,-0.08188416228889704,-0.11267728029715907,-0.2380835018562788,-0.23006443061499546,-0.2549730725269693,-0.14290798576987576,,-0.2254840547105516,,-0.2191193782183848,-0.12606562138193855,,-0.38423792594198847,-0.1693405161381588,-0.22112539581468704,-0.0688637598822001,-0.19151402420596336,-0.11419015174592939,-0.1443329497217806,0.042838607644888636,,-0.1095748485824986,-0.05370648202864671,-0.2110977740057621,,-0.15260304866988456,-0.21172549200881946,,-0.1979885029012037,-0.20892297946849442,-0.24971498098145029,-0.2139371518395895,,-0.10293931840625865,-0.21958593614917116,-0.14446599911339641,-0.24567854938066902,-0.20558090365038742,-0.1164214168260291,-0.12720830372916447,-0.23090632949218673,,-0.22675139230858812,-0.23591124082179746,,,-0.19084116512926824,-0.26216268588086505,-0.18537410900702095,-0.13147657460601447
2016-06-30,-0.016591372244112952,-0.03337801105584391,-0.04618719067108594,-0.03732068293839898,-0.04214161096030396,0.2206686609179561,-0.043303174740763506,,-0.048100204643916906,0.13482736499562178,0.02432342220762708,-0.04712182357568013,-0.06000236630184697,-0.04360881753682073,,0.011137466594319287,,,,0.0027851377617082364,-0.009458396767431288,-0.004096267231157823,0.030684938386593526,-0.03879271262993026,-0.04043459647416733,-0.11688358469523868,-0.008020908242443966,0.03001333479428942,-0.059019493766926924,-0.1092303308815582,-0.03491090522106622,0.10045681170145004,0.260903180088461,0.03471987466278652,-0.011832964497581998,0.045784012335242,-0.08917616592423995,-0.08496850043465193,0.05027206389362211,-0.07516633523032706,-0.02169729244708247,0.011649715845740533,0.20620387681346108,0.023083539028749163,-0.05502211824083479,0.002524835629438912,,-0.019987761812624467,0.06900598468308416,-0.04379749681734144,-0.0007332669711887248,-0.06064871140023005,-0.08844743724736867,-0.0071061466410231545,,-0.033789953755883714,-0.008413171386571078,-0.031635223631673134,,-0.11309118547905012,-0.03791889845904303,-0.0768589976580273,-0.1571833183836575,,0.27371478590999515,-0.019744836744410996,-0.06877231336801976,0.017151992475644803,-0.12628032921834498,-0.04637536650555316,0.026561549435886015,-0.052507964037416296,0.035674277435329485,,-0.04644552352618965,,,-0.05753725609348921,-0.044730473477683136,0.022414739246772432,-0.07220685280159979,-0.03602975157644672,-0.03634084870085931,,-0.0706005948164346,-0.030430397639495912,-0.05400864305456662,-0.048949146191550726,-0.01781298972035917,,-0.0580440017342693,0.00885876556338115,,0.14255690214503855,-0.08540512475516296,-0.05920363718929965,-0.060051111671952116,-0.007723996884465881,-0.08174931259943527,-0.054589941756149805,-0.03827195934154739,0.25933810763570464,,-0.02914857375773021,-0.05511066620359455,-0.1969044399772662,-0.04358208572283131,-0.053193642346055496,-0.020278633143561903,-0.0196290749953128,-0.09134315313899448,-0.07645150037534601,,-0.058834388263804695,,0.16400163401688705,,0.057742820969076035,-0.026762456361134643,0.319912834878572,-0.061856195411390404,,-0.02505486737211666,-0.04936007052190577,0.08707266554929187,,0.009996992240492261,0.02418822846470871,-0.020105024163935496,-0.12072228744151073,0.28051010906947627,-0.055802401348475,-0.04329207319769535,-0.06022812560231056,0.1846346145065464,,0.0025901451385181955,,-0.03977328012836865,-0.06697314333599311,,-0.3010828781158354,-0.08235024426963361,-0.0028128013712473386,0.05331615185323214,-0.020036515056340805,-0.04755395470338288,0.1545082936219519,-0.010857948560490344,,-0.04567374059239846,-0.12281100164581905,0.02086559691257368,,-0.039399377182882445,-0.03712963232103886,,-0.12069122465283205,-0.0103932280028508,-0.03964379494588857,-0.11112194872469147,,0.27691990487316154,-0.027643656305678416,0.23153358493816562,-0.04632539369815762,-0.02356267408077159,-0.042532002593712016,-0.07231202713079611,-0.046539084423634206,,-0.011186825965044094,-0.05783735131387166,,,0.0041622475514853,-0.06516367156692052,-0.01285223951200036,-0.0582064280150788
2016-07-31,0.0347231413835637,0.034129341647397796,0.038414472620207675,0.016835451252960626,0.01797055970092275,-0.0024330123633576435,0.028973178581963487,,-0.024876824723488036,0.010783881640264066,0.022975155620969225,0.03378158820050732,0.02740475347170802,0.03355216673925113,,-0.03190673122420609,,,,0.031489197942416974,0.02169019549016545,0.019696353639871038,0.013842859302765334,-0.016031739319737746,-0.030592874529944556,-0.015600406631765165,0.01576133738747784,0.027944130901519985,0.036733555676501876,0.044077994216099745,0.03310437481245419,0.025298801846462084,-0.008480473729347791,0.010474804357427205,0.017529706671250624,0.03556636355714989,-0.051397031580370164,0.01761270825145405,-0.010372320642650588,0.008958274517367464,0.011433647721523239,-0.036487499397822185,0.014559263332759616,0.01751159432056967,0.038492425237249855,0.03256453752966824,,0.02473076078309847,-0.05225956676099046,0.028200871762722055,0.021270291747388686,0.0038097002042444955,-0.008446486076397638,0.023749637012091703,,0.03364890376871716,0.02591926758877381,0.012330504326216398,,0.0023776051160307784,0.026810016345548228,-0.01604376808779323,0.002451561527842955,,0.01545061918334264,-0.009547312749785613,-0.022523398829888956,-0.051924007774086636,0.03264691585071729,-0.06225166115838492,0.058700395732913184,-0.01918734199380165,0.022000949048591855,,0.02864877893229749,,,0.018734272563010204,0.03320564606025045,0.013207307757254544,-0.017407370962391203,0.03389708881238903,0.011488082958437833,,-0.013693647784347066,0.028523959461609814,0.02026103412718668,0.020406853843276045,0.04625838782556795,,0.0374305201850741,0.019708218188980435,,0.028738521350422295,0.0015073016175776342,-0.08197551180548654,0.03771110035384543,0.031842613559788666,0.04566519994383556,0.018802187988496824,0.015862342887027033,-0.012242886582292776,,0.03071050955521762,0.03880427388327534,0.014401728028505163,0.013265146504652468,0.03343032435918594,-0.02277906305689139,0.03404363663210477,0.012567928087555162,0.04041857899733818,,0.03691386236097772,,0.03420970297048781,,0.013664691760446587,0.032649686544009966,-0.04681997877192999,0.04255841166074813,,0.040881677004282926,0.0168218034435467,0.027203568278198538,,0.038504534807044126,0.03393954694256157,0.02361021476810953,-0.01523148987716485,0.0020644520071124647,0.038298888839156435,0.034447147549484754,0.040654914882044764,0.02526179224054206,,0.03334433659035978,,0.03135939397437795,0.006736307029171859,,0.06985035248307976,0.007813426223104568,0.024381190286560526,0.03427609152140014,0.02343099846233302,0.01602211326242043,0.012424523939180868,-0.02258119163014226,,0.02216440639514264,-0.0008127772245921525,0.03276257182979487,,0.017727079150073276,0.0329893733741014,,0.013764275911841716,0.023863829716521484,0.03865313852572642,0.04119547821182349,,0.002013011299251759,0.0222592261969156,0.02057461969451164,0.034060890692901226,0.02553851865285754,0.015919674036471265,0.009351599988865296,0.033822348247904664,,0.03307762742518838,0.03629997922781066,,,0.021072135207331102,0.04092802233368124,0.02215293534469368,0.006830128510149947
2016-08-31,0.3880356502027529,0.3939712478757515,0.36566600203865113,0.27991814970043727,0.2931131046553025,0.5040806675083833,0.31214046465971307,,0.1210636251551945,0.47476092755592514,0.4282213485154618,0.35634867653820057,0.27095366946803673,0.3629786400375584,,0.16502592739296432,,,,0.4204562389510501,0.3562388308353004,0.3501407291751529,0.37696320724464943,0.1284164415024512,0.20825327876073657,0.14634490083298726,0.3615660100700684,0.4069274738054333,0.3577249083266254,0.3239172982400838,0.36956079285030513,0.36468188553934566,0.38192859199308576,0.37463875927731705,0.36573510619293814,0.43898322411653196,0.2017265964257126,0.2655446667077057,0.1747586986260893,0.18250011452371298,0.25780063593799696,0.2455571614472518,0.5414645955021732,0.369577162809381,0.3656197831630059,0.39300593747315526,,0.3687950654441524,0.21647728905366653,0.35139594743716757,0.35905674176151753,0.1736959266877172,0.18255860766005425,0.36282717038086154,,0.3728089111334679,0.36458782011015295,0.15138260951116453,,0.17692736934026274,0.2935762417745999,0.12282397519608562,0.1119031829087442,,0.5480574824194989,0.1692640006560338,0.12010838817025792,0.12559395599289844,0.2182434113185506,0.17169697437833223,0.4489812404328122,0.07916306201957495,0.3936025070620107,,0.34886632107703486,,,0.19813497732586285,0.3787284929183837,0.36732993042025996,0.16995735375940005,0.3728795719208419,0.26521892241186723,,0.16605180422915927,0.3765895375887924,0.3760209200447351,0.3079527261409071,0.44919437611618296,,0.3674595352896188,0.3764510154733014,,0.5895799793993598,0.12446994266194449,-0.05442642670580741,0.3608036647044884,0.3837630789351581,0.38548843490090495,0.26431897750792194,0.2741695540046195,0.5130534374817973,,0.3595221892350667,0.3663053174845693,0.23142693227682373,0.21799372144300933,0.3489844633974748,0.1393162954077357,0.40206768353026856,0.25076283029682794,0.3794985260438871,,0.37007195003805327,,0.41012365953600155,,0.41069706686612695,0.3776946246632696,0.5409550637691355,0.37798781744272403,,0.394139077503968,0.2528958263153479,0.15481760128826794,,0.4150209388375875,0.4220924969527902,0.3698186216274314,0.15025251513449908,0.5811256567756722,0.3627108573456153,0.36603034854188565,0.3741430778987269,0.5259055993154176,,0.3987097121051397,,0.3593605384255055,0.25428223848212667,,0.26517585267452054,0.23899648546064073,0.3839407189201126,0.330470247613991,0.3510399945240406,0.2514785552752632,0.4859084934020931,0.14173048020965082,,0.25901594390882865,0.1409783552675068,0.40746473249091003,,0.27746492690970653,0.35860935533999877,,0.22441195761956084,0.37506571812003814,0.3870013717273317,0.27733785737126987,,0.5654975086460424,0.35718374281458054,0.5669124779833281,0.37462685050139055,0.35828950114819785,0.2584794052614481,0.2531342972790717,0.3581876262659351,,0.39556425375483156,0.35857261052942635,,,0.3747902932994993,0.37358103790570807,0.3545037910754393,0.22266431720718638
2016-09-30,0.10376874976887135,0.10041574586456115,0.0905447069232677,0.07677321142484547,0.060811222845018297,0.23011930728229066,0.08627437648210068,,0.09867824241779481,0.14961260498903214,0.08024032089448681,0.09581815449234198,0.05704298463342642,0.07037061400267605,,0.2008074818545121,,,,0.09880905867234102,0.10742480893818757,0.10450206702028886,0.14182936241417649,0.19513918418863288,0.1838889817778747,0.09483286416214852,0.11472148760041283,0.10363489832076701,0.09706107276321803,0.13740763169389694,0.10168653741500988,0.10950554853801772,0.1690107652421956,0.13922305318029607,0.10141804483392453,0.1279309714018203,0.1720817101037037,0.11561201881054013,0.09935026149768601,0.11943874376197,0.0932786949065741,0.2962056927354796,0.2330436728053394,0.14327705516598807,0.08176974464649969,0.09609293407496404,,0.10529660913372348,0.26780749040408064,0.10108926264818965,0.12529617755922626,0.14057266719220773,0.12933745422435075,0.09967741303987372,,0.09263662917313017,0.09894910343607881,0.0713027812827588,,0.1286823374777089,0.09425902310775724,0.13641214878549848,0.09523760167851654,,0.22421310096014183,0.20578765763785678,0.14745855010301334,0.22175227938783115,0.07749057678703487,0.17227935751531523,0.15969875736247566,0.08261543212218747,0.12509432038379995,,0.10176730513226608,,,0.0951982064156477,0.08262298505463671,0.13125553769004353,0.16189401334982245,0.09599520489199943,0.08307444154017897,,0.14450887997565356,0.10496470213811857,0.08663350420700934,0.058165995543270545,0.1113573617102295,,0.09217943528426986,0.13069508545543626,,0.20326252855222854,0.14771814506613176,0.039177632970207835,0.08671889744949554,0.10984260430493963,0.0802930538507392,0.08050713354402426,0.08268175145360529,0.2343239349047644,,0.09415097606276618,0.08985923045761275,0.050660856182991515,0.08450402227689435,0.07924144801486703,0.14657998331179434,0.08770437857068807,0.12304666924977248,0.09763987930626769,,0.09501274581494853,,0.1527625762869656,,0.13739923102566123,0.09654367204990319,0.302941628723512,0.07386517006345604,,0.07931329543732796,0.07690408910516813,0.09576057130527284,,0.09132965612008397,0.09491213954315987,0.09250789638888347,0.11722969332365024,0.2580761264257685,0.08984164129617622,0.09935950752262097,0.09184841820941583,0.2098930658143992,,0.08681517284271752,,0.09806809666813501,0.1490127939905298,,0.04171141445630059,0.035694640782323886,0.11058261220306909,0.08168353367583647,0.10612827264005274,0.07991754844776706,0.20120907308834757,0.11965832878862369,,0.06767119500589663,0.10469389782973135,0.10003804170586245,,0.05071393094829541,0.1072423453191379,,0.03764624965940363,0.1155593259088981,0.07904706198610163,0.011224370999891202,,0.24450493804962348,0.09729933180748258,0.22457782686702696,0.1007466312990486,0.10104967492005597,0.07873206412146512,0.14591892204212323,0.08444492686789175,,0.0833868561863953,0.09355692381518796,,,0.128862558501496,0.08855686584659192,0.12043893227082607,0.03097158464380101
2016-10-31,-0.2710823456426097,-0.2516770412547408,-0.28533910749981434,-0.2393742887297161,-0.2671962345568309,-0.06506890958738536,-0.2760740867084007,,-0.03273599590631096,-0.18637862801137087,-0.2866967366692335,-0.26804788545997466,-0.2760624623239055,-0.3026610237168885,,-0.024361937935885498,,,,-0.2589888403802653,-0.22620035737565544,-0.2343540604650112,-0.17429777538740582,-0.02191981718418118,-0.0003771567415902668,-0.09158452148368304,-0.18904158350560574,-0.2526848268068274,-0.2696247015793321,-0.20599743833620296,-0.25772570087472013,-0.25532745896111736,-0.11022547162773932,-0.16736704299237448,-0.22282507001299495,-0.23825225299945588,0.03716562752317924,-0.1937232135819953,-0.11165972344584976,-0.1350414033641458,-0.20440108082368086,0.11192680786892546,-0.10582508249432826,-0.1820967649210844,-0.29515604491437947,-0.27080834205743787,,-0.23522458266816812,0.13223305019806678,-0.24941635276266708,-0.20172275440474904,-0.0872132453646555,-0.08227332107920753,-0.2612212089958145,,-0.2689455838754219,-0.24739000721513624,-0.18144974676363118,,-0.14445467014932858,-0.25331091730429145,-0.06261751520879712,-0.14774806549113742,,-0.14536370434614593,-0.0786878500615343,-0.015168043158612338,0.042448117299721436,-0.2636847061687824,0.06432882272218579,-0.22858726057171483,-0.040836805365514636,-0.21844293120248168,,-0.2524928485067917,,,-0.13729692044857328,-0.28149656655724,-0.18263558206883967,-0.050086084273081706,-0.2736085998694399,-0.2159910086541291,,-0.05717776662479239,-0.24596630376120593,-0.25621673456196714,-0.28495294009180644,-0.2846723330527732,,-0.2756634591893856,-0.1979682051449247,,-0.16640069027133927,-0.07965563645184222,0.1341475261795155,-0.2812039599418915,-0.26907439805023997,-0.31197416294908936,-0.23090770793023999,-0.23710658921005917,-0.058061165129267775,,-0.2619954522141668,-0.2824853790798445,-0.17795666576788044,-0.21342005468930306,-0.2773829806160998,-0.005870133121365259,-0.2787299654605488,-0.1612569255395034,-0.2781760503271908,,-0.26919262409966843,,-0.1758369917039876,,-0.17474972363855037,-0.26311382615290546,0.11386444217617832,-0.30721950704745365,,-0.32385152621020075,-0.232510626985826,-0.162098863362218,,-0.30437386396779537,-0.2966184313616657,-0.2424754341475245,-0.0698269866710095,-0.05417586975261468,-0.28012264561921507,-0.2633756749335615,-0.2854051521484732,-0.15032004330474522,,-0.2849590927690117,,-0.25275056604178525,-0.11918561568407929,,-0.39158900287316245,-0.26327704133372437,-0.2454877937529803,-0.2677422326023126,-0.22442262055673326,-0.22418190711587876,-0.12289027738652698,-0.06772404153537907,,-0.23683555608285942,-0.1050148665192181,-0.26974899756278536,,-0.27786047294045474,-0.2491347420162478,,-0.28953673877818425,-0.2211336930848989,-0.2902167005859475,-0.3582344600600193,,-0.07009672102141695,-0.24501915063036536,-0.13657816642974924,-0.2637874390261144,-0.23843922207722146,-0.2239079115881649,-0.12536456119355688,-0.280295245959129,,-0.2644405302288671,-0.2699860070807106,,,-0.2011510240655927,-0.29195088194577096,-0.20804238075640707,-0.2814561282790049
2016-11-30,-0.5017896847002123,-0.46978279842827775,-0.49307492953312854,-0.4347610138010046,-0.47780917017774743,-0.42704932847299426,-0.4744570739269314,,-0.13518819369745486,-0.5328333357875029,-0.5863943362390261,-0.4699915524407577,-0.45878551933935535,-0.5292956629492503,,-0.1552018708615988,,,,-0.5162614157304826,-0.4490906378591115,-0.4643043610603352,-0.4120605496794941,-0.08788638616283176,-0.11255167875240528,-0.17111080060646489,-0.4078460709189248,-0.5221378748704791,-0.4611661567654351,-0.30972454129381016,-0.4680341229279624,-0.5533773593250961,-0.4897352689982585,-0.40949961664545065,-0.45419928973732615,-0.5079746156049375,-0.06049708893921667,-0.32569295428986383,-0.30351965998255154,-0.22984871232246015,-0.39052445732861824,0.01802854238802862,-0.46482500010226296,-0.40966364292190444,-0.503402388206093,-0.5203078164780612,,-0.4564906984601732,-0.007482740848546116,-0.4507063752539993,-0.41782546192395553,-0.17134318239180585,-0.17064084795750234,-0.4997359465769706,,-0.4871384791419173,-0.47858216902395206,-0.31663602282498293,,-0.22259987944291332,-0.4401694082932584,-0.1350455391631842,-0.18417578130891082,,-0.5632403500929093,-0.1801450593629883,-0.08042512304698651,-0.07308219932797058,-0.36731365829682233,-0.05228212906773305,-0.4475033316433198,-0.12410584736842956,-0.4754747782422385,,-0.4513886103748801,,,-0.24486135981039728,-0.5032916004951843,-0.41838224003971236,-0.1339331649554901,-0.49065990463886794,-0.4031456662798711,,-0.14343949752216043,-0.46278994934259216,-0.4782250561222413,-0.5010187547171986,-0.5265350410066,,-0.47437127361045417,-0.42601540882952554,,-0.5171334744962475,-0.12703065763997803,0.07288111130369569,-0.47920801905525734,-0.5046455947100951,-0.5087006933243207,-0.4028919885946904,-0.42825135037387796,-0.45633667190711524,,-0.47867157982588604,-0.48376618974026114,-0.24677540721407923,-0.37353053091995153,-0.48140825471730553,-0.10601550034729769,-0.5216831027724136,-0.2766596662457893,-0.4657413959252342,,-0.4660759240099611,,-0.47932252736251174,,-0.444412338232674,-0.4856864442589694,-0.29819593911579906,-0.5175249243085973,,-0.5692468053397758,-0.40732204290883894,-0.337964051304068,,-0.5724024785192102,-0.5783554712565395,-0.47195591887119104,-0.13379862970958353,-0.4655945443903021,-0.47939767297567837,-0.4680233504180334,-0.48467709712799684,-0.4982036472610633,,-0.5434378776637855,,-0.4576884273633798,-0.23621419914656044,,-0.41318907280899325,-0.44714450976158304,-0.4856181665653588,-0.524412551360485,-0.4363014887004154,-0.3968212906987407,-0.4463154914758726,-0.2035509678623025,,-0.4137914080562632,-0.161078731997616,-0.5344508541118024,,-0.49090459033014294,-0.44920503250603844,,-0.44459895832039525,-0.4439775575624068,-0.5154592874601068,-0.5363316565680661,,-0.4826815228777892,-0.4659099044915817,-0.5265295495036618,-0.4702433179843582,-0.45465048604843494,-0.4028481555673903,-0.23832499297063817,-0.490948052643222,,-0.5077316810621029,-0.46436652559643443,,,-0.4255337547680397,-0.49085058084359756,-0.4173938673900621,-0.48238859258441097
2016-12-31,-0.3648112246600561,-0.3032244664475342,-0.387587198399176,-0.3653647740696298,-0.4126038194915654,-0.01921537569056266,-0.4170138979705848,,-0.03780605351631782,-0.23241422017781235,-0.40268631055811643,-0.3620675709938707,-0.42124984434762186,-0.43094451763446706,,-0.09382661869752437,,,,-0.32351855325183826,-0.30302193075589173,-0.33219671486798674,-0.21210403509593664,-0.05572284045656041,0.03187152096748614,-0.12107212719829342,-0.22192399564768903,-0.3382152554161839,-0.35511112620689783,-0.20652381315470564,-0.33726038163172145,-0.4120316060391807,-0.20458806493467624,-0.2026558755615909,-0.29135134815078917,-0.2874951388910537,0.11012089139996867,-0.2627937565772345,-0.21603442902502615,-0.19263467698782197,-0.3192661140369324,0.23506050185135016,-0.06013554978678769,-0.22740589727590077,-0.40296257610108155,-0.3680087489409343,,-0.30573161142357314,0.23073416576690045,-0.3338811017765414,-0.25506986393609343,-0.10692521695620429,-0.0936780633589763,-0.3796900726694821,,-0.35707569523955185,-0.3378587937710927,-0.3114294205136098,,-0.22373444031599696,-0.3832600688951759,-0.10827829609915657,-0.23479267898525358,,-0.17730198073453482,-0.17534817589175836,-0.012698189317538522,-0.006165907688845528,-0.400299858726817,0.11955026545928035,-0.22305582525558362,-0.06266632920050307,-0.28828258284707525,,-0.3418715155888124,,,-0.15969175574723066,-0.37476077954895803,-0.2305928342503773,-0.06634779955108458,-0.3697249172514838,-0.3308201608509092,,-0.06876080225781292,-0.3157445593189307,-0.33666262063618124,-0.43848898706300987,-0.34003441446322447,,-0.3597682347170976,-0.24457053381575028,,-0.10763160097431719,-0.11957530769776016,0.20077601637256098,-0.373329469832566,-0.37606098298086993,-0.4060478011839051,-0.345523310237596,-0.36890285510067,-0.033925999365872886,,-0.357062625032217,-0.37489630916535654,-0.1616090316754998,-0.35026984403169875,-0.3779431659133634,0.0036047208067254135,-0.36431407193670845,-0.20219077652421993,-0.34805461770229695,,-0.34409072917506106,,-0.21645301169732112,,-0.19942496246034982,-0.34646567947424767,0.2833881392640919,-0.4092168221082826,,-0.46325595493283633,-0.36101673042157506,-0.29621455610331965,,-0.4270223875697006,-0.41994405488821474,-0.3172240542693804,-0.07549114547215718,0.02544281107719905,-0.3719820373096052,-0.3462958794970152,-0.3725774231861907,-0.13828455160885292,,-0.39259262438544257,,-0.3304320416419137,-0.13162736235269465,,-0.523784615388616,-0.42552781742403856,-0.33319688667780256,-0.4104194399162012,-0.29319237530625625,-0.3450737605554031,-0.10227192455519889,-0.13825080558031902,,-0.35270075470782586,-0.13351284448478803,-0.365549756490407,,-0.44521893333692975,-0.32567225538128874,,-0.4756298567351948,-0.27816277301447373,-0.38035922086756285,-0.5471789460855503,,-0.01521765347536567,-0.33489683587026814,-0.11455905568826921,-0.34200560158667404,-0.3150353844431757,-0.3412083450994151,-0.1386455601516674,-0.3846818246282148,,-0.3348117503560771,-0.35449497195685153,,,-0.24789245030802182,-0.3848482969955062,-0.264163779010677,-0.4918147077138107
2017-01-31,-0.1954800020495893,-0.1407201640796871,-0.2413017431420398,-0.29101274461746485,-0.338553248334132,0.3020294287851179,-0.30932489837482036,,-0.09373731793988177,0.026444234567919434,-0.22232531598756733,-0.2251635797221929,-0.3533104534520529,-0.2992415337384409,,-0.07457317490843078,,,,-0.1372187667174998,-0.1626328837008966,-0.19617585054263947,-0.04285655134996513,-0.05498278659439981,0.04386774535302454,-0.18337332261397077,-0.08427166948351703,-0.14948869025561795,-0.21811377147117697,-0.08178181574535148,-0.18767331577784258,-0.21355027319363398,0.04608235053659491,-0.038522164992354495,-0.15579850071587542,-0.057048555902118006,0.06358378013862909,-0.20033619970348862,-0.18276666941877232,-0.17551970383201668,-0.24989722672576503,0.3209027593395557,0.2975202387855836,-0.059116618604805514,-0.2637385326356178,-0.19398823809246576,,-0.16058295593573546,0.2949348770220251,-0.20382253655640784,-0.10348935068424264,-0.08706101749143243,-0.10353507299205551,-0.2350463851467411,,-0.20810154184256754,-0.19025698038095798,-0.30296611741863355,,-0.231544974431228,-0.2819752771083416,-0.14892993213994463,-0.3046494898589889,,0.21108821263975877,-0.13376965990739262,-0.05631666683336607,-0.02331899751057021,-0.37066278300822264,0.06237224317151984,0.04841048483179997,-0.1379592711620653,-0.10370020120733776,,-0.21323393109646618,,,-0.12298727254887247,-0.2321981591977251,-0.07430712541797753,-0.07541922574898759,-0.22004077020152488,-0.2681622828182111,,-0.08025842655283671,-0.16624561526800286,-0.21636723100672653,-0.3579929914714818,-0.12358724505367819,,-0.2186683656393577,-0.08090807362767062,,0.2535636412059342,-0.13394618870511243,-0.045841880480112354,-0.23784237845231707,-0.20660730771330538,-0.2596188943914898,-0.28180241543661827,-0.29677320414913894,0.2960703094875806,,-0.21584053420672478,-0.23194574593324835,-0.19332507184429684,-0.3096242035272968,-0.2538642882820059,-0.010637890278507664,-0.19684256268836425,-0.15387759058563866,-0.20310594628717277,,-0.20181665220519573,,0.0595253466230117,,-0.004636063703417364,-0.19211280475507983,0.6289844449473683,-0.26443259923188905,,-0.29508164081707156,-0.304468356899229,-0.20394419310981457,,-0.2327333550534545,-0.2213120921956901,-0.1780659781247757,-0.1287385339044286,0.4255379142824311,-0.2317364344868295,-0.2009647969040641,-0.22483869232731002,0.20932096574468093,,-0.21824529664304243,,-0.19157873504087472,-0.06963463208023243,,-0.5090910422090663,-0.41812750975536417,-0.1719336663193683,-0.24623503437260885,-0.15788160485359398,-0.2884256021029034,0.1919642194721723,-0.15685958802537467,,-0.2876269276276978,-0.17612197884943234,-0.1750241721337447,,-0.38134799424446664,-0.18022995356866464,,-0.48244633111832447,-0.12331105239611108,-0.22533230433464962,-0.49608965057033794,,0.3709156241934501,-0.2049682577471895,0.27145252218329374,-0.1940340604321826,-0.17677500644360544,-0.27971541885124973,-0.0769599176172455,-0.25087141966246473,,-0.16975515775341607,-0.2185334021843828,,,-0.08580293178273624,-0.24035840357729463,-0.12056013240139635,-0.4845017165884608
2017-02-28,-0.1120538846122774,-0.08754900999811632,-0.15746584389759175,-0.18607538332266632,-0.20290942147935048,0.29688010349258376,-0.20230040934655613,,-0.11986914029551098,0.11928780159855809,-0.06893993746819124,-0.15188413645299478,-0.23327527448817356,-0.1746355565809476,,-0.10987565620815785,,,,-0.05301218231514403,-0.09343776247897721,-0.10787121541446465,-0.010189011242214704,-0.1482702957543872,-0.05228692689548962,-0.2052691512656595,-0.047544052454725996,-0.04851488524387141,-0.1571799465415197,-0.14932389865009155,-0.1223913133065758,-0.05800137340268132,0.17566761799605793,-0.002524183833996488,-0.08184886759746236,0.004050878308469381,-0.0515617265142759,-0.19008984643387755,-0.10378719611703847,-0.1944724004716269,-0.16680985089291023,0.08702327109513026,0.2852128260571022,-0.02931962734297306,-0.17035510597421302,-0.0928289538976563,,-0.09522338509736533,0.12252960264766677,-0.1388484931695874,-0.06411627519464844,-0.14801176728376525,-0.15599279164529278,-0.12699281343428895,,-0.1274326365744204,-0.10361105325475602,-0.2261060193811154,,-0.2497716746710518,-0.19306971914676477,-0.19267809298938718,-0.31958396949566836,,0.28339685336648024,-0.177034710231592,-0.1393594885050611,-0.08879405436995956,-0.313613096498793,-0.02990017188322631,0.02139909355039506,-0.15602901321209406,-0.031851593617943395,,-0.1470864869405132,,,-0.14377198529493995,-0.1394620795976708,-0.029450832855016474,-0.14650487252070338,-0.1372547755221935,-0.17753282609438295,,-0.142771839276815,-0.1042628292323832,-0.13037089323168946,-0.21289909731895748,-0.06478260179690776,,-0.15154164663326772,-0.042112479577764594,,0.2460730296127364,-0.20691438101483411,-0.08757101851712827,-0.16275537521713238,-0.11569792106952383,-0.18120516432925268,-0.19962906149796444,-0.19420923034595702,0.3236380854187754,,-0.13220377643417722,-0.15721780582932138,-0.22607518268995688,-0.22228066866598348,-0.16457731003769022,-0.07884258902808308,-0.10085573075098755,-0.17369099707840896,-0.15468716174545144,,-0.1430205601578979,,0.1153424437451054,,0.04037667496807849,-0.1143058746620287,0.5384998882718403,-0.1691665230195141,,-0.16092292878687736,-0.20957058860005312,-0.12433076115242885,,-0.1039736355580754,-0.08583723966181954,-0.09697080246303555,-0.18836711010640841,0.4074498572643392,-0.15834833602219003,-0.1354529960446337,-0.1560160937882558,0.22394951215591957,,-0.09981627914770305,,-0.12764997348024001,-0.12180899023648917,,-0.48262519911190715,-0.2678453881948312,-0.08898146787440966,-0.10618289820330098,-0.09923047494213702,-0.20122147581386493,0.19689490300224272,-0.13875743613448344,,-0.1948239085372289,-0.22190416096518945,-0.06910597166994338,,-0.22450441300780685,-0.12612750426283087,,-0.3356156259967903,-0.07190966297478629,-0.13176759250034814,-0.32453575064817297,,0.37737722029237086,-0.1220270622701933,0.2945518407300056,-0.1310275925081916,-0.10800223361748536,-0.19045891856684974,-0.1294755938987827,-0.15902849255990198,,-0.08020900037365639,-0.15426819532200395,,,-0.048055979982392,-0.1660562624067386,-0.08011543707509605,-0.292508087116769
2017-03-31,-0.01763886894496324,-0.028786114349232717,-0.0418429578496913,-0.08306429951715187,-0.07391589859296019,0.1442162206931002,-0.07074314677818198,,-0.21014656618501673,0.11078614374880409,0.03445269122531873,-0.057611630695437614,-0.07770217018320563,-0.036034498878147705,,-0.24320413693952192,,,,0.016072832083247418,-0.04161230339811955,-0.04121292471842759,-0.02606883950338537,-0.26923140682942476,-0.2656313976916376,-0.27591721285051757,-0.04970681768915687,0.03320839528738358,-0.06605760790831516,-0.1417272732626983,-0.04350273620940215,0.09274763208819495,0.19033382752413341,-0.025572587354852603,-0.044862718364156055,0.060291243736858804,-0.3553761504050864,-0.16953795200493316,-0.062046409266498195,-0.19114557631349505,-0.09082453434295039,-0.28738831398529235,0.16525286467859296,-0.03214288802010276,-0.046298995502882766,0.009550702967193578,,-0.04352822398746836,-0.23097671352088472,-0.06885645316665134,-0.042330236732928676,-0.1966531587186159,-0.24514310849531235,-0.03381192863367169,,-0.033866186267510257,-0.02486594668734894,-0.10393419275054738,,-0.2670280578029733,-0.07673040499015232,-0.2693239011595711,-0.30700422246097414,,0.2490088466896297,-0.24473937162149945,-0.273997665317574,-0.29927801471716153,-0.17814637275995604,-0.33172902739114135,0.06762128080057979,-0.20013785267708392,0.009463353130293596,,-0.07328169819777106,,,-0.11714197331975143,-0.039891219213374414,-0.03224154576925629,-0.2750661161242787,-0.040664593902354836,-0.0991989765016171,,-0.24959361568618518,-0.04721714371383282,-0.08072554523375963,-0.0740746777603596,0.016150511620770202,,-0.057014372084890484,-0.03370850809504264,,0.15035706146501468,-0.2522115675819058,-0.3095649531762972,-0.056812309826299076,-0.020830486802499167,-0.0583504439225846,-0.10521991591369428,-0.09366738811936733,0.16738226176432522,,-0.03902653963606889,-0.05001065948269673,-0.2533652724646436,-0.11850685454202227,-0.05395553088119018,-0.20652378342548727,-0.0047223612904467235,-0.19244026818130397,-0.07458787393376097,,-0.05948776863656909,,0.1842577521818261,,0.020787695518522244,-0.02863024178895392,0.14349063961570244,-0.036291259403912535,,-0.0011589506252296581,-0.10400298193237548,0.05847462553503374,,0.0351522690163146,0.041822266738362555,-0.035261140611390455,-0.29494343843823717,0.2258624308306372,-0.05248665749839892,-0.05067126601094839,-0.05214036034891682,0.17155219157263676,,0.01862349266375637,,-0.051696668417389714,-0.1904931592462804,,-0.284514603824413,-0.1374746561278117,-0.02726024945360799,0.07199757116013576,-0.04990063048160016,-0.10489063618322045,0.1079284387048543,-0.18423173213075664,,-0.076433491334077,-0.2620606178737002,0.03294004243609963,,-0.06871614232558242,-0.05294299269348818,,-0.18311181553735223,-0.038515250376588775,-0.01667880641162573,-0.08082524009916714,,0.22588032187927734,-0.05708849113890543,0.21826497298347963,-0.05423636111314515,-0.04565185508599091,-0.09567424459034755,-0.1894972754094341,-0.0482366251884624,,0.009595169608858367,-0.062000216850146,,,-0.03559471271982743,-0.056153117404201494,-0.05310636377677954,-0.1159083606477899
2017-04-30,-0.2686676852836192,-0.292742461509051,-0.26790017176892,-0.24460033082342522,-0.23194722088263062,-0.2958164842851079,-0.2503483473259832,,-0.3133160329766344,-0.24509095637722536,-0.2328716390910799,-0.28162693260246596,-0.21880346386119395,-0.24621442656628956,,-0.39412041732244296,,,,-0.26528021145618713,-0.279630649329306,-0.2687905046763687,-0.30541603155561603,-0.400013608361815,-0.46121425355132684,-0.37557773093184693,-0.30665188704123264,-0.23891867278099338,-0.2922493728602643,-0.37833347587925714,-0.28385182755528504,-0.1442612197303447,-0.11823523071405305,-0.30386575724114867,-0.28875862544824166,-0.2533738465777475,-0.546592319531522,-0.3442666813566475,-0.18456379250074792,-0.3204170061669359,-0.24940037936744924,-0.5766977863432986,-0.29755080264471895,-0.30411578215064156,-0.2664871542676628,-0.24399481463340822,,-0.2891042686984258,-0.49402976998756654,-0.2945406969667188,-0.29623449390270534,-0.3407056609167794,-0.38842695945937267,-0.26114127802086984,,-0.27097674366585967,-0.26165323569270316,-0.18397816881787038,,-0.38249184920626245,-0.2514780831300912,-0.36873664299943065,-0.3626293157802464,,-0.20199137084418453,-0.3880520524517794,-0.39086416925313405,-0.4383747161046869,-0.285536214750024,-0.5051060473371982,-0.27752995913106865,-0.26705350394786276,-0.26643019852461913,,-0.2957075562599873,,,-0.2629343404734928,-0.2741806583516528,-0.2978793107893016,-0.421122793198956,-0.27604906908927207,-0.2568586573930737,,-0.38983273434163773,-0.29631532004374483,-0.3161458716774346,-0.236998362518475,-0.28737213789463417,,-0.28832305703174316,-0.3035027679217216,,-0.32773341466167455,-0.35779182000195214,-0.30257573406553223,-0.2795525347186109,-0.2682234659848,-0.2907970116103325,-0.25919838107023374,-0.2514758462888078,-0.27825186931143325,,-0.26681276827609235,-0.27789031529255614,-0.39525461790086974,-0.23968885125656103,-0.26528899732786193,-0.34484987068829653,-0.2614048334843357,-0.3676842183014827,-0.3166653193797628,,-0.2959642424397712,,-0.14079550691254053,,-0.2863360613601549,-0.272488172312013,-0.39272187169764977,-0.26264160789042407,,-0.23334690231437138,-0.24623448655916258,-0.0500175536687041,,-0.2242291116036232,-0.224758299334253,-0.27610101075376964,-0.41071576014439876,-0.29059328503095666,-0.2781712023216536,-0.2858348607477593,-0.2863944159461318,-0.2614165256091234,,-0.2324051714800115,,-0.28431555702894257,-0.388227894325621,,-0.3857896653713229,-0.24204920866607613,-0.28120450301617556,-0.13276810406749812,-0.28523670159830483,-0.24976708033083844,-0.2946435497310771,-0.292509467035331,,-0.22445334456051264,-0.3618768741666032,-0.23411030085413048,,-0.20762361167482515,-0.2888303031387925,,-0.26623094068346365,-0.29676688406977647,-0.25712210984736045,-0.19096162091081287,,-0.26852793385089935,-0.28565246255937693,-0.254753796828664,-0.2960637377312491,-0.2810479455301509,-0.2464010573426139,-0.38464045566769595,-0.2667573018531352,,-0.24772966250047904,-0.2880900809886007,,,-0.30310207605206335,-0.2865031758830602,-0.299970907860097,-0.1978868930311235
2017-05-31,-0.2577951954059272,-0.2778766816290477,-0.25792635202453845,-0.26461282179089146,-0.2613333005880832,-0.25801836897054353,-0.25772289301924994,,-0.34773074704449314,-0.23668961449746367,-0.2508353711682918,-0.27551080351717205,-0.2319570343300698,-0.25429241784577994,,-0.43285419999273267,,,,-0.2549999713212593,-0.27990947808024985,-0.2761963464252614,-0.29784723289032905,-0.4071646414287478,-0.49486475483804837,-0.42111468549488396,-0.30574882755547295,-0.23058633313549964,-0.2814648059066511,-0.3309831017367493,-0.2736808557244722,-0.13333528583345255,-0.1065848920865244,-0.3008512984064234,-0.2978540073899724,-0.21958045384004743,-0.6201545777038416,-0.34996969668034117,-0.20422277929950766,-0.3207372317020528,-0.265590205790272,-0.5716062488135448,-0.23871035916427,-0.2920174176363247,-0.26149760878876477,-0.23567336924475446,,-0.2874448651812706,-0.5100517429206625,-0.2934398952734785,-0.28643850244655494,-0.33175119390513463,-0.40986232240880555,-0.270374728438238,,-0.2639952428722553,-0.2605738604982524,-0.18945076894929824,,-0.40660685878408565,-0.25384478994797816,-0.39776225433313095,-0.39341442134242627,,-0.14806934416239892,-0.4004272858348353,-0.41490115122645377,-0.49561922059050645,-0.28947208103271804,-0.5871645008865035,-0.18840954867316886,-0.29181293479643544,-0.2571567392409705,,-0.2950963188851295,,,-0.23963864495936568,-0.27483346441316303,-0.2962120501890363,-0.4479045517549973,-0.270587164033742,-0.2796516959000343,,-0.4107847207208177,-0.29156360150119265,-0.3379701532711794,-0.26885002463937513,-0.2558225832961327,,-0.27835512245633126,-0.2947018245003761,,-0.26924212498551264,-0.3538098470626449,-0.4038165693697842,-0.27139278155933555,-0.26195016277027916,-0.27955946606564397,-0.273340312906748,-0.2728319364742237,-0.255415062662677,,-0.2631268047211004,-0.2670689232077433,-0.41736969408303404,-0.2577598960819911,-0.2646267187744741,-0.35965351803678924,-0.255905782791333,-0.3728176030364625,-0.3032280491389052,,-0.2847268010282969,,-0.06927305662142526,,-0.27623298594387,-0.26459436618736804,-0.3734894432950618,-0.25412830942119197,,-0.23058259612683513,-0.26484726041308077,0.0025700828582787124,,-0.21473241334153115,-0.22095247168055748,-0.2801136077993477,-0.4470232612291629,-0.23064147310589303,-0.26763954615186364,-0.27587760995121213,-0.2731626708426569,-0.19832842669913567,,-0.22805579464830592,,-0.27680208447533233,-0.38672632073542623,,-0.3779471084493219,-0.2984936157347532,-0.28225851825494164,-0.1121138160749073,-0.28212040614984657,-0.2666449358889291,-0.25413186935481696,-0.33050146102123606,,-0.23208451463006974,-0.3789924735756513,-0.2226053255811577,,-0.2414057112551812,-0.275622066301507,,-0.3241082414775016,-0.2902095669239927,-0.24805310027166053,-0.21204071785529793,,-0.215486246362667,-0.29459636870822664,-0.1911931101302001,-0.2876382522031954,-0.27919975130826086,-0.26284077357653823,-0.3802450620795648,-0.2654937833727791,,-0.2376948909462983,-0.2783565103495229,,,-0.293018734116249,-0.2759157469580563,-0.2922356715764674,-0.26053149566939643
2017-06-30,-0.18380641838845807,-0.19317158602839002,-0.15019091392997783,-0.09921272245869639,-0.07912396010360227,-0.4651362154044173,-0.11745948890018805,,-0.11285030851880881,-0.309953901106338,-0.17380518254916485,-0.16116323950437825,-0.04961632711013907,-0.11891530797470441,,-0.2946775264496417,,,,-0.19888616858001631,-0.18876737584905773,-0.17896272061818752,-0.26269626207112406,-0.25689099305017404,-0.32090159235432786,-0.12796961978697327,-0.21789548527961278,-0.19240942427456853,-0.16432147471746983,-0.22302400049536564,-0.17824281897521504,-0.14805845475095972,-0.26525937213937645,-0.2610648482108435,-0.19317199028473767,-0.24070711152051716,-0.3493855337206745,-0.17428690266504976,-0.08410130528555468,-0.1378253506863591,-0.11656162363019343,-0.5331455507005047,-0.47279683504616976,-0.2561876218974952,-0.13776932699480848,-0.17122555565377137,,-0.1928496648759288,-0.4705310893620968,-0.17523314211547028,-0.2205746268559948,-0.17447404360704608,-0.19044992917285763,-0.1716945750203348,,-0.16327876029153568,-0.17186031778419955,-0.010872521881917273,,-0.16925772062142055,-0.12134299880966473,-0.16724298929045697,-0.0847156683586629,,-0.4308789628582003,-0.2780046389867214,-0.1964933978358886,-0.33472725345013105,-0.06295088230510879,-0.33115223460258536,-0.27625523352973136,-0.0497345620769568,-0.22820476481106763,,-0.17430220947505412,,,-0.0913142479692937,-0.15423729356834504,-0.24144690123713508,-0.24398291740489053,-0.16830011144574203,-0.10918176915647462,,-0.20704754081973975,-0.19496719183521785,-0.18344237057400237,-0.08196660515260742,-0.2232023574492608,,-0.16140179405717264,-0.2409452709335555,,-0.45507765001870687,-0.16328040436712662,0.00032943201397919215,-0.1473556425388025,-0.1911492542564277,-0.14734343222212903,-0.09893979080881778,-0.10635209039848056,-0.4782615542623938,,-0.15936106572373027,-0.15283346105755014,-0.09519276052965957,-0.0777793703142132,-0.13076197259149067,-0.19328018165824665,-0.16941776917878165,-0.18986062626631725,-0.18114719179962127,,-0.16986410142566322,,-0.22807665553644055,,-0.27053777763099734,-0.17274575037738876,-0.6599228397354135,-0.12938434585701303,,-0.1355484264173308,-0.0853553046817053,0.00788034477901099,,-0.16335504265719755,-0.1763108066488263,-0.1737177575023702,-0.17079005417256177,-0.539321971259419,-0.15151756619498827,-0.17232638550091064,-0.16060627902973776,-0.41106643652492403,,-0.1572588868628265,,-0.17006191599701048,-0.2393820078282709,,-0.03362180182903761,-0.028956949859029434,-0.2045835965771763,-0.08261952168856028,-0.18483245571071702,-0.09090903799789433,-0.40098970056049965,-0.13816482040826322,,-0.06613342457854668,-0.11993149881707926,-0.1811708642270166,,-0.04928113835756211,-0.18147074611785433,,-0.023046064179549224,-0.2136551115693806,-0.14407319127245993,0.031607001933784504,,-0.5051780637969351,-0.17615574682214444,-0.4554404045869601,-0.18232452880714917,-0.17819416335431293,-0.09248542163849342,-0.23110974472296764,-0.14219671467686157,,-0.15854693817609003,-0.15949721424566518,,,-0.23622052245293212,-0.15532445344358387,-0.21178995977438825,0.0011056987585042278
2017-07-31,0.07186386867331164,0.07472887616338712,0.0883461563015085,0.13044289212044807,0.1330523457794168,-0.0473726840271129,0.11248213726417444,,0.19655988731512777,0.004269962276829217,0.06519325632526972,0.09305224184831995,0.13776359999936902,0.09907035223666211,,0.14887486327339963,,,,0.05928094636263792,0.08655094135381752,0.09003879649522886,0.06308262307415106,0.160929842251633,0.1520739751292296,0.20780290890312283,0.08507965068405275,0.05665366992772391,0.09335866345116561,0.09697969492049695,0.08374276907679316,0.04899717572067012,-1.6305721409463756e-05,0.06566995270934015,0.08944188082188886,0.02826439356546482,0.1880133469714521,0.1358395758830365,0.1437072156449571,0.15938715418006477,0.1304492805283465,0.09535735915128975,-0.06708890004379457,0.06452974837535401,0.09386088472558514,0.06821068333845763,,0.08447150947562476,0.10571290021486496,0.09592933698279801,0.0771915372266482,0.15329761597504432,0.1729802206610506,0.08691845066840546,,0.08495312772125464,0.08355666710137785,0.16690580398430083,,0.17793669793347403,0.11450532282096622,0.19104156131190264,0.21841343218523948,,-0.0850320226297552,0.1397718027824334,0.18864034393811346,0.16701688763208397,0.16320581128019124,0.191526637366803,0.0011638180653794309,0.20919596935959686,0.05662643151764321,,0.09721360406756764,,,0.14542432391365695,0.09037451664899718,0.0722102448858243,0.17014452781259973,0.08509612288076258,0.1360395574628671,,0.17171661922701165,0.08283053132362193,0.10317981278260625,0.1306710079726747,0.042623803247960224,,0.09113532563002398,0.06902386226702233,,-0.06309973621134952,0.17550030906756486,0.3040459618717533,0.09518403997621336,0.0716467126263986,0.09123799449882626,0.13689835403346026,0.13187381020559477,-0.05413867600381943,,0.08929942246337506,0.0904119279546752,0.19626456338483114,0.15005271051297134,0.10195950124855922,0.16752277849869607,0.07351559700389494,0.14232578619700562,0.08941312207174526,,0.08986308050515555,,-0.009682934140214879,,0.04588737105384033,0.08088328204026408,-0.07929591063646746,0.09126393994336905,,0.07711573097400655,0.14152164382547647,0.10781454743455125,,0.05789777734227576,0.05427803284967408,0.08876099606879968,0.20050909262936337,-0.10019510733567019,0.09195776719618114,0.08713526320897447,0.08772784253735329,-0.056787780518602914,,0.06911972033267214,,0.090265785293278,0.1296825500756041,,0.18746028925510447,0.17640174463061983,0.07483052166219152,0.07234969644205776,0.08980235797814307,0.1407020014091761,-0.024001520440013194,0.17548005889562887,,0.1358648563105174,0.19616273305540036,0.05710241186637971,,0.14031327416538625,0.08576248949389433,,0.18892969329505196,0.07689684102533924,0.08272922355198953,0.15622882530605048,,-0.08991211050287919,0.0953363063327088,-0.0834627027469281,0.0856219019293382,0.08915600277481317,0.13740232283408563,0.13042480286912414,0.09593609102158426,,0.07335307847224579,0.09395733937442621,,,0.07036057772156039,0.09049739134736241,0.08309859258596974,0.1775182547074117
2017-08-31,0.32978000048223516,0.2854181723110507,0.3253552904469086,0.34767916497804185,0.3669293181518408,0.24604440398443564,0.3754090903108094,,0.2456910006835826,0.2933613838476746,0.35687601884250797,0.33933760929003665,0.311492974733613,0.349889182605428,,0.572078035732219,,,,0.28366870737779304,0.33097688813222764,0.358277278559815,0.327002560751382,0.4525863353843631,0.4845988704628995,0.38993447014033883,0.30240567695535125,0.2867020911103485,0.33317898156304476,0.27611719023830406,0.3211871171848988,0.2652053778798835,0.19011235788214922,0.3256567854458426,0.34189544759119583,0.23535064094637467,0.5880611736685527,0.3960308729992199,0.22499047916933604,0.3173286395787671,0.33898081785359924,0.5406943795277565,0.2254230422306489,0.3288531846978082,0.33273626686938257,0.3012430051839624,,0.3314928909712457,0.4724660679669448,0.35331360192066263,0.315456956082147,0.28475618011810805,0.3788472863891141,0.3834370740236176,,0.3158362426604965,0.3211057808409941,0.20801619820629386,,0.4825791458151605,0.35297865743064116,0.41108083507519816,0.4307482882337331,,0.225736305568044,0.5681847013195875,0.36403279946882267,0.6378752805128488,0.3748240136365189,0.568181412865569,0.11653972056567749,0.16800577463570382,0.3128008320249873,,0.36354269358421726,,,0.12539133225291255,0.3337017425349861,0.33089364138740335,0.4663521624887906,0.3411983106306666,0.3526219096313258,,0.38988782538109623,0.33637957971204907,0.4081847247183536,0.39255550319121246,0.28127491303641594,,0.32526337810710043,0.32585405000980777,,0.2302066801325611,0.34154602325732325,0.12675579654600858,0.3226796515126613,0.36298328179789785,0.33616973334041134,0.3377872686594881,0.37241015008161893,0.28996611417503204,,0.32491007399580474,0.32083102548105225,0.28381847216216016,0.34542771136147676,0.31997114676743893,0.280423318875548,0.3050823366339484,0.38371681083630066,0.3424031082169471,,0.3217783782509729,,0.02279115635626275,,0.2814264208401278,0.3136152595676282,0.2863218661800878,0.308202902226983,,0.34909652269622027,0.34411349369385336,-0.038797952271604264,,0.31557944991434916,0.332517895947961,0.3191131096251112,0.40441313701178794,0.19431220967070137,0.3198036449300081,0.3264540299100828,0.32355301272891207,0.19825345376981002,,0.3023638179455023,,0.31716925171249405,0.3790992688252493,,0.45939578833047806,0.41539415331374374,0.36255216858424794,0.1749633292837043,0.3169337003870302,0.3360014190845724,0.24811228543568414,0.35506807274637475,,0.26900786980790203,0.3289974293913645,0.2881391918925198,,0.36375958471170194,0.3199229793324462,,0.48601575292404403,0.322925103019603,0.2882549158136266,0.31725471539593014,,0.1996837796394521,0.36560600839958857,0.19776013465216288,0.33876348449784904,0.32338216184834334,0.32583642689977543,0.36747546561513117,0.33448341343934873,,0.24882452977837216,0.32484616285482265,,,0.3211487255976215,0.3342058584032105,0.32257980386291335,0.43601000222735903
2017-09-30,0.28294547591807895,0.2584902996165907,0.2625362066502554,0.2349752794318658,0.23167290482557393,0.37680278617720303,0.2736932130183358,,0.16786063838966836,0.3104609157469675,0.27433093646198475,0.2788376775854115,0.1825636097611237,0.2515036865206948,,0.5231363631607513,,,,0.2523671425644927,0.2819442867519097,0.2925860004672374,0.3241602313579497,0.43247440434335543,0.4785759166241809,0.28922599262185344,0.2785559823844592,0.24712020775001017,0.2799894934693757,0.3013865798906296,0.2756750971479679,0.19802838547201768,0.1949132222289849,0.319236630305499,0.28800884710134395,0.24841578505056064,0.5606293003309698,0.33435160095991506,0.12690734113047103,0.25729646612755075,0.24087962378215588,0.6696111290642204,0.3768169060228317,0.3252983520118115,0.2586399680365609,0.2489702978543931,,0.2864899264196488,0.5605331567234314,0.29569582197669997,0.2945251245203767,0.2593697849708752,0.3280990892609886,0.3059653287298322,,0.2599552242890949,0.2637126970725339,0.08622326792558863,,0.3964560937133976,0.26209970448736825,0.3362845943173471,0.3082317883116158,,0.3393513503788625,0.5274803322926325,0.3205173893737615,0.5907972737034889,0.2559987325246338,0.5257800559670767,0.2115069044386497,0.07621532279225261,0.29064486090337205,,0.30319313365230055,,,0.08966081567331916,0.26472185141625726,0.31197139438421506,0.42550709779280144,0.2821357319767427,0.24435768398996544,,0.3463132583743246,0.29407448617049825,0.33031892630223414,0.2517994192991182,0.2783948518715971,,0.2708738267520801,0.31275091997875065,,0.3736769704239741,0.29923594029647893,-0.020745419391407588,0.25960187909717125,0.3099015046967222,0.2727742531223161,0.2333906587710055,0.25831015992209294,0.4056631918930949,,0.262904686973847,0.2622066126825455,0.20376917920061957,0.2251780099005956,0.24274135804327926,0.25216721718707535,0.2512976917890707,0.3366998133828741,0.30000002315884305,,0.27419461667048556,,0.08497279287998571,,0.2901365323417487,0.2636313196863638,0.5073813013573855,0.23638950434357897,,0.26336279931206397,0.22725074995676325,-0.09832988453789693,,0.25347059995688,0.26952429523341803,0.2616106114439067,0.3329001910117962,0.3844955519645884,0.26071718236380037,0.2770675386101391,0.2707040949672389,0.32248323472655455,,0.23842209611002524,,0.26710395061890174,0.36515348013947585,,0.3269477345460524,0.23030121631622608,0.3134662802494841,0.09984339867952427,0.2720464956090968,0.2253475539618549,0.348074707172792,0.2607116504177338,,0.16234520486194828,0.25380713907115704,0.2438910876165003,,0.2084715340130402,0.27934884322663966,,0.2856607270190904,0.2942810962377072,0.22746303980197716,0.13671129105637453,,0.3645132926131182,0.2979665481094584,0.34252462666141414,0.29190893841564414,0.27208583434237715,0.21773070120490953,0.3532279394309416,0.26019042193606184,,0.20288266628838703,0.269725423840742,,,0.3074825741146002,0.27472798428239387,0.29501249206855795,0.22183099463809908
2017-10-31,0.3569580138463113,0.3293220856908218,0.3448456113196636,0.3494501793723687,0.3565032634273661,0.37558327605018593,0.37275086579035405,,0.2925229223008483,0.36347079409552796,0.37128440648830247,0.359424476002977,0.30758620738114584,0.35295786479344515,,0.5805454538880274,,,,0.32731332185701906,0.3618736377853498,0.37834109585077563,0.38103136631866746,0.4846125312163777,0.5285349219555789,0.4027566391580036,0.3515926946369042,0.32654481120753814,0.35630513440109324,0.33744472794202596,0.3509492722086567,0.29382054901843074,0.2726141069946079,0.3798840968135336,0.37167366559931075,0.30237813932032614,0.6183189003144668,0.4115671060162304,0.2583513813942165,0.3464791776252624,0.3492677383225332,0.633748327262193,0.3605604136903838,0.38034487098242653,0.3466686277582979,0.3314899848656611,,0.36342848963442026,0.5643649742110006,0.374762641117446,0.3604866104165766,0.335160495829735,0.4110793325321202,0.3931814629170934,,0.3420505866266879,0.34839821145632954,0.2248389023209121,,0.47833801274922794,0.35846119351728606,0.4286296262027181,0.4185423661622243,,0.3425588406306534,0.5706727041545957,0.40505496391106377,0.6443333244289533,0.3619486222752528,0.5979805216347721,0.2262461713660317,0.2171019260358871,0.35768158181320187,,0.3819342165357134,,,0.19122833127620406,0.3525207428475833,0.3778372060031873,0.49159068843264614,0.3618928716190062,0.3573778235398693,,0.4244406607457541,0.36746754686224975,0.4179138729384813,0.37539235987173214,0.3316686654658288,,0.34928050350743284,0.37367118409734706,,0.35885374863857905,0.3753632009399391,0.18546887871855805,0.34315644800630307,0.38304746872858214,0.3522763062363837,0.34350207419644174,0.3697892378446869,0.4100378544450346,,0.34778352297872916,0.3429660700672386,0.3145235418931655,0.3435039682600309,0.33641406616675323,0.3406915066368406,0.33461227492563966,0.40940715795139343,0.36830068786267545,,0.34959027880110033,,0.1397594530553912,,0.348407868383333,0.34309985689851846,0.4670117060015929,0.3259039295382292,,0.35457347253023924,0.3439102331926862,0.032292897443971694,,0.33717956950463773,0.353095181488255,0.3485687802103515,0.42701456394024767,0.35598628440597546,0.3420264653989988,0.35321971132908614,0.34725132441324513,0.3212964934510187,,0.32750343999268255,,0.3462975290768044,0.42136726249572215,,0.4170187053355871,0.38056724762372585,0.3879558329728688,0.21072097836166934,0.3511111460317438,0.33995699343928876,0.35871408394922244,0.3755125862631068,,0.2827940015212424,0.3547727046707221,0.32374573672935236,,0.34486904835302,0.35153422107681015,,0.4310119266735702,0.3633815549156524,0.31535279191894666,0.28640308913968615,,0.3494437880702158,0.3836014799812689,0.33192612442302577,0.36527779538717514,0.3532757923856629,0.3327144365377605,0.41034732830147336,0.3497406554788883,,0.29069067709981256,0.3487660465433867,,,0.36891209264563846,0.35344621485253336,0.3634995115071146,0.38460296454205367
2017-11-30,0.5927622329830557,0.5824703405732149,0.5825796649206377,0.5841978148790661,0.5964921290879083,0.5930403061924178,0.5993320017166718,,0.5511247797981678,0.5934220949925225,0.6205121974309985,0.6007061249531236,0.536586381045761,0.5957001476937459,,0.8018756042880559,,,,0.5758610479295801,0.6037330652439891,0.6158832783100183,0.6215229103848422,0.7014500346884993,0.8037849801706023,0.6815505201807838,0.6078660687225144,0.5597961118034913,0.6000993639675016,0.5856998237329548,0.5933469798802945,0.47558076498172064,0.43506968149007064,0.6234696385964853,0.6257291274657801,0.5295890827974823,0.9477912326693877,0.6599031577438319,0.4585323846512262,0.5772000406105783,0.5756436091901989,0.8949356912380044,0.5727280331101546,0.6151926633287284,0.5890582502753381,0.5653101988489951,,0.6110852508186844,0.8168213962823294,0.6207012919766779,0.5998257442143844,0.5651761015519711,0.6750308986745811,0.6283312671057649,,0.5850979908211535,0.5867608488360398,0.4237533235270433,,0.725004065366508,0.5797827117098786,0.6715591332159966,0.6694768660158018,,0.5176195385574563,0.7708940434529636,0.6577247654643614,0.8751848592520456,0.5906121544490673,0.9119449259305197,0.43576352734948975,0.4581939440336739,0.5895296546864097,,0.6265589777174144,,,0.4191568433624027,0.6039797813816035,0.6203586619669703,0.7477770321284214,0.6033419245862809,0.594397059079676,,0.679088597795771,0.6170317282795805,0.6901598237582209,0.6188539889632477,0.5767518282236347,,0.5962680913560896,0.6164208928314855,,0.6027747858215519,0.5976927494246783,0.4946469233806581,0.5885030212209293,0.6139305013051377,0.6049771679056395,0.5787561912943779,0.601924877406649,0.6227705385452663,,0.587075036020325,0.5858084538884354,0.6318390074585442,0.5622963372512746,0.5812948030913793,0.581699101326272,0.5822682378887,0.6651456554529522,0.6236003059564674,,0.5992380509599801,,0.30774477390997745,,0.592163121484338,0.5859929714983382,0.7165944590199707,0.5725803638152951,,0.5860144667453048,0.5746055566739074,0.15878834512948495,,0.5640484046774574,0.5813894005911954,0.6005013950317012,0.7065648602291206,0.5665044168140756,0.5847766941325874,0.596135041103337,0.5925868449468548,0.5234346827688566,,0.5626006906056115,,0.5909321639994246,0.6743848927150048,,0.6917632820236141,0.6362827835923771,0.6296747718912156,0.3983709548842489,0.5950220505113841,0.5710682050453849,0.5806516270042885,0.6063344751645547,,0.5114643747015684,0.6128576291445359,0.5537394187960919,,0.5779754975615284,0.5906813726711078,,0.685274551893455,0.6100170127361045,0.5617343157945333,0.5239594817816297,,0.5557595671355975,0.632589450991781,0.5321983972775484,0.6130402248782268,0.598063480415143,0.5650385747967249,0.6623875820578753,0.5923760711442776,,0.5378563386376571,0.5939509238223358,,,0.6116909819137957,0.6000718189624579,0.6058608759604223,0.6198322965782357
2017-12-31,0.7069713152220777,0.6714674660178259,0.6856866403371908,0.6978840313361221,0.7114726733156115,0.7694199140242844,0.7208895471964926,,0.6213352030615804,0.7515611883865483,0.7499294597338658,0.7037587923569777,0.6400676586115052,0.7043185150659298,,0.9739996892687794,,,,0.6801908953836057,0.7164825586096045,0.7392226576110134,0.7445136214869078,0.8333277656481214,0.9095578458340762,0.747665962565304,0.7056950523847736,0.6826294482508813,0.6960613530275686,0.6443800116884819,0.695524853460396,0.6476378611434217,0.651693931169342,0.7460370536043839,0.733591702301255,0.6478876770430783,1.0283226038569124,0.7549293623775125,0.5932702872903746,0.6679385525755612,0.695797714233136,1.0268992903585812,0.7426614197069109,0.7390257702804023,0.6889282355996044,0.6820973003628575,,0.7171981524660538,0.9621834362149995,0.7245667993413155,0.7117569558855049,0.6519135254077278,0.7537844570911316,0.7580997525842574,,0.6871739282090091,0.7008151503481441,0.5299526959132879,,0.8277484955618784,0.7004249261575699,0.7724256044734977,0.7463995940326529,,0.7340384538809536,0.9432654054016458,0.7442634287803298,1.0553725423092006,0.6821287386777456,1.011988919116411,0.528572991591287,0.5218639583208833,0.7182836013566923,,0.7323861052673003,,,0.4790760735219278,0.7023264026500707,0.7412286777193751,0.8519036386686089,0.7106758865506058,0.7073378764188465,,0.7700907372317198,0.7195295084170421,0.7886732012621278,0.7353632742220392,0.6742098706598018,,0.6896080546148844,0.731466500001838,,0.7365812929905604,0.6913937193738321,0.5109569606768248,0.682113265098565,0.740583368957326,0.6905147114335514,0.6834395569414431,0.7214470193364251,0.8245104727592377,,0.6946676923364136,0.6819031519567801,0.6300760933415696,0.6813456830720928,0.6777416880035597,0.6742032981347399,0.6850343816755703,0.7499877470704486,0.7088076751659286,,0.6896867238980214,,0.4531808820984836,,0.7135918238681331,0.6897301050029861,0.9095272219886246,0.6632295046185636,,0.7068064984866145,0.6854799666705902,0.2929325207847872,,0.6913281919468572,0.7160958886869805,0.7028357875309844,0.7715289203310118,0.7541097852167233,0.6804369532445436,0.696455771740297,0.6858528698754774,0.6883508162814674,,0.6799909702030968,,0.6895609864121668,0.7654377477495079,,0.7178265458106992,0.7408770083972865,0.7515014085652324,0.5338897205415407,0.6999458366951624,0.6802261999245145,0.734865022810311,0.7272898840666744,,0.6096768279301807,0.6747534237676338,0.6760122053081087,,0.6982921237909897,0.6930124951055125,,0.7922613542040609,0.7171199034791734,0.6554873035584036,0.6110204227957469,,0.7471522077827186,0.7434303551281765,0.7131342770087302,0.712021877780179,0.7032609100444582,0.6732278954767649,0.7499792827089199,0.6950837424023548,,0.6321423688192125,0.6881098102473207,,,0.7242570171404682,0.6935246206626308,0.7138367413360246,0.7497552838352467
2018-01-31,0.3836067975433921,0.33876227610456827,0.34909378758057696,0.29429678249009683,0.3105088034135515,0.5221809790356683,0.34991457169915946,,0.07490071581425758,0.47940554359343757,0.43076550671134667,0.3525151047466303,0.24855108811308066,0.3564837415318279,,0.4447431070408303,,,,0.36881127946156317,0.3579794435011401,0.3771182624285045,0.3946062558592605,0.3085352511862108,0.3637179342022468,0.18401996664053757,0.33487785995822733,0.37603137204541964,0.34531197946055747,0.2743410785814415,0.35319484631102377,0.36913783563670577,0.39116637312855196,0.3897836852288965,0.36510810719754333,0.3775224079020675,0.3967300252115679,0.3186875516970168,0.15554309448269513,0.200299287545826,0.2833661072600566,0.5018031374788393,0.5374701971450203,0.3919828048509763,0.34713905190392413,0.3670565304879844,,0.36254735646897174,0.4291470022099368,0.3598426073891147,0.35807515693856556,0.1786866602831816,0.23257900791597463,0.406486687164222,,0.34796390152140305,0.35579619881100594,0.09496250560153285,,0.3147182982258833,0.3237522767018005,0.2256351670816061,0.19485211770994634,,0.5742111948897346,0.451898272305029,0.18652475982150926,0.4690831838593851,0.24966999872720302,0.3736401257151374,0.3086028449845036,-0.01953266900925631,0.3962172755248399,,0.3663434628256821,,,0.05556467088707399,0.3563552062300488,0.38278647107651187,0.3124841467410958,0.36999691550428665,0.2875448768140781,,0.24252462285987664,0.3695009756490776,0.40201398235648816,0.33889220587141894,0.392986673486523,,0.34360035010578255,0.3830530744178927,,0.5386709246260293,0.1851121391709591,-0.217986779303397,0.33437363769208,0.4135486909762147,0.3544321819748625,0.2710011782731724,0.31283616354320104,0.5771553807704601,,0.347861573381571,0.3410689438119947,0.11430480847373918,0.25167377017812975,0.3212549620273542,0.1518410947198989,0.36213082273993086,0.29416351426913073,0.36094566831777514,,0.34246500199916013,,0.250654294659926,,0.3882973572939118,0.35332514391115194,0.6169665284102382,0.33087882206888614,,0.39513115316839353,0.26880905425905954,-0.02553596972103704,,0.4001994468944821,0.42323398895162795,0.34617793074961434,0.2063109980387035,0.5718275372861178,0.3371750524550777,0.3515176494016303,0.34804990031773925,0.4947131830049954,,0.36837484511551405,,0.33790421344687105,0.31015338016961913,,0.27989161845835603,0.27772002441884835,0.40882359724078676,0.2446564327378278,0.33858560960458456,0.2624850274418182,0.48103903044922736,0.2105698512740273,,0.21209304975470605,0.14463783040062314,0.3760350953467085,,0.29543414286190967,0.3465891950387759,,0.31551532060752596,0.3674668632685017,0.329285146443885,0.2250625960613599,,0.5594463650315074,0.374773323465206,0.5449073146793476,0.3657285139257354,0.3465246265372803,0.2600908119135523,0.29809623318823586,0.3451179945983003,,0.31216117643409724,0.3374847685419903,,,0.37618822324946144,0.3530724159013224,0.3539005028145748,0.2951195235986572
2018-02-28,0.33870968647991107,0.30013525746233555,0.29779512154976195,0.26282203117368474,0.30338044108042433,0.49291503673898124,0.2939832940282544,,0.014692027940436078,0.5007330995609424,0.47019292400594165,0.2954676674171482,0.21992156447268935,0.34092861752674625,,0.25779666408718727,,,,0.36153560687959274,0.31767615741599553,0.34143424406600753,0.33980568576248754,0.0798151423771767,0.20763348809301588,0.08901333112691037,0.29873526215870727,0.3709139457567341,0.27842622390852134,0.1073854688309439,0.3001697864904374,0.36787725557034884,0.42798375699615676,0.3449490478366609,0.34304218938266673,0.34757788122986294,0.26393503828378145,0.201008240292814,0.1305111890745153,0.06474504766796858,0.23283954168482462,0.2187518981814927,0.48873236288545036,0.32287183670278385,0.3049931594572937,0.34844988683026024,,0.32211381016430746,0.22758552425472728,0.3020445805840686,0.2975116715011085,0.024199818289896254,0.10134857757187092,0.3737007239373108,,0.30975392176812133,0.3259450536925108,0.03615717623904824,,0.14680748266335214,0.255136925924545,0.07168748778462264,0.03661467151461975,,0.5639369245823194,0.21179662903290536,0.032423702386739084,0.2635177092788584,0.13011758585905414,0.26213770071853304,0.20052934494558444,-0.07883785767882408,0.3630419055825545,,0.3039050461099245,,,-0.031210480906904217,0.33101027899123747,0.33727148463185075,0.14070689832387778,0.3235330499473865,0.24903589631744535,,0.09559623239324073,0.32260292610040187,0.381506396572961,0.3336567532502008,0.34813969070826234,,0.2880889675093179,0.3272302843016912,,0.508903494973298,-0.011253010227623282,-0.16650327452493804,0.28309365263250696,0.36292352311147186,0.30157842064680274,0.21856509569049004,0.26929152407631074,0.5719024108805054,,0.307326897326155,0.28763274135178074,0.05303975316431925,0.1853931105481336,0.2856359888755358,0.031982909349967545,0.3493513685107961,0.1660408111148712,0.28972148878051884,,0.2847501368943589,,0.2328008724047362,,0.3685338213499674,0.3157804399660338,0.6009410988690985,0.29878276745191135,,0.3744861661128678,0.22132325788175333,-0.08136635680661487,,0.38998294557882657,0.4219857436870813,0.3280336326980818,0.07656576039977817,0.5528730553092052,0.2828621561779927,0.2947746867836045,0.28999784156560793,0.45044155111287154,,0.36470369597708263,,0.28727204031753517,0.1636481846946543,,0.10363413627741547,0.2827166646565757,0.37129444615252916,0.24559368532016168,0.2924524637348552,0.21252887621512292,0.4385593460363519,0.12865654803792845,,0.17967172756512403,0.011074540282713418,0.36516783269963304,,0.29808104929809226,0.28000575582948684,,0.281954333367767,0.3200736778363786,0.3094228289359503,0.22592672441066444,,0.5521728685423472,0.3396937255858344,0.5212364172461238,0.30924724958636085,0.3058556302788638,0.217757445528319,0.15042369974470152,0.3063218092688445,,0.3121674695991901,0.27800204504168385,,,0.3188260910186021,0.29658702989393826,0.29221370499814137,0.30845879193074216
2018-03-31,0.029522476923585943,0.014672602149056125,-0.008005574111699203,-0.0996733308277265,-0.04689745491952249,0.10311522778756639,-0.04547029449523944,,-0.40477776088703654,0.13798120657267957,0.16198446402953612,-0.003662777763730666,-0.15815630680825515,0.03243701081211329,,-0.08926391039341898,,,,0.056785689493012846,-0.0031579581589165984,0.013261984869600106,0.01799861390491172,-0.2881840732704959,-0.0448085059686844,-0.2103829283957686,-0.005394899856948203,0.02435539253503795,-0.009158098636115882,-0.14683313084241054,-0.0005748262114312753,-0.11619372925091322,-0.17004117172524774,0.021036672917856315,0.043024089033790944,0.00026327878772158786,0.12821642702395983,-0.08392488951266577,-0.4083839245985064,-0.3086398108025158,-0.15518780267288285,0.009082342542716334,0.11871161252583713,-0.002959356614873576,0.00798612803206128,0.01432458125746082,,0.02133643189862261,-0.08184790289176802,0.01014371727258367,-0.024732710575546848,-0.36077422644261087,-0.20091327754177002,0.054625327462619534,,0.0041763496739199634,-0.0029150019746147816,-0.47788488278559654,,-0.137113509901512,-0.10508540259723423,-0.28363268146231957,-0.27578259100976504,,0.09823729152633501,-0.1350221871649136,-0.323197331654307,-0.06840002000993722,-0.20086811889282735,0.05645199524343868,-0.1602933826519504,-0.5664297087896359,0.022515904058335232,,0.013859542632634822,,,-0.47324538583353887,0.04527320418299141,0.013797894142729987,-0.14924730178870604,0.025730296652626817,-0.11411416363166363,,-0.22801182967552644,0.03667290537394792,0.14704655589674562,0.004894732824320499,0.07532316437068794,,0.00402148018373304,0.016904920326601073,,0.23243719840509208,-0.39538535932712904,-0.6692920336423569,-0.008752006422105049,0.05068946260211283,0.046647455128193495,-0.13922715746210382,-0.08928693460680795,0.16629593940795037,,-0.009969507020376465,-0.006647705159082899,-0.14894032076066674,-0.22027003315426807,-0.022744199318733872,-0.3837065171260958,0.04892241140653411,-0.11154818811632843,0.042593135833084286,,0.006650991821156213,,-0.3244849965578968,,0.03509731661806436,0.009198319621954873,0.2502161490782682,0.007812509721867384,,0.05978239795979647,-0.15224761480651777,-0.8138863253245195,,0.054036345031651264,0.08744652818361999,0.022770519517815026,-0.20073994054534552,0.15481466144023626,-0.013148014746579038,-0.0012003517283304596,0.008298764673363134,0.05559906949271543,,0.029983395581303494,,-0.015545826739031215,-0.11914501944266997,,-0.02112971131596772,-0.04990321638967015,0.06929444659109484,-0.2530112787580927,-0.02511456597393639,-0.16279653514539724,0.07622112261016797,-0.3023929602189236,,-0.21946167432418484,-0.32149656058656534,0.019714024031623527,,-0.07727319460777198,-0.025908070423593953,,-0.014183822121253305,0.018206301741127442,0.004937575808725534,-0.1266180160890498,,0.1369687818234227,0.04376424206922429,0.11992962527877317,0.029635878229769156,-0.005719099609942209,-0.15922145803368107,-0.1349441195486325,0.001670644401745681,,-0.014436321050274878,-0.012321857514967213,,,0.008849131379710261,0.020424596407698756,-0.021027577409578904,-0.07280339836952868
2018-04-30,0.0063683741125405615,0.011406435418085191,0.01843510857993649,0.029562568842446586,0.06305145483161986,-0.20151480988408343,0.0348859255074217,,-0.015876270078503202,-0.08784868994444474,0.05417796818184688,0.034694779487718236,0.001892694778168619,0.054619116240745225,,0.12013736824910093,,,,-0.007151976089078528,0.014944697603454939,0.027578400215029428,-0.01326616341243836,0.029270009442327573,0.1793849129899088,0.16071162619304902,0.01805635264280938,-0.04481594311467662,0.03754636362606664,-0.0018893385659325933,0.017544459470761192,-0.18748348177032434,-0.3496945537271803,-0.008378989565488297,0.05125810141918511,-0.10974006954178141,0.387622942029243,0.09346823264494998,-0.17345934942705096,-0.012101898006903476,-0.005151247022771679,0.14318940295390148,-0.22433705244483318,-0.021867133388328318,0.039177406568240515,-0.0225557751810436,,0.031014434676369437,0.06497565906144578,0.05221167766293776,-0.011205256379419512,-0.051468827765646895,0.1035559687039269,0.04600622736936833,,0.01766689977351191,0.003172397701714744,-0.15862077412834538,,0.15866173165147893,0.0013384121293759082,0.07933266074672106,0.14689401124912793,,-0.31272289192436076,0.08138342767343068,0.054854063952107526,0.181127080371149,0.06003994612289397,0.328063239256092,-0.2463039130858755,-0.10780126587608635,-0.036520368730508714,,0.05813662204495634,,,-0.16673084837655083,0.05556335192943745,-0.00044958565074883233,0.14153034828601377,0.03417153544297463,0.03493393734469594,,0.08291041814250176,0.04194585065455117,0.15769218407861502,0.09388211023780033,-0.013926503665884557,,0.03948645031428091,0.00013471979540991707,,-0.12742368433633786,-0.019317766579107602,0.007438406424892047,0.03638126621303209,0.01840718853768497,0.07096357273289215,0.025258749369025356,0.04203718211612711,-0.18720031306958101,,0.015117285987772967,0.02766478074262324,0.1933416472984066,-0.007746982299051634,0.033696803755160834,-0.04723151545797888,0.01745977138611921,0.09680921717284875,0.07322295893035509,,0.04129990063497731,,-0.4399577627320757,,-0.04748672401927904,0.012493301917587483,-0.1562786351303687,0.03326309777699516,,0.024471436759018063,0.020674858524936966,-0.5413616595565159,,-0.02434513990397514,-0.012707854290787508,0.03434874900975442,0.1668848349171384,-0.27976895595979584,0.026703964674847615,0.025725703902758107,0.03578010418818551,-0.2526624505388489,,-0.015533591848118563,,0.020991578533735376,0.07193552602988283,,0.28114986672876113,0.1509299087950321,0.038158587415662526,-0.22678142628222878,0.010864918686265792,0.013379463568873793,-0.16359138756252442,-0.00044211556265746503,,-0.04093436714352838,0.06827991623342292,-0.04642399151289101,,0.04905906602918573,0.00817277845239475,,0.2134932074779594,0.016094235609790775,0.00927831656390763,0.05403607081075615,,-0.27862059646791254,0.06547161449570321,-0.2729198361307899,0.045922986197704393,0.020849127137273823,0.00703620508919696,0.0631613333879818,0.03755088384442388,,-0.02952850647849121,0.034639865517150224,,,-0.001732423764298046,0.04937381568348274,0.005337705588802095,0.12114384459745106
2018-05-31,-0.32269410480959887,-0.2604163808803431,-0.28877605218769714,-0.2631878636885534,-0.2643705522596231,-0.5504343352446492,-0.2948997834154465,,-0.058086110157530665,-0.48911031677930134,-0.3613570306574645,-0.26457922445534726,-0.2770135100755391,-0.29074799411710545,,-0.14620075806404798,,,,-0.3259296870988427,-0.28514805124844256,-0.3014251753542479,-0.3057664350474926,-0.10528556056705833,0.027480916612529733,0.05642230012255367,-0.23715244823266088,-0.3866021225986886,-0.24590968717702325,-0.13013555325696527,-0.2755338891553029,-0.585852179683737,-0.7487873773782329,-0.30022165700138487,-0.25428346764212856,-0.42052485506033765,0.24666527486502926,-0.12801944203172821,-0.3711322392369967,-0.14164112308168517,-0.27496039647458187,0.02130422763305264,-0.5773958316023147,-0.31137529400674874,-0.27365201595726274,-0.3580157454159463,,-0.26693511783760243,-0.06970376208544361,-0.24329410557793565,-0.28674514776536386,-0.13272479129182005,-0.008327412920680604,-0.3180135778123861,,-0.285357836826952,-0.31147638574383596,-0.31580982048020845,,-0.034821340553601886,-0.2985727258042537,-0.040657587887494864,0.025166452079131818,,-0.7710598279409129,-0.1864774060298817,-0.006094781042627008,-0.07152752281471238,-0.16318652502508676,0.17658506640132787,-0.44423561046865634,-0.10413377820887426,-0.3658441243669366,,-0.24246040040412412,,,-0.20961264812582905,-0.26051237610150046,-0.29548838012620554,-0.004382015684875553,-0.2841318337790377,-0.24090874850998228,,-0.028928458137005845,-0.256558299521806,-0.17465573750231048,-0.2576714470163793,-0.32584530990245486,,-0.24760606793988893,-0.2894802822322862,,-0.4762324155385819,-0.09473264947786744,0.16738341856380018,-0.2522742871024231,-0.3363443502364418,-0.23031486788898092,-0.23330545919903703,-0.2602930637282568,-0.5993521483850386,,-0.29130079752136573,-0.26547970853337005,0.1508483757984962,-0.263017083051652,-0.25948892000854107,-0.10461304500769314,-0.3067443397917329,-0.08223751249817544,-0.20579028345755698,,-0.23735857637328875,,-0.6879265511639757,,-0.34715845687392927,-0.29158716120661055,-0.4846792444966957,-0.27034577383954156,,-0.35568497550550476,-0.24860422281715655,-0.6498368646322105,,-0.4052828653597801,-0.4133195259045248,-0.2662760059028886,0.08181869440998918,-0.6514883713150211,-0.2629368117655748,-0.2661295619109734,-0.25580218658256726,-0.6047761681702218,,-0.36630224277687784,,-0.26102334068191196,-0.090426339474606,,0.08201784820780897,-0.16395832345545425,-0.30455782770099826,-0.5343637224054908,-0.2677615586387133,-0.24548807593588456,-0.4932537299432961,-0.16944503388001997,,-0.27519678437992395,0.003277100794428972,-0.39292867372745816,,-0.2890659065168956,-0.2719999672438533,,-0.12002339650176426,-0.2734551676026224,-0.2927732174163247,-0.2513270900747171,,-0.6646835462157489,-0.2541576958288915,-0.664542196238725,-0.2511117487695361,-0.2709221745807494,-0.2520903597376671,-0.09176009166078977,-0.27289648699651126,,-0.31870238513485827,-0.2467062673583521,,,-0.2861807520391825,-0.24942917868151038,-0.2674880671210139,-0.24527271090775965
2018-06-30,-0.23830681231830791,-0.21384174993742777,-0.21381245126012438,-0.15181617137711545,-0.13317511463811468,-0.4444447264804346,-0.1896814885538706,,-0.042753006880733455,-0.3366005150412541,-0.20892677908333124,-0.20086467805887817,-0.1546936057117059,-0.18122952679845797,,-0.1407019726223707,,,,-0.23729371025916207,-0.20753638211124265,-0.20419875024166662,-0.24607786077921223,-0.1550808726826722,-0.06333705846220108,0.018136564041596623,-0.19167371707777986,-0.2629391625993883,-0.19933256239758754,-0.2136719269261761,-0.2143600252112698,-0.35277555382170317,-0.45539006936840726,-0.23624884144288807,-0.18049354500448372,-0.3240915645630888,0.08739203561835404,-0.13223637781513384,-0.20126137427115398,-0.13970826437371925,-0.16893266548922165,-0.17915458736347492,-0.48668156265750345,-0.2546664201159385,-0.19636076183232945,-0.2459426445933913,,-0.20180742443494085,-0.1729768718647276,-0.18798098225094606,-0.23043994201091467,-0.15755303347085675,-0.061370865573721504,-0.2079699123544271,,-0.20982007082366436,-0.21654339247736595,-0.17859286217370526,,-0.07133206330758265,-0.20016924520148754,-0.06633728888375698,-0.013391202006213744,,-0.5603859507804417,-0.19490000113316913,-0.062208447251313435,-0.09460292742060815,-0.1259789880067732,0.07016818157709846,-0.41999251576603325,-0.06199511515624972,-0.26627051999742485,,-0.18743889101043484,,,-0.1829947262541924,-0.1847304671299223,-0.22788897060014732,-0.07140461081671304,-0.20975311037077693,-0.1410532483718575,,-0.07819260165118906,-0.20172005080293706,-0.12399125246771497,-0.12730212781563188,-0.2730452065739402,,-0.19687333928288814,-0.234610740839713,,-0.4296985790947161,-0.1366226057692438,0.18716185569951005,-0.1931880863889496,-0.24210810346053732,-0.18613204787624213,-0.14706621818271987,-0.15220437161707517,-0.4504252388259627,,-0.20833349545771995,-0.20433034254250204,0.04963711449320616,-0.15422695966560576,-0.1818938077616763,-0.11563481139690689,-0.21625193929714215,-0.11571461268266958,-0.18724484831509736,,-0.19563070742937128,,-0.49486062620966226,,-0.2660621157735479,-0.2160370324737912,-0.4340043419823945,-0.19545452144504843,,-0.23016687281961376,-0.1454817307440694,-0.405521600839181,,-0.2672911206912277,-0.266262976155993,-0.1872151306050068,0.004844470987683402,-0.5354309056301322,-0.2025817515198259,-0.20866101638415152,-0.20485032892774524,-0.4900838506195843,,-0.2399300702101937,,-0.20194801735180617,-0.14167672621062424,,-0.02063679056109136,-0.03909204048851641,-0.21925989846609106,-0.3236302990190455,-0.2029542197603471,-0.1476560783248772,-0.40659099373915064,-0.10181385075590806,,-0.16478730253837315,-0.04484402612310718,-0.2679313047392526,,-0.13181959810389632,-0.21892032529414857,,-0.019980165784977844,-0.21657057446927155,-0.20876413840083372,-0.10961477180113836,,-0.5242160406506529,-0.1784833490936196,-0.527147573847619,-0.20176427809197722,-0.20064408400159334,-0.15066707247523947,-0.14396857076756536,-0.19222191814642453,,-0.22316159697461624,-0.1963193208311427,,,-0.23362479135600403,-0.1971658835852397,-0.2167201559572401,-0.06345194571972697
2018-07-31,-0.07490424657000071,-0.030603176771131817,-0.07769077568462476,-0.07951011163429363,-0.045640312000317394,-0.10344674328085787,-0.1109329312493215,,-0.07013080692563149,-0.034837901821240844,0.026228075276046134,-0.0731521360366384,-0.09545913762896914,-0.037714886128730356,,-0.22153679770901039,,,,-0.016289728343588383,-0.06064524728222219,-0.06640490950920101,-0.07269441484419299,-0.27700840193328974,-0.06823823690323758,-0.029998987761795184,-0.024002314427807966,-0.053947366092168124,-0.0743696829380784,-0.14470309138717488,-0.06748212012844883,-0.185221136381026,-0.21061520166568182,-0.05829874616240881,-0.015341419177734086,-0.08728038441058009,0.09004153242261603,-0.10614869498070341,-0.1838716666640228,-0.1794002318982636,-0.11754552422445168,-0.18625779410288426,-0.1275045804564383,-0.09763766342638926,-0.058913106411508064,-0.06260788655608752,,-0.044804989382825684,-0.15831178329017476,-0.061755444004308525,-0.082598476920278,-0.19886963860389206,-0.08945113832487771,-0.06644799264154588,,-0.05516657662095863,-0.06141603626588857,-0.21506173486783473,,-0.150307563367822,-0.13730651276412284,-0.16240898054103997,-0.1448067553076708,,-0.19037784863046864,-0.3114690280971756,-0.14298406783733777,-0.21119366489919364,-0.16302901385369886,0.06165188732736878,-0.19601522647565175,-0.1241079796928244,-0.07733143320000666,,-0.06778659135735202,,,-0.16505977175009504,-0.022832672320276685,-0.061754117349107726,-0.13240150788351746,-0.06293716970354042,-0.08048322541912788,,-0.125003639791604,-0.043342885073357484,0.03766507393807084,-0.03168170397686911,-0.04852724868385867,,-0.05772142752095515,-0.06784071993854192,,-0.02877900247191793,-0.24932250608317305,0.1034482006873309,-0.059695312351629615,-0.0889848977289141,-0.03837611041332829,-0.09611459950547985,-0.09333409265189682,-0.09316112956955734,,-0.06701449142765897,-0.06692448526393224,0.09156484370329972,-0.15181260444353717,-0.051215849520339,-0.15177124127305866,-0.02275758896766814,-0.09839646491415936,-0.04564119212840894,,-0.05275664261687327,,-0.24633554375890915,,-0.03908200951401426,-0.05470795507163089,-0.008032654977362644,-0.04153038769387178,,-0.06550537699669123,-0.1046440167190665,-0.4119558978093146,,-0.06968683806988127,-0.05750953733810874,-0.019011296124212696,-0.05167342738686706,-0.10828758455494979,-0.06831549735232682,-0.06883239659878941,-0.06290989909762346,-0.1528571891960434,,-0.04780752157580029,,-0.06181403936906654,-0.11863222246484066,,-0.07656078027049965,-0.000533936974867008,-0.05294163257102028,-0.18052255967103328,-0.0615712302407528,-0.10629429816672195,-0.10349952661530934,-0.14270377616020544,,-0.10421325848646264,-0.11455273497450931,-0.06584198858952793,,-0.057656894115920315,-0.08676679301858879,,-0.027668639712500883,-0.05240326896153633,-0.034122759007890885,-0.05122968008204368,,-0.1115632488926992,-0.03616184193480139,-0.13784637599198274,-0.05461959211318927,-0.05396725066083421,-0.09780235337008568,-0.12294146129536447,-0.056738955538430745,,-0.020263936891401598,-0.06617722808896767,,,-0.06944277543366706,-0.05773505592665297,-0.07585256577108,-0.04527134143028585
2018-08-31,0.0013754379000769617,0.030974569581375674,0.001990157406371378,0.010649572779633883,0.019999629020729593,0.0319975646279177,-0.02477367981476523,,0.052284677176184124,0.05604841751454536,0.04992614038563796,-0.008503933043949568,0.03235387343261144,0.01806903188880686,,-0.2203504303462669,,,,0.051966735810543625,0.006498154018646882,-0.003995578283769545,-0.006677110151505706,-0.1881474059093012,-0.14632017204827558,-0.04240663487289471,0.02515196470175935,0.04969995023058142,-0.012177170787428679,-0.05593359894820643,0.0022907022384271608,0.05641043968981093,0.11085334203742828,0.0019812260197694027,0.01606579050381627,0.052544361591050824,-0.17103266331191225,-0.07556342068710284,0.07468835751384677,-0.0473644487806755,-0.0003055026457116229,-0.2803314986049447,0.025207262713083493,-0.018425358844313615,0.006449129832881495,0.03449207929002895,,0.00661513416262732,-0.18524937036166844,-0.015512949059999103,-0.002476432534153424,-0.04620624248376518,-0.07058025196298921,-0.015196610369099426,,0.016318793666209083,0.018653736707910554,0.06319785400905585,,-0.15112597889946625,-0.02314781654071156,-0.10367891153470869,-0.1104649833401233,,0.046628686739542465,-0.2603847848068395,-0.07952109870928412,-0.2648149801799893,-0.06300367506203662,-0.14686154112775432,0.049964126144220466,0.09296471470409383,0.01507205938740938,,-0.024078030847580048,,,0.08457027642490408,0.01856652466669415,-8.413267682273317e-05,-0.14708727964189333,-0.002864982145259739,0.0037670376954702456,,-0.08939730751782576,-0.0005134875333262285,-0.012119498000866919,0.008491656728238258,0.023026843152167038,,0.00033132071345207966,-0.005295381752097965,,0.04183846089537989,-0.10358390872040056,0.2156677333491705,0.005284896354622251,-0.02053121050417704,-0.002127371583991769,0.0013419334283705914,-0.011018828509286163,0.025276147183594114,,0.010097218611935771,0.0036313918613831383,0.04078704685589026,-0.012822496708814114,0.019104079346799245,-0.01626808374617818,0.039346751364888514,-0.07546012713816232,-0.019255662522690918,,0.0005265547816820726,,0.15693391409860358,,0.04009544572710634,0.017205072516574212,0.017120553825395814,0.02668900868169534,,0.010278114421872995,0.001933638541900854,0.17427862378019196,,0.03131065231948945,0.028651017734846032,0.030581720003658077,-0.07666432081725989,0.056864958211621346,0.003716624718182859,-0.002464340193187353,-0.0012388488294928304,0.04354436338448161,,0.045347893645350565,,0.00732611257219213,-0.08946031924940544,,-0.13698902262291035,0.012560488816254144,-0.009294518551673944,0.10897334232283654,0.010177028971585402,0.004096094784156646,0.02629406739566844,-0.025914295821688447,,0.0505246711731022,-0.04335605512094916,0.044686935537174725,,0.02928310918074129,-0.007171587373413216,,-0.04981057891207376,0.004409968591341594,0.04428249602304176,0.056075863092881297,,0.06401540620061487,-0.005000089481183272,0.0542653038783395,-0.008270810596080204,0.011063820796131357,0.014523093469100315,-0.08424538819685866,0.008145404116666598,,0.0773530475379797,-0.0022092658968437535,,,-0.003742974990874935,-0.004889297892146253,-0.005588317622133429,0.006117176152141994
2018-09-30,0.3305060611270791,0.35916536285508227,0.3279447661120463,0.3130914719424476,0.31905111464802205,0.38114462094225443,0.29140891993835,,0.3266864741678454,0.3860517069207529,0.3656999413859662,0.3170396329017461,0.3318623200865682,0.33425178588074833,,0.10019601176086866,,,,0.37764329679451386,0.3274828990299099,0.31475743403655204,0.32250193666904714,0.13441415409874072,0.17416472890768211,0.24785983779580104,0.3457707391446489,0.37203141231558967,0.3161763010720439,0.2908224379870404,0.3294329685680939,0.36881862528327886,0.41624048765302535,0.3279934566736715,0.3343040861208219,0.38786420653570447,0.14243077217969186,0.24675787695316465,0.3517467629403664,0.2610967501134088,0.302325742652173,0.08210021165868565,0.3874261173219474,0.31299621802735067,0.3300304476959361,0.35752479829330763,,0.33031059074444297,0.14888244732204936,0.3092350561098508,0.32429207635621415,0.2649853298641201,0.23701851716520383,0.3058116452769638,,0.3402209543764569,0.3386459498771605,0.34403436972078616,,0.1660822029446622,0.29217611159823936,0.1974645541377775,0.1896731094871117,,0.4004794230388324,0.07524537382459473,0.22050945634444347,0.052600577279930776,0.24964866870648675,0.15443082277727546,0.40700558282659444,0.35751594586659013,0.34213014680097886,,0.3014549263985207,,,0.38179532179205217,0.34047678931946124,0.32460656336466676,0.16930508948060385,0.3234786564196994,0.30489465942115923,,0.2189203924127754,0.32660558048068256,0.30844446425638217,0.31047613416581876,0.36481354103780533,,0.32769835853933516,0.3240410381053726,,0.4093054436693181,0.20859956303278077,0.42118292834942966,0.33009910186677355,0.3095316496565619,0.32852487623894366,0.3058312349155421,0.29360855138422626,0.3704781369652904,,0.3318536362016311,0.3302016153134936,0.33932106857535554,0.28550423583874496,0.3372251423272549,0.2781886284439569,0.3627384072842009,0.24621515666173938,0.3149392143969429,,0.32897601914379165,,0.4812463794929662,,0.3668748177296186,0.3419587799933886,0.3706593843563516,0.35004280893890094,,0.3346171111691871,0.30275488043911997,0.4532937505042271,,0.3571048965071664,0.35374842766475667,0.34849345391732844,0.22368858718019283,0.4194573916547469,0.32973138218780973,0.3249470457292325,0.3282443908304271,0.4011081589070758,,0.3656970512120465,,0.3315806170924249,0.23773951820543732,,0.20127930679401737,0.29709008592261926,0.31724787484983047,0.41255622270613596,0.33142626110614265,0.3051733798905925,0.37505235219042543,0.25992574169304844,,0.3480190247267401,0.2555008246745389,0.36870446541657187,,0.3224258504658211,0.32118116712478034,,0.2424219373047596,0.33119931745750436,0.3661563619370086,0.349282119038237,,0.4202674604490517,0.3151048883033564,0.41523949415625205,0.3210027702325814,0.3325071149691925,0.3149987882375153,0.24291989302268763,0.32924163966296405,,0.3954407929182498,0.3242910575238349,,,0.3255999308182993,0.3241578932432772,0.3205453981657138,0.2853023172897864
2018-10-31,0.29943179358460714,0.27776049888149096,0.2910850165500026,0.2728690414662732,0.2852005766852614,0.31785743118531434,0.28915494077987236,,0.15244733508785896,0.33784360185794643,0.3304484282994068,0.2801543502054936,0.28257685872667926,0.30232014182945804,,0.17446953347993774,,,,0.30305259058362644,0.2782817854405339,0.28620096020094316,0.2708298522862737,0.14765630407966723,0.12666237491040241,0.1399839125429869,0.2568444347127313,0.31707281193901227,0.27383899591142896,0.20820721519362875,0.28117847978225874,0.36625089732481103,0.3790680988967089,0.2691748492188464,0.27358397311214744,0.3179901083900183,0.07009861516518315,0.21552164990671768,0.25965947289737096,0.1932887459637078,0.2631456166428882,0.08852431795623918,0.3322603879062402,0.27140626167449466,0.29120170973292875,0.3114668054912318,,0.27639013725755496,0.11486452168494611,0.2707542234819287,0.26932111440814543,0.17484798370998353,0.15078800527134373,0.29924021684769947,,0.2885140268832367,0.2915514242791985,0.25313374067957,,0.17125831778667674,0.280540900235421,0.14910372427093324,0.15078665294890384,,0.39812913905217023,0.18884196999042585,0.12662458864529022,0.1381353668190785,0.23585683957931353,0.08255832906355234,0.3037265781645418,0.15937414932513866,0.3001167906113954,,0.2708979894190035,,,0.209588162701107,0.28826792273587826,0.2710799060636851,0.1401535416080449,0.2893497800957747,0.26001433445890726,,0.14757407777258094,0.27585836378408984,0.2649305088257353,0.2901316573018956,0.30461018648181376,,0.2776293940170716,0.27164770929929843,,0.32590899550512187,0.1565792931505399,0.055801638130222556,0.280182354181548,0.3031950507891763,0.2834831031463203,0.25830593592299533,0.27069577353015184,0.3358391089068222,,0.28777101588949316,0.28382672360088107,0.13977888408893077,0.25733777217239295,0.2827561745889772,0.15222893723780545,0.30161052227056107,0.19300128903501143,0.26655155745752035,,0.27313398960015567,,0.3618864017621852,,0.2869197886775909,0.28912666765818307,0.26723313520685504,0.29408395100444185,,0.32518534377802794,0.26304075838643315,0.32283478759720274,,0.33488026099467727,0.3380467452895341,0.2807476522185413,0.12404871813780617,0.34551967661439603,0.282203612960628,0.27947281509982097,0.28189388889188627,0.3475808808110648,,0.3195981245789715,,0.2757700304278355,0.18275047520780693,,0.19950238018221192,0.2592312231564277,0.29166671599072924,0.34874156776149673,0.2713144052458806,0.2594249257250262,0.31279804087109486,0.19330939161162633,,0.2695561390689756,0.14703570296722526,0.3217633275471605,,0.2943806520712148,0.27540277703847005,,0.2505617802625684,0.2737568471383129,0.29751940811095823,0.2997437590790013,,0.353660201799512,0.2772418930745538,0.36596172935065135,0.27693571570115927,0.2769805236881113,0.2621797946941,0.1835833729204756,0.2878064927256286,,0.2999917039936232,0.27488993821756286,,,0.27089127888844716,0.28250564475230566,0.26564455004155146,0.2859010595622147
2018-11-30,0.03191102056701091,0.06451413661461909,0.043636243684198044,-0.03676135122431764,-0.06299511731093443,-0.006397411311953123,-0.004225754854689514,,-0.009746336258551192,-0.06248305892513817,-0.0726858990075968,0.04635985500558317,-0.03091460938091221,-0.009958795433210661,,0.014979036562989169,,,,0.01801391363403051,0.014249139857415547,-0.010227549146421976,0.02986817011676554,0.10672312497117933,0.09543581459751294,0.04502227170167006,0.03496046734677817,-0.017172616863219105,0.06899836695434049,0.22942488600192634,0.05014991481027795,-0.11167489231284754,-0.20431798409868104,0.017544477716615346,0.0036585245762583984,0.037025319881393806,0.09846366786562542,0.08722682035929935,-0.118743800134514,0.07757653010597984,-0.0322653821767499,0.2339549770626234,0.043785884468629056,0.04196683356124791,0.03652710420811045,-0.0003562653339902852,,0.029634695554139886,0.10441250872269733,0.04404818969379239,0.04264464160919445,0.10434918599172197,0.08980736547276569,-0.018076781274288432,,0.033676439808075054,0.003344292332943605,-0.05176871161767044,,0.09279636054210944,0.004560657781573411,0.05641270237205877,0.0860052576460782,,-0.06632127570439851,0.07904673687205699,0.07833601782431764,0.007539148761230579,0.06858667931488734,0.031823408744733384,0.17556497110305483,-0.021042202725025164,0.002526196689228336,,0.04528242664825242,,,0.07411509535171527,0.02538970588721241,0.01638438664578838,0.09611605359519382,0.03552981754572682,-0.03374628330835198,,0.08407168102989732,0.04589290102040407,0.017168243050993046,-0.06132487180116419,0.08653620458401656,,0.06372986512680454,0.04111599001425928,,0.09312882531156845,0.1196164046983918,-0.14747020859488608,0.05475227648619448,0.018518646161189558,0.07880191990262411,-0.005971080265649997,-0.03372212736158926,-0.06737258906563137,,0.02216192540051465,0.05661177023668179,0.14117661213740512,-0.032026209991853,0.02612827017371529,0.04045233525646771,0.016413573790729837,0.10834936920384215,0.09967491605802176,,0.07209716413593063,,-0.022663446169062587,,0.0075681277076695705,0.03325667452391664,-0.021248712071903753,0.043605870848577824,,-0.006152371376280162,-0.026574250976368816,-0.08630317421280174,,-0.015907451821128307,-0.03376272197788184,0.008492472372285323,0.09113266562291028,0.005468740713225254,0.056604975626589886,0.055150403396995826,0.06990582366513008,0.03657289198365242,,-0.01700782698877465,,0.04743704177736239,0.12537506994542594,,0.2455979082507448,-0.09109006585950613,0.010469092109110957,-0.07842629097680022,0.030104851344839513,-0.02136409910618272,0.029358588491721342,-0.04841067211344444,,-0.022347470441756095,0.09585126078796388,-0.009857990394603054,,-0.09047307225409591,0.06123931238487094,,-0.057771638576691486,0.04054869215858163,0.030076787598274413,-0.04368882274884575,,-0.02253696182340776,0.009526099373783127,0.010157330509844584,0.06069848831957473,0.026028173081129785,-0.025480879730212562,0.13111194499532697,0.025314361432196397,,0.011499254305420419,0.06317971318200018,,,0.045620700302211166,0.06695921769780235,0.04687244602507495,-0.1461195369389537
2018-12-31,-0.05750945444741993,0.03758445352125173,-0.010278342795630606,-0.03663439582425383,-0.09214064385767391,-0.18534952700682228,-0.07243533113327254,,0.2826763327297712,-0.23551926274988205,-0.23063625058154535,-0.01150155477349106,0.02034073676439577,-0.0854943300773021,,-0.15309182707035485,,,,-0.04473455856780923,-0.042449469051579765,-0.09672645674557741,-0.053554468364302,0.11884038618592582,0.03989852962875716,0.1801326852900066,0.016586839708334206,-0.08866905225032819,0.021537437354755377,0.2944274497009296,-0.0019477765389315808,-0.1745407676354923,-0.251866365829295,-0.06051220204579866,-0.06445840651789402,-0.016044069803713156,-0.014400342233500724,0.06721673659064614,0.07595437331904804,0.21213293952562928,-0.01118654285936918,0.05266076313729206,-0.14899898294220007,-0.03909121346479625,-0.01987013786343403,-0.06790520213133024,,-0.03284285762336586,0.009723217900442529,-0.022119912516152907,-0.0034512235414627863,0.28033755048548165,0.18325472116843627,-0.14676480502616898,,-0.015054618499645065,-0.05307744714345206,0.20360553005939566,,0.06541959456394285,-0.025498870434711055,0.15192268122488442,0.19544316851939045,,-0.31067987984754863,-0.09835101700874695,0.23579660385125428,-0.19141442720646845,0.11367704964872256,-0.05122382389734214,0.23816585178677166,0.38840135999811176,-0.08858708818473092,,-0.030529161930041248,,,0.4066250318572621,-0.04012852882810998,-0.058355947293199484,0.0914757185707115,-0.04302171717996049,-0.023471515767685452,,0.169246877648878,-0.025834880576359742,-0.11220251592365123,-0.1298198338740361,0.000265617148617361,,0.018196996227463243,-0.03344408200772633,,-0.11165238961187912,0.27834395804250367,0.4955940043638804,0.01793499685303632,-0.11068232535806691,0.013466104260608186,0.024987960775248348,-0.05816674861393281,-0.31796465292953846,,-0.02803247066570906,0.013352507539666396,0.364192575732519,0.019774960507805805,0.002123142372865454,0.25415714652350013,-0.04813153817031057,0.1239956212738083,0.03356174142328559,,0.030222953556493154,,0.12032624942967107,,-0.06035572716844769,-0.019530934870894044,-0.2811272096268831,0.0082606813774201,,-0.12458608121166603,0.0035670270010431993,0.3621755499120591,,-0.1284269592818039,-0.17473776397427646,-0.037201779109580634,0.20696036601003395,-0.20949704709448067,0.018112668583342047,0.002881004845356676,0.019009822957670314,-0.11251436510725174,,-0.09022644348444318,,0.01283996687013929,0.13456231217620235,,0.22596426126123723,-0.10051645193313384,-0.11099905226323137,0.0111697738592453,-0.0014015159319956327,0.01926915102416572,-0.11480914081560938,0.0680503661883284,,0.08525303090025098,0.2905457978884227,-0.08390662060518977,,-0.10661303183037182,0.019105447087411125,,-0.1258695338158823,-0.021496860132875925,0.003226241352360714,0.014245613280876087,,-0.23061207510914888,-0.07757085271958242,-0.19098977970960843,-0.00949843085214076,-0.018302172530133318,0.019740920693864156,0.15520648329466452,-0.02764615119746813,,0.015239011460672903,0.025294131595973122,,,-0.02080414360357376,0.006681170495586577,0.0023785258803611414,-0.18482567016955076
2019-01-31,-0.4547398031843253,-0.32721143771623823,-0.3860803083262917,-0.4507546540745784,-0.5188876444034781,-0.7166054210479188,-0.47384048338815316,,-0.07619825587827929,-0.7584161783651339,-0.7022219484224144,-0.38135092710658564,-0.38581665392197506,-0.49020398365653467,,-0.5333312857757325,,,,-0.4564240719860521,-0.4440738777269698,-0.5153203269712746,-0.4634114135736238,-0.1905884993329072,-0.25445533113413804,-0.11046162006955323,-0.3668054496859829,-0.5369145522818145,-0.3297763088115526,0.0621089362498039,-0.3757298913482862,-0.7260641315729741,-0.9288038651829443,-0.477038174894724,-0.46589792100340527,-0.4473980356984937,-0.25531313433355857,-0.24485293668204616,-0.4235421259078389,-0.10838771706974491,-0.429287205769617,-0.1877873711417502,-0.6550484314354612,-0.4410867436066441,-0.394098510002343,-0.4938189205083652,,-0.42044865877054505,-0.33030671372504533,-0.39053439741293755,-0.3933576343211992,-0.029078251564783757,-0.10452524707017889,-0.5715690614699824,,-0.3994508985312763,-0.46527353103081015,-0.2259621155424182,,-0.21752552381289783,-0.42420296715114425,-0.16088394051856192,-0.06587000871695625,,-0.9273593005201386,-0.44258854984432616,-0.06226941690769031,-0.5640403038408393,-0.20009949711306121,-0.351046624933291,-0.1194377305732131,0.018285252850325673,-0.5246004532727306,,-0.39729121868590533,,,0.06720836322606129,-0.4214207767938389,-0.47072077421708247,-0.19715645084248543,-0.42556893585261535,-0.43227854466917354,,-0.13012459414277708,-0.40020300176123963,-0.48049712857939775,-0.5528100023644702,-0.37008645567920023,,-0.33665092560783033,-0.4279632791992846,,-0.5565104584321482,-0.008051777573340834,0.11031080867970303,-0.3415849301893638,-0.5198160749523444,-0.32372447901555224,-0.36244606686657943,-0.4698128232666182,-0.901260750109291,,-0.4205485594359199,-0.34906278273253166,0.16226721152438664,-0.3885439867454146,-0.3753272706666753,-0.09547398854133761,-0.45010026808483916,-0.16713958428408218,-0.29019877951885875,,-0.31837764485254816,,-0.4226464401428348,,-0.497827198381692,-0.4074716447874382,-0.8406710517325162,-0.3598861128064686,,-0.5446213424963735,-0.39849364052218894,-0.17794993305933215,,-0.573132027218285,-0.6346183491956574,-0.43565628563819614,-0.054346699434619,-0.7717218558644149,-0.3435862921078526,-0.36405905521577164,-0.3334734817878084,-0.6198517775842092,,-0.5263197647765182,,-0.35818904730439555,-0.15672765926810028,,0.09819167054602429,-0.5114172668622655,-0.5205196863484775,-0.499076587443677,-0.3884864191143722,-0.3800895357132671,-0.597036630132531,-0.3415708336675755,,-0.3203079869326553,0.01943331420642278,-0.5265913868844027,,-0.552260043973652,-0.34739671250425586,,-0.49994940601308396,-0.40763408364664017,-0.3827696056313205,-0.3785562289028874,,-0.8081294179563864,-0.4708653149626365,-0.7374788871548906,-0.37030151010115764,-0.40710381586741995,-0.3845665477910504,-0.13164369443758314,-0.41003380687742724,,-0.39372924345447824,-0.32955562740838185,,,-0.4109387022486812,-0.34472905973692775,-0.37825894506565216,-0.645028718581774
2019-02-28,-0.23241451036808236,-0.1997920426102029,-0.21551195502841378,-0.20649313699557764,-0.20249425470120197,-0.33133540035606823,-0.23103170993537156,,-0.13400880302761886,-0.2830421909868002,-0.231670367582171,-0.21715506532779308,-0.1872393844463211,-0.21008698156383293,,-0.32894169662330136,,,,-0.21267101047482911,-0.22458544180556364,-0.23561306757606038,-0.24856001153890175,-0.27970679890490957,-0.24475497286132775,-0.15274679915422645,-0.20669073973309604,-0.23147137057620232,-0.21188581097230094,-0.19367086176191745,-0.21698920170729336,-0.2778454426831075,-0.32420073383170256,-0.24445177298725823,-0.21557263344162175,-0.23887672867330642,-0.2141448534475558,-0.21583328585305353,-0.20499211192800756,-0.1966070369455498,-0.21702091257530054,-0.3362751231191186,-0.3349814548974663,-0.2525066175174531,-0.20854176619637899,-0.2258349919510798,,-0.21905973023076264,-0.31491725289849504,-0.21915712575663981,-0.23132662475976887,-0.1966845250700142,-0.18763465255036255,-0.24527757696107047,,-0.21164566815583918,-0.22269195707201303,-0.17276559040813624,,-0.23080452561957784,-0.2299031205897002,-0.2116380907711368,-0.1792000707385396,,-0.37656862002008445,-0.345081364766576,-0.1934832998594651,-0.34390900424801835,-0.1970298636735428,-0.22366685110985848,-0.23000861572659428,-0.11136242738631204,-0.24852725152962982,,-0.22300722603401527,,,-0.13439758240276536,-0.20467553472001732,-0.24063075518461005,-0.2360270605289208,-0.222094643793621,-0.20630503248386467,,-0.2058830583750923,-0.2184179781392302,-0.20877535111361822,-0.20765073885406185,-0.2220013926424456,,-0.20622762476516138,-0.23807611170667028,,-0.29338226648908666,-0.21244728881497563,0.005070194420435718,-0.20321626409343815,-0.25044132243067496,-0.19884085280014321,-0.1992898384801915,-0.21796485863894444,-0.35847459084089484,,-0.21702826553997012,-0.2079059945488516,-0.06801744520066416,-0.21231742432510048,-0.19873510066867658,-0.18823060374457712,-0.209044163324971,-0.20492694042606618,-0.2054926023084297,,-0.20421695554414404,,-0.25013074654852596,,-0.23923592464323706,-0.2146118647761296,-0.3663353948051523,-0.19468796242657527,,-0.23190142114496323,-0.20280248313588983,-0.1906618116147672,,-0.23945182730775708,-0.24827030944910466,-0.20609095498885546,-0.16602848282507446,-0.35516090396988265,-0.20695846518118385,-0.21532423717618815,-0.20784343347508824,-0.32008269901077857,,-0.22209145816743542,,-0.2097420030472111,-0.22113737879270814,,-0.14766497816830065,-0.1776256003075363,-0.2415102571876813,-0.21980490623426818,-0.21531799625149275,-0.20119373128999868,-0.3027044708123584,-0.2113556052932154,,-0.17892840737393792,-0.15496172650716172,-0.2320834363032647,,-0.201360337829086,-0.21972690997606442,,-0.19354869317125117,-0.2241208711224763,-0.1957798952374252,-0.15533115965237873,,-0.3518331859210533,-0.22203956303140981,-0.3417364763194625,-0.21629637871451338,-0.21507350459733998,-0.1983481938328992,-0.21610391715655963,-0.21003422333421315,,-0.19033022632846092,-0.20687009650758434,,,-0.23482379782359122,-0.20776758844266588,-0.22615815762836605,-0.20170666006240953
2019-03-31,-0.22434049578815415,-0.24090637589561847,-0.2336293714018042,-0.2569691014830256,-0.23633592693338462,-0.24090075818414433,-0.23394024541510675,,-0.38343929552290446,-0.20828006546198202,-0.18146482343607798,-0.2332631246613196,-0.27227752159972957,-0.2157728855512376,,-0.24934384638812832,,,,-0.22684267731946567,-0.23878202641951762,-0.2278591387078186,-0.24108999546998394,-0.3223404338827538,-0.2640422554472005,-0.30802429796800473,-0.2512079576650983,-0.23237460484766415,-0.23658569118975958,-0.2960730887390743,-0.23681080270341184,-0.2616731792573041,-0.3001024599428456,-0.2413611994927937,-0.2267364561618465,-0.24945288254390544,-0.2155970205114478,-0.2580837710151527,-0.3652601237849896,-0.3336655625695564,-0.276467263226604,-0.259702574201225,-0.23568015143237836,-0.24497213070518495,-0.22740082835486086,-0.23114163432067708,,-0.2324445367493805,-0.29036454663725675,-0.23055783772735736,-0.2506943072925021,-0.3593771203185372,-0.3081302152390628,-0.20913180177887553,,-0.23435657008043417,-0.23652338672204054,-0.3790878395351467,,-0.2655960286094679,-0.25551719739066303,-0.3235417520332677,-0.30948061325843057,,-0.22676228258084474,-0.25431709510248834,-0.34927295012911774,-0.24388346127781965,-0.27931070180878304,-0.23638993962928992,-0.3132579373097803,-0.4335053433676513,-0.23403496885276348,,-0.2275274041204091,,,-0.4045384228083231,-0.22008912846319467,-0.24027553886254147,-0.2850293339928579,-0.22417978177679054,-0.26351085894438153,,-0.31544389945766976,-0.22714309343384673,-0.1881431843330074,-0.21714341897253334,-0.22105046979956083,,-0.23374582677718098,-0.23914021760917323,,-0.20325230653532714,-0.36052092887875425,-0.49397022270956636,-0.23619043175826518,-0.2129700196415193,-0.21749111606396102,-0.2711234917048063,-0.25063336172588424,-0.21585472050859922,,-0.23669785825599182,-0.23548389711254655,-0.3050333855877705,-0.2903511038300018,-0.23963251718475506,-0.3758372252514573,-0.22292618651868013,-0.2731981131224164,-0.22320561881206472,,-0.2350947139392607,,-0.36427724096507985,,-0.24294870426117007,-0.23410719201744465,-0.22372747452556532,-0.23033999106453684,,-0.2045844823565941,-0.2720060810114802,-0.4954660726599018,,-0.21268482534570485,-0.20196662498566453,-0.23273558267718303,-0.30803236963316294,-0.23604202015919704,-0.23763730966826205,-0.23569854902372608,-0.2316067483653419,-0.24877319852935345,,-0.22455852718996902,,-0.24217861572693422,-0.28170117120460514,,-0.21548226379884106,-0.2314543236882339,-0.21241397705906326,-0.3112972358851079,-0.2477159946437936,-0.2773234120165699,-0.241921075691219,-0.33061802657849837,,-0.3001023504753173,-0.3435564370734537,-0.23096355848868935,,-0.24141506709148897,-0.2447445756314406,,-0.2091671063533277,-0.2366712786000925,-0.23576623761574375,-0.2529764186769976,,-0.23621108699890675,-0.21962807090671402,-0.2325975212730762,-0.22658941827777068,-0.23979415359658138,-0.27794593025711317,-0.2868356527997303,-0.23036990246469924,,-0.24952545580802704,-0.23857484413071017,,,-0.24170058650383433,-0.22604362622407453,-0.24838666212185778,-0.22721555381966332
2019-04-30,0.30890618347755117,0.25678683398617713,0.2729103405663643,0.2641446219677744,0.3032446928234396,0.4512943080611356,0.2832441318645717,,0.015387091023938461,0.479662916687089,0.44234093356595783,0.2589363060748612,0.2500297486351679,0.3218947108269547,,0.1416094615909889,,,,0.3325609490428277,0.28379468648262396,0.3109803073696442,0.287475230138335,-0.003136791378309395,0.03787900134195019,0.004342796158732283,0.2471573065700445,0.366854093101751,0.23544098183162163,0.028995530823150876,0.26345465079223446,0.4582510682481479,0.5564426676597602,0.2928537002371942,0.29363496127877425,0.34332340776216647,-0.006044902469692218,0.1262834744173135,0.2319451097768076,0.04627336293590449,0.2410196575527434,-0.036017758139163185,0.44653710408668007,0.27493012619607476,0.27718908432773204,0.3403675372346363,,0.2773646748843649,0.04861804623095207,0.2530274025228899,0.25756783486855783,0.0025940514130915445,0.011344537676382433,0.3409358770725371,,0.28132565707036794,0.3055328486970172,0.1473547656021305,,0.045592513366669286,0.25469445228499926,0.006918676711383007,-0.030061694416879482,,0.5961073627110814,0.10946584804579514,-0.03914947129373381,0.10751215337819625,0.11461912444633111,0.034729906513996364,0.21542648078956644,-0.015763280834399037,0.33898721776156815,,0.252883058858236,,,0.028648493766805252,0.2915671986237434,0.2895754888483045,0.015986744995987623,0.2868296631973758,0.243276817138451,,0.009351674624050932,0.2700369530651338,0.2898277279948583,0.3201849480095554,0.3025768410539526,,0.24610026799119644,0.27555736270066294,,0.42395251229437336,-0.04384522278020607,-0.12275815201060335,0.24910970153096576,0.3286795592929779,0.2497655122206633,0.21591874500927358,0.2628961895101492,0.5311892263265734,,0.28349625414088475,0.2552184369260641,-0.05193539856495748,0.20902102264422176,0.2634133052879331,0.009739244650602052,0.32174025966615005,0.07904841482464448,0.22034943032353116,,0.2371516115409578,,0.37916098567071593,,0.3306798545259736,0.2860604746555364,0.4678304567910573,0.27485208718492,,0.3629650271946132,0.22937021109347397,0.20178008087843896,,0.3899045433290744,0.4155928308181887,0.29202197462955914,-0.034192383686041446,0.5151540059989432,0.2512182673755664,0.2560811977480732,0.24915325627696627,0.4444981347726825,,0.361881183113428,,0.2520713108563724,0.06548081086348446,,-0.02198396030091527,0.26802510306605737,0.3240606746459393,0.36788925353253743,0.25845018019670085,0.22033172406970347,0.39892168616818563,0.1255957445922761,,0.21838420231332706,-0.04039916756219403,0.3652169830018295,,0.31972011351534235,0.24403325024890088,,0.23956608206197824,0.27183719050386657,0.291853296520188,0.26713632901671114,,0.5316563382548699,0.2907236965713204,0.5125358956643523,0.2575916046298321,0.27123658121339034,0.22811891385348387,0.0578694575529496,0.27912967084959567,,0.3074094546360411,0.23871177237786306,,,0.26881734591338946,0.25274568167517913,0.247835306962855,0.32852405909209387
2019-05-31,0.051128585337536704,0.027066095913621448,0.022211801184894506,-0.03333848838319342,-0.014610222971692295,0.20973385720882814,-0.007694600482369937,,-0.2412038148818705,0.19366303664397644,0.12297650500577077,0.001883114564043274,-0.02654544719528728,0.03589844570170388,,-0.23248024088621674,,,,0.0842738158304403,0.014155078924206971,0.020192408748022854,0.02509386079423429,-0.2841214812414495,-0.27842198936718654,-0.29223788179619004,-0.006332090220205016,0.10538494277989813,-0.009437772789768867,-0.12310027353718506,0.015176043609656851,0.17754140002009977,0.26601968188124864,0.024386174444622596,0.011136059141660416,0.12929973734485187,-0.3812800132181657,-0.14141162127696047,-0.04575782795989506,-0.1898630283890639,-0.049784508303760286,-0.3139503400299931,0.2393834834504438,0.019023578050832855,0.019231523917037637,0.08074975710624273,,0.01320079026572461,-0.2570364618033879,-0.012984879411521346,0.007109005700803518,-0.20923369242638212,-0.25651495828834453,0.03760303036615271,,0.02814970383726443,0.03694484651633075,-0.090165028513531,,-0.25799063401608624,-0.02219808536937139,-0.28477840831930246,-0.3159244388694813,,0.3509585348936115,-0.22632637947826567,-0.30541205876830535,-0.3030749734542477,-0.14461740962833097,-0.3588576832128345,0.11878815714511674,-0.2394294928258142,0.07438364097096307,,-0.016454532411223584,,,-0.12657267084620602,0.02523011936895991,0.019189694004881987,-0.2853010735222221,0.024319692586904938,-0.05647573110782655,,-0.2641871273670139,0.011003515918145294,-0.018521679873225328,-0.008071371229102519,0.0881219750454154,,0.00158593503141582,0.018968014434303883,,0.23058714018884988,-0.2712478279034623,-0.41133952691087916,0.0022880721355392486,0.05203283568100566,0.007207827557493456,-0.06400149234447393,-0.04311114707699682,0.2445956201949877,,0.022022281641708455,0.010772374342861466,-0.2673386556071175,-0.08211781542723877,0.004815034483457703,-0.23510665930151828,0.06454416177556714,-0.1771792209758109,-0.01743506548946561,,-0.00307776064454939,,0.24255528085557834,,0.07685373682427425,0.03348350931052839,0.18718826353191612,0.029804936554261988,,0.0830002240486078,-0.06123045057685246,0.07286212965230228,,0.12040474346293649,0.13020467525897375,0.02269667276943401,-0.3171698267252556,0.30266529694325994,0.007133840041829097,0.007867744764618797,0.008976507120148866,0.24998839020210203,,0.09447733394756151,,0.003450642420805055,-0.18190213004801575,,-0.245379349381654,-0.0877080316718124,0.040128690831475855,0.13922281779320267,0.001268134965436283,-0.06490027791837646,0.1733984887919174,-0.18588671238127263,,-0.037659933534521475,-0.2820311296480805,0.10795150359184687,,-0.006914425061790342,0.001829673357136864,,-0.12987202982715387,0.016010576958795736,0.04868270348851035,-0.016966678095076727,,0.3059747733453278,0.0029695404246132904,0.3064844994425931,0.005349488433478981,0.009772740086992415,-0.054968258921686636,-0.18150009439110387,0.014750122843151966,,0.07150430153442057,-0.005610997982693681,,,0.016358208494814997,0.0065979949945679005,-0.004363159657914978,-0.05447647708954288
2019-06-30,-0.2956187754180162,-0.35256031290363055,-0.2733600109073391,-0.26794613647240545,-0.2835338959710246,-0.4786210844264156,-0.22341208389823763,,-0.3542904016951956,-0.44132989373758597,-0.3951797512299176,-0.2812010297542788,-0.2328902764785238,-0.29584860526054135,,-0.1884282331052203,,,,-0.37750102511206696,-0.32411496743575835,-0.3089038238974623,-0.35612357613287327,-0.13908051726282977,-0.3589322656981549,-0.32732184984322843,-0.38431016176091226,-0.3475144858223156,-0.2783225879919731,-0.23779473640964088,-0.30163849277159843,-0.23201902685928746,-0.33793522749017285,-0.3732872967164893,-0.36762176346245606,-0.347025336601465,-0.4926443684549649,-0.24529256744353528,-0.24888161289225047,-0.2006347053055262,-0.2500047388359847,-0.32353638288074016,-0.44706110298664975,-0.3251118959082772,-0.2820709551244491,-0.31747827559089487,,-0.33529085969465644,-0.3748712903897877,-0.2982070643541172,-0.32260992454136717,-0.21453609197838605,-0.2970270676884607,-0.2932955039311369,,-0.3090328816767774,-0.3166187997896745,-0.16230423231193825,,-0.18319957225601954,-0.21099242518027778,-0.21953811382958055,-0.16679041107138973,,-0.38454259780605526,-0.07320438178161776,-0.2717542790516055,-0.21101255743525646,-0.1370349620014885,-0.48447431723169104,-0.27344336293906774,-0.30097357874165337,-0.3369625014583861,,-0.28793930955907493,,,-0.255026039371744,-0.3281454711557644,-0.3563037504799108,-0.25903411666693377,-0.2945186785534878,-0.27438262968207866,,-0.27472812979717603,-0.3302497328615446,-0.3807267567373539,-0.28532802492403436,-0.33940171004237024,,-0.29483087744081554,-0.34347158010029316,,-0.5053411124410269,-0.14244446151343101,-0.5667628502951824,-0.28809473025365545,-0.2784835012560861,-0.291745082999186,-0.25080752647874455,-0.25022391531317184,-0.49458801593395063,,-0.29724554837431416,-0.28385101306867255,-0.42026197614576194,-0.19621805325887356,-0.2961403694800464,-0.29941289010139727,-0.347054773243464,-0.26605518556683744,-0.3013260019392561,,-0.3040587573671238,,-0.2888602060848958,,-0.4104323606538708,-0.3158916212996456,-0.6854530613646929,-0.29818753193996483,,-0.27269146174332887,-0.2386533512118697,-0.06274798736307924,,-0.2988125926708109,-0.31609446622858856,-0.3573913551692737,-0.31703222786609736,-0.5250155939676253,-0.2827908457208827,-0.2936582623627388,-0.2868010141693033,-0.3958913480942818,,-0.32495038661213027,,-0.3060602608165537,-0.276992592916179,,-0.11082670824707616,-0.29330470578199047,-0.32502422766996814,-0.22561339050696894,-0.3229620203985883,-0.24297933362361265,-0.4282098323266202,-0.2640380735527772,,-0.25272416892872024,-0.25117220077412905,-0.325606898520304,,-0.2632589711251271,-0.2850997178537417,,-0.22969792347682758,-0.3413029642978081,-0.3248670364082016,-0.21970995032301593,,-0.5070771521157733,-0.3267477134679125,-0.43911451058018075,-0.30618399098345717,-0.3227403744026524,-0.25583058423579685,-0.27039323483153666,-0.29114850004881254,,-0.3667143180131799,-0.2875713800166185,,,-0.3396804715066279,-0.2849368769436326,-0.3202325034433799,-0.2391873701251607
2019-07-31,-0.2884600369300777,-0.3567884347692232,-0.2929060675961928,-0.26944433014732666,-0.2786039066672466,-0.28169736608888596,-0.2377303546317702,,-0.36844868116525525,-0.29446879383601743,-0.3220436219483253,-0.2988965442879091,-0.26145139840962756,-0.29826860632597724,,-0.15523641947891162,,,,-0.34537675382506744,-0.3049896046181621,-0.2818869775638704,-0.3068712762547721,-0.17817926807536505,-0.35173614330931785,-0.38223311593997605,-0.3600348293512145,-0.297104758272754,-0.3087389299167551,-0.3420463558226457,-0.3100117022753698,-0.14440786297550554,-0.11864663094626854,-0.31655399667301237,-0.3389900204244651,-0.3001987949063404,-0.48170294453025586,-0.296428950822427,-0.2005293141654666,-0.26368331816233986,-0.24667606901003994,-0.30175003233645387,-0.27489491147985284,-0.28836661526655016,-0.3039128962810833,-0.2919950714011684,,-0.3231900697051064,-0.2945405448741854,-0.3086616480404031,-0.3042331769293643,-0.27386090835443977,-0.3458723035171719,-0.26641732210415736,,-0.31332697555082867,-0.2974433890003646,-0.19733746516684939,,-0.2567255897156124,-0.22859597490221983,-0.2669444923613429,-0.2797210678616768,,-0.16117382638311256,-0.09174073575587036,-0.3137029491678325,-0.16146063963386145,-0.23614212048879918,-0.43928477110294023,-0.2888214812071293,-0.33661704942235027,-0.2848769331125529,,-0.30099938255407666,,,-0.31935985418132357,-0.33262789562744166,-0.310191170055248,-0.2943671700413148,-0.30006467309414114,-0.2743128957490759,,-0.3138548128716768,-0.3277541312182272,-0.3714870201759076,-0.28131246471093896,-0.33813960232620965,,-0.32152708434470306,-0.31296356558369315,,-0.3709908106284079,-0.22788988484459557,-0.5478397421903572,-0.3164299515620781,-0.2623990956766645,-0.3353373410419199,-0.2733564178871028,-0.2531082911282181,-0.25378982520280147,,-0.297987465116157,-0.3100328336907707,-0.5377676438021243,-0.21743884592218146,-0.3146191428515808,-0.30797995043426624,-0.332930165227593,-0.32292278887219905,-0.34231399380568167,,-0.33129436771545084,,-0.1914344591515814,,-0.3346404543088486,-0.3143480706700168,-0.37686225288391567,-0.32550898487072333,,-0.26679022841500527,-0.25619261814879324,-0.061642737353388294,,-0.26692175463001727,-0.2665539912616986,-0.33958799832572595,-0.3816774624314906,-0.28610105935179075,-0.3098447659860684,-0.30927776886345776,-0.31740265724827493,-0.2499575561796876,,-0.2951840471271001,,-0.31721871492949766,-0.31879065179503546,,-0.34719226166650313,-0.30443318003617004,-0.29607760887302237,-0.18786035853227392,-0.31545394485109524,-0.260393563707401,-0.2902820393081476,-0.24946980177729994,,-0.2750795102429107,-0.3393876535505925,-0.2861916970129632,,-0.2566499223452666,-0.3001076447611216,,-0.2746833325226387,-0.32432997589557255,-0.3326961934441497,-0.2818421452445579,,-0.26914331155301935,-0.31421774123401364,-0.2489898311304201,-0.3206902088466763,-0.3159964344712081,-0.26801569810745945,-0.319306405926054,-0.30392371453045003,,-0.34979317806405863,-0.3156342077083549,,,-0.3143172979583096,-0.31739803141306644,-0.31026128429542565,-0.23321847245131314
2019-08-31,0.00560450722373025,-0.04456201909143248,0.02352451589619317,0.05744484539681101,0.03966226732282708,-0.12884702339958248,0.08343478501225825,,0.04426604158360937,-0.11225199966056988,-0.0797136563631021,0.02437431572695872,0.07434225824133026,0.006454577828003826,,0.21904804976803766,,,,-0.07016400401829685,-0.0018752936402060816,0.014147400463244504,-0.02100390509881587,0.24729007371580855,0.06375696599168823,0.06791505275365022,-0.048219233273462794,-0.040775652608462665,0.024766334324577408,0.06589415496513612,0.005115307207401795,0.05926858163814379,-0.006541509105197121,-0.03300937167470071,-0.036498661629797306,-0.05099668782495324,-0.021759907119418897,0.09227070520653288,0.10360378175437786,0.1448837413820836,0.0821947609259653,0.11569708418377454,-0.12235346840701357,0.003829575848364596,0.015450886756030156,-0.016252131223890458,,-0.015383367943303793,0.07662195792282898,0.017414836073020766,0.0014458514964325116,0.14037549494781673,0.08603488128863399,0.022536953666655306,,-0.004302022189029981,-0.002939710943384293,0.15898718120014643,,0.18064702648512157,0.09838098684736855,0.16895274693156623,0.19720326168951785,,-0.07850913906000222,0.2984718095180288,0.13014095148491397,0.2312614368478834,0.17073695709013162,-0.005290040353340248,-0.010200295628437142,0.0825230711564919,-0.01920724149560032,,0.026945422321438588,,,0.07069126428536245,-0.020988776106776047,-0.02051082957010116,0.13830049385136367,0.010003102519130974,0.06042150122735197,,0.11421234592963027,-0.014634902505246357,-0.047358107911473574,0.03532506186044649,-0.051446472086765074,,0.007337687540020088,-0.01620983199026788,,-0.1918417982404091,0.2167514096542468,-0.07642189953249569,0.012588195642764866,0.025692021697965153,1.0107278110963648e-05,0.0738396107760139,0.07675784142196353,-0.13433162152418285,,0.01061793542741323,0.014546515363021116,-0.05829494719414257,0.13172865137206372,0.009129948534571128,0.09559950072692841,-0.043527423167975685,0.08273711508306242,0.0010109692236652582,,0.00010604192749297237,,-0.013126490635555939,,-0.07696360859548329,-0.009742637158418666,-0.2586738878298795,-0.006024772111603869,,0.015267451877879484,0.08669222306471763,0.2104089932570622,,-0.009736814642827057,-0.020564441724992676,-0.03643524994743695,0.08139666606995916,-0.18478034378825398,0.016393747721649556,0.011602103383397906,0.010248401868645103,-0.09134575459690615,,-0.025885391431201988,,0.0038171840172721173,0.081427981874837,,0.16380357239288182,0.04904448231275671,-0.0070358530149842585,0.054192266021151694,-0.00198980599685,0.08397925107073108,-0.09787207486040085,0.12292865763582354,,0.06266491014237925,0.11839878862657141,-0.026695134970376802,,0.05670205034804738,0.021922195083781435,,0.10673504103395874,-0.019694755664911218,-0.028056428524114975,0.06705961393933633,,-0.16960679560573344,-0.0033924269266067076,-0.12998154880111604,0.001421024668522627,-0.005118705450396458,0.0710457415526274,0.08390115277707073,0.013057712956919824,,-0.06306668700572689,0.015964825770679283,,,-0.01429334242132886,0.011977228675476508,0.0036576838615712385,0.09613502741232817
2019-09-30,0.4330294620390349,0.3902018348494721,0.4392689724188887,0.4597476686719394,0.47472469024566355,0.3147859932250268,0.4785440669313832,,0.3481718108628345,0.38722342206224586,0.4452542416567936,0.43415648468890533,0.4714261507903518,0.45930903935957645,,0.4563696026670722,,,,0.39896253650282854,0.41813082235124327,0.4386737891648189,0.3880860898795062,0.417221075485102,0.35201530325157315,0.3839456309333461,0.37659112094694674,0.4188418666789901,0.4268573697573121,0.35881826261189387,0.4199457605008131,0.4824943370880196,0.424855313092507,0.3845661372877075,0.40915184189780657,0.3868451300413118,0.31995447345467337,0.4241642506208771,0.43357811060787504,0.40994575827816976,0.4528563260494004,0.29908767802775005,0.3149676445274628,0.39642376554659575,0.44298784139822545,0.4307357067503777,,0.412076901430121,0.3058648609628522,0.4274137642355894,0.3995970911341001,0.3773886865020333,0.37395690173855617,0.4584367568344667,,0.4248929451464691,0.4276894601533664,0.4544785109242656,,0.4467192110153071,0.4689888378297141,0.41079509328189967,0.44474709826131903,,0.3811535340840804,0.4855961003401245,0.36487749070916864,0.44730578968433915,0.4790562269697731,0.33300212362573983,0.33805377513886653,0.3551909448668745,0.4119207097282795,,0.43316951476412435,,,0.3553651037356699,0.4285635228041278,0.39550378752710275,0.3930941986970811,0.43528169707487224,0.4515275062498425,,0.37842019021625733,0.412220547183999,0.42307629208007763,0.4835437281721842,0.3949350615410786,,0.4233390836816967,0.3945483525771056,,0.29760329797021284,0.4048992960978589,0.25784166823869625,0.4293796393628975,0.44902900531860834,0.4313113062951703,0.4509055570717673,0.468795363262973,0.3366232850138049,,0.4323958715105229,0.4300506025823737,0.32459416761062765,0.47365131672501826,0.43464195494061175,0.34886172966823736,0.41883768543743555,0.3995804068184888,0.4137050050420114,,0.41524611416381835,,0.3646047398498823,,0.3689123782612712,0.42082350387329465,0.21437113444769704,0.4337964494009198,,0.4707443230901469,0.46321486215480495,0.44152847348548585,,0.4535178177075716,0.455217515470881,0.4114250285472243,0.36925188087958716,0.28245650536427724,0.4295592886101887,0.4234423743752854,0.42609665458108165,0.3399407128030681,,0.4378118082657895,,0.4173303848621203,0.3783126856967672,,0.4811269852185449,0.48988805716532086,0.43056150618454053,0.458814544906715,0.41001944727072354,0.4562695713129495,0.33509529435673,0.42076657892143676,,0.44323780025389053,0.38259640867767153,0.4282406737995653,,0.49235285440671045,0.4190276350179597,,0.5206003128266522,0.40106170107164874,0.421113941989235,0.5029941860347928,,0.3026765900877845,0.430957479218684,0.3309254419500645,0.42027013336678054,0.41646659611739467,0.451383611206377,0.3778231687575281,0.44017294189767786,,0.39897044597714504,0.42423470483750997,,,0.39418189802746983,0.4315782350610838,0.40214530827689887,0.5340085432473598
2019-10-31,0.32256271351297555,0.337398578588881,0.3416166474564848,0.3426000640873245,0.32912377772570395,0.21705221942744443,0.3419760417349411,,0.4171470812395247,0.22600702452318364,0.26191502492222674,0.3456388678472393,0.3544031810608857,0.3227228768258874,,0.3820241752750508,,,,0.30368581484753454,0.3266214736688934,0.3180775489407439,0.31552999628381423,0.44297603853354905,0.40965055562891994,0.43623344159582783,0.33283069345138694,0.2901771565394156,0.3558367457002506,0.4368350393435468,0.3401332099616418,0.25776537039387687,0.18671740825742744,0.3113613781066408,0.3197540382894542,0.29550739098578666,0.4203941895808572,0.39912822567424544,0.3381965741056367,0.42715931437662685,0.34900773445289185,0.4291729556905289,0.22453960144231225,0.32392596876417,0.3409317084334632,0.3065882966482893,,0.3296942991310499,0.38541525820943945,0.34539910081685044,0.33397009634276603,0.437660886141271,0.4321729728732336,0.3103217412614089,,0.33328600485490034,0.31995803030398956,0.3887149520495712,,0.4361868374689492,0.35145802054830677,0.4384259044459885,0.4698170856073411,,0.16880788792843102,0.40917816204070445,0.4472237133938108,0.3899713579524215,0.4199643504705719,0.3996486248623834,0.3482942593960464,0.4326573123807895,0.2994275443541249,,0.3468949569038145,,,0.4243055733555855,0.33009230423532243,0.3161646424176215,0.4315450237505635,0.33330978799624467,0.34862986310439964,,0.43168214946502054,0.33455655963119985,0.3275102557896938,0.3247469179161421,0.32125472704548547,,0.35061972424435983,0.32452991876855236,,0.23825038775988597,0.4639980222882672,0.4425670375840349,0.350523960218049,0.31610250598360423,0.3540882510949838,0.36314683352734606,0.3448889966598318,0.182332674532112,,0.3327492975292213,0.34807953996581015,0.4608102377651284,0.36821603202235237,0.34363677126768,0.4197071634115663,0.3139891320107211,0.41382549551326897,0.3620188350232797,,0.3528845977393966,,0.2673174940465364,,0.2914237470410402,0.32986855374951013,0.1749898320380221,0.34143360610465917,,0.3083194230372782,0.35878829809594687,0.3584305316779636,,0.2908198521211544,0.27824858104444455,0.322687179192798,0.45084307408980767,0.18153161948756852,0.3495925928913005,0.3448012858184219,0.35081889825791657,0.23360648657633953,,0.29875256291861907,,0.34423435967471255,0.41306519301066186,,0.49952348583531686,0.3465433879834152,0.31235096946450946,0.29610955665596406,0.33693941559647844,0.36103334378219115,0.2507340462458364,0.38302931970303694,,0.3602867859343872,0.45919520061647556,0.2944249295113341,,0.32488529893305873,0.3484512438917474,,0.36889373258329616,0.32932762795877485,0.3293592275975096,0.35900201626382666,,0.17820061906820497,0.32737274797824906,0.19902275257938254,0.34377524918055974,0.33341487633762423,0.3563752594722146,0.4171183224294217,0.33785318976951456,,0.31515724181389804,0.3536384507162581,,,0.32792946572739357,0.35069184491181626,0.3395418003019263,0.32715317191751847
2019-11-30,-0.02868359827639654,-0.03687291503215019,-0.026356768034493876,-0.015403515741126063,-0.03545283148594452,-0.007207876303728067,-0.010363152893546975,,0.04333918575582636,-0.05398003817743874,-0.0817074836874616,-0.020487153150029414,-0.020739549751125477,-0.04782472500059502,,0.12217389384805047,,,,-0.05460575433122724,-0.021316113555385378,-0.02194121360666017,-0.0070069758418862425,0.14643463872728016,0.0827089404335745,0.04103571874708545,-0.023680857970308566,-0.04655965089373719,-0.017377901561572675,0.043216444470000975,-0.022981639110552017,-0.023228262326452837,-0.010957708602347151,-0.011529394084622205,-0.03533572989676476,-0.03455648195452263,0.05922618815858155,0.03139511048557031,0.028993877218204855,0.06624508976468532,0.005985475762218201,0.1662508087540931,-0.008094269539693763,0.001669782118522521,-0.03425841409745436,-0.04161890810020042,,-0.02676781003734661,0.13656992688518918,-0.01775207449776169,-0.006810146057649315,0.08467093033659888,0.06148329518175149,-0.028249445489610368,,-0.03288480623836471,-0.02996346468589185,0.035527534200995345,,0.07765652371404551,0.003776539513562186,0.09242895045363755,0.07752558180786734,,-0.01938055022419346,0.14578588443515159,0.09649517334976479,0.1454976873135829,0.0329320520293335,0.06350659950212459,0.008147144840736135,0.052053235830946676,-0.02417343473459392,,-0.01503168455016814,,,0.037716581895346026,-0.04509837269029342,-0.01254066984544484,0.09325673538178363,-0.028607497068937768,-0.006826469715161355,,0.07958053594734282,-0.027242364148049574,-0.049418933087839956,-0.042267652964273456,-0.04340004310059191,,-0.026571435691413577,-0.011690310893146106,,-0.04685133582972527,0.11640400553656365,0.018390618209589774,-0.028178775240030502,-0.02236256557556451,-0.038722924170677964,-0.002338826776179077,-0.006933392389575941,-0.0156985660303483,,-0.027176214867915136,-0.02706661641547637,-0.019032362463593216,0.019963771979898886,-0.033416942283790815,0.0824504497724721,-0.05250306317190977,0.04081552694278556,-0.023992716408242267,,-0.025815691161102185,,-0.005818989663056243,,-0.03025525528916104,-0.03272397451628493,0.002164451117968054,-0.04502045744939902,,-0.04843690732187731,-0.0016235220144713777,0.061553039947293005,,-0.051276985540322256,-0.05525666132317705,-0.04088344274735249,0.06114090935442213,-0.01779882763524731,-0.025764478900680135,-0.021896678323237016,-0.027297108404104407,-0.012889493061701644,,-0.05253118259528353,,-0.02297847372726596,0.05783480092778915,,0.01418836314370949,-0.039361071207509465,-0.02880169528860396,-0.026639354035386736,-0.01869464231729931,0.0009050795487228721,-0.010931662911915989,0.05845758004666741,,-0.011104396280508076,0.06489165030592811,-0.04560861483040637,,-0.037429122044052195,-0.012298124117760309,,-0.021817884093429978,-0.021403640951640403,-0.04918935755722202,-0.05391093181365416,,-0.022557568885777035,-0.02952956682279541,-0.024508820548413662,-0.024860843939164812,-0.024959585581040236,-0.004254094107979525,0.05756996612778222,-0.03232768087074878,,-0.056213955206873854,-0.02183240852292718,,,-0.01143739635029377,-0.029470334229279572,-0.007946341805343307,-0.035898449746514356
2019-12-31,-0.5962746804397242,-0.5668460250524585,-0.6459128433885699,-0.6533030750705677,-0.6810500392503589,-0.10007335525288959,-0.6898419048459401,,-0.5176989412274439,-0.3163709428698849,-0.5545600016036941,-0.6427984404643451,-0.6952541567930326,-0.6679321103215533,,-0.6004431921396529,,,,-0.5237751166430707,-0.5665473006585408,-0.585277288191367,-0.4726653054941804,-0.6123196953977454,-0.5494088203100163,-0.6836644598165651,-0.5132931826104518,-0.5050549985696261,-0.6516571790739882,-0.6399289283539297,-0.6065351605964655,-0.4661342230347903,-0.1494245339201855,-0.46217555382822234,-0.5618621818869295,-0.4399543354923342,-0.599642135964463,-0.6904281719009165,-0.4678705850413839,-0.6433190810628637,-0.6193741829929689,-0.42128313593065175,-0.12179694960936881,-0.4934885215675975,-0.6644161733282884,-0.5611715864087627,,-0.5763627918808956,-0.33105574863585835,-0.6316682010182146,-0.5303942469324077,-0.5793099288229724,-0.6305094428650545,-0.6166646067420952,,-0.60990939116617,-0.5750529655264073,-0.6113741499792739,,-0.764816932389047,-0.6665988686719408,-0.655812103794636,-0.8175191233473612,,-0.09617978915217817,-0.6803900952022588,-0.5845183257628648,-0.5875140650888403,-0.8094018881076483,-0.5453572091559096,-0.39794193618740226,-0.5190059553365092,-0.49145874801830275,,-0.6434925201867236,,,-0.5289223253341923,-0.6333279490714827,-0.4934436826810142,-0.6392963663232708,-0.6286746781037674,-0.6421729267759422,,-0.6092668885681358,-0.5934559946196777,-0.650971317573618,-0.7058435104747516,-0.5519323042697217,,-0.6456610947961997,-0.512718644913302,,-0.20142101144174596,-0.6527823062878777,-0.40270979152755626,-0.6547788256605183,-0.605514408774838,-0.693111611776798,-0.66691735984639,-0.6681479633465675,-0.07331165542959396,,-0.6118861085389905,-0.6482325380849073,-0.7271126435764057,-0.6744488446203935,-0.6492473612175285,-0.48288570865724345,-0.5819863265207472,-0.6693050393940871,-0.6655564480035849,,-0.6373006876854134,,-0.20564725127584688,,-0.4058169112747892,-0.5946927955099932,0.15630219674317597,-0.6615955530873785,,-0.6550582185856936,-0.6732142445189395,-0.38445397671547854,,-0.5793441901973835,-0.562658743647494,-0.5740491151479409,-0.675055249262584,0.02901967994730048,-0.6483400890698872,-0.6236549235056914,-0.6523219154692824,-0.17807069377200258,,-0.5696133854220797,,-0.6096293927843558,-0.6080042025808622,,-1.0897580081264278,-0.7618973954952493,-0.5768785640882779,-0.49541494135250963,-0.5709615537799221,-0.6613648841638677,-0.22203047691874545,-0.5610991886153394,,-0.6348855643171382,-0.6825863207397155,-0.5298359188814008,,-0.6955754434699755,-0.6080067171126641,,-0.8636189005145806,-0.5486044071798027,-0.6114634881308102,-0.8093380015306088,,0.0008435345959357813,-0.6133449710493718,-0.09969291261254051,-0.6268333055220243,-0.5849690187242783,-0.6472490632492334,-0.6138236215218973,-0.6481621557041851,,-0.538381476487575,-0.6457560318091667,,,-0.5186244986817033,-0.6674279017967704,-0.5522258098923749,-0.7777305320975035
2020-01-31,-0.39607288381037536,-0.4193420722234945,-0.4413648899676854,-0.4336972162423337,-0.4434541384651263,-0.031923864903029446,-0.4393313280461118,,-0.4445008129231014,-0.1718893281069812,-0.3421748102516829,-0.4404652544693546,-0.4728559929111181,-0.4420226708742035,,-0.3284627858962847,,,,-0.36944388970058345,-0.384643976268175,-0.3778424078677587,-0.31888206725173346,-0.40442993652191744,-0.39999482254220853,-0.534806505843518,-0.3793904176104291,-0.33212508674538294,-0.45660180966375785,-0.5171965397940579,-0.42191267341954763,-0.2399402589189856,-0.0031564416009012062,-0.31360460625055264,-0.3875567498794312,-0.30511655393524106,-0.46141512453932193,-0.48666859996283757,-0.314256740058808,-0.4775799335272854,-0.4089039780657275,-0.29569222928593447,-0.05216375337081959,-0.32993761700194063,-0.4553408360077792,-0.3724262909292301,,-0.39901804482872366,-0.22671164334871163,-0.43339200002995754,-0.3682007396307386,-0.452507360969002,-0.48722574567577454,-0.3828433910525717,,-0.42287223986010725,-0.3861680461761422,-0.4377367236625133,,-0.5214264263500806,-0.4311627602497683,-0.4717667098755796,-0.5942244698701101,,0.03504492341183705,-0.37324182744786366,-0.45741604284734816,-0.3116258631563357,-0.5590027107030027,-0.4044601058629903,-0.3288158427935365,-0.4602393158416729,-0.3178774038586468,,-0.4368375767647351,,,-0.46516316607445174,-0.4392599494644756,-0.33314745493498443,-0.45420481363218024,-0.42458095042613947,-0.4303289484464705,,-0.4591843970328755,-0.4132386672412948,-0.4462851190164432,-0.45233651672095704,-0.39496369904029427,,-0.45624989512537717,-0.35227993453488204,,-0.14451616391362335,-0.4853101536548746,-0.47543890843859765,-0.4609601828373631,-0.3817561807307206,-0.49143450849082543,-0.4572712021328868,-0.4331263026854227,0.02412658500498135,,-0.41638161861502815,-0.4534840119898449,-0.6557890444815,-0.4433734921591686,-0.45372704037914635,-0.3933912357154397,-0.4036900217074586,-0.49308088359205293,-0.47875515682771497,,-0.4562745048396035,,-0.14697342532755248,,-0.2825927559068948,-0.41196139399732984,0.1332656178327585,-0.46705058766337654,,-0.4146788249340302,-0.4515365024652759,-0.28131739326584304,,-0.3635203734407109,-0.34188438990533204,-0.4024873090985216,-0.5334083486308109,0.058308596498196676,-0.4545475438727143,-0.4341285809974716,-0.45958221061342597,-0.09112699115388728,,-0.37462849405707216,,-0.4296760981890447,-0.45218797203761835,,-0.8045694614398554,-0.5039938282840286,-0.37321856032645984,-0.3158926084609098,-0.40000873647863056,-0.448360935362798,-0.13220495046226183,-0.38691230809025834,,-0.45123285510608896,-0.5449504879220309,-0.3463293299830305,,-0.4436430164496958,-0.4241007354790259,,-0.555571181103792,-0.383024242769347,-0.4349758198545317,-0.5557751342066598,,0.048886980015413015,-0.4109809118993791,-0.021069839074111696,-0.4368774473221571,-0.4059604354233383,-0.44168238190606646,-0.46099865481642555,-0.44273341757155726,,-0.39479443685312576,-0.45595288139054363,,,-0.35951773834832745,-0.4669437678774871,-0.3859782913991547,-0.47388994559416114
2020-02-29,-0.02680378754326753,-0.08016461484623742,-0.04240083409224731,-0.037413305064007064,-0.024448934919781368,0.012192844307213301,-0.009962010301377796,,-0.18834548667027728,0.02242436089883899,0.008355121316354672,-0.04704610885182666,-0.04654467394591207,-0.025002212488633463,,0.010778942000044804,,,,-0.05048954849367543,-0.043678897293118614,-0.0205449768933102,-0.042360250009514766,-0.07041801385106294,-0.11837588146469091,-0.1661224745484596,-0.08347494160044516,-0.02006271224864927,-0.05952001992089058,-0.150739156170063,-0.052995713643917336,0.06461381594454514,0.09180394044052126,-0.045272534929754624,-0.05207462670282071,-0.03640542131289177,-0.16607656072876065,-0.08197312063812397,-0.05135232577842922,-0.11516011088300239,-0.038297656018223145,-0.10491350896499091,0.01234421236053885,-0.0385793345018528,-0.044278797156432,-0.02415951012465871,,-0.05224358387799479,-0.09236902477604791,-0.05047914876181778,-0.05422927433348503,-0.1400316195777296,-0.14789198690976416,0.0012403936199736555,,-0.04981866660012786,-0.03525801088226097,-0.0812896876399123,,-0.07908227816468515,-0.020824548872897617,-0.11400854154176923,-0.12774699652918728,,0.10655530153450547,0.027310757523257602,-0.1575733474100042,0.008185839915952271,-0.06833265828618323,-0.1421345066723091,-0.09399198356838377,-0.20365959908110706,-0.01902378205566278,,-0.04539676364403864,,,-0.182121903085603,-0.050772302529118296,-0.04313373043526155,-0.10769888888960309,-0.03734070280569449,-0.04595362287248356,,-0.13395474017176556,-0.05480090897132915,-0.0526829870231817,-0.014034352157288208,-0.05476893052884662,,-0.06253694016680005,-0.04890300764958234,,-0.03050293345969612,-0.12705067356522234,-0.34457881926899186,-0.060544026410643166,-0.0032921365336925764,-0.06366441575461522,-0.05702073807714667,-0.026273438734451274,0.05806848789693896,,-0.04186471638379151,-0.05590896659725502,-0.26415980514573123,-0.03758663053846086,-0.05692760590789794,-0.15579263607469904,-0.045669777939086026,-0.11121694156727212,-0.07470335129524601,,-0.0698841212976949,,-0.025102980790207903,,-0.04756080158983208,-0.04885356794891284,-0.01142148178929165,-0.058184285585937856,,0.0031523224952270555,-0.045291650432175035,-0.05741086721844094,,0.006181715552116507,0.01821585646075878,-0.057196579696378674,-0.1742844676911513,0.025463512198453497,-0.05754330871558264,-0.054151925417722575,-0.05969111790578024,0.015357839011177165,,-0.018303634972783433,,-0.061152434034787054,-0.11415334713170844,,-0.1361555232494606,-0.040580803269832516,-0.018982866216851215,-0.002574095349345296,-0.05911828520738899,-0.051577455631667435,-0.008578842614665799,-0.0804184602706038,,-0.07151855420735435,-0.17452699888311882,-0.015641324305653268,,-0.012078036822696486,-0.055838760540475214,,-0.02343764944014114,-0.0556188082410383,-0.05936258954273489,-0.04847792081078507,,0.03746248052187936,-0.03836252260581886,0.0397406209706643,-0.05531134086165583,-0.05358179331734192,-0.053946971071016925,-0.11917531944325555,-0.043902692259417384,,-0.06918083302069641,-0.06308268939415003,,,-0.05263351766162476,-0.056477404776692365,-0.05867326766628332,0.010853493393906358
2020-03-31,-0.27243406558754174,-0.3258446832086241,-0.2169470739240191,-0.1354316420767058,-0.1443348248801065,-0.7318594768789055,-0.11140788796283219,,-0.09688323926608301,-0.5923154391396828,-0.3971884798493881,-0.20326834808249664,-0.11056600482850767,-0.22070053594909572,,0.13387600645091388,,,,-0.399584018661948,-0.2674573375003124,-0.24150572218135175,-0.3378768808781922,0.16992693148198124,-0.021429551992300008,0.047169644874296375,-0.32729586460963433,-0.39074571278217735,-0.1952003526385145,-0.11943831967119907,-0.24877285610679162,-0.35658301920772995,-0.6186108182250427,-0.3517693138086578,-0.2959253798106847,-0.45897942865871955,0.004206696278360119,-0.027216224432026495,-0.1800406909604784,0.018726450258498943,-0.12058285291985524,-0.021809870122999925,-0.7434168837120352,-0.30331187249170855,-0.21174841830097269,-0.3270610138705677,,-0.2761114213915339,-0.1285019350326468,-0.20315871498537702,-0.2825323362311298,-0.010753558610318252,0.009016653800578839,-0.22590608102951237,,-0.2625179375786033,-0.2788056583593853,-0.04569176881710953,,0.1711557830092567,-0.10391477677838877,0.12118010303076299,0.24094944296887544,,-0.7732274991485121,0.23017337350730324,0.05705325695509244,0.1930424107715003,0.10005636128875205,-0.01530696547248594,-0.46845113730040444,-0.07238551032589034,-0.3571490723355252,,-0.18567484573453258,,,-0.1667021220999001,-0.26118392370345295,-0.3218189343910111,0.08908684125620302,-0.23530847174337524,-0.12310224281347888,,0.03125987351555291,-0.26734507564408544,-0.23780106693462777,-0.13743210729120156,-0.38068493471892595,,-0.22096808676495747,-0.3124709337411993,,-0.7679417763475691,0.13687158346440087,-0.15091101971220244,-0.21171178869444143,-0.24460210247058659,-0.20915392474551375,-0.10013823671511514,-0.10206947533418304,-0.7579515148529646,,-0.24177769088090406,-0.2188529534765695,-0.08692898353149672,-0.029286136684293303,-0.21589833722935217,-0.07252881793189402,-0.3329644061172588,-0.027317599206379217,-0.20732189619305375,,-0.2298927780167342,,-0.6279918867461769,,-0.4553226146697391,-0.27812417464498296,-0.9465720664457665,-0.24310565881388993,,-0.24911164155308077,-0.08410298417114785,-0.23818470227656846,,-0.3338875830714811,-0.3531046724092308,-0.30111640160593905,0.06728795231698988,-0.9093673716780749,-0.214997741194738,-0.2302352033470114,-0.2208802848111033,-0.698831652339201,,-0.33819882330839973,,-0.24131064324265628,-0.056930014302486766,,0.27888844618736197,-0.04201800905620054,-0.27885194178348494,-0.339505340251479,-0.26118943022192476,-0.09149895521547297,-0.6281522050874312,-0.021604313207283447,,-0.14909454243059353,0.07093065586445825,-0.36885408210832477,,-0.12426313374334982,-0.22616652823499786,,0.08934309701219159,-0.29722729465910214,-0.2992609827101756,-0.06730461616541743,,-0.8805768965116809,-0.23455647625424053,-0.8025737008446766,-0.23525420992184118,-0.2614107278589146,-0.11681316037406349,-0.054515760336903876,-0.2170910552978648,,-0.38229029112935786,-0.20867030992427588,,,-0.30752787342425847,-0.20895392291164078,-0.2626362502235689,-0.00402163976441385
2020-04-30,-0.8598450840936716,-0.8439622247101569,-0.7355678113469516,-0.6215608688589676,-0.6631137420717313,-1.6988947147841158,-0.6332953915916175,,-0.28429450691844765,-1.4840253503928469,-1.1413357198308007,-0.7118047172252829,-0.5455696824791632,-0.7797499676337925,,-0.35838315632416073,,,,-1.018865638912837,-0.8287899516835769,-0.8341893433711519,-0.9548927525647201,-0.1119650656642377,-0.368640923804716,-0.12466324006228172,-0.8553680983688904,-1.0585529357397985,-0.6738756202326295,-0.37295148313254084,-0.7730136800414082,-1.138983139015928,-1.6203124943968366,-0.9739775504548823,-0.867306444068183,-1.127574809352994,-0.2870651367052888,-0.3837547370918559,-0.6441114619420133,-0.2268690013970909,-0.5958659081051042,-0.42496692611374076,-1.705074859447618,-0.9023876479853535,-0.7252411416774354,-0.946683255316277,,-0.827586472974778,-0.606076743392334,-0.7133374293911666,-0.8329207837072102,-0.22733004982486532,-0.21669497536959204,-0.8514072258407002,,-0.7986070335332245,-0.8562842657983327,-0.3492522563491548,,-0.09147386922684186,-0.5962058752834227,-0.10000546126927756,0.12987051537697852,,-1.9140722502659897,-0.21443967093155253,-0.12167329947966857,-0.2869266590256013,-0.17537822400530698,-0.35811148791153574,-0.9990232042285233,-0.1865148266123291,-1.0171754421614794,,-0.6959008872149557,,,-0.3535213312464554,-0.8000389228839861,-0.9270513055817324,-0.18683525697020498,-0.7828722028698495,-0.5907490721738587,,-0.21026903952497766,-0.808605398178215,-0.7884948106554698,-0.6767088493139357,-0.9743082959633225,,-0.7086910508699276,-0.8971333215177842,,-1.666677966675621,-0.021728294627826907,-0.08618055139562349,-0.6949325868074195,-0.8659960145431257,-0.6861369423328115,-0.5250139582248757,-0.5937140850579831,-1.8401107344386323,,-0.7815951433231428,-0.7140769983366853,-0.13144767960080803,-0.44384551049103493,-0.7081531928496922,-0.3143813243411635,-0.9200073985620428,-0.3328251763638297,-0.6702807384880485,,-0.7105534257475642,,-1.361687659415907,,-1.1279552413641294,-0.8265687814898541,-2.0593885604995186,-0.7436506286934496,,-0.8731090187090493,-0.5205004051273886,-0.6260228116858529,,-1.0117526471515244,-1.0725429234440513,-0.8562323690887779,-0.08397332728391044,-2.0037790789144547,-0.7046548110682808,-0.740853975253865,-0.7114683884890682,-1.6191663214991008,,-0.9745323456357837,,-0.7455518007461622,-0.38107948240720274,,0.2304751277777369,-0.48148494156108296,-0.8999736429182931,-0.9588680727729246,-0.786385883663937,-0.5201329954478979,-1.4807901315380403,-0.37932183500847827,,-0.556688523069298,-0.04456517008427421,-1.0273830135569464,,-0.6482897552174024,-0.7302674832186233,,-0.31128288925814007,-0.8558730851848887,-0.8315053260952663,-0.46128306799893287,,-1.976136933343815,-0.7930084019717916,-1.8385187405429546,-0.7518558548948794,-0.7970174216702788,-0.5552009484299745,-0.3631504404828128,-0.7376100656719875,,-0.9438785277211363,-0.6874895936105627,,,-0.8801324996338322,-0.7000413691175347,-0.793458125989704,-0.5117482619281545
2020-05-31,-0.5238875323446879,-0.5100394385449621,-0.4719898563213387,-0.4294203739280212,-0.435927122004983,-0.8947580996212346,-0.43825929103493827,,-0.31144837337532744,-0.7776564656515862,-0.6141771527718017,-0.4639374845777114,-0.39610911355489675,-0.4789090616865935,,-0.3859410835737203,,,,-0.5764365365280614,-0.5130961756049096,-0.5156854808609488,-0.573912194034521,-0.29548868745753437,-0.36078957080015206,-0.23708761509516776,-0.5205527286506674,-0.6003015793994404,-0.44893364475227865,-0.35078173846539473,-0.4886170705823697,-0.6565658551427517,-0.8713520983284367,-0.5791650218163266,-0.5199455565147949,-0.6372056722679661,-0.30259310271541273,-0.3483427426057649,-0.46905787562398066,-0.3033203694256496,-0.4308278560324477,-0.4280296061274306,-0.8982250906697792,-0.5570451013575087,-0.46270714464592505,-0.5550374012501257,,-0.5087214381415723,-0.4926893238485032,-0.46484410248216823,-0.5226436627994453,-0.3130383794321291,-0.2892885887399097,-0.5201223742669407,,-0.4945228149476951,-0.5213142546174033,-0.34767832524435643,,-0.24663062817770523,-0.4307762785824957,-0.25897968951983674,-0.15236546476829058,,-0.9888432485323815,-0.3408503507713458,-0.26865005099524,-0.3645123480048079,-0.264964949359907,-0.3381746494532296,-0.6084714614027708,-0.27861127232229327,-0.5937847356351879,,-0.45895370992619533,,,-0.3454794784193991,-0.4872375820045166,-0.5589363525291425,-0.2929521827846233,-0.4900262990002667,-0.4200596632558848,,-0.2972415585348618,-0.5000034909750042,-0.47524619680730085,-0.43738028454321426,-0.5637806144722796,,-0.4586058319980524,-0.5466730456896945,,-0.8563870177047143,-0.24245900205673557,-0.20607656068144894,-0.45234233880697233,-0.5302731111860606,-0.4417999836964441,-0.39490102891840645,-0.42206157576934744,-0.9509843664723852,,-0.4907895790282331,-0.4615341508413847,-0.20365945690463544,-0.3747217277177896,-0.45549540589719056,-0.3466611131422896,-0.5355233755791243,-0.3299939193898788,-0.44172459052676655,,-0.45925993105856416,,-0.7647630613944388,,-0.6356535462299091,-0.5065108569247835,-1.0452676385005415,-0.4645954077961636,,-0.5205003131828622,-0.39420400546853995,-0.49501659997309727,,-0.5791526142149198,-0.6025125522083978,-0.5131830514047331,-0.2294173789351069,-1.0207490660612502,-0.458208117544058,-0.475357048336809,-0.4597801835760129,-0.8617567731933617,,-0.5612115206370736,,-0.4765596323390729,-0.359416659406575,,-0.07345286890402156,-0.35331346293187244,-0.5393131017698113,-0.5782218938438175,-0.4961276495813208,-0.3952868933986998,-0.799521377293264,-0.36373548478063567,,-0.4060482740776017,-0.219672936175875,-0.5882021647291522,,-0.43010350513529194,-0.47641754609350717,,-0.28936338826403546,-0.5236439156888884,-0.5000548191510874,-0.3422722639169133,,-1.0074926749489936,-0.49209291164383534,-0.9494347902428464,-0.4774557150369749,-0.49731393677881613,-0.40747428587519635,-0.3519994980910433,-0.46883277256738204,,-0.5444807260526663,-0.45231663315224296,,,-0.5396300641085849,-0.453498594820735,-0.5046673513612596,-0.37181205196974343
2020-06-30,0.08100733417421412,0.08366804309528401,0.07674376104982111,0.05008403666098405,0.08384798806760206,0.0338996640505733,0.053523099789863346,,-0.08819467689003238,0.11505511789048826,0.1624764987005912,0.06468443935664996,0.06192641014260702,0.11043525874295142,,-0.17584507982775605,,,,0.11449278010481098,0.060129330754197845,0.06431222881266062,0.034126841292256134,-0.2197772911379297,-0.13770533899638987,-0.07466732045703754,0.053533202480034535,0.10557817659552644,0.059243768895244825,-0.046100158827531275,0.06690436800903904,0.08282313272097208,0.05013258760741522,0.038813985758649576,0.07812863492127825,0.08765939912474381,-0.11960771798347464,-0.028528055701042734,-0.035526143575577526,-0.09272034109039846,0.01424536658925519,-0.2664873863603782,0.04380184512637958,0.023409130365006935,0.08868099145129626,0.09990577136526953,,0.06857960529019644,-0.22751841116939162,0.057135334120591075,0.03563887402463873,-0.12828143769215838,-0.09950048480549498,0.08005602040184637,,0.08288655533946779,0.07693923047984995,-0.038891776079278975,,-0.10584293277696584,0.02865681810518671,-0.14463996055606257,-0.11417153285649363,,0.07773633626395499,-0.19766661469636349,-0.16220273731443666,-0.2217731299196276,-0.020690537825807702,-0.12782384736863936,0.023023341044072092,-0.10182564294590586,0.0685613804854207,,0.0541729478187668,,,-0.05722328677908652,0.10141490006540935,0.04224873342514967,-0.14520249654885223,0.0788338463369772,0.032756029973198326,,-0.12748657809065228,0.0708683604359583,0.10171366799639026,0.09757081632509393,0.10410832299224021,,0.07309881162580668,0.04326168587843572,,0.10327408683505984,-0.17524666967191183,-0.10689363810956427,0.07606144946293482,0.07416612546076438,0.0959167693894255,0.027642784698542748,0.038738756692007235,0.05008077282337557,,0.07408914990185263,0.07567528326738368,0.015102555301329389,-0.005917129589849841,0.08251913295926333,-0.14136509248980944,0.11371874051266335,-0.05071453023362549,0.06873007160754346,,0.07036131133117483,,0.04272644525419589,,0.06826863091071556,0.08223827555463085,-0.007528187487446552,0.1046647405837044,,0.11988814837994233,0.027632194938130718,-0.06949914239065252,,0.12310171180806914,0.12903115151965985,0.08871165588974787,-0.10664714016724704,0.05394432301976093,0.0731353005762401,0.06580918029616066,0.0763412987075346,0.05708376824725387,,0.11807474186715991,,0.06459424321866769,-0.08048725108511472,,0.016583445336523693,0.08250286845958978,0.07746618039201686,0.08049646784522711,0.05424730885357322,0.022175593397557283,0.04393430154154445,-0.09073209929983397,,0.03972573709317747,-0.10562415576049766,0.10740614357680546,,0.08891669716671753,0.04997303930709458,,0.0623600126468952,0.05918974296446404,0.10858860828459181,0.11981914997598354,,0.06341136515568477,0.07430323771419806,0.0764824293125423,0.07004874822393485,0.06595941255888217,0.029512647928039083,-0.07968415878473065,0.08338628906929486,,0.11435476124745622,0.06516582137710576,,,0.042907279819630204,0.08048393295680031,0.03717642064999734,0.08576130673001321
2020-07-31,0.4346542717324987,0.3588749424887329,0.3447838090935262,0.2409392919482776,0.33211268169796376,0.8038608730631032,0.3043512884835663,,-0.35329158886484074,0.8313378562772611,0.7361667331783179,0.3186737717548468,0.18659391480591037,0.43808015076874357,,-0.04096175213696525,,,,0.51726655991286,0.36658403732702793,0.40903274537998063,0.4002551752914753,-0.37251497933577254,-0.13749167098142223,-0.29619545434255107,0.3204693785117998,0.5483562845562783,0.2793958360795329,-0.1271481919110684,0.339666541790383,0.6034644185178268,0.7770043336131423,0.41107244804468634,0.4107687576496177,0.5254642849995459,-0.13603928511629876,0.010789068616274463,0.015579218232298735,-0.2549118111229907,0.16826285029771257,-0.2154856505477483,0.8217031962330814,0.3630955348370487,0.3578784594775974,0.48743092549032485,,0.37439408405555924,-0.12021722690273053,0.3131621005347871,0.3196387699365708,-0.34518815516518736,-0.2605657875990929,0.47669758837683923,,0.37319789970372447,0.4059924998581434,-0.17514609215483506,,-0.20741219641616765,0.22457857290602962,-0.3477327266870659,-0.4230102200340832,,1.0511079026994155,-0.12360256371178151,-0.4277520210843152,-0.11193489131439581,-0.09748445610119433,-0.11495568272002275,0.2629913542945944,-0.49372183792399305,0.49265136189554115,,0.31071203038516954,,,-0.3174333557763459,0.40974829406099306,0.3952931658634278,-0.2500907490877242,0.3867968966381844,0.1937710498833486,,-0.28685737512347376,0.37194232489252116,0.44653017755958985,0.3864926142703467,0.48859375896542917,,0.3100815455166699,0.3777056018327698,,0.8629817366192335,-0.47686071520397383,-0.74936253135404,0.304956243922179,0.4679293213510167,0.3410334668993704,0.1368140323972818,0.23561227408333685,0.9624104507842948,,0.3611782571951237,0.31872237731585623,-0.29570473239973866,0.05904387343781543,0.31654474510135744,-0.3502622174037152,0.47911739735999775,-0.08092738605236363,0.29030470726707114,,0.2998724753214894,,0.4510921635307462,,0.5076238075750292,0.38711995195378995,0.940267924153368,0.3648648654640762,,0.5312459971406617,0.14442421841052708,-0.20773452070654427,,0.5921653950701037,0.6523114268720553,0.4024124729832889,-0.3535889209475677,0.9854956436782668,0.30752237644196273,0.3236902281564962,0.3196374468079756,0.7780935420441637,,0.5320407744721846,,0.3100266985013379,-0.10002738483671893,,-0.2346937276828509,0.2375789207020487,0.47426167870532715,0.387677173635917,0.31471015752219406,0.12628121812773085,0.6884564133730893,-0.14196724353734047,,0.11125984257876366,-0.420084636049754,0.5408150818661495,,0.3345498933066284,0.2900914524601135,,0.18249451893358856,0.3701644749240724,0.4022807829944006,0.2246931891428529,,0.9922454986397141,0.39349277994316195,0.9447372085489979,0.34403802576106923,0.34634900168742005,0.14691362794987695,-0.11941643428201659,0.35551080480042535,,0.4342391268334207,0.2856447957427218,,,0.3623717560415945,0.3285062915800809,0.30135079471421233,0.3078356772308052
2020-08-31,0.19388975126860947,0.12766852842947493,0.16259207457873728,0.138122914923706,0.21703945589548182,0.17873650753555206,0.17371744817231377,,-0.28164840477484454,0.3317063694316584,0.3979624287352937,0.14119463530767218,0.1329570946409141,0.2517222137048059,,-0.13476366102262458,,,,0.2216074427936603,0.14558923096968554,0.18687545174632272,0.10756505697036185,-0.3462086722541586,-0.23581541808756618,-0.2123658513110122,0.08620138954972925,0.24500963348977117,0.11307593896341539,-0.20222674548580888,0.13612579639661418,0.3025147897449466,0.29255824377267564,0.11484498531013598,0.17340199612276394,0.17995461250866737,-0.22639300796445994,-0.048899473426180375,-0.035589646909078516,-0.21406002371314448,0.0748778596358471,-0.43320400571416334,0.1810412948278092,0.08990472032485845,0.18284638300899062,0.2279454364712278,,0.14861664240032138,-0.3487905610086365,0.1303074758218897,0.0870055938511245,-0.30926867014057013,-0.24069820302687234,0.24281702924494578,,0.16728397182989999,0.18099460814775267,-0.10032259867479433,,-0.16067478939670743,0.11323766251718591,-0.2718560775797759,-0.2463330292992277,,0.3545664922737696,-0.172637905580238,-0.3584830570965322,-0.19420769738305874,-0.036894087206517795,-0.20831784559811806,-0.043518197041341175,-0.34452731973737993,0.18883224938815424,,0.13238545891894826,,,-0.271309918144679,0.202947998318159,0.12183122012089655,-0.25226774603828606,0.17919823003224,0.10139614136491866,,-0.2685579746465564,0.14775384444769638,0.22442940364754685,0.25721735487990927,0.1868686169603494,,0.13275636970710672,0.11097422262029488,,0.22736317129437464,-0.36841453872468277,-0.48542481130405535,0.13942835930568473,0.21777954306253838,0.16817991093412576,0.07037194012064471,0.13600317147664606,0.27882068756268363,,0.16442494027280127,0.14338019491358203,-0.20840065214045309,0.037297241297642864,0.1577481519850718,-0.3322744271944773,0.2266538230256266,-0.12240430393068803,0.11143121462183377,,0.1189949131294539,,0.07651958118332634,,0.15633316947801976,0.16797603548747,0.12157502985701985,0.1877587286723724,,0.2979003637353117,0.08657927148257731,-0.18058759773176847,,0.30455495502464663,0.3366209752571022,0.17745599477360335,-0.27689914628024187,0.22187199890704587,0.13693439794844664,0.13240074853512074,0.1393718778540376,0.1941468753451333,,0.2672710270658505,,0.12241394789559847,-0.17492102957185238,,-0.06550603516871721,0.20910765049162292,0.21086092179511937,0.19299288953414961,0.11242215637794135,0.06847177989258874,0.15891503095235077,-0.138488156213579,,0.059695648096360486,-0.30059222035475686,0.24991117142663788,,0.2398187074364249,0.10179385944167492,,0.2002322738250562,0.1273568483467951,0.19359364184235456,0.22400114774107013,,0.25336462757232625,0.18280562044323198,0.26395981073137964,0.14144329352961998,0.13973854111941156,0.07742310958687422,-0.18372164133173657,0.1775943919293788,,0.19033709221603026,0.11833670990677377,,,0.10384573066048533,0.15220558083543345,0.08467123252910508,0.28027186396220843
2020-09-30,0.08128885970151582,-0.01563577866639633,0.01511815392175914,-0.07339485107582651,0.024234410066397847,0.23286292950996473,0.005040522850385061,,-0.7133056337655795,0.3488944773948388,0.3502739007687492,-0.013394786959384545,-0.10407056119090376,0.1143418425326214,,-0.3618836960317191,,,,0.12268495168890944,0.0013740816986134875,0.053977382221191236,-0.007306008607642652,-0.676137770077611,-0.5119850079180729,-0.6034087368408476,-0.07510531557064992,0.15545996774298643,-0.050018703645282665,-0.4561760327301788,-0.009840440787904744,0.2274058029412612,0.2742015044686213,-0.002410056640596524,0.03519505855335577,0.1054398072310657,-0.5206253088675452,-0.2934941892939646,-0.3420239343667112,-0.5559403358212666,-0.15278386339811156,-0.6435527935538242,0.258809576678711,-0.03138429963905844,0.03338255273214943,0.1200020484254623,,0.008647623670277996,-0.5771983936596958,-0.02600888351697051,-0.05944842928988934,-0.670916041334887,-0.5869899490699405,0.13380747823161976,,0.024389900786941875,0.045415805633232664,-0.4658741073826882,,-0.4692371716138318,-0.07852428154665793,-0.644939838324449,-0.6537344841732703,,0.49539830840689786,-0.39862694688018396,-0.7588409934005982,-0.4403228467724165,-0.3327490820064316,-0.5102728233929298,-0.16196294176243256,-0.8354295335919616,0.09579657656677971,,-0.022629957458236025,,,-0.6621252728538513,0.06501784749860044,-0.003304654356786515,-0.5696264304012169,0.04610732029189074,-0.12468432106785383,,-0.6155349411827031,0.01141923509494356,0.09603936129238734,0.08453345685132972,0.10464889207893675,,-0.024772936008506014,-0.013611745878790544,,0.31082472888264445,-0.7616900664097093,-1.159024831611247,-0.02414412666211974,0.12059313294243279,0.02080419816662415,-0.16918853418151034,-0.0709079172567396,0.37924769973909855,,0.01670345545295065,-0.012536631394847364,-0.6125281174555789,-0.22885452747193383,-0.01318430459645616,-0.7190718837685558,0.11194191370841394,-0.39568326051020647,-0.042412766075268164,,-0.04020257722932453,,-0.0274137685174352,,0.06613114098269243,0.03122787606295348,0.23485999854209993,0.03598840821879566,,0.20378591929745432,-0.15518980028659532,-0.5497953899714599,,0.23266679656404862,0.2831690321741563,0.03346063562779834,-0.6655768711404191,0.3537012280261097,-0.023107501939389218,-0.01836092401125653,-0.012277327926858067,0.24786844884379602,,0.16660053165227753,,-0.03782592350473284,-0.4399391721529297,,-0.3818905011550439,-0.038245103420897236,0.10866112474556508,0.029055128566885347,-0.048392946999262214,-0.178158769510481,0.17034660621104744,-0.475071351249003,,-0.20211908197311065,-0.7134281011719381,0.1602938534797397,,0.03870663575999599,-0.05537678627655911,,-0.04874275881957657,-0.007497172445433014,0.05125469263691115,-0.022592519355856003,,0.3766348332735868,0.04329548658968808,0.3758480145754069,-0.0008150404870476822,-0.012441512437672029,-0.16493445980137622,-0.45570383638382583,0.02476193500578246,,0.05125483189012615,-0.04695241110572139,,,-0.025994074575238172,0.002109533490433894,-0.06952655907037895,0.05104270106816846
2020-10-31,0.11338080166956153,0.04762200413292935,0.10987764730345169,0.1253176281345262,0.17306420678524653,-0.02039110958117,0.15068517072064008,,-0.14757499113225053,0.12531423176882794,0.21245396020257298,0.09175848226643214,0.14642624611560093,0.16857243165672967,,-0.05653963713544295,,,,0.09837529977075977,0.07813406527501915,0.11338442490620701,0.02477160374376079,-0.16326026033884708,-0.19613000852348347,-0.1149969468481012,0.012387183282797533,0.13069468883728175,0.07215090803987559,-0.13245805867687646,0.07689269513363148,0.2341609273391497,0.18066877701973835,0.02526207621503023,0.07843996456667454,0.07354948117076963,-0.2488746286796028,-0.012675949439045623,0.05639219706921137,-0.07679400985131632,0.09183668127855255,-0.3704219793292559,-0.01859210153975975,0.025553739825691365,0.12214672600613385,0.1338341038037526,,0.07179003326259596,-0.30182211490664285,0.07635349031759316,0.033306401211308324,-0.14832314324833118,-0.142766263005275,0.15320439730370042,,0.09829014777716727,0.10684439583133434,0.05690223236663945,,-0.05316260505425149,0.11925022375650185,-0.12015076974103193,-0.07294477433487814,,0.13214784923296582,-0.04344382699593308,-0.19815374621620885,-0.10692332865051977,0.06402890526612669,-0.2184719061067102,-0.05718648751715972,-0.144885312739229,0.09070210865182834,,0.08114236457291223,,,-0.11453808787641573,0.11460251614578673,0.04019431558083856,-0.15022263800568283,0.10840236394674455,0.09947231453981084,,-0.15304434805229808,0.06949297414487188,0.10087004657849764,0.19346809587588074,0.07424953439044941,,0.07884118242199907,0.03432892296071365,,-0.01957583555704202,-0.15577469612751185,-0.28490776625399994,0.09010783699138462,0.13339871222303615,0.10001411304994919,0.08816968278768098,0.128069937175352,0.037498346915155224,,0.10404416363573565,0.09225435862892949,-0.156274088811484,0.09972136079258258,0.10677840416428017,-0.18459996455176483,0.11937593414557836,-0.06886002326073139,0.05279464762095031,,0.06421809262634448,,0.054599544694013485,,0.034975906683854335,0.09402617296124784,-0.17214389626549179,0.1198995626067147,,0.19822143416030263,0.10874419984968774,0.06323083210316865,,0.1880675439681947,0.1997061332765057,0.0884430521336886,-0.16629433622513815,-0.03249770332644034,0.08937653518851676,0.07812471849401391,0.08452026740728634,0.023880895034326704,,0.15946805005996684,,0.07011843515535009,-0.11704158287407639,,0.029651679056403233,0.1815782548636659,0.11075981767146292,0.18574615714540735,0.05815149767696651,0.09485732691416277,-0.004602542461614199,-0.03453208725020135,,0.09330882135254948,-0.14311266906805506,0.14273586342341715,,0.20557328720967705,0.06098295111381048,,0.19414370336203832,0.05084420097348104,0.11271215004382763,0.22356128023870825,,0.005007144167971266,0.10132049776758426,0.04147051117797977,0.0749636404979048,0.07572138999747903,0.09566401929972451,-0.11850488175875645,0.11694828700473058,,0.09614377710034769,0.07403727570031744,,,0.03206804403677658,0.09402734352520653,0.03404671577121389,0.2585418312386315
2020-11-30,-0.1883976993999233,-0.2129950839860986,-0.1766123627206439,-0.16994523596730426,-0.168343757572889,-0.3053714121855832,-0.1524713782554791,,-0.2232646577906095,-0.2609631174794249,-0.21487446207782937,-0.17977606966844323,-0.1547532490354261,-0.1761616172228051,,-0.15688273060195218,,,,-0.22193273647262762,-0.20076021921479015,-0.19142450403007027,-0.22377379357691501,-0.15008947557163196,-0.2228332346177068,-0.19448831759600643,-0.22837690872708133,-0.21268386533463401,-0.1795525154092362,-0.18313699700265126,-0.19105966425181606,-0.17608039800752465,-0.24402096471804444,-0.22960326963244895,-0.21359771845514672,-0.22516373786975977,-0.25671936590297995,-0.1676454011859992,-0.18705469316607423,-0.16294718937493707,-0.17003963229465335,-0.23787724471032434,-0.2957973077096987,-0.21255691610742372,-0.17620147252889465,-0.19750313575309317,,-0.20375306021492334,-0.25731282957400425,-0.18630898724971143,-0.20746414761025092,-0.1785949291828408,-0.1946956346631582,-0.18105137470995158,,-0.1915700499411602,-0.19631258167449508,-0.14747191960816886,,-0.14055179206279292,-0.15328498644179478,-0.16606129229210473,-0.13070079824404401,,-0.2708033529073123,-0.11553812120691623,-0.19419332447112203,-0.16534666984909555,-0.118577204478762,-0.25728621003965463,-0.22022723241748599,-0.2080286774108878,-0.2128332587666863,,-0.1815917725977254,,,-0.19686563370519042,-0.19331207882678939,-0.22025540998962317,-0.1814244371615761,-0.18437374062988024,-0.17405139102850317,,-0.19049414015270127,-0.20090565728071783,-0.20570557551712926,-0.16493051985584087,-0.21095566153598935,,-0.1848563056180578,-0.2154695292016381,,-0.3056990799417348,-0.14846140791475543,-0.3006695504849442,-0.1810883468948272,-0.18046384564807622,-0.17809762541103336,-0.165898334482303,-0.16255794451543448,-0.3081316911321971,,-0.18702470013968514,-0.1806376668250601,-0.22403554016846422,-0.14722917802924076,-0.182450703835043,-0.21377321464227644,-0.20492763360569147,-0.17920470918831197,-0.1864836791773256,,-0.18946021546432287,,-0.23721732000499346,,-0.2472814366977701,-0.19555785414298119,-0.4006384336087055,-0.18209239218662246,,-0.17000883865490576,-0.15992333168743803,-0.14715370915507922,,-0.18717336155021647,-0.1928714304777532,-0.2093785354531744,-0.19577880796681982,-0.3361028901476113,-0.18042096520570272,-0.1867514138955874,-0.18178586763132912,-0.27274937488146156,,-0.19718593902393983,,-0.1921836070398976,-0.1920241113939494,,-0.08476261581754145,-0.15947211292245,-0.19806634096077955,-0.1751834394998129,-0.20143695510418616,-0.163406524262393,-0.2769604730345912,-0.18425672849271968,,-0.17054815899478842,-0.17604041599158216,-0.20314579648788897,,-0.1584749109562099,-0.186973643676355,,-0.12838877732669104,-0.21008423402932608,-0.19592919980629914,-0.13426048812438166,,-0.3249917464813481,-0.19449836721310534,-0.29316200490375904,-0.19022098417591948,-0.19887220152057244,-0.16885841827251089,-0.1898576586639081,-0.18048953823024222,,-0.21739576327189786,-0.18283112924757947,,,-0.2139861466194129,-0.17884324343355287,-0.20421691647064102,-0.13642234079727236
2020-12-31,-0.30468796177027546,-0.30266518424437133,-0.2789704576761284,-0.12172675170585287,-0.1626014063772217,-0.3304178381069436,-0.19839633834261697,,0.2419591449108827,-0.36449384807186697,-0.3781521800373589,-0.2639149828498195,-0.11028726620154453,-0.2887185412358236,,0.07881320325334883,,,,-0.33691768355117147,-0.23589225771002215,-0.23491009251150669,-0.24111583036974174,0.17052217506430464,0.013437047353537646,0.10114682845972761,-0.22652290685389637,-0.3002308968926396,-0.2690434875062447,-0.18861879108580934,-0.2732891730383585,-0.18508771262541346,-0.08682757073538414,-0.2339382246153803,-0.2588529341206605,-0.32602485714152446,-0.030248757971079326,-0.11963612333862758,0.17928252972867803,0.07702944512038214,-0.06284072459728134,-0.017123324046268575,-0.4031866311718638,-0.23256171650162924,-0.2885023269890389,-0.2960930952345079,,-0.2652713315394609,0.08475464696190059,-0.25484183816211464,-0.2243443779671614,0.1232723772407889,0.05831715861113429,-0.2743746236118383,,-0.2800996960455878,-0.2519070503352431,0.17815423242186984,,0.007816239263956175,-0.14843297468030353,0.16434078982815323,0.12222720485575006,,-0.3955726359665694,0.05140751524168216,0.20063656891467976,0.1427994963399243,-0.06031842935886255,0.05462190894828037,-0.29959484837937744,0.3425692283383331,-0.27423524268332755,,-0.25566407938542535,,,0.12527299953210108,-0.3061086188831384,-0.23160166547981212,0.06521383149829547,-0.29115583573854165,-0.09136251556851342,,0.09837680758785886,-0.28759106120869027,-0.3287359051738999,-0.20584652219714603,-0.3992994680258645,,-0.28520911039287017,-0.25462710665171073,,-0.5344786060121142,0.18355908849021868,0.6222062981379495,-0.27472797363112195,-0.3046509229249564,-0.3402817319042801,-0.09451188211221656,-0.11977776198750428,-0.3458354433508909,,-0.25596899991359084,-0.28171975393867066,-0.06851174864092127,-0.004634949548764074,-0.2498441901775497,0.2192405946974321,-0.3260292035346499,-0.08379292023364109,-0.3209446410167876,,-0.2874013448899566,,-0.1278256053538953,,-0.27480966073699803,-0.28362663963105944,-0.32983729141100143,-0.30783417394371043,,-0.3397737119408546,-0.0747814949969503,0.32338528932809474,,-0.345219661264491,-0.35688087445675887,-0.2657703046463318,0.09424078579571996,-0.42001430563035586,-0.27464582688062283,-0.2736789534011615,-0.29937099055467625,-0.38459993805758297,,-0.31085356737862707,,-0.25487489195401763,-0.06692731421925531,,-0.2785826977551522,-0.10253124200950318,-0.2986576348608337,-0.11405653820287562,-0.22527795557084038,-0.0664102532197149,-0.33998396569938616,0.17504376480265052,,-0.05777843937867505,0.1313221398260031,-0.3090394046614949,,-0.13513608580428904,-0.2513359045178404,,-0.12307498887532753,-0.2653695950525164,-0.3036874935440266,-0.16684321983615513,,-0.39996189845402264,-0.2633467337130754,-0.43515789028168333,-0.29522054501252565,-0.245682091587706,-0.07335812703437679,-0.06412324425716329,-0.2691239859517037,,-0.2872835404349622,-0.26753601793386317,,,-0.25256779982136834,-0.30614359886784304,-0.22566045524542488,-0.07450035756901084
2021-01-31,-0.3649762303106501,-0.37308458708190767,-0.3954879515763104,-0.31228195036572937,-0.3258982343619528,-0.04612774701567116,-0.36944932937243,,-0.1668166984578732,-0.1548556251948697,-0.3027669915639156,-0.3937811659720374,-0.33350130229007724,-0.3817254675033215,,-0.26598084960976975,,,,-0.32609415511294304,-0.3228622552236982,-0.31793392293666756,-0.27782938021989506,-0.2989548221343628,-0.32184345118566915,-0.3464105996486737,-0.30733895143150103,-0.27805952990936494,-0.41477220789815183,-0.4846312477413695,-0.37693944626204584,-0.14569857613991002,0.13137456339072728,-0.2638633316920213,-0.32537682317701033,-0.2741706780367996,-0.39263313334486877,-0.4163171559613927,-0.05985143832527456,-0.3235144364577628,-0.2765118772135506,-0.3336033971116469,-0.10371592708516678,-0.29270066235594605,-0.40679062721304393,-0.3208509430381259,,-0.34775881102196715,-0.17106038927891917,-0.3863240970628107,-0.3142175233039295,-0.28923164705613186,-0.34558263829149344,-0.3411565216048857,,-0.37074626016256557,-0.32321478290131256,-0.18322695347859644,,-0.4345615861462273,-0.3455914238839698,-0.3059033405145555,-0.4331439094306005,,-0.003562888199318044,-0.34830434029951834,-0.27108127459992987,-0.2451601304425997,-0.45033249116677304,-0.2920062684964283,-0.31382159190189945,-0.12502515604928396,-0.27597510671958975,,-0.3939914354939651,,,-0.23381778663214128,-0.3903889182170904,-0.28061025197367107,-0.3527232269796431,-0.38582559725563026,-0.30136344823165356,,-0.3160430400022465,-0.37410189264895033,-0.4137401675651349,-0.35462433290967427,-0.3974985027043087,,-0.4132046975658572,-0.3123519918924123,,-0.2269753589603749,-0.32535212759159937,0.05837037666302253,-0.4097071471392571,-0.36136062894659127,-0.466615408828857,-0.3319655754733038,-0.32210104847446525,0.00292538078157743,,-0.3576817214838705,-0.40749566044681074,-0.48485849163292954,-0.291389276304537,-0.3827943601583755,-0.17559147038652687,-0.3569595809308373,-0.41078287865475943,-0.45975166382804916,,-0.41497036742866017,,-0.017007003523260605,,-0.2332398936644567,-0.362295638694599,0.09674774567710467,-0.41514569315736455,,-0.3838215964047095,-0.31655820686546315,0.04882878041946268,,-0.3315617498907421,-0.31521662766156655,-0.3352550386619849,-0.3717664074360952,0.005485243432089894,-0.4057356104270003,-0.3905112511091818,-0.4234786378586231,-0.1220915042526714,,-0.3200086829067536,,-0.3734598877413537,-0.3796003679528782,,-0.7990323920047221,-0.35063099824360544,-0.3432142335038845,-0.1645801418378496,-0.3327801677826132,-0.310579188261228,-0.14352680536731796,-0.17694763046495968,,-0.2886231361328474,-0.3571433552843206,-0.29770048097996654,,-0.30783060229237025,-0.3775589567486464,,-0.4373947505202994,-0.33731018703152293,-0.37571679530362634,-0.4105916621627854,,0.012501755892845823,-0.35876228127929083,-0.07184119403420793,-0.4037008588924889,-0.34418427494071907,-0.3016974906509554,-0.38487151626510935,-0.38594550680263706,,-0.3165330429841412,-0.4077504096586712,,,-0.31784584054130965,-0.43321454181547725,-0.33152615840058103,-0.311306278158194
2021-02-28,-0.18190825299917363,-0.22863050154806844,-0.23090259847203531,-0.1322648938035738,-0.12855234668987497,0.17050482786266608,-0.16683735737465683,,-0.07874904773012179,0.0637220258565111,-0.07167841127158932,-0.21381149636094782,-0.20424912136586323,-0.19368398368242137,,0.15338850293407827,,,,-0.17040573948679785,-0.1334117573269243,-0.10395065854158148,-0.06961252923700062,-0.01839483094412368,0.02575199300259743,-0.1363230308642329,-0.13417172288134635,-0.11769480904257885,-0.24356599077856678,-0.3794808880936683,-0.20681474585956774,-0.009720271170819736,0.26024653778746853,-0.05407822012726732,-0.1198017549673444,-0.15352636687407495,0.0633118663891953,-0.19523794137045558,0.016203380922745887,-0.18767471223966284,-0.10182129054959416,0.10178231888683043,0.08718912020877373,-0.08928152987465178,-0.2375375425040043,-0.1594724444342177,,-0.15820923686021054,0.21054517163336475,-0.18836941976149926,-0.13411945132629574,-0.17559616743843928,-0.1352192077451904,-0.10610107988479973,,-0.20629215357505687,-0.1458130623261284,-0.16295919801495581,,-0.14651096531476004,-0.16485086656637443,-0.07512153261750085,-0.21894257403405143,,0.19119669124625593,0.04367841406526653,-0.07400848982040205,0.246036861200843,-0.2870587814163634,0.15119645641663876,-0.31755836390229125,-0.1280033772554758,-0.08640365563152685,,-0.18821142290397475,,,-0.2778082740888881,-0.20981789435774625,-0.07324787252085802,-0.05255616128221343,-0.1985922894599871,-0.11464721187732338,,-0.09190078497916768,-0.18254929540040937,-0.1534020314155813,-0.1332679025475237,-0.2504057249097413,,-0.2475162790260574,-0.11458627592815683,,-0.04050475027590384,-0.17393927076173743,0.03863075626883346,-0.2496068833207861,-0.14541486735399753,-0.29771336095866335,-0.1681149954632266,-0.1198732806472539,0.2749846392974839,,-0.18552562591443192,-0.24778811608927867,-0.3871289141343955,-0.12769683260268244,-0.22483852457274484,-0.04438383046728014,-0.1935009717269208,-0.19901596019578538,-0.27852744355967546,,-0.25065233322215535,,-0.08307890498243115,,-0.05431171494257161,-0.19625666411588055,0.4253136863575673,-0.269989028577464,,-0.19246295663504365,-0.14866172313933768,-0.15590091830706962,,-0.1573514454173576,-0.11742355327796632,-0.15716631861511654,-0.1447970981592118,0.20229554639832142,-0.24754263890294462,-0.21904698309964696,-0.2609324606075807,0.0234827811594397,,-0.15811785224396677,,-0.20898383529071804,-0.1592675418268044,,-0.6014628115640345,-0.12167900408636245,-0.11913235390456671,-0.13626807335748553,-0.1601461653538061,-0.14893904232087293,0.04517696593674541,0.01792618433092955,,-0.19288117673261515,-0.2179745013704005,-0.1421655806272331,,-0.11921343017217045,-0.21108612265645751,,-0.15818168046186146,-0.1504586069802012,-0.2393371632084741,-0.2989751770294789,,0.207124927746292,-0.14127563125665776,0.09582186716483315,-0.21815476163046477,-0.16681585344361252,-0.1467696075109331,-0.17887119832285817,-0.2114702385960496,,-0.20442943683103262,-0.2437164423291155,,,-0.12681084135911516,-0.26240031269925207,-0.14884072614800217,-0.06722268387266608
2021-03-31,-0.21281605662914624,-0.18233984521385244,-0.20864304316315027,-0.04323535870154529,-0.04935049809526586,-0.1630283538843062,-0.14255831972506353,,0.3250241897732143,-0.17785750735237432,-0.16356810119835735,-0.17366565654781674,-0.09463832294124737,-0.1738925637990704,,0.24150397135254506,,,,-0.19834228585581923,-0.11503380727624267,-0.10902409166654121,-0.0980707126481411,0.19028451659051746,0.3005062489226241,0.29198229522117264,-0.0648554733599884,-0.19817124731492758,-0.18434393894534032,-0.18598511273330895,-0.17856019264688036,-0.24303165744575597,-0.1299279906311842,-0.0744285275887114,-0.080944972241652,-0.27033090775156715,0.4985030695811743,-0.01577919732521656,0.11098483680330856,0.06185778053671087,-0.015584174864143112,0.265829804599119,-0.28260508845131016,-0.12000802247620009,-0.20044356793630416,-0.20843685069982748,,-0.1290798535409113,0.35281456331735345,-0.13559526186026313,-0.12030538684441903,0.09190027685223759,0.20132610126090014,-0.1431134204829112,,-0.18181481168591285,-0.14715732906113518,0.02046799462086909,,0.11997845478889178,-0.1267370816422148,0.24585450868521602,0.18179560582651352,,-0.35698513738082216,0.09349662767113734,0.2970717367647862,0.38167768138379554,-0.08252616132363057,0.5472951670992369,-0.41850606296693676,0.3031204905513704,-0.163938597190232,,-0.13846024493776296,,,0.005583306678042652,-0.1694095984026048,-0.08336230959881051,0.2355394899524616,-0.18691777694062078,-0.00264891689139057,,0.2216497261868439,-0.15013612866187775,-0.07118314398499596,-0.06716779995201164,-0.2984800723108221,,-0.189091983623175,-0.12107028313358596,,-0.33043160447098985,0.1255592883689193,0.8329842489902981,-0.18770050602506255,-0.2058104154749479,-0.23219268711566712,-0.039497392871291705,-0.03986292456304198,-0.1330226386047683,,-0.1643559717967519,-0.20180462639666072,0.15582691467734808,-0.006289265347280126,-0.15818860303218052,0.26546301837042613,-0.19778173467458995,0.03296507894724225,-0.19906452683325115,,-0.18402745772365736,,-0.3405015381398608,,-0.11606504340042596,-0.1812903611465761,0.07180966347171985,-0.22074756028630424,,-0.25389749237736003,-0.029092826795932576,-0.17494426123955564,,-0.26656820348573174,-0.24846201251378142,-0.11574261576717922,0.28659928661142875,-0.25717526357842685,-0.19669915834024548,-0.18134972362021676,-0.2126212896674717,-0.33712559449688884,,-0.21382735049227516,,-0.1579081568436583,0.051878637352650754,,-0.21677111281119923,0.06945654231103723,-0.1510673992404458,-0.2442535893651504,-0.11516014234863899,-0.0233440271162793,-0.21040240696028384,0.2439394293944566,,-0.06005368065605437,0.1900436697626596,-0.22726996495069424,,-0.04735465317365443,-0.17549848608595128,,0.04733696328869221,-0.1320015733391602,-0.20926626561493256,-0.1479405742559313,,-0.25144105652082094,-0.1063964446797167,-0.3509115399653227,-0.17814792929377607,-0.1292734412641317,-0.025779137378285244,0.03908070606547094,-0.1720279637483337,,-0.18683183214628818,-0.17997911970480573,,,-0.12599316882679212,-0.21135046279198574,-0.11556666986261792,0.05040833598780515
2021-04-30,0.15460474512508957,0.18379893974800296,0.17433500682376193,0.3740203334577532,0.33195990693966826,0.18680554498366259,0.26565846233560253,,0.8928632218423425,0.11839097497600744,0.10585268824063145,0.21473936648749067,0.3346440392514156,0.17380918963430725,,0.7989839458821812,,,,0.13302008077934505,0.26877628222049554,0.26823232121568075,0.29237753612696027,0.8346366822756377,0.8133107825994429,0.8112105609248408,0.3184953840024199,0.1467794230635151,0.21053141727082111,0.31975726452727066,0.20559446950787685,0.15458064929662454,0.2800673041963259,0.30997223189548356,0.27587366457185825,0.09384798717269814,0.9457325791681754,0.45451445918848205,0.6503487395046327,0.629543622887985,0.4382321339886667,0.8511172817930411,0.06390544111073071,0.28597429947237796,0.17048799015833926,0.14707434293816318,,0.24369522689716236,0.9236814179792505,0.25190284298528426,0.28482501864962395,0.6932375896051,0.7376234133700783,0.21577835625133243,,0.19003007078780224,0.22678449627618305,0.5938212322572183,,0.6564174577437233,0.31255974077624454,0.8349061893840667,0.7601053560717943,,-0.027213367662152287,0.691244055355257,0.9020971484053226,0.9582110467925383,0.4231636310942102,1.0130875698435355,0.03943790798466367,0.92401853288071,0.20531588110225626,,0.2510336948638777,,,0.5871183095605697,0.17920867953666492,0.3027900480622983,0.789664059306024,0.18358057913286213,0.42791557411578796,,0.7826093818857572,0.21918764867424959,0.24647870343957845,0.2932748156730957,0.0426536030859894,,0.1923552413360635,0.26676889939699705,,-0.04857126099457843,0.7719776695067341,1.4488542608191886,0.1953993821893973,0.16110010558720964,0.1270139119231444,0.4047619531715931,0.383476973372491,0.1854484566183447,,0.21659858640290286,0.1813933658585435,0.6051513408902218,0.4816118477455218,0.2219699164062053,0.866988260321243,0.13957479383675692,0.5224994721139854,0.1772562246065653,,0.1979495005371476,,0.1301083245312297,,0.24254217238992798,0.18878250135778749,0.38518774085454377,0.13977201083941979,,0.08345233970922321,0.4183213483225814,0.5047422671257386,,0.06617509190065328,0.06934497854492902,0.24139625935390527,0.8260320725793989,0.06234311626357575,0.189738164795809,0.2049206098596354,0.16706377107171286,0.022561435591828268,,0.12538379831677715,,0.2308695045052783,0.5600520847844052,,0.23969952802027492,0.4508570628235355,0.20401546742636514,0.19256885063787127,0.2788810230364953,0.4297215099669076,0.1491014744343312,0.7936563332356731,,0.39566319188977395,0.7658211538717046,0.12061849393685671,,0.33892454462460697,0.2272862276319263,,0.4410559889923255,0.24683747592807376,0.1456007396957288,0.2413694147353344,,0.06724804085618391,0.2573609652870221,-0.025782097423924517,0.19709663248648016,0.25292729217412735,0.42041022560622754,0.5518413328032243,0.2018194195173919,,0.16341957264811915,0.21090156174982247,,,0.2648220399765016,0.16303378164652457,0.28854808947354066,0.43723285973242426
2021-05-31,0.34701968711910564,0.4193874739225938,0.36319920550868984,0.5333755589993421,0.513490273161771,0.43024462263566476,0.3904138048610491,,1.0165810411714362,0.4086254924554438,0.38360693038760685,0.3784088390181079,0.5368259910156216,0.38644416667043746,,0.5004694670777834,,,,0.41225701307060175,0.44595849866663684,0.4274616753655026,0.4456374629483163,0.584147809744122,0.6340033897297994,0.7965086266796316,0.5170210986459444,0.41908413014358586,0.36966372674230213,0.39136459919430994,0.3893623276489569,0.43504800135213917,0.6261154286835324,0.47334609039301906,0.46648058705281287,0.3847576170183886,0.6970497036524026,0.4610067011551935,0.8585745347390974,0.6470572186035137,0.5677394379449026,0.45440211257753677,0.32290310738467176,0.42171397713431213,0.366655577628899,0.39424932910866,,0.42637481911153524,0.6636088961971564,0.3966211547079363,0.44588873538277335,0.7017255755456195,0.6951829324028036,0.3667889957888679,,0.39905416662526255,0.43179676627087016,0.794775111727708,,0.49822313618824093,0.43125565434778634,0.7179897156476771,0.6453807042092126,,0.2827633674954879,0.35122843612819793,0.8123768991669533,0.5548776229970168,0.45421374025285316,0.7889344816238165,0.34331736852245265,1.1073967348679996,0.41053494499544135,,0.3819201378473167,,,0.8290741027362307,0.3931391611401557,0.46371847244733105,0.6129142207824675,0.3626086995480544,0.5653671530508093,,0.7009460744942965,0.39551846549723785,0.3957751346937048,0.4635617549505242,0.2953928491804239,,0.37529553652713116,0.42710658520989964,,0.2597054779429582,0.6708806396207547,1.7198163799744604,0.38532089799489977,0.3162014680196091,0.3188108075540705,0.5435811020418678,0.5057067125487741,0.41676162317650034,,0.4097967131085022,0.37174213811107915,0.7687472950141307,0.581243421397506,0.4279873743090726,0.887745961714249,0.39596500180539623,0.5161959229371756,0.3321909866561772,,0.38042810447235914,,0.5865605499492538,,0.48207358096824304,0.3997559178175188,0.5671736626660104,0.3751746910264914,,0.30256301181172335,0.5546389016047398,0.9087526908310393,,0.32402269931528144,0.32187013981989443,0.4625689478149109,0.7545229702861761,0.3743448645002297,0.37852452047574564,0.3809761951098359,0.35275904034499683,0.31874583283974495,,0.3938091538752115,,0.41743268235410397,0.5251572981717177,,0.1881238098207842,0.5932409210774597,0.36849545472542283,0.5509447737308283,0.46037945727254054,0.5675981160167819,0.389942047556098,0.8095525588092917,,0.6162279469295627,0.7612096460275167,0.3900412253278416,,0.533065756936074,0.3917498899955071,,0.4837607473799709,0.42620161717707516,0.40875158259992594,0.49830448064368893,,0.38848753392029717,0.41704131154957924,0.29815201343969633,0.3653350745152819,0.4407392135854813,0.5771546051954815,0.5271959418294212,0.3942399697374834,,0.4771558638297493,0.3859747849249164,,,0.4281236772088694,0.34322848026001085,0.44348442098222607,0.5703466780705588
2021-06-30,0.7328769813548669,0.7499061577503223,0.7296218207649247,0.7632700520020883,0.7410595465548002,0.8531960731394611,0.730806073389714,,0.9151585378814664,0.7820317094717616,0.7125159116172085,0.7330486942213024,0.7614093530271353,0.7149500869542744,,0.8036595801115998,,,,0.7475800277522975,0.7583408115552325,0.7484345927891467,0.7810033446948086,0.8488211343190859,0.8184165256114225,0.820617276452323,0.7800139531917446,0.7586736752285401,0.7319832426959042,0.7761181906695894,0.7419978092217622,0.7938488475270771,0.900774207580571,0.7851026829224531,0.7515789643981226,0.777469240879778,0.7832821559552015,0.7572461831530772,0.9016822089857265,0.8328423313987221,0.7889205872081316,0.8412626693355105,0.8334383312246837,0.778576319653087,0.7212875617709877,0.7454406930896392,,0.7490529543998995,0.891878063960082,0.7364686069447025,0.7741601163487591,0.8674556673032944,0.8250212366902113,0.7256688745242291,,0.7389696531414089,0.7522384399965842,0.8734859412876181,,0.763275594140324,0.753761225826798,0.8406380957664092,0.78960130603753,,0.8321335313438415,0.7801973613597121,0.8765499662731634,0.8156673082534759,0.745675477187714,0.8175183124688816,0.8195299414140362,0.951950330592878,0.7668288566987572,,0.7319722251848103,,,0.9001117140468876,0.7235383392606443,0.7773534528107037,0.812649531379544,0.7278619916241893,0.7741079520623656,,0.8388744903415756,0.7392002995938463,0.7033670224306557,0.7197505179944628,0.7279796610070007,,0.7298472035441074,0.7686098457396262,,0.7820463205907067,0.8592957096456376,1.059812227710346,0.7302474479842541,0.7248713873482706,0.702830327820284,0.7710467236222313,0.7568517576003487,0.8449196903236738,,0.7429991807101626,0.7300925775754831,0.7860805490939511,0.7905994422792603,0.7370006343385807,0.9146128584847438,0.7334719636676514,0.7759308486145771,0.7155618223101705,,0.732448327120514,,0.9112849296424287,,0.7927211050988276,0.7419198544645013,0.9105592948392564,0.7206862431918055,,0.7034246112380961,0.7725332599083452,0.9962895994375938,,0.7238641856148631,0.7211803813985768,0.7500509255768729,0.8218489052634609,0.8667483114109271,0.7321833877562904,0.7373956886245581,0.724820803570186,0.827750240958999,,0.7380956455382507,,0.7469225398595198,0.7970246001261596,,0.6198286202916016,0.7307881261422846,0.7336448460546258,0.8217441524304223,0.7633694560742129,0.7792268358926686,0.8234805730508241,0.8665426411502651,,0.7970919958842124,0.8398557351954167,0.7503195394327397,,0.7434465577554233,0.7484980204584818,,0.6928510443981454,0.7575613026502297,0.7357798582425995,0.7169646232232079,,0.8627167211587752,0.7347044950018753,0.830690676203579,0.7295584375086988,0.7531719445505538,0.7818942961852376,0.7983370155008706,0.7296615721325833,,0.7622679641715218,0.7346827545744503,,,0.7687147859764061,0.7176926457149236,0.7680090311105463,0.7270630237669404
2021-07-31,0.15621182210662518,0.15548002100583064,0.1450660203945806,0.15404252043078978,0.1877674903780357,0.16787828220571693,0.1399564187083027,,0.06927210400291157,0.23149768728285286,0.26076387231166115,0.1400227902613619,0.14842342002737444,0.18891024100928686,,0.007530678290948538,,,,0.19310114224221525,0.15487495923966565,0.1643813939282091,0.14054142886068646,-0.06938363990065653,0.03360463083801964,0.07079487321017447,0.15433424011686062,0.19210642584533918,0.12872925046099984,0.002255037922370387,0.14259893450627975,0.17970842938286782,0.20136628770789985,0.1505394629645077,0.17931307570724453,0.15944637363174816,0.08286286895673885,0.06953483863383345,0.10925632963296888,0.015652820786271913,0.12612670968191333,-0.08803545625186841,0.15015022089126978,0.12408890470863733,0.15710067352569418,0.17892021717391698,,0.15786318055915766,-0.022091821005550318,0.14114574512158856,0.1294918177178835,-0.014551113026190868,0.03463523154898942,0.17567801466745597,,0.15825341977056828,0.16576144296396297,0.06746865946851016,,0.01686801405220061,0.11720187938883843,0.004155469194750045,0.005106537737431409,,0.19039103105222197,-0.04947046946367507,-0.007064108142664962,-0.006601069515455086,0.055030688192867015,0.09383987295886106,0.050785020292741685,0.04501394162981004,0.16415773207065917,,0.13789139511709833,,,0.02960524042404573,0.1779486758765408,0.1499965465872737,0.006015772443076296,0.15483841395175554,0.1444545252358174,,0.01570381818540079,0.15388177423043978,0.19948350979854404,0.19871017479505707,0.15808421327222036,,0.14138640170767358,0.14003611297665777,,0.1846070660176669,-0.05686357885502582,0.1313859316837711,0.1441956070590064,0.1558881928676147,0.15135290230476106,0.12658311717517703,0.14508517285967848,0.2037922913669667,,0.15479180984325053,0.14229997920534201,0.10544927592482989,0.10320820735458765,0.15807646925240573,0.013857242945157361,0.18902235892672972,0.05280614587317282,0.13119952605214996,,0.13879612091343152,,0.11502434964264283,,0.17457003373608077,0.15916994046100616,0.194474164436186,0.16556728306548518,,0.1885068109587263,0.13082535617581437,0.011950675119697293,,0.19524621524959915,0.20955770979368413,0.1798054952718195,0.03688668872383425,0.1806732961390294,0.14042676932887055,0.1393378402073699,0.13965293840591944,0.1468631342401697,,0.19665735752444388,,0.14253076912628712,0.03131018322927059,,0.02874465140815677,0.20262427170702024,0.1700375944050395,0.15772167231128698,0.14487478365287043,0.1259981930090823,0.15313874440541753,0.07161320043846195,,0.13201480269803023,0.014353338207486358,0.18660459600121232,,0.19446609984548519,0.12536413741804042,,0.17453116360879492,0.14921339688443297,0.17545172223379651,0.18551870381300692,,0.19161699107417965,0.16916417446843,0.1754572440136678,0.14419556854597293,0.1538688469442293,0.1333212907063327,0.027497058723956306,0.1592926221122213,,0.18909912641516236,0.13514692102199297,,,0.13719927937407064,0.14379783967471133,0.12945210196698026,0.21175271469853366
2021-08-31,0.017468676690350803,0.038669591745351756,0.024049570883460627,0.040386874017019306,0.0511909066195036,-0.01694468611873924,0.012072762283487434,,0.0750454956306557,0.027976276989953443,0.05396246057111105,0.01764995410584864,0.0588486756712328,0.04159681157956177,,-0.12863514757355532,,,,0.048922527719551724,0.023226315121898898,0.017816230891920894,0.002567660481474629,-0.10681675742626412,-0.0729985018706465,0.022232409426563408,0.034198784156441175,0.04435243422212605,0.015289978808136161,-0.021085409799266694,0.021289294454535788,0.040184246331242617,0.048966281152877746,0.009404836501491777,0.03257459698028975,0.03409117431906668,-0.07227585050696494,-0.019787749290933437,0.07290485617418473,-0.0013784518339847336,0.02873854505274683,-0.19428051521890352,-0.02634871074462989,-0.005470293704417066,0.030456304754084205,0.03885417096234349,,0.024012300989360066,-0.12772779532823778,0.013227370112716581,0.011311484466700016,-0.007070475282817287,-0.011503032639302524,0.011346530039977981,,0.032417917863746315,0.03177624643826912,0.07596516787798897,,-0.061713840089091185,0.010817956471328475,-0.032436304101777856,-0.021213608499232366,,-0.01801023693769792,-0.1589536498343262,-0.019742284944966805,-0.1562555479413569,-0.0004739057884654624,-0.05830146741249242,0.016861743038798154,0.10386088774268168,0.017815082806288553,,0.007902158010127436,,,0.08201392695554502,0.03822150436239141,0.01107710453013962,-0.06737153958633711,0.019739825167936598,0.035946292159639716,,-0.02788454134966885,0.019550589723825344,0.02344624741043445,0.044786759779281295,0.024348607178561153,,0.02411118253016986,0.007288476477779215,,-0.004972971049164639,-0.04086129172728271,0.21521538453650754,0.029019934643458447,0.002143191654395538,0.026019217197241356,0.03478362884665124,0.025685407496227962,-0.02331676300921787,,0.0286759018044825,0.02609699417821133,0.08527929083413674,0.025747273206033473,0.040603668572192476,0.014164113899810277,0.04629683796059454,-0.01960198978338045,0.01128552083216444,,0.02358815197405135,,0.07836640422294983,,0.029658354170371826,0.03129277343845828,-0.04490631943580846,0.04467286896208778,,0.029407580113093336,0.036434771410805915,0.11882575133522759,,0.03548637210593413,0.03269307067529628,0.043116253132282414,-0.005549595861513148,-0.01875450811458142,0.026417157458313033,0.01956703844681267,0.022372762850819013,-0.009014041664081781,,0.048126880484193196,,0.02667378815093707,-0.03701407726635312,,-0.028628805829806918,0.062475351266761105,0.010775927216306162,0.08342797655706993,0.026475019131511887,0.03690123552337276,-0.009160899875845091,0.015567534854155587,,0.06696144341979883,0.014296397169884612,0.041769527090954384,,0.05992313031226795,0.014074477877483513,,0.025759620195422123,0.01867292663667978,0.05272926531900122,0.08860571729326466,,-0.009630293320336596,0.021087515607547656,-0.01071449231335836,0.01597442802268908,0.028244551350022854,0.04313464743340201,-0.03313588557296934,0.03134899705600647,,0.07044605019319164,0.02252258213772603,,,0.008873523817774016,0.02160161882271083,0.011950456460616021,0.05781762770882283
2021-09-30,-0.16013572428742,-0.1510133243385944,-0.17008639269355266,-0.21112592555765303,-0.17372281132403813,-0.14402789307210218,-0.21645794443306338,,-0.3819755388443421,-0.06477279198445156,-0.0520517236637397,-0.19653856968597008,-0.17692355568265516,-0.13250010594354794,,-0.6293990534066254,,,,-0.09521267455553369,-0.19275320836656545,-0.19443429690904548,-0.22320596907163565,-0.6466515729823159,-0.5799326146962924,-0.4544714612088827,-0.19932549767180627,-0.09401768208649036,-0.2060606099685914,-0.35073795946187736,-0.18425262359442562,-0.06904906178637699,-0.042471387833060766,-0.21653961599183932,-0.17932143921944171,-0.09335122425288175,-0.6430867551203874,-0.36936357564343114,-0.2394323024873621,-0.41249872835254936,-0.2516985715504255,-0.7841569955170389,-0.12164296005347708,-0.23764066446641705,-0.15999639733279716,-0.11393055236232305,,-0.18679894483784673,-0.6754904009430907,-0.21632530078130624,-0.21984271102528466,-0.4479891223953594,-0.47456004893021436,-0.18174163988525377,,-0.15798984959015086,-0.16087953241802533,-0.2503869894683933,,-0.5240910052126136,-0.2384252544644131,-0.537713158202049,-0.5202983490313758,,-0.033576983685135536,-0.6534248358221071,-0.5477680967204084,-0.7310796072532845,-0.33997631068362777,-0.6262343258894757,-0.13104538002711424,-0.3543926920859134,-0.1590802615160814,,-0.2249199815223046,,,-0.26804116079931556,-0.14585063750853747,-0.2148790135350998,-0.5743304069250816,-0.1749650321169315,-0.23994984717009551,,-0.5114346952821612,-0.18931354556541038,-0.19397663932014864,-0.16898823043603597,-0.11362914049896031,,-0.18399166138365788,-0.21447344515518135,,-0.06962548727079244,-0.5413637282022637,-0.3797524445770502,-0.17720187001319573,-0.18027410119752096,-0.1637626187322911,-0.24338029352441384,-0.23759259978808722,-0.12926320278971098,,-0.17120025700688374,-0.17475352763202281,-0.316601803250991,-0.2818534660367352,-0.1637338280742225,-0.46284443540974707,-0.10854233034633833,-0.40254333422126337,-0.20811239443569426,,-0.18863464439918276,,-0.002734892159688625,,-0.14999329174912285,-0.15684517341801146,-0.22912700881675951,-0.12961829443896092,,-0.10899899821599424,-0.24149940664292618,-0.11616826562903074,,-0.080699930753624,-0.07796532265033582,-0.1535030151239406,-0.511070092876416,-0.07945535346502265,-0.17797906436712535,-0.1900068185902644,-0.1781076079898259,-0.0858751663747943,,-0.08803631406988492,,-0.1876483086328769,-0.43944548892238494,,-0.3883451399156326,-0.21185749323491798,-0.18113541935690258,-0.04259740486724846,-0.19839443987580044,-0.24596013700693148,-0.14421156565412885,-0.4112631133242743,,-0.18772238080835663,-0.4614654916757225,-0.09159206170315526,,-0.15854372758150975,-0.20698522054265772,,-0.27974248743503727,-0.19511349936293695,-0.11079462774287054,-0.10745980340131227,,-0.06440209956932146,-0.1950090287537122,-0.04867461938574684,-0.19341658230334802,-0.18525019362279016,-0.23052775193282032,-0.4333202233481685,-0.16683142261363387,,-0.07986054362037413,-0.1940423842049898,,,-0.21371137545189092,-0.1783620989541907,-0.22470832328176846,-0.19713194973742923
2021-10-31,-0.07763179060565532,-0.027856320718504503,-0.06963715345255865,-0.10074705081470188,-0.09806842743037396,-0.10326915159538733,-0.11829725781771204,,-0.047105107116659314,-0.08981299272014519,-0.07218637251113118,-0.07270741776796891,-0.0879298505059182,-0.07402222199203999,,-0.2590708387808734,,,,-0.03691274341005249,-0.0770525339775578,-0.09782235892793742,-0.08396579832611838,-0.20568265828975882,-0.1228957111300621,-0.06456072466803917,-0.04330789460138493,-0.06862613870187687,-0.06346828378695912,-0.027430020317723132,-0.06346359388540426,-0.15505067952970275,-0.18345457700346401,-0.08019633676561401,-0.06237177360194005,-0.052492333087266425,-0.08348782960095748,-0.09719054400686955,-0.1326804136119622,-0.1031190525266314,-0.11672032717028401,-0.17826616127506326,-0.09149937993749852,-0.09243891184651784,-0.06409960053198381,-0.07045336484202532,,-0.06441533538970935,-0.17621588424407203,-0.07439247176872275,-0.075713384139896,-0.0949143450151229,-0.08183823929201152,-0.10958904057372933,,-0.05938886005495594,-0.07585671131213341,-0.11121766756794059,,-0.14918103006650818,-0.12029048663933342,-0.1397995049419307,-0.11963417574518265,,-0.15765792816644958,-0.2795691400286698,-0.10726835478526513,-0.2850360489050094,-0.11273137067107444,-0.11124770719358051,-0.018244703473561198,-0.041995647945148734,-0.08711317383255683,,-0.08081536418610594,,,-0.01927936150388567,-0.05176870637087853,-0.08229010700559163,-0.1401600245173828,-0.07288962494565526,-0.10290715103055093,,-0.10761772600428994,-0.060211106400567926,-0.05513073015538517,-0.10062724342614293,-0.03148189039133494,,-0.053618666167808866,-0.07495981778331773,,-0.024744349173632163,-0.13526009067487316,0.052545708918838176,-0.055251791927629156,-0.10280213517214595,-0.04150926454836359,-0.09454169328817044,-0.11682130098154857,-0.13735123032337848,,-0.07231793205261187,-0.05820436525595218,0.07342772116982656,-0.13215474767947966,-0.05799967368491343,-0.09288051791753724,-0.045737351775209545,-0.08261019585601131,-0.04368786173889614,,-0.047745230441212726,,-0.0714593647324003,,-0.0583857065726114,-0.05946727704498061,-0.0952605374649827,-0.04273811305042101,,-0.08861752370285192,-0.10693022461800224,-0.12745412424425273,,-0.08439726913766124,-0.09223721971303882,-0.05196308041452372,-0.06951129896241649,-0.09030777551037786,-0.05834634544162728,-0.06378885204613381,-0.05347129697865805,-0.09013445671856339,,-0.06777486706317493,,-0.05903306264775731,-0.0902895086894321,,-0.037243748365886516,-0.09759793159864508,-0.08842211686608407,-0.09968587840872367,-0.06621077613023689,-0.10341210521707579,-0.08500826656625275,-0.14201381040021918,,-0.07472567252092481,-0.06589087504470201,-0.07157338884531471,,-0.10930179439124163,-0.06915237652870278,,-0.12604807998199696,-0.06340827404432565,-0.03763183755695307,-0.06391970733994971,,-0.10009753987356429,-0.07817229751900953,-0.09642957178038887,-0.06043687843631997,-0.06563117967598905,-0.09687915961312672,-0.08521365248131804,-0.06789848111510154,,-0.023527182725879708,-0.05765596640787312,,,-0.07192297314599175,-0.05538216249876536,-0.07258878616510868,-0.14409189988327947
2021-11-30,0.03184938667241214,0.02371801320461803,-0.002025186602284649,-0.11407376798594117,-0.07486653025485394,0.1494103240747937,-0.06489545450146474,,-0.4204352623415036,0.1633881620533115,0.13648454484042485,-0.017916743691660422,-0.12759007481350843,0.020102983952249968,,-0.3238223898778566,,,,0.07819081470025976,-0.01941803494031693,-0.01587514985817436,-0.006892106858380969,-0.4277666124057749,-0.28871323845340024,-0.35726158538607133,-0.02743851828504326,0.06360431319896628,-0.022800079791301872,-0.1467541559151332,-0.0043249710084363995,0.012867962123421294,0.01521210898588274,-0.007578718346424325,0.0023631636650133024,0.08157415757984675,-0.27757607526153255,-0.1742180281291598,-0.3059520041233009,-0.3271455103924336,-0.16084258308796423,-0.2986110746182033,0.19508595277483237,-0.0211075468544167,0.004953920607547407,0.0443247181302298,,-0.0015116297440400516,-0.3197453537122041,-0.025714568760971553,-0.0331437491338888,-0.3656439772859745,-0.32503596711921445,0.01541052490726857,,0.007775625158459402,-0.0008190225973079738,-0.34785306887629236,,-0.3078663624614362,-0.10597033643684788,-0.4097623849536891,-0.40931798334245534,,0.2388172728671129,-0.3306272998584702,-0.4368950362723484,-0.3840859488033701,-0.23095607228427,-0.31579908999942075,0.02760425954949286,-0.49466078133871855,0.03278264030858127,,-0.02791348347794416,,,-0.33268003612830116,0.027400863862441397,-0.01392541991927757,-0.3422988352712151,0.011943830760283068,-0.14137089492553392,,-0.35497393772243113,0.009008850576852169,0.037045289169387256,-0.04385939270601669,0.104833561275678,,-0.005434459829528728,-0.004946082136936,,0.2761202395905961,-0.4393554283788027,-0.6858658662539949,-0.012112450542624572,0.03293829825570903,0.029031865291277305,-0.15054106517932203,-0.12107140825035931,0.18571313150113775,,-0.009874149091091683,-0.005108944929865831,-0.24448771742784586,-0.21948913984895468,-0.022380582789929496,-0.41475339015098955,0.05902361430286959,-0.21077808513573335,0.006965435615061594,,-0.005518196445714394,,-0.0076849657313675665,,0.044574599398457905,0.013420032181597793,0.18075427024610932,0.02160297384502261,,0.06757144679910537,-0.16111888131202357,-0.39498915509055327,,0.09069796456462934,0.10800723642286847,0.007648968672867136,-0.3686522195434777,0.24860884116568527,-0.011258466195862448,-0.008838042481909964,0.004316405862614618,0.17788660661263586,,0.06205778176001796,,-0.01999487981649825,-0.22255996206501066,,-0.1587525420529646,-0.13632253329668054,0.03287821114796853,-0.05818043640115157,-0.03421456294300861,-0.16805103178304984,0.1266801095924608,-0.3594895200220102,,-0.16444008904787544,-0.3930804006956753,0.06561905967731116,,-0.08953696568630445,-0.027398448498625973,,-0.1516000857774463,-0.000571897390366154,0.03200612377431386,-0.09070500792491193,,0.2374839934051859,-0.00458118828882448,0.24367033966949642,0.005670230325320207,-0.017404495398113947,-0.15758158684296156,-0.22663957809810678,-0.005979363728085331,,0.038435683713353,-0.020536203957535127,,,-0.008788516180125177,0.008004167324434394,-0.03780591702872046,-0.14163588120296625
2021-12-31,-0.190526513566868,-0.2250017542087684,-0.22314517093152825,-0.3046429411108793,-0.28743241762635346,-0.06911879502106345,-0.24128005450352674,,-0.5459895140951292,-0.1082953738748905,-0.15024217595738976,-0.22212882557134883,-0.34553695588679906,-0.2216300462275372,,-0.20033015451923886,,,,-0.19912513483546504,-0.22514933811719062,-0.2119423384384156,-0.1903914516189523,-0.3213056751955608,-0.24871473332234506,-0.42395416261860186,-0.2433856049196438,-0.20308763338646665,-0.22483444457292356,-0.2793343463480616,-0.2193779752141511,-0.23929292087265416,-0.24526003806700922,-0.19699511059517416,-0.2163470594196422,-0.19107732986165032,-0.21207228260966218,-0.26913400427463907,-0.48076089936368166,-0.4032032014437333,-0.32274555237063,-0.10809945426963571,-0.038849244837552664,-0.19281684393401594,-0.22417971080447602,-0.20979571334208147,,-0.214704735852709,-0.20169008095432148,-0.2173333051701683,-0.2233455056471995,-0.42551331721566826,-0.3701354238245542,-0.18164336297468406,,-0.22477786623187188,-0.2259520037353095,-0.5257121582704236,,-0.29234907876158683,-0.27058485167994917,-0.3973524465490702,-0.4145427769234113,,-0.022211099430606097,-0.18325915636785337,-0.43345575469621567,-0.18996404889879076,-0.3412846907770861,-0.25321573922793256,-0.23830189344471744,-0.6448635226754974,-0.18738490079168832,,-0.21156174199215363,,,-0.5352140450687426,-0.21439852495711886,-0.20374119809064403,-0.30188052739509597,-0.2039997738217138,-0.3147351934225002,,-0.3686212769176534,-0.20334543694555002,-0.17210700572559426,-0.2560776402695556,-0.16064570978448675,,-0.2242885652763407,-0.19707871508169833,,-0.01110361961424891,-0.4282407660838504,-0.8722767547870351,-0.23503900788907198,-0.166506880563108,-0.20469076425134097,-0.3253859068011814,-0.2887713365764474,-0.026544003287028956,,-0.23011630783686063,-0.22797657670135438,-0.4453401767190327,-0.3596507094717138,-0.253614100402955,-0.47040958354367984,-0.20714952706289888,-0.2930579447380462,-0.19940111484182277,,-0.22381453652101105,,-0.33850290109563164,,-0.19271162457417712,-0.21956875421180058,0.012999726857677286,-0.23419587851719922,,-0.180085335670487,-0.33295996098410297,-0.6567292283627499,,-0.17567650591475614,-0.15599365877089677,-0.23112004322461055,-0.398125419563952,-0.010295314774622267,-0.2324424706694335,-0.22025900375798343,-0.21758415129374264,-0.08002967462700131,,-0.20834566464987042,,-0.2357203358343643,-0.2795993186587978,,-0.26062626252815607,-0.328532637782176,-0.1720366603774373,-0.35373012818925875,-0.24161142000030347,-0.3390180252189249,-0.09944281822297538,-0.42417235744225157,,-0.3837908846255073,-0.4570603079734813,-0.20106464746379174,,-0.30823702654854807,-0.2272773597854541,,-0.28945389252444687,-0.20901219363011098,-0.2375281544723562,-0.3589109675629308,,-0.027699316385135862,-0.2070553792859366,-0.03158139130409612,-0.2038871608075659,-0.23212450708417842,-0.3403659308466542,-0.2898016550386764,-0.23018347166687658,,-0.25659213949999327,-0.23243429506666455,,,-0.20281452656548715,-0.21260734901856082,-0.226292501245687,-0.325062169148952
2022-01-31,0.3772151143030728,0.3247455598589457,0.3669471333929934,0.35783076789779844,0.3599849590748258,0.4257769092640308,0.3851914952156979,,0.20023788947973223,0.42671140647719885,0.3833693794323845,0.34728120167717763,0.38431490218215136,0.36944187186928273,,0.25358496806555225,,,,0.360129079355463,0.3447384443814282,0.35969756349434606,0.33608942907177947,0.2458175077458634,0.10596677013126314,0.1326786027608746,0.29607992454645893,0.40485982605516263,0.3358255315334706,0.2592050947193958,0.3468396414925181,0.5607325385888118,0.6149399790901956,0.3290707457764598,0.31555829330602886,0.4180349823876973,-0.0663789313532518,0.2622257163692013,0.4266629267867048,0.2838640082882006,0.36419197279112847,0.07476271537420373,0.4501889684345274,0.34735332206733766,0.3582205210358031,0.3973654447496615,,0.330870758411045,0.13163498735269907,0.3269916615116401,0.3396363209258415,0.267254248529494,0.16851594284985214,0.37552702428104895,,0.3546589793772063,0.36681098176918103,0.4257698020379748,,0.21354919172516412,0.3884565336980449,0.20682915652222014,0.19438329765583956,,0.593087716242854,0.3078261570521302,0.1678767205424549,0.19116311946350992,0.3287682474185163,-0.019002830871492675,0.44293290489367004,0.2518930987059183,0.38585122897513546,,0.32872739104422494,,,0.32590388433009965,0.33718078359508613,0.3335682067783346,0.16187748907258842,0.3558893188589676,0.33961822760829646,,0.18165941061290392,0.3255477807801415,0.26558399331096666,0.35554390419843607,0.3651127272801315,,0.33446100973926296,0.33337276968729607,,0.3812169557870128,0.25878086629880537,0.02792854598306664,0.3414242759111282,0.3874321299749692,0.32839500924345016,0.34234259047591503,0.3579541847047982,0.4499723000661169,,0.3609262626316559,0.3497199075324213,0.06630962385019191,0.37449103131059663,0.34692010778007887,0.2250925266054622,0.3599759216914855,0.22522953576621269,0.30358340031883085,,0.324471921343705,,0.5987978702826775,,0.3503210609272395,0.35530418000342223,0.3001482895086088,0.3552676131080126,,0.4130972520261442,0.35664439500422535,0.6603609299247428,,0.4336072726806212,0.43232412467718884,0.3297392920930124,0.11035993085341514,0.4673102286289827,0.34845325009531347,0.34378991674519394,0.34188564607764,0.490734377922764,,0.4041067891656551,,0.33802897389495157,0.21768604714877082,,0.1912165195090283,0.3027224949923578,0.3546358388330307,0.5426700663800266,0.33485368878963373,0.3525603745128263,0.4139843656552962,0.28428111397092826,,0.37490521177477115,0.18423077281006986,0.4160169586666806,,0.38513934507884917,0.3470002029274673,,0.28952984783746666,0.3296215705000792,0.36080968588667395,0.38877995143729466,,0.4856790455851442,0.3274525427930692,0.5112198359192723,0.3300398454374977,0.33863987597912165,0.35394923700297576,0.2217273660300523,0.35435860656734103,,0.365310002628236,0.3353920096836076,,,0.33310020876529484,0.33936102282951003,0.3297793045845958,0.3702524467442354
2022-02-28,0.005566357526226472,0.013777764089775404,0.048077997440487116,0.20280517689705185,0.11068875269691986,-0.050352951084521605,0.14600561225582892,,0.7377116847452808,-0.187853018668282,-0.2284499424743975,0.08390395383869345,0.19765969356465676,-0.026953180960856162,,0.767403499854334,,,,-0.09236186178754441,0.09147330613773495,0.08008269576818002,0.11829446572653236,0.9438733328075605,0.6841377718471326,0.6577296563698618,0.11293020376184547,-0.06738266931712292,0.09840230484821583,0.3937297098604017,0.06650933695725152,0.007808817940498166,0.0482804237802872,0.11203088236059226,0.04327087592201715,-0.05863749543687795,0.6557252140400973,0.39219834320877417,0.5237665639033425,0.6455159875557027,0.3048250079765536,0.8931750245791279,-0.11269911208860935,0.1488375847357514,0.023270144908523385,-0.037877246481817346,,0.06143214659290327,0.8496092212423948,0.10445208157798597,0.14345223162088386,0.7403686304475606,0.6606017270410951,0.022955020306650073,,0.02906383268904479,0.04536505441793902,0.5742875517410714,,0.6501773722149878,0.22592436469338686,0.813277956958676,0.7688386020147306,,-0.22023717761206432,0.8058954722773768,0.8704394318317888,0.902407060140122,0.4350802825492482,0.703096993203063,0.09634878561127976,0.8317515078078843,0.021826968242303933,,0.11115022224826869,,,0.5949045117236459,-0.018258630298416702,0.11322162967646512,0.7478654794998343,0.03087802798141853,0.2582699587993489,,0.7327621273006037,0.04785302060372769,-0.024622635326627153,0.058300365200136345,-0.10284796509017415,,0.05949811200383568,0.10306900347120589,,-0.28065064911230075,0.8884685066345734,1.0470862359961366,0.06134533555011237,0.013840282034230843,-0.009682784388691386,0.27604609663467855,0.22724210841070208,-0.11527975237188018,,0.059937145579588375,0.05421604428200022,0.41218194323643725,0.3954443330299631,0.06121272917851199,0.8115634141163846,-0.07122418927758845,0.46608657614635,0.05599217948676771,,0.06447607843471971,,0.08865907340484637,,0.01203904449414155,0.024107102196139648,-0.014081747149482036,-0.01769546462083933,,-0.0928368452247042,0.28568445048111524,0.6538713496867183,,-0.12327112536438432,-0.1505218974044816,0.021177978636506455,0.7200929482617576,-0.18573491699522104,0.0644810167260379,0.07317913198427198,0.04425373820764272,-0.11730644570363698,,-0.08437248102841803,,0.08666923388016674,0.5238055572073079,,0.31740681235637025,0.17924143695534428,0.010589211177564176,0.08680557337638019,0.11662695303119623,0.3014112570879658,-0.040032471300578375,0.6726808256635276,,0.2698287056848715,0.7396195349626273,-0.07263108954253539,,0.11613015629808597,0.11615406680097641,,0.22726168002700098,0.07486177945958779,-0.0351683877030721,0.07204197985668401,,-0.19016195802068311,0.05580556349038055,-0.21667843567468714,0.052731743371329534,0.08130652070327779,0.2793039428020457,0.5267363385530388,0.042469717975915304,,-0.05142858538349468,0.08700808050308845,,,0.1077219482887907,0.034317402409667956,0.14670699914528237,0.17456088354237204
2022-03-31,0.2716704155790563,0.3306995403213636,0.34924343356713594,0.5172135484049183,0.41080125510331345,0.04947094384956983,0.42615685976399487,,1.2178990445361888,-0.04394367785474628,-0.023281499304481673,0.381516690906508,0.5555261027136864,0.2575029579559604,,0.9291287946950106,,,,0.18574827959465842,0.3688079687302478,0.33389685400368996,0.3607403034684842,1.2431930431220546,0.9551592207230689,1.080205298255106,0.41542104162116994,0.18725414483540867,0.4098033790325238,0.801518616125853,0.36357776868576325,0.22028235681772318,0.18478651609950958,0.35509762437645503,0.31611756512379746,0.20584390663337296,0.9157923093341449,0.7195815613641099,0.8950238215772071,1.0516491873694105,0.6203668378726156,1.0647979230484013,-0.006447094231438282,0.3958238805720077,0.32751059419864903,0.2320710788112234,,0.34329432071428595,1.037871376265402,0.3940876951636316,0.42388112538337325,1.1641301757157743,1.0481422530761622,0.2534624234342675,,0.3279171856601475,0.3235166256355278,1.025881678328775,,0.9727884000729051,0.5244607074562387,1.1846903303139058,1.1913401898369167,,-0.18477139242920027,0.9802183795149495,1.277105467731628,1.0342263118813602,0.8176851437396353,0.9524239475185311,0.44951073244933726,1.3814835885926424,0.2589380246788512,,0.39563136865631615,,,1.1206288244714413,0.27670571773827213,0.3637629298971762,1.061825117429245,0.31192343214751916,0.5761605586949285,,1.1023206517488267,0.3311406256065006,0.2340720705062899,0.33958037738103986,0.17769428069002632,,0.3732104898683852,0.3631325643249411,,-0.13808766076665654,1.3062966119863006,1.7245379039595903,0.38036727308834434,0.2486838679253836,0.3076622050958463,0.6174077435513117,0.5255069895674191,-0.0818410833494555,,0.35278406271082163,0.3674228429257298,0.9510589463875238,0.7354981525979913,0.3820899576030045,1.230440862039467,0.21463016570048254,0.8176141303999331,0.369371902312546,,0.3815932542573509,,0.40787891441592655,,0.25518827335412303,0.31740602027690334,-0.013304715244474533,0.3060112575041736,,0.15957077326389899,0.6212701416027036,1.164057472614234,,0.11735613378595225,0.0651281347732451,0.31361598614869557,1.1339245131702953,-0.1277346637530001,0.38048390948445626,0.3741609851720645,0.35699021273619647,0.025618040874605966,,0.1825839218392673,,0.3957436383635617,0.8589578228790655,,0.7651782355350594,0.503865754362133,0.24766806377160905,0.4169720105149193,0.41520999630217287,0.6425862669031231,0.1153893621666836,1.0228934557767513,,0.654052089299431,1.2033090836451006,0.18553656984488376,,0.41975875864183,0.4190875196622673,,0.533248756265587,0.35310970661305735,0.2832471771061193,0.4627338822680092,,-0.12911662504543325,0.3236694277687799,-0.12581041928315315,0.34553432637450804,0.37478368865983197,0.621836719919601,0.8742101451806009,0.34280842284356905,,0.27226832175621624,0.40393015728641674,,,0.37532586572894183,0.34358031908614806,0.4340294322304438,0.4633392112693553
2022-04-30,0.21603412225417173,0.3069548361844991,0.2641168720489132,0.3478211792296263,0.28004574213456607,0.10782527707293454,0.2719864457260893,,0.8926134934098491,0.02233200808333879,0.038678254574760165,0.2974205794551018,0.34691972760241524,0.20010341406414348,,0.6413867602148352,,,,0.19628926227491736,0.2969699854579333,0.2563291772496327,0.3117778695106377,0.8442475236974292,0.812366750259944,0.8496028022313116,0.3764023208796461,0.1545657411509958,0.3256584152241384,0.6333605782158739,0.29462778563619446,0.029720028152943254,-0.00870956835728616,0.31445045347744616,0.2918149848010984,0.17344040185475074,0.9237661264000294,0.5465629289390244,0.5138741927663041,0.7198440290729962,0.40263172893971294,0.9214539894042741,0.06383562271682824,0.3201025015229394,0.2563848061119358,0.18008743840513997,,0.2964740592423278,0.8578920602698199,0.32079096497784265,0.3403484691209333,0.8089060179282075,0.8134967212093391,0.19178829895228547,,0.2668571579240848,0.25240403891574414,0.5824662279601254,,0.7069206832449432,0.3283493089944889,0.8419198708261032,0.8422414184572473,,-0.16941241191656414,0.6226806716245723,0.9418423616689723,0.7437336860137101,0.5299877581617819,0.9009334583370059,0.32111997266368,0.9441744883390252,0.21003291726076603,,0.317730281334392,,,0.7568112016164408,0.2489114934599054,0.3113085298250504,0.8146368027399153,0.2521682462573684,0.39621143564587286,,0.8307939100228298,0.29447895003936964,0.2758024249395152,0.24005264316056651,0.19434489081522177,,0.3081726659935028,0.3132841515191353,,0.05197622293877922,0.8798743583972487,1.324647975309813,0.3042034104977394,0.18751576303899858,0.2742959749765781,0.41933441317710557,0.34775631028782833,0.004539995623547563,,0.27174447720146977,0.2911051040912867,0.861700536655126,0.4493020901067355,0.297406476880005,0.882755542446469,0.20323092482875807,0.6381307055759231,0.33371269433150924,,0.3238170628945624,,0.1669589016282182,,0.25230747568576367,0.26234704006225107,0.2011810392478223,0.25201476364016145,,0.11109701476585877,0.40466188026729655,0.5018524330566342,,0.08096952257240979,0.050950054607369816,0.28065060931065594,0.9029597632226363,-0.002739453217551891,0.29935640524828294,0.3012936043845347,0.2933772273375363,0.042914319109520954,,0.14444532880480895,,0.31951629187357555,0.6756654865338049,,0.6076253493276533,0.36212554212336123,0.21744448514948783,0.16516369640406095,0.3341596176326561,0.42261889233338945,0.14640621725540376,0.6899506987505224,,0.42077621045502395,0.8857007621227687,0.1422759578553586,,0.2582007451074624,0.32578807903176,,0.3745035376589975,0.3081061620560948,0.24065207287336995,0.2798539747944507,,-0.02672697759277461,0.2780597937166514,-0.052309809845127876,0.2967279673424413,0.3063802029982806,0.4124573980637945,0.6821140194164292,0.2678000000076284,,0.24071981587353056,0.32382029170610943,,,0.3207508029796713,0.28510038355923195,0.3519440197872218,0.269509249867383
2022-05-31,0.6056600145861784,0.7291109641153407,0.6717874127560695,0.6705748543027349,0.6118615278547072,0.34220616460185016,0.6205220522716598,,1.121358862999697,0.31871321890190546,0.40135186911004245,0.6914661262830225,0.7060381084998408,0.594147466291315,,0.7270838593034369,,,,0.6013107100760043,0.649009953000734,0.589858519121198,0.6325430496227034,1.0022756367890577,1.0016260011670908,1.118588010142017,0.7340138583528697,0.5223958701748616,0.7354068088999971,1.0866563929435138,0.690629092225834,0.3118040376513264,0.13115722595382145,0.6281132133555256,0.6458071081275844,0.5671638519114813,1.1047351701561343,0.8847142068105859,0.7062770261509473,1.0142030933649913,0.6942463714238569,1.0544229419585542,0.3545093563838136,0.6452399270091799,0.6705460281360749,0.5636558659556326,,0.6683449680053074,0.932594053440113,0.6993891554592567,0.689140701802769,1.088740803769085,1.0856761568711664,0.5318430881998958,,0.666884643289875,0.6160584963607916,0.8597366960238061,,0.9738861201473927,0.6648762092290733,1.0492033089794806,1.1272582329668341,,0.06635214286927889,0.7573485355654662,1.1486473364090768,0.7605601549627431,0.8976919432785659,1.0221229630618291,0.7910018307808866,1.1808727551753284,0.5493956722969836,,0.6941982040367134,,,1.1154605577559835,0.6574993889198165,0.6327096880094902,1.0266128622663442,0.6461830292761196,0.7023902458368715,,1.067450848912607,0.6821609215979904,0.6569519040545163,0.5815077845229545,0.6472961331876224,,0.7266896993550883,0.6594179278434059,,0.4427602339482419,1.1305635465310746,1.4500492980643345,0.7218837903461066,0.5532144432909682,0.7297480990917635,0.75204601987936,0.6586486379442393,0.18790953329363105,,0.653898490158688,0.7089737595876515,1.3175359257026669,0.7357349272679296,0.6996347750862788,1.0842447299676365,0.6131656329652676,0.9717841591094404,0.7728199844002056,,0.7450945068306853,,0.49955471212192537,,0.584632541521073,0.658673445557829,0.3147136646931247,0.6917937891638087,,0.5133937602158132,0.7222668133452327,0.7616472006181957,,0.4724365355811957,0.42485421489764624,0.6574858059422514,1.1714517907456188,0.24365193968167362,0.7154985535799683,0.7022327499035343,0.7212107192398848,0.3624115397578248,,0.5327186210287246,,0.7136588131822974,0.9839665278195008,,1.168361062707134,0.6750081980359375,0.5729517266886904,0.5060567911519127,0.6983193425035054,0.7393205798744467,0.4426680751129498,0.8639023046295543,,0.7676076927956326,1.186561787940889,0.5223951236019767,,0.5794642186760959,0.7166422165767364,,0.6950279410531385,0.6763269390461539,0.6688212296305465,0.7024712376181408,,0.21261725456725997,0.6375915336769611,0.2459810017771459,0.7015104156455431,0.6784276805598116,0.7322847297099682,1.0005060078626682,0.665131909721354,,0.6562414102225735,0.7356433909639707,,,0.6727885370738552,0.7142057330277909,0.7076761934385103,0.5436630783656848
2022-06-30,0.5201883419733053,0.606701072981334,0.5618862247433464,0.5706090583536932,0.51520090519072,0.39730053977506036,0.5350156529038514,,0.9507659748127762,0.32668320179811194,0.3506918002053373,0.5857211382575062,0.5750597042680796,0.4933999278360569,,0.7658183896976704,,,,0.504931193899974,0.5646166284431522,0.5221260835248949,0.5769542327019115,0.9536324422326391,0.9497760095484136,0.9622894285101058,0.6334307009336447,0.450018900935059,0.6184573163746553,0.9106605191803026,0.5856039864942543,0.2916532520478299,0.19408810452046332,0.5730603286798995,0.5605571500729682,0.48819205769529417,1.0467722494587806,0.7726246171190124,0.6150642470851931,0.8741025741120769,0.603286020496797,1.0777901790438669,0.3956531715896968,0.5871967701004044,0.5558699191205635,0.47823998946787466,,0.5759523193343011,0.9615235031493168,0.6004580802761628,0.6059088547296708,0.9446983588995622,0.9533330006672421,0.4748228553852518,,0.5594786517161298,0.5290976253557577,0.7044721744436179,,0.8779603961614858,0.5740306013924605,0.9429103122300359,0.9708933451942474,,0.16463223604973434,0.7826034695692805,1.0236061322036194,0.8282083172036918,0.7502352896487463,0.9865674432744908,0.6557091692527123,0.9747637425110947,0.4936501925670464,,0.5984972912818188,,,0.9008165084744522,0.5476167284316583,0.5713005185923277,0.9485443404777298,0.5495548294125394,0.603934314848903,,0.9550403015178873,0.5850064662275674,0.5671069759061762,0.4914979765696252,0.5406579080011309,,0.6059560167199917,0.5874493654458532,,0.43429176347912435,0.9959224134860324,1.1839778630235243,0.5984075893632183,0.49036060113784197,0.5967921080511849,0.6354678614326191,0.5701764119484298,0.290463569130848,,0.5541437318172339,0.5893950369448199,1.050174546195479,0.6328178167075034,0.5781784605575532,0.958578384816102,0.5100760724176111,0.8469076890346141,0.6460777947010161,,0.6217162961148018,,0.4231539754880652,,0.5269185609656551,0.5555183834008902,0.4487629874747316,0.5603566392002713,,0.4312320913568818,0.6125141358424645,0.6008402486571408,,0.40196431050577364,0.3714394701969512,0.5570022899434071,1.0208728239162528,0.32425785487209297,0.5947955112544752,0.5935287682264316,0.5993215128740078,0.37814967317582265,,0.4470674854460312,,0.6018904142967447,0.8760381598658966,,0.9292908793959961,0.5627148483252062,0.5092405476664691,0.4081901080949464,0.5995587182870792,0.6270792888247417,0.45069153801409173,0.7796636331022238,,0.6269586559216082,1.0069244822942907,0.4456684611592842,,0.48380443729563527,0.61046065784773,,0.5892549028197216,0.5878945857472919,0.5439557749123115,0.5347530137421244,,0.2927182808495855,0.5536654078751909,0.29653029985845436,0.5953088220365393,0.5800663480108097,0.6186860291156001,0.8839313418666842,0.5563511187149355,,0.5327631770935184,0.6150053092085362,,,0.5953951687073683,0.5931422429253679,0.6180046884034766,0.46222272756789096
2022-07-31,0.213631918024896,0.3477069007518739,0.2813628841403017,0.24280787783000002,0.16570224190479263,-0.0463855065425984,0.21728040712516253,,0.7248304130605642,-0.1262883788421321,-0.056612202618160704,0.3128275110021973,0.25779228615611993,0.17070508011154234,,0.47990705151684,,,,0.18576164895315814,0.25648932755872433,0.1884981429544962,0.2647938523809241,0.7722264363584534,0.7831073481413285,0.800033441020184,0.35504397946646443,0.08526640573025994,0.3696990063989352,0.8273998281309428,0.31090926175160677,-0.2002126290499489,-0.4325789286157847,0.25301204476598554,0.2510276697767442,0.1532727253939113,0.9372057501933064,0.574277274629849,0.20706280770447416,0.6806656734459541,0.27561151731619615,0.9878909690071433,-0.01710861018073203,0.2843833003236619,0.27510658609525873,0.1383089814967027,,0.2844667832415852,0.7540776430490294,0.3295119661116003,0.3174952934714552,0.7744409044708664,0.7984378358251685,0.1277245204771506,,0.2705054462444031,0.20650398577992965,0.3802100646812807,,0.7119082679110542,0.26499466222339163,0.7553523558192365,0.8370530683720934,,-0.39175185277023356,0.5388821374115599,0.8647816648987076,0.5509773039562804,0.545239197759865,0.8074609754410329,0.43125433248043965,0.7430596340399731,0.14542481961647,,0.3282493901036734,,,0.7048181623481825,0.25867585792718517,0.2543075999476722,0.7867283993901211,0.259704097488767,0.28467004815793173,,0.7873175168868971,0.30871127477161625,0.2877396771747589,0.14187468963055394,0.27251367269013976,,0.3527525330614484,0.2923023512731338,,0.09099288171042556,0.8496981692168408,0.9504845667341939,0.3389319737751473,0.16533352720157354,0.36076698993524847,0.34376109884036943,0.24315211230023095,-0.22372259460282715,,0.25463417329925214,0.3265106178931488,1.0021424813414865,0.3160971144372887,0.29632877215540354,0.7450633772866785,0.1986510647994033,0.679716914981216,0.43008680900535323,,0.377474243111456,,-0.020181738792576464,,0.18451450886501822,0.2629572991670917,-0.0178277339420941,0.2886347821364878,,0.08776290314793017,0.30135818614450877,0.16989726224950774,,0.03332219433614421,-0.01774775907948255,0.2518797465931627,0.8969771139845635,-0.15081788853033126,0.33317644221702075,0.3263197121008996,0.3484548632883924,-0.03758850496737654,,0.09234354065472612,,0.3314605227189405,0.7140755939053833,,0.9364305747966754,0.22681563631983362,0.18559674825106,-0.02273862890167986,0.3116602533145064,0.32118174769724195,0.06274937559038223,0.47467506339048343,,0.31948292897781183,0.8764775687204431,0.08623882871345921,,0.10955751351504872,0.34632414824755736,,0.2897062758612161,0.30096273338473917,0.2535757684377241,0.22429688605174294,,-0.20421488418786382,0.2497374528274017,-0.16729513596330334,0.33428512306415353,0.287697314305211,0.3075968371893465,0.728345305907846,0.2664734766869796,,0.22023019218220277,0.36251314363516807,,,0.30603035275515583,0.3416286932769639,0.33971480726496606,0.06003705426057265
2022-08-31,-0.3931079016272499,-0.3189660993224309,-0.39376544173140343,-0.3820038559273053,-0.3868067083107272,-0.2971230502822757,-0.44038532514730994,,-0.1773213820329452,-0.33467792316950445,-0.3623957586227433,-0.3855368953906235,-0.3932009537153299,-0.39328187170863926,,-0.46307986459078126,,,,-0.3252855849273406,-0.35584040825214863,-0.3823943295202709,-0.3371954307728983,-0.4207150638040685,-0.27356271770964663,-0.24131963838346004,-0.288859619780968,-0.3588394303151241,-0.37981054691799765,-0.33474522014401664,-0.36823858606016496,-0.46780471341514174,-0.39737560317784365,-0.32326572011119903,-0.32672695430831034,-0.34773180018360306,-0.17468609720823675,-0.3750336744724126,-0.33467251971573386,-0.3499520363327733,-0.3848863085171012,-0.31705178631333697,-0.32478430529159796,-0.358542981546415,-0.3888086494229548,-0.3764182695137518,,-0.3472201440794652,-0.27081534660870665,-0.3729354933352163,-0.3476882642501521,-0.31698308890604093,-0.2771241141487079,-0.41332493265647324,,-0.36553194325959243,-0.36662920534471855,-0.3696525874315144,,-0.4095747093744114,-0.433134476909372,-0.3374480209342076,-0.36939204888563615,,-0.4213427185905686,-0.5504147315273857,-0.267980210966891,-0.4461144497931509,-0.44208701650174465,-0.18155393639288087,-0.34476172865793253,-0.1807293895870661,-0.3661426111418221,,-0.3838233259891359,,,-0.24728009415519783,-0.3576489801649408,-0.3355272273863556,-0.33511274908228983,-0.3866291995955728,-0.36940517684272745,,-0.29631614962412955,-0.3522731750992504,-0.3335009412262463,-0.4002033564776642,-0.35523335739767464,,-0.36850730753465055,-0.34267006473708567,,-0.27787688038955966,-0.3695250200790862,0.11747558430448787,-0.3722960281737519,-0.42208527759908854,-0.3777472865016277,-0.37657439012047483,-0.40266255370109544,-0.3215804346420978,,-0.3758329320710632,-0.3786394088232386,-0.13146051729731228,-0.41280707010154294,-0.36566673737437844,-0.24017401674225877,-0.34833642761236233,-0.3381048683658232,-0.36342906258463303,,-0.3580804558646531,,-0.34487728001372453,,-0.29863281961288474,-0.3620369067393776,-0.15579554185602262,-0.36970379123230646,,-0.4320780460874964,-0.3895741962714129,-0.40431072411801733,,-0.4146604755178696,-0.4142768851755436,-0.328464136597698,-0.245884916702357,-0.28229043572616463,-0.3773014682603742,-0.37319808086143214,-0.37704213191401853,-0.35368529952280175,,-0.3769932461006343,,-0.35753225966521146,-0.32726637039759476,,-0.4535463020609132,-0.36736527800387964,-0.3818133305503627,-0.411604794133714,-0.3442796401777678,-0.3811032968992001,-0.3175364282192729,-0.3217783483156841,,-0.3542622453051629,-0.27507311551727853,-0.37680552051579114,,-0.40326672070148295,-0.3742929747789765,,-0.4287412938622144,-0.34066751057677275,-0.3493663284707788,-0.4072550588069708,,-0.29878427538342583,-0.36430193699189484,-0.34766350668576257,-0.3685420195513829,-0.35098503998706276,-0.3712110661385954,-0.3267851436774519,-0.38095892133774734,,-0.3103773743351879,-0.37054602962929895,,,-0.3420232066305524,-0.38210659704218886,-0.34729193993984997,-0.43196806478215954
2022-09-30,-0.3215711691649295,-0.2191903421574416,-0.3013667584427323,-0.2827202644306738,-0.28818451582238513,-0.36795284638515224,-0.3527500682739748,,0.004020680131341152,-0.36221413524534474,-0.31852775435596453,-0.28577215131362943,-0.28865152016858686,-0.3038311506556437,,-0.3537743439823785,,,,-0.25813032175901995,-0.27332427025467887,-0.3085181770716862,-0.27382870140199467,-0.2735041523552981,-0.08752920175406588,-0.013824603222592302,-0.18932406788029857,-0.31923522755516015,-0.2700834860501877,-0.16771982233312446,-0.2747667055024798,-0.5107881660199384,-0.5360507595020809,-0.25909534651911237,-0.23453955353313885,-0.3212434374631779,0.0896257222146182,-0.2211984630468606,-0.2841431512778398,-0.19509351387284837,-0.2928213182462333,-0.15450155027807452,-0.39980815453084145,-0.29467126679649,-0.28936593741107497,-0.31999778978663157,,-0.256106903263469,-0.14859564828723104,-0.2681419859637507,-0.26735599423670703,-0.16101537073291636,-0.07963117603188123,-0.34614671356538185,,-0.2752225970094372,-0.29244825237887945,-0.2748420382603945,,-0.22080678826806255,-0.34611718345177406,-0.1543835168885231,-0.1420667963348507,,-0.5792966792412595,-0.44497938643851737,-0.07264387682298136,-0.31804784771638905,-0.2841670198826724,0.04979332271283102,-0.31220813529370756,-0.00592788391518388,-0.3231135133561634,,-0.27865036866423304,,,-0.10599517730547953,-0.25746235087460284,-0.2662849809333488,-0.14735635836374775,-0.29713961996657823,-0.26312081459059,,-0.1111696433412846,-0.2553148744624775,-0.20808063841589738,-0.2997179888637828,-0.2828141596544566,,-0.2593110672296366,-0.2674006086132071,,-0.302945600730405,-0.19657036022886004,0.3899751587686573,-0.2635834814762559,-0.3599256362391249,-0.2572275829063571,-0.2613161534639985,-0.3038261968953345,-0.4232022415782088,,-0.28907385321879636,-0.2757331063438284,0.15565462172004763,-0.30956264546513446,-0.2606878496557497,-0.08561319942117065,-0.269244456832238,-0.16621914849338382,-0.23690593862335402,,-0.2451743765540121,,-0.423814031631905,,-0.2543839945140405,-0.275842703920148,-0.23917085395515242,-0.2657154245346857,,-0.3701730595403355,-0.2808963809543011,-0.4352225933957358,,-0.3774926626375078,-0.3853847190402491,-0.23613317405682965,-0.01036530389272905,-0.402436234740994,-0.2731771168746954,-0.2744585622561965,-0.2699477594270855,-0.42859484020331456,,-0.3234729074355454,,-0.2572734169233153,-0.1651925851009812,,-0.17189581590327654,-0.22592631250657136,-0.3107590829267738,-0.4161088577176195,-0.2518041383401158,-0.27133261535989317,-0.3496661071954112,-0.19635453393712662,,-0.24995019275274466,-0.05855151537624819,-0.33665514614694597,,-0.31266719481138394,-0.2786248223636779,,-0.2664476475800042,-0.25414995997528544,-0.2580728230494754,-0.27957642568593505,,-0.42195011107119224,-0.26884374404468864,-0.4571658468152044,-0.26521274306038056,-0.25915724611205077,-0.2645341381206622,-0.16266413795073853,-0.2836827111240236,,-0.23331362685313514,-0.2608179006834635,,,-0.2638893425321206,-0.2722228105873777,-0.25747539928201524,-0.3249938575929833
2022-10-31,-0.22804285046137246,-0.1895776121983496,-0.20971692287835908,-0.17064949683933728,-0.1861164026287362,-0.3153978682537448,-0.19769611781190385,,0.04282416713730791,-0.32678751519873284,-0.27714048593823054,-0.18376278140609012,-0.19871901858246319,-0.22227438185389292,,0.06309535028178583,,,,-0.24310834211839033,-0.18547208814464802,-0.19559389054800255,-0.17703473877885373,0.08523133852601494,0.15867257671088922,0.11851883918961204,-0.1462987499638839,-0.27781526783141997,-0.17134818710810584,-0.056233406310881,-0.1911501694005267,-0.40475990392236166,-0.47151851290813257,-0.17317761975401022,-0.16816182202893779,-0.29751108937680665,0.3207930789647177,-0.04004830303966948,-0.19972792980212398,-0.026508170156759485,-0.1595879808053947,0.2329802582431051,-0.3494561603222309,-0.17945198447496652,-0.20509785711810757,-0.26065023532781134,,-0.17839110622648105,0.15734844381414728,-0.16060769327215652,-0.17468842856806086,-0.0018851257215662435,0.08550720118579218,-0.21452468159022753,,-0.20612292893822956,-0.21471200156262943,-0.18491503286379318,,0.06834850667921417,-0.1899896586254529,0.08722998792210122,0.10010882568884814,,-0.49587136882391997,0.028097263031696885,0.12095041628596989,0.15265619869480299,-0.08832018204102865,0.2818567322876862,-0.30821023335830394,0.002686492846422249,-0.2402387875122895,,-0.1585591128673553,,,-0.1098551446760577,-0.19628299101283742,-0.17468131431259443,0.12328481862812046,-0.2016555991069434,-0.1441085284073081,,0.08878245523978505,-0.17445073151528057,-0.12283809758570413,-0.18673855219270263,-0.24687346429277962,,-0.17926226430908712,-0.17589284652208909,,-0.31682672125114597,0.046442554387075265,0.21998636572987443,-0.18518901792707707,-0.22946790106365708,-0.1829554274014339,-0.14394642650920672,-0.16120162468425214,-0.3434094669159478,,-0.2043141188988584,-0.1941670985272112,0.11488666454664996,-0.1479928691666643,-0.19134622614256658,0.041391709408464865,-0.2330104507191474,0.003134052887423111,-0.14881016437044212,,-0.17049212454196122,,-0.47206148961945604,,-0.220377428008246,-0.20861147223894108,-0.20466528806580947,-0.21446703245636364,,-0.2726227256658817,-0.1535581813135084,-0.4232892300031818,,-0.30498166127092713,-0.3072237439162407,-0.187793965604098,0.15273737344911403,-0.3902670354606585,-0.19131981665760792,-0.18555975909970782,-0.18836382082174086,-0.3876686216655663,,-0.2750918344149642,,-0.180446353180107,0.017677925578376604,,0.037582642975384,-0.113297840115339,-0.2034325479622123,-0.3879630989854087,-0.17410679908905355,-0.148834993868568,-0.2972142637931005,-0.021751750107577444,,-0.18657620581725326,0.08058095068310142,-0.2869304128835698,,-0.20729975454024596,-0.18179551020585277,,-0.07582808252671717,-0.17709339471556318,-0.22830183883558544,-0.22102518044790195,,-0.40549743657585335,-0.1696775002126774,-0.42784193855428015,-0.1752505251749129,-0.18244350046339222,-0.15661977912987196,0.01314328005697172,-0.19880591423305413,,-0.24542778148428693,-0.17495197825239933,,,-0.1752430060365363,-0.1857105383270074,-0.1634268709938273,-0.16921256438925358
2022-11-30,0.791943751576534,0.7795827631018845,0.8217013589808226,0.8209595864727198,0.7873439528108628,0.5655067820139483,0.867593198209641,,0.9183959557500607,0.5434370807197869,0.6277975899891338,0.8543342677099535,0.7874675533530959,0.7713095461236529,,1.326604692855601,,,,0.6835404534774363,0.8046051266330545,0.8074162154956053,0.8133130753819392,1.3497699722139063,1.289570112965493,1.1384185889778502,0.7988117988493265,0.6525586522138553,0.8779497783187561,1.0866647553975664,0.8267450796087165,0.5366759750941203,0.3225574551481889,0.7963550960121072,0.7916865129575764,0.6426671708343419,1.4240938895027733,1.0828319160994782,0.6787707494110758,1.064203360946385,0.8460138229010826,1.5521433143618397,0.5720840789496102,0.8400708820076033,0.8175783453765182,0.7048782062415604,,0.8131745542209222,1.309915064433696,0.8754561293254813,0.8297457060047766,1.080849554723962,1.1614189152782322,0.8104383340185428,,0.7905334585831099,0.7651683764917881,0.7654692797923922,,1.291265642991447,0.8756695961408472,1.216434939869074,1.2768432079331256,,0.40423545941517364,1.4062476090739018,1.2000570199936123,1.4448929508417623,1.064469943888774,1.3379592203381883,0.6958334772656931,0.8471697177169418,0.7332070265721903,,0.8920022231008806,,,0.8070297774061361,0.7907352686051204,0.8053318795595042,1.2985707558608406,0.8240267113345632,0.8493238319334315,,1.1888606512150555,0.8334012289385659,0.8738288828996345,0.8034537633131359,0.7503121636358643,,0.8494204219160909,0.8239866402067519,,0.5873239547500421,1.2229894317474164,0.7547542345599051,0.8385532663713128,0.8187225646566814,0.8600729633227645,0.870269553492409,0.8624230363445966,0.5238846640911643,,0.7994049679512684,0.8341003767503277,1.044292008230166,0.8916849898900798,0.8049825736373268,1.026880735431321,0.721434208432781,1.117257280341293,0.9100502234137325,,0.8556517927229758,,0.34299110762710505,,0.6915392029786777,0.7837047202369736,0.5860380841878619,0.7828274758165569,,0.7449162447237812,0.8591405779720303,0.42461853099049685,,0.6740505195762226,0.6632229330368083,0.7634839615428034,1.2245566552481035,0.4499331641794389,0.8366709211891376,0.8427743827776166,0.8486034278062452,0.5361244147232501,,0.6734141286940348,,0.8278618148893941,1.141856887385611,,1.3518969896751232,0.8543669181181045,0.8083936725680292,0.5026318017148997,0.8153946662961011,0.859606786656841,0.6259559154389271,0.9764333964747938,,0.7662682180268783,1.1446912175458628,0.662044506529048,,0.7570770991295428,0.8541326517971833,,0.9998912263170556,0.8156317017670206,0.7330120713538466,0.752406235344221,,0.42788674710386276,0.8345610914427523,0.460979537084855,0.857003329946271,0.8077014440660973,0.8341725687022192,1.1360364023894398,0.812987798724561,,0.6535169749037443,0.8579119044790304,,,0.8257545908961902,0.8564645364282572,0.8472502941227292,0.8149784256941276
2022-12-31,0.7898082632521645,0.7547432546604738,0.7871523187713863,0.7848779346789575,0.7685236861638259,0.7786128334089993,0.8245609777481933,,0.7671139210109963,0.7294304856552127,0.7242979122096531,0.8043703847950929,0.7496269109184438,0.7640199504759084,,1.1271009145636586,,,,0.725177817507836,0.7914451834654811,0.8040444147599156,0.8166664287485981,1.0838502037740638,1.0360441044248685,0.8848791436685849,0.7736427044728917,0.7282860392617453,0.8090115761221044,0.8768952047637707,0.7914912488732307,0.715537499479889,0.6649408663844034,0.8066990873695511,0.7803718611671192,0.7251527713424217,1.0803270852337654,0.907381396353356,0.7191475450782228,0.8789415282620646,0.8045700973960239,1.2291976337432122,0.7795195969685564,0.8305261760330164,0.7801661514985585,0.7457712337150038,,0.7900525765088319,1.1066650180806394,0.8172448022420288,0.8067438246710095,0.8848566477381905,0.9214212851653909,0.8143085071413111,,0.7711791563648421,0.7714917067781367,0.7229055278371096,,1.0171782972458967,0.8257413274926783,0.9679305070101112,0.964033108508966,,0.742020785646448,1.1690021975095812,0.9441055439038901,1.198673462303432,0.8785140059374231,1.0521061219210919,0.7268851600946449,0.7107173823897274,0.779785473890465,,0.8280664792737649,,,0.7023015946270077,0.7669808498937074,0.8070388430888785,1.0278904845527508,0.7958183622825706,0.7982196801089294,,0.949926806409655,0.7977305025321075,0.8140553048456156,0.7810947165230736,0.7581448670417613,,0.7915825784841124,0.8111596252033391,,0.7494898229148254,0.9624263108751083,0.5852808145630063,0.7841355341135084,0.8190397947977579,0.7891647194656776,0.7986362949601318,0.8139210923128611,0.7886799727835271,,0.7805464200309891,0.7857808520463011,0.7616294065651766,0.8197222301468435,0.7667656353903056,0.8602366608476062,0.7390691972007561,0.9131901196867467,0.8175345142719782,,0.7924902830835937,,0.5913438514815867,,0.7542567533886744,0.7708389117175126,0.8296996724278154,0.7514147414623371,,0.7693609830681902,0.797539215421371,0.5712331030595674,,0.7437576404768789,0.7487384710208291,0.7575689781729065,0.933555724690121,0.7451575202882786,0.7860953994113964,0.79698303765143,0.7917855462689138,0.7473275354276322,,0.7292395328531682,,0.7859904076986491,0.9380775580094152,,0.9586139646315905,0.7817625478470118,0.8089697622225915,0.6443320283152337,0.786957365502045,0.7960019694599009,0.7773541924264598,0.8630447185032378,,0.7317678104658721,0.8815700577169467,0.7318396463782556,,0.7543089234071887,0.8052268460340329,,0.8604370254504468,0.7949326158555147,0.7306473090460947,0.7057396045025311,,0.733210243416376,0.8044816799956899,0.7346410844375894,0.80492881852793,0.7835411736095447,0.7821963084236588,0.9300091663608447,0.7805384177066452,,0.690823466028493,0.795851682528584,,,0.8085684804307639,0.7957668050183677,0.8102076129465848,0.7862582377949636
2023-01-31,1.0009093875464816,1.0055463663953192,1.001248386456654,1.0210184347937232,1.004440877738165,1.028538727488646,1.0171580723779938,,1.123554597373569,0.9783159117678156,0.9627936191227411,1.0174073289768144,0.9941414941933334,0.9856314369005427,,1.2388568840895595,,,,0.9805410463084883,1.0234021898724648,1.0220982978549418,1.0468015534620165,1.234036123355758,1.2426966299555016,1.1630166239011197,1.0377890060361021,0.9739606648704136,1.0218859237234654,1.0905697071936444,1.0144358819420496,0.9366006845671815,0.9410026915191559,1.0463359031865356,1.0249476821446764,0.9728815659611452,1.3056794039070474,1.1043245949009577,1.0264891667967715,1.1147330494123107,1.0389923818495517,1.350786131810426,1.0106060176739002,1.0486097332412223,0.9975783283748613,0.979095986112506,,1.022606701969874,1.2983376284078205,1.0318011867905246,1.037594075918845,1.1356464317050354,1.1690051147973455,1.0132731310833134,,1.0013872900045713,1.004436967462452,1.0144985787517191,,1.1773258151024237,1.025636286713423,1.1881586771138877,1.168560121020631,,0.9508146422417846,1.2298980185167692,1.202161610864491,1.2998261613546138,1.0654192307867674,1.2935780359018019,0.9760591632009652,1.0946866648787437,1.0080444725204296,,1.034782038230972,,,1.0405897551660002,0.9990625021733078,1.042094333051167,1.2187982716188155,1.0086860632341041,1.0377882718338516,,1.184887435259502,1.023353717918608,1.037656692336274,1.003364733556351,0.9840138570021532,,1.012980085499231,1.0394751823550232,,0.994516049329971,1.1733167077647264,1.1543626828154168,1.007699755002664,1.0095962081673915,1.0020623885471944,1.034622709281041,1.0327279894205665,1.025222128143015,,1.006295519337733,1.0056608475496187,1.1040900023519884,1.0442487495766644,1.0014661247164276,1.1590506621394767,0.9820923522542103,1.1256650913333568,1.0282393957300522,,1.0172521208402991,,0.9051952208846719,,1.0166991805493402,1.0021631382761746,1.1173012238058435,0.983583405849251,,0.9692357675980132,1.0311604114785975,0.9148637239376523,,0.9583962040986841,0.9609636720831514,1.008233118836496,1.1926069867045799,1.002791963103972,1.0070916599619155,1.0160983440015257,1.008348087004834,0.9798863795969495,,0.9665272091655758,,1.0167174903741434,1.1480180034298462,,1.0902301717609997,1.0270404905421164,1.0189714315855245,0.917006384861181,1.0256632346043566,1.0341502457635332,1.0183378752874603,1.1264025758705438,,1.0022656132422256,1.1502628720389036,0.96847263002147,,0.9917218751561262,1.0233807620435176,,1.0537095241321721,1.028258019918983,0.978083203226387,0.9537374304425407,,0.9908289199330196,1.0261657370648778,0.9690492598571382,1.0209675320468967,1.0188054879867765,1.0280508522300555,1.1429945287830132,1.0029330231780655,,0.9682577275428473,1.0168401257170132,,,1.038126942496832,1.0084246798184902,1.0398559929197277,1.0088817674768489
2023-02-28,-0.5820501193885614,-0.5719928196334089,-0.5832218379466718,-0.4536414780868147,-0.4786121925739182,-0.4503953326650986,-0.5288436624288649,,-0.15116661488649535,-0.5197571503445992,-0.5808319041610795,-0.5648983783418958,-0.47634984985936735,-0.5771770791965324,,-0.2530600988809791,,,,-0.5767319617346768,-0.5122817375050526,-0.5105232904785156,-0.48704329641112876,-0.24364243041977773,-0.2713320501544462,-0.26857441550741495,-0.4844743100632148,-0.5495826188658186,-0.5755181192004388,-0.554573193915947,-0.5628707685299057,-0.4858397735987064,-0.3182068535791551,-0.47322518482628845,-0.5113545202925108,-0.5736119769446636,-0.24626769936840334,-0.4646866778612022,-0.21534675945882095,-0.3395945283304701,-0.409296683911335,-0.2713230305986498,-0.5306959484676025,-0.4953706931740277,-0.5894098443423698,-0.5660157052040157,,-0.5347218656044334,-0.16538880954071775,-0.5460159163763968,-0.5024609290822679,-0.2969794627536142,-0.30496474778655697,-0.5446596998631006,,-0.5666758679268543,-0.5305879894908471,-0.2869242340546146,,-0.37976034396921293,-0.4964385481428433,-0.2416424912429414,-0.32451669484002793,,-0.5280273148812104,-0.334346457725422,-0.19699359989092521,-0.17499801165755408,-0.4848196702876071,-0.1713756637128891,-0.6124175533736395,-0.11257323118740742,-0.5240822547678264,,-0.5496937624787094,,,-0.3145348872051131,-0.5802577242550191,-0.4823262109884001,-0.2886907986233664,-0.5767433711910684,-0.4248625844076501,,-0.272632551340307,-0.5572439571039968,-0.5634890736496078,-0.5095051070765904,-0.6490138750648917,,-0.5831956422726328,-0.5118628016414947,,-0.6344120675418172,-0.27529843101540863,0.20697713841361934,-0.5793660076427618,-0.5786482281967836,-0.635286213370798,-0.4469304837576952,-0.4541708968687411,-0.43295817168395695,,-0.5487574891226915,-0.5851228842047539,-0.4184771095021787,-0.3924838555899342,-0.5549783005576737,-0.171336109179752,-0.5850480351035009,-0.4316248152589965,-0.6112832647203891,,-0.5818441942689124,,-0.44161011303636555,,-0.49162456214313555,-0.5643069499669854,-0.31420310626694387,-0.606228236588291,,-0.6205164538811146,-0.43346554832825,-0.22150977247908557,,-0.6077490097568921,-0.6010000881411028,-0.5295500807405232,-0.27483127939981117,-0.4900209053899005,-0.5803919319082239,-0.568529724941283,-0.5989864795000369,-0.5524726201975099,,-0.5751465852369099,,-0.5491869653995959,-0.40395138460015484,,-0.7156355730085392,-0.43257043989927074,-0.5526815699167765,-0.4696052280488439,-0.5110476014144247,-0.4258105844797604,-0.5041237134240619,-0.20464540024134947,,-0.4292733599044008,-0.2905127683726112,-0.5689612552564165,,-0.4657888268709285,-0.5529008342735336,,-0.4739518100748817,-0.529891043570233,-0.5877710890467286,-0.5472783369738204,,-0.4828182717064733,-0.5329352122593353,-0.5571842192186766,-0.5787883889270774,-0.5276822944476119,-0.4264398343062587,-0.40903884238864485,-0.5666327958969085,,-0.5551802750089461,-0.5720675475826621,,,-0.5145856593191604,-0.6049143814131397,-0.5076282342901834,-0.42060438542505646
2023-03-31,-1.0405442942778733,-1.0126551656467286,-1.0271441925395133,-0.9368119325276786,-0.9667630682803501,-1.0120008779381175,-0.9958645295763595,,-0.6415294212835222,-1.0635975448827244,-1.0863949437624383,-1.0101922760730604,-0.9452111587205421,-1.0397397904769843,,-0.7714265443450372,,,,-1.0435352519276917,-0.9845384417514079,-0.9938675699762639,-0.9712670563125367,-0.7099724942075603,-0.7397097600518611,-0.7175884440523939,-0.9515937103116734,-1.0391445438537146,-1.008568499863395,-0.9207202260276303,-1.0104359984270415,-1.0328226346415372,-0.9598496426667474,-0.9635676161548006,-0.9865551463288852,-1.0476639890492372,-0.7048482632284765,-0.8967961939115693,-0.7665741612894422,-0.7836209740027671,-0.900127417074907,-0.7223382810599329,-1.06420591186754,-0.9727705942050929,-1.0321197924246526,-1.040277419162746,,-0.9967487603105224,-0.6793906355119392,-0.9957298545152686,-0.9694576682771439,-0.7399746321300714,-0.7475353199719681,-1.0279742127684954,,-1.0187334129864716,-1.0041677813616061,-0.7816468919834205,,-0.8132357572620598,-0.9641712951524242,-0.7059072942790706,-0.7451486700543,,-1.1185394970679075,-0.8157873208042334,-0.6584147795647883,-0.7088293165410919,-0.9042957198055908,-0.6700580596186593,-1.027999949147347,-0.602787357619522,-1.0139623278520178,,-0.9984746014573632,,,-0.7551180753248784,-1.030727647006263,-0.9681136549064193,-0.7427300249453077,-1.0283157696335705,-0.9103113795101128,,-0.7269530487742646,-1.0091370036175547,-1.019324735975753,-0.9937524609985033,-1.082085840943622,,-1.0169079043168059,-0.9826603037293311,,-1.1216413805524257,-0.7106454418848442,-0.3417181996027656,-1.015120423334748,-1.0468335965945905,-1.052224972234251,-0.9147932180378135,-0.9377660126375196,-1.030827215124251,,-1.008029044059943,-1.0215296482249503,-0.7901210309096989,-0.8772331123152295,-1.0034505740201511,-0.6579885242443544,-1.0449155140191293,-0.857245751368628,-1.0265609867800636,,-1.0127016681532226,,-0.9733006121319223,,-0.9886392625315353,-1.0190941251942827,-0.9304102924324841,-1.0412559787176408,,-1.0850120457117114,-0.9108294279613499,-0.7587849352294298,,-1.0866686688003833,-1.0919787832837524,-0.9972438910739928,-0.7095080004139153,-1.063052522432721,-1.016887595733436,-1.0114650136351035,-1.028648921377591,-1.0765908233882138,,-1.053545003366682,,-0.9966620525074856,-0.8355754957270699,,-1.005761797520582,-0.921406020486105,-1.0271160812224378,-0.985038866039203,-0.9739973412860704,-0.9024241320522663,-1.026794533720818,-0.7227821670331703,,-0.9020264248612457,-0.7167451796680289,-1.0515289351411787,,-0.9638487757527833,-0.9972377648411732,,-0.9404287796742575,-0.9920785769905898,-1.035033152710464,-0.9954940698959348,,-1.0636877823680406,-1.000476127362866,-1.1055837179904837,-1.018928929930341,-0.9895329646633645,-0.9053197979491071,-0.8358379533142086,-1.0177572004290159,,-1.0182972522022682,-1.0069574086790942,,,-0.9818152312169951,-1.0338420931624879,-0.9690114048700424,-0.9367600258866478
2023-04-30,-1.7935201470177506,-1.8302333235739385,-1.818547926679093,-1.7188155578906479,-1.70927816829482,-1.577080874193512,-1.7724328736828807,,-1.6911664044848107,-1.5937438356709477,-1.6865015741408145,-1.8308485541541795,-1.7124762642992577,-1.7742960326727095,,-1.8390441024356088,,,,-1.758099147959159,-1.7697684136596488,-1.7497377245543595,-1.764783678235645,-1.8948165699303863,-1.961148581671535,-1.889351685636407,-1.7890139421077005,-1.6906168961505843,-1.8616712619988667,-2.0352449293544472,-1.821561804045446,-1.4855526593495822,-1.2388242176711026,-1.7501439555831497,-1.7766460618207298,-1.7150029607345973,-2.0901193260267594,-1.91800309809058,-1.465877110826738,-1.830648479292366,-1.6997048018580667,-2.1111288954226417,-1.6322380917669932,-1.7777260668027766,-1.823345910574013,-1.7307303436877304,,-1.7999409097858796,-1.8858193967438044,-1.836789820858993,-1.7864892942657373,-1.8325024162644306,-1.9115147102286032,-1.7566007909129309,,-1.8008234239101815,-1.750402266014851,-1.5724270405806453,,-1.9699389379743553,-1.759592352645729,-1.857958395285497,-1.9514275037992481,,-1.443312060730745,-1.9094984416754202,-1.8596743156263371,-1.863560675951398,-1.8852360870288627,-1.963446401548264,-1.8033663205698094,-1.6178725350066636,-1.719921190821926,,-1.8436848137015074,,,-1.7138013728956825,-1.8152078591060767,-1.756517300265922,-1.9481093208430877,-1.8165656021357222,-1.7235173027659783,,-1.890659539121711,-1.8294477887308793,-1.8676409695438045,-1.7341873591406407,-1.8468839921106501,,-1.8552529930091692,-1.7907397276592365,,-1.7595078139900238,-1.8793505276069096,-1.4899414280056618,-1.8425420876333047,-1.786842425013203,-1.8990351737017839,-1.7551476332554694,-1.732975533116751,-1.5089082323513066,,-1.7849634097195934,-1.839775596562243,-2.0299849533159504,-1.7028060802026228,-1.8029463279350133,-1.7390599291528837,-1.7766301816048944,-1.9417707699971523,-1.9236193334526377,,-1.8657030423716325,,-1.4146785937346522,,-1.7086160176609777,-1.7959117108111677,-1.5582341749457966,-1.827443732686122,,-1.764016491041572,-1.7270574843863544,-1.2764142125798184,,-1.7152508478259463,-1.698886537788945,-1.7734332993113213,-1.9518636938300296,-1.536425811077203,-1.8389022368110002,-1.8345011614881193,-1.8622808878728172,-1.6110414796065986,,-1.7148142178776828,,-1.819134743591719,-1.942839560443895,,-2.2716081554617227,-1.7300593964449165,-1.783576002342223,-1.499238285639146,-1.7865332944229109,-1.727533046413151,-1.655796978091663,-1.6675188187184824,,-1.6886112307541685,-1.8988310380827036,-1.7021913591407904,,-1.6672380538087832,-1.8299424350386344,,-1.823172394537985,-1.802296214314127,-1.7904140586073556,-1.7382982071892725,,-1.5041382349793637,-1.799360472723097,-1.560553532459935,-1.854404147006403,-1.7894492690875938,-1.7168276669747211,-1.9449864461828168,-1.8059181788641767,,-1.734513224175506,-1.8513015599897833,,,-1.7955998718383532,-1.868480237294636,-1.803510789818055,-1.6471176735622053
2023-05-31,-0.7515737045270636,-0.7483288919884398,-0.7535164651076819,-0.7979356689942382,-0.7891504854786812,-0.7314371132393614,-0.7922131637895159,,-0.9090716875217827,-0.706197018044235,-0.7281042855664096,-0.779361914408973,-0.7529430973598399,-0.7513826615772322,,-1.1216439095899555,,,,-0.7170911696411988,-0.7857665936433266,-0.7937053171205921,-0.8060935364254563,-1.0709105222984765,-1.1153936484582323,-1.0071277219050176,-0.7980843080900663,-0.7062690903589204,-0.781927356084335,-0.8347088330357447,-0.7685210926706041,-0.6398792460619533,-0.612383203893788,-0.8080105528164188,-0.7976868558325161,-0.6762276664854023,-1.2525817985539889,-0.9085024409450555,-0.7612781667011004,-0.8942454391813703,-0.8127638410233858,-1.2331788207586905,-0.6931432871973263,-0.805641651205412,-0.7550824477135368,-0.7178981266049529,,-0.7856888963575138,-1.1588628859498205,-0.8036628438363483,-0.7925458891406683,-0.9052815236178818,-0.9939590377701175,-0.7900789499591763,,-0.7532071059584062,-0.7589152945727532,-0.7396079776694399,,-1.0295829163191115,-0.7927317041180824,-1.0243535630977691,-1.0130408724560482,,-0.6122659149268754,-1.0933639715677448,-1.0281808073560632,-1.223220340330254,-0.8538432557798685,-1.2318632085297367,-0.6180958797697103,-0.8462797987621811,-0.7528275937854191,,-0.8099935416966897,,,-0.742199663671966,-0.7613337814743548,-0.8054632610692812,-1.0763932478462261,-0.769027654034792,-0.8212941381095795,,-1.0127054440774212,-0.7871713200058045,-0.8427050817141979,-0.796730523485381,-0.709818439442537,,-0.7702088757967867,-0.7980705744412234,,-0.685298184241878,-0.9676407594156162,-0.9628911995020581,-0.7639517919245762,-0.7713625849246792,-0.7616724527490043,-0.8098464450826263,-0.8185433033668054,-0.7432494658706936,,-0.7621502396368948,-0.7588021926292977,-0.9092767554434423,-0.8215384840911667,-0.75926581553653,-0.9449283869674736,-0.7280888655080734,-0.9326993910255825,-0.7938376923633692,,-0.7743823652657168,,-0.501886412187502,,-0.7559723074102931,-0.7526408217454096,-0.8590469507916887,-0.7314016618759137,,-0.7222185245216703,-0.8084356150160517,-0.5045370063915645,,-0.6940715640659191,-0.7039163482500522,-0.7691368321970824,-1.0418982328473059,-0.6704880213609766,-0.7604479548088489,-0.7725748411463027,-0.7622421737286722,-0.6462642461422848,,-0.7054009732419301,,-0.7724259565453881,-0.9529312494610223,,-0.9184695806134335,-0.848684822081093,-0.7883606745457656,-0.5923166830441943,-0.7841832227303994,-0.8090433570582921,-0.7230735770543928,-0.9341778252332498,,-0.7481552128309068,-0.9573788572472633,-0.698209568546164,,-0.7738284732385515,-0.7768476928432461,,-0.9014210434862682,-0.7869403339991129,-0.7180509807152177,-0.7146927319232559,,-0.6604930796656849,-0.8049843968457917,-0.6296203575290424,-0.7835196645389108,-0.7786023649009527,-0.7988317577778521,-0.9425190995992495,-0.7635181800757032,,-0.6941972987260788,-0.7745130711211649,,,-0.794860174898186,-0.766989653945596,-0.7995056614111992,-0.8297535766188296
2023-06-30,-0.8041023123716993,-0.7994537541605486,-0.8491061337827732,-0.9664318282063556,-0.9095472355812518,-0.6110937016504943,-0.9370669168782607,,-1.312316966434594,-0.5782969700697438,-0.6254431661843832,-0.8764716420152598,-0.9698570099354203,-0.8036132829771555,,-1.3875261388238052,,,,-0.7086039852668172,-0.8595670386611232,-0.8588288949984044,-0.852054931505219,-1.5068422902587768,-1.310210267670231,-1.3190806782086422,-0.8591578254153321,-0.7197727324689629,-0.889319392603213,-1.0970979744481193,-0.8516693085870595,-0.7542958663442912,-0.6834270233924225,-0.8447594249364211,-0.8257634850597658,-0.7014780444195716,-1.322222231833899,-1.122970091452502,-1.1310172795534847,-1.2843243191397655,-1.0294940790162774,-1.431417285396476,-0.568690540743793,-0.8797669082756306,-0.8375918975873595,-0.7589425156139874,,-0.8412123183857404,-1.365215604713684,-0.8905191737668666,-0.8854442703507704,-1.3321422590294065,-1.3029708870331436,-0.8282226895050251,,-0.8246770887562344,-0.8266308003722634,-1.2067489623526744,,-1.3421347056379804,-0.9859177099828291,-1.4225173119760777,-1.4389899577815903,,-0.4774022968448216,-1.4351261108041216,-1.4405314827306488,-1.4911642005575056,-1.1830398595258995,-1.3371881510585273,-0.7881277704650816,-1.370796068481966,-0.7839328434713744,,-0.8996953053722858,,,-1.1938144918134108,-0.7997022571676983,-0.8548968841742624,-1.3777532191181248,-0.8338300312768687,-1.004769246209887,,-1.3497270140343867,-0.8369146543778563,-0.810901843602348,-0.8814199981584253,-0.7082600177293096,,-0.8586978866529749,-0.8524403646973588,,-0.47313669094676986,-1.466524007747719,-1.5003994871238768,-0.8621139312437157,-0.8156551242418429,-0.8234243495892593,-1.0229992232167464,-0.9908446423335464,-0.5599326185213034,,-0.8482984589407223,-0.8544965179160372,-1.145501533290247,-1.1111260891819714,-0.8600517300738374,-1.3579649742305593,-0.7427461147185468,-1.1708547394044186,-0.8648051583209169,,-0.8599830913352526,,-0.7119528816115843,,-0.750793555081804,-0.8164777313192122,-0.5738468565091122,-0.8047395256106578,,-0.7500615005583643,-1.0318646178163862,-1.1642362381383005,,-0.7020811967714353,-0.6793850703903342,-0.8102882639785931,-1.3640695933882625,-0.46885899164802575,-0.8619245970778866,-0.8620473714948286,-0.8490115544754355,-0.5769243578436242,,-0.7275367822078906,,-0.8671873505316341,-1.1949486579785058,,-1.1918938536394232,-0.9899969153073482,-0.8066026286504049,-0.8116108066086388,-0.8780411916262888,-1.039225713771188,-0.6540668946257929,-1.2848407246013542,,-1.0010423609548114,-1.3694397518698724,-0.7226580295735671,,-0.9163136833373389,-0.8878925192760924,,-1.061422837747625,-0.8421493155870846,-0.7755402316429962,-0.9118876563345354,,-0.47354638526658055,-0.8513814267061106,-0.4815830165187013,-0.8499668535768417,-0.8569357988664471,-1.01809962288788,-1.1973659304161488,-0.8472635108737997,,-0.7387778606736303,-0.8785866325718292,,,-0.8570254082939714,-0.8473267208434344,-0.8951974379052262,-0.9903613042787136
2023-07-31,-0.06375585326713637,-0.05873494606975332,-0.11830278308273158,-0.23238439288237508,-0.170849470897963,0.1634453837089044,-0.19827110248067156,,-0.5671026524419749,0.17621177263989424,0.13279909942879978,-0.12985105800218671,-0.27607646130346347,-0.06711281203434076,,-0.47239813811408754,,,,0.025239219237881645,-0.1045710061238173,-0.09841744476701496,-0.07525838355321164,-0.6605693225078586,-0.376199044920462,-0.4875085511698482,-0.09172213173247248,-0.00018274333278255547,-0.14230328942878154,-0.3458031120546471,-0.10765317521251634,-0.10678731742181179,-0.04503821339688183,-0.0652705432392582,-0.05265418641668837,0.0009669861958641033,-0.2724359625928334,-0.3238750411489575,-0.47469978144852026,-0.5390391418377725,-0.29775338679582525,-0.4135770567596635,0.18657216301588447,-0.10965739362662949,-0.10325458254007104,-0.038523400081947476,,-0.08073716017342591,-0.4038397113109535,-0.12633176905697707,-0.12873907696566925,-0.5869730897417356,-0.4747549028035675,-0.06388334714919279,,-0.088406583542751,-0.08753066743198078,-0.5854958383159585,,-0.49308692820555944,-0.2582528999030033,-0.600258048280293,-0.6305104691883139,,0.22375061060138968,-0.5526755766782465,-0.6176604376955896,-0.5140055352108068,-0.44928484729890905,-0.3132459423068259,-0.14845461939870494,-0.6961797403743141,-0.038320742678351345,,-0.1322742948990297,,,-0.5582169805597124,-0.05089963910404548,-0.08058507060986538,-0.4956189623194764,-0.08597542182752405,-0.2597875310724124,,-0.5169778403372082,-0.07308887440165722,0.005270298155902207,-0.129017038254159,0.023969458226099635,,-0.11453178997526023,-0.0824331304656427,,0.3016275200435911,-0.7003891756070895,-0.7664920825856655,-0.12499943430814972,-0.06174058782614154,-0.07722153955345766,-0.29098848498095853,-0.24477789771254546,0.23424597030323066,,-0.11095219242161136,-0.11968817700917196,-0.3501504406662736,-0.3929113041759595,-0.12849066783553617,-0.5885448581761451,-0.008610407101203628,-0.36133444621862437,-0.09930259784186647,,-0.11189064432069963,,-0.16600033716968918,,0.006864314754493045,-0.0784857137556005,0.32283605720778424,-0.08239672678933359,,-0.02471872656085403,-0.30474948430141124,-0.7371761686224352,,0.010955282124613008,0.047001297062701806,-0.058027267872558456,-0.5101606986324289,0.2908335659008733,-0.1275782563945059,-0.11694802753666576,-0.10893646705024614,0.1342551234087474,,-0.011324271319885436,,-0.12401605996251384,-0.3719939704001179,,-0.39491061689455087,-0.22278408605930206,-0.036043633640383606,-0.21881166139421482,-0.1281757874985248,-0.3130104368789125,0.10336128499024352,-0.5127181354041179,,-0.3183553552704984,-0.5903855846937605,-0.010507091413814345,,-0.19470358825169184,-0.14500097502124543,,-0.26467434012017743,-0.07976627118107286,-0.057937458249355867,-0.2390265678713062,,0.2740428393660882,-0.07832738100878452,0.23837012876342417,-0.09190839141406378,-0.10698872779288526,-0.2956383982391484,-0.3838146883867275,-0.1086466637304218,,-0.03340066669858208,-0.13573583360644784,,,-0.09075904434663873,-0.10302011477043957,-0.1348631357353227,-0.24330660973795085
2023-08-31,-0.27767129757867176,-0.30154096207518183,-0.36025200388625406,-0.44387854449163033,-0.3831893575336078,0.12541536879249277,-0.40620094393664036,,-0.7746083161328109,0.0639201285983482,-0.044679155138512096,-0.35431081147938803,-0.5454542291020662,-0.2997830281722664,,-0.4012970373988764,,,,-0.20198202596105072,-0.29580360853699145,-0.27258370851839864,-0.2199218631523589,-0.7043471347120791,-0.37296606727984505,-0.6476998675101389,-0.2826007875029371,-0.2116495785143756,-0.3772631735454239,-0.6167110153635679,-0.33215993122672943,-0.3102577397701842,-0.15036460356245127,-0.20583513823333616,-0.23370749152302922,-0.22774371367526433,-0.19697278734804888,-0.4993534628499758,-0.6856367010611164,-0.7501871616523184,-0.49345034107535435,-0.27879384162251686,0.11149356986797168,-0.2617325457679938,-0.34911766911845066,-0.26378045406514683,,-0.2791124446623175,-0.2873243228135838,-0.32995017790617787,-0.31374687245281985,-0.7912627554684889,-0.6188791009512827,-0.2331915198505533,,-0.32183134168287103,-0.2954529245738321,-0.8871027492964302,,-0.6062955116043758,-0.47106004563842546,-0.7148373961708779,-0.8144586501222445,,0.15960767898626402,-0.526411600136784,-0.7382193477826297,-0.3628997542225669,-0.7042371659285969,-0.22345713976808454,-0.4657006955317958,-0.9738770487866152,-0.21193401020595948,,-0.33164173260894053,,,-0.9007502686851538,-0.2820051150478874,-0.23226986699384375,-0.5529837399314721,-0.3042700651557388,-0.4571860089563321,,-0.6341712137545314,-0.27703515959978825,-0.16256703184485238,-0.33268464360501754,-0.22307393810725976,,-0.3564998609254254,-0.2505790830462136,,0.17664869261696828,-0.8783349168277182,-1.0072948596348696,-0.3738554353964666,-0.24689732693185096,-0.3383597346157531,-0.5155918515602358,-0.4382761425438518,0.2511348831211872,,-0.33411266028874115,-0.36739301180566186,-0.6565913944919018,-0.6052183722395391,-0.376222597302556,-0.7402276780909505,-0.24391965926217496,-0.5338805470409355,-0.3363729289729276,,-0.3528838207176266,,-0.46802672330799827,,-0.1536391828845214,-0.3064148205272058,0.46086586802732776,-0.3537646096294681,,-0.25554083744348904,-0.5251118866732079,-1.1544306864570149,,-0.21462012742454692,-0.15443499997293406,-0.2693374004697793,-0.649081383389346,0.26082439908838634,-0.37568841801467234,-0.3449985070173931,-0.35720809727468605,0.0031464768029196124,,-0.2423928563586946,,-0.35275381454833643,-0.5137196399707123,,-0.7276929891946489,-0.4250031895730748,-0.20677672696487812,-0.5222230203317749,-0.3344134485677359,-0.5342809093896134,0.0029138242998265848,-0.6381394150286596,,-0.5934038090054666,-0.805721252406907,-0.23405303812125727,,-0.4164430947560917,-0.36862306330952604,,-0.4488647442507181,-0.27145397817574135,-0.32329179576997824,-0.5703522425849867,,0.23519188509599967,-0.26239161578162606,0.14234742113980375,-0.31112054549283386,-0.3163940135005943,-0.5207912861058358,-0.5399627287840565,-0.3427075997284466,,-0.2996093505037407,-0.3763519990719649,,,-0.26645723604422916,-0.3493294406613518,-0.3243053190848936,-0.4318257958870094
2023-09-30,0.14122959984382674,0.11745406525010847,0.10619159398448717,0.07356011226798204,0.1018401070746155,0.288500825215901,0.09907942933754411,,-0.0983449281983257,0.2725615769350939,0.23863349066601944,0.10999283017858696,0.026890438396644352,0.13461607501787537,,0.1340367942421361,,,,0.15912562771713554,0.13032485866079396,0.14656600266814498,0.1598631383682552,-0.013614931151453541,0.11402626897809749,-0.01826772013002557,0.12512272315275172,0.15894842505822504,0.0989981747846252,-0.01272646945270467,0.11488739187018325,0.12570300142375063,0.17499696846903592,0.1641229427646941,0.15477361166926223,0.14388782622948218,0.19248224116821727,0.0574450061702943,-0.049027346758165204,-0.06058481013756369,0.05223259783973882,0.16707725611987534,0.2823626403410502,0.14488890035916324,0.11129775449220428,0.14106815753342022,,0.13643324791478062,0.14867895113781945,0.12101019540822998,0.12002015195711487,-0.08537510452195506,-0.004015650284458354,0.16957738622841376,,0.11800321548822514,0.12995335665326846,-0.13214742226129544,,0.029447882576580216,0.06826593529748272,-0.03301561038468178,-0.0689294791702356,,0.31177810996790056,0.09009914578374026,-0.05630999803665049,0.1583430084694798,-0.02463711941531243,0.1793094571739174,0.02765939370855579,-0.19234797448881277,0.16368915663303388,,0.1228917160122756,,,-0.1617593261993165,0.13625514941313846,0.1550180208856028,0.04236697196307564,0.13113972201722482,0.0676311880927131,,-0.006626530023032146,0.13848679777321704,0.19450629913004971,0.1278385464327926,0.15305036065625277,,0.10527053583494726,0.14734123717667524,,0.30502536172926464,-0.10787312207541366,-0.24187944309342757,0.09799269265680212,0.16182965615932457,0.11511782746189948,0.04184949729748941,0.08163702763369166,0.3496427888865206,,0.11529202002959338,0.10106120683947908,-0.049108980854205564,0.009435936378807507,0.09588851774087402,-0.07218683692194997,0.1469916679004726,0.03778770899482822,0.11569320621833569,,0.10526891301587639,,0.012970717918777804,,0.17680936185374566,0.12378352329943836,0.4208378212596861,0.10375750568701779,,0.1567543695974687,0.04007681750376978,-0.27571824286551755,,0.16725278259138673,0.1947486904989838,0.13666589864491394,-0.015983587489169324,0.3359452241839762,0.09733868893396246,0.1107868933877431,0.1055447923366045,0.23591080078954474,,0.1500437134114793,,0.10466006359348717,0.04476331159079264,,-0.02145965011791678,0.08943945899165547,0.174493726459433,0.018542883097704698,0.11107365220716199,0.034286517911529334,0.23954228060684624,-0.0111442286490605,,-0.002929260173398054,-0.08942648386828995,0.15156333371829372,,0.08907341922635542,0.10023861421592482,,0.09596423685958232,0.13783873581402611,0.11155046091496723,0.018141864963872906,,0.3275554022106521,0.14998438231185449,0.29321481222239104,0.12621448745121744,0.1200846264691067,0.03739984707582037,0.03206436862645598,0.11349972790359673,,0.11182116450110004,0.09719619508957682,,,0.13996667684324485,0.11083676164603284,0.11658140095461143,0.09595529196942174
2023-10-31,-0.2503618465196314,-0.25012131121741066,-0.24687976444181683,-0.2676552246958778,-0.2867387663566689,-0.2697215219609199,-0.24196358473534849,,-0.22898084327372714,-0.3203937251543082,-0.32192662798108973,-0.2313075914669474,-0.293295726003486,-0.2775452604914835,,-0.021252075670008214,,,,-0.2886872086664937,-0.24608586473853875,-0.24921513541434398,-0.22288144445508323,-0.01747618028421104,-0.020987956064584656,-0.13322868891866368,-0.23923676213710693,-0.3057196906880727,-0.21970280970363287,-0.1143096420003523,-0.23728696360349397,-0.3716470908338887,-0.4332370817247398,-0.23067781973540238,-0.24990151003769603,-0.29367324731008626,0.04137824170358837,-0.13827076191406484,-0.3376924397248619,-0.15889702642996031,-0.25436256867488466,0.14394972531942976,-0.2611391450199033,-0.21367393097670082,-0.2517908102497241,-0.289705226062624,,-0.24009562181972985,0.023683508659802496,-0.21962351514162903,-0.22666059033466343,-0.1420914816792801,-0.1054419771441249,-0.24989825674708632,,-0.2561149329975929,-0.26632143181494183,-0.3183102926217192,,-0.05997792326935524,-0.2381868706510939,-0.09435238160207136,-0.08902640797107361,,-0.3455929980541885,0.00924708181511383,-0.09207353093665296,0.0339028791497523,-0.17647197854477728,-0.002827566545602847,-0.25611309595168374,-0.2755577720892703,-0.26440080748584704,,-0.21337586102141834,,,-0.2718435348731947,-0.2581847413754104,-0.2323160327574148,-0.03842554169734214,-0.2415795483858666,-0.2542493720440207,,-0.09182353607438341,-0.23025319132533772,-0.21787218205884362,-0.27888554156773493,-0.25135652066310005,,-0.2315367472604319,-0.22325972209907852,,-0.2535152245413574,-0.08978725383751353,-0.3339682081829507,-0.2401211851345941,-0.23910359161588696,-0.22899542560029335,-0.24694315080652585,-0.2496289783260431,-0.28642436271020627,,-0.25487818999360345,-0.24033099156293866,-0.1682121923073556,-0.24754552369241745,-0.2596125181845634,-0.16340338228268705,-0.2817199460133878,-0.11982147659560069,-0.19980636175928365,,-0.22629922941885428,,-0.42233983052972573,,-0.2691045175946259,-0.25634770743859053,-0.21203166286746172,-0.2665619081604865,,-0.2830080135986042,-0.2564933377311638,-0.46265328028936137,,-0.30423099905168577,-0.3060721465101348,-0.2654900496104425,-0.08574480601092081,-0.2940372204537412,-0.23977159707372594,-0.23220803505802098,-0.23151536563383432,-0.2919150666925554,,-0.30630501275778294,,-0.23929307249116763,-0.09691503786668015,,-0.05592301428648715,-0.2755089138384713,-0.2399239328188377,-0.4002314812877234,-0.24195506861383784,-0.2546746024912315,-0.25991386187052146,-0.20244275608452664,,-0.2975783059835515,-0.1307627672012443,-0.3044048530031618,,-0.3085050457159654,-0.22553369040099192,,-0.21799273615619133,-0.23318920939680923,-0.2831533892877194,-0.32727430560786785,,-0.3135271132889095,-0.2372788111736626,-0.31090336986597866,-0.22328748455856212,-0.2465688050920476,-0.26429236772091386,-0.1009924961743556,-0.2534416836351237,,-0.3118143287831362,-0.2290723709612425,,,-0.2235137202136044,-0.22984151321645716,-0.22168289700877228,-0.30313473973970445
2023-11-30,-0.3172514489003501,-0.2897509934051011,-0.2758368542202311,-0.29271874668890197,-0.3198943470397027,-0.568881056374693,-0.2788966529836818,,-0.17551799720804273,-0.5440133971241461,-0.4560437213939085,-0.2674210001329441,-0.26843933090640915,-0.3200520489096537,,-0.19540180081338673,,,,-0.36616338420625755,-0.3179392350589751,-0.33539777556388345,-0.3429023702644926,-0.07022036941494253,-0.14057112110103506,-0.1011225055395628,-0.30984090861712,-0.4000259116417446,-0.24304273197571083,-0.06201418452178038,-0.2812496775905763,-0.4845065635348406,-0.670914974627014,-0.35495381425993466,-0.33349851460042773,-0.38602830981848035,-0.11169691921024534,-0.15270662403424384,-0.34730043394607585,-0.11468270870838203,-0.2834559833286963,-0.07609073397606325,-0.5413323203365146,-0.32214183756778425,-0.27691519939650133,-0.3597684472111688,,-0.3078176886022139,-0.20187046839439213,-0.2687998317837837,-0.3018434637000215,-0.09756241869064516,-0.10141918174310444,-0.3461231370589873,,-0.297960693849224,-0.33239295753668113,-0.22676389069873165,,-0.07107580764745938,-0.2632757296083875,-0.09260205622772984,-0.012143774082198827,,-0.6696019254013358,-0.1209814269292509,-0.08241118203663307,-0.1800469514668424,-0.10913515634676707,-0.17202108076537906,-0.26720600618184337,-0.15547924202206967,-0.3774986798861633,,-0.2637641614275189,,,-0.14652455477736911,-0.30280891178972896,-0.3431739227367823,-0.09263189377723426,-0.29351304686740626,-0.28203373443276797,,-0.10433115633772563,-0.292939702871631,-0.30362176541793606,-0.3231102051463453,-0.31387128384767427,,-0.255175164697982,-0.32024032053877116,,-0.49804996050398204,-0.03443533140616182,-0.1908654482297968,-0.2569193944858048,-0.32847492375081555,-0.23996075936632322,-0.24740856249469564,-0.284273152680475,-0.6457791861866709,,-0.30079400390887795,-0.2613791827709155,-0.03870027897326308,-0.24273318659765733,-0.277499448403542,-0.15702637507654663,-0.34083112884982225,-0.12446124283432126,-0.22267270488104687,,-0.2501992473486342,,-0.4870242487634503,,-0.40207323825046615,-0.3058045311064874,-0.6719601110186749,-0.2766434971354791,,-0.34519949604877925,-0.2591995993541902,-0.32579761773885635,,-0.38860955236590267,-0.416164624941883,-0.3274188796402428,-0.06261859609272244,-0.6451172959160993,-0.25874598944287336,-0.2695669618628754,-0.2525467975362946,-0.5229835636400715,,-0.37733984975580104,,-0.27483418681017885,-0.12741679548439372,,0.11003594744139468,-0.2858233213377875,-0.3409141700065169,-0.411939903801141,-0.2961557337182635,-0.2556287096510142,-0.48767477002440074,-0.2318165366865531,,-0.2648232991897328,-0.05002348841589774,-0.38775355880602325,,-0.333061002816708,-0.2631948417457554,,-0.22166056193276287,-0.3088659777592113,-0.30815704790005183,-0.2527282007128128,,-0.6550136623172297,-0.3111392626127186,-0.5991595211822432,-0.2690180028266731,-0.30172279216667597,-0.26727657509844666,-0.11893631015095718,-0.2868372970475125,,-0.3486268305803595,-0.24982873261851415,,,-0.3127796255763885,-0.2513537037268551,-0.2883376582008261,-0.33032360715846065
2023-12-31,-0.10180535954505458,-0.0627201801802971,-0.10312494618275306,-0.10700322856906976,-0.08700486423824574,-0.11937819137238269,-0.12946917849725587,,-0.0704269928744248,-0.08441511802297799,-0.04145325457654035,-0.0946859537998182,-0.12710697160069345,-0.08063661294992393,,-0.15235563279087078,,,,-0.06245073733535932,-0.08605794129733739,-0.09307523450121123,-0.08732656891703902,-0.19058556200425725,-0.022784580191940646,-0.021125040914367194,-0.051231224071020154,-0.097450826420715,-0.09235099328757983,-0.11471012937338926,-0.0906894764620079,-0.2211896047772943,-0.24881586581827783,-0.07721726686849206,-0.05053409089186229,-0.11925520750689461,0.12139268198997621,-0.09293535136008489,-0.19754332175902276,-0.15031446929296197,-0.1318941137849663,-0.07206816393724139,-0.13871532657103766,-0.10552520263173532,-0.08989613638732337,-0.10136257671858548,,-0.0722086943980645,-0.07744362982500913,-0.08173018448040971,-0.09690482990819846,-0.15768171102084944,-0.06210780906002765,-0.09600992074619522,,-0.08615225522842004,-0.0930355422187014,-0.21994219564478734,,-0.10694049298441277,-0.14750303489402486,-0.11785317162316794,-0.10678147347918722,,-0.21541706581678083,-0.22026110967362295,-0.09687848259304514,-0.12744138516619422,-0.15138960631217488,0.08895583807853691,-0.1926153710760626,-0.12341838780291793,-0.10442934950064128,,-0.08549646749343193,,,-0.16161281453462206,-0.06177479214786862,-0.08130500881422285,-0.08086169499718737,-0.0898713691691136,-0.10285188977756553,,-0.0863510397324749,-0.06924250521548396,-0.0031329527347283555,-0.07576048003595542,-0.08046804962009886,,-0.08213696763113432,-0.08456146197769827,,-0.060106088194621266,-0.18563244421953304,0.060464570581888574,-0.08610767326951824,-0.11149795102324118,-0.06828537743544459,-0.11372367546163835,-0.11421940466203687,-0.11729456096489795,,-0.09525706511938115,-0.09219556849905107,0.06721006750426275,-0.15788618481777808,-0.08391504235211135,-0.1199453398752576,-0.06731598643087237,-0.07906091482250578,-0.06471371431013462,,-0.07622934595347972,,-0.2717143169339547,,-0.0712773821912392,-0.08557009064820556,-0.019250321671975455,-0.07952137966672727,,-0.10662280013437796,-0.12340792875674239,-0.4090623965527633,,-0.1139228355501821,-0.10497260796285618,-0.057878772233782676,-0.025529880868399652,-0.12900446522873416,-0.09293673943259523,-0.09083089374049454,-0.08694145171562315,-0.16854665608344205,,-0.0946638197410392,,-0.08593980948664239,-0.08717094814682669,,-0.05868328936598538,-0.047648935968110234,-0.08103111068559134,-0.22106060629676294,-0.08486797964903794,-0.12346583191127274,-0.11925728970977308,-0.1295465701329588,,-0.13138986673376812,-0.08757824929920743,-0.10774738241246032,,-0.10282260935468861,-0.10253170632030223,,-0.05815517851996544,-0.07562025557878185,-0.07649971555794029,-0.10463710539907718,,-0.13767265816375765,-0.06605430305456193,-0.16170494662391047,-0.07750755544565349,-0.0810436982155663,-0.11885155982808966,-0.09158839796644079,-0.08773727658247374,,-0.07020836021823637,-0.08788166959639397,,,-0.08585685904751819,-0.08301840558555418,-0.09053432609871531,-0.09324938282841438
2024-01-31,0.10645833872875919,0.14038942281356612,0.077691160746458,0.10735979578908814,0.16104605587573723,0.23279314547301008,0.05470685054659532,,0.0910163222809225,0.2894709266227948,0.3086218778374843,0.08503394214594681,0.06140268624416221,0.15348821829734108,,-0.031721908477087696,,,,0.19806985019263273,0.13675812537540497,0.14352109498496146,0.1438909635132416,-0.18829851673040657,0.10933841953777187,0.10620274446538347,0.17883943484487716,0.17500950836008589,0.0677863692815306,-0.11766278892400116,0.09765540971718085,0.06429207148830546,0.15649792725509612,0.16995912641629296,0.2027708205488102,0.11684610989223475,0.31139678552685424,0.011262271982758226,0.027671909660031486,-0.09321569167524112,0.06318343003300736,-0.045649512630075904,0.17174882224692475,0.10077703430611852,0.10061442756455617,0.14119825242154635,,0.14717620492237743,0.058055825553784975,0.10629682212889031,0.10237476506625089,-0.12214859162065268,0.029655617763614365,0.14727931714761908,,0.11908172117571966,0.1375867114795008,-0.09505819877547834,,-0.056995774248851896,0.01602898386359396,-0.0491470958083405,-0.0869584853699283,,0.16149854306770678,-0.19715005563937166,-0.029542252511140253,0.00021860486710024513,-0.09597821113203772,0.31726023310403895,-0.1047372089819113,0.003287314163782895,0.14566932818247855,,0.09733122619659075,,,-0.0909577082038479,0.16136262240347465,0.15749903380795374,-0.005894102972376195,0.11024610546079024,0.1069056897468992,,-0.003623409878840566,0.13811170871976744,0.2534880488355741,0.17917501744798725,0.11943210552361369,,0.09172134269041166,0.13178714390924112,,0.2509588250928156,-0.20465155422624187,0.3445196487725552,0.08953494155328566,0.10215438865880799,0.09922931357172309,0.06220717300785453,0.0906569518400142,0.2981016348615616,,0.11054436747749241,0.08214304471773344,0.1747168866059129,0.0010038451963569508,0.11355083271638866,-0.010715630179677783,0.17699103617770656,0.010133104839027365,0.08851504109415509,,0.09529152691016765,,-0.038576418741987105,,0.20839266256191352,0.12448173159576882,0.44770080005608376,0.11396340561159274,,0.12653313618688442,0.060645378549720096,-0.3155689851491569,,0.14283559498586204,0.17744084747149605,0.186648835747927,0.06335665177361209,0.2567207760663234,0.0795806024420764,0.08930882559323343,0.08091317859978446,0.1184338935098403,,0.1664021650707833,,0.10225207302841971,-0.00581174775793852,,-0.13463078113639718,0.21097903373286242,0.15809332156974312,0.013865959564325339,0.12145113781476634,0.05697495080149342,0.17615177057857126,0.04417811838475697,,0.05050835964640447,-0.03938094376441245,0.15009723874447897,,0.15313039928377678,0.06613507978625591,,0.148322901132912,0.13914929027899642,0.14053646457216182,0.09050712720938797,,0.25797341908994914,0.16469625015599393,0.17958724779834048,0.10741272179307251,0.13155614047969857,0.07180213758147927,-0.01906635364723278,0.11309476838626419,,0.17879159651028229,0.0802460768593377,,,0.12423306437609018,0.08709313656646087,0.1031587432820395,0.18390342066257706
2024-02-29,0.32540559298590666,0.36611164383939193,0.28149736238658957,0.27444732127470517,0.3541789201772884,0.5039900550053512,0.22640454606050103,,0.13959794988723798,0.5885866283882623,0.606755290934248,0.28043313175881157,0.22483931151273656,0.38133721961702294,,-0.028746076924227343,,,,0.45728649946053784,0.33953037113263507,0.34697499980596924,0.3451711493009595,-0.23831807185579418,0.1588362993517518,0.16163260654478545,0.3858834869928644,0.42518846299669033,0.25805213805225047,-0.01426697061009956,0.3013777089202426,0.2836319033600061,0.392378755789525,0.37622458904941813,0.42461204838820094,0.3644144844108736,0.38449180365287544,0.11885546164495496,0.12084335856032898,-0.05292537311018854,0.20217489073637138,-0.06171234414233188,0.4517908010518682,0.2886971045827378,0.31193513692606867,0.3773927456967228,,0.35835767005807573,0.07053393127411631,0.29889305700459723,0.29126481014933003,-0.10327578563358437,0.07843113988520146,0.3620113063254216,,0.3343571885537979,0.35163309858772673,-0.032287934723962325,,-0.028001452792161607,0.1661731436689681,-0.05047184668138385,-0.08902832628067701,,0.4649152109728658,-0.22549759371368708,-0.03610292524975897,-0.029078867756493425,-0.015492142534637652,0.3817035781301064,0.08979099631913322,0.023005342326872246,0.3700111057647864,,0.28613965859389645,,,-0.02190370792053158,0.3910998724977636,0.3604066664727499,0.011769306593764435,0.32172061531123347,0.2607748098631546,,0.02366664009622632,0.35079422153295625,0.4906890933913312,0.3846349687631682,0.37181081620840756,,0.29493117131672686,0.3340111551745409,,0.5788676264780557,-0.23765255132921637,0.35944479243730754,0.29167788487069113,0.31587971735798953,0.31781961646075035,0.2067948089481998,0.24774000420852885,0.5900692764454714,,0.3164729037436973,0.28547715060881196,0.3045794199580517,0.10803209573177167,0.3185370382163115,0.007555728894934755,0.42494909401045006,0.10181006563746132,0.2910360904121256,,0.2984434416386672,,0.17531022508569052,,0.44816502495619254,0.34232069107774954,0.743666288922927,0.3385752616782661,,0.3674637237976577,0.20169112318613888,-0.2759351079999401,,0.39786383169066736,0.44252899085851144,0.4128680604321676,0.09877584716697821,0.571739146530749,0.28019078698547206,0.289514733145553,0.28641940334873905,0.39242418635562976,,0.4161921598779065,,0.3017881292872524,0.07292999761032318,,-0.0430914050504569,0.38722605841074054,0.3804975291636341,0.21319880179329703,0.3173043741480976,0.1948419265375882,0.4338238734578987,0.09328816148624242,,0.2003575880739054,-0.01685761591239246,0.3975631407596913,,0.3430983895158528,0.254250813990778,,0.2976248949452893,0.3478962425861471,0.3755229488185869,0.28286177657446376,,0.5722776639615915,0.37548352221283404,0.4875070767135777,0.3139929940431193,0.3361413158518661,0.21791357634650707,0.057949838806500786,0.32163621913190166,,0.4273042990048745,0.27543251852011236,,,0.3245629581445947,0.2944605501918903,0.290179661057892,0.3549538975841694
2024-03-31,0.29169793902738733,0.298272068235313,0.24182836755665474,0.16338103795475226,0.2297830774565365,0.48105352313964517,0.17987905830338644,,-0.12253805942286461,0.519555312622608,0.5045298805712976,0.23562675952282142,0.11468790101013093,0.30680419505644263,,-0.04617219655059513,,,,0.3797410435743126,0.26658550673851744,0.27717383017819164,0.28761022415953746,-0.24984692863888902,0.054370271161734596,-0.03762657466774036,0.28248249070833287,0.35425019153731957,0.2203188078522514,-0.000118464206712654,0.2534732283114335,0.24034740007746422,0.2979255661001395,0.3021554546506073,0.3261022068731382,0.3314706335491674,0.20032857087670242,0.06779882303593561,-0.06559917154523145,-0.13916620755362658,0.09779829230796638,-0.018821953212913103,0.4810832551557872,0.24965189833076068,0.2612710314502826,0.3178285890178353,,0.2881769778551276,0.010044531718694863,0.2448797313339082,0.23490008935554718,-0.1908990489393219,-0.051441597374264535,0.3093360220925843,,0.27444226392038246,0.28008691608721564,-0.18399494254321674,,-0.07404910112016735,0.11897204759256658,-0.1667832574753416,-0.1939770600733519,,0.510541009380622,-0.15218634516723872,-0.18315954520043823,-0.06520466844996463,-0.05690027989623112,0.1675973245004798,0.13866511273436136,-0.25476635799573055,0.3176667293042978,,0.2391697692237979,,,-0.1756426830975325,0.31794082847895544,0.28837602892185216,-0.06895505305567269,0.2770691784203057,0.1414111591938523,,-0.09318746450887833,0.2924984121049928,0.39419304340432837,0.27097772840903905,0.35717284930051824,,0.2478130878508783,0.27974425039097256,,0.5948677631416767,-0.29506469331504337,-0.227036661275437,0.23926771643546965,0.2960176015178722,0.2816944777816519,0.10370128794906765,0.15194140922515018,0.5592565241420311,,0.2555510266806001,0.24113621407296842,0.07815321189707786,0.00853391216018749,0.243093314368213,-0.16533013504971555,0.3514482353428331,0.03513538066446891,0.26031896921787573,,0.24996144220484792,,0.1322542197721924,,0.36370730710989535,0.28300358938570014,0.6584744421378242,0.27872408672415017,,0.33299127592169053,0.09377677560650763,-0.3914780137030977,,0.36011077074404146,0.39925993271446686,0.3158372072567069,-0.0670606407398911,0.578952581753914,0.2341003783903299,0.24486297220773312,0.2493760933807451,0.4253684790760803,,0.3468905639505722,,0.24144081554030736,0.019428403513052406,,-0.011171874430592798,0.20948358417473803,0.3300779147020356,0.1297648885426764,0.24221018428118168,0.08492039445572792,0.4220234015274622,-0.07839109400567557,,0.07186391431754253,-0.16429623115003156,0.3404001062993651,,0.20980064739071466,0.215207910778817,,0.16913262905617238,0.28477505966281047,0.3018338597735718,0.15664297489438042,,0.568248374901172,0.2996964694932528,0.5220324980902593,0.270555342705042,0.26290578762328143,0.10125602831701498,0.005550915001581573,0.260118612678571,,0.32554404689708466,0.22795103728527194,,,0.2708016695045005,0.25729300690708107,0.2315279380522548,0.19032168768969143
2024-04-30,0.512413847394027,0.5070377156033677,0.46947785931709923,0.37649871160951026,0.4218600461069778,0.6801374077693768,0.41487844574928,,0.09957193587338536,0.682741274626401,0.6509562209738204,0.4636908826191684,0.3354338446278767,0.5043910999874716,,0.260806683131911,,,,0.5661311315698829,0.47845049633839093,0.48653307784447597,0.5055400765294514,0.10314850501530587,0.3131833092957258,0.19277789051191888,0.48257459379853934,0.546663437763033,0.45519701400559415,0.3097707387597759,0.4776742882040335,0.46025957457978856,0.4903815452585568,0.5105458041045776,0.5161429256348717,0.5468651150893745,0.4024922123861121,0.332493986994233,0.16476764866456298,0.15415817257943398,0.3284960030184945,0.3266822926447546,0.7008784517694217,0.4823375280059935,0.4798915518530823,0.5215364152025659,,0.497258348968691,0.30333871092843473,0.4686041991221955,0.462356242681461,0.11606458282312808,0.21193472013722373,0.5172999879563072,,0.4882965422275489,0.48799925975519975,0.08198483771946437,,0.22341718858020196,0.36717828076943876,0.12359387684594365,0.10248440670493816,,0.722851560729533,0.21099074649775976,0.10215696171806204,0.24196799786580378,0.2301333261222231,0.362278797727129,0.43091282813830056,-0.014833122847667198,0.5276759509987268,,0.4666784426384733,,,0.09708790032294107,0.5170691134065394,0.49922562093188527,0.21978443840047357,0.4963389812432755,0.3570803249572412,,0.18460903086197686,0.505662562090838,0.5708460399542007,0.4584748743285897,0.5747843948472783,,0.4730379327897418,0.49961713591247664,,0.7865073145011329,0.04525116634507182,-0.11040178983525227,0.4632132630117762,0.5208902930764505,0.5033634394566501,0.3335335525564251,0.37366070516013417,0.7375706896894882,,0.47247339811320943,0.4679246062656063,0.27508845035823126,0.2577434322440707,0.45591422611511184,0.10466496423674623,0.5436231117944852,0.30300858396290226,0.49143398790002957,,0.4750686912846021,,0.3818450288554053,,0.5550731620400997,0.49578347995798955,0.8093382374492066,0.48992631269824494,,0.5402742137189538,0.32243310921642915,-0.07286707820036468,,0.5614776913998215,0.5905275024892394,0.5074029238276899,0.1860235994711986,0.7723209425741994,0.4616884119352963,0.4719328323128407,0.4780025418836798,0.6540714255362612,,0.5394283812927008,,0.46318366579289033,0.2989996896470157,,0.2978447044919785,0.38328249381662605,0.5373792899891149,0.35573204392854973,0.4588062854125704,0.3152464527620809,0.6351602642133989,0.1671148138332124,,0.2963140886536591,0.11253408032722458,0.5402493511499356,,0.40006348511557394,0.4513579978011647,,0.37049005417644776,0.498718757314929,0.503408366130921,0.3572736071674249,,0.756774456613832,0.5027901681379547,0.7322753042278713,0.49348873186361775,0.47520865998420525,0.32555695512672955,0.28810477977632065,0.4749993764125866,,0.5119658001798858,0.45715866856239895,,,0.492616531347929,0.4838262324631889,0.4585845046678242,0.36898986860038757
2024-05-31,0.29550435794803587,0.29183874946478083,0.26671784543660676,0.1851760208091509,0.17858278883428652,0.4806119355318789,0.2295350058197825,,0.08042610159192946,0.3781389257344217,0.2895299843792724,0.2711324778569194,0.147179611516803,0.24148161749315347,,0.31233339239882296,,,,0.29911888380583096,0.276165936824687,0.2716171337030803,0.3294167899882963,0.262051087130067,0.32144460347519394,0.14674086515272272,0.28573019991360543,0.28749238985956554,0.2759358620316134,0.30874881600405707,0.2823422259914993,0.23430897237498516,0.2715059398331427,0.3230450206223591,0.27944847842873227,0.329736904321201,0.3429044435624867,0.2547442286168241,0.0838054345988047,0.17532749706425726,0.1850448911906023,0.506994293755095,0.5111264367098775,0.32753728074718463,0.2587264492511583,0.27668907498366213,,0.2861411496515464,0.4134596186321202,0.2778749815896398,0.29769502425582156,0.1877255851572273,0.2112912247917504,0.2803535366558546,,0.2704641132668981,0.26736313499923675,0.04323842773077191,,0.2334512442137521,0.21986322027434352,0.1780469980078814,0.13720748247941597,,0.48119984024955603,0.32675000646575686,0.18043021635820758,0.32724921373228705,0.16802646154777384,0.3031368611029006,0.3582693691740785,0.007348300348196729,0.3123571320725638,,0.2797492117498795,,,0.10432909897513265,0.2685905737018426,0.310386133500824,0.2627866797522899,0.2813766007986511,0.1843229581033111,,0.21721283402879427,0.29554135573839313,0.2942792108225553,0.19391948284226923,0.3428074878949004,,0.27467065780583577,0.31878473915512073,,0.5264011108243086,0.17910975475249644,-0.15298568317404163,0.26160159434047886,0.30550661645895966,0.2805281490098214,0.18107120842695182,0.1947548337951815,0.49269132930029624,,0.2630119505358156,0.2681806954021803,0.1493148252191138,0.14871539984974244,0.23965160292797513,0.16073205944269284,0.27993749768164433,0.25414030821691935,0.3011870358347572,,0.2804500600669013,,0.2573008869888235,,0.33163058800936324,0.2773786944530992,0.600192040034659,0.25352565085672246,,0.2711165734363645,0.16683685867645612,-0.015178829083207394,,0.2867598477569143,0.29754972108571925,0.26649191399872874,0.18596243450579963,0.5503069573031998,0.26539508139627893,0.2797790784171031,0.2791541358247065,0.4644717103083455,,0.26814000681120403,,0.2701820990170204,0.28616804709296356,,0.22222999094261306,0.12556232791448405,0.306822887151921,0.16152033144337877,0.27024322673494217,0.1678401701968344,0.44376161309771645,0.13715785192414598,,0.14011096358419373,0.1417404337423927,0.28498317014295077,,0.15009858362241735,0.28189911133889833,,0.14293921924018455,0.30095372119307917,0.25745383351256707,0.1021542647920594,,0.5207934686815493,0.2758603008196612,0.5037812694619491,0.2924111396235143,0.27090633942636094,0.16798588863077815,0.27950799675849824,0.25523039409421944,,0.25400353386343066,0.26958304192959837,,,0.31507169613737296,0.27787722707281215,0.29247338454669264,0.10225635264956251
2024-06-30,0.2565450598046093,0.2431180307992296,0.25319615027729536,0.2619655968199167,0.22618759822714993,0.3461252433064886,0.2747573056076351,,0.3557804663827921,0.24061655735704063,0.17008455256131041,0.26541152828422027,0.24188168994349574,0.21321995750310768,,0.5330342354376636,,,,0.21583119794543382,0.26960069891249805,0.26781198843621185,0.3076468243126386,0.5596732378626367,0.46999850110982355,0.35986685801233137,0.27034810538760373,0.22808076221200424,0.27068771833259847,0.3776698358087081,0.2641405964955544,0.25729312738797044,0.2991666375775028,0.2999798061920427,0.24810410592796864,0.2551963199201181,0.4409281735948663,0.3539615457560853,0.32728436624694923,0.4003883516842073,0.29993049327325966,0.6500556298170866,0.345205520705408,0.3204389086837564,0.23811821905724406,0.23218874224234173,,0.26144233836931086,0.5876074407583405,0.27319735458704086,0.2988727397894456,0.4363642511716773,0.40522133374290303,0.25711099566581586,,0.24493594012268624,0.25187752249540235,0.32187253057901033,,0.4311363565184691,0.29764784277268136,0.45232460899282106,0.4117595668143951,,0.3195297239984017,0.5675794432604201,0.4628860342578003,0.5814038871283207,0.3333059344296519,0.4440417332089805,0.32655638075459603,0.354435701082471,0.27253137223237006,,0.2778036456037908,,,0.33759256908772306,0.22390904963182884,0.2945517469260128,0.4709467888245368,0.2538399642422758,0.27804459761321365,,0.4385053853903839,0.26115355020336173,0.22543864788716736,0.21661428477316635,0.2384467296496839,,0.2548910327224864,0.29547112763928607,,0.27822766111731884,0.48762288454576747,0.288206354326294,0.24940325518618298,0.26966781299309706,0.2325553388897715,0.28251461026577723,0.27808070769239285,0.3371267658263807,,0.25385003027348524,0.25227116190189486,0.2507621143640414,0.31500876986096565,0.23762389985616023,0.43675073747304827,0.21404299278878414,0.3717322647744525,0.26339684272042296,,0.2576270433648103,,0.29242686968588827,,0.2699757154787861,0.24705027229004142,0.4022876867800805,0.2179521364229321,,0.21569162870019012,0.28132886143573427,0.35216594380297384,,0.2156358254611868,0.21255726895678692,0.23428759574472535,0.4014177599940266,0.34216671627754625,0.2540773649604902,0.2648481616528574,0.25346524079643007,0.3239938977467672,,0.2117847726065864,,0.26232168040874404,0.4091762392472631,,0.29833649514038174,0.21142454506046462,0.2618837638215974,0.23478230218092533,0.2723986172142947,0.28622190062498576,0.3267849287030712,0.3900814464707915,,0.25924892973702107,0.3945441113639628,0.2273704270464614,,0.2170422041532798,0.28203774370939994,,0.24106941001825732,0.27400510790594457,0.21354542351244182,0.17172665343497917,,0.3279214722407901,0.2549425148158814,0.3143858432933745,0.26244423119328836,0.2611417157066928,0.27781563533743714,0.40660126368075367,0.242290379100857,,0.20376546563622247,0.26219588754764794,,,0.2947124310494243,0.24926342007255242,0.29543922584112386,0.21227404077982653
2024-07-31,-0.09894465907364661,-0.0961057566325998,-0.11998128919001833,-0.19824290380863036,-0.18527839254524195,0.010078811038542622,-0.1684559455428513,,-0.35348993733070605,-0.014326790198304148,-0.05901688325522641,-0.1303261104467307,-0.20361407924376232,-0.12109787445086845,,-0.3211309156534383,,,,-0.06840424042315289,-0.13006343936332337,-0.13484456981932036,-0.11273967708815202,-0.3544563873333355,-0.2889850980037929,-0.3385362220915473,-0.12801975128811446,-0.07774869640891478,-0.1301121765027269,-0.16934236930021387,-0.11796595126454108,-0.10527649657267153,-0.08425550990174721,-0.11492614838286892,-0.12283685314079643,-0.048035663222179045,-0.30734616903268347,-0.2222563924810648,-0.2875796868266074,-0.29590546313461863,-0.21876032845066296,-0.26420815053110563,0.04543800442897559,-0.11925985577189564,-0.12027957607226679,-0.09153974349831015,,-0.11953684530878894,-0.28245538605952814,-0.1365594305285651,-0.12857644716366995,-0.3055255350302536,-0.30470599874973553,-0.1224334410973499,,-0.11372598092711426,-0.12029044141967644,-0.3094103700209247,,-0.3097370703474094,-0.18536334030028,-0.3579962065132093,-0.3686185841257255,,0.06264176423337073,-0.3154444698058328,-0.3625342069403574,-0.36338378358322415,-0.2599767760453438,-0.33044303120657464,-0.03851235464416485,-0.3866297221846312,-0.09293389641167239,,-0.1390871206665779,,,-0.2735772944763845,-0.10920183403849903,-0.1212675373562604,-0.32000224695928764,-0.11433217198996994,-0.21330978133011802,,-0.3198302801515881,-0.11309132807650699,-0.1176494863352665,-0.1723596046001112,-0.043329664437517915,,-0.1207262782623229,-0.11323203086317327,,0.0856739149599423,-0.3534845571970478,-0.5184502817733616,-0.12604567753139523,-0.10298282867231498,-0.10459694501498117,-0.21414753684346552,-0.20439342853491993,0.019959116064144855,,-0.12566770656526244,-0.12055971099337005,-0.261865565520458,-0.2548712880563219,-0.13574082940390317,-0.3385589978240397,-0.08554669778594323,-0.23853121735085767,-0.11276207498976094,,-0.11908832475066354,,-0.05856244493176415,,-0.07897913027189163,-0.10922971216358861,0.03380907875444146,-0.10832775723975695,,-0.09002247859482072,-0.22346443207345162,-0.28658279231413986,,-0.06886771535178626,-0.06252768163313395,-0.11749982507482437,-0.3382916263514448,0.08391418425092052,-0.12393682505479317,-0.12157100064430341,-0.11418256536577699,0.03497366517017227,,-0.08523173506253758,,-0.12765969521229617,-0.23681120295022054,,-0.22932528556702494,-0.23848732946961354,-0.1045997846695504,-0.13571058462285035,-0.13542949831438625,-0.225035897647909,-0.0073289742019465075,-0.3318022015148838,,-0.21474637604070018,-0.3404287325709136,-0.0766668069084736,,-0.19728393724949814,-0.1284802468901342,,-0.25520846920850854,-0.1141692710818186,-0.09906281059820393,-0.19583058324676517,,0.07144750842316543,-0.13059995598094684,0.07425042262278314,-0.11488130058348779,-0.12839628194624786,-0.21810793808391746,-0.23738516394854509,-0.12727313675714227,,-0.08968264606291873,-0.1289194951419633,,,-0.11471268867486098,-0.1149337990176384,-0.13347661463980154,-0.24875767469540178
2024-08-31,0.011036346744694824,0.012015598427194608,0.006136512531747587,0.021325952891486446,0.030080108515901417,0.0631163476600565,-0.0005117784467518961,,0.007837611518855396,0.08051993557788872,0.058175670962568385,-0.007019867708676616,0.04268590653698782,0.023507066525696594,,-0.1693061882958585,,,,0.043144484443974895,0.008599438704712687,0.008496022361168153,-0.0026513126904358086,-0.15936198558766015,-0.17351877730853657,-0.09037604439880179,0.00541878142382009,0.060574090281602495,-0.016026399531479565,-0.08667304378810933,0.00047972347227749715,0.12705259061912488,0.2012508488999287,0.0029432181902906843,0.007157414433826623,0.06126837461417314,-0.24548060373062283,-0.08227910180095918,0.10553148753440174,-0.05074349834392106,0.01713234701046192,-0.2881682212636457,0.058213120280089424,-0.009007039447568258,0.006724483117558113,0.0446100416165503,,0.001855186399962245,-0.1866187439044702,-0.017300839829248682,-0.0013573124172289583,-0.05584390570868577,-0.10333806813531177,0.00519145730978695,,0.014184704764938376,0.02444675346338825,0.0859140670114364,,-0.14894656681338933,0.001987566181430793,-0.10897499921423286,-0.12564158830748784,,0.13040741499393313,-0.19001996053878403,-0.10466874871250581,-0.21639778180800018,-0.05304548716022917,-0.2037884678192017,0.0521693162138793,0.05440842368634247,0.02961288534681467,,-0.023055403683370734,,,0.05605481609684677,0.010320857668121703,0.0023202906510879843,-0.15832520349620005,0.0006217602791012801,0.011501818376002287,,-0.11023181065310612,-0.007368649476553313,-0.032352857534949014,0.01932558117385407,0.01504794729730328,,-0.0074301784963437196,-0.005100180157257041,,0.038325461835888204,-0.10010359823015456,0.09211094071467524,-0.0009015932209047125,0.0006087463335195814,-0.014874603807989713,0.0067195458064541035,0.0059121710506534345,0.07358641482071636,,0.013602296762505923,0.00033256916853885763,-0.06946350399487045,0.011378286703105811,0.014159985853538695,-0.036737500802873725,0.03344390365932955,-0.09490754420451224,-0.035604277753687456,,-0.011181750708061737,,0.20401521296154124,,0.03727993961269935,0.015350432671474252,0.0226144561416863,0.018499998114972813,,0.030553669391156044,0.014135097833344287,0.24561685323404486,,0.05409267053141328,0.054220128753613976,0.020392005932986776,-0.125927578325135,0.09300124597642798,0.00012298663673867308,-0.004716042442604306,-0.007368506501159589,0.08290719497358541,,0.0555832255379772,,0.0017749120484008025,-0.10697150968773028,,-0.17727362536103786,0.009857499239551896,-1.492898650107036e-05,0.15387387001741198,0.006268551899666609,0.014175179076956874,0.048197684155549585,-0.017317743399282073,,0.053558420335070266,-0.08072717995184941,0.05894386279695782,,0.04748597636789041,-0.006890488319527665,,-0.0434851976535445,-0.0006425104727590687,0.03509573223372858,0.057935587122427,,0.10647427680968202,-0.005592862357254169,0.10068213582970156,-0.013990759795973758,0.00781840669887102,0.022419582187798437,-0.10295897661487993,0.00876489815026508,,0.0632912151962742,-0.008507334870081503,,,-0.004771733125527837,-0.010767479230588697,-0.007559032452528772,0.03277965227594011
2024-09-30,0.09779574880206751,0.10920561369067837,0.11621589412910804,0.13497866867413977,0.12686856255521342,0.03186943578362708,0.11054460451872086,,0.1901850247124383,0.06559724715427923,0.07367151939984813,0.09915548694565686,0.188166870623133,0.11172051933113572,,-0.09539116530884843,,,,0.11097055956237883,0.09251986285387245,0.08271118501409729,0.05989672982185186,0.00823697974848549,-0.09449218023067198,0.06417873341252317,0.08642544883257712,0.12579317089652736,0.09921636641250399,0.10522565049124073,0.10186950379220083,0.20727631558350892,0.22107441140080458,0.05968953274331807,0.07304992874726943,0.13974179886639448,-0.2215181970842606,0.05300596158034487,0.26335266764246695,0.14408246019675564,0.14074318703657396,-0.22826507496096263,0.04275568761773027,0.06620508240522088,0.11349556503874346,0.125620659097145,,0.08443807019651221,-0.1391459253380272,0.0796431590042848,0.08931593896614774,0.14980882467584977,0.0504989144788426,0.0699659768160508,,0.11234641439193029,0.10977884577700898,0.3099461513411755,,0.0024100815394465735,0.12932768804736378,0.060402388254631845,0.07901884371627148,,0.09400375941142558,-0.07055122736140564,0.0711894103716153,-0.16433163559360164,0.1388685141056747,-0.18314910832191805,0.2144342942689209,0.29030209362234954,0.09235370430412844,,0.07415490672959689,,,0.2999974016481922,0.0974904206159992,0.06659792886519254,-0.028434931210100725,0.09362764158408923,0.12598894212385262,,0.04361240538322272,0.07757963174804108,0.016415755130961742,0.1040565582434986,0.10003799533649232,,0.1030821906819914,0.0688135945761975,,0.01829251906285483,0.1245306127106937,0.30157338210006074,0.11343442257989693,0.07589541576594407,0.09601797742910036,0.14167447070438657,0.11684497179015862,0.00022144894259492213,,0.11204956284921547,0.11369071380370017,0.11443729601600408,0.16298099649823025,0.12506644224258914,0.13955168506471471,0.11189936628668008,0.04879674608048239,0.0736174840358618,,0.09903293933589957,,0.34278081829664125,,0.08366559849046097,0.10926252807336698,-0.11433974064961848,0.13003236319549644,,0.11115725471842404,0.14858046326466737,0.5470183762205845,,0.12382982128971866,0.10498419819487027,0.09918123554573577,0.03189274564531774,0.03295417476704483,0.11532666827579982,0.10067357512082979,0.10530912744255123,0.09955160054786277,,0.13050354854625662,,0.10748332208400073,0.03019612044457562,,0.049710524004114784,0.10889821455355815,0.06165500138709459,0.2970556579459619,0.102353772047767,0.15120959374596502,0.057112677269870696,0.12411698282267924,,0.21063312811589555,0.12517486086180393,0.13235747560327282,,0.15025995423691213,0.10416715625020091,,0.06388688282718234,0.0806905052310476,0.13700095753563124,0.21548199010897812,,0.05036525553492025,0.06895563499121773,0.07865690261577288,0.08295067453313927,0.0999566533506928,0.15622143274717912,0.04278738181930425,0.11083994008097682,,0.15689253007481918,0.10627288878578907,,,0.07423694974969498,0.0995229207572044,0.08630981752002455,0.12742250429049748
2024-10-31,0.09148526962094287,0.10580061123049597,0.11429085158009825,0.16244154572976563,0.1270489689663909,0.06335545506852489,0.1281180856264807,,0.35414059185511176,0.032534694097881726,0.005051100345681857,0.10870317252063359,0.20425129847531867,0.08456481271215292,,0.1188494319360845,,,,0.08120719908673651,0.108760389904177,0.09459512045624695,0.09721405382273833,0.25871314350101526,0.10136434191601071,0.2138195595398728,0.1130013730432855,0.10118949560445076,0.11310777123867174,0.2059122854285926,0.10988348423543602,0.193036164152679,0.23744762944265477,0.09487915554782743,0.07771416877590046,0.12619887212459233,-0.026398682226544002,0.14506773310282883,0.36701199115305205,0.29232435640770293,0.19755674419466304,0.06433408461174417,0.06001080439373273,0.11034185943109288,0.10285847066770828,0.104948054724514,,0.0938488251227332,0.12780873913800728,0.09728869423945216,0.12489699658423668,0.32882437625925776,0.2133603651791248,0.0664086519243183,,0.10766427119397626,0.11079464283351738,0.4128196070887607,,0.1611545277121785,0.16773267328042382,0.25851418841229507,0.2505692201824525,,0.07552841630878913,0.15132798758680457,0.28847851719076417,0.09307319750413315,0.2203454128495904,0.019787448682409215,0.2464523987256029,0.4647639502821602,0.09810521198440829,,0.09358561096693825,,,0.4224200690444194,0.07913574055153784,0.09846041884013065,0.16897588962569046,0.09095687470568488,0.16957532893462599,,0.22840668078019852,0.08416336356038871,0.0030696266015622477,0.09191770899326931,0.07297358567097648,,0.10621456990877844,0.09813347393201971,,-0.010708062414449456,0.3406553467229238,0.517704645622388,0.11424035477847104,0.07376803922953178,0.07909763752664427,0.18783733762435179,0.15250825072298727,0.01808639578593371,,0.11463878946999675,0.11376156681760653,0.19316160751487002,0.23576487719644235,0.12232691007548958,0.33932586531601255,0.08234017848505645,0.16245705911128877,0.08018212816420671,,0.10500638442405433,,0.3605219102529841,,0.09415335584114469,0.10508037471402365,-0.036346929593596186,0.10681673912405577,,0.07066214165224967,0.1946227562356382,0.6625688265850151,,0.08019039399984496,0.057026004508094856,0.0941095442596206,0.20636939270073376,0.043314962703209135,0.11774120673402431,0.10940615193742298,0.1044676423452892,0.10339421245161962,,0.09514146390226305,,0.11890828167573612,0.16816643882911322,,0.09819523693379312,0.1173496581066548,0.06094564941153372,0.2887305871325297,0.12407042707053058,0.20219339962741045,0.07927011639232893,0.27885973806613257,,0.24745948563865008,0.2938141346243611,0.10444168418374758,,0.14592038198037516,0.12560188722498158,,0.08530296246124014,0.09745370409825643,0.11159079025215997,0.18383709930319772,,0.052986895624036516,0.07422780324780938,0.06543124035258364,0.08859866053278162,0.11148124861464982,0.20159203651579763,0.17975590855038132,0.10585875548905378,,0.12906971489033997,0.11607382735734038,,,0.1037843235081204,0.09530722377353716,0.1211685198132548,0.12924740098170143
2024-11-30,0.03753100535083056,0.03334317082649858,0.02358087066568759,-0.0426050737295454,-0.044972635167182445,0.12222000611761918,-0.008494112643744528,,-0.14957024577264008,0.07677712612033753,0.028399489256796976,0.017581028698424553,-0.04702251299280044,0.0059520589034069765,,-0.06346783191807907,,,,0.04204847642058276,0.011372906460538498,0.006582606162142552,0.0319662942983442,-0.06940185943420879,-0.06452295992135183,-0.13012846178008652,0.008461159760409108,0.0378922580168428,0.02129130327633407,0.03428372370598155,0.025239253296367344,0.027999305118222115,0.03555554388391272,0.0254714362961414,0.006170658831577402,0.07287203091144832,-0.10123439372475447,-0.026948606806234395,-0.10168110156986677,-0.06945805674066226,-0.04734640847593122,0.013331202385004409,0.15786072656512345,0.03430736159977175,0.018128552023836626,0.03261482697851605,,0.01781736080388246,-0.032208348619210694,0.012334751590998822,0.02221788898125292,-0.06752352848060335,-0.08531707484827702,0.014733380607190618,,0.02183036915874122,0.014845313171832417,-0.1048601515686025,,-0.07097678864860565,-0.014130070182228189,-0.11070744897106839,-0.12057825622369253,,0.16291316095563282,-0.032512689814944574,-0.11536998679478776,-0.08892772319081753,-0.051170603710639154,-0.12337395921522878,0.1181505798490629,-0.17062783416194205,0.039149269644873516,,0.012605233922534138,,,-0.07177513508499675,0.017449619672257794,0.020904942939860817,-0.077592942494636,0.02506463619809212,-0.051175453481774595,,-0.08743162378685285,0.024750364512692472,0.004104417070987042,-0.037272242708975584,0.07732556604651937,,0.022725978046956374,0.031033321021379092,,0.17140637749385262,-0.08434249696941093,-0.3305534189886759,0.017210182000947986,0.037999927020553624,0.031698433252462854,-0.04570373164886537,-0.041575259230649066,0.12064438675763782,,0.014777082652735135,0.02287392060105694,-0.09691790117643906,-0.06638286750900015,0.003429942086410825,-0.10834342060993812,0.03114836832244333,-0.0360006346851217,0.03326877827951683,,0.024387417435345067,,0.07626527502693636,,0.04209129118132467,0.025112100580672175,0.1299697636605589,0.021755419344367085,,0.0340123128965952,-0.05380298041389045,-0.06979018839993367,,0.04724426067021026,0.04798035066004909,0.00879363278701825,-0.11506698919904632,0.17590579358341232,0.02075760949946411,0.02382773604387346,0.028985891685434032,0.1497584341603412,,0.03048720979102357,,0.016445922171373615,-0.025437626753457617,,-0.017934085807424727,-0.0943810478007845,0.029033378255510132,0.0027057821899679683,0.009365933405996892,-0.05385893518632014,0.11243321806851908,-0.11827686700063604,,-0.05285822920016515,-0.11019086066787896,0.04161335769663028,,-0.05671756609442227,0.023973826399630114,,-0.09115258343205303,0.025380943600357305,0.024069144488814424,-0.05727426692740756,,0.16221690159819796,0.006519825755166616,0.17151116650016623,0.02754540327029817,0.011876635055519402,-0.05208675561350872,-0.025209121616020756,0.011624695748238082,,0.023219007817354077,0.01874825396004256,,,0.030515222030623602,0.027271813914134555,0.018095379374995575,-0.1011249831960984
2024-12-31,-0.06997537224840158,-0.08002983734089844,-0.11902244085699604,-0.23866299868154844,-0.21700938070899814,0.20365068528854585,-0.18726624098563896,,-0.5087953994368604,0.12883409435035198,0.016759688081546868,-0.1318052129744525,-0.26843504832760456,-0.11630226897415241,,-0.35259827300387325,,,,-0.02114015765389409,-0.11532895617751963,-0.115852582446621,-0.06663319469712091,-0.4551157753844079,-0.3359765210246849,-0.48051237415467507,-0.11442274811838503,-0.02550485414136288,-0.1373718154490945,-0.2284976496602281,-0.1096223634089927,-0.05126598822980442,0.040400653519244004,-0.06857633495505959,-0.10127222641505614,0.02030518587753401,-0.3573544705040863,-0.28013626548059595,-0.373656427837708,-0.4137517697951895,-0.26594445352864854,-0.24871781877854365,0.24945449884746693,-0.08068292887758712,-0.1221609147260484,-0.05732197918438372,,-0.10219725186371492,-0.2732773581394529,-0.13596321340503312,-0.11055039794521647,-0.42734267523393454,-0.41388676865443336,-0.09272357926544672,,-0.10457431637671125,-0.10294597622095891,-0.45171065060216214,,-0.41287781237191623,-0.21677745657335093,-0.4900051637366864,-0.5417076489607123,,0.299438731643676,-0.36018364055370694,-0.5010550993164601,-0.3995319214361455,-0.37136477929428563,-0.38276265097186785,0.003105515909413637,-0.5857170397022257,-0.03922395005914017,,-0.1390699260065958,,,-0.4154450491846352,-0.0981703108551552,-0.08417812789074576,-0.4094223989043356,-0.10081955068609226,-0.26024230126796477,,-0.42756948902134556,-0.09501194668865737,-0.09589946812361283,-0.19340677377218937,0.010969907166771483,,-0.12371146424016079,-0.07821444525408627,,0.28877106561916466,-0.5031601834505396,-0.8050836392229473,-0.1346793690532121,-0.06541032292467051,-0.10629578540214912,-0.2732844457988856,-0.2432338069117875,0.24557632731805745,,-0.12021178353911048,-0.12408550472092096,-0.414491565093614,-0.33445611732241115,-0.1489860517721389,-0.4615792055993899,-0.055375094586065696,-0.3096299557795398,-0.11310367800641427,,-0.12138426322789694,,0.00243586862801856,,-0.010574632083287286,-0.09429163992199649,0.30798331320757405,-0.11156972095139069,,-0.05899240177352267,-0.285840834654519,-0.42516682911529036,,-0.016192382613747464,0.004498529093729728,-0.1026918751358545,-0.4755434815807144,0.33976440610435993,-0.1300603700280296,-0.11812765790722314,-0.1147855466562702,0.21280189624891785,,-0.047930493914031175,,-0.12833351141275795,-0.29432561163932963,,-0.376693962855321,-0.31042821898619616,-0.0642247069472208,-0.1429331898954997,-0.13142817893229672,-0.28888609166815393,0.14440134590556164,-0.4356081769009266,,-0.28802841021789194,-0.5011957462392486,-0.028373563937479303,,-0.2382452240523916,-0.12754390647324748,,-0.3385380077939957,-0.09006950557710929,-0.09075743091459257,-0.2814593301188433,,0.31685833227088983,-0.11677555744603596,0.2978141093169679,-0.10506631723934434,-0.12076622196933237,-0.27774025264045205,-0.30063129733219307,-0.1289930804571615,,-0.07123569355039681,-0.13699922690851443,,,-0.08388144753363733,-0.11605285742239922,-0.12230070348948528,-0.31587034511270706
2025-01-31,-0.22301504422885587,-0.22981308062672468,-0.267336762163502,-0.44826271096283704,-0.42678226427115445,-0.00461667236379701,-0.3647665208497625,,-0.8103764994611754,-0.07009365494260142,-0.16785120047852334,-0.28790432844340297,-0.46267048393359794,-0.2816601912513674,,-0.6373314030766167,,,,-0.17999084356374848,-0.29761236114739925,-0.3052933991087632,-0.25611019633629,-0.7082836208500718,-0.6030885778900262,-0.7461497100043991,-0.30360176211181467,-0.19813057785453636,-0.2846372067456113,-0.3421193986815673,-0.2651901967119984,-0.25178883267116003,-0.23354613299374685,-0.2663038347155698,-0.290631032647117,-0.127776530363941,-0.654681370972873,-0.4655150713557948,-0.6637058741088623,-0.6307481083099232,-0.48704234601818575,-0.4915147178882318,0.08268954478867158,-0.2627793786038074,-0.27137057007284426,-0.22054640381725055,,-0.27494656162664355,-0.5732679283331436,-0.3017205996530225,-0.28864802398584855,-0.6507885651502748,-0.6546392792515322,-0.2737961039953205,,-0.2620975938052031,-0.279539100789997,-0.6964369849737689,,-0.6304744119164463,-0.3999323789625049,-0.755880953623223,-0.7725318141852283,,0.11557696805071542,-0.5956646465375933,-0.7765241293252031,-0.7209235821213466,-0.5430342639037137,-0.715178513597897,-0.08591553217287923,-0.8897312479893806,-0.21852083561817065,,-0.3036784018860051,,,-0.6246195525523477,-0.2563348478515637,-0.27839984325641276,-0.6608696589659888,-0.2562496628583785,-0.4799592632421578,,-0.6796068008680929,-0.25721790064738165,-0.27375752713519486,-0.3954922475722604,-0.10699385579158577,,-0.26987092756295167,-0.25618328637621696,,0.16087921001496575,-0.7315859637683582,-1.25793068299673,-0.28308741345908134,-0.22444621487705674,-0.23313902747120652,-0.47676260822601896,-0.4533748201380709,0.013658389833857091,,-0.28604119811218465,-0.2696149894768087,-0.6072266647894637,-0.5577547892573981,-0.31150419439586624,-0.7457441098990917,-0.21185759419670958,-0.5023002154275691,-0.2453041083195813,,-0.26670775496711974,,-0.17278608607006193,,-0.20199780054261882,-0.25293901191058316,0.030964766447798355,-0.25237725720759524,,-0.2069744999128304,-0.49758261393678443,-0.6626626380396164,,-0.1684978629448983,-0.156712563476336,-0.2817361546475504,-0.7308089490118066,0.14960571014160762,-0.2769878149650382,-0.27082156789655204,-0.2536179703991526,0.05881715673545539,,-0.21208330000868905,,-0.2889779093155534,-0.4931074719374323,,-0.44461590899497,-0.547611797833343,-0.2371792875282334,-0.33230178263729737,-0.3094527601074371,-0.5016106441415399,-0.035526767855120316,-0.7313978022776881,,-0.49317773119169633,-0.7367527122697648,-0.19154049410456128,,-0.4557487923967581,-0.28283975615501306,,-0.5582774420038447,-0.26175357226290213,-0.24017885378410062,-0.4543806941820972,,0.11957751911830039,-0.29721390034402223,0.13719755412643705,-0.25559750513524415,-0.29472694941795724,-0.4909287326043452,-0.4948148609745624,-0.28890461729531497,,-0.23402526009631408,-0.28637844439398086,,,-0.2592674897247998,-0.2545367038773002,-0.2985206588172427,-0.5656743895395188
2025-02-28,0.17049204087224865,0.1789752940480235,0.13649623372615335,0.026815896331532172,0.05902315965159641,0.3187747673163141,0.06554580564556287,,-0.2143604753747055,0.3070759267789476,0.2659923772233948,0.12573468363749216,0.0054438164592072345,0.15141959522364606,,-0.1458520296141248,,,,0.22482266074205431,0.13053825355238174,0.12719976583795994,0.1541511326509636,-0.23670062146106632,-0.07141627907775196,-0.15597335456374214,0.13971970746418785,0.20160824256819185,0.12397820163964467,0.03345309074258793,0.14268636027175222,0.12034960187582758,0.13799931396035564,0.15529515142163702,0.1568419330164116,0.22601822113194905,-0.03173913813796842,-0.007874274741830464,-0.1535945849824494,-0.15173858808323387,-0.015083531301589305,-0.055223288470601976,0.3579935121788791,0.13701656844028634,0.14259853339729928,0.18020000819364526,,0.15023725254526082,-0.08432494679937173,0.12325229545590645,0.12391705327189384,-0.17655644523923633,-0.12507264375002042,0.1496698834740986,,0.15137147870859127,0.14232471252778275,-0.20288719787285922,,-0.13256900504122285,0.029103583923674826,-0.21794673623272964,-0.2292226331301533,,0.3662836267647014,-0.16754353646556666,-0.22674073949243737,-0.19025260761465645,-0.08741853300873159,-0.07580937899379528,0.1835074664320657,-0.294717011408348,0.1783412139683162,,0.11957679905993385,,,-0.1516765135323534,0.17053163772315233,0.14520082662697734,-0.14195968643890777,0.15294344395156803,0.005899448745217713,,-0.15455691877799907,0.1604641008765203,0.19103325590080583,0.08656154106566172,0.25013714947195115,,0.14110376177477582,0.15333560844360677,,0.44386046914261484,-0.2517104531162724,-0.42464324949683263,0.13201573178313147,0.16724278723576902,0.1710505951672158,-0.003937849661422663,0.01850523007777591,0.34661526054621045,,0.13240322803263876,0.1376978065551,-0.03271903692286421,-0.07809263561161228,0.12015526637826117,-0.20852500172849636,0.2006716690488049,-0.03143597783444156,0.15899649741247032,,0.1444092924249739,,0.12705946416158054,,0.20586050824778435,0.15805833497433058,0.3975320360318457,0.16002387680458943,,0.18880564226877394,-0.018746376838319548,-0.2718342853821544,,0.21376284185861918,0.23074442348739518,0.15838740590890737,-0.15899776405768068,0.41801977354664016,0.13214629163397942,0.13758668695395662,0.14852946313012072,0.32798784765525196,,0.19383269662473268,,0.1292914012069482,-0.03410093239296643,,-0.009331880594704668,0.0025289088513362977,0.1762602068471697,0.05734213117907914,0.11925863932307791,-0.022900577481177426,0.2898973357776149,-0.18211812872752853,,-0.020498330738130083,-0.19656097457039162,0.19921140716167707,,0.037086778591031294,0.1213171978305127,,-0.01831030342420791,0.1548046963466856,0.1731297029487863,0.02762513210377575,,0.39935171827120597,0.14280026246782446,0.39210363715600804,0.1539473006802909,0.13270229050746335,-0.011983826354559385,-0.03884603772370188,0.13396433041624933,,0.18493887319908353,0.12659052771141613,,,0.14951397762430868,0.15074567977566874,0.11955113827453588,-0.02132626755982925
2025-03-31,0.1513266742471402,0.17711039756870958,0.16965638609395917,0.1301892664270781,0.10985620753032825,0.06595185022886563,0.14351246949031923,,0.18365065628803062,0.04979299924510257,0.06572849963687222,0.1699655159568905,0.14783536037026698,0.13291020021376743,,0.13344984966231002,,,,0.13750189333932566,0.14236305696906523,0.12417340342683184,0.13880034916944545,0.22570187242244427,0.18953517820343468,0.20324354497102126,0.15464417227774882,0.1145848458524429,0.18661447593059424,0.30728431231839287,0.16956399572779057,0.061536266152457525,-0.02181432361067773,0.13036573664564727,0.13092664021280392,0.14680950224261033,0.17708149021256842,0.20738069936848136,0.10157371065009499,0.22784550104711235,0.13528974185847986,0.2461501222783974,0.09799386981655828,0.1499949943339049,0.16562316401538546,0.13142792855239088,,0.15092404171657806,0.1717588396454647,0.16528621628798365,0.15933504938350906,0.2463582211114599,0.22164731622697856,0.11502958007968336,,0.15976477134666067,0.13670375379831948,0.16897230375322111,,0.21840438301589404,0.15473689246920863,0.20762386668663835,0.24296528051275423,,0.022554908403765783,0.18388804913157666,0.22399611434015143,0.12115196637450681,0.2220504366442315,0.1376698447990531,0.25428447203240323,0.20044733236228646,0.12297378474631138,,0.16579062209670106,,,0.2492637187839097,0.15222830674698076,0.13344082497645135,0.21111796446930714,0.157841695855696,0.13267094706274252,,0.21642348808080322,0.16087546485999496,0.13407819731699833,0.10562475050532849,0.1800298519890261,,0.1823061379889662,0.15091036157209944,,0.1287159347400097,0.2621796924054855,0.13946555139763334,0.1793192792403881,0.1376826517116687,0.1917119363545171,0.1566470725822763,0.12983103364911341,0.01274680753604691,,0.15319903762007375,0.17912119077081134,0.275969125667375,0.14788251087132676,0.16298170315729069,0.20161215950229988,0.14209929404173716,0.22402185974598762,0.2019820156122315,,0.18700077205137144,,0.13110183602382752,,0.11981506427368291,0.15731118138678787,0.012236600024174269,0.17257831372981772,,0.12816274176557044,0.14489570238363278,0.17127492995408475,,0.1162678933515466,0.09800890406502927,0.13933300832372683,0.22839367233450034,0.05511125715900117,0.18002439544701823,0.17431102072104943,0.1861309183944321,0.10819890747775265,,0.12028378946721076,,0.1709232778071574,0.22843592993371648,,0.34174198986057136,0.10108199452308676,0.12930950943159467,0.11141318859626989,0.1569970113233805,0.14887484770627687,0.10581905027773707,0.1370796905946996,,0.1576110163843228,0.24957684253477908,0.1217043652230629,,0.09733820930049879,0.17925090743035746,,0.12231682352798866,0.15543844752492797,0.16058091086742957,0.1499782660274691,,0.04202331461384648,0.13725735955943344,0.0745993176656825,0.1740886625680545,0.15322545869671972,0.1453835214527579,0.2354116824946644,0.1575969157381065,,0.14683207338613447,0.18373864222511102,,,0.1557726807734622,0.18383594541808015,0.16392337783005237,0.06612299011376568
2025-04-30,0.1978681017145766,0.1984384003954831,0.25387065296986133,0.3070050693521991,0.2281580430810769,-0.025419983111288475,0.307865867020853,,0.6113385186418101,-0.08770057711991491,-0.06754160784554498,0.26597716068841076,0.350256819903121,0.16580198128968796,,0.6121434218309763,,,,0.0905233342545671,0.21955627620322984,0.20246443083349075,0.20682817229605904,0.8415738670656101,0.5291001917606092,0.5765542179920121,0.2092615706937083,0.10127238990232054,0.2911103704870226,0.5875307840824581,0.24569297950605504,0.16948601879661676,0.05784231871632224,0.18625186938871524,0.155612838095464,0.13918863432035095,0.4057083029494971,0.47828897647626234,0.4886235428323847,0.6763710810369621,0.3776068365420996,0.6875026111044021,-0.00986905268667861,0.2517777318817991,0.23152713761154092,0.14931718532366914,,0.20385295579452548,0.5837095884888064,0.25970792805617937,0.26372951822814167,0.738654474368251,0.6087067481740934,0.16883171860662027,,0.21433169688533568,0.19671342035608536,0.6354756003006364,,0.6516478532705686,0.3719626411115026,0.7214635607003621,0.763170513866167,,-0.09585159484377988,0.7472013547666467,0.74188342454665,0.6478479572767318,0.5905096340867991,0.40592045558574985,0.37833202036059943,0.7263512292717731,0.15640896497168366,,0.26823789918623947,,,0.6706789738189631,0.168566732958266,0.20033716498746387,0.6506325069190911,0.21759472007242725,0.334108089361782,,0.6532707680451028,0.20728419938217432,0.10396464284234311,0.19042827265813117,0.14321676067987388,,0.2579361876593936,0.21867567876731356,,-0.1073919636974923,0.8674205389081067,0.6454827145943206,0.2617951795069229,0.19429945058670037,0.22979303858563582,0.3821170726581247,0.32579865632360455,-0.12563904633433448,,0.2310768186630209,0.2600381853701661,0.47286981845869536,0.4718141344033992,0.24430688772542286,0.6873320770333807,0.12293135018338458,0.5219953386661325,0.2653728552706841,,0.2593064536814205,,0.27446116928707065,,0.10692690450078876,0.20500993484035965,-0.19666407767239735,0.2105967347092821,,0.13785080713730577,0.38411769334266677,0.7799320855548689,,0.09846311517530486,0.05347852744728938,0.16226713716006733,0.6330827836323941,-0.1339131935354535,0.2673353823842332,0.25786192838488,0.2580412207367757,0.03601178471418656,,0.11065801485300378,,0.2566534008907581,0.5476481634497309,,0.6370951972027028,0.24851286444998597,0.15690262243316672,0.2806182809992426,0.24955615573067316,0.3945537802515825,0.05011094178687315,0.5673776582722513,,0.39219184090335873,0.7172624819390835,0.11822054887605496,,0.23479196638983077,0.2909753741900147,,0.3198959422579883,0.21132800424014775,0.17679444610621012,0.2971662064301232,,-0.13553735075836057,0.18953726970400925,-0.07694186393851081,0.23640809566959034,0.22657862344494983,0.3733865235232324,0.5618513029686819,0.2289192604873927,,0.136387363916247,0.27867798151113227,,,0.2288992694212302,0.250401873454146,0.2705730446518252,0.24557553162140733
2025-05-31,-0.20721895974630683,-0.21703927848076895,-0.16117348814956403,-0.14596510308956795,-0.19434435787493293,-0.46763656181113705,-0.11914876192698719,,-0.004023747653344313,-0.4752213826623656,-0.40920583716687736,-0.15000531185378074,-0.11867118474132782,-0.22368968737997139,,0.11719798944639463,,,,-0.30687547998284226,-0.2054418676564196,-0.21231525225158332,-0.22591155629747273,0.25978313718227997,0.04821321459370823,0.05829961660443583,-0.22520885790503234,-0.31132232389297776,-0.12755528263478866,0.09081593854791675,-0.17318185716522064,-0.3030930806154702,-0.4768386815838766,-0.24556160635877897,-0.24878650492264184,-0.2949296605904477,0.0002923392217282133,0.018962718957777548,-0.1202520369866741,0.11232653084722023,-0.10737747406818017,0.1874946770474809,-0.44259578530847365,-0.18867055281590106,-0.17291154045581608,-0.2618946099149616,,-0.20940626679399255,0.04704251592580236,-0.15357783494284716,-0.17896303295743812,0.13953756709911247,0.08300284292968178,-0.22281743992667427,,-0.1991296156126746,-0.22387019672565453,0.014247729730986293,,0.1668232805844983,-0.08572816648588236,0.15989453270931467,0.22841362288610748,,-0.5298617340863757,0.2392784831298585,0.1521643239650375,0.15148765999924657,0.10179680634860473,-0.033644701085423175,-0.13814024245869466,0.04579890616347772,-0.26535757983983105,,-0.1426467476235984,,,0.03408941969396479,-0.22274563077340007,-0.2299153488403823,0.1386712739288609,-0.18576826025748855,-0.1290613656429856,,0.10995231874067103,-0.19791934092987343,-0.24551479545982927,-0.20641133885441704,-0.2467647348737677,,-0.15384200327574243,-0.20845443263519683,,-0.47767867421881843,0.2552758304190256,-0.09016422758501734,-0.15314886231303745,-0.20197937876171235,-0.15605625760595368,-0.08948664921393384,-0.12321015530055021,-0.5416593661070486,,-0.18884171150162238,-0.15487796449686334,-0.004120275939959616,-0.03547947016857835,-0.17501861976594524,0.06639856895839456,-0.2706337074273704,0.04458810280925771,-0.13068644862597129,,-0.15321132779476565,,-0.3203661149609034,,-0.32079139797567774,-0.20839253809202743,-0.6195697955069766,-0.19182243479521355,,-0.24040828576560566,-0.09121365115039992,-0.003196587713103047,,-0.29021843408722525,-0.3226014931624498,-0.2468837672929355,0.11095293157519681,-0.5677811242552028,-0.15057322896539174,-0.15952845342756847,-0.15076961633461905,-0.4120570707196663,,-0.28985889388946895,,-0.1681878822087578,0.05441593707274991,,0.25365373933560154,-0.16560341164894007,-0.23511191581957,-0.24396309241827807,-0.1850661543094192,-0.0874574860369497,-0.38735831929569126,-0.0007354022391118526,,-0.11226930925734523,0.1491596740275837,-0.29296399190622996,,-0.19618198324467817,-0.14080586133578857,,-0.07207360149381344,-0.2083529186261595,-0.23178204653343581,-0.13558553734210688,,-0.5706085440885127,-0.20898333216120588,-0.5049509729897993,-0.1679895588116195,-0.19660180621153997,-0.10759039759693874,0.06310972350242741,-0.18062773411457575,,-0.28723476292206174,-0.14083996320595155,,,-0.20087599249974722,-0.15105903002900134,-0.16797717315393537,-0.17303739953920877
2025-06-30,-0.3208729178775631,-0.3515751919372552,-0.3183829329770837,-0.2811344938185417,-0.25902422492000754,-0.4479629874684399,-0.2682942941727901,,-0.335683820948951,-0.3782495090297059,-0.2876612946154238,-0.3017043636656788,-0.3155716202632016,-0.2876000871805279,,-0.07505285932077717,,,,-0.36001176636694404,-0.3099108629644289,-0.2853223040663308,-0.3227754882833505,-0.18585664917929717,-0.12601318791727328,-0.19011350526420115,-0.32876026854503526,-0.3656412533057549,-0.3065688064727637,-0.35951641602251916,-0.32113470506988406,-0.4143246481957942,-0.5074196307379797,-0.3208441346006555,-0.29155059555970625,-0.428125889889957,0.01312765883529997,-0.230496308914874,-0.40444396733914556,-0.303182466544074,-0.29359445142485896,-0.10621693683521208,-0.4791545648348356,-0.32421963232763085,-0.3068482928952673,-0.3485032042505634,,-0.3075101962466084,-0.16567931148420775,-0.2848935018979388,-0.32962156506671975,-0.3360135016901707,-0.22269912451384333,-0.2647664145859319,,-0.3248457804580349,-0.3219454296149093,-0.4152551669425811,,-0.13622043301982723,-0.29115073746803044,-0.1971157898200281,-0.1664911420337841,,-0.5033446050896381,-0.09656828257879534,-0.23583783684235596,-0.0016076276277962602,-0.25136089509323034,-0.010182844283101537,-0.5614443694133198,-0.4120764284665731,-0.34270367632690724,,-0.27584935513756453,,,-0.4860540978777382,-0.30158413293926745,-0.31439547075129276,-0.1475805013397328,-0.30251716968303755,-0.27309456514696545,,-0.217807628883301,-0.3031845543817002,-0.21618934002756623,-0.23464961347014093,-0.37272476278533734,,-0.3127440095566095,-0.32102404203020274,,-0.45762174671097716,-0.2805159044518381,-0.3708147555545383,-0.3143491864565522,-0.2927891559754344,-0.30036111635958695,-0.28846682704748666,-0.25944710219995015,-0.41073049176657217,,-0.316605410033087,-0.3192764267046677,-0.2740604194795448,-0.28493792507370036,-0.3136744103648479,-0.32560346704271503,-0.33584346427665307,-0.23555130536457314,-0.29410221691861416,,-0.3150946278292536,,-0.6680578386489388,,-0.36834492494516774,-0.3283737818990376,-0.4018547283373206,-0.3282684179025901,,-0.303087493026263,-0.2829130873585223,-0.7031209178351179,,-0.34291979307490766,-0.327213249667305,-0.3143084942863955,-0.18026199857829012,-0.5188936014601376,-0.31968145612144216,-0.31499430594083533,-0.31680158916157136,-0.5063217847405151,,-0.34605340034486837,,-0.3210389738035393,-0.24598955715105075,,-0.14591809167519032,-0.18888084343794082,-0.28536175427549654,-0.4865791257811515,-0.32094981245473947,-0.2904962588566689,-0.436832910408173,-0.25779352720588333,,-0.35528753117420947,-0.26382048038987727,-0.3664338609043365,,-0.26243278444484014,-0.32365353652878187,,-0.12164609680030987,-0.31890021430751075,-0.34923506264627746,-0.29926353617792617,,-0.5118844251801734,-0.2709400038536916,-0.5165416629398002,-0.30167857349431515,-0.31479957663338975,-0.30021329291988913,-0.2572037948573781,-0.3038173667188707,,-0.38752821669238485,-0.31303579610464477,,,-0.3250234252678694,-0.30526075797404995,-0.3194266034023663,-0.1795864429053945
2025-07-31,-0.32875075740344717,-0.3532237683942213,-0.36575177249523005,-0.2694181370465587,-0.1872240269637837,-0.27164987586876116,-0.3125456743641909,,-0.37753471304626707,-0.1455951901489076,-0.05797531612594767,-0.3438141118572029,-0.35547393034456576,-0.2424606884844474,,-0.18439665426060123,,,,-0.279898229396147,-0.2848108609792498,-0.23974085391335628,-0.2879234874204439,-0.4983546147346076,-0.16856910130098862,-0.2444929547005722,-0.2792086514692378,-0.28345541007512626,-0.37722432311084636,-0.6838965621291693,-0.35186159363051617,-0.37230234880172675,-0.31138625678781867,-0.2573501714464079,-0.2036798330711878,-0.41918194354963906,0.139854956183519,-0.3666430067610043,-0.42366024942914665,-0.5371224028525389,-0.32099351134325466,-0.32493095037309105,-0.3803219836582527,-0.33417343929944143,-0.3326614420593436,-0.30941200629405274,,-0.2819156912342721,-0.23109501459827544,-0.3060894044577431,-0.3463456095691164,-0.6077088914441364,-0.35447593157547663,-0.20943974067414176,,-0.32951190410914183,-0.2909738282277665,-0.593608322214004,,-0.3399147605735122,-0.37518538901191234,-0.3805050889118265,-0.41393583475960943,,-0.3455328149221677,-0.38447799151370765,-0.41551968355143054,-0.07615227819865354,-0.4866241303232594,0.15794380565115868,-0.8214997625503848,-0.5360284252187142,-0.29222614458139995,,-0.305169377941805,,,-0.7291581213928646,-0.26652643425490385,-0.264075796789638,-0.30174628435843626,-0.3137063157142985,-0.26383798360622535,,-0.37168783552302515,-0.29417345276945817,-0.09382148838662077,-0.14589202934882553,-0.39419012863881464,,-0.36009135415064536,-0.30702753360201135,,-0.3239849539945512,-0.6348518450143628,-0.1618545081330621,-0.36071584336105256,-0.2932675023167574,-0.3511389117653262,-0.33615436508368984,-0.2618357181958597,-0.13607411710445524,,-0.32249243872060745,-0.37134283887934677,-0.33556103328667397,-0.37383699907632084,-0.325908891863827,-0.46636614832261697,-0.27792311286845955,-0.3865461664317643,-0.3624987158842316,,-0.3635622260329376,,-0.7595332479919337,,-0.2628057421272477,-0.3263399446463728,-0.004326019592922499,-0.34874772456265973,,-0.27562259321639393,-0.3215692408362503,-1.0494421511283867,,-0.29002140535087206,-0.23080309874151758,-0.24620595980605672,-0.29193998300537544,-0.3114243561585201,-0.3745301485700674,-0.3569771897360223,-0.37632540279567633,-0.4588081094220921,,-0.27698923049111684,,-0.3490364896437062,-0.41297571328065835,,-0.5251988017025286,-0.07108361155725339,-0.2331146634344175,-0.5259833219922567,-0.320627503245162,-0.3352028419783047,-0.3425944141928987,-0.3006426306268653,,-0.41030874165757014,-0.4741127215751129,-0.31091892626832995,,-0.18571038107150944,-0.3881684083668072,,-0.07656585340151317,-0.3032497953606882,-0.3365479301305532,-0.31912341089450397,,-0.2920692844292031,-0.2206050015883638,-0.38967847902603614,-0.3294993567593636,-0.3034697040276112,-0.3294616754676016,-0.4406638516166622,-0.3122695363090462,,-0.3297665753244066,-0.3707597643026247,,,-0.32128875275242574,-0.35831602285473524,-0.34002821534641176,-0.05320899722474724
2025-08-31,-0.17598222829341503,-0.15701995364850127,-0.20290592821408385,-0.10732524962114189,-0.05041811418880006,-0.052555147497685244,-0.18803661480780468,,-0.06703712124954632,0.027104885232156633,0.05327728711486043,-0.19454592638509466,-0.1504895948847299,-0.10621832538199841,,-0.2359031779464133,,,,-0.08723341085772662,-0.1259946063966114,-0.1081848118136873,-0.1298627639613649,-0.4096536602328931,-0.14655635055650237,-0.10318408507858545,-0.09335628710029623,-0.08728313337845708,-0.2223003218967668,-0.4601867009114064,-0.18634351690455475,-0.1307667493255167,0.013101084868072283,-0.09765414341952047,-0.061489042438845676,-0.17441761965720298,0.03986889179435551,-0.2576615853368873,-0.09213952506620067,-0.31684987714127627,-0.14201180263356708,-0.372508323321962,-0.1479297052372893,-0.17530721932043558,-0.17873243867380645,-0.1259246405730427,,-0.1282107102371537,-0.19326463712934855,-0.1716712904374626,-0.17101432713729636,-0.34950726115805425,-0.2079797111296349,-0.10824870775776274,,-0.1589439120482982,-0.12276461425538295,-0.23815322675028802,,-0.30249788849718523,-0.2203386766954274,-0.24945774554376457,-0.30371918040256035,,-0.10695886622738346,-0.4296193101789484,-0.23420737499925795,-0.19113073338957262,-0.3384246508051631,0.09126900371231439,-0.4472566105051551,-0.1261543871615948,-0.12106147229275248,,-0.18107525956860637,,,-0.3020753282909826,-0.11861570794872998,-0.1080576069967068,-0.2463542445757253,-0.1706684115619579,-0.1037727521936306,,-0.23111057092690343,-0.14840773035278113,-0.030639699066796165,-0.04172256160963348,-0.20647719436264653,,-0.19957788028666676,-0.14820011408752112,,-0.11605080106689548,-0.4248417380978846,0.31648098257832835,-0.19525671639309403,-0.17467473868928743,-0.20858797466779236,-0.1596142970207087,-0.12487981903066073,0.034187092459733115,,-0.15757110701984417,-0.2048208831249891,-0.1086368394904055,-0.19022378031587786,-0.15401845826260946,-0.1957283014564688,-0.10384155331431312,-0.26182457083288246,-0.22586617362698372,,-0.20048928934000895,,-0.2622585767060977,,-0.06389673660083842,-0.15454831130628693,0.15563131004591016,-0.1720658832492236,,-0.14448075485073153,-0.14791597914093543,-0.4101442243582903,,-0.12650641946161045,-0.08772369924282325,-0.07981025042969393,-0.16809361137892656,-0.05429447312723944,-0.20593122612648426,-0.19648896448094538,-0.21544020294654703,-0.19075763276994412,,-0.09630192478524055,,-0.17687139884852454,-0.2836509346493187,,-0.4929093115915027,0.023886906151835974,-0.11602037707649517,-0.1782920915829429,-0.14564911829352295,-0.15241091496389572,-0.12249423308332254,-0.1096420452941289,,-0.1556228150404001,-0.2612842110199713,-0.11596278193550583,,-0.03980196899854105,-0.21791526603046257,,-0.0553645354410518,-0.14166064740250903,-0.14008365243141288,-0.1238290691279131,,-0.03572266843088283,-0.10133875856632352,-0.13097594060823683,-0.1857063927179735,-0.13758814985508863,-0.13752584357628403,-0.2982016235853366,-0.15821971720581274,,-0.09218677615157712,-0.20712922116636573,,,-0.15694231598813516,-0.209189905370474,-0.1719703732640206,0.02787607888469781
2025-09-30,-0.2562781937444166,-0.2538145681218814,-0.26669861566043385,-0.18048607455755344,-0.18170955670145603,-0.1275822556432522,-0.2356694062040635,,-0.036027705629967134,-0.15465424601035904,-0.20081060573567566,-0.26002112670640126,-0.19615424515306593,-0.24254791403200543,,-0.13977591785726617,,,,-0.23106440628707886,-0.2141365358288084,-0.2082072997968912,-0.20039683573113687,-0.1705179738962286,-0.1518406517091961,-0.133485703414755,-0.19862379357381396,-0.2073186438855728,-0.27433457886522256,-0.3313152613938635,-0.2548524226569194,-0.14970345282350497,-0.0028167863594224293,-0.18668896707381036,-0.20503705015628854,-0.23229901285894441,-0.13849993860292828,-0.24535402189932332,-0.025602882812975604,-0.18360634963028993,-0.16266331831261732,-0.21043550550088752,-0.18608045775103224,-0.21385709649510465,-0.2670894066879288,-0.2291841997844412,,-0.22951829399037896,-0.09459774140787501,-0.24951064039265258,-0.21853849592607763,-0.16852561701144694,-0.16715019569726022,-0.2252092842844241,,-0.24857334187173624,-0.2180119297366245,-0.10092106064064339,,-0.22948806664964586,-0.22365303135818018,-0.1388818592534197,-0.20370409984089485,,-0.14475651285008784,-0.2186322853518667,-0.11500705240742741,-0.10515399351431386,-0.26368015026364444,-0.07481420418442497,-0.3028405816831811,-0.014611052949606325,-0.20705022721441668,,-0.2542700940191826,,,-0.1432016536854655,-0.2516049808537385,-0.19427026598027294,-0.1746063641120823,-0.2584316035724213,-0.1684063207647496,,-0.1530480239018346,-0.24790072428943427,-0.24207080249033325,-0.19896692331036137,-0.2963167835855515,,-0.2725956679563936,-0.219393831155922,,-0.24956812356998523,-0.18252754421526196,0.2151716083243678,-0.26830334743684503,-0.25438801845199516,-0.30521110959609227,-0.1923310180584671,-0.18682466951879761,-0.094924393239536,,-0.23826749967016175,-0.271496429021143,-0.22133748740143172,-0.16533234713991646,-0.24449052868593765,-0.07249646372048604,-0.24251148349621154,-0.2353779035776598,-0.30139591918769854,,-0.2736857953158857,,-0.1266604120659717,,-0.17942135137541684,-0.24554414354136725,-0.0279267014214228,-0.27330093199131544,,-0.2645340222285731,-0.18023244686608902,-0.0366698024119798,,-0.24495288590188033,-0.23307546695042147,-0.21489142630508992,-0.15715584459551937,-0.13262423090464923,-0.26950567480386883,-0.26167969364993066,-0.2830976331638068,-0.19929581099878083,,-0.2259237696857897,,-0.24720910949591282,-0.2253983440621943,,-0.4624150213580167,-0.1577653207036427,-0.23294579259900886,-0.15173117435019728,-0.21945530745458655,-0.17728193178794133,-0.17846070054064542,-0.0644046179670509,,-0.1703394269268829,-0.16765554912036393,-0.2227065666767635,,-0.16766141662813785,-0.2570289102576731,,-0.20814383734425326,-0.22899752777786578,-0.25222517487114077,-0.2298905602452514,,-0.12198753460174329,-0.22625072346712008,-0.18086447422842397,-0.2681515662414967,-0.22626168618671877,-0.17275423889778913,-0.23011607843086293,-0.25082093828227425,,-0.21837236140261027,-0.268379603638846,,,-0.22282836226445327,-0.2863635402942171,-0.22462547149113807,-0.1384363576196212
2025-10-31,-0.016044636008531052,0.019412427477695615,-0.039457198237226696,-0.006090177094247302,0.022975310695385883,0.12319470104576594,-0.05387382846329748,,0.06155568358481284,0.12478921364126497,0.11743436357154097,-0.024335477919593517,-0.05768385494013039,0.007203933341331662,,0.005159581502136006,,,,0.04985263632987615,0.023229756887354926,0.024367647349821223,0.04713408106526284,-0.1103320026790927,0.13061707114656051,0.0814801724963051,0.07048740983768773,0.027052776392272722,-0.03455137685797131,-0.12993189274760666,-0.01347493572245487,-0.08324268005622579,0.007679421429294422,0.06786604662181474,0.07573399604000533,-0.012716225316007707,0.3211323329453307,-0.03275465061570701,-0.04991686308268523,-0.10028653893606598,-0.02775768914561673,0.0768852746926891,0.06484443490659406,0.013391012315985513,-0.02487344712811788,0.0007750666820928497,,0.030846725073103893,0.13300399733370868,0.0008747035749611891,0.00784483928726621,-0.10457171910889632,0.02734036579257429,0.01824895228495876,,-0.004651402928977627,0.012161326536012389,-0.15683251287590083,,-0.049819571593943304,-0.07624704165608708,-0.02702568175980809,-0.07572881301546228,,0.017256716989466205,-0.13343802767519905,0.004379379569258349,0.0641688991566846,-0.14466833434000048,0.3206195732563085,-0.17296634055445848,-0.01963207571114575,0.02391211167916178,,-0.0056140946318516466,,,-0.12511297468074786,0.02505244742592399,0.05384898102111047,0.022776409579145968,-0.009877428135920413,0.0043199800746562995,,0.010621463885680268,0.02335336773526839,0.11572431896355104,0.033566607261806373,-0.01031648011017711,,-0.02042794417878636,0.031906260152354815,,0.11534739229280279,-0.15299024718600668,0.296767924893012,-0.025680637669347185,-0.01742677989478306,-0.023724342217138265,-0.0322440583161668,-0.014526705780386088,0.16881748573339347,,-0.009296163423685274,-0.03252693663958185,0.10778161397535996,-0.07587537123901353,-0.01049508744363635,0.0017026066063827068,0.03046799618308076,-0.01777650042889599,-0.014876746614472483,,-0.01416155726763671,,-0.15426677419990187,,0.0848225340041671,0.0007596721095758823,0.3546942101644289,-0.02083066145698281,,-0.02450314039744135,-0.036725697298530785,-0.3676278024164704,,-0.013449693450700214,0.014370100337788547,0.05396274761199125,0.06592032784581398,0.1339626586356183,-0.03353527632499607,-0.019944981070043607,-0.03199845936875481,0.0035082151461271155,,0.012151364775914776,,-0.008038936724083701,-0.013689083345512547,,-0.17308968515650794,0.07035875234667051,0.03392218187092016,-0.12775134430239904,0.013935288988911294,-0.03654567212615889,0.06844437327891723,0.013911202290650411,,-0.05524889696223638,-0.036236795461053184,0.002931328754033101,,0.008050518421282129,-0.032538179456382516,,0.028648035526027092,0.029804782449490745,-0.00014530832069497223,-0.06450586769816155,,0.12563409701935416,0.042622510375477,0.04693545296711422,-0.0035939298983968014,0.016472219083007715,-0.027400158695626398,-0.02647237417682078,-0.01130455768036149,,0.029472474299520646,-0.027010937386128177,,,0.025365715477780347,-0.0284919827223276,0.008722978122151568,0.0340034310875518
2025-11-30,-0.6194612309089007,-0.616509338827279,-0.6602682489593439,-0.626348990673074,-0.5852048586565084,-0.4031072941984799,-0.6604930991745822,,-0.6670632037896594,-0.40462180877870413,-0.44026097205247006,-0.6495831888823712,-0.688054516338452,-0.5970499846877206,,-0.6123887333096442,,,,-0.5549255551622099,-0.5905359300488465,-0.5746122618711806,-0.559279995092376,-0.7951917257088715,-0.5621213636482794,-0.648721159915015,-0.5649364412778068,-0.5561996018695443,-0.6707103902133168,-0.8480105365023826,-0.63829289915176,-0.6087204622323225,-0.4661538628138411,-0.538008511758748,-0.5391774454570489,-0.6044999228029864,-0.4029480173500983,-0.7023763193391379,-0.6720299905312158,-0.7984712504563758,-0.6509872991358364,-0.6162534568243461,-0.4642761131520721,-0.595301773141933,-0.6467126639575232,-0.5931332402662101,,-0.5886273316255308,-0.5321834364354809,-0.626110791297737,-0.6137571935702262,-0.8187414491562373,-0.6903955530411423,-0.5668977619577147,,-0.6247194094199879,-0.5942246384817105,-0.8189231811184807,,-0.7381080501746197,-0.6921772688169627,-0.7320185856211932,-0.8045762872158699,,-0.438705485551922,-0.755857737201094,-0.7249013712768478,-0.5595461154371285,-0.8187683860709384,-0.3813175918826118,-0.8150632929680092,-0.7623561912094722,-0.5633184579535734,,-0.631055562452694,,,-0.8511828708877385,-0.5946037565409926,-0.5537291489973293,-0.6759151609521165,-0.624290778608575,-0.6230635641735547,,-0.6998960664630726,-0.5998221099706029,-0.5051465675958914,-0.5679361500117115,-0.6251536489327649,,-0.6554455659811775,-0.5824380694741228,,-0.44225691931715355,-0.8749518416934777,-0.5211350727856682,-0.6598270345653868,-0.6067248189002848,-0.6615026955352186,-0.6718974412476313,-0.630830762142882,-0.31882876164934804,,-0.6254286104414194,-0.6630356144436399,-0.6810698100284784,-0.7087734068608174,-0.6397504640783986,-0.7113474455551195,-0.5779020937016776,-0.7084905725501142,-0.6615629703140191,,-0.6537068771186563,,-0.7214248503771421,,-0.5113214541667762,-0.6169671574233354,-0.16104937843540537,-0.6493730388505398,,-0.6074417289982169,-0.6688173840357841,-0.9969725142840012,,-0.5851240150961158,-0.5454888980145974,-0.564646735436875,-0.6750032138332291,-0.3660336895990576,-0.6655820560230531,-0.6478178594263289,-0.6656520528689289,-0.5287764670383235,,-0.5753471457375336,,-0.6389423362267951,-0.7045294411338435,,-0.9220158748368535,-0.5564071652243173,-0.5612085743774079,-0.7039723302043542,-0.6121979525296065,-0.6725493966676857,-0.4855435864377781,-0.6467585683539689,,-0.6995321533633898,-0.7801338903302047,-0.5803671816098009,,-0.592330748518033,-0.6626675174891671,,-0.6021972790408612,-0.5905964464844646,-0.6227181016628446,-0.6996089915498385,,-0.3674873685277848,-0.5699831567171261,-0.4558073399894704,-0.6317149393907037,-0.6054877764116308,-0.6620664099077885,-0.7216008463462892,-0.6314533499117164,,-0.5899288973558094,-0.6637666086167868,,,-0.592430470886526,-0.6608501689374006,-0.6181145518226245,-0.5587688103876176
2025-12-31,-0.39064837468669766,-0.3242540397034189,-0.40166513380200386,-0.3748154390586621,-0.34932357294278743,-0.28271245490750346,-0.4459058674435695,,-0.2531572917984163,-0.26086030671321003,-0.26475853252563236,-0.3993243435079027,-0.38853416210377584,-0.3598914518654164,,-0.5892340246466623,,,,-0.2932691460143314,-0.35520535509357726,-0.37043514067282896,-0.3514242153612379,-0.6181123628442747,-0.39757572170115285,-0.32580956615981693,-0.29467607083835734,-0.32095151246767356,-0.40577530332315187,-0.4848498202256239,-0.38065240032884307,-0.41910268302614107,-0.3204976539547465,-0.32872287889338864,-0.3074612894171733,-0.3413559283151996,-0.27172148702369636,-0.4558975664674483,-0.35109226211667705,-0.4715886714128193,-0.4005432785604701,-0.557998176076077,-0.3278919267514618,-0.38630873442968966,-0.38671354857822576,-0.35096102543379126,,-0.34669020865564887,-0.44124821776160694,-0.3872382295258487,-0.37118921913264635,-0.4674575275802883,-0.3935316029114303,-0.390153439273556,,-0.3629376615909271,-0.35432534404134164,-0.42520274281129106,,-0.5367546471690392,-0.45778604426965236,-0.47212345829491553,-0.5056607458214812,,-0.3704845646402019,-0.7245929789461004,-0.41721600512122314,-0.5879325330698443,-0.5264406119282697,-0.2597428353697764,-0.43853129373362776,-0.2706327158061007,-0.3545856845088571,,-0.4007060693775318,,,-0.354103064235108,-0.3394049244355694,-0.34066808003506693,-0.47632769980699663,-0.3868885887918357,-0.3717145228420414,,-0.4267716580340676,-0.35690903415181424,-0.3024621606777343,-0.35431653433460647,-0.3580690873305039,,-0.3838094691635195,-0.35823520575642503,,-0.2624797138481168,-0.5559478252020864,0.09392603899863569,-0.38376030585590676,-0.41789712253971417,-0.3866036872907516,-0.39566246102646585,-0.40303851205428975,-0.27066317681380603,,-0.3744068600844926,-0.3913053827953669,-0.20162733669200342,-0.4456604673974846,-0.3625398770348617,-0.36495604818411803,-0.31895735113238166,-0.43745412746200035,-0.3928676979501707,,-0.37713471717415026,,-0.35615047562407565,,-0.2824468067860961,-0.35876872664528975,-0.13044620295366008,-0.3615852549891477,,-0.3964849238401297,-0.4020138655832048,-0.4849908122655498,,-0.37174056802919986,-0.35833102043329673,-0.3079984964324859,-0.3644141654686132,-0.2569628920530124,-0.3915560840276716,-0.3888368921274685,-0.393788994370142,-0.3549590020869656,,-0.33490069297665936,,-0.3702642732714948,-0.44694893988359474,,-0.5851792045230421,-0.3184098606980047,-0.36799348022624745,-0.38439101481735155,-0.3539314549311214,-0.39834708992727375,-0.31828713252782714,-0.3860609454955146,,-0.36474241641812283,-0.4063739607589444,-0.3430774716753802,,-0.35548714845441215,-0.4017431113933123,,-0.40632611771713345,-0.3486092181615315,-0.3318554693295745,-0.36976428266337197,,-0.26007407831582124,-0.35260991137341363,-0.32251409021495325,-0.3818897278186805,-0.3525788816111569,-0.3820943252484901,-0.44970987570605536,-0.3763697589065757,,-0.28008005144677967,-0.39074780937739667,,,-0.3602703187108011,-0.39528983019362096,-0.3717799827871737,-0.3650054400548902
2026-01-31,-0.4131737035608848,-0.39902237097353577,-0.4068595173811158,-0.39580866969173806,-0.42014042283877806,-0.3624455636090161,-0.4143220509894569,,-0.2886593109436404,-0.4108694983053754,-0.46196530459272156,-0.4125146582723137,-0.3727834098155145,-0.43101818847643886,,-0.4455182170019396,,,,-0.4069366634438873,-0.4064426495933248,-0.419633401266269,-0.40090278595786943,-0.3572208946509998,-0.44231130113210243,-0.3926786388280793,-0.3974013410570541,-0.39519567724882365,-0.4095234083568526,-0.34926069050315134,-0.40542264470050127,-0.33974708693531447,-0.2790383473411722,-0.40242267355818534,-0.42553645185749844,-0.3637353874481816,-0.536443593079001,-0.4117165919228762,-0.2646272881585376,-0.32567011947375035,-0.3735667164078087,-0.4443942996548841,-0.35697189248940436,-0.39509067572332895,-0.41656841971225966,-0.40041288956884963,,-0.4144166992217684,-0.4023382727884541,-0.4205794063599056,-0.3908859348864291,-0.2964309551663768,-0.3787819444096519,-0.43893259686262504,,-0.4068819972657197,-0.4040972009734644,-0.24989237565944916,,-0.4272813435573943,-0.3891138594879067,-0.3640957355721936,-0.3858729202888767,,-0.34437875569993404,-0.42767315067050365,-0.3375914333577371,-0.47125037878451614,-0.38166941076026806,-0.5080801677784809,-0.2721847109487045,-0.22265302015382266,-0.39864708941411625,,-0.4246824532395302,,,-0.22312194958674111,-0.42744714704627607,-0.4044223472533386,-0.4124500859750798,-0.4198757301529896,-0.3932522586343051,,-0.37031481891117884,-0.42045775635168536,-0.4821454765362036,-0.44300269974882767,-0.40695817609546864,,-0.41166721227315006,-0.40374539411683863,,-0.40092933579139034,-0.30556527005960826,-0.2104977592874177,-0.4086763189529025,-0.4272734804720445,-0.4300910752469719,-0.3825334389603138,-0.40510108114430804,-0.3902222488301507,,-0.4054945436296844,-0.4070863542486021,-0.3899267609802979,-0.36125164342410543,-0.4059708639955006,-0.29009903375086027,-0.41553041270776536,-0.4009751820750988,-0.4278376533595215,,-0.41101814138264153,,-0.18964078246994184,,-0.3899557576857738,-0.4061917374346377,-0.4002862309580643,-0.410731081347328,,-0.43201256228482543,-0.38142537464105564,-0.057796211478576866,,-0.41416838179729715,-0.4273258779129289,-0.4143510816737589,-0.39509934780393824,-0.3467892353917479,-0.40519119245385865,-0.4079701518871083,-0.4117699320454735,-0.33585434766792116,,-0.40696393273711184,,-0.4019479963235075,-0.3903932320672281,,-0.47629513017371505,-0.44714084055266146,-0.4338203804292832,-0.2841171348936058,-0.39724124113523646,-0.3754130089281953,-0.365831794147074,-0.3396054118367305,,-0.3404103950201922,-0.3376516901297845,-0.39483497760084557,,-0.4125789180487548,-0.3969937331354932,,-0.48061477539952013,-0.40780083517614046,-0.40126306195395256,-0.3958723012966475,,-0.3467816937712776,-0.43421331866095564,-0.3460677126817721,-0.4204800729183213,-0.4055495050713252,-0.37309485034652357,-0.38311011915111254,-0.4150124257746259,,-0.38131046920233796,-0.40693580765260673,,,-0.40068800642675734,-0.4195872031314841,-0.3963680293806034,-0.44497952126080764
2026-02-28,0.5921028888805807,0.6027109256733348,0.6172041516462621,0.7171125741129104,0.6942345119812352,0.4528826297321258,0.6845818989909517,,0.9909114076863522,0.44767432945838226,0.51945043455711,0.654324691256667,0.676944625315523,0.6087528484202863,,1.1456361056318882,,,,0.5350526660348751,0.6546697205994224,0.6595342667741999,0.6601148601612284,1.1440226447685402,1.1558289323260704,1.0916796101127964,0.6770036048620865,0.5181254938397662,0.6623302109116666,0.7835631525576379,0.6337047651953504,0.4333106763808433,0.3593700049683698,0.663499003388632,0.6641827161196208,0.46827596512578434,1.3359708564639474,0.8770230620166365,0.7324788146889409,0.9218972738087312,0.7470088234258409,1.2635161448192629,0.3890738308549213,0.6648806774000323,0.6202348004808341,0.5457116997661658,,0.6508110383469234,1.1805023930266259,0.6857545094453293,0.6638594270830216,0.9466069413031789,1.0470460217525226,0.6412036540039868,,0.612247374598612,0.6155722564772127,0.7441807026884188,,1.0758503795454741,0.6999604182397906,1.108246939498718,1.1172395919367273,,0.2529985355232785,1.1129847506863166,1.1263694646710245,1.287011635732887,0.8454464712537156,1.316721392333982,0.42026073236263867,0.950351369318052,0.5800645934766757,,0.6936349605213534,,,0.7537294796083962,0.6188584198134205,0.6661562023449853,1.136970791663744,0.6272713788053558,0.755720428537837,,1.0729747847633502,0.6502243632495379,0.7149218134195283,0.6913570867783042,0.515205498645888,,0.6430504614161944,0.6562311456791327,,0.3706832718681694,1.050066374134956,1.20305889293625,0.6394502800167596,0.609380000423017,0.6255083117560204,0.7498080148439934,0.741654528657748,0.4403899117102497,,0.6277895697827053,0.6282350788517013,0.9656912256906213,0.7852897776177932,0.6384961708775493,1.010461768171927,0.5608477033288202,0.924069689991948,0.6696125628642435,,0.6486474931751807,,0.2672667422079719,,0.5779510369861234,0.6073071957101205,0.5687522682144524,0.5900833251199487,,0.5455064370260876,0.7507398762041944,0.45055685994951467,,0.49425279375245784,0.4950566846415249,0.6315011654864474,1.1339395118031501,0.3230390565476137,0.6329745426473035,0.6422024220315129,0.6294047882489486,0.3469259952581319,,0.5252745123817825,,0.6474461528980913,0.9436754079633062,,0.9373048661705385,0.8052021474894627,0.6319811531901819,0.42666671423136837,0.6624951188709778,0.7541099209875771,0.47047634199781513,0.9704802556776569,,0.6847105485504614,1.0438105200683503,0.5088210834347233,,0.6817651787095532,0.6519293254728912,,0.8766089495603833,0.6484988942785853,0.5659411803567194,0.6350494110098381,,0.3174843107931588,0.6765380441906844,0.2877206276404495,0.6501115045431614,0.65012244951318,0.7377235746037499,0.9348026177411481,0.633016766744447,,0.5314200256874028,0.6538306432649968,,,0.655439538331898,0.6347690151585805,0.677646967875552,0.774468908371927
2026-03-31,0.6775586459512554,0.6354730129417459,0.6930859693851184,0.8305659535512572,0.8297679200394538,0.4705723575377974,0.8264024203735325,,1.0084394295796268,0.5062986195055169,0.6443741318299739,0.7526400955423065,0.7330924700723968,0.715983830509402,,1.5946538327986015,,,,0.5652741650428194,0.7512945726872384,0.7905346691180517,0.7621635064257707,1.4296461091538382,1.50231809640186,1.2928521333538208,0.745384675949346,0.5513095950113533,0.7520414233398203,0.8057077596944572,0.7104947354457437,0.4287913862090771,0.28377714027855916,0.7659545796788305,0.7788844436045772,0.4345914709204736,1.837709734490056,1.063171169989649,0.7003354920692876,1.00907840365679,0.8535823183832117,1.7031672937066993,0.3700421815014225,0.7662118823826529,0.7049771837879875,0.5937711189202737,,0.7473954280066022,1.5338760443718154,0.8072539356859857,0.7437146302112723,0.9989886223703646,1.2328268910301927,0.800504791863055,,0.680249363298395,0.6946316213503857,0.6723556708847067,,1.383930897613363,0.8146621590183711,1.3359384062312198,1.354073563882695,,0.22257901012455464,1.540419649174408,1.3020987948229097,1.8379869938371731,0.9841804867551702,1.7952674423275168,0.2236892218947082,0.8581540499921063,0.653852603317585,,0.8277953281393114,,,0.5844604825044659,0.7100777754678772,0.7720491425987521,1.444090370190834,0.7278311927852128,0.8803579720240179,,1.276486556355317,0.7513515810073567,0.91457869780785,0.8585780197368821,0.53567148617006,,0.7220248244459794,0.7520129706884632,,0.3518909445769275,1.1762266048461372,1.1022789307321907,0.7135309333557294,0.7388461115021251,0.7129160406538537,0.8505492575477214,0.8878180324175985,0.5191232639829537,,0.7084511142097901,0.6992855305292414,1.015220015752284,0.8958049954874792,0.7099504566537718,1.0760516222256504,0.6148210356355825,1.100703073098361,0.7719834780139895,,0.724661047222152,,-0.04756887416768071,,0.6214554623175713,0.6736974573129506,0.6843150647496565,0.6406638994307879,,0.6463293382770794,0.8588741904749974,0.04120700869528445,,0.5545041095427006,0.5804594972822721,0.7114226456044589,1.3580064873708817,0.275151747605949,0.7029909931960966,0.7247058862316752,0.7038913942286865,0.2803383609332263,,0.572789358576771,,0.7199966021910232,1.1219613872683845,,1.1683291156863707,1.0078081663104348,0.7678665749869047,0.2981788592029424,0.7405294070169597,0.85301620504242,0.47835487990631365,1.1234992084207844,,0.6914823881312573,1.1557005571072339,0.5396784886784396,,0.8097650453596664,0.7275279197883396,,1.1664603125327175,0.7363005016818728,0.5939914761605584,0.6841752417315281,,0.27288522847948593,0.81696733784996,0.22509170487727478,0.7500060422915055,0.7344173377384354,0.8236966376632332,1.0959507200940197,0.7231879464115475,,0.5130417295347206,0.7327762206163567,,,0.7441234745092701,0.7224195084119189,0.7659911039138497,0.9979491221647954
2026-04-30,0.4810736906388476,0.4621107892485577,0.5084697220177123,0.6538989490657083,0.6363412087577871,0.235930743473744,0.6400160265723412,,0.9515541261709158,0.2481207720313222,0.3963936720944309,0.5785187491459246,0.5508207265787527,0.5116260711911049,,1.522472462641909,,,,0.358666454282012,0.5717004982288428,0.6003993824071328,0.5891283508546266,1.4018048966143133,1.4794632397156846,1.2557500798796877,0.5863456975018159,0.32767630544884535,0.5875495270401496,0.7310572145161052,0.534590763173669,0.1507606012726111,-0.027216059972086003,0.5918895220139904,0.5997446078962987,0.21736841637539378,1.862224554257717,0.9605332975732629,0.5282387486308492,0.9314116138435801,0.688126527025626,1.7356285288275546,0.12994452611777016,0.5961986220830493,0.5188622399434331,0.38002458585466514,,0.5710874561883788,1.5208204892722812,0.6408089238366623,0.5767489684090731,0.9423899454780573,1.1920491708639516,0.597025121468909,,0.4946018846277275,0.50110371461167,0.5225506751502796,,1.3290612868296319,0.639016090553209,1.2968246152211336,1.3216165338871786,,-0.09416332291642486,1.4698993186740565,1.2854240314227408,1.7983408625744575,0.8671015380115691,1.7991099912537132,0.04500125297528226,0.7978272315299252,0.44963635116484135,,0.6618874881713614,,,0.48969778176202533,0.5223436014065229,0.597185808827897,1.4152207358250684,0.5421032149751058,0.7163471671298314,,1.239054244624903,0.5780366622306438,0.7445954871975871,0.6600222499846224,0.33889039041575447,,0.5521754085312902,0.5808323615903207,,0.12174963045003227,1.1438053719353507,1.1133799821993966,0.540543339066994,0.5372766673031908,0.5395977592969907,0.6938179261995416,0.714402215825357,0.25643599827702707,,0.5226115658528674,0.5231000407738509,0.9878412245666067,0.7399224045378926,0.5302495179740734,1.0279047130731565,0.4114732257718574,1.0221330718796797,0.6172803279216214,,0.5598147078285386,,-0.3108812053155064,,0.42642745753636163,0.48684564151844767,0.4823217431312153,0.4521042606888896,,0.4207797218204713,0.6954304898863286,-0.17403863942835987,,0.3162985946653582,0.3351982187596086,0.5269721908695348,1.3429603359914715,0.011160785844856311,0.5285207174689615,0.5517074363284803,0.5311467353169187,0.028273157351515792,,0.3483875233913011,,0.5490319892763512,1.0545892382417033,,1.1131548218977905,0.8361138790440222,0.573724239083279,0.04467380024457386,0.5703761633105188,0.6936487393781607,0.2577163223319606,1.0241814313050321,,0.522428662154794,1.1239146745709323,0.31383803779847996,,0.605083998883565,0.5598687764220126,,1.0111171464818278,0.5635367122285242,0.3985314165597271,0.4850204472017684,,-0.0015589702626117752,0.637420630084915,-0.052257127874144035,0.5792693109647673,0.5580904147831506,0.6603342305954382,1.0291949819423918,0.5382815503819207,,0.31026488720440054,0.5660514505505028,,,0.5746751739594457,0.5487333139367978,0.6034856833615835,0.7954651100051103
2026-05-31,0.47282019785206975,0.45274441616045935,0.42692557926275926,0.47748628527207004,0.5550843101157171,0.5137813232066458,0.48297340258090515,,0.36704297380717243,0.5811328215876744,0.7001042500067903,0.4871888313427271,0.3055464005809913,0.528125920041082,,1.0538489502625743,,,,0.47295719910884904,0.5304588074722293,0.5792068368062673,0.5771560613012781,0.6328992395027011,1.1223904114319776,0.7731432537361097,0.5606223775680838,0.4170720502326104,0.4700736804284915,0.27750244833184856,0.4677779538200453,0.1120822646067652,0.04169240285072608,0.6016349035392738,0.6401572912212041,0.2683375263438055,1.6935413555116905,0.6261936691703887,0.058444746602301686,0.31492266916110695,0.42253214757988355,1.2611774023168643,0.40003097416730604,0.530372685478274,0.46399673158288157,0.4145486295489701,,0.5555300867207906,1.1118371592909333,0.5619680862169211,0.48789457284539056,0.25050799671515267,0.6878894639761403,0.6222952658934925,,0.4594366953243522,0.4811182218515981,-0.12690913894046363,,0.7961016908173365,0.3972497126655859,0.6432060108288903,0.6193227559379875,,0.2463625353400972,0.8466002589562026,0.6035631960009866,1.3031622887761545,0.3642925536851586,1.601261802498079,-0.19203873592061896,0.03444994358122576,0.4858645922557097,,0.5751228806983574,,,-0.17661083836512098,0.5465988096193881,0.5875413775266369,0.8889335677554941,0.5106870107025361,0.5085196783121237,,0.6809282198136788,0.5649145303930538,0.8715394572674972,0.6347642754392436,0.4104701953684797,,0.4730443347864714,0.554397833701566,,0.5315394691265826,0.30541995850101844,0.39313572650940937,0.4511986122328659,0.5389654387381879,0.5026190875622694,0.42841650097548656,0.5222953600821114,0.6561928505765833,,0.46418097252875246,0.43687044995772023,0.637084014225343,0.3507250543542187,0.45125759426312245,0.3815931441547846,0.48577774820000297,0.6369760885756641,0.5470465085380284,,0.48168362939034215,,-0.5089703467422033,,0.5242548300069167,0.4640599028479125,1.0079244357567343,0.4188681314130802,,0.47657740371863466,0.4208623522311904,-1.0853714284527929,,0.4140933193756773,0.4908432157868169,0.5521927064395391,0.811817672457354,0.42770388379823093,0.43249032780137686,0.4715810298759149,0.4534285590679814,0.2228858086397606,,0.42567896943816996,,0.46514115390599176,0.6468384632554394,,0.6262327898894864,0.7257402933254428,0.6219256977290106,-0.1575272458752004,0.4915940057611222,0.4059006503539948,0.44312896214834496,0.516107468121273,,0.21688313526656683,0.4609846035770205,0.38302747198596293,,0.502085102779785,0.4386969964619673,,0.8379876359142125,0.5422212587694749,0.40075107112924857,0.2953466183921177,,0.4053302656899155,0.6405817263858021,0.283940652915804,0.5328068204233911,0.5083656933069668,0.39589046649568904,0.6010798529235958,0.4840419443459215,,0.34956555235391884,0.45981435352768496,,,0.5347925637511,0.48199524771710534,0.5079715591027563,0.6732348878163872
2026-06-30,-0.23717082325798464,-0.24161616685879767,-0.3448107793004944,-0.3427153726102503,-0.18556355017159423,0.0863064652901736,-0.3535466194031837,,-0.7124922816174853,0.19702586359179197,0.2766196722718472,-0.293378341980141,-0.5682691181217396,-0.151908724773104,,-0.07497999412616997,,,,-0.10879977601420861,-0.18968298030742436,-0.12860695029489186,-0.11889136713177767,-0.7333176388106504,0.12053501738935421,-0.2870096885359397,-0.1311396470758849,-0.18183241979034467,-0.33636950940502147,-0.827804189410259,-0.2867220734667122,-0.5814278902912549,-0.5015692465408829,-0.06899513614577711,-0.005741236920179057,-0.36733577014204316,0.8484569001921589,-0.3678338129392864,-0.93153857235229,-0.8788660393913484,-0.4689169733877998,0.09878913273571763,-0.05470129520954768,-0.21860066500870287,-0.28422950765267796,-0.24104988615328157,,-0.14734011264162325,0.06990632260097293,-0.20685601305033993,-0.27457316559470557,-0.9973338373431605,-0.41196899575491697,-0.05881370440848392,,-0.26277993264418903,-0.21974363947091136,-1.2892960591340963,,-0.3815410777886662,-0.5034559132357768,-0.5854614168075412,-0.6708245178999602,,-0.14092205411633482,-0.44974329167667326,-0.6278743808025012,0.14926320774229748,-0.7718803541467237,0.7576137300801288,-1.0816629379438798,-1.1705920492102173,-0.1681657793742723,,-0.20512607750732656,,,-1.3478071386154558,-0.12680662197401743,-0.10241250450831978,-0.2610868915917892,-0.21927497042784788,-0.33498312562417326,,-0.4666160967200976,-0.1438455740431359,0.27594879907627146,-0.07020424419851339,-0.23621137690017202,,-0.2968270432012596,-0.15843768661093835,,0.18194970836980537,-1.087821471061761,-0.6470684823866444,-0.3243369017213003,-0.17207090452759288,-0.24361165282717814,-0.4696734875409916,-0.32120450426067,0.3321277446363908,,-0.276860709822044,-0.3381785425805975,-0.3041057870097851,-0.6475979297422076,-0.30407002291240937,-0.7865206448413334,-0.13726880930518554,-0.3923585547239699,-0.22967998226227548,,-0.28680420892951364,,-1.2832539764273065,,-0.05876281434828903,-0.24680556297208522,0.8142554396915853,-0.30532303587245396,,-0.18382373491101575,-0.4820771236818945,-2.409347820421758,,-0.19891034661570697,-0.07295431500901452,-0.1040420189929203,-0.3060964578015904,0.11956722150651822,-0.34978486686046956,-0.2974905785978984,-0.31946179632589466,-0.2926196266192963,,-0.19078067856326658,,-0.2984240232865128,-0.4021278086533266,,-0.5766959264271497,-0.03191819571170553,-0.038496750803553,-0.961591915377871,-0.2582074041680821,-0.5055271449569112,-0.07625826716464666,-0.5473462353369299,,-0.6895503024983346,-0.7579375642466766,-0.23957544934567443,,-0.25039238356085214,-0.36404089085581276,,-0.009779069452576578,-0.16554332129293126,-0.2816157074196254,-0.5355127826264872,,0.09357339523229573,-0.05122727630250123,-0.10829303838025961,-0.21235803220382996,-0.22001545588527271,-0.4912159616935269,-0.46389231386617075,-0.2579706431335704,,-0.2795202813633873,-0.33181198819863467,,,-0.18928595256954917,-0.2844571043139616,-0.2624429717191212,-0.09601632442600681
2026-07-31,0.09343935171916908,0.09268146004088063,-0.014659122394431323,-0.05634839027082364,0.15576042644880894,0.2892997575124075,-0.05870671861680596,,-0.6545493387432099,0.5499268824560398,0.7277667414309016,0.016227788214261477,-0.25533760494423663,0.23171627624768706,,-0.16768582534953122,,,,0.2689314368694757,0.10383060242984564,0.17167939582419206,0.12276396683872548,-0.8845357593271626,0.08761075324715803,-0.19809280987089842,0.1473966984627092,0.17940442227688563,-0.03370686842901779,-0.6876513626456054,0.02337982367514352,-0.25883136710053206,-0.2636096069005402,0.17869071448732143,0.3144481729075141,-0.03777266091320799,0.8411806152040704,-0.203989757445176,-0.7940503852208136,-0.8163110919927149,-0.24243218409132056,-0.1553077392137787,0.16877944814224244,0.008741937343687766,0.0662827290881471,0.11702768805850065,,0.16068950400540144,-0.12960317872230326,0.08830251869251084,-0.02264982922632906,-0.9960919889221023,-0.3669406401972038,0.26835257924352846,,0.07320854503875694,0.10209465892289295,-1.138037873483866,,-0.33734014415756575,-0.24891967237005885,-0.6109436311440425,-0.6300932260028939,,0.13313138423275486,-0.5658136839917788,-0.686384797920653,-0.022788199595853566,-0.5795587450927174,0.7319774986569526,-0.8489072518501977,-1.128169349189003,0.13123694858376103,,0.08607823394339884,,,-1.2289951562598485,0.23969479614824046,0.15408487564522175,-0.2932910209498808,0.11080301000865961,-0.07777891265834468,,-0.4690073909414057,0.16962839151677817,0.6389979982369749,0.2939065669374213,0.12950065740187902,,0.027469730280315595,0.10259738401326418,,0.5083610282758501,-1.1558399776286241,-0.6272267744332373,0.005867885934676435,0.14644891938896132,0.12170512825456718,-0.21619433973473903,-0.052677259895516367,0.5538976633546027,,0.044767070770080394,-0.009132722799890962,-0.060379476325666245,-0.4467163205465626,0.0355781439799176,-0.818269949303646,0.24465652407745955,-0.2652919167821238,0.08900848816068196,,0.03242151319151418,,-1.0365405201524163,,0.23188899564624,0.08650238846862149,0.9170698946979868,0.07185995458870532,,0.21370308272524427,-0.22841068359996242,-2.314228617292877,,0.19710073093697195,0.3290119469783018,0.23610002457923968,-0.2693766086398414,0.3429754892983502,-0.024674700995915205,0.012582821956833584,0.011010153681806276,-0.03924541209365776,,0.19677094659832692,,0.008568105315344132,-0.3289108376627578,,-0.29732987161292096,0.3126383468113592,0.28143758567168936,-0.6326065841817984,0.027627736889806576,-0.2612932745887793,0.15727544954589812,-0.49557584021391843,,-0.41585594441098866,-0.7126295757895589,0.1275930303996793,,0.10080988727513221,-0.08026539021228754,,0.31040783057418264,0.1250739094521715,0.09708108331655813,-0.11811697059269063,,0.33475697488737705,0.26757839673990685,0.1662717761728139,0.10385078883528669,0.08550959186174978,-0.2364050494744541,-0.3877897441272003,0.08195646419586056,,0.1021637900779902,-0.019991812241163573,,,0.07227529818754325,0.0535460494757707,-0.006036088684475616,0.25412961278091456
2026-08-31,0.15606666623330887,0.1707725294501652,0.17815649938183067,0.29838254916095935,0.30287263912160367,0.008890125029077092,0.2391902295391192,,0.5232079693012467,0.07518373997869356,0.17259345143667656,0.20255657792353246,0.2771288448197189,0.2092931945268387,,0.48310072238829355,,,,0.14113063940205517,0.21635686181976868,0.22582192122518283,0.19470943042023145,0.4564629690049885,0.5154116164691416,0.559574620703269,0.23568324564155912,0.1321867634882895,0.19915760958976816,0.20155723234508985,0.18622964681661894,0.07943953041544514,0.042749239163890486,0.20787066894845677,0.23948429136139662,0.058358174816381635,0.6790733904555147,0.3363945076734552,0.3414199895087234,0.3768389795734365,0.30613634262347694,0.44579024279287466,-0.0685359103166609,0.18648413466204242,0.19075819948429532,0.14571081737229793,,0.21053198027216252,0.4726164600960035,0.2261150962215787,0.20051143735191537,0.3770664819127327,0.47475639607774517,0.2113442798566606,,0.18462493767411173,0.19562081590074992,0.3311117818772544,,0.46133830767652984,0.24289495363218194,0.5136707024670868,0.52750334719456,,-0.13854608563575554,0.40573336314837993,0.5274109638629637,0.5795334385109004,0.33040227092262214,0.692019742986757,-0.05815199946182219,0.5084616382533306,0.15227020981761938,,0.22810363065588973,,,0.2980898584955719,0.20197642539062072,0.21265419333161034,0.5006596102568115,0.18714709836359436,0.324125619904698,,0.4808632712103397,0.20199728009471568,0.2792023631625983,0.29851571155859086,0.08065233650309897,,0.19360865781099013,0.19322835523632964,,-0.0709235533015122,0.4276701383415212,0.8534306624365641,0.19764960787613878,0.16299486398002536,0.18010302367241618,0.30764277582493016,0.305687914124872,0.017247651745312603,,0.19730398575358496,0.18488797651463773,0.48408853220816406,0.33282588022497217,0.21619388933503433,0.46684819786089593,0.16240781938781634,0.3658206443098998,0.19496939830787455,,0.1947688059918048,,-0.07915862709096771,,0.1572744624932087,0.17941491831722006,0.08610670166057151,0.17594489519438206,,0.1454928660822208,0.3164301921143121,0.10574186133223727,,0.10848919319357045,0.1145180140763626,0.21916608451374164,0.5538746109678513,-0.10641860250065927,0.1886959869359105,0.19059504037898947,0.17902253309618554,-0.08771874214483989,,0.14426338307931438,,0.20262866350282696,0.3576703193028886,,0.34236897066962074,0.418277858647736,0.19275045703920193,0.09334490207053624,0.2189805897901843,0.31670010538422505,0.02080133370867819,0.47409998399488024,,0.28161189408110143,0.4870481335568788,0.12010705460922275,,0.3084176994104744,0.1893353547164189,,0.43903145111897673,0.19872206910942927,0.16581141412400371,0.27998465283097934,,-0.09320613249212159,0.2392274730951999,-0.1279301743727322,0.19422730224290105,0.21352057947776104,0.309857595715398,0.35092359327956646,0.20511863073278372,,0.15559432780412094,0.2002363539772283,,,0.19210397698456685,0.18520480468594624,0.21217766755712777,0.40654618881827387
2026-09-30,0.48826071490571976,0.4987783128088105,0.5581919019187528,0.7555321626659695,0.6890481371210158,0.18499942827424015,0.6771461797274348,,1.2806567183069708,0.19500973917343586,0.2872060137105137,0.5875056144332806,0.784747747728503,0.51955404090391,,1.1410084317748874,,,,0.38959388615672297,0.574412686666081,0.5706516859702783,0.5371885299607128,1.3295730198249924,1.0733533531375155,1.2092042272332784,0.5806190303585084,0.4092220817807661,0.5993384498325468,0.8298051591905913,0.5562750714026786,0.4822226933910822,0.41205733745890843,0.5357606204632381,0.5349558762754874,0.36694846519213276,1.0712386395626758,0.8835281978145516,1.053417819147213,1.143932770925284,0.8333069714438271,1.0836718817419648,0.10902615689735123,0.566998750092388,0.5488648372506556,0.45551414425810144,,0.5454496789234944,1.0914764421488208,0.6005891372311871,0.5942495485059915,1.202557829040686,1.1445632210628456,0.5204535623743998,,0.5334653754551585,0.5407289142354873,1.156937175484986,,1.14183449998617,0.7461325828604105,1.2992319089929611,1.329425967038723,,0.015322865176090513,1.1703737024575134,1.3354855067523055,1.2511315203616982,1.001474193779488,1.1234508738176316,0.4598287519127493,1.4076273422332215,0.4654753555056314,,0.6071746092119398,,,1.1225122106545338,0.502983279349482,0.5525541481287894,1.1825579080213318,0.5307354976128154,0.8034041754421998,,1.1945501984789468,0.5311077193977126,0.4936391675012675,0.6393600207407871,0.35160250398297854,,0.5663848218193215,0.5413263864684928,,-0.01736532905700678,1.3516158528564137,1.722741763616739,0.5789354939693638,0.48855452161678203,0.5145483278860331,0.8252406232771541,0.7722185050703989,0.1128382222469173,,0.5649471557304535,0.5651597752027088,1.0170199803410496,0.9479039036447803,0.5939655102333856,1.2699009674238837,0.4348945417042879,0.947048370308856,0.551818879638945,,0.5657424323137522,,0.4671892558895743,,0.42910362279567277,0.5206046400484847,0.08892015794828388,0.5177556107675142,,0.431754076601817,0.8437872811091431,1.18191630698702,,0.37446426420130513,0.34025631987398147,0.5263571154242762,1.2328951112952524,-0.017414771246986753,0.576160637734788,0.5679970857336489,0.5502758895517136,0.14652499914518663,,0.4238458469956858,,0.5846046964194472,0.9589445150378478,,0.94041828757367,0.8145433712403493,0.483788180035725,0.6122104290333583,0.6022612482532185,0.8542109212864966,0.24943653765368828,1.180525646638575,,0.8389557487860771,1.272629842508202,0.4102388673650273,,0.7150568332919229,0.5986315209708089,,0.8659376285128285,0.5394288007264461,0.4883596825582637,0.737261746440196,,0.005125991589581445,0.5576900432306096,0.012968924292572284,0.5439192755562495,0.5745023111353474,0.8321456402154312,0.9669390418695768,0.56502029746552,,0.4607241508791902,0.5933753310347292,,,0.5492908740418427,0.5466565137625973,0.6072108374778973,0.8224772937088932
