ticker,cik,cik_predecesores,empresa_sec,eps_ok,eps_tag,eps_trimestres,eps_ttm_desde,eps_ttm_hasta,acciones_ok,acciones_tag,acciones_obs,acciones_desde,acciones_hasta,splits_aplicados,descartes_escala,error,eps_trimestres_yahoo
AAPL,320193,,Apple Inc.,True,us-gaap:EarningsPerShareDiluted,72,2009-09-26,2026-06-27,True,dei:EntityCommonStockSharesOutstanding,69,2009-07-22,2026-07-31,1987-06-16 2:1; 2000-06-21 2:1; 2005-02-28 2:1; 2014-06-09 7:1; 2020-08-31 4:1,us-gaap:CommonStockSharesOutstanding 2013-09-28 (filed 2014-04-24) = 2.52e+07; us-gaap:CommonStockSharesOutstanding 2014-03-29 (filed 2014-04-24) = 2.41e+07,,
ABBV,1551152,,AbbVie Inc.,True,us-gaap:EarningsPerShareDiluted,58,2012-12-31,2026-06-30,True,dei:EntityCommonStockSharesOutstanding,54,2013-05-08,2026-08-03,,,,
ABT,1800,,ABBOTT LABORATORIES,True,us-gaap:EarningsPerShareDiluted,73,2008-12-31,2026-06-30,True,dei:EntityCommonStockSharesOutstanding,68,2009-08-07,2026-04-29,1981-06-01 2:1; 1986-06-02 2:1; 1990-06-01 2:1; 1992-06-01 2:1; 1998-06-01 2:1; 2004-05-03 1.06883:1; 2013-01-02 2.0842:1,,,1.0
ACN,1467373,,Accenture plc,True,us-gaap:EarningsPerShareDiluted,71,2009-08-31,2026-05-31,True,us-gaap:WeightedAverageNumberOfSharesOutstandingBasic,72,2009-12-18,2026-06-18,,,,
ADBE,796343,,ADOBE INC.,True,us-gaap:EarningsPerShareDiluted,73,2009-11-27,2026-08-28,True,dei:EntityCommonStockSharesOutstanding,70,2009-06-26,2026-09-22,1987-03-12 2:1; 1988-11-23 2:1; 1993-08-11 2:1; 1999-10-27 2:1; 2000-10-25 2:1; 2005-05-24 2:1,,,
ADI,6281,,ANALOG DEVICES INC,True,"calculado: NetIncomeLoss / WeightedAverageNumberOfDilutedSharesOutstanding, us-gaap:EarningsPerShareDiluted",72,2009-10-31,2026-08-01,True,dei:EntityCommonStockSharesOutstanding,69,2009-08-18,2026-08-19,1980-04-16 1.25:1; 1981-04-07 1.25:1; 1982-04-13 1.25:1; 1983-04-05 1.5:1; 1984-04-17 1.33333:1; 1986-04-15 1.33333:1; 1995-01-05 1.5:1; 1996-01-04 1.5:1; 1997-01-07 1.33333:1; 2000-03-16 2:1,,,
ADP,8670,,"Automatic Data Processing, Inc.",True,us-gaap:EarningsPerShareDiluted,69,2011-06-30,2026-06-30,True,dei:EntityCommonStockSharesOutstanding,67,2009-11-06,2026-08-05,1981-05-22 2:1; 1986-06-09 2:1; 1991-05-01 2:1; 1996-01-02 2:1; 1999-01-04 2:1; 2007-04-02 1.10705:1; 2014-10-01 1.139:1,,,
AFL,4977,,Aflac Incorporated,True,us-gaap:EarningsPerShareDiluted,72,2009-12-31,2026-06-30,True,dei:EntityCommonStockSharesOutstanding,69,2009-08-07,2026-08-07,1983-12-14 1.2:1; 1984-10-22 1.1:1; 1985-06-04 1.5:1; 1986-03-03 1.33333:1; 1987-02-03 2:1; 1993-06-15 1.25:1; 1996-03-18 1.5:1; 1998-06-09 2:1; 2001-03-19 2:1; 2018-03-19 2:1,,,
AIG,5272,,"AMERICAN INTERNATIONAL GROUP, INC.",True,"calculado: NetIncomeLossAvailableToCommonStockholdersBasic / WeightedAverageNumberOfDilutedSharesOutstanding, us-gaap:EarningsPerShareDiluted",70,2010-12-31,2026-06-30,True,dei:EntityCommonStockSharesOutstanding,69,2009-09-03,2026-08-07,1974-04-01 1.25:1; 1977-03-29 1.25:1; 1981-05-28 1.5:1; 1983-04-26 1.25:1; 1986-11-18 2:1; 1990-07-23 1.25:1; 1993-07-30 1.5:1; 1995-07-31 1.5:1; 1997-07-28 1.5:1; 1998-08-03 1.5:1; 1999-08-02 1.25:1; 2000-07-31 1.5:1; 2009-07-01 0.05:1,us-gaap:WeightedAverageNumberOfDilutedSharesOutstanding 2008-06-30 (filed 2009-09-03) = 1.29e+14; us-gaap:WeightedAverageNumberOfDilutedSharesOutstanding 2008-06-30 (filed 2009-09-03) = 1.3e+14; us-gaap:WeightedAverageNumberOfDilutedSharesOutstanding 2009-06-30 (filed 2009-09-03) = 1.35e+14; us-gaap:WeightedAverageNumberOfDilutedSharesOutstanding 2009-06-30 (filed 2009-09-03) = 1.35e+14; us-gaap:WeightedAverageNumberOfSharesOutstandingBasic 2008-06-30 (filed 2009-09-03) = 1.29e+14; us-gaap:WeightedAverageNumberOfSharesOutstandingBasic 2008-06-30 (filed 2009-09-03) = 1.3e+14; us-gaap:WeightedAverageNumberOfSharesOutstandingBasic 2009-06-30 (filed 2009-09-03) = 1.35e+14; us-gaap:WeightedAverageNumberOfSharesOutstandingBasic 2009-06-30 (filed 2009-09-03) = 1.35e+14; us-gaap:WeightedAverageNumberOfDilutedSharesOutstanding 2008-06-30 (filed 2009-09-03) = 1.29e+14; us-gaap:WeightedAverageNumberOfDilutedSharesOutstanding 2008-06-30 (filed 2009-09-03) = 1.3e+14; us-gaap:WeightedAverageNumberOfDilutedSharesOutstanding 2009-06-30 (filed 2009-09-03) = 1.35e+14; us-gaap:WeightedAverageNumberOfDilutedSharesOutstanding 2009-06-30 (filed 2009-09-03) = 1.35e+14; us-gaap:WeightedAverageNumberOfSharesOutstandingBasic 2008-06-30 (filed 2009-09-03) = 1.29e+14; us-gaap:WeightedAverageNumberOfSharesOutstandingBasic 2008-06-30 (filed 2009-09-03) = 1.3e+14; us-gaap:WeightedAverageNumberOfSharesOutstandingBasic 2009-06-30 (filed 2009-09-03) = 1.35e+14; us-gaap:WeightedAverageNumberOfSharesOutstandingBasic 2009-06-30 (filed 2009-09-03) = 1.35e+14; us-gaap:WeightedAverageNumberOfDilutedSharesOutstanding 2008-06-30 (filed 2009-09-03) = 1.29e+14; us-gaap:WeightedAverageNumberOfDilutedSharesOutstanding 2008-06-30 (filed 2009-09-03) = 1.3e+14; us-gaap:WeightedAverageNumberOfDilutedSharesOutstanding 2009-06-30 (filed 2009-09-03) = 1.35e+14; us-gaap:WeightedAverageNumberOfDilutedSharesOutstanding 2009-06-30 (filed 2009-09-03) = 1.35e+14; us-gaap:WeightedAverageNumberOfSharesOutstandingBasic 2008-06-30 (filed 2009-09-03) = 1.29e+14; us-gaap:WeightedAverageNumberOfSharesOutstandingBasic 2008-06-30 (filed 2009-09-03) = 1.3e+14; us-gaap:WeightedAverageNumberOfSharesOutstandingBasic 2009-06-30 (filed 2009-09-03) = 1.35e+14; us-gaap:WeightedAverageNumberOfSharesOutstandingBasic 2009-06-30 (filed 2009-09-03) = 1.35e+14; EPS 2008-09-30 = -181 (imposible); EPS 2008-09-30 = -181 (imposible); us-gaap:WeightedAverageNumberOfSharesOutstandingBasic 2008-06-30 (filed 2009-09-03) = 1.29e+14; us-gaap:WeightedAverageNumberOfSharesOutstandingBasic 2008-06-30 (filed 2009-09-03) = 1.3e+14; us-gaap:WeightedAverageNumberOfSharesOutstandingBasic 2009-06-30 (filed 2009-09-03) = 1.35e+14; us-gaap:WeightedAverageNumberOfSharesOutstandingBasic 2009-06-30 (filed 2009-09-03) = 1.35e+14,,
AMAT,6951,,APPLIED MATERIALS INC /DE,True,"calculado: NetIncomeLoss / WeightedAverageNumberOfDilutedSharesOutstanding, us-gaap:EarningsPerShareDiluted",72,2009-10-25,2026-07-26,True,dei:EntityCommonStockSharesOutstanding,69,2009-09-01,2026-08-20,1980-04-02 1.5:1; 1981-02-06 1.5:1; 1986-05-16 2:1; 1992-04-07 2:1; 1993-10-06 2:1; 1995-10-13 2:1; 1997-10-14 2:1; 2000-03-16 2:1; 2002-04-17 2:1,,,
AMD,2488,,ADVANCED MICRO DEVICES INC,True,us-gaap:EarningsPerShareDiluted,68,2010-12-25,2026-06-27,True,dei:EntityCommonStockSharesOutstanding,64,2010-08-04,2026-08-05,1980-10-24 2:1; 1982-10-28 1.5:1; 1983-08-23 2:1; 2000-08-22 2:1,dei:EntityCommonStockSharesOutstanding 2012-07-27 (filed 2012-08-02) = 7.08e+14,,
AMGN,318154,,Amgen Inc.,True,us-gaap:EarningsPerShareDiluted,72,2009-12-31,2026-06-30,True,dei:EntityCommonStockSharesOutstanding,69,2009-08-10,2026-08-05,1990-08-13 2:1; 1991-09-11 3:1; 1995-08-16 2:1; 1999-03-01 2:1; 1999-11-22 2:1,,,
AMT,1053507,,AMERICAN TOWER CORP /MA/,True,us-gaap:EarningsPerShareDiluted,72,2009-12-31,2026-06-30,True,dei:EntityCommonStockSharesOutstanding,69,2009-08-06,2026-07-28,,us-gaap:WeightedAverageNumberOfDilutedSharesOutstanding 2015-12-31 (filed 2017-02-27) = 4.23e+05; us-gaap:WeightedAverageNumberOfSharesOutstandingBasic 2015-12-31 (filed 2017-02-27) = 4.19e+05; us-gaap:WeightedAverageNumberOfDilutedSharesOutstanding 2015-12-31 (filed 2017-02-27) = 4.23e+05; us-gaap:WeightedAverageNumberOfSharesOutstandingBasic 2015-12-31 (filed 2017-02-27) = 4.19e+05; us-gaap:WeightedAverageNumberOfDilutedSharesOutstanding 2015-12-31 (filed 2017-02-27) = 4.23e+05; us-gaap:WeightedAverageNumberOfSharesOutstandingBasic 2015-12-31 (filed 2017-02-27) = 4.19e+05; us-gaap:CommonStockSharesOutstanding 2019-12-31 (filed 2020-04-29) = 4.43e+05; us-gaap:CommonStockSharesOutstanding 2019-12-31 (filed 2020-07-30) = 4.43e+05; us-gaap:CommonStockSharesOutstanding 2020-03-31 (filed 2020-04-29) = 4.43e+05; us-gaap:CommonStockSharesOutstanding 2020-06-30 (filed 2020-07-30) = 4.44e+05; us-gaap:WeightedAverageNumberOfSharesOutstandingBasic 2015-12-31 (filed 2017-02-27) = 4.19e+05,,
AMZN,1018724,,AMAZON COM INC,True,us-gaap:EarningsPerShareDiluted,72,2009-12-31,2026-06-30,True,dei:EntityCommonStockSharesOutstanding,69,2009-07-24,2026-07-31,1998-06-02 2:1; 1999-01-05 3:1; 1999-09-02 2:1; 2022-06-06 20:1,,,
ANET,1596532,,"Arista Networks, Inc.",True,us-gaap:EarningsPerShareDiluted,52,2014-12-31,2026-06-30,True,dei:EntityCommonStockSharesOutstanding,49,2014-08-08,2026-08-05,2021-11-18 4:1; 2024-12-04 4:1,,,
APA,1841666,,APA CORPORATION,True,us-gaap:EarningsPerShareDiluted,26,2020-12-31,2026-06-30,True,dei:EntityCommonStockSharesOutstanding,22,2021-05-07,2026-08-06,1979-05-15 1.33333:1; 1980-05-15 1.5:1; 1981-02-20 1.5:1; 2001-12-27 1.1:1; 2003-03-10 1.05:1; 2004-01-15 2:1,,,
APD,2969,,"AIR PRODUCTS AND CHEMICALS, INC.",True,us-gaap:EarningsPerShareDiluted,72,2009-09-30,2026-06-30,True,dei:EntityCommonStockSharesOutstanding,69,2009-07-24,2026-07-30,1986-06-06 2:1; 1992-03-10 2:1; 1998-06-16 2:1; 2016-10-03 1.081:1,,,
APH,820313,,AMPHENOL CORPORATION,True,us-gaap:EarningsPerShareDiluted,72,2009-12-31,2026-06-30,True,dei:EntityCommonStockSharesOutstanding,69,2009-08-06,2026-07-31,2000-04-26 2:1; 2004-03-30 2:1; 2007-04-02 2:1; 2014-10-10 2:1; 2021-03-05 2:1; 2024-06-12 2:1; 2026-09-03 2:1,,,
APP,1751008,,AppLovin Corporation,True,us-gaap:EarningsPerShareDiluted,26,2020-12-31,2026-06-30,True,us-gaap:CommonStockSharesOutstanding,22,2021-08-13,2026-08-05,,,,
AVGO,1730168,,Broadcom Inc.,True,us-gaap:EarningsPerShareDiluted,39,2017-10-29,2026-08-02,True,dei:EntityCommonStockSharesOutstanding,34,2018-06-14,2026-09-10,2024-07-15 10:1,,,
AXP,4962,,AMERICAN EXPRESS CO,True,"calculado: NetIncomeLoss / WeightedAverageNumberOfDilutedSharesOutstanding, us-gaap:EarningsPerShareDiluted",72,2009-12-31,2026-06-30,True,dei:EntityCommonStockSharesOutstanding,69,2009-09-02,2026-07-24,1983-02-11 1.33333:1; 1983-08-11 1.5:1; 1987-05-11 2:1; 1994-05-31 1.13314:1; 2000-05-11 3:1; 2005-10-03 1.14247:1,us-gaap:WeightedAverageNumberOfDilutedSharesOutstanding 2018-03-31 (filed 2019-04-23) = 861; us-gaap:WeightedAverageNumberOfDilutedSharesOutstanding 2019-03-31 (filed 2019-04-23) = 843; us-gaap:WeightedAverageNumberOfSharesOutstandingBasic 2018-03-31 (filed 2019-04-23) = 859; us-gaap:WeightedAverageNumberOfSharesOutstandingBasic 2019-03-31 (filed 2019-04-23) = 841; us-gaap:WeightedAverageNumberOfDilutedSharesOutstanding 2018-03-31 (filed 2019-04-23) = 861; us-gaap:WeightedAverageNumberOfDilutedSharesOutstanding 2019-03-31 (filed 2019-04-23) = 843; us-gaap:WeightedAverageNumberOfSharesOutstandingBasic 2018-03-31 (filed 2019-04-23) = 859; us-gaap:WeightedAverageNumberOfSharesOutstandingBasic 2019-03-31 (filed 2019-04-23) = 841; us-gaap:WeightedAverageNumberOfSharesOutstandingBasic 2018-03-31 (filed 2019-04-23) = 859; us-gaap:WeightedAverageNumberOfSharesOutstandingBasic 2019-03-31 (filed 2019-04-23) = 841,,
BA,12927,,THE BOEING COMPANY,True,us-gaap:EarningsPerShareDiluted,72,2009-12-31,2026-06-30,True,dei:EntityCommonStockSharesOutstanding,69,2009-07-22,2026-07-28,1966-05-18 2:1; 1977-09-13 2:1; 1979-04-16 1.5:1; 1980-04-15 1.5:1; 1985-06-10 1.5:1; 1989-06-12 1.5:1; 1990-06-11 1.5:1; 1997-06-09 2:1,,,
BAC,70858,,BofA Finance LLC,True,us-gaap:EarningsPerShareDiluted,71,2010-12-31,2026-06-30,True,dei:EntityCommonStockSharesOutstanding,69,2009-08-07,2026-07-31,1986-11-21 2:1; 1997-02-28 2:1; 2004-08-30 2:1,,,
BAX,10456,,BAXTER INTERNATIONAL INC.,True,"calculado: NetIncomeLoss / WeightedAverageNumberOfDilutedSharesOutstanding, us-gaap:EarningsPerShareDiluted",72,2009-12-31,2026-06-30,True,dei:EntityCommonStockSharesOutstanding,68,2009-07-28,2026-07-30,1981-11-09 2:1; 1983-11-18 2:1; 1992-12-01 1.10104:1; 2001-05-31 2:1; 2015-07-01 1.841:1,,,
BDX,10795,,"BECTON, DICKINSON AND COMPANY",True,us-gaap:EarningsPerShareDiluted,71,2010-09-30,2026-06-30,True,dei:EntityCommonStockSharesOutstanding,69,2009-08-10,2026-08-06,1986-03-03 2:1; 1993-03-01 2:1; 1996-08-16 2:1; 1998-08-21 2:1; 2022-04-01 1.025:1; 2026-02-10 1.272:1,,,
BIIB,875045,,BIOGEN INC.,True,us-gaap:EarningsPerShareDiluted,71,2009-12-31,2026-06-30,True,dei:EntityCommonStockSharesOutstanding,68,2009-07-17,2026-04-29,1999-12-21 2:1; 2001-01-18 3:1,us-gaap:CommonStockSharesOutstanding 2009-12-31 (filed 2011-02-04) = 2.75e+05; us-gaap:CommonStockSharesOutstanding 2010-12-31 (filed 2011-02-04) = 2.41e+05,,1.0
BKNG,1075531,,Booking Holdings Inc.,True,us-gaap:EarningsPerShareDiluted,70,2009-12-31,2026-06-30,True,dei:EntityCommonStockSharesOutstanding,65,2010-08-04,2026-08-04,2003-06-16 0.166667:1; 2026-04-06 25:1,,,
BLK,2012383,,"BlackRock, Inc.",True,us-gaap:EarningsPerShareDiluted,10,2025-12-31,2026-06-30,True,us-gaap:CommonStockSharesOutstanding,9,2024-11-06,2026-08-06,,,,
BMY,14272,,BRISTOL-MYERS SQUIBB COMPANY,True,us-gaap:EarningsPerShareDiluted,72,2009-12-31,2026-06-30,True,dei:EntityCommonStockSharesOutstanding,68,2009-07-23,2026-07-30,1977-05-31 2:1; 1983-05-27 2:1; 1987-06-10 2:1; 1997-03-03 2:1; 1999-03-01 2:1; 2001-08-07 1.05067:1,,,
BNY,1390777,,Bank of New York Mellon Corp,True,us-gaap:EarningsPerShareDiluted,72,2009-12-31,2026-06-30,True,dei:EntityCommonStockSharesOutstanding,69,2009-08-07,2026-07-31,1983-10-11 2:1; 1986-11-07 1.5:1; 1994-05-16 2:1; 1996-08-09 2:1; 1998-08-14 2:1; 2007-07-02 0.9434:1,,,
BRK.B,1067983,,BERKSHIRE HATHAWAY INC,True,"calculado: NetIncomeLoss / WeightedAverageNumberOfSharesOutstandingBasic, us-gaap:EarningsPerShareBasic",28,2009-12-31,2015-09-30,True,us-gaap:WeightedAverageNumberOfSharesOutstandingBasic,30,2009-11-06,2015-11-06,2010-01-21 50:1,us-gaap:WeightedAverageNumberOfSharesOutstandingBasic 2008-12-31 (filed 2011-02-28) = 2.32e+15; us-gaap:WeightedAverageNumberOfSharesOutstandingBasic 2009-12-31 (filed 2011-02-28) = 2.33e+15; us-gaap:WeightedAverageNumberOfSharesOutstandingBasic 2009-12-31 (filed 2012-02-27) = 2.33e+15; us-gaap:WeightedAverageNumberOfSharesOutstandingBasic 2010-06-30 (filed 2011-08-05) = 2.43e+15; us-gaap:WeightedAverageNumberOfSharesOutstandingBasic 2010-06-30 (filed 2011-08-05) = 2.47e+15; us-gaap:WeightedAverageNumberOfSharesOutstandingBasic 2010-09-30 (filed 2011-11-04) = 2.45e+15; us-gaap:WeightedAverageNumberOfSharesOutstandingBasic 2010-09-30 (filed 2011-11-04) = 2.47e+15; us-gaap:WeightedAverageNumberOfSharesOutstandingBasic 2010-12-31 (filed 2011-02-28) = 2.45e+15; us-gaap:WeightedAverageNumberOfSharesOutstandingBasic 2010-12-31 (filed 2012-02-27) = 2.45e+15; us-gaap:WeightedAverageNumberOfSharesOutstandingBasic 2011-03-31 (filed 2012-05-04) = 2.47e+15; us-gaap:WeightedAverageNumberOfSharesOutstandingBasic 2011-06-30 (filed 2011-08-05) = 2.47e+15; us-gaap:WeightedAverageNumberOfSharesOutstandingBasic 2011-06-30 (filed 2011-08-05) = 2.47e+15; us-gaap:WeightedAverageNumberOfSharesOutstandingBasic 2011-09-30 (filed 2011-11-04) = 2.47e+15; us-gaap:WeightedAverageNumberOfSharesOutstandingBasic 2011-09-30 (filed 2011-11-04) = 2.48e+15; us-gaap:WeightedAverageNumberOfSharesOutstandingBasic 2011-12-31 (filed 2012-02-27) = 2.47e+15; us-gaap:WeightedAverageNumberOfSharesOutstandingBasic 2012-03-31 (filed 2012-05-04) = 2.48e+15; us-gaap:WeightedAverageNumberOfSharesOutstandingBasic 2008-12-31 (filed 2011-02-28) = 2.32e+15; us-gaap:WeightedAverageNumberOfSharesOutstandingBasic 2009-12-31 (filed 2011-02-28) = 2.33e+15; us-gaap:WeightedAverageNumberOfSharesOutstandingBasic 2009-12-31 (filed 2012-02-27) = 2.33e+15; us-gaap:WeightedAverageNumberOfSharesOutstandingBasic 2010-06-30 (filed 2011-08-05) = 2.43e+15; us-gaap:WeightedAverageNumberOfSharesOutstandingBasic 2010-06-30 (filed 2011-08-05) = 2.47e+15; us-gaap:WeightedAverageNumberOfSharesOutstandingBasic 2010-09-30 (filed 2011-11-04) = 2.45e+15; us-gaap:WeightedAverageNumberOfSharesOutstandingBasic 2010-09-30 (filed 2011-11-04) = 2.47e+15; us-gaap:WeightedAverageNumberOfSharesOutstandingBasic 2010-12-31 (filed 2011-02-28) = 2.45e+15; us-gaap:WeightedAverageNumberOfSharesOutstandingBasic 2010-12-31 (filed 2012-02-27) = 2.45e+15; us-gaap:WeightedAverageNumberOfSharesOutstandingBasic 2011-03-31 (filed 2012-05-04) = 2.47e+15; us-gaap:WeightedAverageNumberOfSharesOutstandingBasic 2011-06-30 (filed 2011-08-05) = 2.47e+15; us-gaap:WeightedAverageNumberOfSharesOutstandingBasic 2011-06-30 (filed 2011-08-05) = 2.47e+15; us-gaap:WeightedAverageNumberOfSharesOutstandingBasic 2011-09-30 (filed 2011-11-04) = 2.47e+15; us-gaap:WeightedAverageNumberOfSharesOutstandingBasic 2011-09-30 (filed 2011-11-04) = 2.48e+15; us-gaap:WeightedAverageNumberOfSharesOutstandingBasic 2011-12-31 (filed 2012-02-27) = 2.47e+15; us-gaap:WeightedAverageNumberOfSharesOutstandingBasic 2012-03-31 (filed 2012-05-04) = 2.48e+15; us-gaap:WeightedAverageNumberOfSharesOutstandingBasic 2008-12-31 (filed 2011-02-28) = 2.32e+15; us-gaap:WeightedAverageNumberOfSharesOutstandingBasic 2009-12-31 (filed 2011-02-28) = 2.33e+15; us-gaap:WeightedAverageNumberOfSharesOutstandingBasic 2009-12-31 (filed 2012-02-27) = 2.33e+15; us-gaap:WeightedAverageNumberOfSharesOutstandingBasic 2010-06-30 (filed 2011-08-05) = 2.43e+15; us-gaap:WeightedAverageNumberOfSharesOutstandingBasic 2010-06-30 (filed 2011-08-05) = 2.47e+15; us-gaap:WeightedAverageNumberOfSharesOutstandingBasic 2010-09-30 (filed 2011-11-04) = 2.45e+15; us-gaap:WeightedAverageNumberOfSharesOutstandingBasic 2010-09-30 (filed 2011-11-04) = 2.47e+15; us-gaap:WeightedAverageNumberOfSharesOutstandingBasic 2010-12-31 (filed 2011-02-28) = 2.45e+15; us-gaap:WeightedAverageNumberOfSharesOutstandingBasic 2010-12-31 (filed 2012-02-27) = 2.45e+15; us-gaap:WeightedAverageNumberOfSharesOutstandingBasic 2011-03-31 (filed 2012-05-04) = 2.47e+15; us-gaap:WeightedAverageNumberOfSharesOutstandingBasic 2011-06-30 (filed 2011-08-05) = 2.47e+15; us-gaap:WeightedAverageNumberOfSharesOutstandingBasic 2011-06-30 (filed 2011-08-05) = 2.47e+15; us-gaap:WeightedAverageNumberOfSharesOutstandingBasic 2011-09-30 (filed 2011-11-04) = 2.47e+15; us-gaap:WeightedAverageNumberOfSharesOutstandingBasic 2011-09-30 (filed 2011-11-04) = 2.48e+15; us-gaap:WeightedAverageNumberOfSharesOutstandingBasic 2011-12-31 (filed 2012-02-27) = 2.47e+15; us-gaap:WeightedAverageNumberOfSharesOutstandingBasic 2012-03-31 (filed 2012-05-04) = 2.48e+15,,
BSX,885725,,BOSTON SCIENTIFIC CORPORATION,True,us-gaap:EarningsPerShareDiluted,72,2009-12-31,2026-06-30,True,dei:EntityCommonStockSharesOutstanding,69,2009-08-06,2026-08-03,1998-12-01 2:1; 2003-11-06 2:1,,,
BX,1393818,,Blackstone Inc.,True,"us-gaap:EarningsPerShareBasicAndDiluted, us-gaap:EarningsPerShareDiluted",66,2010-12-31,2026-06-30,True,dei:EntityCommonStockSharesOutstanding,62,2010-08-06,2026-08-07,,,,
C,831001,,Citigroup Inc,True,us-gaap:EarningsPerShareDiluted,69,2009-12-31,2026-06-30,True,dei:EntityCommonStockSharesOutstanding,66,2009-11-06,2026-02-20,1987-03-13 2:1; 1993-03-01 1.5:1; 1993-08-30 1.33333:1; 1995-10-03 1.00402:1; 1996-05-28 1.5:1; 1996-11-25 1.33333:1; 1997-11-20 1.5:1; 1999-06-01 1.5:1; 2000-08-28 1.33333:1; 2011-05-09 0.1:1,us-gaap:CommonStockSharesOutstanding 2008-12-31 (filed 2009-11-06) = 5.45e+05; us-gaap:CommonStockSharesOutstanding 2009-09-30 (filed 2009-11-06) = 2.29e+06,,2.0
CAT,18230,,CATERPILLAR INC,True,us-gaap:EarningsPerShareDiluted,72,2009-12-31,2026-06-30,True,dei:EntityCommonStockSharesOutstanding,69,2009-08-12,2026-08-05,1964-07-06 2:1; 1976-07-26 1.5:1; 1994-09-06 2:1; 1997-07-14 2:1; 2005-07-14 2:1,,,
CB,896159,,CHUBB LIMITED,True,us-gaap:EarningsPerShareDiluted,71,2009-12-31,2026-06-30,True,dei:EntityCommonStockSharesOutstanding,66,2009-08-07,2026-04-28,1998-03-03 3:1,dei:EntityCommonStockSharesOutstanding 2010-03-31 (filed 2010-05-07) = 3.39e+14; dei:EntityCommonStockSharesOutstanding 2010-06-30 (filed 2010-08-06) = 3.39e+14; us-gaap:CommonStockSharesOutstanding 2009-12-31 (filed 2010-05-07) = 3.37e+14; us-gaap:CommonStockSharesOutstanding 2009-12-31 (filed 2010-08-06) = 3.37e+14; us-gaap:CommonStockSharesOutstanding 2010-03-31 (filed 2010-05-07) = 3.39e+14; us-gaap:CommonStockSharesOutstanding 2010-06-30 (filed 2010-08-06) = 3.39e+14,,1.0
CCI,1051470,,CROWN CASTLE INC.,True,"calculado: NetIncomeLoss / WeightedAverageNumberOfDilutedSharesOutstanding, us-gaap:EarningsPerShareDiluted",71,2009-12-31,2026-06-30,True,dei:EntityCommonStockSharesOutstanding,69,2009-08-28,2026-08-05,,us-gaap:CommonStockSharesOutstanding 2008-12-31 (filed 2009-08-28) = 2.88e+11; us-gaap:CommonStockSharesOutstanding 2009-06-30 (filed 2009-08-28) = 2.91e+11,,
CHTR,1091667,,"Charter Communications, Inc.",True,"us-gaap:EarningsPerShareBasicAndDiluted, us-gaap:EarningsPerShareDiluted",66,2010-12-31,2026-06-30,True,us-gaap:WeightedAverageNumberOfSharesOutstandingBasic,62,2011-05-03,2026-07-24,,,,
CI,1739940,701221,The Cigna Group,True,us-gaap:EarningsPerShareDiluted,71,2010-12-31,2026-06-30,True,dei:EntityCommonStockSharesOutstanding,69,2009-07-30,2026-07-30,1998-05-18 3:1; 2007-06-05 3:1,us-gaap:CommonStockSharesOutstanding 2016-12-31 (filed 2019-02-28) = 0; us-gaap:CommonStockSharesOutstanding 2017-12-31 (filed 2019-02-28) = 0; us-gaap:CommonStockSharesOutstanding 2017-12-31 (filed 2020-02-27) = 0; us-gaap:CommonStockSharesOutstanding 2017-12-31 (filed 2021-02-25) = 0,,
CL,21665,,COLGATE-PALMOLIVE COMPANY,True,us-gaap:EarningsPerShareDiluted,72,2009-12-31,2026-06-30,True,dei:EntityCommonStockSharesOutstanding,69,2009-07-30,2026-07-31,1973-05-30 3:1; 1991-05-16 2:1; 1997-05-16 2:1; 1999-07-01 2:1; 2013-05-16 2:1,,,
CMCSA,1166691,,COMCAST CORPORATION,True,us-gaap:EarningsPerShareDiluted,72,2009-12-31,2026-06-30,True,dei:EntityCommonStockSharesOutstanding,71,2009-11-04,2026-07-23,1980-05-16 1.5:1; 1981-04-13 1.5:1; 1983-01-06 1.5:1; 1984-09-19 1.5:1; 1985-06-28 1.5:1; 1986-12-19 1.5:1; 1988-04-11 1.5:1; 1989-10-25 1.5:1; 1994-02-03 1.5:1; 1999-05-06 2:1; 2007-02-22 1.5:1; 2017-02-21 2:1; 2026-01-05 1.067:1,,,
CME,1156375,,CME GROUP INC.,True,us-gaap:EarningsPerShareDiluted,72,2009-12-31,2026-06-30,True,us-gaap:WeightedAverageNumberOfSharesOutstandingBasic,74,2009-09-04,2026-07-24,2012-07-23 5:1,,,
COF,927628,,CAPITAL ONE FINANCIAL CORP,True,us-gaap:EarningsPerShareDiluted,71,2010-12-31,2026-06-30,True,dei:EntityCommonStockSharesOutstanding,69,2009-08-10,2026-07-28,1999-06-02 3:1,,,
COP,1163165,,ConocoPhillips,True,"us-gaap:EarningsPerShareBasic, us-gaap:EarningsPerShareDiluted",71,2010-12-31,2026-06-30,True,dei:EntityCommonStockSharesOutstanding,69,2009-08-04,2026-08-06,1985-07-05 3:1; 2005-06-02 2:1; 2012-05-01 1.31179:1,us-gaap:WeightedAverageNumberOfDilutedSharesOutstanding 2008-06-30 (filed 2009-08-04) = 2.06e+06; us-gaap:WeightedAverageNumberOfDilutedSharesOutstanding 2008-06-30 (filed 2009-08-04) = 2.04e+06; us-gaap:WeightedAverageNumberOfDilutedSharesOutstanding 2009-06-30 (filed 2009-08-04) = 1.96e+06; us-gaap:WeightedAverageNumberOfDilutedSharesOutstanding 2009-06-30 (filed 2009-08-04) = 1.96e+06; us-gaap:WeightedAverageNumberOfDilutedSharesOutstanding 2010-12-31 (filed 2013-02-19) = 1.49e+06; us-gaap:WeightedAverageNumberOfDilutedSharesOutstanding 2011-09-30 (filed 2012-10-30) = 1.41e+06; us-gaap:WeightedAverageNumberOfDilutedSharesOutstanding 2011-09-30 (filed 2012-10-30) = 1.37e+06; us-gaap:WeightedAverageNumberOfDilutedSharesOutstanding 2011-12-31 (filed 2013-02-19) = 1.39e+06; us-gaap:WeightedAverageNumberOfDilutedSharesOutstanding 2011-12-31 (filed 2014-02-25) = 1.39e+06; us-gaap:WeightedAverageNumberOfDilutedSharesOutstanding 2012-03-31 (filed 2013-04-30) = 1.29e+06; us-gaap:WeightedAverageNumberOfDilutedSharesOutstanding 2012-06-30 (filed 2013-08-02) = 1.28e+06; us-gaap:WeightedAverageNumberOfDilutedSharesOutstanding 2012-06-30 (filed 2013-08-02) = 1.26e+06; us-gaap:WeightedAverageNumberOfDilutedSharesOutstanding 2012-09-30 (filed 2012-10-30) = 1.26e+06; us-gaap:WeightedAverageNumberOfDilutedSharesOutstanding 2012-09-30 (filed 2013-11-05) = 1.26e+06; us-gaap:WeightedAverageNumberOfDilutedSharesOutstanding 2012-09-30 (filed 2012-10-30) = 1.23e+06; us-gaap:WeightedAverageNumberOfDilutedSharesOutstanding 2012-09-30 (filed 2013-11-05) = 1.23e+06; us-gaap:WeightedAverageNumberOfDilutedSharesOutstanding 2012-12-31 (filed 2013-02-19) = 1.25e+06; us-gaap:WeightedAverageNumberOfDilutedSharesOutstanding 2012-12-31 (filed 2014-02-25) = 1.25e+06; us-gaap:WeightedAverageNumberOfDilutedSharesOutstanding 2012-12-31 (filed 2015-02-24) = 1.25e+06; us-gaap:WeightedAverageNumberOfDilutedSharesOutstanding 2013-03-31 (filed 2013-04-30) = 1.24e+06; us-gaap:WeightedAverageNumberOfDilutedSharesOutstanding 2013-03-31 (filed 2014-05-06) = 1.24e+06; us-gaap:WeightedAverageNumberOfDilutedSharesOutstanding 2013-06-30 (filed 2013-08-02) = 1.24e+06; us-gaap:WeightedAverageNumberOfDilutedSharesOutstanding 2013-06-30 (filed 2014-08-05) = 1.24e+06; us-gaap:WeightedAverageNumberOfDilutedSharesOutstanding 2013-06-30 (filed 2013-08-02) = 1.24e+06; us-gaap:WeightedAverageNumberOfDilutedSharesOutstanding 2013-06-30 (filed 2014-08-05) = 1.24e+06; us-gaap:WeightedAverageNumberOfDilutedSharesOutstanding 2013-09-30 (filed 2013-11-05) = 1.24e+06; us-gaap:WeightedAverageNumberOfDilutedSharesOutstanding 2013-09-30 (filed 2014-11-04) = 1.24e+06; us-gaap:WeightedAverageNumberOfDilutedSharesOutstanding 2013-09-30 (filed 2013-11-05) = 1.24e+06; us-gaap:WeightedAverageNumberOfDilutedSharesOutstanding 2013-09-30 (filed 2014-11-04) = 1.24e+06; us-gaap:WeightedAverageNumberOfDilutedSharesOutstanding 2013-12-31 (filed 2014-02-25) = 1.24e+06; us-gaap:WeightedAverageNumberOfDilutedSharesOutstanding 2013-12-31 (filed 2015-02-24) = 1.24e+06; us-gaap:WeightedAverageNumberOfDilutedSharesOutstanding 2013-12-31 (filed 2016-02-23) = 1.24e+06; us-gaap:WeightedAverageNumberOfDilutedSharesOutstanding 2014-03-31 (filed 2014-05-06) = 1.24e+06; us-gaap:WeightedAverageNumberOfDilutedSharesOutstanding 2014-03-31 (filed 2015-05-05) = 1.24e+06; us-gaap:WeightedAverageNumberOfDilutedSharesOutstanding 2014-06-30 (filed 2014-08-05) = 1.25e+06; us-gaap:WeightedAverageNumberOfDilutedSharesOutstanding 2014-06-30 (filed 2015-08-04) = 1.25e+06; us-gaap:WeightedAverageNumberOfDilutedSharesOutstanding 2014-06-30 (filed 2014-08-05) = 1.25e+06; us-gaap:WeightedAverageNumberOfDilutedSharesOutstanding 2014-06-30 (filed 2015-08-04) = 1.25e+06; us-gaap:WeightedAverageNumberOfDilutedSharesOutstanding 2014-09-30 (filed 2014-11-04) = 1.25e+06; us-gaap:WeightedAverageNumberOfDilutedSharesOutstanding 2014-09-30 (filed 2015-11-03) = 1.25e+06; us-gaap:WeightedAverageNumberOfDilutedSharesOutstanding 2014-09-30 (filed 2014-11-04) = 1.25e+06; us-gaap:WeightedAverageNumberOfDilutedSharesOutstanding 2014-09-30 (filed 2015-11-03) = 1.25e+06; us-gaap:WeightedAverageNumberOfDilutedSharesOutstanding 2014-12-31 (filed 2015-02-24) = 1.25e+06; us-gaap:WeightedAverageNumberOfDilutedSharesOutstanding 2014-12-31 (filed 2016-02-23) = 1.25e+06; us-gaap:WeightedAverageNumberOfDilutedSharesOutstanding 2014-12-31 (filed 2017-02-21) = 1.25e+06; us-gaap:WeightedAverageNumberOfDilutedSharesOutstanding 2015-03-31 (filed 2015-05-05) = 1.25e+06; us-gaap:WeightedAverageNumberOfDilutedSharesOutstanding 2015-03-31 (filed 2016-05-03) = 1.25e+06; us-gaap:WeightedAverageNumberOfDilutedSharesOutstanding 2015-06-30 (filed 2015-08-04) = 1.25e+06; us-gaap:WeightedAverageNumberOfDilutedSharesOutstanding 2015-06-30 (filed 2016-08-02) = 1.25e+06; us-gaap:WeightedAverageNumberOfDilutedSharesOutstanding 2015-06-30 (filed 2015-08-04) = 1.24e+06; us-gaap:WeightedAverageNumberOfDilutedSharesOutstanding 2015-06-30 (filed 2016-08-02) = 1.24e+06; us-gaap:WeightedAverageNumberOfDilutedSharesOutstanding 2015-09-30 (filed 2015-11-03) = 1.24e+06; us-gaap:WeightedAverageNumberOfDilutedSharesOutstanding 2015-09-30 (filed 2016-11-01) = 1.24e+06; us-gaap:WeightedAverageNumberOfDilutedSharesOutstanding 2015-09-30 (filed 2015-11-03) = 1.24e+06; us-gaap:WeightedAverageNumberOfDilutedSharesOutstanding 2015-09-30 (filed 2016-11-01) = 1.24e+06; us-gaap:WeightedAverageNumberOfDilutedSharesOutstanding 2015-12-31 (filed 2016-02-23) = 1.24e+06; us-gaap:WeightedAverageNumberOfDilutedSharesOutstanding 2015-12-31 (filed 2017-02-21) = 1.24e+06; us-gaap:WeightedAverageNumberOfDilutedSharesOutstanding 2015-12-31 (filed 2018-02-20) = 1.24e+06; us-gaap:WeightedAverageNumberOfDilutedSharesOutstanding 2016-03-31 (filed 2016-05-03) = 1.24e+06; us-gaap:WeightedAverageNumberOfDilutedSharesOutstanding 2016-03-31 (filed 2017-05-04) = 1.24e+06; us-gaap:WeightedAverageNumberOfDilutedSharesOutstanding 2016-06-30 (filed 2016-08-02) = 1.24e+06; us-gaap:WeightedAverageNumberOfDilutedSharesOutstanding 2016-06-30 (filed 2017-08-01) = 1.24e+06; us-gaap:WeightedAverageNumberOfDilutedSharesOutstanding 2016-06-30 (filed 2016-08-02) = 1.24e+06; us-gaap:WeightedAverageNumberOfDilutedSharesOutstanding 2016-09-30 (filed 2016-11-01) = 1.25e+06; us-gaap:WeightedAverageNumberOfDilutedSharesOutstanding 2016-09-30 (filed 2017-10-31) = 1.25e+06; us-gaap:WeightedAverageNumberOfDilutedSharesOutstanding 2016-09-30 (filed 2016-11-01) = 1.25e+06; us-gaap:WeightedAverageNumberOfDilutedSharesOutstanding 2016-12-31 (filed 2017-02-21) = 1.25e+06; us-gaap:WeightedAverageNumberOfDilutedSharesOutstanding 2016-12-31 (filed 2018-02-20) = 1.25e+06; us-gaap:WeightedAverageNumberOfDilutedSharesOutstanding 2016-12-31 (filed 2019-02-19) = 1.25e+06; us-gaap:WeightedAverageNumberOfDilutedSharesOutstanding 2017-03-31 (filed 2017-05-04) = 1.25e+06; us-gaap:WeightedAverageNumberOfDilutedSharesOutstanding 2017-03-31 (filed 2018-05-01) = 1.25e+06; us-gaap:WeightedAverageNumberOfDilutedSharesOutstanding 2017-06-30 (filed 2017-08-01) = 1.24e+06; us-gaap:WeightedAverageNumberOfDilutedSharesOutstanding 2017-06-30 (filed 2018-07-31) = 1.24e+06; us-gaap:WeightedAverageNumberOfDilutedSharesOutstanding 2017-06-30 (filed 2018-08-01) = 1.24e+06; us-gaap:WeightedAverageNumberOfDilutedSharesOutstanding 2017-06-30 (filed 2018-07-31) = 1.24e+06; us-gaap:WeightedAverageNumberOfDilutedSharesOutstanding 2017-06-30 (filed 2018-08-01) = 1.24e+06; us-gaap:WeightedAverageNumberOfDilutedSharesOutstanding 2017-09-30 (filed 2017-10-31) = 1.23e+06; us-gaap:WeightedAverageNumberOfDilutedSharesOutstanding 2017-09-30 (filed 2018-10-30) = 1.23e+06; us-gaap:WeightedAverageNumberOfDilutedSharesOutstanding 2017-09-30 (filed 2018-10-30) = 1.22e+06; us-gaap:WeightedAverageNumberOfDilutedSharesOutstanding 2017-12-31 (filed 2018-02-20) = 1.22e+06; us-gaap:WeightedAverageNumberOfDilutedSharesOutstanding 2017-12-31 (filed 2019-02-19) = 1.22e+06; us-gaap:WeightedAverageNumberOfDilutedSharesOutstanding 2017-12-31 (filed 2020-02-18) = 1.22e+06; us-gaap:WeightedAverageNumberOfDilutedSharesOutstanding 2018-03-31 (filed 2018-05-01) = 1.19e+06; us-gaap:WeightedAverageNumberOfDilutedSharesOutstanding 2018-03-31 (filed 2019-05-02) = 1.19e+06; us-gaap:WeightedAverageNumberOfDilutedSharesOutstanding 2018-06-30 (filed 2018-07-31) = 1.18e+06; us-gaap:WeightedAverageNumberOfDilutedSharesOutstanding 2018-06-30 (filed 2018-08-01) = 1.18e+06; us-gaap:WeightedAverageNumberOfDilutedSharesOutstanding 2018-06-30 (filed 2019-08-01) = 1.18e+06; us-gaap:WeightedAverageNumberOfDilutedSharesOutstanding 2018-06-30 (filed 2018-08-01) = 1.18e+06; us-gaap:WeightedAverageNumberOfDilutedSharesOutstanding 2018-06-30 (filed 2019-08-01) = 1.18e+06; us-gaap:WeightedAverageNumberOfDilutedSharesOutstanding 2018-09-30 (filed 2018-10-30) = 1.18e+06; us-gaap:WeightedAverageNumberOfDilutedSharesOutstanding 2018-09-30 (filed 2019-10-31) = 1.18e+06; us-gaap:WeightedAverageNumberOfDilutedSharesOutstanding 2018-09-30 (filed 2018-10-30) = 1.17e+06; us-gaap:WeightedAverageNumberOfDilutedSharesOutstanding 2018-09-30 (filed 2019-10-31) = 1.17e+06; us-gaap:WeightedAverageNumberOfDilutedSharesOutstanding 2018-12-31 (filed 2019-02-19) = 1.18e+06; us-gaap:WeightedAverageNumberOfDilutedSharesOutstanding 2018-12-31 (filed 2020-02-18) = 1.18e+06; us-gaap:WeightedAverageNumberOfDilutedSharesOutstanding 2018-12-31 (filed 2021-02-16) = 1.18e+06; us-gaap:WeightedAverageNumberOfDilutedSharesOutstanding 2019-03-31 (filed 2019-05-02) = 1.15e+06; us-gaap:WeightedAverageNumberOfDilutedSharesOutstanding 2019-03-31 (filed 2020-05-05) = 1.15e+06; us-gaap:WeightedAverageNumberOfDilutedSharesOutstanding 2019-06-30 (filed 2019-08-01) = 1.14e+06; us-gaap:WeightedAverageNumberOfDilutedSharesOutstanding 2019-06-30 (filed 2019-08-01) = 1.13e+06; us-gaap:WeightedAverageNumberOfDilutedSharesOutstanding 2019-09-30 (filed 2019-10-31) = 1.13e+06; us-gaap:WeightedAverageNumberOfDilutedSharesOutstanding 2019-09-30 (filed 2019-10-31) = 1.11e+06; us-gaap:WeightedAverageNumberOfDilutedSharesOutstanding 2019-12-31 (filed 2020-02-18) = 1.12e+06; us-gaap:WeightedAverageNumberOfDilutedSharesOutstanding 2019-12-31 (filed 2021-02-16) = 1.12e+06; us-gaap:WeightedAverageNumberOfDilutedSharesOutstanding 2019-12-31 (filed 2022-02-17) = 1.12e+06; us-gaap:WeightedAverageNumberOfDilutedSharesOutstanding 2020-03-31 (filed 2020-05-05) = 1.08e+06; us-gaap:WeightedAverageNumberOfDilutedSharesOutstanding 2020-03-31 (filed 2021-05-06) = 1.08e+06; us-gaap:WeightedAverageNumberOfDilutedSharesOutstanding 2020-12-31 (filed 2021-02-16) = 1.08e+06; us-gaap:WeightedAverageNumberOfDilutedSharesOutstanding 2020-12-31 (filed 2022-02-17) = 1.08e+06; us-gaap:WeightedAverageNumberOfDilutedSharesOutstanding 2021-03-31 (filed 2021-05-06) = 1.3e+06; us-gaap:WeightedAverageNumberOfDilutedSharesOutstanding 2021-12-31 (filed 2022-02-17) = 1.33e+06; us-gaap:WeightedAverageNumberOfSharesOutstandingBasic 2008-06-30 (filed 2009-08-04) = 2.03e+06; us-gaap:WeightedAverageNumberOfSharesOutstandingBasic 2008-06-30 (filed 2009-08-04) = 2.01e+06; us-gaap:WeightedAverageNumberOfSharesOutstandingBasic 2009-06-30 (filed 2009-08-04) = 1.95e+06; us-gaap:WeightedAverageNumberOfSharesOutstandingBasic 2009-06-30 (filed 2009-08-04) = 1.95e+06; us-gaap:WeightedAverageNumberOfSharesOutstandingBasic 2010-12-31 (filed 2013-02-19) = 1.48e+06; us-gaap:WeightedAverageNumberOfSharesOutstandingBasic 2011-09-30 (filed 2012-10-30) = 1.4e+06; us-gaap:WeightedAverageNumberOfSharesOutstandingBasic 2011-09-30 (filed 2012-10-30) = 1.36e+06; us-gaap:WeightedAverageNumberOfSharesOutstandingBasic 2011-12-31 (filed 2013-02-19) = 1.38e+06; us-gaap:WeightedAverageNumberOfSharesOutstandingBasic 2011-12-31 (filed 2014-02-25) = 1.38e+06; us-gaap:WeightedAverageNumberOfSharesOutstandingBasic 2012-03-31 (filed 2013-04-30) = 1.28e+06; us-gaap:WeightedAverageNumberOfSharesOutstandingBasic 2012-06-30 (filed 2013-08-02) = 1.27e+06; us-gaap:WeightedAverageNumberOfSharesOutstandingBasic 2012-06-30 (filed 2013-08-02) = 1.25e+06; us-gaap:WeightedAverageNumberOfSharesOutstandingBasic 2012-09-30 (filed 2012-10-30) = 1.25e+06; us-gaap:WeightedAverageNumberOfSharesOutstandingBasic 2012-09-30 (filed 2013-11-05) = 1.25e+06; us-gaap:WeightedAverageNumberOfSharesOutstandingBasic 2012-09-30 (filed 2012-10-30) = 1.22e+06; us-gaap:WeightedAverageNumberOfSharesOutstandingBasic 2012-09-30 (filed 2013-11-05) = 1.22e+06; us-gaap:WeightedAverageNumberOfSharesOutstandingBasic 2012-12-31 (filed 2013-02-19) = 1.24e+06; us-gaap:WeightedAverageNumberOfSharesOutstandingBasic 2012-12-31 (filed 2014-02-25) = 1.24e+06; us-gaap:WeightedAverageNumberOfSharesOutstandingBasic 2012-12-31 (filed 2015-02-24) = 1.24e+06; us-gaap:WeightedAverageNumberOfSharesOutstandingBasic 2013-03-31 (filed 2013-04-30) = 1.23e+06; us-gaap:WeightedAverageNumberOfSharesOutstandingBasic 2013-03-31 (filed 2014-05-06) = 1.23e+06; us-gaap:WeightedAverageNumberOfSharesOutstandingBasic 2013-06-30 (filed 2013-08-02) = 1.23e+06; us-gaap:WeightedAverageNumberOfSharesOutstandingBasic 2013-06-30 (filed 2014-08-05) = 1.23e+06; us-gaap:WeightedAverageNumberOfSharesOutstandingBasic 2013-06-30 (filed 2013-08-02) = 1.23e+06; us-gaap:WeightedAverageNumberOfSharesOutstandingBasic 2013-06-30 (filed 2014-08-05) = 1.23e+06; us-gaap:WeightedAverageNumberOfSharesOutstandingBasic 2013-09-30 (filed 2013-11-05) = 1.23e+06; us-gaap:WeightedAverageNumberOfSharesOutstandingBasic 2013-09-30 (filed 2014-11-04) = 1.23e+06; us-gaap:WeightedAverageNumberOfSharesOutstandingBasic 2013-09-30 (filed 2013-11-05) = 1.23e+06; us-gaap:WeightedAverageNumberOfSharesOutstandingBasic 2013-09-30 (filed 2014-11-04) = 1.23e+06; us-gaap:WeightedAverageNumberOfSharesOutstandingBasic 2013-12-31 (filed 2014-02-25) = 1.23e+06; us-gaap:WeightedAverageNumberOfSharesOutstandingBasic 2013-12-31 (filed 2015-02-24) = 1.23e+06; us-gaap:WeightedAverageNumberOfSharesOutstandingBasic 2013-12-31 (filed 2016-02-23) = 1.23e+06; us-gaap:WeightedAverageNumberOfSharesOutstandingBasic 2014-03-31 (filed 2014-05-06) = 1.23e+06; us-gaap:WeightedAverageNumberOfSharesOutstandingBasic 2014-03-31 (filed 2015-05-05) = 1.23e+06; us-gaap:WeightedAverageNumberOfSharesOutstandingBasic 2014-06-30 (filed 2014-08-05) = 1.24e+06; us-gaap:WeightedAverageNumberOfSharesOutstandingBasic 2014-06-30 (filed 2015-08-04) = 1.24e+06; us-gaap:WeightedAverageNumberOfSharesOutstandingBasic 2014-06-30 (filed 2014-08-05) = 1.24e+06; us-gaap:WeightedAverageNumberOfSharesOutstandingBasic 2014-06-30 (filed 2015-08-04) = 1.24e+06; us-gaap:WeightedAverageNumberOfSharesOutstandingBasic 2014-09-30 (filed 2014-11-04) = 1.24e+06; us-gaap:WeightedAverageNumberOfSharesOutstandingBasic 2014-09-30 (filed 2015-11-03) = 1.24e+06; us-gaap:WeightedAverageNumberOfSharesOutstandingBasic 2014-09-30 (filed 2014-11-04) = 1.24e+06; us-gaap:WeightedAverageNumberOfSharesOutstandingBasic 2014-09-30 (filed 2015-11-03) = 1.24e+06; us-gaap:WeightedAverageNumberOfSharesOutstandingBasic 2014-12-31 (filed 2015-02-24) = 1.24e+06; us-gaap:WeightedAverageNumberOfSharesOutstandingBasic 2014-12-31 (filed 2016-02-23) = 1.24e+06; us-gaap:WeightedAverageNumberOfSharesOutstandingBasic 2014-12-31 (filed 2017-02-21) = 1.24e+06; us-gaap:WeightedAverageNumberOfSharesOutstandingBasic 2015-03-31 (filed 2015-05-05) = 1.24e+06; us-gaap:WeightedAverageNumberOfSharesOutstandingBasic 2015-03-31 (filed 2016-05-03) = 1.24e+06; us-gaap:WeightedAverageNumberOfSharesOutstandingBasic 2015-06-30 (filed 2015-08-04) = 1.24e+06; us-gaap:WeightedAverageNumberOfSharesOutstandingBasic 2015-06-30 (filed 2016-08-02) = 1.24e+06; us-gaap:WeightedAverageNumberOfSharesOutstandingBasic 2015-06-30 (filed 2015-08-04) = 1.24e+06; us-gaap:WeightedAverageNumberOfSharesOutstandingBasic 2015-06-30 (filed 2016-08-02) = 1.24e+06; us-gaap:WeightedAverageNumberOfSharesOutstandingBasic 2015-09-30 (filed 2015-11-03) = 1.24e+06; us-gaap:WeightedAverageNumberOfSharesOutstandingBasic 2015-09-30 (filed 2016-11-01) = 1.24e+06; us-gaap:WeightedAverageNumberOfSharesOutstandingBasic 2015-09-30 (filed 2015-11-03) = 1.24e+06; us-gaap:WeightedAverageNumberOfSharesOutstandingBasic 2015-09-30 (filed 2016-11-01) = 1.24e+06; us-gaap:WeightedAverageNumberOfSharesOutstandingBasic 2015-12-31 (filed 2016-02-23) = 1.24e+06; us-gaap:WeightedAverageNumberOfSharesOutstandingBasic 2015-12-31 (filed 2017-02-21) = 1.24e+06; us-gaap:WeightedAverageNumberOfSharesOutstandingBasic 2015-12-31 (filed 2018-02-20) = 1.24e+06; us-gaap:WeightedAverageNumberOfSharesOutstandingBasic 2016-03-31 (filed 2016-05-03) = 1.24e+06; us-gaap:WeightedAverageNumberOfSharesOutstandingBasic 2016-03-31 (filed 2017-05-04) = 1.24e+06; us-gaap:WeightedAverageNumberOfSharesOutstandingBasic 2016-06-30 (filed 2016-08-02) = 1.24e+06; us-gaap:WeightedAverageNumberOfSharesOutstandingBasic 2016-06-30 (filed 2017-08-01) = 1.24e+06; us-gaap:WeightedAverageNumberOfSharesOutstandingBasic 2016-06-30 (filed 2016-08-02) = 1.24e+06; us-gaap:WeightedAverageNumberOfSharesOutstandingBasic 2016-09-30 (filed 2016-11-01) = 1.25e+06; us-gaap:WeightedAverageNumberOfSharesOutstandingBasic 2016-09-30 (filed 2017-10-31) = 1.25e+06; us-gaap:WeightedAverageNumberOfSharesOutstandingBasic 2016-09-30 (filed 2016-11-01) = 1.25e+06; us-gaap:WeightedAverageNumberOfSharesOutstandingBasic 2016-12-31 (filed 2017-02-21) = 1.25e+06; us-gaap:WeightedAverageNumberOfSharesOutstandingBasic 2016-12-31 (filed 2018-02-20) = 1.25e+06; us-gaap:WeightedAverageNumberOfSharesOutstandingBasic 2016-12-31 (filed 2019-02-19) = 1.25e+06; us-gaap:WeightedAverageNumberOfSharesOutstandingBasic 2017-03-31 (filed 2017-05-04) = 1.24e+06; us-gaap:WeightedAverageNumberOfSharesOutstandingBasic 2017-03-31 (filed 2018-05-01) = 1.24e+06; us-gaap:WeightedAverageNumberOfSharesOutstandingBasic 2017-06-30 (filed 2017-08-01) = 1.24e+06; us-gaap:WeightedAverageNumberOfSharesOutstandingBasic 2017-06-30 (filed 2018-07-31) = 1.24e+06; us-gaap:WeightedAverageNumberOfSharesOutstandingBasic 2017-06-30 (filed 2018-08-01) = 1.24e+06; us-gaap:WeightedAverageNumberOfSharesOutstandingBasic 2017-06-30 (filed 2018-07-31) = 1.24e+06; us-gaap:WeightedAverageNumberOfSharesOutstandingBasic 2017-06-30 (filed 2018-08-01) = 1.24e+06; us-gaap:WeightedAverageNumberOfSharesOutstandingBasic 2017-09-30 (filed 2017-10-31) = 1.23e+06; us-gaap:WeightedAverageNumberOfSharesOutstandingBasic 2017-09-30 (filed 2018-10-30) = 1.23e+06; us-gaap:WeightedAverageNumberOfSharesOutstandingBasic 2017-09-30 (filed 2018-10-30) = 1.21e+06; us-gaap:WeightedAverageNumberOfSharesOutstandingBasic 2017-12-31 (filed 2018-02-20) = 1.22e+06; us-gaap:WeightedAverageNumberOfSharesOutstandingBasic 2017-12-31 (filed 2019-02-19) = 1.22e+06; us-gaap:WeightedAverageNumberOfSharesOutstandingBasic 2017-12-31 (filed 2020-02-18) = 1.22e+06; us-gaap:WeightedAverageNumberOfSharesOutstandingBasic 2018-03-31 (filed 2018-05-01) = 1.18e+06; us-gaap:WeightedAverageNumberOfSharesOutstandingBasic 2018-03-31 (filed 2019-05-02) = 1.18e+06; us-gaap:WeightedAverageNumberOfSharesOutstandingBasic 2018-06-30 (filed 2018-07-31) = 1.18e+06; us-gaap:WeightedAverageNumberOfSharesOutstandingBasic 2018-06-30 (filed 2018-08-01) = 1.18e+06; us-gaap:WeightedAverageNumberOfSharesOutstandingBasic 2018-06-30 (filed 2019-08-01) = 1.18e+06; us-gaap:WeightedAverageNumberOfSharesOutstandingBasic 2018-06-30 (filed 2018-08-01) = 1.17e+06; us-gaap:WeightedAverageNumberOfSharesOutstandingBasic 2018-06-30 (filed 2019-08-01) = 1.17e+06; us-gaap:WeightedAverageNumberOfSharesOutstandingBasic 2018-09-30 (filed 2018-10-30) = 1.17e+06; us-gaap:WeightedAverageNumberOfSharesOutstandingBasic 2018-09-30 (filed 2019-10-31) = 1.17e+06; us-gaap:WeightedAverageNumberOfSharesOutstandingBasic 2018-09-30 (filed 2018-10-30) = 1.16e+06; us-gaap:WeightedAverageNumberOfSharesOutstandingBasic 2018-09-30 (filed 2019-10-31) = 1.16e+06; us-gaap:WeightedAverageNumberOfSharesOutstandingBasic 2018-12-31 (filed 2019-02-19) = 1.17e+06; us-gaap:WeightedAverageNumberOfSharesOutstandingBasic 2018-12-31 (filed 2020-02-18) = 1.17e+06; us-gaap:WeightedAverageNumberOfSharesOutstandingBasic 2018-12-31 (filed 2021-02-16) = 1.17e+06; us-gaap:WeightedAverageNumberOfSharesOutstandingBasic 2019-03-31 (filed 2019-05-02) = 1.14e+06; us-gaap:WeightedAverageNumberOfSharesOutstandingBasic 2019-03-31 (filed 2020-05-05) = 1.14e+06; us-gaap:WeightedAverageNumberOfSharesOutstandingBasic 2019-06-30 (filed 2019-08-01) = 1.13e+06; us-gaap:WeightedAverageNumberOfSharesOutstandingBasic 2019-06-30 (filed 2019-08-01) = 1.13e+06; us-gaap:WeightedAverageNumberOfSharesOutstandingBasic 2019-09-30 (filed 2019-10-31) = 1.12e+06; us-gaap:WeightedAverageNumberOfSharesOutstandingBasic 2019-09-30 (filed 2019-10-31) = 1.11e+06; us-gaap:WeightedAverageNumberOfSharesOutstandingBasic 2019-12-31 (filed 2020-02-18) = 1.12e+06; us-gaap:WeightedAverageNumberOfSharesOutstandingBasic 2019-12-31 (filed 2021-02-16) = 1.12e+06; us-gaap:WeightedAverageNumberOfSharesOutstandingBasic 2019-12-31 (filed 2022-02-17) = 1.12e+06; us-gaap:WeightedAverageNumberOfSharesOutstandingBasic 2020-03-31 (filed 2020-05-05) = 1.08e+06; us-gaap:WeightedAverageNumberOfSharesOutstandingBasic 2020-03-31 (filed 2021-05-06) = 1.08e+06; us-gaap:WeightedAverageNumberOfSharesOutstandingBasic 2020-12-31 (filed 2021-02-16) = 1.08e+06; us-gaap:WeightedAverageNumberOfSharesOutstandingBasic 2020-12-31 (filed 2022-02-17) = 1.08e+06; us-gaap:WeightedAverageNumberOfSharesOutstandingBasic 2021-03-31 (filed 2021-05-06) = 1.3e+06; us-gaap:WeightedAverageNumberOfSharesOutstandingBasic 2021-12-31 (filed 2022-02-17) = 1.32e+06; us-gaap:WeightedAverageNumberOfDilutedSharesOutstanding 2008-06-30 (filed 2009-08-04) = 2.06e+06; us-gaap:WeightedAverageNumberOfDilutedSharesOutstanding 2008-06-30 (filed 2009-08-04) = 2.04e+06; us-gaap:WeightedAverageNumberOfDilutedSharesOutstanding 2009-06-30 (filed 2009-08-04) = 1.96e+06; us-gaap:WeightedAverageNumberOfDilutedSharesOutstanding 2009-06-30 (filed 2009-08-04) = 1.96e+06; us-gaap:WeightedAverageNumberOfDilutedSharesOutstanding 2010-12-31 (filed 2013-02-19) = 1.49e+06; us-gaap:WeightedAverageNumberOfDilutedSharesOutstanding 2011-09-30 (filed 2012-10-30) = 1.41e+06; us-gaap:WeightedAverageNumberOfDilutedSharesOutstanding 2011-09-30 (filed 2012-10-30) = 1.37e+06; us-gaap:WeightedAverageNumberOfDilutedSharesOutstanding 2011-12-31 (filed 2013-02-19) = 1.39e+06; us-gaap:WeightedAverageNumberOfDilutedSharesOutstanding 2011-12-31 (filed 2014-02-25) = 1.39e+06; us-gaap:WeightedAverageNumberOfDilutedSharesOutstanding 2012-03-31 (filed 2013-04-30) = 1.29e+06; us-gaap:WeightedAverageNumberOfDilutedSharesOutstanding 2012-06-30 (filed 2013-08-02) = 1.28e+06; us-gaap:WeightedAverageNumberOfDilutedSharesOutstanding 2012-06-30 (filed 2013-08-02) = 1.26e+06; us-gaap:WeightedAverageNumberOfDilutedSharesOutstanding 2012-09-30 (filed 2012-10-30) = 1.26e+06; us-gaap:WeightedAverageNumberOfDilutedSharesOutstanding 2012-09-30 (filed 2013-11-05) = 1.26e+06; us-gaap:WeightedAverageNumberOfDilutedSharesOutstanding 2012-09-30 (filed 2012-10-30) = 1.23e+06; us-gaap:WeightedAverageNumberOfDilutedSharesOutstanding 2012-09-30 (filed 2013-11-05) = 1.23e+06; us-gaap:WeightedAverageNumberOfDilutedSharesOutstanding 2012-12-31 (filed 2013-02-19) = 1.25e+06; us-gaap:WeightedAverageNumberOfDilutedSharesOutstanding 2012-12-31 (filed 2014-02-25) = 1.25e+06; us-gaap:WeightedAverageNumberOfDilutedSharesOutstanding 2012-12-31 (filed 2015-02-24) = 1.25e+06; us-gaap:WeightedAverageNumberOfDilutedSharesOutstanding 2013-03-31 (filed 2013-04-30) = 1.24e+06; us-gaap:WeightedAverageNumberOfDilutedSharesOutstanding 2013-03-31 (filed 2014-05-06) = 1.24e+06; us-gaap:WeightedAverageNumberOfDilutedSharesOutstanding 2013-06-30 (filed 2013-08-02) = 1.24e+06; us-gaap:WeightedAverageNumberOfDilutedSharesOutstanding 2013-06-30 (filed 2014-08-05) = 1.24e+06; us-gaap:WeightedAverageNumberOfDilutedSharesOutstanding 2013-06-30 (filed 2013-08-02) = 1.24e+06; us-gaap:WeightedAverageNumberOfDilutedSharesOutstanding 2013-06-30 (filed 2014-08-05) = 1.24e+06; us-gaap:WeightedAverageNumberOfDilutedSharesOutstanding 2013-09-30 (filed 2013-11-05) = 1.24e+06; us-gaap:WeightedAverageNumberOfDilutedSharesOutstanding 2013-09-30 (filed 2014-11-04) = 1.24e+06; us-gaap:WeightedAverageNumberOfDilutedSharesOutstanding 2013-09-30 (filed 2013-11-05) = 1.24e+06; us-gaap:WeightedAverageNumberOfDilutedSharesOutstanding 2013-09-30 (filed 2014-11-04) = 1.24e+06; us-gaap:WeightedAverageNumberOfDilutedSharesOutstanding 2013-12-31 (filed 2014-02-25) = 1.24e+06; us-gaap:WeightedAverageNumberOfDilutedSharesOutstanding 2013-12-31 (filed 2015-02-24) = 1.24e+06; us-gaap:WeightedAverageNumberOfDilutedSharesOutstanding 2013-12-31 (filed 2016-02-23) = 1.24e+06; us-gaap:WeightedAverageNumberOfDilutedSharesOutstanding 2014-03-31 (filed 2014-05-06) = 1.24e+06; us-gaap:WeightedAverageNumberOfDilutedSharesOutstanding 2014-03-31 (filed 2015-05-05) = 1.24e+06; us-gaap:WeightedAverageNumberOfDilutedSharesOutstanding 2014-06-30 (filed 2014-08-05) = 1.25e+06; us-gaap:WeightedAverageNumberOfDilutedSharesOutstanding 2014-06-30 (filed 2015-08-04) = 1.25e+06; us-gaap:WeightedAverageNumberOfDilutedSharesOutstanding 2014-06-30 (filed 2014-08-05) = 1.25e+06; us-gaap:WeightedAverageNumberOfDilutedSharesOutstanding 2014-06-30 (filed 2015-08-04) = 1.25e+06; us-gaap:WeightedAverageNumberOfDilutedSharesOutstanding 2014-09-30 (filed 2014-11-04) = 1.25e+06; us-gaap:WeightedAverageNumberOfDilutedSharesOutstanding 2014-09-30 (filed 2015-11-03) = 1.25e+06; us-gaap:WeightedAverageNumberOfDilutedSharesOutstanding 2014-09-30 (filed 2014-11-04) = 1.25e+06; us-gaap:WeightedAverageNumberOfDilutedSharesOutstanding 2014-09-30 (filed 2015-11-03) = 1.25e+06; us-gaap:WeightedAverageNumberOfDilutedSharesOutstanding 2014-12-31 (filed 2015-02-24) = 1.25e+06; us-gaap:WeightedAverageNumberOfDilutedSharesOutstanding 2014-12-31 (filed 2016-02-23) = 1.25e+06; us-gaap:WeightedAverageNumberOfDilutedSharesOutstanding 2014-12-31 (filed 2017-02-21) = 1.25e+06; us-gaap:WeightedAverageNumberOfDilutedSharesOutstanding 2015-03-31 (filed 2015-05-05) = 1.25e+06; us-gaap:WeightedAverageNumberOfDilutedSharesOutstanding 2015-03-31 (filed 2016-05-03) = 1.25e+06; us-gaap:WeightedAverageNumberOfDilutedSharesOutstanding 2015-06-30 (filed 2015-08-04) = 1.25e+06; us-gaap:WeightedAverageNumberOfDilutedSharesOutstanding 2015-06-30 (filed 2016-08-02) = 1.25e+06; us-gaap:WeightedAverageNumberOfDilutedSharesOutstanding 2015-06-30 (filed 2015-08-04) = 1.24e+06; us-gaap:WeightedAverageNumberOfDilutedSharesOutstanding 2015-06-30 (filed 2016-08-02) = 1.24e+06; us-gaap:WeightedAverageNumberOfDilutedSharesOutstanding 2015-09-30 (filed 2015-11-03) = 1.24e+06; us-gaap:WeightedAverageNumberOfDilutedSharesOutstanding 2015-09-30 (filed 2016-11-01) = 1.24e+06; us-gaap:WeightedAverageNumberOfDilutedSharesOutstanding 2015-09-30 (filed 2015-11-03) = 1.24e+06; us-gaap:WeightedAverageNumberOfDilutedSharesOutstanding 2015-09-30 (filed 2016-11-01) = 1.24e+06; us-gaap:WeightedAverageNumberOfDilutedSharesOutstanding 2015-12-31 (filed 2016-02-23) = 1.24e+06; us-gaap:WeightedAverageNumberOfDilutedSharesOutstanding 2015-12-31 (filed 2017-02-21) = 1.24e+06; us-gaap:WeightedAverageNumberOfDilutedSharesOutstanding 2015-12-31 (filed 2018-02-20) = 1.24e+06; us-gaap:WeightedAverageNumberOfDilutedSharesOutstanding 2016-03-31 (filed 2016-05-03) = 1.24e+06; us-gaap:WeightedAverageNumberOfDilutedSharesOutstanding 2016-03-31 (filed 2017-05-04) = 1.24e+06; us-gaap:WeightedAverageNumberOfDilutedSharesOutstanding 2016-06-30 (filed 2016-08-02) = 1.24e+06; us-gaap:WeightedAverageNumberOfDilutedSharesOutstanding 2016-06-30 (filed 2017-08-01) = 1.24e+06; us-gaap:WeightedAverageNumberOfDilutedSharesOutstanding 2016-06-30 (filed 2016-08-02) = 1.24e+06; us-gaap:WeightedAverageNumberOfDilutedSharesOutstanding 2016-09-30 (filed 2016-11-01) = 1.25e+06; us-gaap:WeightedAverageNumberOfDilutedSharesOutstanding 2016-09-30 (filed 2017-10-31) = 1.25e+06; us-gaap:WeightedAverageNumberOfDilutedSharesOutstanding 2016-09-30 (filed 2016-11-01) = 1.25e+06; us-gaap:WeightedAverageNumberOfDilutedSharesOutstanding 2016-12-31 (filed 2017-02-21) = 1.25e+06; us-gaap:WeightedAverageNumberOfDilutedSharesOutstanding 2016-12-31 (filed 2018-02-20) = 1.25e+06; us-gaap:WeightedAverageNumberOfDilutedSharesOutstanding 2016-12-31 (filed 2019-02-19) = 1.25e+06; us-gaap:WeightedAverageNumberOfDilutedSharesOutstanding 2017-03-31 (filed 2017-05-04) = 1.25e+06; us-gaap:WeightedAverageNumberOfDilutedSharesOutstanding 2017-03-31 (filed 2018-05-01) = 1.25e+06; us-gaap:WeightedAverageNumberOfDilutedSharesOutstanding 2017-06-30 (filed 2017-08-01) = 1.24e+06; us-gaap:WeightedAverageNumberOfDilutedSharesOutstanding 2017-06-30 (filed 2018-07-31) = 1.24e+06; us-gaap:WeightedAverageNumberOfDilutedSharesOutstanding 2017-06-30 (filed 2018-08-01) = 1.24e+06; us-gaap:WeightedAverageNumberOfDilutedSharesOutstanding 2017-06-30 (filed 2018-07-31) = 1.24e+06; us-gaap:WeightedAverageNumberOfDilutedSharesOutstanding 2017-06-30 (filed 2018-08-01) = 1.24e+06; us-gaap:WeightedAverageNumberOfDilutedSharesOutstanding 2017-09-30 (filed 2017-10-31) = 1.23e+06; us-gaap:WeightedAverageNumberOfDilutedSharesOutstanding 2017-09-30 (filed 2018-10-30) = 1.23e+06; us-gaap:WeightedAverageNumberOfDilutedSharesOutstanding 2017-09-30 (filed 2018-10-30) = 1.22e+06; us-gaap:WeightedAverageNumberOfDilutedSharesOutstanding 2017-12-31 (filed 2018-02-20) = 1.22e+06; us-gaap:WeightedAverageNumberOfDilutedSharesOutstanding 2017-12-31 (filed 2019-02-19) = 1.22e+06; us-gaap:WeightedAverageNumberOfDilutedSharesOutstanding 2017-12-31 (filed 2020-02-18) = 1.22e+06; us-gaap:WeightedAverageNumberOfDilutedSharesOutstanding 2018-03-31 (filed 2018-05-01) = 1.19e+06; us-gaap:WeightedAverageNumberOfDilutedSharesOutstanding 2018-03-31 (filed 2019-05-02) = 1.19e+06; us-gaap:WeightedAverageNumberOfDilutedSharesOutstanding 2018-06-30 (filed 2018-07-31) = 1.18e+06; us-gaap:WeightedAverageNumberOfDilutedSharesOutstanding 2018-06-30 (filed 2018-08-01) = 1.18e+06; us-gaap:WeightedAverageNumberOfDilutedSharesOutstanding 2018-06-30 (filed 2019-08-01) = 1.18e+06; us-gaap:WeightedAverageNumberOfDilutedSharesOutstanding 2018-06-30 (filed 2018-08-01) = 1.18e+06; us-gaap:WeightedAverageNumberOfDilutedSharesOutstanding 2018-06-30 (filed 2019-08-01) = 1.18e+06; us-gaap:WeightedAverageNumberOfDilutedSharesOutstanding 2018-09-30 (filed 2018-10-30) = 1.18e+06; us-gaap:WeightedAverageNumberOfDilutedSharesOutstanding 2018-09-30 (filed 2019-10-31) = 1.18e+06; us-gaap:WeightedAverageNumberOfDilutedSharesOutstanding 2018-09-30 (filed 2018-10-30) = 1.17e+06; us-gaap:WeightedAverageNumberOfDilutedSharesOutstanding 2018-09-30 (filed 2019-10-31) = 1.17e+06; us-gaap:WeightedAverageNumberOfDilutedSharesOutstanding 2018-12-31 (filed 2019-02-19) = 1.18e+06; us-gaap:WeightedAverageNumberOfDilutedSharesOutstanding 2018-12-31 (filed 2020-02-18) = 1.18e+06; us-gaap:WeightedAverageNumberOfDilutedSharesOutstanding 2018-12-31 (filed 2021-02-16) = 1.18e+06; us-gaap:WeightedAverageNumberOfDilutedSharesOutstanding 2019-03-31 (filed 2019-05-02) = 1.15e+06; us-gaap:WeightedAverageNumberOfDilutedSharesOutstanding 2019-03-31 (filed 2020-05-05) = 1.15e+06; us-gaap:WeightedAverageNumberOfDilutedSharesOutstanding 2019-06-30 (filed 2019-08-01) = 1.14e+06; us-gaap:WeightedAverageNumberOfDilutedSharesOutstanding 2019-06-30 (filed 2019-08-01) = 1.13e+06; us-gaap:WeightedAverageNumberOfDilutedSharesOutstanding 2019-09-30 (filed 2019-10-31) = 1.13e+06; us-gaap:WeightedAverageNumberOfDilutedSharesOutstanding 2019-09-30 (filed 2019-10-31) = 1.11e+06; us-gaap:WeightedAverageNumberOfDilutedSharesOutstanding 2019-12-31 (filed 2020-02-18) = 1.12e+06; us-gaap:WeightedAverageNumberOfDilutedSharesOutstanding 2019-12-31 (filed 2021-02-16) = 1.12e+06; us-gaap:WeightedAverageNumberOfDilutedSharesOutstanding 2019-12-31 (filed 2022-02-17) = 1.12e+06; us-gaap:WeightedAverageNumberOfDilutedSharesOutstanding 2020-03-31 (filed 2020-05-05) = 1.08e+06; us-gaap:WeightedAverageNumberOfDilutedSharesOutstanding 2020-03-31 (filed 2021-05-06) = 1.08e+06; us-gaap:WeightedAverageNumberOfDilutedSharesOutstanding 2020-12-31 (filed 2021-02-16) = 1.08e+06; us-gaap:WeightedAverageNumberOfDilutedSharesOutstanding 2020-12-31 (filed 2022-02-17) = 1.08e+06; us-gaap:WeightedAverageNumberOfDilutedSharesOutstanding 2021-03-31 (filed 2021-05-06) = 1.3e+06; us-gaap:WeightedAverageNumberOfDilutedSharesOutstanding 2021-12-31 (filed 2022-02-17) = 1.33e+06; us-gaap:WeightedAverageNumberOfSharesOutstandingBasic 2008-06-30 (filed 2009-08-04) = 2.03e+06; us-gaap:WeightedAverageNumberOfSharesOutstandingBasic 2008-06-30 (filed 2009-08-04) = 2.01e+06; us-gaap:WeightedAverageNumberOfSharesOutstandingBasic 2009-06-30 (filed 2009-08-04) = 1.95e+06; us-gaap:WeightedAverageNumberOfSharesOutstandingBasic 2009-06-30 (filed 2009-08-04) = 1.95e+06; us-gaap:WeightedAverageNumberOfSharesOutstandingBasic 2010-12-31 (filed 2013-02-19) = 1.48e+06; us-gaap:WeightedAverageNumberOfSharesOutstandingBasic 2011-09-30 (filed 2012-10-30) = 1.4e+06; us-gaap:WeightedAverageNumberOfSharesOutstandingBasic 2011-09-30 (filed 2012-10-30) = 1.36e+06; us-gaap:WeightedAverageNumberOfSharesOutstandingBasic 2011-12-31 (filed 2013-02-19) = 1.38e+06; us-gaap:WeightedAverageNumberOfSharesOutstandingBasic 2011-12-31 (filed 2014-02-25) = 1.38e+06; us-gaap:WeightedAverageNumberOfSharesOutstandingBasic 2012-03-31 (filed 2013-04-30) = 1.28e+06; us-gaap:WeightedAverageNumberOfSharesOutstandingBasic 2012-06-30 (filed 2013-08-02) = 1.27e+06; us-gaap:WeightedAverageNumberOfSharesOutstandingBasic 2012-06-30 (filed 2013-08-02) = 1.25e+06; us-gaap:WeightedAverageNumberOfSharesOutstandingBasic 2012-09-30 (filed 2012-10-30) = 1.25e+06; us-gaap:WeightedAverageNumberOfSharesOutstandingBasic 2012-09-30 (filed 2013-11-05) = 1.25e+06; us-gaap:WeightedAverageNumberOfSharesOutstandingBasic 2012-09-30 (filed 2012-10-30) = 1.22e+06; us-gaap:WeightedAverageNumberOfSharesOutstandingBasic 2012-09-30 (filed 2013-11-05) = 1.22e+06; us-gaap:WeightedAverageNumberOfSharesOutstandingBasic 2012-12-31 (filed 2013-02-19) = 1.24e+06; us-gaap:WeightedAverageNumberOfSharesOutstandingBasic 2012-12-31 (filed 2014-02-25) = 1.24e+06; us-gaap:WeightedAverageNumberOfSharesOutstandingBasic 2012-12-31 (filed 2015-02-24) = 1.24e+06; us-gaap:WeightedAverageNumberOfSharesOutstandingBasic 2013-03-31 (filed 2013-04-30) = 1.23e+06; us-gaap:WeightedAverageNumberOfSharesOutstandingBasic 2013-03-31 (filed 2014-05-06) = 1.23e+06; us-gaap:WeightedAverageNumberOfSharesOutstandingBasic 2013-06-30 (filed 2013-08-02) = 1.23e+06; us-gaap:WeightedAverageNumberOfSharesOutstandingBasic 2013-06-30 (filed 2014-08-05) = 1.23e+06; us-gaap:WeightedAverageNumberOfSharesOutstandingBasic 2013-06-30 (filed 2013-08-02) = 1.23e+06; us-gaap:WeightedAverageNumberOfSharesOutstandingBasic 2013-06-30 (filed 2014-08-05) = 1.23e+06; us-gaap:WeightedAverageNumberOfSharesOutstandingBasic 2013-09-30 (filed 2013-11-05) = 1.23e+06; us-gaap:WeightedAverageNumberOfSharesOutstandingBasic 2013-09-30 (filed 2014-11-04) = 1.23e+06; us-gaap:WeightedAverageNumberOfSharesOutstandingBasic 2013-09-30 (filed 2013-11-05) = 1.23e+06; us-gaap:WeightedAverageNumberOfSharesOutstandingBasic 2013-09-30 (filed 2014-11-04) = 1.23e+06; us-gaap:WeightedAverageNumberOfSharesOutstandingBasic 2013-12-31 (filed 2014-02-25) = 1.23e+06; us-gaap:WeightedAverageNumberOfSharesOutstandingBasic 2013-12-31 (filed 2015-02-24) = 1.23e+06; us-gaap:WeightedAverageNumberOfSharesOutstandingBasic 2013-12-31 (filed 2016-02-23) = 1.23e+06; us-gaap:WeightedAverageNumberOfSharesOutstandingBasic 2014-03-31 (filed 2014-05-06) = 1.23e+06; us-gaap:WeightedAverageNumberOfSharesOutstandingBasic 2014-03-31 (filed 2015-05-05) = 1.23e+06; us-gaap:WeightedAverageNumberOfSharesOutstandingBasic 2014-06-30 (filed 2014-08-05) = 1.24e+06; us-gaap:WeightedAverageNumberOfSharesOutstandingBasic 2014-06-30 (filed 2015-08-04) = 1.24e+06; us-gaap:WeightedAverageNumberOfSharesOutstandingBasic 2014-06-30 (filed 2014-08-05) = 1.24e+06; us-gaap:WeightedAverageNumberOfSharesOutstandingBasic 2014-06-30 (filed 2015-08-04) = 1.24e+06; us-gaap:WeightedAverageNumberOfSharesOutstandingBasic 2014-09-30 (filed 2014-11-04) = 1.24e+06; us-gaap:WeightedAverageNumberOfSharesOutstandingBasic 2014-09-30 (filed 2015-11-03) = 1.24e+06; us-gaap:WeightedAverageNumberOfSharesOutstandingBasic 2014-09-30 (filed 2014-11-04) = 1.24e+06; us-gaap:WeightedAverageNumberOfSharesOutstandingBasic 2014-09-30 (filed 2015-11-03) = 1.24e+06; us-gaap:WeightedAverageNumberOfSharesOutstandingBasic 2014-12-31 (filed 2015-02-24) = 1.24e+06; us-gaap:WeightedAverageNumberOfSharesOutstandingBasic 2014-12-31 (filed 2016-02-23) = 1.24e+06; us-gaap:WeightedAverageNumberOfSharesOutstandingBasic 2014-12-31 (filed 2017-02-21) = 1.24e+06; us-gaap:WeightedAverageNumberOfSharesOutstandingBasic 2015-03-31 (filed 2015-05-05) = 1.24e+06; us-gaap:WeightedAverageNumberOfSharesOutstandingBasic 2015-03-31 (filed 2016-05-03) = 1.24e+06; us-gaap:WeightedAverageNumberOfSharesOutstandingBasic 2015-06-30 (filed 2015-08-04) = 1.24e+06; us-gaap:WeightedAverageNumberOfSharesOutstandingBasic 2015-06-30 (filed 2016-08-02) = 1.24e+06; us-gaap:WeightedAverageNumberOfSharesOutstandingBasic 2015-06-30 (filed 2015-08-04) = 1.24e+06; us-gaap:WeightedAverageNumberOfSharesOutstandingBasic 2015-06-30 (filed 2016-08-02) = 1.24e+06; us-gaap:WeightedAverageNumberOfSharesOutstandingBasic 2015-09-30 (filed 2015-11-03) = 1.24e+06; us-gaap:WeightedAverageNumberOfSharesOutstandingBasic 2015-09-30 (filed 2016-11-01) = 1.24e+06; us-gaap:WeightedAverageNumberOfSharesOutstandingBasic 2015-09-30 (filed 2015-11-03) = 1.24e+06; us-gaap:WeightedAverageNumberOfSharesOutstandingBasic 2015-09-30 (filed 2016-11-01) = 1.24e+06; us-gaap:WeightedAverageNumberOfSharesOutstandingBasic 2015-12-31 (filed 2016-02-23) = 1.24e+06; us-gaap:WeightedAverageNumberOfSharesOutstandingBasic 2015-12-31 (filed 2017-02-21) = 1.24e+06; us-gaap:WeightedAverageNumberOfSharesOutstandingBasic 2015-12-31 (filed 2018-02-20) = 1.24e+06; us-gaap:WeightedAverageNumberOfSharesOutstandingBasic 2016-03-31 (filed 2016-05-03) = 1.24e+06; us-gaap:WeightedAverageNumberOfSharesOutstandingBasic 2016-03-31 (filed 2017-05-04) = 1.24e+06; us-gaap:WeightedAverageNumberOfSharesOutstandingBasic 2016-06-30 (filed 2016-08-02) = 1.24e+06; us-gaap:WeightedAverageNumberOfSharesOutstandingBasic 2016-06-30 (filed 2017-08-01) = 1.24e+06; us-gaap:WeightedAverageNumberOfSharesOutstandingBasic 2016-06-30 (filed 2016-08-02) = 1.24e+06; us-gaap:WeightedAverageNumberOfSharesOutstandingBasic 2016-09-30 (filed 2016-11-01) = 1.25e+06; us-gaap:WeightedAverageNumberOfSharesOutstandingBasic 2016-09-30 (filed 2017-10-31) = 1.25e+06; us-gaap:WeightedAverageNumberOfSharesOutstandingBasic 2016-09-30 (filed 2016-11-01) = 1.25e+06; us-gaap:WeightedAverageNumberOfSharesOutstandingBasic 2016-12-31 (filed 2017-02-21) = 1.25e+06; us-gaap:WeightedAverageNumberOfSharesOutstandingBasic 2016-12-31 (filed 2018-02-20) = 1.25e+06; us-gaap:WeightedAverageNumberOfSharesOutstandingBasic 2016-12-31 (filed 2019-02-19) = 1.25e+06; us-gaap:WeightedAverageNumberOfSharesOutstandingBasic 2017-03-31 (filed 2017-05-04) = 1.24e+06; us-gaap:WeightedAverageNumberOfSharesOutstandingBasic 2017-03-31 (filed 2018-05-01) = 1.24e+06; us-gaap:WeightedAverageNumberOfSharesOutstandingBasic 2017-06-30 (filed 2017-08-01) = 1.24e+06; us-gaap:WeightedAverageNumberOfSharesOutstandingBasic 2017-06-30 (filed 2018-07-31) = 1.24e+06; us-gaap:WeightedAverageNumberOfSharesOutstandingBasic 2017-06-30 (filed 2018-08-01) = 1.24e+06; us-gaap:WeightedAverageNumberOfSharesOutstandingBasic 2017-06-30 (filed 2018-07-31) = 1.24e+06; us-gaap:WeightedAverageNumberOfSharesOutstandingBasic 2017-06-30 (filed 2018-08-01) = 1.24e+06; us-gaap:WeightedAverageNumberOfSharesOutstandingBasic 2017-09-30 (filed 2017-10-31) = 1.23e+06; us-gaap:WeightedAverageNumberOfSharesOutstandingBasic 2017-09-30 (filed 2018-10-30) = 1.23e+06; us-gaap:WeightedAverageNumberOfSharesOutstandingBasic 2017-09-30 (filed 2018-10-30) = 1.21e+06; us-gaap:WeightedAverageNumberOfSharesOutstandingBasic 2017-12-31 (filed 2018-02-20) = 1.22e+06; us-gaap:WeightedAverageNumberOfSharesOutstandingBasic 2017-12-31 (filed 2019-02-19) = 1.22e+06; us-gaap:WeightedAverageNumberOfSharesOutstandingBasic 2017-12-31 (filed 2020-02-18) = 1.22e+06; us-gaap:WeightedAverageNumberOfSharesOutstandingBasic 2018-03-31 (filed 2018-05-01) = 1.18e+06; us-gaap:WeightedAverageNumberOfSharesOutstandingBasic 2018-03-31 (filed 2019-05-02) = 1.18e+06; us-gaap:WeightedAverageNumberOfSharesOutstandingBasic 2018-06-30 (filed 2018-07-31) = 1.18e+06; us-gaap:WeightedAverageNumberOfSharesOutstandingBasic 2018-06-30 (filed 2018-08-01) = 1.18e+06; us-gaap:WeightedAverageNumberOfSharesOutstandingBasic 2018-06-30 (filed 2019-08-01) = 1.18e+06; us-gaap:WeightedAverageNumberOfSharesOutstandingBasic 2018-06-30 (filed 2018-08-01) = 1.17e+06; us-gaap:WeightedAverageNumberOfSharesOutstandingBasic 2018-06-30 (filed 2019-08-01) = 1.17e+06; us-gaap:WeightedAverageNumberOfSharesOutstandingBasic 2018-09-30 (filed 2018-10-30) = 1.17e+06; us-gaap:WeightedAverageNumberOfSharesOutstandingBasic 2018-09-30 (filed 2019-10-31) = 1.17e+06; us-gaap:WeightedAverageNumberOfSharesOutstandingBasic 2018-09-30 (filed 2018-10-30) = 1.16e+06; us-gaap:WeightedAverageNumberOfSharesOutstandingBasic 2018-09-30 (filed 2019-10-31) = 1.16e+06; us-gaap:WeightedAverageNumberOfSharesOutstandingBasic 2018-12-31 (filed 2019-02-19) = 1.17e+06; us-gaap:WeightedAverageNumberOfSharesOutstandingBasic 2018-12-31 (filed 2020-02-18) = 1.17e+06; us-gaap:WeightedAverageNumberOfSharesOutstandingBasic 2018-12-31 (filed 2021-02-16) = 1.17e+06; us-gaap:WeightedAverageNumberOfSharesOutstandingBasic 2019-03-31 (filed 2019-05-02) = 1.14e+06; us-gaap:WeightedAverageNumberOfSharesOutstandingBasic 2019-03-31 (filed 2020-05-05) = 1.14e+06; us-gaap:WeightedAverageNumberOfSharesOutstandingBasic 2019-06-30 (filed 2019-08-01) = 1.13e+06; us-gaap:WeightedAverageNumberOfSharesOutstandingBasic 2019-06-30 (filed 2019-08-01) = 1.13e+06; us-gaap:WeightedAverageNumberOfSharesOutstandingBasic 2019-09-30 (filed 2019-10-31) = 1.12e+06; us-gaap:WeightedAverageNumberOfSharesOutstandingBasic 2019-09-30 (filed 2019-10-31) = 1.11e+06; us-gaap:WeightedAverageNumberOfSharesOutstandingBasic 2019-12-31 (filed 2020-02-18) = 1.12e+06; us-gaap:WeightedAverageNumberOfSharesOutstandingBasic 2019-12-31 (filed 2021-02-16) = 1.12e+06; us-gaap:WeightedAverageNumberOfSharesOutstandingBasic 2019-12-31 (filed 2022-02-17) = 1.12e+06; us-gaap:WeightedAverageNumberOfSharesOutstandingBasic 2020-03-31 (filed 2020-05-05) = 1.08e+06; us-gaap:WeightedAverageNumberOfSharesOutstandingBasic 2020-03-31 (filed 2021-05-06) = 1.08e+06; us-gaap:WeightedAverageNumberOfSharesOutstandingBasic 2020-12-31 (filed 2021-02-16) = 1.08e+06; us-gaap:WeightedAverageNumberOfSharesOutstandingBasic 2020-12-31 (filed 2022-02-17) = 1.08e+06; us-gaap:WeightedAverageNumberOfSharesOutstandingBasic 2021-03-31 (filed 2021-05-06) = 1.3e+06; us-gaap:WeightedAverageNumberOfSharesOutstandingBasic 2021-12-31 (filed 2022-02-17) = 1.32e+06; us-gaap:WeightedAverageNumberOfDilutedSharesOutstanding 2008-06-30 (filed 2009-08-04) = 2.06e+06; us-gaap:WeightedAverageNumberOfDilutedSharesOutstanding 2008-06-30 (filed 2009-08-04) = 2.04e+06; us-gaap:WeightedAverageNumberOfDilutedSharesOutstanding 2009-06-30 (filed 2009-08-04) = 1.96e+06; us-gaap:WeightedAverageNumberOfDilutedSharesOutstanding 2009-06-30 (filed 2009-08-04) = 1.96e+06; us-gaap:WeightedAverageNumberOfDilutedSharesOutstanding 2010-12-31 (filed 2013-02-19) = 1.49e+06; us-gaap:WeightedAverageNumberOfDilutedSharesOutstanding 2011-09-30 (filed 2012-10-30) = 1.41e+06; us-gaap:WeightedAverageNumberOfDilutedSharesOutstanding 2011-09-30 (filed 2012-10-30) = 1.37e+06; us-gaap:WeightedAverageNumberOfDilutedSharesOutstanding 2011-12-31 (filed 2013-02-19) = 1.39e+06; us-gaap:WeightedAverageNumberOfDilutedSharesOutstanding 2011-12-31 (filed 2014-02-25) = 1.39e+06; us-gaap:WeightedAverageNumberOfDilutedSharesOutstanding 2012-03-31 (filed 2013-04-30) = 1.29e+06; us-gaap:WeightedAverageNumberOfDilutedSharesOutstanding 2012-06-30 (filed 2013-08-02) = 1.28e+06; us-gaap:WeightedAverageNumberOfDilutedSharesOutstanding 2012-06-30 (filed 2013-08-02) = 1.26e+06; us-gaap:WeightedAverageNumberOfDilutedSharesOutstanding 2012-09-30 (filed 2012-10-30) = 1.26e+06; us-gaap:WeightedAverageNumberOfDilutedSharesOutstanding 2012-09-30 (filed 2013-11-05) = 1.26e+06; us-gaap:WeightedAverageNumberOfDilutedSharesOutstanding 2012-09-30 (filed 2012-10-30) = 1.23e+06; us-gaap:WeightedAverageNumberOfDilutedSharesOutstanding 2012-09-30 (filed 2013-11-05) = 1.23e+06; us-gaap:WeightedAverageNumberOfDilutedSharesOutstanding 2012-12-31 (filed 2013-02-19) = 1.25e+06; us-gaap:WeightedAverageNumberOfDilutedSharesOutstanding 2012-12-31 (filed 2014-02-25) = 1.25e+06; us-gaap:WeightedAverageNumberOfDilutedSharesOutstanding 2012-12-31 (filed 2015-02-24) = 1.25e+06; us-gaap:WeightedAverageNumberOfDilutedSharesOutstanding 2013-03-31 (filed 2013-04-30) = 1.24e+06; us-gaap:WeightedAverageNumberOfDilutedSharesOutstanding 2013-03-31 (filed 2014-05-06) = 1.24e+06; us-gaap:WeightedAverageNumberOfDilutedSharesOutstanding 2013-06-30 (filed 2013-08-02) = 1.24e+06; us-gaap:WeightedAverageNumberOfDilutedSharesOutstanding 2013-06-30 (filed 2014-08-05) = 1.24e+06; us-gaap:WeightedAverageNumberOfDilutedSharesOutstanding 2013-06-30 (filed 2013-08-02) = 1.24e+06; us-gaap:WeightedAverageNumberOfDilutedSharesOutstanding 2013-06-30 (filed 2014-08-05) = 1.24e+06; us-gaap:WeightedAverageNumberOfDilutedSharesOutstanding 2013-09-30 (filed 2013-11-05) = 1.24e+06; us-gaap:WeightedAverageNumberOfDilutedSharesOutstanding 2013-09-30 (filed 2014-11-04) = 1.24e+06; us-gaap:WeightedAverageNumberOfDilutedSharesOutstanding 2013-09-30 (filed 2013-11-05) = 1.24e+06; us-gaap:WeightedAverageNumberOfDilutedSharesOutstanding 2013-09-30 (filed 2014-11-04) = 1.24e+06; us-gaap:WeightedAverageNumberOfDilutedSharesOutstanding 2013-12-31 (filed 2014-02-25) = 1.24e+06; us-gaap:WeightedAverageNumberOfDilutedSharesOutstanding 2013-12-31 (filed 2015-02-24) = 1.24e+06; us-gaap:WeightedAverageNumberOfDilutedSharesOutstanding 2013-12-31 (filed 2016-02-23) = 1.24e+06; us-gaap:WeightedAverageNumberOfDilutedSharesOutstanding 2014-03-31 (filed 2014-05-06) = 1.24e+06; us-gaap:WeightedAverageNumberOfDilutedSharesOutstanding 2014-03-31 (filed 2015-05-05) = 1.24e+06; us-gaap:WeightedAverageNumberOfDilutedSharesOutstanding 2014-06-30 (filed 2014-08-05) = 1.25e+06; us-gaap:WeightedAverageNumberOfDilutedSharesOutstanding 2014-06-30 (filed 2015-08-04) = 1.25e+06; us-gaap:WeightedAverageNumberOfDilutedSharesOutstanding 2014-06-30 (filed 2014-08-05) = 1.25e+06; us-gaap:WeightedAverageNumberOfDilutedSharesOutstanding 2014-06-30 (filed 2015-08-04) = 1.25e+06; us-gaap:WeightedAverageNumberOfDilutedSharesOutstanding 2014-09-30 (filed 2014-11-04) = 1.25e+06; us-gaap:WeightedAverageNumberOfDilutedSharesOutstanding 2014-09-30 (filed 2015-11-03) = 1.25e+06; us-gaap:WeightedAverageNumberOfDilutedSharesOutstanding 2014-09-30 (filed 2014-11-04) = 1.25e+06; us-gaap:WeightedAverageNumberOfDilutedSharesOutstanding 2014-09-30 (filed 2015-11-03) = 1.25e+06; us-gaap:WeightedAverageNumberOfDilutedSharesOutstanding 2014-12-31 (filed 2015-02-24) = 1.25e+06; us-gaap:WeightedAverageNumberOfDilutedSharesOutstanding 2014-12-31 (filed 2016-02-23) = 1.25e+06; us-gaap:WeightedAverageNumberOfDilutedSharesOutstanding 2014-12-31 (filed 2017-02-21) = 1.25e+06; us-gaap:WeightedAverageNumberOfDilutedSharesOutstanding 2015-03-31 (filed 2015-05-05) = 1.25e+06; us-gaap:WeightedAverageNumberOfDilutedSharesOutstanding 2015-03-31 (filed 2016-05-03) = 1.25e+06; us-gaap:WeightedAverageNumberOfDilutedSharesOutstanding 2015-06-30 (filed 2015-08-04) = 1.25e+06; us-gaap:WeightedAverageNumberOfDilutedSharesOutstanding 2015-06-30 (filed 2016-08-02) = 1.25e+06; us-gaap:WeightedAverageNumberOfDilutedSharesOutstanding 2015-06-30 (filed 2015-08-04) = 1.24e+06; us-gaap:WeightedAverageNumberOfDilutedSharesOutstanding 2015-06-30 (filed 2016-08-02) = 1.24e+06; us-gaap:WeightedAverageNumberOfDilutedSharesOutstanding 2015-09-30 (filed 2015-11-03) = 1.24e+06; us-gaap:WeightedAverageNumberOfDilutedSharesOutstanding 2015-09-30 (filed 2016-11-01) = 1.24e+06; us-gaap:WeightedAverageNumberOfDilutedSharesOutstanding 2015-09-30 (filed 2015-11-03) = 1.24e+06; us-gaap:WeightedAverageNumberOfDilutedSharesOutstanding 2015-09-30 (filed 2016-11-01) = 1.24e+06; us-gaap:WeightedAverageNumberOfDilutedSharesOutstanding 2015-12-31 (filed 2016-02-23) = 1.24e+06; us-gaap:WeightedAverageNumberOfDilutedSharesOutstanding 2015-12-31 (filed 2017-02-21) = 1.24e+06; us-gaap:WeightedAverageNumberOfDilutedSharesOutstanding 2015-12-31 (filed 2018-02-20) = 1.24e+06; us-gaap:WeightedAverageNumberOfDilutedSharesOutstanding 2016-03-31 (filed 2016-05-03) = 1.24e+06; us-gaap:WeightedAverageNumberOfDilutedSharesOutstanding 2016-03-31 (filed 2017-05-04) = 1.24e+06; us-gaap:WeightedAverageNumberOfDilutedSharesOutstanding 2016-06-30 (filed 2016-08-02) = 1.24e+06; us-gaap:WeightedAverageNumberOfDilutedSharesOutstanding 2016-06-30 (filed 2017-08-01) = 1.24e+06; us-gaap:WeightedAverageNumberOfDilutedSharesOutstanding 2016-06-30 (filed 2016-08-02) = 1.24e+06; us-gaap:WeightedAverageNumberOfDilutedSharesOutstanding 2016-09-30 (filed 2016-11-01) = 1.25e+06; us-gaap:WeightedAverageNumberOfDilutedSharesOutstanding 2016-09-30 (filed 2017-10-31) = 1.25e+06; us-gaap:WeightedAverageNumberOfDilutedSharesOutstanding 2016-09-30 (filed 2016-11-01) = 1.25e+06; us-gaap:WeightedAverageNumberOfDilutedSharesOutstanding 2016-12-31 (filed 2017-02-21) = 1.25e+06; us-gaap:WeightedAverageNumberOfDilutedSharesOutstanding 2016-12-31 (filed 2018-02-20) = 1.25e+06; us-gaap:WeightedAverageNumberOfDilutedSharesOutstanding 2016-12-31 (filed 2019-02-19) = 1.25e+06; us-gaap:WeightedAverageNumberOfDilutedSharesOutstanding 2017-03-31 (filed 2017-05-04) = 1.25e+06; us-gaap:WeightedAverageNumberOfDilutedSharesOutstanding 2017-03-31 (filed 2018-05-01) = 1.25e+06; us-gaap:WeightedAverageNumberOfDilutedSharesOutstanding 2017-06-30 (filed 2017-08-01) = 1.24e+06; us-gaap:WeightedAverageNumberOfDilutedSharesOutstanding 2017-06-30 (filed 2018-07-31) = 1.24e+06; us-gaap:WeightedAverageNumberOfDilutedSharesOutstanding 2017-06-30 (filed 2018-08-01) = 1.24e+06; us-gaap:WeightedAverageNumberOfDilutedSharesOutstanding 2017-06-30 (filed 2018-07-31) = 1.24e+06; us-gaap:WeightedAverageNumberOfDilutedSharesOutstanding 2017-06-30 (filed 2018-08-01) = 1.24e+06; us-gaap:WeightedAverageNumberOfDilutedSharesOutstanding 2017-09-30 (filed 2017-10-31) = 1.23e+06; us-gaap:WeightedAverageNumberOfDilutedSharesOutstanding 2017-09-30 (filed 2018-10-30) = 1.23e+06; us-gaap:WeightedAverageNumberOfDilutedSharesOutstanding 2017-09-30 (filed 2018-10-30) = 1.22e+06; us-gaap:WeightedAverageNumberOfDilutedSharesOutstanding 2017-12-31 (filed 2018-02-20) = 1.22e+06; us-gaap:WeightedAverageNumberOfDilutedSharesOutstanding 2017-12-31 (filed 2019-02-19) = 1.22e+06; us-gaap:WeightedAverageNumberOfDilutedSharesOutstanding 2017-12-31 (filed 2020-02-18) = 1.22e+06; us-gaap:WeightedAverageNumberOfDilutedSharesOutstanding 2018-03-31 (filed 2018-05-01) = 1.19e+06; us-gaap:WeightedAverageNumberOfDilutedSharesOutstanding 2018-03-31 (filed 2019-05-02) = 1.19e+06; us-gaap:WeightedAverageNumberOfDilutedSharesOutstanding 2018-06-30 (filed 2018-07-31) = 1.18e+06; us-gaap:WeightedAverageNumberOfDilutedSharesOutstanding 2018-06-30 (filed 2018-08-01) = 1.18e+06; us-gaap:WeightedAverageNumberOfDilutedSharesOutstanding 2018-06-30 (filed 2019-08-01) = 1.18e+06; us-gaap:WeightedAverageNumberOfDilutedSharesOutstanding 2018-06-30 (filed 2018-08-01) = 1.18e+06; us-gaap:WeightedAverageNumberOfDilutedSharesOutstanding 2018-06-30 (filed 2019-08-01) = 1.18e+06; us-gaap:WeightedAverageNumberOfDilutedSharesOutstanding 2018-09-30 (filed 2018-10-30) = 1.18e+06; us-gaap:WeightedAverageNumberOfDilutedSharesOutstanding 2018-09-30 (filed 2019-10-31) = 1.18e+06; us-gaap:WeightedAverageNumberOfDilutedSharesOutstanding 2018-09-30 (filed 2018-10-30) = 1.17e+06; us-gaap:WeightedAverageNumberOfDilutedSharesOutstanding 2018-09-30 (filed 2019-10-31) = 1.17e+06; us-gaap:WeightedAverageNumberOfDilutedSharesOutstanding 2018-12-31 (filed 2019-02-19) = 1.18e+06; us-gaap:WeightedAverageNumberOfDilutedSharesOutstanding 2018-12-31 (filed 2020-02-18) = 1.18e+06; us-gaap:WeightedAverageNumberOfDilutedSharesOutstanding 2018-12-31 (filed 2021-02-16) = 1.18e+06; us-gaap:WeightedAverageNumberOfDilutedSharesOutstanding 2019-03-31 (filed 2019-05-02) = 1.15e+06; us-gaap:WeightedAverageNumberOfDilutedSharesOutstanding 2019-03-31 (filed 2020-05-05) = 1.15e+06; us-gaap:WeightedAverageNumberOfDilutedSharesOutstanding 2019-06-30 (filed 2019-08-01) = 1.14e+06; us-gaap:WeightedAverageNumberOfDilutedSharesOutstanding 2019-06-30 (filed 2019-08-01) = 1.13e+06; us-gaap:WeightedAverageNumberOfDilutedSharesOutstanding 2019-09-30 (filed 2019-10-31) = 1.13e+06; us-gaap:WeightedAverageNumberOfDilutedSharesOutstanding 2019-09-30 (filed 2019-10-31) = 1.11e+06; us-gaap:WeightedAverageNumberOfDilutedSharesOutstanding 2019-12-31 (filed 2020-02-18) = 1.12e+06; us-gaap:WeightedAverageNumberOfDilutedSharesOutstanding 2019-12-31 (filed 2021-02-16) = 1.12e+06; us-gaap:WeightedAverageNumberOfDilutedSharesOutstanding 2019-12-31 (filed 2022-02-17) = 1.12e+06; us-gaap:WeightedAverageNumberOfDilutedSharesOutstanding 2020-03-31 (filed 2020-05-05) = 1.08e+06; us-gaap:WeightedAverageNumberOfDilutedSharesOutstanding 2020-03-31 (filed 2021-05-06) = 1.08e+06; us-gaap:WeightedAverageNumberOfDilutedSharesOutstanding 2020-12-31 (filed 2021-02-16) = 1.08e+06; us-gaap:WeightedAverageNumberOfDilutedSharesOutstanding 2020-12-31 (filed 2022-02-17) = 1.08e+06; us-gaap:WeightedAverageNumberOfDilutedSharesOutstanding 2021-03-31 (filed 2021-05-06) = 1.3e+06; us-gaap:WeightedAverageNumberOfDilutedSharesOutstanding 2021-12-31 (filed 2022-02-17) = 1.33e+06; us-gaap:WeightedAverageNumberOfSharesOutstandingBasic 2008-06-30 (filed 2009-08-04) = 2.03e+06; us-gaap:WeightedAverageNumberOfSharesOutstandingBasic 2008-06-30 (filed 2009-08-04) = 2.01e+06; us-gaap:WeightedAverageNumberOfSharesOutstandingBasic 2009-06-30 (filed 2009-08-04) = 1.95e+06; us-gaap:WeightedAverageNumberOfSharesOutstandingBasic 2009-06-30 (filed 2009-08-04) = 1.95e+06; us-gaap:WeightedAverageNumberOfSharesOutstandingBasic 2010-12-31 (filed 2013-02-19) = 1.48e+06; us-gaap:WeightedAverageNumberOfSharesOutstandingBasic 2011-09-30 (filed 2012-10-30) = 1.4e+06; us-gaap:WeightedAverageNumberOfSharesOutstandingBasic 2011-09-30 (filed 2012-10-30) = 1.36e+06; us-gaap:WeightedAverageNumberOfSharesOutstandingBasic 2011-12-31 (filed 2013-02-19) = 1.38e+06; us-gaap:WeightedAverageNumberOfSharesOutstandingBasic 2011-12-31 (filed 2014-02-25) = 1.38e+06; us-gaap:WeightedAverageNumberOfSharesOutstandingBasic 2012-03-31 (filed 2013-04-30) = 1.28e+06; us-gaap:WeightedAverageNumberOfSharesOutstandingBasic 2012-06-30 (filed 2013-08-02) = 1.27e+06; us-gaap:WeightedAverageNumberOfSharesOutstandingBasic 2012-06-30 (filed 2013-08-02) = 1.25e+06; us-gaap:WeightedAverageNumberOfSharesOutstandingBasic 2012-09-30 (filed 2012-10-30) = 1.25e+06; us-gaap:WeightedAverageNumberOfSharesOutstandingBasic 2012-09-30 (filed 2013-11-05) = 1.25e+06; us-gaap:WeightedAverageNumberOfSharesOutstandingBasic 2012-09-30 (filed 2012-10-30) = 1.22e+06; us-gaap:WeightedAverageNumberOfSharesOutstandingBasic 2012-09-30 (filed 2013-11-05) = 1.22e+06; us-gaap:WeightedAverageNumberOfSharesOutstandingBasic 2012-12-31 (filed 2013-02-19) = 1.24e+06; us-gaap:WeightedAverageNumberOfSharesOutstandingBasic 2012-12-31 (filed 2014-02-25) = 1.24e+06; us-gaap:WeightedAverageNumberOfSharesOutstandingBasic 2012-12-31 (filed 2015-02-24) = 1.24e+06; us-gaap:WeightedAverageNumberOfSharesOutstandingBasic 2013-03-31 (filed 2013-04-30) = 1.23e+06; us-gaap:WeightedAverageNumberOfSharesOutstandingBasic 2013-03-31 (filed 2014-05-06) = 1.23e+06; us-gaap:WeightedAverageNumberOfSharesOutstandingBasic 2013-06-30 (filed 2013-08-02) = 1.23e+06; us-gaap:WeightedAverageNumberOfSharesOutstandingBasic 2013-06-30 (filed 2014-08-05) = 1.23e+06; us-gaap:WeightedAverageNumberOfSharesOutstandingBasic 2013-06-30 (filed 2013-08-02) = 1.23e+06; us-gaap:WeightedAverageNumberOfSharesOutstandingBasic 2013-06-30 (filed 2014-08-05) = 1.23e+06; us-gaap:WeightedAverageNumberOfSharesOutstandingBasic 2013-09-30 (filed 2013-11-05) = 1.23e+06; us-gaap:WeightedAverageNumberOfSharesOutstandingBasic 2013-09-30 (filed 2014-11-04) = 1.23e+06; us-gaap:WeightedAverageNumberOfSharesOutstandingBasic 2013-09-30 (filed 2013-11-05) = 1.23e+06; us-gaap:WeightedAverageNumberOfSharesOutstandingBasic 2013-09-30 (filed 2014-11-04) = 1.23e+06; us-gaap:WeightedAverageNumberOfSharesOutstandingBasic 2013-12-31 (filed 2014-02-25) = 1.23e+06; us-gaap:WeightedAverageNumberOfSharesOutstandingBasic 2013-12-31 (filed 2015-02-24) = 1.23e+06; us-gaap:WeightedAverageNumberOfSharesOutstandingBasic 2013-12-31 (filed 2016-02-23) = 1.23e+06; us-gaap:WeightedAverageNumberOfSharesOutstandingBasic 2014-03-31 (filed 2014-05-06) = 1.23e+06; us-gaap:WeightedAverageNumberOfSharesOutstandingBasic 2014-03-31 (filed 2015-05-05) = 1.23e+06; us-gaap:WeightedAverageNumberOfSharesOutstandingBasic 2014-06-30 (filed 2014-08-05) = 1.24e+06; us-gaap:WeightedAverageNumberOfSharesOutstandingBasic 2014-06-30 (filed 2015-08-04) = 1.24e+06; us-gaap:WeightedAverageNumberOfSharesOutstandingBasic 2014-06-30 (filed 2014-08-05) = 1.24e+06; us-gaap:WeightedAverageNumberOfSharesOutstandingBasic 2014-06-30 (filed 2015-08-04) = 1.24e+06; us-gaap:WeightedAverageNumberOfSharesOutstandingBasic 2014-09-30 (filed 2014-11-04) = 1.24e+06; us-gaap:WeightedAverageNumberOfSharesOutstandingBasic 2014-09-30 (filed 2015-11-03) = 1.24e+06; us-gaap:WeightedAverageNumberOfSharesOutstandingBasic 2014-09-30 (filed 2014-11-04) = 1.24e+06; us-gaap:WeightedAverageNumberOfSharesOutstandingBasic 2014-09-30 (filed 2015-11-03) = 1.24e+06; us-gaap:WeightedAverageNumberOfSharesOutstandingBasic 2014-12-31 (filed 2015-02-24) = 1.24e+06; us-gaap:WeightedAverageNumberOfSharesOutstandingBasic 2014-12-31 (filed 2016-02-23) = 1.24e+06; us-gaap:WeightedAverageNumberOfSharesOutstandingBasic 2014-12-31 (filed 2017-02-21) = 1.24e+06; us-gaap:WeightedAverageNumberOfSharesOutstandingBasic 2015-03-31 (filed 2015-05-05) = 1.24e+06; us-gaap:WeightedAverageNumberOfSharesOutstandingBasic 2015-03-31 (filed 2016-05-03) = 1.24e+06; us-gaap:WeightedAverageNumberOfSharesOutstandingBasic 2015-06-30 (filed 2015-08-04) = 1.24e+06; us-gaap:WeightedAverageNumberOfSharesOutstandingBasic 2015-06-30 (filed 2016-08-02) = 1.24e+06; us-gaap:WeightedAverageNumberOfSharesOutstandingBasic 2015-06-30 (filed 2015-08-04) = 1.24e+06; us-gaap:WeightedAverageNumberOfSharesOutstandingBasic 2015-06-30 (filed 2016-08-02) = 1.24e+06; us-gaap:WeightedAverageNumberOfSharesOutstandingBasic 2015-09-30 (filed 2015-11-03) = 1.24e+06; us-gaap:WeightedAverageNumberOfSharesOutstandingBasic 2015-09-30 (filed 2016-11-01) = 1.24e+06; us-gaap:WeightedAverageNumberOfSharesOutstandingBasic 2015-09-30 (filed 2015-11-03) = 1.24e+06; us-gaap:WeightedAverageNumberOfSharesOutstandingBasic 2015-09-30 (filed 2016-11-01) = 1.24e+06; us-gaap:WeightedAverageNumberOfSharesOutstandingBasic 2015-12-31 (filed 2016-02-23) = 1.24e+06; us-gaap:WeightedAverageNumberOfSharesOutstandingBasic 2015-12-31 (filed 2017-02-21) = 1.24e+06; us-gaap:WeightedAverageNumberOfSharesOutstandingBasic 2015-12-31 (filed 2018-02-20) = 1.24e+06; us-gaap:WeightedAverageNumberOfSharesOutstandingBasic 2016-03-31 (filed 2016-05-03) = 1.24e+06; us-gaap:WeightedAverageNumberOfSharesOutstandingBasic 2016-03-31 (filed 2017-05-04) = 1.24e+06; us-gaap:WeightedAverageNumberOfSharesOutstandingBasic 2016-06-30 (filed 2016-08-02) = 1.24e+06; us-gaap:WeightedAverageNumberOfSharesOutstandingBasic 2016-06-30 (filed 2017-08-01) = 1.24e+06; us-gaap:WeightedAverageNumberOfSharesOutstandingBasic 2016-06-30 (filed 2016-08-02) = 1.24e+06; us-gaap:WeightedAverageNumberOfSharesOutstandingBasic 2016-09-30 (filed 2016-11-01) = 1.25e+06; us-gaap:WeightedAverageNumberOfSharesOutstandingBasic 2016-09-30 (filed 2017-10-31) = 1.25e+06; us-gaap:WeightedAverageNumberOfSharesOutstandingBasic 2016-09-30 (filed 2016-11-01) = 1.25e+06; us-gaap:WeightedAverageNumberOfSharesOutstandingBasic 2016-12-31 (filed 2017-02-21) = 1.25e+06; us-gaap:WeightedAverageNumberOfSharesOutstandingBasic 2016-12-31 (filed 2018-02-20) = 1.25e+06; us-gaap:WeightedAverageNumberOfSharesOutstandingBasic 2016-12-31 (filed 2019-02-19) = 1.25e+06; us-gaap:WeightedAverageNumberOfSharesOutstandingBasic 2017-03-31 (filed 2017-05-04) = 1.24e+06; us-gaap:WeightedAverageNumberOfSharesOutstandingBasic 2017-03-31 (filed 2018-05-01) = 1.24e+06; us-gaap:WeightedAverageNumberOfSharesOutstandingBasic 2017-06-30 (filed 2017-08-01) = 1.24e+06; us-gaap:WeightedAverageNumberOfSharesOutstandingBasic 2017-06-30 (filed 2018-07-31) = 1.24e+06; us-gaap:WeightedAverageNumberOfSharesOutstandingBasic 2017-06-30 (filed 2018-08-01) = 1.24e+06; us-gaap:WeightedAverageNumberOfSharesOutstandingBasic 2017-06-30 (filed 2018-07-31) = 1.24e+06; us-gaap:WeightedAverageNumberOfSharesOutstandingBasic 2017-06-30 (filed 2018-08-01) = 1.24e+06; us-gaap:WeightedAverageNumberOfSharesOutstandingBasic 2017-09-30 (filed 2017-10-31) = 1.23e+06; us-gaap:WeightedAverageNumberOfSharesOutstandingBasic 2017-09-30 (filed 2018-10-30) = 1.23e+06; us-gaap:WeightedAverageNumberOfSharesOutstandingBasic 2017-09-30 (filed 2018-10-30) = 1.21e+06; us-gaap:WeightedAverageNumberOfSharesOutstandingBasic 2017-12-31 (filed 2018-02-20) = 1.22e+06; us-gaap:WeightedAverageNumberOfSharesOutstandingBasic 2017-12-31 (filed 2019-02-19) = 1.22e+06; us-gaap:WeightedAverageNumberOfSharesOutstandingBasic 2017-12-31 (filed 2020-02-18) = 1.22e+06; us-gaap:WeightedAverageNumberOfSharesOutstandingBasic 2018-03-31 (filed 2018-05-01) = 1.18e+06; us-gaap:WeightedAverageNumberOfSharesOutstandingBasic 2018-03-31 (filed 2019-05-02) = 1.18e+06; us-gaap:WeightedAverageNumberOfSharesOutstandingBasic 2018-06-30 (filed 2018-07-31) = 1.18e+06; us-gaap:WeightedAverageNumberOfSharesOutstandingBasic 2018-06-30 (filed 2018-08-01) = 1.18e+06; us-gaap:WeightedAverageNumberOfSharesOutstandingBasic 2018-06-30 (filed 2019-08-01) = 1.18e+06; us-gaap:WeightedAverageNumberOfSharesOutstandingBasic 2018-06-30 (filed 2018-08-01) = 1.17e+06; us-gaap:WeightedAverageNumberOfSharesOutstandingBasic 2018-06-30 (filed 2019-08-01) = 1.17e+06; us-gaap:WeightedAverageNumberOfSharesOutstandingBasic 2018-09-30 (filed 2018-10-30) = 1.17e+06; us-gaap:WeightedAverageNumberOfSharesOutstandingBasic 2018-09-30 (filed 2019-10-31) = 1.17e+06; us-gaap:WeightedAverageNumberOfSharesOutstandingBasic 2018-09-30 (filed 2018-10-30) = 1.16e+06; us-gaap:WeightedAverageNumberOfSharesOutstandingBasic 2018-09-30 (filed 2019-10-31) = 1.16e+06; us-gaap:WeightedAverageNumberOfSharesOutstandingBasic 2018-12-31 (filed 2019-02-19) = 1.17e+06; us-gaap:WeightedAverageNumberOfSharesOutstandingBasic 2018-12-31 (filed 2020-02-18) = 1.17e+06; us-gaap:WeightedAverageNumberOfSharesOutstandingBasic 2018-12-31 (filed 2021-02-16) = 1.17e+06; us-gaap:WeightedAverageNumberOfSharesOutstandingBasic 2019-03-31 (filed 2019-05-02) = 1.14e+06; us-gaap:WeightedAverageNumberOfSharesOutstandingBasic 2019-03-31 (filed 2020-05-05) = 1.14e+06; us-gaap:WeightedAverageNumberOfSharesOutstandingBasic 2019-06-30 (filed 2019-08-01) = 1.13e+06; us-gaap:WeightedAverageNumberOfSharesOutstandingBasic 2019-06-30 (filed 2019-08-01) = 1.13e+06; us-gaap:WeightedAverageNumberOfSharesOutstandingBasic 2019-09-30 (filed 2019-10-31) = 1.12e+06; us-gaap:WeightedAverageNumberOfSharesOutstandingBasic 2019-09-30 (filed 2019-10-31) = 1.11e+06; us-gaap:WeightedAverageNumberOfSharesOutstandingBasic 2019-12-31 (filed 2020-02-18) = 1.12e+06; us-gaap:WeightedAverageNumberOfSharesOutstandingBasic 2019-12-31 (filed 2021-02-16) = 1.12e+06; us-gaap:WeightedAverageNumberOfSharesOutstandingBasic 2019-12-31 (filed 2022-02-17) = 1.12e+06; us-gaap:WeightedAverageNumberOfSharesOutstandingBasic 2020-03-31 (filed 2020-05-05) = 1.08e+06; us-gaap:WeightedAverageNumberOfSharesOutstandingBasic 2020-03-31 (filed 2021-05-06) = 1.08e+06; us-gaap:WeightedAverageNumberOfSharesOutstandingBasic 2020-12-31 (filed 2021-02-16) = 1.08e+06; us-gaap:WeightedAverageNumberOfSharesOutstandingBasic 2020-12-31 (filed 2022-02-17) = 1.08e+06; us-gaap:WeightedAverageNumberOfSharesOutstandingBasic 2021-03-31 (filed 2021-05-06) = 1.3e+06; us-gaap:WeightedAverageNumberOfSharesOutstandingBasic 2021-12-31 (filed 2022-02-17) = 1.32e+06; us-gaap:WeightedAverageNumberOfSharesOutstandingBasic 2008-06-30 (filed 2009-08-04) = 2.03e+06; us-gaap:WeightedAverageNumberOfSharesOutstandingBasic 2008-06-30 (filed 2009-08-04) = 2.01e+06; us-gaap:WeightedAverageNumberOfSharesOutstandingBasic 2009-06-30 (filed 2009-08-04) = 1.95e+06; us-gaap:WeightedAverageNumberOfSharesOutstandingBasic 2009-06-30 (filed 2009-08-04) = 1.95e+06; us-gaap:WeightedAverageNumberOfSharesOutstandingBasic 2010-12-31 (filed 2013-02-19) = 1.48e+06; us-gaap:WeightedAverageNumberOfSharesOutstandingBasic 2011-09-30 (filed 2012-10-30) = 1.4e+06; us-gaap:WeightedAverageNumberOfSharesOutstandingBasic 2011-09-30 (filed 2012-10-30) = 1.36e+06; us-gaap:WeightedAverageNumberOfSharesOutstandingBasic 2011-12-31 (filed 2013-02-19) = 1.38e+06; us-gaap:WeightedAverageNumberOfSharesOutstandingBasic 2011-12-31 (filed 2014-02-25) = 1.38e+06; us-gaap:WeightedAverageNumberOfSharesOutstandingBasic 2012-03-31 (filed 2013-04-30) = 1.28e+06; us-gaap:WeightedAverageNumberOfSharesOutstandingBasic 2012-06-30 (filed 2013-08-02) = 1.27e+06; us-gaap:WeightedAverageNumberOfSharesOutstandingBasic 2012-06-30 (filed 2013-08-02) = 1.25e+06; us-gaap:WeightedAverageNumberOfSharesOutstandingBasic 2012-09-30 (filed 2012-10-30) = 1.25e+06; us-gaap:WeightedAverageNumberOfSharesOutstandingBasic 2012-09-30 (filed 2013-11-05) = 1.25e+06; us-gaap:WeightedAverageNumberOfSharesOutstandingBasic 2012-09-30 (filed 2012-10-30) = 1.22e+06; us-gaap:WeightedAverageNumberOfSharesOutstandingBasic 2012-09-30 (filed 2013-11-05) = 1.22e+06; us-gaap:WeightedAverageNumberOfSharesOutstandingBasic 2012-12-31 (filed 2013-02-19) = 1.24e+06; us-gaap:WeightedAverageNumberOfSharesOutstandingBasic 2012-12-31 (filed 2014-02-25) = 1.24e+06; us-gaap:WeightedAverageNumberOfSharesOutstandingBasic 2012-12-31 (filed 2015-02-24) = 1.24e+06; us-gaap:WeightedAverageNumberOfSharesOutstandingBasic 2013-03-31 (filed 2013-04-30) = 1.23e+06; us-gaap:WeightedAverageNumberOfSharesOutstandingBasic 2013-03-31 (filed 2014-05-06) = 1.23e+06; us-gaap:WeightedAverageNumberOfSharesOutstandingBasic 2013-06-30 (filed 2013-08-02) = 1.23e+06; us-gaap:WeightedAverageNumberOfSharesOutstandingBasic 2013-06-30 (filed 2014-08-05) = 1.23e+06; us-gaap:WeightedAverageNumberOfSharesOutstandingBasic 2013-06-30 (filed 2013-08-02) = 1.23e+06; us-gaap:WeightedAverageNumberOfSharesOutstandingBasic 2013-06-30 (filed 2014-08-05) = 1.23e+06; us-gaap:WeightedAverageNumberOfSharesOutstandingBasic 2013-09-30 (filed 2013-11-05) = 1.23e+06; us-gaap:WeightedAverageNumberOfSharesOutstandingBasic 2013-09-30 (filed 2014-11-04) = 1.23e+06; us-gaap:WeightedAverageNumberOfSharesOutstandingBasic 2013-09-30 (filed 2013-11-05) = 1.23e+06; us-gaap:WeightedAverageNumberOfSharesOutstandingBasic 2013-09-30 (filed 2014-11-04) = 1.23e+06; us-gaap:WeightedAverageNumberOfSharesOutstandingBasic 2013-12-31 (filed 2014-02-25) = 1.23e+06; us-gaap:WeightedAverageNumberOfSharesOutstandingBasic 2013-12-31 (filed 2015-02-24) = 1.23e+06; us-gaap:WeightedAverageNumberOfSharesOutstandingBasic 2013-12-31 (filed 2016-02-23) = 1.23e+06; us-gaap:WeightedAverageNumberOfSharesOutstandingBasic 2014-03-31 (filed 2014-05-06) = 1.23e+06; us-gaap:WeightedAverageNumberOfSharesOutstandingBasic 2014-03-31 (filed 2015-05-05) = 1.23e+06; us-gaap:WeightedAverageNumberOfSharesOutstandingBasic 2014-06-30 (filed 2014-08-05) = 1.24e+06; us-gaap:WeightedAverageNumberOfSharesOutstandingBasic 2014-06-30 (filed 2015-08-04) = 1.24e+06; us-gaap:WeightedAverageNumberOfSharesOutstandingBasic 2014-06-30 (filed 2014-08-05) = 1.24e+06; us-gaap:WeightedAverageNumberOfSharesOutstandingBasic 2014-06-30 (filed 2015-08-04) = 1.24e+06; us-gaap:WeightedAverageNumberOfSharesOutstandingBasic 2014-09-30 (filed 2014-11-04) = 1.24e+06; us-gaap:WeightedAverageNumberOfSharesOutstandingBasic 2014-09-30 (filed 2015-11-03) = 1.24e+06; us-gaap:WeightedAverageNumberOfSharesOutstandingBasic 2014-09-30 (filed 2014-11-04) = 1.24e+06; us-gaap:WeightedAverageNumberOfSharesOutstandingBasic 2014-09-30 (filed 2015-11-03) = 1.24e+06; us-gaap:WeightedAverageNumberOfSharesOutstandingBasic 2014-12-31 (filed 2015-02-24) = 1.24e+06; us-gaap:WeightedAverageNumberOfSharesOutstandingBasic 2014-12-31 (filed 2016-02-23) = 1.24e+06; us-gaap:WeightedAverageNumberOfSharesOutstandingBasic 2014-12-31 (filed 2017-02-21) = 1.24e+06; us-gaap:WeightedAverageNumberOfSharesOutstandingBasic 2015-03-31 (filed 2015-05-05) = 1.24e+06; us-gaap:WeightedAverageNumberOfSharesOutstandingBasic 2015-03-31 (filed 2016-05-03) = 1.24e+06; us-gaap:WeightedAverageNumberOfSharesOutstandingBasic 2015-06-30 (filed 2015-08-04) = 1.24e+06; us-gaap:WeightedAverageNumberOfSharesOutstandingBasic 2015-06-30 (filed 2016-08-02) = 1.24e+06; us-gaap:WeightedAverageNumberOfSharesOutstandingBasic 2015-06-30 (filed 2015-08-04) = 1.24e+06; us-gaap:WeightedAverageNumberOfSharesOutstandingBasic 2015-06-30 (filed 2016-08-02) = 1.24e+06; us-gaap:WeightedAverageNumberOfSharesOutstandingBasic 2015-09-30 (filed 2015-11-03) = 1.24e+06; us-gaap:WeightedAverageNumberOfSharesOutstandingBasic 2015-09-30 (filed 2016-11-01) = 1.24e+06; us-gaap:WeightedAverageNumberOfSharesOutstandingBasic 2015-09-30 (filed 2015-11-03) = 1.24e+06; us-gaap:WeightedAverageNumberOfSharesOutstandingBasic 2015-09-30 (filed 2016-11-01) = 1.24e+06; us-gaap:WeightedAverageNumberOfSharesOutstandingBasic 2015-12-31 (filed 2016-02-23) = 1.24e+06; us-gaap:WeightedAverageNumberOfSharesOutstandingBasic 2015-12-31 (filed 2017-02-21) = 1.24e+06; us-gaap:WeightedAverageNumberOfSharesOutstandingBasic 2015-12-31 (filed 2018-02-20) = 1.24e+06; us-gaap:WeightedAverageNumberOfSharesOutstandingBasic 2016-03-31 (filed 2016-05-03) = 1.24e+06; us-gaap:WeightedAverageNumberOfSharesOutstandingBasic 2016-03-31 (filed 2017-05-04) = 1.24e+06; us-gaap:WeightedAverageNumberOfSharesOutstandingBasic 2016-06-30 (filed 2016-08-02) = 1.24e+06; us-gaap:WeightedAverageNumberOfSharesOutstandingBasic 2016-06-30 (filed 2017-08-01) = 1.24e+06; us-gaap:WeightedAverageNumberOfSharesOutstandingBasic 2016-06-30 (filed 2016-08-02) = 1.24e+06; us-gaap:WeightedAverageNumberOfSharesOutstandingBasic 2016-09-30 (filed 2016-11-01) = 1.25e+06; us-gaap:WeightedAverageNumberOfSharesOutstandingBasic 2016-09-30 (filed 2017-10-31) = 1.25e+06; us-gaap:WeightedAverageNumberOfSharesOutstandingBasic 2016-09-30 (filed 2016-11-01) = 1.25e+06; us-gaap:WeightedAverageNumberOfSharesOutstandingBasic 2016-12-31 (filed 2017-02-21) = 1.25e+06; us-gaap:WeightedAverageNumberOfSharesOutstandingBasic 2016-12-31 (filed 2018-02-20) = 1.25e+06; us-gaap:WeightedAverageNumberOfSharesOutstandingBasic 2016-12-31 (filed 2019-02-19) = 1.25e+06; us-gaap:WeightedAverageNumberOfSharesOutstandingBasic 2017-03-31 (filed 2017-05-04) = 1.24e+06; us-gaap:WeightedAverageNumberOfSharesOutstandingBasic 2017-03-31 (filed 2018-05-01) = 1.24e+06; us-gaap:WeightedAverageNumberOfSharesOutstandingBasic 2017-06-30 (filed 2017-08-01) = 1.24e+06; us-gaap:WeightedAverageNumberOfSharesOutstandingBasic 2017-06-30 (filed 2018-07-31) = 1.24e+06; us-gaap:WeightedAverageNumberOfSharesOutstandingBasic 2017-06-30 (filed 2018-08-01) = 1.24e+06; us-gaap:WeightedAverageNumberOfSharesOutstandingBasic 2017-06-30 (filed 2018-07-31) = 1.24e+06; us-gaap:WeightedAverageNumberOfSharesOutstandingBasic 2017-06-30 (filed 2018-08-01) = 1.24e+06; us-gaap:WeightedAverageNumberOfSharesOutstandingBasic 2017-09-30 (filed 2017-10-31) = 1.23e+06; us-gaap:WeightedAverageNumberOfSharesOutstandingBasic 2017-09-30 (filed 2018-10-30) = 1.23e+06; us-gaap:WeightedAverageNumberOfSharesOutstandingBasic 2017-09-30 (filed 2018-10-30) = 1.21e+06; us-gaap:WeightedAverageNumberOfSharesOutstandingBasic 2017-12-31 (filed 2018-02-20) = 1.22e+06; us-gaap:WeightedAverageNumberOfSharesOutstandingBasic 2017-12-31 (filed 2019-02-19) = 1.22e+06; us-gaap:WeightedAverageNumberOfSharesOutstandingBasic 2017-12-31 (filed 2020-02-18) = 1.22e+06; us-gaap:WeightedAverageNumberOfSharesOutstandingBasic 2018-03-31 (filed 2018-05-01) = 1.18e+06; us-gaap:WeightedAverageNumberOfSharesOutstandingBasic 2018-03-31 (filed 2019-05-02) = 1.18e+06; us-gaap:WeightedAverageNumberOfSharesOutstandingBasic 2018-06-30 (filed 2018-07-31) = 1.18e+06; us-gaap:WeightedAverageNumberOfSharesOutstandingBasic 2018-06-30 (filed 2018-08-01) = 1.18e+06; us-gaap:WeightedAverageNumberOfSharesOutstandingBasic 2018-06-30 (filed 2019-08-01) = 1.18e+06; us-gaap:WeightedAverageNumberOfSharesOutstandingBasic 2018-06-30 (filed 2018-08-01) = 1.17e+06; us-gaap:WeightedAverageNumberOfSharesOutstandingBasic 2018-06-30 (filed 2019-08-01) = 1.17e+06; us-gaap:WeightedAverageNumberOfSharesOutstandingBasic 2018-09-30 (filed 2018-10-30) = 1.17e+06; us-gaap:WeightedAverageNumberOfSharesOutstandingBasic 2018-09-30 (filed 2019-10-31) = 1.17e+06; us-gaap:WeightedAverageNumberOfSharesOutstandingBasic 2018-09-30 (filed 2018-10-30) = 1.16e+06; us-gaap:WeightedAverageNumberOfSharesOutstandingBasic 2018-09-30 (filed 2019-10-31) = 1.16e+06; us-gaap:WeightedAverageNumberOfSharesOutstandingBasic 2018-12-31 (filed 2019-02-19) = 1.17e+06; us-gaap:WeightedAverageNumberOfSharesOutstandingBasic 2018-12-31 (filed 2020-02-18) = 1.17e+06; us-gaap:WeightedAverageNumberOfSharesOutstandingBasic 2018-12-31 (filed 2021-02-16) = 1.17e+06; us-gaap:WeightedAverageNumberOfSharesOutstandingBasic 2019-03-31 (filed 2019-05-02) = 1.14e+06; us-gaap:WeightedAverageNumberOfSharesOutstandingBasic 2019-03-31 (filed 2020-05-05) = 1.14e+06; us-gaap:WeightedAverageNumberOfSharesOutstandingBasic 2019-06-30 (filed 2019-08-01) = 1.13e+06; us-gaap:WeightedAverageNumberOfSharesOutstandingBasic 2019-06-30 (filed 2019-08-01) = 1.13e+06; us-gaap:WeightedAverageNumberOfSharesOutstandingBasic 2019-09-30 (filed 2019-10-31) = 1.12e+06; us-gaap:WeightedAverageNumberOfSharesOutstandingBasic 2019-09-30 (filed 2019-10-31) = 1.11e+06; us-gaap:WeightedAverageNumberOfSharesOutstandingBasic 2019-12-31 (filed 2020-02-18) = 1.12e+06; us-gaap:WeightedAverageNumberOfSharesOutstandingBasic 2019-12-31 (filed 2021-02-16) = 1.12e+06; us-gaap:WeightedAverageNumberOfSharesOutstandingBasic 2019-12-31 (filed 2022-02-17) = 1.12e+06; us-gaap:WeightedAverageNumberOfSharesOutstandingBasic 2020-03-31 (filed 2020-05-05) = 1.08e+06; us-gaap:WeightedAverageNumberOfSharesOutstandingBasic 2020-03-31 (filed 2021-05-06) = 1.08e+06; us-gaap:WeightedAverageNumberOfSharesOutstandingBasic 2020-12-31 (filed 2021-02-16) = 1.08e+06; us-gaap:WeightedAverageNumberOfSharesOutstandingBasic 2020-12-31 (filed 2022-02-17) = 1.08e+06; us-gaap:WeightedAverageNumberOfSharesOutstandingBasic 2021-03-31 (filed 2021-05-06) = 1.3e+06; us-gaap:WeightedAverageNumberOfSharesOutstandingBasic 2021-12-31 (filed 2022-02-17) = 1.32e+06,,
COST,909832,,COSTCO WHOLESALE CORP /NEW,True,"calculado: NetIncomeLoss / WeightedAverageNumberOfDilutedSharesOutstanding, us-gaap:EarningsPerShareDiluted",71,2009-08-30,2026-05-10,True,dei:EntityCommonStockSharesOutstanding,67,2009-12-18,2026-06-03,1993-10-22 2:1; 2000-01-14 2:1,,,1.0
CRM,1108524,,"Salesforce, Inc.",True,us-gaap:EarningsPerShareDiluted,72,2010-01-31,2026-07-31,True,dei:EntityCommonStockSharesOutstanding,68,2009-08-25,2026-08-27,2013-04-18 4:1,dei:EntityCommonStockSharesOutstanding 2011-04-30 (filed 2011-05-26) = 536,,
CRWD,1535527,,"CrowdStrike Holdings, Inc.",True,"us-gaap:EarningsPerShareBasicAndDiluted, us-gaap:EarningsPerShareDiluted",34,2019-01-31,2026-07-31,True,us-gaap:CommonStockSharesOutstanding,33,2019-07-19,2026-08-27,2026-07-02 4:1,us-gaap:CommonStockSharesOutstanding 2019-07-31 (filed 2019-09-06) = 0; us-gaap:CommonStockSharesOutstanding 2019-10-31 (filed 2019-12-06) = 0; us-gaap:CommonStockSharesOutstanding 2020-01-31 (filed 2020-03-23) = 0; acciones 2019-10-31 = 8.16e+08 (pico aislado); acciones 2020-01-31 = 5.92e+08 (pico aislado),,
CSCO,858877,,"CISCO SYSTEMS, INC.",True,"calculado: NetIncomeLoss / WeightedAverageNumberOfDilutedSharesOutstanding, us-gaap:EarningsPerShareDiluted",72,2009-07-25,2026-07-25,True,dei:EntityCommonStockSharesOutstanding,68,2009-11-18,2026-09-02,1991-03-18 2:1; 1992-03-23 2:1; 1993-03-22 2:1; 1994-03-21 2:1; 1996-02-20 2:1; 1997-12-17 1.5:1; 1998-09-16 1.5:1; 1999-06-22 2:1; 2000-03-23 2:1,,,
CSX,277948,,CSX CORPORATION,True,us-gaap:EarningsPerShareDiluted,74,2008-12-26,2026-06-30,True,dei:EntityCommonStockSharesOutstanding,72,2009-04-15,2026-07-22,1983-10-26 3:1; 1995-12-22 2:1; 2006-08-16 2:1; 2011-06-16 3:1; 2021-06-29 3:1,us-gaap:WeightedAverageNumberOfDilutedSharesOutstanding 2007-12-28 (filed 2010-02-19) = 4.04e+06; us-gaap:WeightedAverageNumberOfDilutedSharesOutstanding 2008-03-28 (filed 2009-04-15) = 3.74e+06; us-gaap:WeightedAverageNumberOfDilutedSharesOutstanding 2008-06-27 (filed 2009-07-15) = 3.74e+06; us-gaap:WeightedAverageNumberOfDilutedSharesOutstanding 2008-06-27 (filed 2009-07-15) = 3.74e+06; us-gaap:WeightedAverageNumberOfDilutedSharesOutstanding 2008-09-26 (filed 2009-10-20) = 3.72e+06; us-gaap:WeightedAverageNumberOfDilutedSharesOutstanding 2008-09-26 (filed 2009-10-20) = 3.68e+06; us-gaap:WeightedAverageNumberOfDilutedSharesOutstanding 2008-12-26 (filed 2010-02-19) = 3.68e+06; us-gaap:WeightedAverageNumberOfDilutedSharesOutstanding 2009-03-27 (filed 2009-04-15) = 3.55e+06; us-gaap:WeightedAverageNumberOfDilutedSharesOutstanding 2009-03-27 (filed 2010-04-19) = 3.55e+06; us-gaap:WeightedAverageNumberOfDilutedSharesOutstanding 2009-06-26 (filed 2009-07-15) = 3.55e+06; us-gaap:WeightedAverageNumberOfDilutedSharesOutstanding 2009-06-26 (filed 2009-07-15) = 3.56e+06; us-gaap:WeightedAverageNumberOfDilutedSharesOutstanding 2009-09-25 (filed 2009-10-20) = 3.56e+06; us-gaap:WeightedAverageNumberOfDilutedSharesOutstanding 2009-09-25 (filed 2009-10-20) = 3.57e+06; us-gaap:WeightedAverageNumberOfDilutedSharesOutstanding 2009-12-25 (filed 2010-02-19) = 3.56e+06; us-gaap:WeightedAverageNumberOfDilutedSharesOutstanding 2010-03-26 (filed 2010-04-19) = 3.55e+06; us-gaap:WeightedAverageNumberOfSharesOutstandingBasic 2007-12-28 (filed 2010-02-19) = 3.87e+06; us-gaap:WeightedAverageNumberOfSharesOutstandingBasic 2008-03-28 (filed 2009-04-15) = 3.64e+06; us-gaap:WeightedAverageNumberOfSharesOutstandingBasic 2008-06-27 (filed 2009-07-15) = 3.65e+06; us-gaap:WeightedAverageNumberOfSharesOutstandingBasic 2008-06-27 (filed 2009-07-15) = 3.66e+06; us-gaap:WeightedAverageNumberOfSharesOutstandingBasic 2008-09-26 (filed 2009-10-20) = 3.64e+06; us-gaap:WeightedAverageNumberOfSharesOutstandingBasic 2008-09-26 (filed 2009-10-20) = 3.62e+06; us-gaap:WeightedAverageNumberOfSharesOutstandingBasic 2008-12-26 (filed 2010-02-19) = 3.61e+06; us-gaap:WeightedAverageNumberOfSharesOutstandingBasic 2009-03-27 (filed 2009-04-15) = 3.52e+06; us-gaap:WeightedAverageNumberOfSharesOutstandingBasic 2009-03-27 (filed 2010-04-19) = 3.52e+06; us-gaap:WeightedAverageNumberOfSharesOutstandingBasic 2009-06-26 (filed 2009-07-15) = 3.52e+06; us-gaap:WeightedAverageNumberOfSharesOutstandingBasic 2009-06-26 (filed 2009-07-15) = 3.53e+06; us-gaap:WeightedAverageNumberOfSharesOutstandingBasic 2009-09-25 (filed 2009-10-20) = 3.53e+06; us-gaap:WeightedAverageNumberOfSharesOutstandingBasic 2009-09-25 (filed 2009-10-20) = 3.53e+06; us-gaap:WeightedAverageNumberOfSharesOutstandingBasic 2009-12-25 (filed 2010-02-19) = 3.53e+06; us-gaap:WeightedAverageNumberOfSharesOutstandingBasic 2010-03-26 (filed 2010-04-19) = 3.52e+06; dei:EntityCommonStockSharesOutstanding 2011-04-01 (filed 2011-04-20) = 9; us-gaap:WeightedAverageNumberOfSharesOutstandingBasic 2007-12-28 (filed 2010-02-19) = 3.87e+06; us-gaap:WeightedAverageNumberOfSharesOutstandingBasic 2008-03-28 (filed 2009-04-15) = 3.64e+06; us-gaap:WeightedAverageNumberOfSharesOutstandingBasic 2008-06-27 (filed 2009-07-15) = 3.65e+06; us-gaap:WeightedAverageNumberOfSharesOutstandingBasic 2008-06-27 (filed 2009-07-15) = 3.66e+06; us-gaap:WeightedAverageNumberOfSharesOutstandingBasic 2008-09-26 (filed 2009-10-20) = 3.64e+06; us-gaap:WeightedAverageNumberOfSharesOutstandingBasic 2008-09-26 (filed 2009-10-20) = 3.62e+06; us-gaap:WeightedAverageNumberOfSharesOutstandingBasic 2008-12-26 (filed 2010-02-19) = 3.61e+06; us-gaap:WeightedAverageNumberOfSharesOutstandingBasic 2009-03-27 (filed 2009-04-15) = 3.52e+06; us-gaap:WeightedAverageNumberOfSharesOutstandingBasic 2009-03-27 (filed 2010-04-19) = 3.52e+06; us-gaap:WeightedAverageNumberOfSharesOutstandingBasic 2009-06-26 (filed 2009-07-15) = 3.52e+06; us-gaap:WeightedAverageNumberOfSharesOutstandingBasic 2009-06-26 (filed 2009-07-15) = 3.53e+06; us-gaap:WeightedAverageNumberOfSharesOutstandingBasic 2009-09-25 (filed 2009-10-20) = 3.53e+06; us-gaap:WeightedAverageNumberOfSharesOutstandingBasic 2009-09-25 (filed 2009-10-20) = 3.53e+06; us-gaap:WeightedAverageNumberOfSharesOutstandingBasic 2009-12-25 (filed 2010-02-19) = 3.53e+06; us-gaap:WeightedAverageNumberOfSharesOutstandingBasic 2010-03-26 (filed 2010-04-19) = 3.52e+06,,
CVS,64803,,CVS HEALTH CORPORATION,True,us-gaap:EarningsPerShareDiluted,72,2009-12-31,2026-06-30,True,dei:EntityCommonStockSharesOutstanding,69,2009-08-04,2026-08-05,1983-05-03 2:1; 1989-03-15 2:1; 1998-06-16 2:1; 2005-06-07 2:1,,,
CVX,93410,,Chevron Corp,True,us-gaap:EarningsPerShareDiluted,74,2008-12-31,2026-06-30,True,dei:EntityCommonStockSharesOutstanding,70,2009-05-07,2026-08-06,1962-12-17 1.05:1; 1973-12-11 2:1; 1981-03-11 2:1; 1994-06-13 2:1; 2004-09-13 2:1,,,
D,715957,,"DOMINION ENERGY, INC",True,"calculado: NetIncomeLoss / WeightedAverageNumberOfDilutedSharesOutstanding, us-gaap:EarningsPerShareDiluted",69,2010-12-31,2026-06-30,True,dei:EntityCommonStockSharesOutstanding,67,2009-07-31,2026-05-01,1992-01-24 1.5:1; 2007-11-20 2:1,,,1.0
DD,1666700,,"DUPONT DE NEMOURS, INC.",True,"calculado: NetIncomeLoss / WeightedAverageNumberOfDilutedSharesOutstanding, us-gaap:EarningsPerShareDiluted",40,2017-06-30,2026-06-30,True,dei:EntityCommonStockSharesOutstanding,36,2017-11-06,2026-08-04,1973-05-10 2:1; 1976-06-08 2:1; 1989-11-21 1.5:1; 2000-06-19 3:1; 2019-04-02 1.487:1; 2019-06-03 0.4725:1; 2025-11-03 2.39:1; 2026-06-24 0.333333:1,,,
DE,315189,,DEERE & CO,True,us-gaap:EarningsPerShareDiluted,72,2009-10-31,2026-08-02,True,dei:EntityCommonStockSharesOutstanding,69,2009-08-28,2026-08-27,1972-09-22 2:1; 1976-09-22 2:1; 1995-11-29 3:1; 2007-12-04 2:1,,,
DELL,1571996,826083,Dell Technologies Inc.,True,"calculado: NetIncomeLoss / WeightedAverageNumberOfDilutedSharesOutstanding, us-gaap:EarningsPerShareDiluted, us-gaap:IncomeLossFromContinuingOperationsPerDilutedShare",54,2010-01-29,2026-07-31,True,us-gaap:CommonStockSharesOutstanding,61,2009-09-11,2026-09-08,2018-12-28 1.806:1; 2021-11-02 1.973:1,,,
DHR,313616,,DANAHER CORPORATION,True,us-gaap:EarningsPerShareDiluted,72,2009-12-31,2026-06-26,True,dei:EntityCommonStockSharesOutstanding,69,2009-07-23,2026-07-21,1987-09-09 2:1; 1995-01-23 2:1; 1998-06-01 2:1; 2004-05-21 2:1; 2010-06-14 2:1; 2016-07-05 1.319:1; 2023-10-02 1.128:1,,,
DIS,1744489,1001039,WALT DISNEY CO/,True,us-gaap:EarningsPerShareDiluted,72,2009-10-03,2026-06-27,True,dei:EntityCommonStockSharesOutstanding,71,2009-07-30,2026-08-05,1962-12-18 1.03:1; 1967-11-16 2:1; 1971-03-01 2:1; 1973-01-16 2:1; 1986-03-06 4:1; 1992-05-18 4:1; 1998-07-10 3:1; 2007-06-13 1.01368:1,,,
DUK,1326160,,Duke Energy CORP,True,"calculado: NetIncomeLoss / WeightedAverageNumberOfDilutedSharesOutstanding, us-gaap:EarningsPerShareBasicAndDiluted, us-gaap:EarningsPerShareDiluted",71,2009-12-31,2026-06-30,True,dei:EntityCommonStockSharesOutstanding,67,2009-08-07,2026-05-05,1990-10-01 2:1; 2001-01-29 2:1; 2007-01-03 1.72087:1; 2012-07-03 0.333333:1,,,1.0
DVN,1090012,,DEVON ENERGY CORP/DE,True,us-gaap:EarningsPerShareDiluted,72,2009-12-31,2026-06-30,True,dei:EntityCommonStockSharesOutstanding,70,2009-08-06,2026-08-05,2004-11-16 2:1,,,
EBAY,1065088,,eBay Inc.,True,us-gaap:EarningsPerShareDiluted,72,2009-12-31,2026-06-30,True,dei:EntityCommonStockSharesOutstanding,73,2009-07-29,2026-08-06,1999-03-02 3:1; 2000-05-25 2:1; 2003-08-29 2:1; 2005-02-17 2:1; 2015-07-20 2.376:1,,,
ELV,1156039,,"ELEVANCE HEALTH, INC.",True,us-gaap:EarningsPerShareDiluted,72,2009-12-31,2026-06-30,True,dei:EntityCommonStockSharesOutstanding,80,2009-07-29,2026-07-15,2005-06-01 2:1,us-gaap:WeightedAverageNumberOfDilutedSharesOutstanding 2009-09-30 (filed 2010-11-03) = 487; us-gaap:WeightedAverageNumberOfDilutedSharesOutstanding 2009-09-30 (filed 2010-11-03) = 477; us-gaap:WeightedAverageNumberOfDilutedSharesOutstanding 2010-09-30 (filed 2010-11-03) = 423; us-gaap:WeightedAverageNumberOfDilutedSharesOutstanding 2010-09-30 (filed 2010-11-03) = 402; us-gaap:WeightedAverageNumberOfSharesOutstandingBasic 2009-09-30 (filed 2010-11-03) = 483; us-gaap:WeightedAverageNumberOfSharesOutstandingBasic 2009-09-30 (filed 2010-11-03) = 472; us-gaap:WeightedAverageNumberOfSharesOutstandingBasic 2010-09-30 (filed 2010-11-03) = 418; us-gaap:WeightedAverageNumberOfSharesOutstandingBasic 2010-09-30 (filed 2010-11-03) = 398; us-gaap:WeightedAverageNumberOfDilutedSharesOutstanding 2009-09-30 (filed 2010-11-03) = 487; us-gaap:WeightedAverageNumberOfDilutedSharesOutstanding 2009-09-30 (filed 2010-11-03) = 477; us-gaap:WeightedAverageNumberOfDilutedSharesOutstanding 2010-09-30 (filed 2010-11-03) = 423; us-gaap:WeightedAverageNumberOfDilutedSharesOutstanding 2010-09-30 (filed 2010-11-03) = 402; us-gaap:WeightedAverageNumberOfSharesOutstandingBasic 2009-09-30 (filed 2010-11-03) = 483; us-gaap:WeightedAverageNumberOfSharesOutstandingBasic 2009-09-30 (filed 2010-11-03) = 472; us-gaap:WeightedAverageNumberOfSharesOutstandingBasic 2010-09-30 (filed 2010-11-03) = 418; us-gaap:WeightedAverageNumberOfSharesOutstandingBasic 2010-09-30 (filed 2010-11-03) = 398; us-gaap:WeightedAverageNumberOfSharesOutstandingBasic 2009-09-30 (filed 2010-11-03) = 483; us-gaap:WeightedAverageNumberOfSharesOutstandingBasic 2009-09-30 (filed 2010-11-03) = 472; us-gaap:WeightedAverageNumberOfSharesOutstandingBasic 2010-09-30 (filed 2010-11-03) = 418; us-gaap:WeightedAverageNumberOfSharesOutstandingBasic 2010-09-30 (filed 2010-11-03) = 398,,
EMR,32604,,EMERSON ELECTRIC CO.,True,"calculado: NetIncomeLoss / WeightedAverageNumberOfDilutedSharesOutstanding, us-gaap:EarningsPerShareDiluted",72,2009-09-30,2026-06-30,True,dei:EntityCommonStockSharesOutstanding,69,2009-08-05,2026-08-04,1973-08-21 2:1; 1987-09-11 3:1; 1997-03-11 2:1; 2006-12-12 2:1,,,
EOG,821189,,"EOG RESOURCES, INC.",True,us-gaap:EarningsPerShareDiluted,71,2010-12-31,2026-06-30,True,dei:EntityCommonStockSharesOutstanding,67,2009-11-05,2026-08-04,1994-06-16 2:1; 2005-03-02 2:1; 2014-04-01 2:1,us-gaap:WeightedAverageNumberOfDilutedSharesOutstanding 2009-06-30 (filed 2010-08-05) = 5.01e+05; us-gaap:WeightedAverageNumberOfDilutedSharesOutstanding 2009-06-30 (filed 2010-08-05) = 4.96e+05; us-gaap:WeightedAverageNumberOfDilutedSharesOutstanding 2010-06-30 (filed 2010-08-05) = 5.08e+05; us-gaap:WeightedAverageNumberOfDilutedSharesOutstanding 2010-06-30 (filed 2010-08-05) = 5.09e+05; us-gaap:WeightedAverageNumberOfDilutedSharesOutstanding 2010-09-30 (filed 2011-11-01) = 5.09e+05; us-gaap:WeightedAverageNumberOfDilutedSharesOutstanding 2010-09-30 (filed 2011-11-01) = 5.02e+05; us-gaap:WeightedAverageNumberOfDilutedSharesOutstanding 2011-09-30 (filed 2011-11-01) = 5.3e+05; us-gaap:WeightedAverageNumberOfDilutedSharesOutstanding 2011-09-30 (filed 2011-11-01) = 5.39e+05; us-gaap:WeightedAverageNumberOfDilutedSharesOutstanding 2013-06-30 (filed 2014-08-05) = 5.45e+05; us-gaap:WeightedAverageNumberOfDilutedSharesOutstanding 2013-06-30 (filed 2014-08-05) = 5.45e+05; us-gaap:WeightedAverageNumberOfDilutedSharesOutstanding 2014-06-30 (filed 2014-08-05) = 5.48e+05; us-gaap:WeightedAverageNumberOfDilutedSharesOutstanding 2014-06-30 (filed 2014-08-05) = 5.49e+05; us-gaap:WeightedAverageNumberOfSharesOutstandingBasic 2009-06-30 (filed 2010-08-05) = 4.96e+05; us-gaap:WeightedAverageNumberOfSharesOutstandingBasic 2009-06-30 (filed 2010-08-05) = 4.96e+05; us-gaap:WeightedAverageNumberOfSharesOutstandingBasic 2010-06-30 (filed 2010-08-05) = 5.01e+05; us-gaap:WeightedAverageNumberOfSharesOutstandingBasic 2010-06-30 (filed 2010-08-05) = 5.02e+05; us-gaap:WeightedAverageNumberOfSharesOutstandingBasic 2010-09-30 (filed 2011-11-01) = 5.01e+05; us-gaap:WeightedAverageNumberOfSharesOutstandingBasic 2010-09-30 (filed 2011-11-01) = 5.02e+05; us-gaap:WeightedAverageNumberOfSharesOutstandingBasic 2011-09-30 (filed 2011-11-01) = 5.23e+05; us-gaap:WeightedAverageNumberOfSharesOutstandingBasic 2011-09-30 (filed 2011-11-01) = 5.32e+05; us-gaap:WeightedAverageNumberOfSharesOutstandingBasic 2013-06-30 (filed 2014-08-05) = 5.39e+05; us-gaap:WeightedAverageNumberOfSharesOutstandingBasic 2013-06-30 (filed 2014-08-05) = 5.4e+05; us-gaap:WeightedAverageNumberOfSharesOutstandingBasic 2014-06-30 (filed 2014-08-05) = 5.43e+05; us-gaap:WeightedAverageNumberOfSharesOutstandingBasic 2014-06-30 (filed 2014-08-05) = 5.43e+05; us-gaap:WeightedAverageNumberOfDilutedSharesOutstanding 2009-06-30 (filed 2010-08-05) = 5.01e+05; us-gaap:WeightedAverageNumberOfDilutedSharesOutstanding 2009-06-30 (filed 2010-08-05) = 4.96e+05; us-gaap:WeightedAverageNumberOfDilutedSharesOutstanding 2010-06-30 (filed 2010-08-05) = 5.08e+05; us-gaap:WeightedAverageNumberOfDilutedSharesOutstanding 2010-06-30 (filed 2010-08-05) = 5.09e+05; us-gaap:WeightedAverageNumberOfDilutedSharesOutstanding 2010-09-30 (filed 2011-11-01) = 5.09e+05; us-gaap:WeightedAverageNumberOfDilutedSharesOutstanding 2010-09-30 (filed 2011-11-01) = 5.02e+05; us-gaap:WeightedAverageNumberOfDilutedSharesOutstanding 2011-09-30 (filed 2011-11-01) = 5.3e+05; us-gaap:WeightedAverageNumberOfDilutedSharesOutstanding 2011-09-30 (filed 2011-11-01) = 5.39e+05; us-gaap:WeightedAverageNumberOfDilutedSharesOutstanding 2013-06-30 (filed 2014-08-05) = 5.45e+05; us-gaap:WeightedAverageNumberOfDilutedSharesOutstanding 2013-06-30 (filed 2014-08-05) = 5.45e+05; us-gaap:WeightedAverageNumberOfDilutedSharesOutstanding 2014-06-30 (filed 2014-08-05) = 5.48e+05; us-gaap:WeightedAverageNumberOfDilutedSharesOutstanding 2014-06-30 (filed 2014-08-05) = 5.49e+05; us-gaap:WeightedAverageNumberOfSharesOutstandingBasic 2009-06-30 (filed 2010-08-05) = 4.96e+05; us-gaap:WeightedAverageNumberOfSharesOutstandingBasic 2009-06-30 (filed 2010-08-05) = 4.96e+05; us-gaap:WeightedAverageNumberOfSharesOutstandingBasic 2010-06-30 (filed 2010-08-05) = 5.01e+05; us-gaap:WeightedAverageNumberOfSharesOutstandingBasic 2010-06-30 (filed 2010-08-05) = 5.02e+05; us-gaap:WeightedAverageNumberOfSharesOutstandingBasic 2010-09-30 (filed 2011-11-01) = 5.01e+05; us-gaap:WeightedAverageNumberOfSharesOutstandingBasic 2010-09-30 (filed 2011-11-01) = 5.02e+05; us-gaap:WeightedAverageNumberOfSharesOutstandingBasic 2011-09-30 (filed 2011-11-01) = 5.23e+05; us-gaap:WeightedAverageNumberOfSharesOutstandingBasic 2011-09-30 (filed 2011-11-01) = 5.32e+05; us-gaap:WeightedAverageNumberOfSharesOutstandingBasic 2013-06-30 (filed 2014-08-05) = 5.39e+05; us-gaap:WeightedAverageNumberOfSharesOutstandingBasic 2013-06-30 (filed 2014-08-05) = 5.4e+05; us-gaap:WeightedAverageNumberOfSharesOutstandingBasic 2014-06-30 (filed 2014-08-05) = 5.43e+05; us-gaap:WeightedAverageNumberOfSharesOutstandingBasic 2014-06-30 (filed 2014-08-05) = 5.43e+05; dei:EntityCommonStockSharesOutstanding 2009-08-03 (filed 2009-08-06) = 5.04e+11; dei:EntityCommonStockSharesOutstanding 2013-07-31 (filed 2013-11-06) = 0; us-gaap:WeightedAverageNumberOfSharesOutstandingBasic 2009-06-30 (filed 2010-08-05) = 4.96e+05; us-gaap:WeightedAverageNumberOfSharesOutstandingBasic 2009-06-30 (filed 2010-08-05) = 4.96e+05; us-gaap:WeightedAverageNumberOfSharesOutstandingBasic 2010-06-30 (filed 2010-08-05) = 5.01e+05; us-gaap:WeightedAverageNumberOfSharesOutstandingBasic 2010-06-30 (filed 2010-08-05) = 5.02e+05; us-gaap:WeightedAverageNumberOfSharesOutstandingBasic 2010-09-30 (filed 2011-11-01) = 5.01e+05; us-gaap:WeightedAverageNumberOfSharesOutstandingBasic 2010-09-30 (filed 2011-11-01) = 5.02e+05; us-gaap:WeightedAverageNumberOfSharesOutstandingBasic 2011-09-30 (filed 2011-11-01) = 5.23e+05; us-gaap:WeightedAverageNumberOfSharesOutstandingBasic 2011-09-30 (filed 2011-11-01) = 5.32e+05; us-gaap:WeightedAverageNumberOfSharesOutstandingBasic 2013-06-30 (filed 2014-08-05) = 5.39e+05; us-gaap:WeightedAverageNumberOfSharesOutstandingBasic 2013-06-30 (filed 2014-08-05) = 5.4e+05; us-gaap:WeightedAverageNumberOfSharesOutstandingBasic 2014-06-30 (filed 2014-08-05) = 5.43e+05; us-gaap:WeightedAverageNumberOfSharesOutstandingBasic 2014-06-30 (filed 2014-08-05) = 5.43e+05,,
EQIX,1101239,,"EQUINIX, INC.",True,us-gaap:EarningsPerShareDiluted,67,2011-12-31,2026-06-30,True,dei:EntityCommonStockSharesOutstanding,66,2010-08-04,2026-07-29,2002-12-31 0.03125:1,,,
ETN,1551182,,EATON CORPORATION plc,True,us-gaap:EarningsPerShareDiluted,57,2013-12-31,2026-06-30,True,dei:EntityCommonStockSharesOutstanding,55,2013-02-28,2026-07-31,1979-10-03 1.5:1; 1988-09-20 1.5:1; 1993-06-29 2:1; 2001-01-02 1.15247:1; 2004-02-24 2:1; 2011-03-01 2:1,dei:EntityCommonStockSharesOutstanding 2012-09-30 (filed 2012-11-14) = 100,,
EXC,1109357,,EXELON CORPORATION,True,"calculado: NetIncomeLossAvailableToCommonStockholdersBasic / WeightedAverageNumberOfDilutedSharesOutstanding, us-gaap:EarningsPerShareDiluted, us-gaap:IncomeLossFromContinuingOperationsPerDilutedShare",70,2009-12-31,2026-06-30,True,dei:EntityCommonStockSharesOutstanding,67,2009-07-24,2026-05-06,2004-05-06 2:1; 2022-02-02 1.402:1,dei:EntityCommonStockSharesOutstanding 2010-03-31 (filed 2010-04-23) = 9.26e+14,,1.0
F,37996,,Ford Motor Co,True,us-gaap:EarningsPerShareDiluted,70,2010-12-31,2026-06-30,True,dei:EntityCommonStockSharesOutstanding,71,2009-08-05,2026-04-30,1977-06-27 1.25:1; 1983-12-02 1.5:1; 1986-06-03 1.5:1; 1988-01-13 2:1; 1994-07-06 2:1; 1998-04-08 1.5058:1; 2000-06-29 1.04091:1; 2000-08-03 1.74818:1,,,1.0
FCX,831259,,Freeport-McMoRan Inc.,True,"us-gaap:EarningsPerShareBasic, us-gaap:EarningsPerShareBasicAndDiluted, us-gaap:EarningsPerShareDiluted, us-gaap:IncomeLossFromContinuingOperationsPerDilutedShare",74,2008-12-31,2026-06-30,True,dei:EntityCommonStockSharesOutstanding,70,2009-05-11,2026-08-06,2011-02-02 2:1,us-gaap:WeightedAverageNumberOfDilutedSharesOutstanding 2009-06-30 (filed 2010-08-06) = 852; us-gaap:WeightedAverageNumberOfDilutedSharesOutstanding 2009-06-30 (filed 2010-08-06) = 942; us-gaap:WeightedAverageNumberOfDilutedSharesOutstanding 2010-06-30 (filed 2010-08-06) = 948; us-gaap:WeightedAverageNumberOfDilutedSharesOutstanding 2010-06-30 (filed 2010-08-06) = 946; us-gaap:WeightedAverageNumberOfSharesOutstandingBasic 2009-06-30 (filed 2010-08-06) = 812; us-gaap:WeightedAverageNumberOfSharesOutstandingBasic 2009-06-30 (filed 2010-08-06) = 824; us-gaap:WeightedAverageNumberOfSharesOutstandingBasic 2010-06-30 (filed 2010-08-06) = 888; us-gaap:WeightedAverageNumberOfSharesOutstandingBasic 2010-06-30 (filed 2010-08-06) = 916; us-gaap:WeightedAverageNumberOfDilutedSharesOutstanding 2009-06-30 (filed 2010-08-06) = 852; us-gaap:WeightedAverageNumberOfDilutedSharesOutstanding 2009-06-30 (filed 2010-08-06) = 942; us-gaap:WeightedAverageNumberOfDilutedSharesOutstanding 2010-06-30 (filed 2010-08-06) = 948; us-gaap:WeightedAverageNumberOfDilutedSharesOutstanding 2010-06-30 (filed 2010-08-06) = 946; us-gaap:WeightedAverageNumberOfSharesOutstandingBasic 2009-06-30 (filed 2010-08-06) = 812; us-gaap:WeightedAverageNumberOfSharesOutstandingBasic 2009-06-30 (filed 2010-08-06) = 824; us-gaap:WeightedAverageNumberOfSharesOutstandingBasic 2010-06-30 (filed 2010-08-06) = 888; us-gaap:WeightedAverageNumberOfSharesOutstandingBasic 2010-06-30 (filed 2010-08-06) = 916; us-gaap:WeightedAverageNumberOfDilutedSharesOutstanding 2009-06-30 (filed 2010-08-06) = 852; us-gaap:WeightedAverageNumberOfDilutedSharesOutstanding 2009-06-30 (filed 2010-08-06) = 942; us-gaap:WeightedAverageNumberOfDilutedSharesOutstanding 2010-06-30 (filed 2010-08-06) = 948; us-gaap:WeightedAverageNumberOfDilutedSharesOutstanding 2010-06-30 (filed 2010-08-06) = 946; us-gaap:WeightedAverageNumberOfSharesOutstandingBasic 2009-06-30 (filed 2010-08-06) = 812; us-gaap:WeightedAverageNumberOfSharesOutstandingBasic 2009-06-30 (filed 2010-08-06) = 824; us-gaap:WeightedAverageNumberOfSharesOutstandingBasic 2010-06-30 (filed 2010-08-06) = 888; us-gaap:WeightedAverageNumberOfSharesOutstandingBasic 2010-06-30 (filed 2010-08-06) = 916; us-gaap:WeightedAverageNumberOfSharesOutstandingBasic 2009-06-30 (filed 2010-08-06) = 812; us-gaap:WeightedAverageNumberOfSharesOutstandingBasic 2009-06-30 (filed 2010-08-06) = 824; us-gaap:WeightedAverageNumberOfSharesOutstandingBasic 2010-06-30 (filed 2010-08-06) = 888; us-gaap:WeightedAverageNumberOfSharesOutstandingBasic 2010-06-30 (filed 2010-08-06) = 916,,
FDX,1048911,,FEDEX CORP,True,us-gaap:EarningsPerShareDiluted,72,2009-05-31,2026-05-31,True,dei:EntityCommonStockSharesOutstanding,68,2009-09-18,2026-07-20,1978-09-26 2:1; 1980-11-03 2:1; 1983-11-01 2:1; 1996-11-05 2:1; 1999-05-07 2:1; 2026-06-01 1.241:1,,,
FIS,1136893,,"Fidelity National Information Services, Inc.",True,us-gaap:EarningsPerShareDiluted,70,2010-12-31,2026-06-30,True,dei:EntityCommonStockSharesOutstanding,69,2009-08-05,2026-08-04,,EPS 2022-12-31 = -28.7 (imposible); EPS 2022-12-31 = -28.8 (imposible),,
FISV,798354,,"FISERV, INC.",True,"calculado: NetIncomeLoss / WeightedAverageNumberOfDilutedSharesOutstanding, us-gaap:EarningsPerShareDiluted",72,2009-12-31,2026-06-30,True,dei:EntityCommonStockSharesOutstanding,69,2009-08-06,2026-08-07,1991-07-02 1.5:1; 1992-06-01 1.5:1; 1993-05-03 1.5:1; 1998-06-01 1.5:1; 1999-05-03 1.5:1; 2001-09-04 1.5:1; 2013-12-17 2:1; 2018-03-20 2:1,,,
GD,40533,,GENERAL DYNAMICS CORPORATION,True,"calculado: NetIncomeLoss / WeightedAverageNumberOfDilutedSharesOutstanding, us-gaap:EarningsPerShareDiluted",70,2010-12-31,2026-06-30,True,dei:EntityCommonStockSharesOutstanding,68,2009-08-04,2026-04-29,1979-02-20 2.5:1; 1980-11-17 2:1; 1994-04-11 2:1; 1998-04-03 2:1; 2006-03-27 2:1,,,1.0
GE,40545,,GENERAL ELECTRIC CO,True,us-gaap:EarningsPerShareDiluted,72,2009-12-31,2026-06-30,True,dei:EntityCommonStockSharesOutstanding,69,2009-08-03,2026-07-16,1971-06-08 2:1; 1983-06-02 2:1; 1987-05-26 2:1; 1994-05-16 2:1; 1997-05-12 2:1; 2000-05-08 3:1; 2019-02-26 1.04:1; 2021-08-02 0.125:1; 2023-01-04 1.281:1; 2024-04-02 1.253:1,,,
GEV,1996810,,GE Vernova Inc.,True,"calculado: NetIncomeLoss / WeightedAverageNumberOfDilutedSharesOutstanding, us-gaap:EarningsPerShareDiluted",13,2024-03-31,2026-06-30,True,dei:EntityCommonStockSharesOutstanding,10,2024-04-30,2026-07-22,,,,
GILD,882095,,"GILEAD SCIENCES, INC.",True,"calculado: NetIncomeLoss / WeightedAverageNumberOfDilutedSharesOutstanding, us-gaap:EarningsPerShareDiluted",72,2009-12-31,2026-06-30,True,dei:EntityCommonStockSharesOutstanding,69,2009-08-05,2026-08-06,2001-02-22 2:1; 2002-03-08 2:1; 2004-09-07 2:1; 2007-06-25 2:1; 2013-01-28 2:1,us-gaap:CommonStockSharesOutstanding 2010-12-31 (filed 2011-05-09) = 1.6e+06; us-gaap:CommonStockSharesOutstanding 2011-03-31 (filed 2011-05-09) = 1.58e+06,,
GIS,40704,,"GENERAL MILLS, INC.",True,us-gaap:EarningsPerShareDiluted,73,2009-05-31,2026-08-30,True,dei:EntityCommonStockSharesOutstanding,67,2009-09-24,2026-09-23,1986-11-10 2:1; 1990-11-08 2:1; 1995-05-30 1.20992:1; 1999-11-09 2:1; 2010-06-09 2:1,,,
GLW,24741,,CORNING INC /NY,True,us-gaap:EarningsPerShareDiluted,71,2010-12-31,2026-06-30,True,dei:EntityCommonStockSharesOutstanding,68,2009-07-29,2026-07-29,1985-02-13 2:1; 1989-02-15 2:1; 1992-02-11 2:1; 2000-10-04 3:1,us-gaap:WeightedAverageNumberOfDilutedSharesOutstanding 2011-06-30 (filed 2012-07-27) = 1.59e+03; us-gaap:WeightedAverageNumberOfDilutedSharesOutstanding 2011-06-30 (filed 2012-07-27) = 1.59e+03; us-gaap:WeightedAverageNumberOfDilutedSharesOutstanding 2012-06-30 (filed 2012-07-27) = 1.52e+03; us-gaap:WeightedAverageNumberOfDilutedSharesOutstanding 2012-06-30 (filed 2012-07-27) = 1.52e+03; us-gaap:WeightedAverageNumberOfSharesOutstandingBasic 2011-06-30 (filed 2012-07-27) = 1.57e+03; us-gaap:WeightedAverageNumberOfSharesOutstandingBasic 2011-06-30 (filed 2012-07-27) = 1.57e+03; us-gaap:WeightedAverageNumberOfSharesOutstandingBasic 2012-06-30 (filed 2012-07-27) = 1.51e+03; us-gaap:WeightedAverageNumberOfSharesOutstandingBasic 2012-06-30 (filed 2012-07-27) = 1.51e+03; us-gaap:WeightedAverageNumberOfDilutedSharesOutstanding 2011-06-30 (filed 2012-07-27) = 1.59e+03; us-gaap:WeightedAverageNumberOfDilutedSharesOutstanding 2011-06-30 (filed 2012-07-27) = 1.59e+03; us-gaap:WeightedAverageNumberOfDilutedSharesOutstanding 2012-06-30 (filed 2012-07-27) = 1.52e+03; us-gaap:WeightedAverageNumberOfDilutedSharesOutstanding 2012-06-30 (filed 2012-07-27) = 1.52e+03; us-gaap:WeightedAverageNumberOfSharesOutstandingBasic 2011-06-30 (filed 2012-07-27) = 1.57e+03; us-gaap:WeightedAverageNumberOfSharesOutstandingBasic 2011-06-30 (filed 2012-07-27) = 1.57e+03; us-gaap:WeightedAverageNumberOfSharesOutstandingBasic 2012-06-30 (filed 2012-07-27) = 1.51e+03; us-gaap:WeightedAverageNumberOfSharesOutstandingBasic 2012-06-30 (filed 2012-07-27) = 1.51e+03; us-gaap:WeightedAverageNumberOfDilutedSharesOutstanding 2011-06-30 (filed 2012-07-27) = 1.59e+03; us-gaap:WeightedAverageNumberOfDilutedSharesOutstanding 2011-06-30 (filed 2012-07-27) = 1.59e+03; us-gaap:WeightedAverageNumberOfDilutedSharesOutstanding 2012-06-30 (filed 2012-07-27) = 1.52e+03; us-gaap:WeightedAverageNumberOfDilutedSharesOutstanding 2012-06-30 (filed 2012-07-27) = 1.52e+03; us-gaap:WeightedAverageNumberOfSharesOutstandingBasic 2011-06-30 (filed 2012-07-27) = 1.57e+03; us-gaap:WeightedAverageNumberOfSharesOutstandingBasic 2011-06-30 (filed 2012-07-27) = 1.57e+03; us-gaap:WeightedAverageNumberOfSharesOutstandingBasic 2012-06-30 (filed 2012-07-27) = 1.51e+03; us-gaap:WeightedAverageNumberOfSharesOutstandingBasic 2012-06-30 (filed 2012-07-27) = 1.51e+03; us-gaap:WeightedAverageNumberOfSharesOutstandingBasic 2011-06-30 (filed 2012-07-27) = 1.57e+03; us-gaap:WeightedAverageNumberOfSharesOutstandingBasic 2011-06-30 (filed 2012-07-27) = 1.57e+03; us-gaap:WeightedAverageNumberOfSharesOutstandingBasic 2012-06-30 (filed 2012-07-27) = 1.51e+03; us-gaap:WeightedAverageNumberOfSharesOutstandingBasic 2012-06-30 (filed 2012-07-27) = 1.51e+03,,
GM,1467858,,GENERAL MOTORS COMPANY,True,us-gaap:EarningsPerShareDiluted,66,2010-12-31,2026-06-30,True,dei:EntityCommonStockSharesOutstanding,61,2011-08-05,2026-07-21,,,,
GOOGL,1652044,1288776,Alphabet Inc.,True,us-gaap:EarningsPerShareDiluted,68,2010-12-31,2026-06-30,True,us-gaap:CommonStockSharesOutstanding,70,2009-08-04,2026-07-23,2014-04-03 1.998:1; 2022-07-18 20:1,,,
GS,886982,,"The Goldman Sachs Group, Inc.",True,us-gaap:EarningsPerShareDiluted,71,2010-12-31,2026-06-30,True,dei:EntityCommonStockSharesOutstanding,69,2009-08-05,2026-08-03,,,,
HAL,45012,,HALLIBURTON COMPANY,True,"calculado: NetIncomeLoss / WeightedAverageNumberOfDilutedSharesOutstanding, us-gaap:EarningsPerShareBasicAndDiluted, us-gaap:EarningsPerShareDiluted, us-gaap:IncomeLossFromContinuingOperationsPerDilutedShare",68,2010-12-31,2026-06-30,True,dei:EntityCommonStockSharesOutstanding,69,2009-07-30,2026-07-24,1976-04-30 3:1; 1980-12-26 2:1; 1996-01-24 1.04931:1; 1997-07-22 2:1; 2006-07-17 2:1,EPS 2016-06-30 = -3.73 (imposible); EPS 2016-06-30 = -3.73 (imposible); EPS 2021-06-30 = 2.6e+05 (imposible); EPS 2021-12-31 = -5.2e+05 (imposible); us-gaap:CommonStockSharesOutstanding 2009-12-31 (filed 2012-02-16) = 902; us-gaap:CommonStockSharesOutstanding 2010-12-31 (filed 2012-02-16) = 910; us-gaap:CommonStockSharesOutstanding 2011-12-31 (filed 2012-02-16) = 921,,
HD,354950,,"The Home Depot, Inc.",True,us-gaap:EarningsPerShareDiluted,71,2011-01-30,2026-08-02,True,dei:EntityCommonStockSharesOutstanding,69,2009-09-03,2026-08-25,1982-01-20 1.5:1; 1982-05-11 1.25:1; 1982-12-08 2:1; 1983-06-09 2:1; 1987-09-22 1.5:1; 1989-07-03 1.5:1; 1990-07-06 1.5:1; 1991-06-26 1.5:1; 1992-07-02 1.5:1; 1993-04-14 1.33333:1; 1997-07-07 1.5:1; 1998-07-06 2:1; 1999-12-31 1.5:1,,,
HON,773840,,Honeywell International Inc,True,us-gaap:EarningsPerShareDiluted,72,2009-12-31,2026-06-30,True,dei:EntityCommonStockSharesOutstanding,69,2009-08-03,2026-07-23,1965-02-04 1.02:1; 1966-02-03 1.02:1; 1967-02-03 1.02:1; 1984-05-30 1.5:1; 1994-03-15 2:1; 1997-09-16 2:1; 2016-10-03 1.00533:1; 2018-10-01 1.011:1; 2018-10-29 1.032:1; 2025-10-30 1.061:1; 2026-06-29 0.9535:1,,,
HOOD,1783879,,"Robinhood Markets, Inc.",True,us-gaap:EarningsPerShareDiluted,23,2022-12-31,2026-06-30,True,us-gaap:WeightedAverageNumberOfSharesOutstandingBasic,24,2021-08-18,2026-07-30,,us-gaap:CommonStockSharesOutstanding 2021-09-30 (filed 2021-10-29) = 0; us-gaap:CommonStockSharesOutstanding 2021-12-31 (filed 2022-02-24) = 0; acciones 2021-09-30 = 6.38e+08 (pico aislado); acciones 2021-12-31 = 4.92e+08 (pico aislado),,
HPQ,47217,,HP INC.,True,us-gaap:EarningsPerShareDiluted,71,2010-10-31,2026-07-31,True,dei:EntityCommonStockSharesOutstanding,68,2009-09-08,2026-08-27,1970-03-20 2:1; 1979-07-31 2:1; 1981-07-20 2:1; 1983-08-26 2:1; 1995-04-17 2:1; 1996-07-16 2:1; 2000-10-30 2:1; 2015-11-02 2.202:1,acciones 2017-11-30 = 1.65e+08 (pico aislado),,
IBM,51143,,INTERNATIONAL BUSINESS MACHINES CORP,True,us-gaap:EarningsPerShareDiluted,71,2010-12-31,2026-06-30,True,dei:EntityCommonStockSharesOutstanding,68,2009-07-28,2026-07-23,1964-05-18 1.25:1; 1966-05-18 1.5:1; 1968-04-23 2:1; 1973-05-29 1.25:1; 1979-06-01 4:1; 1997-05-28 2:1; 1999-05-27 2:1; 2021-11-04 1.046:1,,,
INTC,50863,,INTEL CORP,True,us-gaap:EarningsPerShareDiluted,71,2010-12-25,2026-06-27,True,dei:EntityCommonStockSharesOutstanding,69,2009-08-03,2026-07-24,1980-10-09 2:1; 1983-07-01 2:1; 1987-10-29 1.5:1; 1993-06-07 2:1; 1995-06-19 2:1; 1997-07-14 2:1; 1999-04-12 2:1; 2000-07-31 2:1,,,
INTU,896878,,INTUIT INC.,True,us-gaap:EarningsPerShareDiluted,72,2009-07-31,2026-07-31,True,dei:EntityCommonStockSharesOutstanding,68,2009-12-04,2026-09-09,1995-08-22 2:1; 1999-10-01 3:1; 2006-07-07 2:1,,,
ISRG,1035267,,"Intuitive Surgical, Inc.",True,us-gaap:EarningsPerShareDiluted,72,2009-12-31,2026-06-30,True,dei:EntityCommonStockSharesOutstanding,69,2009-07-23,2026-07-21,2003-07-01 0.5:1; 2017-10-06 3:1; 2021-10-05 3:1,,,
ITW,49826,,ILLINOIS TOOL WORKS INC,True,us-gaap:EarningsPerShareDiluted,71,2010-12-31,2026-06-30,True,dei:EntityCommonStockSharesOutstanding,69,2009-08-07,2026-08-06,1984-05-23 2:1; 1987-05-27 2:1; 1993-06-21 2:1; 1997-05-28 2:1; 2006-05-26 2:1,,,
JNJ,200406,,Johnson & Johnson,True,us-gaap:EarningsPerShareDiluted,72,2010-01-03,2026-06-28,True,dei:EntityCommonStockSharesOutstanding,69,2009-08-04,2026-07-23,1967-06-19 3:1; 1970-05-18 3:1; 1981-05-19 3:1; 1989-05-11 2:1; 1992-06-10 2:1; 1996-06-12 2:1; 2001-06-13 2:1,,,
JPM,19617,,JPMORGAN CHASE & CO,True,us-gaap:EarningsPerShareDiluted,71,2010-12-31,2026-06-30,True,dei:EntityCommonStockSharesOutstanding,69,2009-08-10,2026-08-06,1982-04-16 1.5:1; 1984-04-16 1.5:1; 1998-06-15 2:1; 2000-06-12 1.5:1,,,
KHC,1637459,,Kraft Heinz Co,True,us-gaap:EarningsPerShareDiluted,50,2014-12-28,2026-06-27,True,dei:EntityCommonStockSharesOutstanding,44,2015-08-10,2026-08-05,,us-gaap:CommonStockSharesOutstanding 2016-12-31 (filed 2017-11-07) = 0; us-gaap:CommonStockSharesOutstanding 2017-09-30 (filed 2017-11-07) = 0; us-gaap:CommonStockSharesOutstanding 2019-09-28 (filed 2019-10-31) = 0,,
KLAC,319201,,KLA Corporation,True,us-gaap:EarningsPerShareDiluted,68,2010-06-30,2026-06-30,True,dei:EntityCommonStockSharesOutstanding,64,2010-11-24,2026-08-06,1983-01-10 2:1; 1983-12-09 2:1; 1984-12-17 1.5:1; 1995-10-02 2:1; 2000-01-19 2:1; 2026-06-12 10:1,,,
KMB,55785,,KIMBERLY-CLARK CORPORATION,True,"calculado: NetIncomeLoss / WeightedAverageNumberOfDilutedSharesOutstanding, us-gaap:EarningsPerShareDiluted",70,2009-12-31,2026-06-30,True,dei:EntityCommonStockSharesOutstanding,69,2009-08-07,2026-08-04,1984-05-25 2:1; 1987-05-26 2:1; 1992-01-03 2:1; 1997-04-03 2:1; 2014-11-03 1.043:1,,,
KMI,1506307,,"KINDER MORGAN, INC.",True,"calculado: NetIncomeLoss / WeightedAverageNumberOfDilutedSharesOutstanding, us-gaap:EarningsPerShareBasic, us-gaap:EarningsPerShareBasicAndDiluted, us-gaap:EarningsPerShareDiluted",51,2014-09-30,2026-06-30,True,dei:EntityCommonStockSharesOutstanding,51,2014-02-24,2026-07-24,,,,
KO,21344,,COCA COLA CO,True,"calculado: NetIncomeLoss / WeightedAverageNumberOfDilutedSharesOutstanding, us-gaap:EarningsPerShareDiluted",70,2010-12-31,2026-06-30,True,dei:EntityCommonStockSharesOutstanding,67,2009-07-30,2026-04-30,1965-02-19 2:1; 1968-06-03 2:1; 1977-06-01 2:1; 1986-07-01 3:1; 1990-05-14 2:1; 1992-05-12 2:1; 1996-05-13 2:1; 2012-08-13 2:1,us-gaap:WeightedAverageNumberOfDilutedSharesOutstanding 2017-03-31 (filed 2018-05-01) = 4.33e+03; us-gaap:WeightedAverageNumberOfDilutedSharesOutstanding 2017-06-30 (filed 2018-07-26) = 4.33e+03; us-gaap:WeightedAverageNumberOfDilutedSharesOutstanding 2017-06-30 (filed 2018-07-26) = 4.33e+03; us-gaap:WeightedAverageNumberOfDilutedSharesOutstanding 2017-09-29 (filed 2018-10-30) = 4.33e+03; us-gaap:WeightedAverageNumberOfDilutedSharesOutstanding 2017-09-29 (filed 2018-10-30) = 4.32e+03; us-gaap:WeightedAverageNumberOfDilutedSharesOutstanding 2018-03-30 (filed 2018-05-01) = 4.31e+03; us-gaap:WeightedAverageNumberOfDilutedSharesOutstanding 2018-03-30 (filed 2019-04-25) = 4.31e+03; us-gaap:WeightedAverageNumberOfDilutedSharesOutstanding 2018-06-29 (filed 2018-07-26) = 4.3e+03; us-gaap:WeightedAverageNumberOfDilutedSharesOutstanding 2018-06-29 (filed 2018-07-26) = 4.29e+03; us-gaap:WeightedAverageNumberOfDilutedSharesOutstanding 2018-09-28 (filed 2018-10-30) = 4.3e+03; us-gaap:WeightedAverageNumberOfDilutedSharesOutstanding 2018-09-28 (filed 2018-10-30) = 4.3e+03; us-gaap:WeightedAverageNumberOfDilutedSharesOutstanding 2019-03-29 (filed 2019-04-25) = 4.31e+03; us-gaap:WeightedAverageNumberOfSharesOutstandingBasic 2017-03-31 (filed 2018-05-01) = 4.29e+03; us-gaap:WeightedAverageNumberOfSharesOutstandingBasic 2017-06-30 (filed 2018-07-26) = 4.28e+03; us-gaap:WeightedAverageNumberOfSharesOutstandingBasic 2017-06-30 (filed 2018-07-26) = 4.27e+03; us-gaap:WeightedAverageNumberOfSharesOutstandingBasic 2017-09-29 (filed 2018-10-30) = 4.28e+03; us-gaap:WeightedAverageNumberOfSharesOutstandingBasic 2017-09-29 (filed 2018-10-30) = 4.27e+03; us-gaap:WeightedAverageNumberOfSharesOutstandingBasic 2018-03-30 (filed 2018-05-01) = 4.26e+03; us-gaap:WeightedAverageNumberOfSharesOutstandingBasic 2018-03-30 (filed 2019-04-25) = 4.26e+03; us-gaap:WeightedAverageNumberOfSharesOutstandingBasic 2018-06-29 (filed 2018-07-26) = 4.26e+03; us-gaap:WeightedAverageNumberOfSharesOutstandingBasic 2018-06-29 (filed 2018-07-26) = 4.26e+03; us-gaap:WeightedAverageNumberOfSharesOutstandingBasic 2018-09-28 (filed 2018-10-30) = 4.26e+03; us-gaap:WeightedAverageNumberOfSharesOutstandingBasic 2018-09-28 (filed 2018-10-30) = 4.26e+03; us-gaap:WeightedAverageNumberOfSharesOutstandingBasic 2019-03-29 (filed 2019-04-25) = 4.27e+03; us-gaap:WeightedAverageNumberOfDilutedSharesOutstanding 2017-03-31 (filed 2018-05-01) = 4.33e+03; us-gaap:WeightedAverageNumberOfDilutedSharesOutstanding 2017-06-30 (filed 2018-07-26) = 4.33e+03; us-gaap:WeightedAverageNumberOfDilutedSharesOutstanding 2017-06-30 (filed 2018-07-26) = 4.33e+03; us-gaap:WeightedAverageNumberOfDilutedSharesOutstanding 2017-09-29 (filed 2018-10-30) = 4.33e+03; us-gaap:WeightedAverageNumberOfDilutedSharesOutstanding 2017-09-29 (filed 2018-10-30) = 4.32e+03; us-gaap:WeightedAverageNumberOfDilutedSharesOutstanding 2018-03-30 (filed 2018-05-01) = 4.31e+03; us-gaap:WeightedAverageNumberOfDilutedSharesOutstanding 2018-03-30 (filed 2019-04-25) = 4.31e+03; us-gaap:WeightedAverageNumberOfDilutedSharesOutstanding 2018-06-29 (filed 2018-07-26) = 4.3e+03; us-gaap:WeightedAverageNumberOfDilutedSharesOutstanding 2018-06-29 (filed 2018-07-26) = 4.29e+03; us-gaap:WeightedAverageNumberOfDilutedSharesOutstanding 2018-09-28 (filed 2018-10-30) = 4.3e+03; us-gaap:WeightedAverageNumberOfDilutedSharesOutstanding 2018-09-28 (filed 2018-10-30) = 4.3e+03; us-gaap:WeightedAverageNumberOfDilutedSharesOutstanding 2019-03-29 (filed 2019-04-25) = 4.31e+03; us-gaap:WeightedAverageNumberOfSharesOutstandingBasic 2017-03-31 (filed 2018-05-01) = 4.29e+03; us-gaap:WeightedAverageNumberOfSharesOutstandingBasic 2017-06-30 (filed 2018-07-26) = 4.28e+03; us-gaap:WeightedAverageNumberOfSharesOutstandingBasic 2017-06-30 (filed 2018-07-26) = 4.27e+03; us-gaap:WeightedAverageNumberOfSharesOutstandingBasic 2017-09-29 (filed 2018-10-30) = 4.28e+03; us-gaap:WeightedAverageNumberOfSharesOutstandingBasic 2017-09-29 (filed 2018-10-30) = 4.27e+03; us-gaap:WeightedAverageNumberOfSharesOutstandingBasic 2018-03-30 (filed 2018-05-01) = 4.26e+03; us-gaap:WeightedAverageNumberOfSharesOutstandingBasic 2018-03-30 (filed 2019-04-25) = 4.26e+03; us-gaap:WeightedAverageNumberOfSharesOutstandingBasic 2018-06-29 (filed 2018-07-26) = 4.26e+03; us-gaap:WeightedAverageNumberOfSharesOutstandingBasic 2018-06-29 (filed 2018-07-26) = 4.26e+03; us-gaap:WeightedAverageNumberOfSharesOutstandingBasic 2018-09-28 (filed 2018-10-30) = 4.26e+03; us-gaap:WeightedAverageNumberOfSharesOutstandingBasic 2018-09-28 (filed 2018-10-30) = 4.26e+03; us-gaap:WeightedAverageNumberOfSharesOutstandingBasic 2019-03-29 (filed 2019-04-25) = 4.27e+03; dei:EntityCommonStockSharesOutstanding 2009-10-23 (filed 2009-10-29) = 0; us-gaap:WeightedAverageNumberOfSharesOutstandingBasic 2017-03-31 (filed 2018-05-01) = 4.29e+03; us-gaap:WeightedAverageNumberOfSharesOutstandingBasic 2017-06-30 (filed 2018-07-26) = 4.28e+03; us-gaap:WeightedAverageNumberOfSharesOutstandingBasic 2017-06-30 (filed 2018-07-26) = 4.27e+03; us-gaap:WeightedAverageNumberOfSharesOutstandingBasic 2017-09-29 (filed 2018-10-30) = 4.28e+03; us-gaap:WeightedAverageNumberOfSharesOutstandingBasic 2017-09-29 (filed 2018-10-30) = 4.27e+03; us-gaap:WeightedAverageNumberOfSharesOutstandingBasic 2018-03-30 (filed 2018-05-01) = 4.26e+03; us-gaap:WeightedAverageNumberOfSharesOutstandingBasic 2018-03-30 (filed 2019-04-25) = 4.26e+03; us-gaap:WeightedAverageNumberOfSharesOutstandingBasic 2018-06-29 (filed 2018-07-26) = 4.26e+03; us-gaap:WeightedAverageNumberOfSharesOutstandingBasic 2018-06-29 (filed 2018-07-26) = 4.26e+03; us-gaap:WeightedAverageNumberOfSharesOutstandingBasic 2018-09-28 (filed 2018-10-30) = 4.26e+03; us-gaap:WeightedAverageNumberOfSharesOutstandingBasic 2018-09-28 (filed 2018-10-30) = 4.26e+03; us-gaap:WeightedAverageNumberOfSharesOutstandingBasic 2019-03-29 (filed 2019-04-25) = 4.27e+03,,1.0
LIN,1707925,884905,Linde plc,True,"calculado: NetIncomeLoss / WeightedAverageNumberOfDilutedSharesOutstanding, us-gaap:EarningsPerShareDiluted",74,2008-12-31,2026-06-30,True,dei:EntityCommonStockSharesOutstanding,70,2009-04-29,2026-07-31,2003-12-16 2:1,EPS 2018-09-30 = -182 (imposible); EPS 2018-12-31 = 192 (imposible),,
LLY,59478,,ELI LILLY AND COMPANY,True,"calculado: NetIncomeLoss / WeightedAverageNumberOfDilutedSharesOutstanding, us-gaap:EarningsPerShareBasicAndDiluted, us-gaap:EarningsPerShareDiluted",66,2010-12-31,2026-06-30,True,dei:EntityCommonStockSharesOutstanding,69,2009-07-31,2026-08-05,1986-01-30 2:1; 1989-05-01 2:1; 1995-12-21 2:1; 1997-10-16 2:1,,,
LMT,936468,,LOCKHEED MARTIN CORPORATION,True,us-gaap:EarningsPerShareDiluted,72,2009-12-31,2026-06-28,True,dei:EntityCommonStockSharesOutstanding,69,2009-07-22,2026-07-23,1983-09-09 3:1; 1995-03-16 1.63:1; 1999-01-04 2:1,,,
LOW,60667,,LOWES COMPANIES INC,True,us-gaap:EarningsPerShareDiluted,71,2011-01-28,2026-07-31,True,dei:EntityCommonStockSharesOutstanding,69,2009-09-01,2026-08-27,1992-06-29 2:1; 1994-04-04 2:1; 1998-06-29 2:1; 2001-07-02 2:1; 2006-07-03 2:1,,,
LRCX,707549,,LAM RESEARCH CORPORATION,True,us-gaap:EarningsPerShareDiluted,68,2010-06-27,2026-06-28,True,dei:EntityCommonStockSharesOutstanding,64,2010-11-03,2026-08-07,1993-09-16 1.5:1; 2000-03-17 3:1; 2024-10-03 10:1,,,
LYB,1489393,,LYONDELLBASELL INDUSTRIES N.V.,True,us-gaap:EarningsPerShareDiluted,62,2011-12-31,2026-06-30,True,dei:EntityCommonStockSharesOutstanding,61,2011-09-12,2026-07-31,,,,
MA,1141391,,Mastercard Incorporated,True,us-gaap:EarningsPerShareDiluted,72,2009-12-31,2026-06-30,True,us-gaap:WeightedAverageNumberOfSharesOutstandingBasic,74,2009-07-31,2026-07-30,2014-01-22 10:1,,,
MCD,63908,,McDONALD’S CORPORATION,True,us-gaap:EarningsPerShareDiluted,72,2009-12-31,2026-06-30,True,dei:EntityCommonStockSharesOutstanding,69,2009-08-06,2026-08-07,1971-06-14 1.5:1; 1972-06-06 2:1; 1982-10-07 1.5:1; 1984-09-25 1.5:1; 1986-06-26 1.5:1; 1987-06-23 1.5:1; 1989-06-19 2:1; 1994-06-27 2:1; 1999-03-08 2:1,us-gaap:WeightedAverageNumberOfDilutedSharesOutstanding 2021-12-31 (filed 2024-02-22) = 752; us-gaap:WeightedAverageNumberOfDilutedSharesOutstanding 2022-12-31 (filed 2024-02-22) = 741; us-gaap:WeightedAverageNumberOfDilutedSharesOutstanding 2022-12-31 (filed 2025-02-25) = 741; us-gaap:WeightedAverageNumberOfDilutedSharesOutstanding 2023-03-31 (filed 2024-05-08) = 736; us-gaap:WeightedAverageNumberOfDilutedSharesOutstanding 2023-06-30 (filed 2024-08-08) = 735; us-gaap:WeightedAverageNumberOfDilutedSharesOutstanding 2023-06-30 (filed 2024-08-08) = 734; us-gaap:WeightedAverageNumberOfDilutedSharesOutstanding 2023-09-30 (filed 2024-11-07) = 734; us-gaap:WeightedAverageNumberOfDilutedSharesOutstanding 2023-09-30 (filed 2024-11-07) = 732; us-gaap:WeightedAverageNumberOfDilutedSharesOutstanding 2023-12-31 (filed 2024-02-22) = 732; us-gaap:WeightedAverageNumberOfDilutedSharesOutstanding 2023-12-31 (filed 2025-02-25) = 732; us-gaap:WeightedAverageNumberOfDilutedSharesOutstanding 2023-12-31 (filed 2026-02-24) = 732; us-gaap:WeightedAverageNumberOfDilutedSharesOutstanding 2024-03-31 (filed 2024-05-08) = 726; us-gaap:WeightedAverageNumberOfDilutedSharesOutstanding 2024-03-31 (filed 2025-05-12) = 726; us-gaap:WeightedAverageNumberOfDilutedSharesOutstanding 2024-06-30 (filed 2024-08-08) = 724; us-gaap:WeightedAverageNumberOfDilutedSharesOutstanding 2024-06-30 (filed 2025-08-06) = 724; us-gaap:WeightedAverageNumberOfDilutedSharesOutstanding 2024-06-30 (filed 2024-08-08) = 722; us-gaap:WeightedAverageNumberOfDilutedSharesOutstanding 2024-06-30 (filed 2025-08-06) = 722; us-gaap:WeightedAverageNumberOfDilutedSharesOutstanding 2024-09-30 (filed 2024-11-07) = 723; us-gaap:WeightedAverageNumberOfDilutedSharesOutstanding 2024-09-30 (filed 2025-11-05) = 723; us-gaap:WeightedAverageNumberOfDilutedSharesOutstanding 2024-09-30 (filed 2024-11-07) = 720; us-gaap:WeightedAverageNumberOfDilutedSharesOutstanding 2024-09-30 (filed 2025-11-05) = 720; us-gaap:WeightedAverageNumberOfDilutedSharesOutstanding 2024-12-31 (filed 2025-02-25) = 722; us-gaap:WeightedAverageNumberOfDilutedSharesOutstanding 2024-12-31 (filed 2026-02-24) = 722; us-gaap:WeightedAverageNumberOfDilutedSharesOutstanding 2025-03-31 (filed 2025-05-12) = 718; us-gaap:WeightedAverageNumberOfDilutedSharesOutstanding 2025-03-31 (filed 2026-05-07) = 718; us-gaap:WeightedAverageNumberOfDilutedSharesOutstanding 2025-06-30 (filed 2025-08-06) = 718; us-gaap:WeightedAverageNumberOfDilutedSharesOutstanding 2025-06-30 (filed 2026-08-07) = 718; us-gaap:WeightedAverageNumberOfDilutedSharesOutstanding 2025-06-30 (filed 2025-08-06) = 718; us-gaap:WeightedAverageNumberOfDilutedSharesOutstanding 2025-06-30 (filed 2026-08-07) = 718; us-gaap:WeightedAverageNumberOfDilutedSharesOutstanding 2025-09-30 (filed 2025-11-05) = 717; us-gaap:WeightedAverageNumberOfDilutedSharesOutstanding 2025-09-30 (filed 2025-11-05) = 716; us-gaap:WeightedAverageNumberOfDilutedSharesOutstanding 2025-12-31 (filed 2026-02-24) = 716; us-gaap:WeightedAverageNumberOfDilutedSharesOutstanding 2026-03-31 (filed 2026-05-07) = 714; us-gaap:WeightedAverageNumberOfDilutedSharesOutstanding 2026-06-30 (filed 2026-08-07) = 712; us-gaap:WeightedAverageNumberOfDilutedSharesOutstanding 2026-06-30 (filed 2026-08-07) = 711; us-gaap:WeightedAverageNumberOfSharesOutstandingBasic 2021-12-31 (filed 2024-02-22) = 746; us-gaap:WeightedAverageNumberOfSharesOutstandingBasic 2022-12-31 (filed 2024-02-22) = 736; us-gaap:WeightedAverageNumberOfSharesOutstandingBasic 2022-12-31 (filed 2025-02-25) = 736; us-gaap:WeightedAverageNumberOfSharesOutstandingBasic 2023-03-31 (filed 2024-05-08) = 731; us-gaap:WeightedAverageNumberOfSharesOutstandingBasic 2023-06-30 (filed 2024-08-08) = 730; us-gaap:WeightedAverageNumberOfSharesOutstandingBasic 2023-06-30 (filed 2024-08-08) = 730; us-gaap:WeightedAverageNumberOfSharesOutstandingBasic 2023-09-30 (filed 2024-11-07) = 729; us-gaap:WeightedAverageNumberOfSharesOutstandingBasic 2023-09-30 (filed 2024-11-07) = 727; us-gaap:WeightedAverageNumberOfSharesOutstandingBasic 2023-12-31 (filed 2024-02-22) = 728; us-gaap:WeightedAverageNumberOfSharesOutstandingBasic 2023-12-31 (filed 2025-02-25) = 728; us-gaap:WeightedAverageNumberOfSharesOutstandingBasic 2023-12-31 (filed 2026-02-24) = 728; us-gaap:WeightedAverageNumberOfSharesOutstandingBasic 2024-03-31 (filed 2024-05-08) = 722; us-gaap:WeightedAverageNumberOfSharesOutstandingBasic 2024-03-31 (filed 2025-05-12) = 722; us-gaap:WeightedAverageNumberOfSharesOutstandingBasic 2024-06-30 (filed 2024-08-08) = 720; us-gaap:WeightedAverageNumberOfSharesOutstandingBasic 2024-06-30 (filed 2025-08-06) = 720; us-gaap:WeightedAverageNumberOfSharesOutstandingBasic 2024-06-30 (filed 2024-08-08) = 719; us-gaap:WeightedAverageNumberOfSharesOutstandingBasic 2024-06-30 (filed 2025-08-06) = 719; us-gaap:WeightedAverageNumberOfSharesOutstandingBasic 2024-09-30 (filed 2024-11-07) = 719; us-gaap:WeightedAverageNumberOfSharesOutstandingBasic 2024-09-30 (filed 2025-11-05) = 719; us-gaap:WeightedAverageNumberOfSharesOutstandingBasic 2024-09-30 (filed 2024-11-07) = 717; us-gaap:WeightedAverageNumberOfSharesOutstandingBasic 2024-09-30 (filed 2025-11-05) = 717; us-gaap:WeightedAverageNumberOfSharesOutstandingBasic 2024-12-31 (filed 2025-02-25) = 718; us-gaap:WeightedAverageNumberOfSharesOutstandingBasic 2024-12-31 (filed 2026-02-24) = 718; us-gaap:WeightedAverageNumberOfSharesOutstandingBasic 2025-03-31 (filed 2025-05-12) = 715; us-gaap:WeightedAverageNumberOfSharesOutstandingBasic 2025-03-31 (filed 2026-05-07) = 715; us-gaap:WeightedAverageNumberOfSharesOutstandingBasic 2025-06-30 (filed 2025-08-06) = 715; us-gaap:WeightedAverageNumberOfSharesOutstandingBasic 2025-06-30 (filed 2026-08-07) = 715; us-gaap:WeightedAverageNumberOfSharesOutstandingBasic 2025-06-30 (filed 2025-08-06) = 714; us-gaap:WeightedAverageNumberOfSharesOutstandingBasic 2025-06-30 (filed 2026-08-07) = 714; us-gaap:WeightedAverageNumberOfSharesOutstandingBasic 2025-09-30 (filed 2025-11-05) = 714; us-gaap:WeightedAverageNumberOfSharesOutstandingBasic 2025-09-30 (filed 2025-11-05) = 713; us-gaap:WeightedAverageNumberOfSharesOutstandingBasic 2025-12-31 (filed 2026-02-24) = 713; us-gaap:WeightedAverageNumberOfSharesOutstandingBasic 2026-03-31 (filed 2026-05-07) = 711; us-gaap:WeightedAverageNumberOfSharesOutstandingBasic 2026-06-30 (filed 2026-08-07) = 710; us-gaap:WeightedAverageNumberOfSharesOutstandingBasic 2026-06-30 (filed 2026-08-07) = 709; us-gaap:WeightedAverageNumberOfSharesOutstandingBasic 2021-12-31 (filed 2024-02-22) = 746; us-gaap:WeightedAverageNumberOfSharesOutstandingBasic 2022-12-31 (filed 2024-02-22) = 736; us-gaap:WeightedAverageNumberOfSharesOutstandingBasic 2022-12-31 (filed 2025-02-25) = 736; us-gaap:WeightedAverageNumberOfSharesOutstandingBasic 2023-03-31 (filed 2024-05-08) = 731; us-gaap:WeightedAverageNumberOfSharesOutstandingBasic 2023-06-30 (filed 2024-08-08) = 730; us-gaap:WeightedAverageNumberOfSharesOutstandingBasic 2023-06-30 (filed 2024-08-08) = 730; us-gaap:WeightedAverageNumberOfSharesOutstandingBasic 2023-09-30 (filed 2024-11-07) = 729; us-gaap:WeightedAverageNumberOfSharesOutstandingBasic 2023-09-30 (filed 2024-11-07) = 727; us-gaap:WeightedAverageNumberOfSharesOutstandingBasic 2023-12-31 (filed 2024-02-22) = 728; us-gaap:WeightedAverageNumberOfSharesOutstandingBasic 2023-12-31 (filed 2025-02-25) = 728; us-gaap:WeightedAverageNumberOfSharesOutstandingBasic 2023-12-31 (filed 2026-02-24) = 728; us-gaap:WeightedAverageNumberOfSharesOutstandingBasic 2024-03-31 (filed 2024-05-08) = 722; us-gaap:WeightedAverageNumberOfSharesOutstandingBasic 2024-03-31 (filed 2025-05-12) = 722; us-gaap:WeightedAverageNumberOfSharesOutstandingBasic 2024-06-30 (filed 2024-08-08) = 720; us-gaap:WeightedAverageNumberOfSharesOutstandingBasic 2024-06-30 (filed 2025-08-06) = 720; us-gaap:WeightedAverageNumberOfSharesOutstandingBasic 2024-06-30 (filed 2024-08-08) = 719; us-gaap:WeightedAverageNumberOfSharesOutstandingBasic 2024-06-30 (filed 2025-08-06) = 719; us-gaap:WeightedAverageNumberOfSharesOutstandingBasic 2024-09-30 (filed 2024-11-07) = 719; us-gaap:WeightedAverageNumberOfSharesOutstandingBasic 2024-09-30 (filed 2025-11-05) = 719; us-gaap:WeightedAverageNumberOfSharesOutstandingBasic 2024-09-30 (filed 2024-11-07) = 717; us-gaap:WeightedAverageNumberOfSharesOutstandingBasic 2024-09-30 (filed 2025-11-05) = 717; us-gaap:WeightedAverageNumberOfSharesOutstandingBasic 2024-12-31 (filed 2025-02-25) = 718; us-gaap:WeightedAverageNumberOfSharesOutstandingBasic 2024-12-31 (filed 2026-02-24) = 718; us-gaap:WeightedAverageNumberOfSharesOutstandingBasic 2025-03-31 (filed 2025-05-12) = 715; us-gaap:WeightedAverageNumberOfSharesOutstandingBasic 2025-03-31 (filed 2026-05-07) = 715; us-gaap:WeightedAverageNumberOfSharesOutstandingBasic 2025-06-30 (filed 2025-08-06) = 715; us-gaap:WeightedAverageNumberOfSharesOutstandingBasic 2025-06-30 (filed 2026-08-07) = 715; us-gaap:WeightedAverageNumberOfSharesOutstandingBasic 2025-06-30 (filed 2025-08-06) = 714; us-gaap:WeightedAverageNumberOfSharesOutstandingBasic 2025-06-30 (filed 2026-08-07) = 714; us-gaap:WeightedAverageNumberOfSharesOutstandingBasic 2025-09-30 (filed 2025-11-05) = 714; us-gaap:WeightedAverageNumberOfSharesOutstandingBasic 2025-09-30 (filed 2025-11-05) = 713; us-gaap:WeightedAverageNumberOfSharesOutstandingBasic 2025-12-31 (filed 2026-02-24) = 713; us-gaap:WeightedAverageNumberOfSharesOutstandingBasic 2026-03-31 (filed 2026-05-07) = 711; us-gaap:WeightedAverageNumberOfSharesOutstandingBasic 2026-06-30 (filed 2026-08-07) = 710; us-gaap:WeightedAverageNumberOfSharesOutstandingBasic 2026-06-30 (filed 2026-08-07) = 709,,
MCK,927653,,McKESSON CORPORATION,True,us-gaap:EarningsPerShareDiluted,73,2009-03-31,2026-06-30,True,dei:EntityCommonStockSharesOutstanding,69,2009-07-28,2026-08-05,1998-01-05 2:1,,,
MDLZ,1103982,,"Mondelez International, Inc.",True,us-gaap:EarningsPerShareDiluted,70,2010-12-31,2026-06-30,True,dei:EntityCommonStockSharesOutstanding,68,2009-08-05,2026-04-28,,us-gaap:WeightedAverageNumberOfDilutedSharesOutstanding 2014-09-30 (filed 2015-10-29) = 1.71e+03; us-gaap:WeightedAverageNumberOfDilutedSharesOutstanding 2014-09-30 (filed 2015-10-29) = 1.7e+03; us-gaap:WeightedAverageNumberOfDilutedSharesOutstanding 2015-03-31 (filed 2016-04-28) = 1.66e+03; us-gaap:WeightedAverageNumberOfDilutedSharesOutstanding 2015-09-30 (filed 2015-10-29) = 1.65e+03; us-gaap:WeightedAverageNumberOfDilutedSharesOutstanding 2015-09-30 (filed 2015-10-29) = 1.63e+03; us-gaap:WeightedAverageNumberOfDilutedSharesOutstanding 2016-03-31 (filed 2016-04-28) = 1.59e+03; us-gaap:WeightedAverageNumberOfSharesOutstandingBasic 2014-09-30 (filed 2015-10-29) = 1.7e+03; us-gaap:WeightedAverageNumberOfSharesOutstandingBasic 2014-09-30 (filed 2015-10-29) = 1.69e+03; us-gaap:WeightedAverageNumberOfSharesOutstandingBasic 2015-03-31 (filed 2016-04-28) = 1.65e+03; us-gaap:WeightedAverageNumberOfSharesOutstandingBasic 2015-09-30 (filed 2015-10-29) = 1.63e+03; us-gaap:WeightedAverageNumberOfSharesOutstandingBasic 2015-09-30 (filed 2015-10-29) = 1.61e+03; us-gaap:WeightedAverageNumberOfSharesOutstandingBasic 2016-03-31 (filed 2016-04-28) = 1.57e+03; us-gaap:WeightedAverageNumberOfDilutedSharesOutstanding 2014-09-30 (filed 2015-10-29) = 1.71e+03; us-gaap:WeightedAverageNumberOfDilutedSharesOutstanding 2014-09-30 (filed 2015-10-29) = 1.7e+03; us-gaap:WeightedAverageNumberOfDilutedSharesOutstanding 2015-03-31 (filed 2016-04-28) = 1.66e+03; us-gaap:WeightedAverageNumberOfDilutedSharesOutstanding 2015-09-30 (filed 2015-10-29) = 1.65e+03; us-gaap:WeightedAverageNumberOfDilutedSharesOutstanding 2015-09-30 (filed 2015-10-29) = 1.63e+03; us-gaap:WeightedAverageNumberOfDilutedSharesOutstanding 2016-03-31 (filed 2016-04-28) = 1.59e+03; us-gaap:WeightedAverageNumberOfSharesOutstandingBasic 2014-09-30 (filed 2015-10-29) = 1.7e+03; us-gaap:WeightedAverageNumberOfSharesOutstandingBasic 2014-09-30 (filed 2015-10-29) = 1.69e+03; us-gaap:WeightedAverageNumberOfSharesOutstandingBasic 2015-03-31 (filed 2016-04-28) = 1.65e+03; us-gaap:WeightedAverageNumberOfSharesOutstandingBasic 2015-09-30 (filed 2015-10-29) = 1.63e+03; us-gaap:WeightedAverageNumberOfSharesOutstandingBasic 2015-09-30 (filed 2015-10-29) = 1.61e+03; us-gaap:WeightedAverageNumberOfSharesOutstandingBasic 2016-03-31 (filed 2016-04-28) = 1.57e+03; us-gaap:WeightedAverageNumberOfSharesOutstandingBasic 2014-09-30 (filed 2015-10-29) = 1.7e+03; us-gaap:WeightedAverageNumberOfSharesOutstandingBasic 2014-09-30 (filed 2015-10-29) = 1.69e+03; us-gaap:WeightedAverageNumberOfSharesOutstandingBasic 2015-03-31 (filed 2016-04-28) = 1.65e+03; us-gaap:WeightedAverageNumberOfSharesOutstandingBasic 2015-09-30 (filed 2015-10-29) = 1.63e+03; us-gaap:WeightedAverageNumberOfSharesOutstandingBasic 2015-09-30 (filed 2015-10-29) = 1.61e+03; us-gaap:WeightedAverageNumberOfSharesOutstandingBasic 2016-03-31 (filed 2016-04-28) = 1.57e+03,,1.0
MDT,1613103,64670,Medtronic plc,True,us-gaap:EarningsPerShareDiluted,73,2009-04-24,2026-07-31,True,dei:EntityCommonStockSharesOutstanding,69,2009-09-09,2026-09-03,1980-08-01 2:1; 1989-08-31 2:1; 1991-08-30 2:1; 1994-09-30 2:1; 1995-09-29 2:1; 1997-09-15 2:1; 1999-09-27 2:1,us-gaap:WeightedAverageNumberOfDilutedSharesOutstanding 2008-04-25 (filed 2010-06-29) = 1.14e+03; us-gaap:WeightedAverageNumberOfDilutedSharesOutstanding 2008-10-24 (filed 2009-12-09) = 1.13e+03; us-gaap:WeightedAverageNumberOfDilutedSharesOutstanding 2009-01-23 (filed 2010-03-10) = 1.13e+03; us-gaap:WeightedAverageNumberOfDilutedSharesOutstanding 2009-01-23 (filed 2010-03-10) = 1.12e+03; us-gaap:WeightedAverageNumberOfDilutedSharesOutstanding 2009-04-24 (filed 2010-06-29) = 1.13e+03; us-gaap:WeightedAverageNumberOfDilutedSharesOutstanding 2009-10-30 (filed 2010-12-08) = 1.11e+03; us-gaap:WeightedAverageNumberOfDilutedSharesOutstanding 2009-10-30 (filed 2009-12-09) = 1.11e+03; us-gaap:WeightedAverageNumberOfDilutedSharesOutstanding 2009-10-30 (filed 2010-12-08) = 1.11e+03; us-gaap:WeightedAverageNumberOfDilutedSharesOutstanding 2010-01-29 (filed 2011-03-09) = 1.11e+03; us-gaap:WeightedAverageNumberOfDilutedSharesOutstanding 2010-01-29 (filed 2010-03-10) = 1.11e+03; us-gaap:WeightedAverageNumberOfDilutedSharesOutstanding 2010-01-29 (filed 2011-03-09) = 1.11e+03; us-gaap:WeightedAverageNumberOfDilutedSharesOutstanding 2010-01-29 (filed 2010-03-10) = 1.11e+03; us-gaap:WeightedAverageNumberOfDilutedSharesOutstanding 2010-04-30 (filed 2010-06-29) = 1.11e+03; us-gaap:WeightedAverageNumberOfDilutedSharesOutstanding 2010-10-29 (filed 2010-12-08) = 1.09e+03; us-gaap:WeightedAverageNumberOfDilutedSharesOutstanding 2010-10-29 (filed 2010-12-08) = 1.08e+03; us-gaap:WeightedAverageNumberOfDilutedSharesOutstanding 2011-01-28 (filed 2011-03-09) = 1.08e+03; us-gaap:WeightedAverageNumberOfDilutedSharesOutstanding 2011-01-28 (filed 2011-03-09) = 1.08e+03; us-gaap:WeightedAverageNumberOfSharesOutstandingBasic 2008-04-25 (filed 2010-06-29) = 1.13e+03; us-gaap:WeightedAverageNumberOfSharesOutstandingBasic 2008-10-24 (filed 2009-12-09) = 1.12e+03; us-gaap:WeightedAverageNumberOfSharesOutstandingBasic 2009-01-23 (filed 2010-03-10) = 1.12e+03; us-gaap:WeightedAverageNumberOfSharesOutstandingBasic 2009-01-23 (filed 2010-03-10) = 1.12e+03; us-gaap:WeightedAverageNumberOfSharesOutstandingBasic 2009-04-24 (filed 2010-06-29) = 1.12e+03; us-gaap:WeightedAverageNumberOfSharesOutstandingBasic 2009-10-30 (filed 2010-12-08) = 1.11e+03; us-gaap:WeightedAverageNumberOfSharesOutstandingBasic 2009-10-30 (filed 2009-12-09) = 1.11e+03; us-gaap:WeightedAverageNumberOfSharesOutstandingBasic 2009-10-30 (filed 2010-12-08) = 1.11e+03; us-gaap:WeightedAverageNumberOfSharesOutstandingBasic 2010-01-29 (filed 2011-03-09) = 1.11e+03; us-gaap:WeightedAverageNumberOfSharesOutstandingBasic 2010-01-29 (filed 2010-03-10) = 1.11e+03; us-gaap:WeightedAverageNumberOfSharesOutstandingBasic 2010-01-29 (filed 2011-03-09) = 1.1e+03; us-gaap:WeightedAverageNumberOfSharesOutstandingBasic 2010-01-29 (filed 2010-03-10) = 1.1e+03; us-gaap:WeightedAverageNumberOfSharesOutstandingBasic 2010-04-30 (filed 2010-06-29) = 1.11e+03; us-gaap:WeightedAverageNumberOfSharesOutstandingBasic 2010-10-29 (filed 2010-12-08) = 1.08e+03; us-gaap:WeightedAverageNumberOfSharesOutstandingBasic 2010-10-29 (filed 2010-12-08) = 1.08e+03; us-gaap:WeightedAverageNumberOfSharesOutstandingBasic 2011-01-28 (filed 2011-03-09) = 1.08e+03; us-gaap:WeightedAverageNumberOfSharesOutstandingBasic 2011-01-28 (filed 2011-03-09) = 1.07e+03; us-gaap:WeightedAverageNumberOfDilutedSharesOutstanding 2008-04-25 (filed 2010-06-29) = 1.14e+03; us-gaap:WeightedAverageNumberOfDilutedSharesOutstanding 2008-10-24 (filed 2009-12-09) = 1.13e+03; us-gaap:WeightedAverageNumberOfDilutedSharesOutstanding 2009-01-23 (filed 2010-03-10) = 1.13e+03; us-gaap:WeightedAverageNumberOfDilutedSharesOutstanding 2009-01-23 (filed 2010-03-10) = 1.12e+03; us-gaap:WeightedAverageNumberOfDilutedSharesOutstanding 2009-04-24 (filed 2010-06-29) = 1.13e+03; us-gaap:WeightedAverageNumberOfDilutedSharesOutstanding 2009-10-30 (filed 2010-12-08) = 1.11e+03; us-gaap:WeightedAverageNumberOfDilutedSharesOutstanding 2009-10-30 (filed 2009-12-09) = 1.11e+03; us-gaap:WeightedAverageNumberOfDilutedSharesOutstanding 2009-10-30 (filed 2010-12-08) = 1.11e+03; us-gaap:WeightedAverageNumberOfDilutedSharesOutstanding 2010-01-29 (filed 2011-03-09) = 1.11e+03; us-gaap:WeightedAverageNumberOfDilutedSharesOutstanding 2010-01-29 (filed 2010-03-10) = 1.11e+03; us-gaap:WeightedAverageNumberOfDilutedSharesOutstanding 2010-01-29 (filed 2011-03-09) = 1.11e+03; us-gaap:WeightedAverageNumberOfDilutedSharesOutstanding 2010-01-29 (filed 2010-03-10) = 1.11e+03; us-gaap:WeightedAverageNumberOfDilutedSharesOutstanding 2010-04-30 (filed 2010-06-29) = 1.11e+03; us-gaap:WeightedAverageNumberOfDilutedSharesOutstanding 2010-10-29 (filed 2010-12-08) = 1.09e+03; us-gaap:WeightedAverageNumberOfDilutedSharesOutstanding 2010-10-29 (filed 2010-12-08) = 1.08e+03; us-gaap:WeightedAverageNumberOfDilutedSharesOutstanding 2011-01-28 (filed 2011-03-09) = 1.08e+03; us-gaap:WeightedAverageNumberOfDilutedSharesOutstanding 2011-01-28 (filed 2011-03-09) = 1.08e+03; us-gaap:WeightedAverageNumberOfSharesOutstandingBasic 2008-04-25 (filed 2010-06-29) = 1.13e+03; us-gaap:WeightedAverageNumberOfSharesOutstandingBasic 2008-10-24 (filed 2009-12-09) = 1.12e+03; us-gaap:WeightedAverageNumberOfSharesOutstandingBasic 2009-01-23 (filed 2010-03-10) = 1.12e+03; us-gaap:WeightedAverageNumberOfSharesOutstandingBasic 2009-01-23 (filed 2010-03-10) = 1.12e+03; us-gaap:WeightedAverageNumberOfSharesOutstandingBasic 2009-04-24 (filed 2010-06-29) = 1.12e+03; us-gaap:WeightedAverageNumberOfSharesOutstandingBasic 2009-10-30 (filed 2010-12-08) = 1.11e+03; us-gaap:WeightedAverageNumberOfSharesOutstandingBasic 2009-10-30 (filed 2009-12-09) = 1.11e+03; us-gaap:WeightedAverageNumberOfSharesOutstandingBasic 2009-10-30 (filed 2010-12-08) = 1.11e+03; us-gaap:WeightedAverageNumberOfSharesOutstandingBasic 2010-01-29 (filed 2011-03-09) = 1.11e+03; us-gaap:WeightedAverageNumberOfSharesOutstandingBasic 2010-01-29 (filed 2010-03-10) = 1.11e+03; us-gaap:WeightedAverageNumberOfSharesOutstandingBasic 2010-01-29 (filed 2011-03-09) = 1.1e+03; us-gaap:WeightedAverageNumberOfSharesOutstandingBasic 2010-01-29 (filed 2010-03-10) = 1.1e+03; us-gaap:WeightedAverageNumberOfSharesOutstandingBasic 2010-04-30 (filed 2010-06-29) = 1.11e+03; us-gaap:WeightedAverageNumberOfSharesOutstandingBasic 2010-10-29 (filed 2010-12-08) = 1.08e+03; us-gaap:WeightedAverageNumberOfSharesOutstandingBasic 2010-10-29 (filed 2010-12-08) = 1.08e+03; us-gaap:WeightedAverageNumberOfSharesOutstandingBasic 2011-01-28 (filed 2011-03-09) = 1.08e+03; us-gaap:WeightedAverageNumberOfSharesOutstandingBasic 2011-01-28 (filed 2011-03-09) = 1.07e+03; us-gaap:WeightedAverageNumberOfDilutedSharesOutstanding 2008-04-25 (filed 2010-06-29) = 1.14e+03; us-gaap:WeightedAverageNumberOfDilutedSharesOutstanding 2008-10-24 (filed 2009-12-09) = 1.13e+03; us-gaap:WeightedAverageNumberOfDilutedSharesOutstanding 2009-01-23 (filed 2010-03-10) = 1.13e+03; us-gaap:WeightedAverageNumberOfDilutedSharesOutstanding 2009-01-23 (filed 2010-03-10) = 1.12e+03; us-gaap:WeightedAverageNumberOfDilutedSharesOutstanding 2009-04-24 (filed 2010-06-29) = 1.13e+03; us-gaap:WeightedAverageNumberOfDilutedSharesOutstanding 2009-10-30 (filed 2010-12-08) = 1.11e+03; us-gaap:WeightedAverageNumberOfDilutedSharesOutstanding 2009-10-30 (filed 2009-12-09) = 1.11e+03; us-gaap:WeightedAverageNumberOfDilutedSharesOutstanding 2009-10-30 (filed 2010-12-08) = 1.11e+03; us-gaap:WeightedAverageNumberOfDilutedSharesOutstanding 2010-01-29 (filed 2011-03-09) = 1.11e+03; us-gaap:WeightedAverageNumberOfDilutedSharesOutstanding 2010-01-29 (filed 2010-03-10) = 1.11e+03; us-gaap:WeightedAverageNumberOfDilutedSharesOutstanding 2010-01-29 (filed 2011-03-09) = 1.11e+03; us-gaap:WeightedAverageNumberOfDilutedSharesOutstanding 2010-01-29 (filed 2010-03-10) = 1.11e+03; us-gaap:WeightedAverageNumberOfDilutedSharesOutstanding 2010-04-30 (filed 2010-06-29) = 1.11e+03; us-gaap:WeightedAverageNumberOfDilutedSharesOutstanding 2010-10-29 (filed 2010-12-08) = 1.09e+03; us-gaap:WeightedAverageNumberOfDilutedSharesOutstanding 2010-10-29 (filed 2010-12-08) = 1.08e+03; us-gaap:WeightedAverageNumberOfDilutedSharesOutstanding 2011-01-28 (filed 2011-03-09) = 1.08e+03; us-gaap:WeightedAverageNumberOfDilutedSharesOutstanding 2011-01-28 (filed 2011-03-09) = 1.08e+03; us-gaap:WeightedAverageNumberOfSharesOutstandingBasic 2008-04-25 (filed 2010-06-29) = 1.13e+03; us-gaap:WeightedAverageNumberOfSharesOutstandingBasic 2008-10-24 (filed 2009-12-09) = 1.12e+03; us-gaap:WeightedAverageNumberOfSharesOutstandingBasic 2009-01-23 (filed 2010-03-10) = 1.12e+03; us-gaap:WeightedAverageNumberOfSharesOutstandingBasic 2009-01-23 (filed 2010-03-10) = 1.12e+03; us-gaap:WeightedAverageNumberOfSharesOutstandingBasic 2009-04-24 (filed 2010-06-29) = 1.12e+03; us-gaap:WeightedAverageNumberOfSharesOutstandingBasic 2009-10-30 (filed 2010-12-08) = 1.11e+03; us-gaap:WeightedAverageNumberOfSharesOutstandingBasic 2009-10-30 (filed 2009-12-09) = 1.11e+03; us-gaap:WeightedAverageNumberOfSharesOutstandingBasic 2009-10-30 (filed 2010-12-08) = 1.11e+03; us-gaap:WeightedAverageNumberOfSharesOutstandingBasic 2010-01-29 (filed 2011-03-09) = 1.11e+03; us-gaap:WeightedAverageNumberOfSharesOutstandingBasic 2010-01-29 (filed 2010-03-10) = 1.11e+03; us-gaap:WeightedAverageNumberOfSharesOutstandingBasic 2010-01-29 (filed 2011-03-09) = 1.1e+03; us-gaap:WeightedAverageNumberOfSharesOutstandingBasic 2010-01-29 (filed 2010-03-10) = 1.1e+03; us-gaap:WeightedAverageNumberOfSharesOutstandingBasic 2010-04-30 (filed 2010-06-29) = 1.11e+03; us-gaap:WeightedAverageNumberOfSharesOutstandingBasic 2010-10-29 (filed 2010-12-08) = 1.08e+03; us-gaap:WeightedAverageNumberOfSharesOutstandingBasic 2010-10-29 (filed 2010-12-08) = 1.08e+03; us-gaap:WeightedAverageNumberOfSharesOutstandingBasic 2011-01-28 (filed 2011-03-09) = 1.08e+03; us-gaap:WeightedAverageNumberOfSharesOutstandingBasic 2011-01-28 (filed 2011-03-09) = 1.07e+03; us-gaap:WeightedAverageNumberOfSharesOutstandingBasic 2008-04-25 (filed 2010-06-29) = 1.13e+03; us-gaap:WeightedAverageNumberOfSharesOutstandingBasic 2008-10-24 (filed 2009-12-09) = 1.12e+03; us-gaap:WeightedAverageNumberOfSharesOutstandingBasic 2009-01-23 (filed 2010-03-10) = 1.12e+03; us-gaap:WeightedAverageNumberOfSharesOutstandingBasic 2009-01-23 (filed 2010-03-10) = 1.12e+03; us-gaap:WeightedAverageNumberOfSharesOutstandingBasic 2009-04-24 (filed 2010-06-29) = 1.12e+03; us-gaap:WeightedAverageNumberOfSharesOutstandingBasic 2009-10-30 (filed 2010-12-08) = 1.11e+03; us-gaap:WeightedAverageNumberOfSharesOutstandingBasic 2009-10-30 (filed 2009-12-09) = 1.11e+03; us-gaap:WeightedAverageNumberOfSharesOutstandingBasic 2009-10-30 (filed 2010-12-08) = 1.11e+03; us-gaap:WeightedAverageNumberOfSharesOutstandingBasic 2010-01-29 (filed 2011-03-09) = 1.11e+03; us-gaap:WeightedAverageNumberOfSharesOutstandingBasic 2010-01-29 (filed 2010-03-10) = 1.11e+03; us-gaap:WeightedAverageNumberOfSharesOutstandingBasic 2010-01-29 (filed 2011-03-09) = 1.1e+03; us-gaap:WeightedAverageNumberOfSharesOutstandingBasic 2010-01-29 (filed 2010-03-10) = 1.1e+03; us-gaap:WeightedAverageNumberOfSharesOutstandingBasic 2010-04-30 (filed 2010-06-29) = 1.11e+03; us-gaap:WeightedAverageNumberOfSharesOutstandingBasic 2010-10-29 (filed 2010-12-08) = 1.08e+03; us-gaap:WeightedAverageNumberOfSharesOutstandingBasic 2010-10-29 (filed 2010-12-08) = 1.08e+03; us-gaap:WeightedAverageNumberOfSharesOutstandingBasic 2011-01-28 (filed 2011-03-09) = 1.08e+03; us-gaap:WeightedAverageNumberOfSharesOutstandingBasic 2011-01-28 (filed 2011-03-09) = 1.07e+03,,
MET,1099219,,"MetLife, Inc.",True,us-gaap:EarningsPerShareDiluted,72,2009-12-31,2026-06-30,True,dei:EntityCommonStockSharesOutstanding,68,2009-08-04,2026-08-06,2017-08-07 1.122:1,dei:EntityCommonStockSharesOutstanding 2010-06-30 (filed 2010-08-02) = 0,,
META,1326801,,"Meta Platforms, Inc.",True,us-gaap:EarningsPerShareDiluted,59,2013-12-31,2026-06-30,True,us-gaap:WeightedAverageNumberOfSharesOutstandingBasic,60,2012-07-31,2026-07-30,,acciones 2012-06-30 = 1.88e+09 (pico aislado); acciones 2012-12-31 = 2.01e+09 (pico aislado),,
MMM,66740,,3M CO,True,us-gaap:EarningsPerShareDiluted,72,2009-12-31,2026-06-30,True,dei:EntityCommonStockSharesOutstanding,69,2009-07-31,2026-07-21,1972-06-16 2:1; 1987-06-16 2:1; 1994-04-11 2:1; 2003-09-30 2:1; 2024-04-01 1.196:1,,,
MO,764180,,"Altria Group, Inc.",True,"calculado: NetIncomeLoss / WeightedAverageNumberOfDilutedSharesOutstanding, us-gaap:EarningsPerShareBasicAndDiluted, us-gaap:EarningsPerShareDiluted",72,2009-12-31,2026-06-30,True,dei:EntityCommonStockSharesOutstanding,69,2009-08-04,2026-07-30,1966-05-19 3:1; 1969-05-22 2:1; 1974-06-03 2:1; 1979-06-01 2:1; 1986-04-11 2:1; 1989-10-11 4:1; 1997-04-11 3:1,us-gaap:WeightedAverageNumberOfDilutedSharesOutstanding 2009-06-30 (filed 2010-08-26) = 2.07e+03; us-gaap:WeightedAverageNumberOfDilutedSharesOutstanding 2009-06-30 (filed 2010-08-26) = 2.07e+03; us-gaap:WeightedAverageNumberOfDilutedSharesOutstanding 2010-06-30 (filed 2010-08-26) = 2.08e+03; us-gaap:WeightedAverageNumberOfDilutedSharesOutstanding 2010-06-30 (filed 2010-08-26) = 2.08e+03; us-gaap:WeightedAverageNumberOfSharesOutstandingBasic 2009-06-30 (filed 2010-08-26) = 2.06e+03; us-gaap:WeightedAverageNumberOfSharesOutstandingBasic 2009-06-30 (filed 2010-08-26) = 2.06e+03; us-gaap:WeightedAverageNumberOfSharesOutstandingBasic 2010-06-30 (filed 2010-08-26) = 2.08e+03; us-gaap:WeightedAverageNumberOfSharesOutstandingBasic 2010-06-30 (filed 2010-08-26) = 2.08e+03; us-gaap:WeightedAverageNumberOfDilutedSharesOutstanding 2009-06-30 (filed 2010-08-26) = 2.07e+03; us-gaap:WeightedAverageNumberOfDilutedSharesOutstanding 2009-06-30 (filed 2010-08-26) = 2.07e+03; us-gaap:WeightedAverageNumberOfDilutedSharesOutstanding 2010-06-30 (filed 2010-08-26) = 2.08e+03; us-gaap:WeightedAverageNumberOfDilutedSharesOutstanding 2010-06-30 (filed 2010-08-26) = 2.08e+03; us-gaap:WeightedAverageNumberOfSharesOutstandingBasic 2009-06-30 (filed 2010-08-26) = 2.06e+03; us-gaap:WeightedAverageNumberOfSharesOutstandingBasic 2009-06-30 (filed 2010-08-26) = 2.06e+03; us-gaap:WeightedAverageNumberOfSharesOutstandingBasic 2010-06-30 (filed 2010-08-26) = 2.08e+03; us-gaap:WeightedAverageNumberOfSharesOutstandingBasic 2010-06-30 (filed 2010-08-26) = 2.08e+03; us-gaap:WeightedAverageNumberOfDilutedSharesOutstanding 2009-06-30 (filed 2010-08-26) = 2.07e+03; us-gaap:WeightedAverageNumberOfDilutedSharesOutstanding 2009-06-30 (filed 2010-08-26) = 2.07e+03; us-gaap:WeightedAverageNumberOfDilutedSharesOutstanding 2010-06-30 (filed 2010-08-26) = 2.08e+03; us-gaap:WeightedAverageNumberOfDilutedSharesOutstanding 2010-06-30 (filed 2010-08-26) = 2.08e+03; us-gaap:WeightedAverageNumberOfSharesOutstandingBasic 2009-06-30 (filed 2010-08-26) = 2.06e+03; us-gaap:WeightedAverageNumberOfSharesOutstandingBasic 2009-06-30 (filed 2010-08-26) = 2.06e+03; us-gaap:WeightedAverageNumberOfSharesOutstandingBasic 2010-06-30 (filed 2010-08-26) = 2.08e+03; us-gaap:WeightedAverageNumberOfSharesOutstandingBasic 2010-06-30 (filed 2010-08-26) = 2.08e+03; us-gaap:WeightedAverageNumberOfSharesOutstandingBasic 2009-06-30 (filed 2010-08-26) = 2.06e+03; us-gaap:WeightedAverageNumberOfSharesOutstandingBasic 2009-06-30 (filed 2010-08-26) = 2.06e+03; us-gaap:WeightedAverageNumberOfSharesOutstandingBasic 2010-06-30 (filed 2010-08-26) = 2.08e+03; us-gaap:WeightedAverageNumberOfSharesOutstandingBasic 2010-06-30 (filed 2010-08-26) = 2.08e+03,,
MPC,1510295,,Marathon Petroleum Corporation,True,us-gaap:EarningsPerShareDiluted,66,2010-12-31,2026-06-30,True,dei:EntityCommonStockSharesOutstanding,61,2011-08-09,2026-08-04,2015-06-11 2:1,,,
MRK,310158,,"Merck & Co., Inc.",True,us-gaap:EarningsPerShareDiluted,71,2010-12-31,2026-06-30,True,dei:EntityCommonStockSharesOutstanding,68,2009-10-29,2026-08-07,1964-05-27 3:1; 1972-06-01 2:1; 1986-05-27 2:1; 1988-05-26 3:1; 1992-05-26 3:1; 1999-02-17 2:1; 2021-06-03 1.048:1,us-gaap:WeightedAverageNumberOfDilutedSharesOutstanding 2010-12-31 (filed 2013-02-28) = 3.27e+03; us-gaap:WeightedAverageNumberOfDilutedSharesOutstanding 2011-12-31 (filed 2013-02-28) = 3.24e+03; us-gaap:WeightedAverageNumberOfDilutedSharesOutstanding 2012-12-31 (filed 2013-02-28) = 3.22e+03; us-gaap:WeightedAverageNumberOfSharesOutstandingBasic 2010-12-31 (filed 2013-02-28) = 3.24e+03; us-gaap:WeightedAverageNumberOfSharesOutstandingBasic 2011-12-31 (filed 2013-02-28) = 3.22e+03; us-gaap:WeightedAverageNumberOfSharesOutstandingBasic 2012-12-31 (filed 2013-02-28) = 3.19e+03; us-gaap:WeightedAverageNumberOfDilutedSharesOutstanding 2010-12-31 (filed 2013-02-28) = 3.27e+03; us-gaap:WeightedAverageNumberOfDilutedSharesOutstanding 2011-12-31 (filed 2013-02-28) = 3.24e+03; us-gaap:WeightedAverageNumberOfDilutedSharesOutstanding 2012-12-31 (filed 2013-02-28) = 3.22e+03; us-gaap:WeightedAverageNumberOfSharesOutstandingBasic 2010-12-31 (filed 2013-02-28) = 3.24e+03; us-gaap:WeightedAverageNumberOfSharesOutstandingBasic 2011-12-31 (filed 2013-02-28) = 3.22e+03; us-gaap:WeightedAverageNumberOfSharesOutstandingBasic 2012-12-31 (filed 2013-02-28) = 3.19e+03; us-gaap:WeightedAverageNumberOfDilutedSharesOutstanding 2010-12-31 (filed 2013-02-28) = 3.27e+03; us-gaap:WeightedAverageNumberOfDilutedSharesOutstanding 2011-12-31 (filed 2013-02-28) = 3.24e+03; us-gaap:WeightedAverageNumberOfDilutedSharesOutstanding 2012-12-31 (filed 2013-02-28) = 3.22e+03; us-gaap:WeightedAverageNumberOfSharesOutstandingBasic 2010-12-31 (filed 2013-02-28) = 3.24e+03; us-gaap:WeightedAverageNumberOfSharesOutstandingBasic 2011-12-31 (filed 2013-02-28) = 3.22e+03; us-gaap:WeightedAverageNumberOfSharesOutstandingBasic 2012-12-31 (filed 2013-02-28) = 3.19e+03; dei:EntityCommonStockSharesOutstanding 2009-06-30 (filed 2009-07-24) = 0; us-gaap:WeightedAverageNumberOfSharesOutstandingBasic 2010-12-31 (filed 2013-02-28) = 3.24e+03; us-gaap:WeightedAverageNumberOfSharesOutstandingBasic 2011-12-31 (filed 2013-02-28) = 3.22e+03; us-gaap:WeightedAverageNumberOfSharesOutstandingBasic 2012-12-31 (filed 2013-02-28) = 3.19e+03,,
MRNA,1682852,,"Moderna, Inc.",True,"us-gaap:EarningsPerShareBasicAndDiluted, us-gaap:EarningsPerShareDiluted",38,2017-12-31,2026-06-30,True,dei:EntityCommonStockSharesOutstanding,31,2019-03-13,2026-07-31,,,,
MRSH,62709,,"Marsh & McLennan Companies, Inc.",True,us-gaap:EarningsPerShareDiluted,71,2010-12-31,2026-06-30,True,dei:EntityCommonStockSharesOutstanding,69,2009-08-10,2026-07-21,1986-05-15 2:1; 1997-06-30 2:1; 1998-06-29 1.5:1; 2002-07-01 2:1,,,
MRVL,1835632,,"MARVELL TECHNOLOGY, INC",True,us-gaap:EarningsPerShareDiluted,26,2021-01-30,2026-08-01,True,dei:EntityCommonStockSharesOutstanding,22,2021-06-09,2026-08-28,2004-06-29 2:1; 2006-07-25 2:1,,,
MS,895421,,MORGAN STANLEY,True,us-gaap:EarningsPerShareDiluted,72,2009-12-31,2026-06-30,True,dei:EntityCommonStockSharesOutstanding,69,2009-08-07,2026-08-04,1997-01-15 2:1; 2000-01-27 2:1,us-gaap:CommonStockSharesOutstanding 2014-12-31 (filed 2015-08-04) = 0; us-gaap:CommonStockSharesOutstanding 2015-06-30 (filed 2015-08-04) = 0,,
MSFT,789019,,MICROSOFT CORPORATION,True,us-gaap:EarningsPerShareDiluted,76,2008-06-30,2026-06-30,True,dei:EntityCommonStockSharesOutstanding,68,2009-10-23,2026-07-29,1987-09-21 2:1; 1990-04-16 2:1; 1991-06-27 1.5:1; 1992-06-15 1.5:1; 1994-05-23 2:1; 1996-12-09 2:1; 1998-02-23 2:1; 1999-03-29 2:1; 2003-02-18 2:1,,,
MU,723125,,"Micron Technology, Inc.",True,us-gaap:EarningsPerShareDiluted,68,2010-09-02,2026-05-28,True,dei:EntityCommonStockSharesOutstanding,64,2010-01-12,2026-06-25,1994-04-19 2.5:1; 1995-05-23 2:1; 2000-05-02 2:1,,,
NEE,753308,,NEXTERA ENERGY INC,True,us-gaap:EarningsPerShareDiluted,71,2009-12-31,2026-06-30,True,dei:EntityCommonStockSharesOutstanding,67,2009-07-31,2026-04-23,1985-01-31 2:1; 2005-03-16 2:1; 2020-10-27 4:1,us-gaap:WeightedAverageNumberOfDilutedSharesOutstanding 2008-06-30 (filed 2009-07-31) = 1.61e+03; us-gaap:WeightedAverageNumberOfDilutedSharesOutstanding 2008-06-30 (filed 2009-07-31) = 1.61e+03; us-gaap:WeightedAverageNumberOfDilutedSharesOutstanding 2009-06-30 (filed 2009-07-31) = 1.62e+03; us-gaap:WeightedAverageNumberOfDilutedSharesOutstanding 2009-06-30 (filed 2009-07-31) = 1.63e+03; us-gaap:WeightedAverageNumberOfSharesOutstandingBasic 2008-06-30 (filed 2009-07-31) = 1.6e+03; us-gaap:WeightedAverageNumberOfSharesOutstandingBasic 2008-06-30 (filed 2009-07-31) = 1.6e+03; us-gaap:WeightedAverageNumberOfSharesOutstandingBasic 2009-06-30 (filed 2009-07-31) = 1.61e+03; us-gaap:WeightedAverageNumberOfSharesOutstandingBasic 2009-06-30 (filed 2009-07-31) = 1.61e+03; us-gaap:WeightedAverageNumberOfDilutedSharesOutstanding 2008-06-30 (filed 2009-07-31) = 1.61e+03; us-gaap:WeightedAverageNumberOfDilutedSharesOutstanding 2008-06-30 (filed 2009-07-31) = 1.61e+03; us-gaap:WeightedAverageNumberOfDilutedSharesOutstanding 2009-06-30 (filed 2009-07-31) = 1.62e+03; us-gaap:WeightedAverageNumberOfDilutedSharesOutstanding 2009-06-30 (filed 2009-07-31) = 1.63e+03; us-gaap:WeightedAverageNumberOfSharesOutstandingBasic 2008-06-30 (filed 2009-07-31) = 1.6e+03; us-gaap:WeightedAverageNumberOfSharesOutstandingBasic 2008-06-30 (filed 2009-07-31) = 1.6e+03; us-gaap:WeightedAverageNumberOfSharesOutstandingBasic 2009-06-30 (filed 2009-07-31) = 1.61e+03; us-gaap:WeightedAverageNumberOfSharesOutstandingBasic 2009-06-30 (filed 2009-07-31) = 1.61e+03; dei:EntityCommonStockSharesOutstanding 2010-06-30 (filed 2010-08-06) = 0; us-gaap:WeightedAverageNumberOfSharesOutstandingBasic 2008-06-30 (filed 2009-07-31) = 1.6e+03; us-gaap:WeightedAverageNumberOfSharesOutstandingBasic 2008-06-30 (filed 2009-07-31) = 1.6e+03; us-gaap:WeightedAverageNumberOfSharesOutstandingBasic 2009-06-30 (filed 2009-07-31) = 1.61e+03; us-gaap:WeightedAverageNumberOfSharesOutstandingBasic 2009-06-30 (filed 2009-07-31) = 1.61e+03,,1.0
NEM,1164727,,NEWMONT CORPORATION,True,us-gaap:EarningsPerShareDiluted,74,2008-12-31,2026-06-30,True,dei:EntityCommonStockSharesOutstanding,69,2009-04-30,2026-07-23,1987-06-11 2:1; 1987-10-09 1.5:1; 1994-04-22 1.25:1,,,
NFLX,1065280,,NETFLIX INC,True,us-gaap:EarningsPerShareDiluted,71,2010-12-31,2026-06-30,True,dei:EntityCommonStockSharesOutstanding,69,2009-07-31,2026-07-17,2004-02-12 2:1; 2015-07-15 7:1; 2025-11-17 10:1,,,
NKE,320187,,"NIKE, Inc.",True,us-gaap:EarningsPerShareDiluted,72,2009-05-31,2026-05-31,True,dei:EntityCommonStockSharesOutstanding,72,2009-10-08,2026-07-15,1990-10-08 2:1; 1995-10-31 2:1; 1996-10-24 2:1; 2007-04-03 2:1; 2012-12-26 2:1; 2015-12-24 2:1,,,
NOC,1133421,,NORTHROP GRUMMAN CORP /DE/,True,us-gaap:EarningsPerShareDiluted,72,2009-12-31,2026-06-30,True,dei:EntityCommonStockSharesOutstanding,69,2009-07-23,2026-07-21,1984-09-11 3:1; 2004-06-22 2:1; 2011-03-31 1.10681:1,,,
NOV,1021860,,NOV INC.,True,us-gaap:EarningsPerShareDiluted,70,2009-12-31,2026-06-30,True,dei:EntityCommonStockSharesOutstanding,68,2009-08-10,2026-04-28,1997-11-19 2:1; 2007-10-01 2:1; 2014-06-02 1.109:1,EPS 2019-06-30 = -14.1 (imposible); EPS 2019-06-30 = -14.1 (imposible),,1.0
NOW,1373715,,"ServiceNow, Inc.",True,"calculado: NetIncomeLoss / WeightedAverageNumberOfDilutedSharesOutstanding, us-gaap:EarningsPerShareBasicAndDiluted, us-gaap:EarningsPerShareDiluted",59,2013-12-31,2026-06-30,True,dei:EntityCommonStockSharesOutstanding,57,2012-08-10,2026-07-23,2025-12-18 5:1,us-gaap:WeightedAverageNumberOfSharesOutstandingBasic 2010-12-31 (filed 2013-03-08) = 8.58e+07; us-gaap:WeightedAverageNumberOfSharesOutstandingBasic 2010-12-31 (filed 2014-02-28) = 8.58e+07; us-gaap:WeightedAverageNumberOfSharesOutstandingBasic 2011-06-30 (filed 2013-03-08) = 9.08e+07; us-gaap:WeightedAverageNumberOfSharesOutstandingBasic 2011-06-30 (filed 2014-02-28) = 9.08e+07; us-gaap:WeightedAverageNumberOfSharesOutstandingBasic 2011-06-30 (filed 2012-08-10) = 9.59e+07; us-gaap:WeightedAverageNumberOfSharesOutstandingBasic 2011-06-30 (filed 2012-08-10) = 9.83e+07; us-gaap:WeightedAverageNumberOfSharesOutstandingBasic 2011-09-30 (filed 2012-10-31) = 9.85e+07; us-gaap:WeightedAverageNumberOfSharesOutstandingBasic 2010-12-31 (filed 2013-03-08) = 8.58e+07; us-gaap:WeightedAverageNumberOfSharesOutstandingBasic 2010-12-31 (filed 2014-02-28) = 8.58e+07; us-gaap:WeightedAverageNumberOfSharesOutstandingBasic 2011-06-30 (filed 2013-03-08) = 9.08e+07; us-gaap:WeightedAverageNumberOfSharesOutstandingBasic 2011-06-30 (filed 2014-02-28) = 9.08e+07; us-gaap:WeightedAverageNumberOfSharesOutstandingBasic 2011-06-30 (filed 2012-08-10) = 9.59e+07; us-gaap:WeightedAverageNumberOfSharesOutstandingBasic 2011-06-30 (filed 2012-08-10) = 9.83e+07; us-gaap:WeightedAverageNumberOfSharesOutstandingBasic 2011-09-30 (filed 2012-10-31) = 9.85e+07; us-gaap:WeightedAverageNumberOfSharesOutstandingBasic 2010-12-31 (filed 2013-03-08) = 8.58e+07; us-gaap:WeightedAverageNumberOfSharesOutstandingBasic 2010-12-31 (filed 2014-02-28) = 8.58e+07; us-gaap:WeightedAverageNumberOfSharesOutstandingBasic 2011-06-30 (filed 2013-03-08) = 9.08e+07; us-gaap:WeightedAverageNumberOfSharesOutstandingBasic 2011-06-30 (filed 2014-02-28) = 9.08e+07; us-gaap:WeightedAverageNumberOfSharesOutstandingBasic 2011-06-30 (filed 2012-08-10) = 9.59e+07; us-gaap:WeightedAverageNumberOfSharesOutstandingBasic 2011-06-30 (filed 2012-08-10) = 9.83e+07; us-gaap:WeightedAverageNumberOfSharesOutstandingBasic 2011-09-30 (filed 2012-10-31) = 9.85e+07,,
NVDA,1045810,,NVIDIA CORP,True,us-gaap:EarningsPerShareDiluted,72,2010-01-31,2026-07-26,True,dei:EntityCommonStockSharesOutstanding,69,2009-08-20,2026-08-26,2000-06-27 2:1; 2001-09-10 2:1; 2006-04-07 2:1; 2007-09-11 1.5:1; 2021-07-20 4:1; 2024-06-10 10:1,us-gaap:WeightedAverageNumberOfDilutedSharesOutstanding 2008-01-27 (filed 2010-03-18) = 2.43e+07; us-gaap:WeightedAverageNumberOfDilutedSharesOutstanding 2009-01-25 (filed 2010-03-18) = 2.19e+07; us-gaap:WeightedAverageNumberOfDilutedSharesOutstanding 2009-01-25 (filed 2011-03-16) = 2.19e+07; us-gaap:WeightedAverageNumberOfDilutedSharesOutstanding 2009-04-26 (filed 2010-05-21) = 2.17e+07; us-gaap:WeightedAverageNumberOfDilutedSharesOutstanding 2009-07-26 (filed 2010-08-30) = 2.18e+07; us-gaap:WeightedAverageNumberOfDilutedSharesOutstanding 2009-07-26 (filed 2010-08-30) = 2.19e+07; us-gaap:WeightedAverageNumberOfDilutedSharesOutstanding 2009-10-25 (filed 2010-12-07) = 2.19e+07; us-gaap:WeightedAverageNumberOfDilutedSharesOutstanding 2009-10-25 (filed 2010-12-07) = 2.3e+07; us-gaap:WeightedAverageNumberOfDilutedSharesOutstanding 2010-01-31 (filed 2010-03-18) = 2.2e+07; us-gaap:WeightedAverageNumberOfDilutedSharesOutstanding 2010-01-31 (filed 2011-03-16) = 2.2e+07; us-gaap:WeightedAverageNumberOfDilutedSharesOutstanding 2010-05-02 (filed 2010-05-21) = 2.36e+07; us-gaap:WeightedAverageNumberOfDilutedSharesOutstanding 2010-05-02 (filed 2011-05-27) = 2.36e+07; us-gaap:WeightedAverageNumberOfDilutedSharesOutstanding 2010-08-01 (filed 2010-08-30) = 2.28e+07; us-gaap:WeightedAverageNumberOfDilutedSharesOutstanding 2010-08-01 (filed 2011-08-25) = 2.28e+07; us-gaap:WeightedAverageNumberOfDilutedSharesOutstanding 2010-08-01 (filed 2010-08-30) = 2.29e+07; us-gaap:WeightedAverageNumberOfDilutedSharesOutstanding 2010-08-01 (filed 2011-08-25) = 2.29e+07; us-gaap:WeightedAverageNumberOfDilutedSharesOutstanding 2010-10-31 (filed 2010-12-07) = 2.34e+07; us-gaap:WeightedAverageNumberOfDilutedSharesOutstanding 2010-10-31 (filed 2010-12-07) = 2.33e+07; us-gaap:WeightedAverageNumberOfDilutedSharesOutstanding 2011-01-30 (filed 2011-03-16) = 2.35e+07; us-gaap:WeightedAverageNumberOfDilutedSharesOutstanding 2011-05-01 (filed 2011-05-27) = 2.45e+07; us-gaap:WeightedAverageNumberOfDilutedSharesOutstanding 2011-07-31 (filed 2011-08-25) = 2.46e+07; us-gaap:WeightedAverageNumberOfDilutedSharesOutstanding 2011-07-31 (filed 2011-08-25) = 2.46e+07; us-gaap:WeightedAverageNumberOfSharesOutstandingBasic 2008-01-27 (filed 2010-03-18) = 2.2e+07; us-gaap:WeightedAverageNumberOfSharesOutstandingBasic 2009-01-25 (filed 2010-03-18) = 2.19e+07; us-gaap:WeightedAverageNumberOfSharesOutstandingBasic 2009-01-25 (filed 2011-03-16) = 2.19e+07; us-gaap:WeightedAverageNumberOfSharesOutstandingBasic 2009-04-26 (filed 2010-05-21) = 2.17e+07; us-gaap:WeightedAverageNumberOfSharesOutstandingBasic 2009-07-26 (filed 2010-08-30) = 2.18e+07; us-gaap:WeightedAverageNumberOfSharesOutstandingBasic 2009-07-26 (filed 2010-08-30) = 2.19e+07; us-gaap:WeightedAverageNumberOfSharesOutstandingBasic 2009-10-25 (filed 2010-12-07) = 2.19e+07; us-gaap:WeightedAverageNumberOfSharesOutstandingBasic 2009-10-25 (filed 2010-12-07) = 2.21e+07; us-gaap:WeightedAverageNumberOfSharesOutstandingBasic 2010-01-31 (filed 2010-03-18) = 2.2e+07; us-gaap:WeightedAverageNumberOfSharesOutstandingBasic 2010-01-31 (filed 2011-03-16) = 2.2e+07; us-gaap:WeightedAverageNumberOfSharesOutstandingBasic 2010-05-02 (filed 2010-05-21) = 2.27e+07; us-gaap:WeightedAverageNumberOfSharesOutstandingBasic 2010-05-02 (filed 2011-05-27) = 2.27e+07; us-gaap:WeightedAverageNumberOfSharesOutstandingBasic 2010-08-01 (filed 2010-08-30) = 2.28e+07; us-gaap:WeightedAverageNumberOfSharesOutstandingBasic 2010-08-01 (filed 2011-08-25) = 2.28e+07; us-gaap:WeightedAverageNumberOfSharesOutstandingBasic 2010-08-01 (filed 2010-08-30) = 2.29e+07; us-gaap:WeightedAverageNumberOfSharesOutstandingBasic 2010-08-01 (filed 2011-08-25) = 2.29e+07; us-gaap:WeightedAverageNumberOfSharesOutstandingBasic 2010-10-31 (filed 2010-12-07) = 2.29e+07; us-gaap:WeightedAverageNumberOfSharesOutstandingBasic 2010-10-31 (filed 2010-12-07) = 2.31e+07; us-gaap:WeightedAverageNumberOfSharesOutstandingBasic 2011-01-30 (filed 2011-03-16) = 2.3e+07; us-gaap:WeightedAverageNumberOfSharesOutstandingBasic 2011-05-01 (filed 2011-05-27) = 2.38e+07; us-gaap:WeightedAverageNumberOfSharesOutstandingBasic 2011-07-31 (filed 2011-08-25) = 2.39e+07; us-gaap:WeightedAverageNumberOfSharesOutstandingBasic 2011-07-31 (filed 2011-08-25) = 2.41e+07; us-gaap:WeightedAverageNumberOfSharesOutstandingBasic 2008-01-27 (filed 2010-03-18) = 2.2e+07; us-gaap:WeightedAverageNumberOfSharesOutstandingBasic 2009-01-25 (filed 2010-03-18) = 2.19e+07; us-gaap:WeightedAverageNumberOfSharesOutstandingBasic 2009-01-25 (filed 2011-03-16) = 2.19e+07; us-gaap:WeightedAverageNumberOfSharesOutstandingBasic 2009-04-26 (filed 2010-05-21) = 2.17e+07; us-gaap:WeightedAverageNumberOfSharesOutstandingBasic 2009-07-26 (filed 2010-08-30) = 2.18e+07; us-gaap:WeightedAverageNumberOfSharesOutstandingBasic 2009-07-26 (filed 2010-08-30) = 2.19e+07; us-gaap:WeightedAverageNumberOfSharesOutstandingBasic 2009-10-25 (filed 2010-12-07) = 2.19e+07; us-gaap:WeightedAverageNumberOfSharesOutstandingBasic 2009-10-25 (filed 2010-12-07) = 2.21e+07; us-gaap:WeightedAverageNumberOfSharesOutstandingBasic 2010-01-31 (filed 2010-03-18) = 2.2e+07; us-gaap:WeightedAverageNumberOfSharesOutstandingBasic 2010-01-31 (filed 2011-03-16) = 2.2e+07; us-gaap:WeightedAverageNumberOfSharesOutstandingBasic 2010-05-02 (filed 2010-05-21) = 2.27e+07; us-gaap:WeightedAverageNumberOfSharesOutstandingBasic 2010-05-02 (filed 2011-05-27) = 2.27e+07; us-gaap:WeightedAverageNumberOfSharesOutstandingBasic 2010-08-01 (filed 2010-08-30) = 2.28e+07; us-gaap:WeightedAverageNumberOfSharesOutstandingBasic 2010-08-01 (filed 2011-08-25) = 2.28e+07; us-gaap:WeightedAverageNumberOfSharesOutstandingBasic 2010-08-01 (filed 2010-08-30) = 2.29e+07; us-gaap:WeightedAverageNumberOfSharesOutstandingBasic 2010-08-01 (filed 2011-08-25) = 2.29e+07; us-gaap:WeightedAverageNumberOfSharesOutstandingBasic 2010-10-31 (filed 2010-12-07) = 2.29e+07; us-gaap:WeightedAverageNumberOfSharesOutstandingBasic 2010-10-31 (filed 2010-12-07) = 2.31e+07; us-gaap:WeightedAverageNumberOfSharesOutstandingBasic 2011-01-30 (filed 2011-03-16) = 2.3e+07; us-gaap:WeightedAverageNumberOfSharesOutstandingBasic 2011-05-01 (filed 2011-05-27) = 2.38e+07; us-gaap:WeightedAverageNumberOfSharesOutstandingBasic 2011-07-31 (filed 2011-08-25) = 2.39e+07; us-gaap:WeightedAverageNumberOfSharesOutstandingBasic 2011-07-31 (filed 2011-08-25) = 2.41e+07,,
ORCL,1341439,,Oracle Corporation,True,us-gaap:EarningsPerShareDiluted,73,2009-05-31,2026-08-31,True,dei:EntityCommonStockSharesOutstanding,68,2009-09-21,2026-09-11,1987-03-25 2:1; 1987-12-21 2:1; 1989-07-03 2:1; 1993-11-09 2:1; 1995-02-23 1.5:1; 1996-04-17 1.5:1; 1997-08-18 1.5:1; 1999-03-01 1.5:1; 2000-01-19 2:1; 2000-10-13 2:1,dei:EntityCommonStockSharesOutstanding 2012-09-17 (filed 2012-09-24) = 4.82e+15,,
OXY,797468,,OCCIDENTAL PETROLEUM CORPORATION,True,us-gaap:EarningsPerShareDiluted,71,2010-12-31,2026-06-30,True,dei:EntityCommonStockSharesOutstanding,68,2009-08-06,2026-08-05,2006-08-16 2:1; 2014-12-01 1.042:1; 2016-02-25 1.0017:1,dei:EntityCommonStockSharesOutstanding 2011-01-31 (filed 2011-02-24) = 0; us-gaap:CommonStockSharesOutstanding 2016-03-31 (filed 2016-05-05) = -8.92e+08,,
PANW,1327567,,"Palo Alto Networks, Inc",True,"calculado: NetIncomeLoss / WeightedAverageNumberOfDilutedSharesOutstanding, us-gaap:EarningsPerShareBasicAndDiluted, us-gaap:EarningsPerShareDiluted",60,2012-07-31,2026-07-31,True,dei:EntityCommonStockSharesOutstanding,56,2012-12-10,2026-09-10,2022-09-14 3:1; 2024-12-16 2:1,,,
PEP,77476,,"PepsiCo, Inc.",True,us-gaap:EarningsPerShareDiluted,70,2010-12-25,2026-06-13,True,dei:EntityCommonStockSharesOutstanding,68,2009-10-08,2026-07-09,1977-05-31 3:1; 1986-05-29 3:1; 1990-09-05 3:1; 1996-05-29 2:1,,,
PFE,78003,,PFIZER INC,True,us-gaap:EarningsPerShareDiluted,71,2010-12-31,2026-06-28,True,dei:EntityCommonStockSharesOutstanding,69,2009-08-06,2026-08-04,1983-07-01 2:1; 1991-04-01 2:1; 1995-07-03 2:1; 1997-07-01 2:1; 1999-07-01 3:1; 2020-11-17 1.054:1,,,
PG,80424,,The Procter & Gamble Company,True,"calculado: NetIncomeLoss / WeightedAverageNumberOfDilutedSharesOutstanding, us-gaap:EarningsPerShareDiluted",72,2009-06-30,2026-06-30,True,dei:EntityCommonStockSharesOutstanding,68,2009-10-29,2026-08-04,1970-05-19 2:1; 1983-02-22 2:1; 1989-11-20 2:1; 1992-06-15 2:1; 1997-09-22 2:1; 2004-06-21 2:1,,,
PGR,80661,,PROGRESSIVE CORP/OH/,True,us-gaap:EarningsPerShareDiluted,71,2010-12-31,2026-06-30,True,dei:EntityCommonStockSharesOutstanding,69,2009-08-10,2026-08-03,1980-09-23 1.5:1; 1981-06-08 1.5:1; 1983-05-16 1.5:1; 1985-05-28 1.5:1; 1986-05-27 2.25:1; 1992-12-09 3:1; 2002-04-23 3:1; 2006-05-19 4:1,,,
PH,76334,,PARKER-HANNIFIN CORPORATION,True,us-gaap:EarningsPerShareDiluted,72,2009-06-30,2026-06-30,True,dei:EntityCommonStockSharesOutstanding,68,2009-11-03,2026-08-21,1986-06-09 1.5:1; 1995-06-02 1.5:1; 1997-09-08 1.5:1; 2007-10-02 1.5:1,,,
PLD,1045609,,"Prologis, Inc.",True,us-gaap:EarningsPerShareDiluted,65,2010-12-31,2026-06-30,True,dei:EntityCommonStockSharesOutstanding,64,2010-08-03,2026-04-30,,,,1.0
PLTR,1321655,,Palantir Technologies Inc.,True,us-gaap:EarningsPerShareDiluted,26,2021-12-31,2026-06-30,True,us-gaap:CommonStockSharesOutstanding,25,2020-11-13,2026-08-04,,,,
PM,1413329,,Philip Morris International Inc.,True,us-gaap:EarningsPerShareDiluted,72,2009-12-31,2026-06-30,True,dei:EntityCommonStockSharesOutstanding,69,2009-08-14,2026-07-24,,,,
PNC,713676,,"PNC Financial Services Group, Inc.",True,us-gaap:EarningsPerShareDiluted,71,2010-12-31,2026-06-30,True,dei:EntityCommonStockSharesOutstanding,69,2009-08-10,2026-08-05,1982-05-21 2:1; 1985-07-02 2:1; 1992-11-16 2:1,,,
PRU,1137774,,PRUDENTIAL FINANCIAL INC,True,us-gaap:EarningsPerShareDiluted,72,2009-12-31,2026-06-30,True,dei:EntityCommonStockSharesOutstanding,62,2009-08-07,2026-08-05,,,,
PSX,1534701,,Phillips 66,True,"calculado: NetIncomeLoss / WeightedAverageNumberOfDilutedSharesOutstanding, us-gaap:EarningsPerShareDiluted",61,2012-03-31,2026-06-30,True,dei:EntityCommonStockSharesOutstanding,58,2012-05-16,2026-08-05,,,,
PYPL,1633917,,"PayPal Holdings, Inc.",True,us-gaap:EarningsPerShareDiluted,49,2014-12-31,2026-06-30,True,dei:EntityCommonStockSharesOutstanding,44,2015-07-29,2026-05-05,,,,1.0
QCOM,804328,,QUALCOMM INC/DE,True,us-gaap:EarningsPerShareDiluted,72,2009-09-27,2026-06-28,True,dei:EntityCommonStockSharesOutstanding,67,2009-07-22,2026-07-29,1994-02-24 2:1; 1999-05-11 2:1; 1999-12-31 4:1; 2004-08-16 2:1,dei:EntityCommonStockSharesOutstanding 2011-04-18 (filed 2011-04-20) = 1.67e+12; dei:EntityCommonStockSharesOutstanding 2011-10-31 (filed 2011-11-02) = 1.68e+12; us-gaap:CommonStockSharesOutstanding 2009-09-27 (filed 2010-01-27) = 1.67e+03; us-gaap:CommonStockSharesOutstanding 2009-12-27 (filed 2010-01-27) = 1.67e+03,,
REGN,872589,,"REGENERON PHARMACEUTICALS, INC.",True,"us-gaap:EarningsPerShareBasicAndDiluted, us-gaap:EarningsPerShareDiluted",66,2010-12-31,2026-06-30,True,dei:EntityCommonStockSharesOutstanding,69,2010-07-28,2026-07-30,,us-gaap:CommonStockSharesOutstanding 2011-12-31 (filed 2012-07-25) = 9.07e+10; us-gaap:CommonStockSharesOutstanding 2011-12-31 (filed 2012-04-26) = 9.07e+10; us-gaap:CommonStockSharesOutstanding 2012-03-31 (filed 2012-04-26) = 9.3e+10; us-gaap:CommonStockSharesOutstanding 2012-06-30 (filed 2012-07-25) = 9.39e+10,,
RTX,101829,,RTX CORPORATION,True,us-gaap:EarningsPerShareDiluted,72,2009-12-31,2026-06-30,True,dei:EntityCommonStockSharesOutstanding,69,2009-07-24,2026-07-23,1965-11-01 1.5:1; 1976-05-19 2:1; 1984-06-11 2:1; 1996-12-11 2:1; 1999-05-18 2:1; 2005-06-13 2:1; 2020-04-03 1.589:1,,,
SBUX,829224,,Starbucks Corporation,True,us-gaap:EarningsPerShareDiluted,71,2010-10-03,2026-06-28,True,dei:EntityCommonStockSharesOutstanding,69,2009-08-05,2026-07-29,1993-09-30 2:1; 1995-12-04 2:1; 1999-03-22 2:1; 2001-04-30 2:1; 2005-10-24 2:1; 2015-04-09 2:1,,,
SCHW,316709,,SCHWAB CHARLES CORP,True,"calculado: NetIncomeLoss / WeightedAverageNumberOfDilutedSharesOutstanding, us-gaap:EarningsPerShareDiluted",72,2009-12-31,2026-06-30,True,dei:EntityCommonStockSharesOutstanding,67,2009-08-06,2026-08-07,1991-12-03 1.5:1; 1993-06-02 1.5:1; 1995-03-02 1.5:1; 1995-09-05 2:1; 1997-09-16 1.5:1; 1998-12-14 1.5:1; 1999-07-02 2:1; 2000-05-31 1.5:1,,,
SLB,87347,,SLB LIMITED/NV,True,us-gaap:EarningsPerShareDiluted,71,2010-12-31,2026-06-30,True,dei:EntityCommonStockSharesOutstanding,69,2009-07-29,2026-07-29,1997-07-14 2:1; 2006-04-10 2:1,,,
SNDK,2023554,,Sandisk Corporation,True,"calculado: NetIncomeLoss / WeightedAverageNumberOfDilutedSharesOutstanding, us-gaap:EarningsPerShareDiluted",10,2024-12-27,2026-07-03,True,dei:EntityCommonStockSharesOutstanding,7,2025-03-07,2026-08-17,,,,
SO,92122,,SOUTHERN CO,True,"us-gaap:EarningsPerShareBasic, us-gaap:EarningsPerShareDiluted",71,2009-12-31,2026-06-30,True,dei:EntityCommonStockSharesOutstanding,68,2009-08-27,2026-04-30,1994-03-01 2:1; 2001-04-03 1.63693:1,,,1.0
SPG,1063761,,"SIMON PROPERTY GROUP, INC.",True,"us-gaap:EarningsPerShareBasicAndDiluted, us-gaap:EarningsPerShareDiluted",72,2009-12-31,2026-06-30,True,dei:EntityCommonStockSharesOutstanding,78,2009-09-04,2026-08-10,2009-08-13 1.00722:1; 2009-11-12 1.0063:1; 2014-05-29 1.063:1,us-gaap:WeightedAverageNumberOfDilutedSharesOutstanding 2010-09-30 (filed 2011-11-03) = 3.09e+11; us-gaap:WeightedAverageNumberOfDilutedSharesOutstanding 2010-09-30 (filed 2011-11-03) = 3.12e+11; us-gaap:WeightedAverageNumberOfDilutedSharesOutstanding 2011-09-30 (filed 2011-11-03) = 3.12e+11; us-gaap:WeightedAverageNumberOfDilutedSharesOutstanding 2011-09-30 (filed 2011-11-03) = 3.12e+11; us-gaap:WeightedAverageNumberOfSharesOutstandingBasic 2010-09-30 (filed 2011-11-03) = 3.09e+11; us-gaap:WeightedAverageNumberOfSharesOutstandingBasic 2010-09-30 (filed 2011-11-03) = 3.11e+11; us-gaap:WeightedAverageNumberOfSharesOutstandingBasic 2011-09-30 (filed 2011-11-03) = 3.12e+11; us-gaap:WeightedAverageNumberOfSharesOutstandingBasic 2011-09-30 (filed 2011-11-03) = 3.12e+11; us-gaap:WeightedAverageNumberOfDilutedSharesOutstanding 2010-09-30 (filed 2011-11-03) = 3.09e+11; us-gaap:WeightedAverageNumberOfDilutedSharesOutstanding 2010-09-30 (filed 2011-11-03) = 3.12e+11; us-gaap:WeightedAverageNumberOfDilutedSharesOutstanding 2011-09-30 (filed 2011-11-03) = 3.12e+11; us-gaap:WeightedAverageNumberOfDilutedSharesOutstanding 2011-09-30 (filed 2011-11-03) = 3.12e+11; us-gaap:WeightedAverageNumberOfSharesOutstandingBasic 2010-09-30 (filed 2011-11-03) = 3.09e+11; us-gaap:WeightedAverageNumberOfSharesOutstandingBasic 2010-09-30 (filed 2011-11-03) = 3.11e+11; us-gaap:WeightedAverageNumberOfSharesOutstandingBasic 2011-09-30 (filed 2011-11-03) = 3.12e+11; us-gaap:WeightedAverageNumberOfSharesOutstandingBasic 2011-09-30 (filed 2011-11-03) = 3.12e+11; us-gaap:WeightedAverageNumberOfSharesOutstandingBasic 2010-09-30 (filed 2011-11-03) = 3.09e+11; us-gaap:WeightedAverageNumberOfSharesOutstandingBasic 2010-09-30 (filed 2011-11-03) = 3.11e+11; us-gaap:WeightedAverageNumberOfSharesOutstandingBasic 2011-09-30 (filed 2011-11-03) = 3.12e+11; us-gaap:WeightedAverageNumberOfSharesOutstandingBasic 2011-09-30 (filed 2011-11-03) = 3.12e+11,,
SPGI,64040,,S&P Global Inc.,True,us-gaap:EarningsPerShareDiluted,71,2009-12-31,2026-06-30,True,dei:EntityCommonStockSharesOutstanding,67,2009-07-29,2026-04-28,1983-06-02 2:1; 1996-04-29 2:1; 1999-03-09 2:1; 2005-05-18 2:1; 2026-07-01 1.057:1,,,1.0
STX,1137789,,Seagate Technology Holdings plc,True,us-gaap:EarningsPerShareDiluted,68,2010-07-02,2026-07-03,True,dei:EntityCommonStockSharesOutstanding,62,2010-11-03,2026-08-04,,dei:EntityCommonStockSharesOutstanding 2015-04-30 (filed 2015-04-30) = 3.17e+14,,
SYK,310764,,STRYKER CORP,True,us-gaap:EarningsPerShareDiluted,72,2009-12-31,2026-06-30,True,dei:EntityCommonStockSharesOutstanding,69,2009-09-03,2026-07-31,1980-11-12 1.5:1; 1982-11-15 1.5:1; 1985-09-17 1.5:1; 1987-06-12 2:1; 1989-06-20 1.5:1; 1991-06-14 2:1; 1996-06-11 2:1; 2000-05-15 2:1; 2004-05-17 2:1,us-gaap:CommonStockSharesOutstanding 2010-12-31 (filed 2011-10-28) = 391; us-gaap:CommonStockSharesOutstanding 2010-12-31 (filed 2012-02-13) = 391; us-gaap:CommonStockSharesOutstanding 2010-12-31 (filed 2012-04-24) = 381; us-gaap:CommonStockSharesOutstanding 2011-09-30 (filed 2011-10-28) = 383; us-gaap:CommonStockSharesOutstanding 2011-12-31 (filed 2012-02-13) = 381; us-gaap:CommonStockSharesOutstanding 2011-12-31 (filed 2012-07-24) = 381; us-gaap:CommonStockSharesOutstanding 2011-12-31 (filed 2012-10-22) = 381; us-gaap:CommonStockSharesOutstanding 2011-12-31 (filed 2013-02-27) = 381; us-gaap:CommonStockSharesOutstanding 2012-03-31 (filed 2012-04-24) = 381; us-gaap:CommonStockSharesOutstanding 2012-06-30 (filed 2012-07-24) = 381; us-gaap:CommonStockSharesOutstanding 2012-09-30 (filed 2012-10-22) = 380; us-gaap:CommonStockSharesOutstanding 2012-12-31 (filed 2013-02-27) = 380; us-gaap:CommonStockSharesOutstanding 2012-12-31 (filed 2013-04-30) = 380; us-gaap:CommonStockSharesOutstanding 2012-12-31 (filed 2013-07-23) = 380; us-gaap:CommonStockSharesOutstanding 2012-12-31 (filed 2013-10-23) = 380; us-gaap:CommonStockSharesOutstanding 2012-12-31 (filed 2014-02-13) = 380; us-gaap:CommonStockSharesOutstanding 2013-03-31 (filed 2013-04-30) = 378; us-gaap:CommonStockSharesOutstanding 2013-06-30 (filed 2013-07-23) = 378; us-gaap:CommonStockSharesOutstanding 2013-09-30 (filed 2013-10-23) = 378; us-gaap:CommonStockSharesOutstanding 2013-12-31 (filed 2014-02-13) = 378; us-gaap:CommonStockSharesOutstanding 2013-12-31 (filed 2014-04-24) = 378; us-gaap:CommonStockSharesOutstanding 2013-12-31 (filed 2014-07-24) = 378; us-gaap:CommonStockSharesOutstanding 2013-12-31 (filed 2014-10-23) = 378; us-gaap:CommonStockSharesOutstanding 2013-12-31 (filed 2015-02-12) = 378; us-gaap:CommonStockSharesOutstanding 2014-03-31 (filed 2014-04-24) = 378; us-gaap:CommonStockSharesOutstanding 2014-06-30 (filed 2014-07-24) = 378; us-gaap:CommonStockSharesOutstanding 2014-09-30 (filed 2014-10-23) = 378; us-gaap:CommonStockSharesOutstanding 2014-12-31 (filed 2015-02-12) = 378; us-gaap:CommonStockSharesOutstanding 2014-12-31 (filed 2015-04-30) = 378; us-gaap:CommonStockSharesOutstanding 2015-03-31 (filed 2015-04-30) = 378,,
T,732717,,AT&T INC.,True,us-gaap:EarningsPerShareDiluted,72,2009-12-31,2026-06-30,True,dei:EntityCommonStockSharesOutstanding,68,2009-08-05,2026-07-22,1987-05-26 3:1; 1993-05-26 2:1; 1998-03-20 2:1; 2022-04-11 1.324:1,us-gaap:WeightedAverageNumberOfDilutedSharesOutstanding 2009-06-30 (filed 2010-08-06) = 7.84e+03; us-gaap:WeightedAverageNumberOfDilutedSharesOutstanding 2009-06-30 (filed 2010-08-06) = 7.84e+03; us-gaap:WeightedAverageNumberOfDilutedSharesOutstanding 2009-09-30 (filed 2010-11-05) = 7.84e+03; us-gaap:WeightedAverageNumberOfDilutedSharesOutstanding 2009-09-30 (filed 2010-11-05) = 7.84e+03; us-gaap:WeightedAverageNumberOfDilutedSharesOutstanding 2010-06-30 (filed 2010-08-06) = 7.86e+03; us-gaap:WeightedAverageNumberOfDilutedSharesOutstanding 2010-06-30 (filed 2010-08-06) = 7.86e+03; us-gaap:WeightedAverageNumberOfDilutedSharesOutstanding 2010-09-30 (filed 2010-11-05) = 7.86e+03; us-gaap:WeightedAverageNumberOfDilutedSharesOutstanding 2010-09-30 (filed 2010-11-05) = 7.86e+03; us-gaap:WeightedAverageNumberOfDilutedSharesOutstanding 2009-06-30 (filed 2010-08-06) = 7.84e+03; us-gaap:WeightedAverageNumberOfDilutedSharesOutstanding 2009-06-30 (filed 2010-08-06) = 7.84e+03; us-gaap:WeightedAverageNumberOfDilutedSharesOutstanding 2009-09-30 (filed 2010-11-05) = 7.84e+03; us-gaap:WeightedAverageNumberOfDilutedSharesOutstanding 2009-09-30 (filed 2010-11-05) = 7.84e+03; us-gaap:WeightedAverageNumberOfDilutedSharesOutstanding 2010-06-30 (filed 2010-08-06) = 7.86e+03; us-gaap:WeightedAverageNumberOfDilutedSharesOutstanding 2010-06-30 (filed 2010-08-06) = 7.86e+03; us-gaap:WeightedAverageNumberOfDilutedSharesOutstanding 2010-09-30 (filed 2010-11-05) = 7.86e+03; us-gaap:WeightedAverageNumberOfDilutedSharesOutstanding 2010-09-30 (filed 2010-11-05) = 7.86e+03; us-gaap:WeightedAverageNumberOfDilutedSharesOutstanding 2009-06-30 (filed 2010-08-06) = 7.84e+03; us-gaap:WeightedAverageNumberOfDilutedSharesOutstanding 2009-06-30 (filed 2010-08-06) = 7.84e+03; us-gaap:WeightedAverageNumberOfDilutedSharesOutstanding 2009-09-30 (filed 2010-11-05) = 7.84e+03; us-gaap:WeightedAverageNumberOfDilutedSharesOutstanding 2009-09-30 (filed 2010-11-05) = 7.84e+03; us-gaap:WeightedAverageNumberOfDilutedSharesOutstanding 2010-06-30 (filed 2010-08-06) = 7.86e+03; us-gaap:WeightedAverageNumberOfDilutedSharesOutstanding 2010-06-30 (filed 2010-08-06) = 7.86e+03; us-gaap:WeightedAverageNumberOfDilutedSharesOutstanding 2010-09-30 (filed 2010-11-05) = 7.86e+03; us-gaap:WeightedAverageNumberOfDilutedSharesOutstanding 2010-09-30 (filed 2010-11-05) = 7.86e+03; dei:EntityCommonStockSharesOutstanding 2010-12-31 (filed 2011-03-01) = 0,,
TFC,92230,,TRUIST FINANCIAL CORPORATION,True,us-gaap:EarningsPerShareDiluted,71,2010-12-31,2026-06-30,True,dei:EntityCommonStockSharesOutstanding,68,2009-11-09,2026-07-31,1983-07-01 1.25:1; 1985-04-29 2:1; 1987-06-23 1.5:1; 1989-07-03 1.5:1; 1998-08-04 2:1,us-gaap:WeightedAverageNumberOfDilutedSharesOutstanding 2008-06-30 (filed 2009-08-13) = 5.49e+11; us-gaap:WeightedAverageNumberOfDilutedSharesOutstanding 2008-06-30 (filed 2009-08-13) = 5.5e+11; us-gaap:WeightedAverageNumberOfDilutedSharesOutstanding 2009-06-30 (filed 2009-08-13) = 5.86e+11; us-gaap:WeightedAverageNumberOfDilutedSharesOutstanding 2009-06-30 (filed 2009-08-13) = 6.09e+11; us-gaap:WeightedAverageNumberOfSharesOutstandingBasic 2008-06-30 (filed 2009-08-13) = 5.46e+11; us-gaap:WeightedAverageNumberOfSharesOutstandingBasic 2008-06-30 (filed 2009-08-13) = 5.47e+11; us-gaap:WeightedAverageNumberOfSharesOutstandingBasic 2009-06-30 (filed 2009-08-13) = 5.81e+11; us-gaap:WeightedAverageNumberOfSharesOutstandingBasic 2009-06-30 (filed 2009-08-13) = 6.03e+11; us-gaap:WeightedAverageNumberOfDilutedSharesOutstanding 2008-06-30 (filed 2009-08-13) = 5.49e+11; us-gaap:WeightedAverageNumberOfDilutedSharesOutstanding 2008-06-30 (filed 2009-08-13) = 5.5e+11; us-gaap:WeightedAverageNumberOfDilutedSharesOutstanding 2009-06-30 (filed 2009-08-13) = 5.86e+11; us-gaap:WeightedAverageNumberOfDilutedSharesOutstanding 2009-06-30 (filed 2009-08-13) = 6.09e+11; us-gaap:WeightedAverageNumberOfSharesOutstandingBasic 2008-06-30 (filed 2009-08-13) = 5.46e+11; us-gaap:WeightedAverageNumberOfSharesOutstandingBasic 2008-06-30 (filed 2009-08-13) = 5.47e+11; us-gaap:WeightedAverageNumberOfSharesOutstandingBasic 2009-06-30 (filed 2009-08-13) = 5.81e+11; us-gaap:WeightedAverageNumberOfSharesOutstandingBasic 2009-06-30 (filed 2009-08-13) = 6.03e+11; us-gaap:WeightedAverageNumberOfDilutedSharesOutstanding 2008-06-30 (filed 2009-08-13) = 5.49e+11; us-gaap:WeightedAverageNumberOfDilutedSharesOutstanding 2008-06-30 (filed 2009-08-13) = 5.5e+11; us-gaap:WeightedAverageNumberOfDilutedSharesOutstanding 2009-06-30 (filed 2009-08-13) = 5.86e+11; us-gaap:WeightedAverageNumberOfDilutedSharesOutstanding 2009-06-30 (filed 2009-08-13) = 6.09e+11; us-gaap:WeightedAverageNumberOfSharesOutstandingBasic 2008-06-30 (filed 2009-08-13) = 5.46e+11; us-gaap:WeightedAverageNumberOfSharesOutstandingBasic 2008-06-30 (filed 2009-08-13) = 5.47e+11; us-gaap:WeightedAverageNumberOfSharesOutstandingBasic 2009-06-30 (filed 2009-08-13) = 5.81e+11; us-gaap:WeightedAverageNumberOfSharesOutstandingBasic 2009-06-30 (filed 2009-08-13) = 6.03e+11; dei:EntityCommonStockSharesOutstanding 2009-07-31 (filed 2009-08-13) = 6.48e+14; us-gaap:CommonStockSharesOutstanding 2008-12-31 (filed 2009-08-13) = 5.59e+11; us-gaap:CommonStockSharesOutstanding 2009-06-30 (filed 2009-08-13) = 6.48e+11; us-gaap:WeightedAverageNumberOfSharesOutstandingBasic 2008-06-30 (filed 2009-08-13) = 5.46e+11; us-gaap:WeightedAverageNumberOfSharesOutstandingBasic 2008-06-30 (filed 2009-08-13) = 5.47e+11; us-gaap:WeightedAverageNumberOfSharesOutstandingBasic 2009-06-30 (filed 2009-08-13) = 5.81e+11; us-gaap:WeightedAverageNumberOfSharesOutstandingBasic 2009-06-30 (filed 2009-08-13) = 6.03e+11,,
TGT,27419,,Target Corporation,True,us-gaap:EarningsPerShareDiluted,72,2010-01-30,2026-08-01,True,dei:EntityCommonStockSharesOutstanding,69,2009-08-28,2026-08-28,1981-12-01 2:1; 1983-07-25 2:1; 1996-07-18 3:1; 1998-05-01 2:1; 2000-07-20 2:1,,,
TJX,109198,,"The TJX Companies, Inc.",True,us-gaap:EarningsPerShareDiluted,72,2010-01-30,2026-08-01,True,dei:EntityCommonStockSharesOutstanding,69,2009-08-28,2026-08-28,1997-06-27 2:1; 1998-06-26 2:1; 2002-05-09 2:1; 2012-02-03 2:1; 2018-11-07 2:1,,,
TMO,97745,,THERMO FISHER SCIENTIFIC INC.,True,"calculado: NetIncomeLoss / WeightedAverageNumberOfDilutedSharesOutstanding, us-gaap:EarningsPerShareDiluted",72,2009-12-31,2026-06-27,True,dei:EntityCommonStockSharesOutstanding,69,2009-07-31,2026-07-31,1984-01-04 1.5:1; 1985-09-17 1.5:1; 1986-11-03 1.5:1; 1993-10-29 1.5:1; 1995-05-25 1.5:1; 1996-06-06 1.5:1,EPS 2008-09-27 = 5e+05 (imposible); EPS 2009-09-26 = 5.3e+05 (imposible),,
TMUS,1283699,,"T-MOBILE US, INC.",True,us-gaap:EarningsPerShareDiluted,68,2010-12-31,2026-06-30,True,dei:EntityCommonStockSharesOutstanding,65,2010-08-09,2026-07-23,2013-05-01 0.5:1,,,
TRV,86312,,"TRAVELERS COMPANIES, INC.",True,us-gaap:EarningsPerShareDiluted,71,2010-12-31,2026-06-30,True,dei:EntityCommonStockSharesOutstanding,69,2009-08-05,2026-07-17,1994-06-07 2:1; 1998-05-12 2:1,,,
TSLA,1318605,,"Tesla, Inc.",True,"calculado: NetIncomeLoss / WeightedAverageNumberOfDilutedSharesOutstanding, us-gaap:EarningsPerShareBasicAndDiluted, us-gaap:EarningsPerShareDiluted",55,2013-12-31,2026-06-30,True,dei:EntityCommonStockSharesOutstanding,61,2011-08-12,2026-07-23,2020-08-31 5:1; 2022-08-25 3:1,,,
TXN,97476,,TEXAS INSTRUMENTS INCORPORATED,True,us-gaap:EarningsPerShareDiluted,71,2010-12-31,2026-06-30,True,dei:EntityCommonStockSharesOutstanding,69,2009-07-29,2026-07-24,1973-05-29 2:1; 1987-06-15 3:1; 1995-08-21 2:1; 1997-11-24 2:1; 1999-08-17 2:1; 2000-05-23 2:1,us-gaap:WeightedAverageNumberOfDilutedSharesOutstanding 2009-09-30 (filed 2010-11-04) = 1.27e+03; us-gaap:WeightedAverageNumberOfDilutedSharesOutstanding 2009-09-30 (filed 2010-11-04) = 1.27e+03; us-gaap:WeightedAverageNumberOfDilutedSharesOutstanding 2010-03-31 (filed 2011-05-05) = 1.25e+03; us-gaap:WeightedAverageNumberOfDilutedSharesOutstanding 2010-09-30 (filed 2010-11-04) = 1.22e+03; us-gaap:WeightedAverageNumberOfDilutedSharesOutstanding 2010-09-30 (filed 2010-11-04) = 1.2e+03; us-gaap:WeightedAverageNumberOfDilutedSharesOutstanding 2011-03-31 (filed 2011-05-05) = 1.19e+03; us-gaap:WeightedAverageNumberOfSharesOutstandingBasic 2009-09-30 (filed 2010-11-04) = 1.27e+03; us-gaap:WeightedAverageNumberOfSharesOutstandingBasic 2009-09-30 (filed 2010-11-04) = 1.26e+03; us-gaap:WeightedAverageNumberOfSharesOutstandingBasic 2010-03-31 (filed 2011-05-05) = 1.23e+03; us-gaap:WeightedAverageNumberOfSharesOutstandingBasic 2010-09-30 (filed 2010-11-04) = 1.21e+03; us-gaap:WeightedAverageNumberOfSharesOutstandingBasic 2010-09-30 (filed 2010-11-04) = 1.18e+03; us-gaap:WeightedAverageNumberOfSharesOutstandingBasic 2011-03-31 (filed 2011-05-05) = 1.17e+03; us-gaap:WeightedAverageNumberOfDilutedSharesOutstanding 2009-09-30 (filed 2010-11-04) = 1.27e+03; us-gaap:WeightedAverageNumberOfDilutedSharesOutstanding 2009-09-30 (filed 2010-11-04) = 1.27e+03; us-gaap:WeightedAverageNumberOfDilutedSharesOutstanding 2010-03-31 (filed 2011-05-05) = 1.25e+03; us-gaap:WeightedAverageNumberOfDilutedSharesOutstanding 2010-09-30 (filed 2010-11-04) = 1.22e+03; us-gaap:WeightedAverageNumberOfDilutedSharesOutstanding 2010-09-30 (filed 2010-11-04) = 1.2e+03; us-gaap:WeightedAverageNumberOfDilutedSharesOutstanding 2011-03-31 (filed 2011-05-05) = 1.19e+03; us-gaap:WeightedAverageNumberOfSharesOutstandingBasic 2009-09-30 (filed 2010-11-04) = 1.27e+03; us-gaap:WeightedAverageNumberOfSharesOutstandingBasic 2009-09-30 (filed 2010-11-04) = 1.26e+03; us-gaap:WeightedAverageNumberOfSharesOutstandingBasic 2010-03-31 (filed 2011-05-05) = 1.23e+03; us-gaap:WeightedAverageNumberOfSharesOutstandingBasic 2010-09-30 (filed 2010-11-04) = 1.21e+03; us-gaap:WeightedAverageNumberOfSharesOutstandingBasic 2010-09-30 (filed 2010-11-04) = 1.18e+03; us-gaap:WeightedAverageNumberOfSharesOutstandingBasic 2011-03-31 (filed 2011-05-05) = 1.17e+03; us-gaap:WeightedAverageNumberOfDilutedSharesOutstanding 2009-09-30 (filed 2010-11-04) = 1.27e+03; us-gaap:WeightedAverageNumberOfDilutedSharesOutstanding 2009-09-30 (filed 2010-11-04) = 1.27e+03; us-gaap:WeightedAverageNumberOfDilutedSharesOutstanding 2010-03-31 (filed 2011-05-05) = 1.25e+03; us-gaap:WeightedAverageNumberOfDilutedSharesOutstanding 2010-09-30 (filed 2010-11-04) = 1.22e+03; us-gaap:WeightedAverageNumberOfDilutedSharesOutstanding 2010-09-30 (filed 2010-11-04) = 1.2e+03; us-gaap:WeightedAverageNumberOfDilutedSharesOutstanding 2011-03-31 (filed 2011-05-05) = 1.19e+03; us-gaap:WeightedAverageNumberOfSharesOutstandingBasic 2009-09-30 (filed 2010-11-04) = 1.27e+03; us-gaap:WeightedAverageNumberOfSharesOutstandingBasic 2009-09-30 (filed 2010-11-04) = 1.26e+03; us-gaap:WeightedAverageNumberOfSharesOutstandingBasic 2010-03-31 (filed 2011-05-05) = 1.23e+03; us-gaap:WeightedAverageNumberOfSharesOutstandingBasic 2010-09-30 (filed 2010-11-04) = 1.21e+03; us-gaap:WeightedAverageNumberOfSharesOutstandingBasic 2010-09-30 (filed 2010-11-04) = 1.18e+03; us-gaap:WeightedAverageNumberOfSharesOutstandingBasic 2011-03-31 (filed 2011-05-05) = 1.17e+03; us-gaap:WeightedAverageNumberOfSharesOutstandingBasic 2009-09-30 (filed 2010-11-04) = 1.27e+03; us-gaap:WeightedAverageNumberOfSharesOutstandingBasic 2009-09-30 (filed 2010-11-04) = 1.26e+03; us-gaap:WeightedAverageNumberOfSharesOutstandingBasic 2010-03-31 (filed 2011-05-05) = 1.23e+03; us-gaap:WeightedAverageNumberOfSharesOutstandingBasic 2010-09-30 (filed 2010-11-04) = 1.21e+03; us-gaap:WeightedAverageNumberOfSharesOutstandingBasic 2010-09-30 (filed 2010-11-04) = 1.18e+03; us-gaap:WeightedAverageNumberOfSharesOutstandingBasic 2011-03-31 (filed 2011-05-05) = 1.17e+03,,
UBER,1543151,,"Uber Technologies, Inc",True,us-gaap:EarningsPerShareDiluted,34,2018-12-31,2026-06-30,True,dei:EntityCommonStockSharesOutstanding,30,2019-06-04,2026-08-05,,,,
UNH,731766,,UnitedHealth Group Incorporated,True,us-gaap:EarningsPerShareDiluted,72,2009-12-31,2026-06-30,True,dei:EntityCommonStockSharesOutstanding,69,2009-08-06,2026-08-10,1992-09-16 2:1; 1994-03-11 2:1; 2000-12-26 2:1; 2003-06-19 2:1; 2005-05-31 2:1,,,
UNP,100885,,UNION PACIFIC CORP,True,us-gaap:EarningsPerShareDiluted,72,2009-12-31,2026-06-30,True,dei:EntityCommonStockSharesOutstanding,69,2009-07-24,2026-07-23,1980-05-12 2:1; 1991-10-02 2:1; 1996-10-16 1.48721:1; 2008-05-29 2:1; 2014-06-09 2:1,,,
UPS,1090727,,UNITED PARCEL SERVICE INC,True,us-gaap:EarningsPerShareDiluted,72,2009-12-31,2026-06-30,True,dei:EntityCommonStockSharesOutstanding,72,2009-11-06,2026-08-05,,,,
USB,36104,,US BANCORP \DE\,True,us-gaap:EarningsPerShareDiluted,71,2010-12-31,2026-06-30,True,dei:EntityCommonStockSharesOutstanding,68,2009-08-10,2026-08-06,1979-02-22 1.25:1; 1985-04-16 2:1; 1989-04-17 2:1; 1997-01-16 3:1; 1999-04-16 3:1,,,
V,1403161,,VISA INC.,False,,0,,,True,dei:EntityCommonStockSharesOutstanding,2,2009-11-20,2010-02-03,2015-03-19 4:1,,"EPS: Sin EPS utilizable (probé EarningsPerShareDiluted, EarningsPerShareBasic, EarningsPerShareBasicAndDiluted y utilidad neta / acciones promedio)",
VLO,1035002,,VALERO ENERGY CORP/TX,True,us-gaap:EarningsPerShareDiluted,72,2009-12-31,2026-06-30,True,dei:EntityCommonStockSharesOutstanding,69,2009-08-07,2026-07-30,2004-10-08 2:1; 2005-12-16 2:1; 2013-05-02 1.094:1,,,
VRTX,875320,,VERTEX PHARMACEUTICALS INC / MA,True,us-gaap:EarningsPerShareDiluted,70,2009-12-31,2026-06-30,True,dei:EntityCommonStockSharesOutstanding,66,2010-05-03,2026-08-04,2000-08-24 2:1,,,
VZ,732712,,VERIZON COMMUNICATIONS INC,True,us-gaap:EarningsPerShareDiluted,72,2009-12-31,2026-06-30,True,dei:EntityCommonStockSharesOutstanding,69,2009-07-30,2026-07-31,1986-04-18 2:1; 1990-05-02 2:1; 1998-06-30 2:1; 2006-11-20 1.03806:1; 2008-04-01 1.00465:1; 2010-07-02 1.06622:1,,,
WDC,106040,,WESTERN DIGITAL CORPORATION,True,"calculado: NetIncomeLoss / WeightedAverageNumberOfDilutedSharesOutstanding, us-gaap:EarningsPerShareDiluted",72,2009-07-03,2026-07-03,True,dei:EntityCommonStockSharesOutstanding,68,2009-10-29,2026-08-14,1997-06-04 2:1; 2025-02-24 1.323:1,,,
WELL,766704,,WELLTOWER INC.,True,us-gaap:EarningsPerShareDiluted,69,2009-12-31,2026-06-30,True,dei:EntityCommonStockSharesOutstanding,63,2010-08-06,2026-04-29,1985-09-04 1.5:1,us-gaap:WeightedAverageNumberOfDilutedSharesOutstanding 2014-03-31 (filed 2015-05-08) = 2.91e+05; us-gaap:WeightedAverageNumberOfDilutedSharesOutstanding 2015-03-31 (filed 2015-05-08) = 3.38e+05; us-gaap:WeightedAverageNumberOfSharesOutstandingBasic 2014-03-31 (filed 2015-05-08) = 2.9e+05; us-gaap:WeightedAverageNumberOfSharesOutstandingBasic 2015-03-31 (filed 2015-05-08) = 3.37e+05; us-gaap:WeightedAverageNumberOfDilutedSharesOutstanding 2014-03-31 (filed 2015-05-08) = 2.91e+05; us-gaap:WeightedAverageNumberOfDilutedSharesOutstanding 2015-03-31 (filed 2015-05-08) = 3.38e+05; us-gaap:WeightedAverageNumberOfSharesOutstandingBasic 2014-03-31 (filed 2015-05-08) = 2.9e+05; us-gaap:WeightedAverageNumberOfSharesOutstandingBasic 2015-03-31 (filed 2015-05-08) = 3.37e+05; us-gaap:WeightedAverageNumberOfDilutedSharesOutstanding 2014-03-31 (filed 2015-05-08) = 2.91e+05; us-gaap:WeightedAverageNumberOfDilutedSharesOutstanding 2015-03-31 (filed 2015-05-08) = 3.38e+05; us-gaap:WeightedAverageNumberOfSharesOutstandingBasic 2014-03-31 (filed 2015-05-08) = 2.9e+05; us-gaap:WeightedAverageNumberOfSharesOutstandingBasic 2015-03-31 (filed 2015-05-08) = 3.37e+05; us-gaap:WeightedAverageNumberOfSharesOutstandingBasic 2014-03-31 (filed 2015-05-08) = 2.9e+05; us-gaap:WeightedAverageNumberOfSharesOutstandingBasic 2015-03-31 (filed 2015-05-08) = 3.37e+05,,1.0
WFC,72971,,WELLS        FARGO & COMPANY/MN,True,us-gaap:EarningsPerShareDiluted,71,2010-12-31,2026-06-30,True,dei:EntityCommonStockSharesOutstanding,68,2009-08-07,2026-07-28,1977-06-20 2:1; 1988-07-01 1.5:1; 1989-07-24 2:1; 1993-06-29 2:1; 1997-10-14 2:1; 2006-08-14 2:1,acciones 2023-07-21 = 1.82e+09 (pico aislado),,
WMT,104169,,WALMART INC.,True,us-gaap:EarningsPerShareDiluted,72,2010-01-31,2026-07-31,True,dei:EntityCommonStockSharesOutstanding,70,2009-09-09,2026-08-28,1975-08-25 2:1; 1980-12-17 2:1; 1982-07-12 2:1; 1983-07-11 2:1; 1985-10-07 2:1; 1987-07-13 2:1; 1990-07-09 2:1; 1993-02-26 2:1; 1999-04-20 2:1; 2024-02-26 3:1,,,
XOM,2115436,34088,ExxonMobil Holdings Corp,True,us-gaap:EarningsPerShareDiluted,71,2010-12-31,2026-06-30,True,dei:EntityCommonStockSharesOutstanding,69,2009-08-05,2026-08-03,1976-07-26 2:1; 1981-06-12 2:1; 1987-09-15 2:1; 1997-04-14 2:1; 2001-07-19 2:1,,,
ZTS,1555280,,Zoetis Inc.,True,us-gaap:EarningsPerShareDiluted,58,2012-12-31,2026-06-30,True,dei:EntityCommonStockSharesOutstanding,53,2013-08-14,2026-08-06,,dei:EntityCommonStockSharesOutstanding 2019-08-02 (filed 2019-08-06) = 2.43e+07,,
